2026-10-09 09:34:04,669 INFO o.a.j.u.JMeterUtils: Setting Locale to en_EN
2026-10-09 09:34:04,677 INFO o.a.j.JMeter: Loading user properties from: C:\apache-jmeter-5.6.3\bin\user.properties
2026-10-09 09:34:04,678 INFO o.a.j.JMeter: Loading system properties from: C:\apache-jmeter-5.6.3\bin\system.properties
2026-10-09 09:34:04,678 INFO o.a.j.JMeter: Loading additional properties from: C:\Users\josep\Downloads\results\clef-flash-9b\mixed\run3\run.properties
2026-10-09 09:34:04,681 INFO o.a.j.JMeter: Copyright (c) 1998-2024 The Apache Software Foundation
2026-10-09 09:34:04,681 INFO o.a.j.JMeter: Version 5.6.3
2026-10-09 09:34:04,681 INFO o.a.j.JMeter: java.version=25.0.1
2026-10-09 09:34:04,682 INFO o.a.j.JMeter: java.vm.name=Java HotSpot(TM) 64-Bit Server VM
2026-10-09 09:34:04,707 INFO o.a.j.JMeter: os.name=Windows 11
2026-10-09 09:34:04,707 INFO o.a.j.JMeter: os.arch=amd64
2026-10-09 09:34:04,707 INFO o.a.j.JMeter: os.version=10.0
2026-10-09 09:34:04,707 INFO o.a.j.JMeter: file.encoding=UTF-8
2026-10-09 09:34:04,707 INFO o.a.j.JMeter: java.awt.headless=true
2026-10-09 09:34:04,707 INFO o.a.j.JMeter: Max memory     =1073741824
2026-10-09 09:34:04,707 INFO o.a.j.JMeter: Available Processors =16
2026-10-09 09:34:04,715 INFO o.a.j.JMeter: Default Locale=English (EN)
2026-10-09 09:34:04,715 INFO o.a.j.JMeter: JMeter  Locale=English (EN)
2026-10-09 09:34:04,715 INFO o.a.j.JMeter: JMeterHome=C:\apache-jmeter-5.6.3
2026-10-09 09:34:04,715 INFO o.a.j.JMeter: user.dir  =C:\Users\josep\Downloads
2026-10-09 09:34:04,715 INFO o.a.j.JMeter: PWD       =C:\Users\josep\Downloads
2026-10-09 09:34:04,720 INFO o.a.j.JMeter: IP: 172.20.10.7 Name: LAPTOP-JVTGMMI4 FullName: LAPTOP-JVTGMMI4
2026-10-09 09:34:04,726 INFO o.a.j.s.FileServer: Default base='C:\Users\josep\Downloads'
2026-10-09 09:34:04,727 INFO o.a.j.s.FileServer: Set new base='C:\Users\josep\Downloads\loadtest'
2026-10-09 09:34:04,853 INFO o.a.j.s.SaveService: Testplan (JMX) version: 2.2. Testlog (JTL) version: 2.2
2026-10-09 09:34:04,864 INFO o.a.j.s.SaveService: Using SaveService properties version 5.0
2026-10-09 09:34:04,866 INFO o.a.j.s.SaveService: Using SaveService properties file encoding UTF-8
2026-10-09 09:34:04,868 INFO o.a.j.s.SaveService: Loading file: C:\Users\josep\Downloads\loadtest\triage.jmx
2026-10-09 09:34:04,896 INFO o.a.j.p.h.s.HTTPSamplerBase: Parser for text/html is org.apache.jmeter.protocol.http.parser.LagartoBasedHtmlParser
2026-10-09 09:34:04,896 INFO o.a.j.p.h.s.HTTPSamplerBase: Parser for application/xhtml+xml is org.apache.jmeter.protocol.http.parser.LagartoBasedHtmlParser
2026-10-09 09:34:04,896 INFO o.a.j.p.h.s.HTTPSamplerBase: Parser for application/xml is org.apache.jmeter.protocol.http.parser.LagartoBasedHtmlParser
2026-10-09 09:34:04,896 INFO o.a.j.p.h.s.HTTPSamplerBase: Parser for text/xml is org.apache.jmeter.protocol.http.parser.LagartoBasedHtmlParser
2026-10-09 09:34:04,896 INFO o.a.j.p.h.s.HTTPSamplerBase: Parser for text/vnd.wap.wml is org.apache.jmeter.protocol.http.parser.RegexpHTMLParser
2026-10-09 09:34:04,896 INFO o.a.j.p.h.s.HTTPSamplerBase: Parser for text/css is org.apache.jmeter.protocol.http.parser.CssParser
2026-10-09 09:34:04,902 INFO o.a.j.JMeter: Creating summariser <summary>
2026-10-09 09:34:04,912 INFO o.a.j.e.StandardJMeterEngine: Running the test!
2026-10-09 09:34:04,913 INFO o.a.j.s.SampleEvent: List of sample_variables: [req_id, row, term]
2026-10-09 09:34:04,913 INFO o.a.j.s.SampleEvent: List of sample_variables: [req_id, row, term]
2026-10-09 09:34:04,915 INFO o.a.j.e.u.CompoundVariable: Note: Function class names must contain the string: '.functions.'
2026-10-09 09:34:04,915 INFO o.a.j.e.u.CompoundVariable: Note: Function class names must not contain the string: '.gui.'
2026-10-09 09:34:04,953 INFO o.a.j.JMeter: Running test (1791509644953)
2026-10-09 09:34:04,963 INFO o.a.j.e.StandardJMeterEngine: Starting ThreadGroup: 1 : Ticket intake
2026-10-09 09:34:04,964 INFO o.a.j.e.StandardJMeterEngine: Starting 0 threads for group Ticket intake.
2026-10-09 09:34:04,964 INFO o.a.j.e.StandardJMeterEngine: Thread will continue on error
2026-10-09 09:34:04,964 INFO o.a.j.t.o.OpenModelThreadGroup: Starting OpenModelThreadGroup#1 with schedule rate(198/hour) random_arrivals(60 min) rate(198/hour)
2026-10-09 09:34:04,981 INFO o.a.j.e.StandardJMeterEngine: Starting ThreadGroup: 2 : Agent search
2026-10-09 09:34:04,981 INFO o.a.j.e.StandardJMeterEngine: Starting 0 threads for group Agent search.
2026-10-09 09:34:04,982 INFO o.a.j.e.StandardJMeterEngine: Thread will continue on error
2026-10-09 09:34:04,982 INFO o.a.j.t.o.OpenModelThreadGroup: Starting OpenModelThreadGroup#2 with schedule rate(800/hour) random_arrivals(60 min) rate(800/hour)
2026-10-09 09:34:04,982 INFO o.a.j.e.StandardJMeterEngine: All thread groups have been started
2026-10-09 09:34:04,982 INFO o.a.j.t.o.OpenModelThreadGroup: Thread starting init
2026-10-09 09:34:04,982 INFO o.a.j.t.o.OpenModelThreadGroup: Thread starting init
2026-10-09 09:34:04,985 INFO o.a.j.t.o.PoissonArrivalsRamp: Generating 800 events, beginRate = 0.2222222222222222 / sec, endRate = 0.2222222222222222 / sec, duration = 3600.0 sec
2026-10-09 09:34:04,985 INFO o.a.j.t.o.PoissonArrivalsRamp: Generating 198 events, beginRate = 0.055 / sec, endRate = 0.055 / sec, duration = 3600.0 sec
2026-10-09 09:34:12,899 INFO o.a.j.t.JMeterThread: Thread started: Ticket intake 1-1
2026-10-09 09:34:12,900 INFO o.a.j.s.FileServer: Stored: tickets.tsv
2026-10-09 09:34:12,913 INFO o.a.j.p.h.s.HTTPHCAbstractImpl: Local host = LAPTOP-JVTGMMI4
2026-10-09 09:34:12,916 INFO o.a.j.p.h.s.HTTPHC4Impl: HTTP request retry count = 0
2026-10-09 09:34:12,917 INFO o.a.j.s.SampleResult: Note: Sample TimeStamps are START times
2026-10-09 09:34:12,917 INFO o.a.j.s.SampleResult: sampleresult.default.encoding is set to UTF-8
2026-10-09 09:34:12,917 INFO o.a.j.s.SampleResult: sampleresult.useNanoTime=true
2026-10-09 09:34:12,917 INFO o.a.j.s.SampleResult: sampleresult.nanoThreadSleep=5000
2026-10-09 09:34:18,051 INFO o.a.j.t.JMeterThread: Thread started: Agent search 2-1
2026-10-09 09:34:18,051 INFO o.a.j.s.FileServer: Stored: search_terms.txt
2026-10-09 09:34:18,172 INFO o.a.j.t.JMeterThread: Thread is done: Agent search 2-1
2026-10-09 09:34:18,172 INFO o.a.j.t.JMeterThread: Thread finished: Agent search 2-1
2026-10-09 09:34:20,631 INFO o.a.j.t.JMeterThread: Thread started: Ticket intake 1-2
2026-10-09 09:34:23,668 INFO o.a.j.t.JMeterThread: Thread started: Agent search 2-2
2026-10-09 09:34:23,892 INFO o.a.j.t.JMeterThread: Thread is done: Agent search 2-2
2026-10-09 09:34:23,892 INFO o.a.j.t.JMeterThread: Thread finished: Agent search 2-2
2026-10-09 09:34:26,052 INFO o.a.j.t.JMeterThread: Thread is done: Ticket intake 1-1
2026-10-09 09:34:26,052 INFO o.a.j.t.JMeterThread: Thread finished: Ticket intake 1-1
2026-10-09 09:34:26,110 INFO o.a.j.t.JMeterThread: Thread started: Agent search 2-3
2026-10-09 09:34:26,349 INFO o.a.j.t.JMeterThread: Thread is done: Agent search 2-3
2026-10-09 09:34:26,349 INFO o.a.j.t.JMeterThread: Thread finished: Agent search 2-3
2026-10-09 09:34:27,074 INFO o.a.j.t.JMeterThread: Thread started: Agent search 2-4
2026-10-09 09:34:27,270 INFO o.a.j.t.JMeterThread: Thread is done: Agent search 2-4
2026-10-09 09:34:27,270 INFO o.a.j.t.JMeterThread: Thread finished: Agent search 2-4
2026-10-09 09:34:30,020 INFO o.a.j.t.JMeterThread: Thread started: Agent search 2-5
2026-10-09 09:34:30,138 INFO o.a.j.r.Summariser: summary +      6 in 00:00:25 =    0.2/s Avg:  2330 Min:   115 Max: 13095 Err:     0 (0.00%) Active: 2 Started: 7 Finished: 5
2026-10-09 09:34:30,139 INFO o.a.j.t.JMeterThread: Thread is done: Agent search 2-5
2026-10-09 09:34:30,139 INFO o.a.j.t.JMeterThread: Thread finished: Agent search 2-5
2026-10-09 09:34:31,309 INFO o.a.j.t.JMeterThread: Thread started: Agent search 2-6
2026-10-09 09:34:31,472 INFO o.a.j.t.JMeterThread: Thread is done: Agent search 2-6
2026-10-09 09:34:31,472 INFO o.a.j.t.JMeterThread: Thread finished: Agent search 2-6
2026-10-09 09:34:35,599 INFO o.a.j.t.JMeterThread: Thread is done: Ticket intake 1-2
2026-10-09 09:34:35,600 INFO o.a.j.t.JMeterThread: Thread finished: Ticket intake 1-2
2026-10-09 09:34:36,226 INFO o.a.j.t.JMeterThread: Thread started: Agent search 2-7
2026-10-09 09:34:36,335 INFO o.a.j.t.JMeterThread: Thread is done: Agent search 2-7
2026-10-09 09:34:36,336 INFO o.a.j.t.JMeterThread: Thread finished: Agent search 2-7
2026-10-09 09:34:38,795 INFO o.a.j.t.JMeterThread: Thread started: Agent search 2-8
2026-10-09 09:34:39,046 INFO o.a.j.t.JMeterThread: Thread is done: Agent search 2-8
2026-10-09 09:34:39,046 INFO o.a.j.t.JMeterThread: Thread finished: Agent search 2-8
2026-10-09 09:34:43,837 INFO o.a.j.t.JMeterThread: Thread started: Ticket intake 1-3
2026-10-09 09:34:45,905 INFO o.a.j.t.JMeterThread: Thread started: Agent search 2-9
2026-10-09 09:34:45,985 INFO o.a.j.t.JMeterThread: Thread started: Ticket intake 1-4
2026-10-09 09:34:46,038 INFO o.a.j.t.JMeterThread: Thread is done: Agent search 2-9
2026-10-09 09:34:46,038 INFO o.a.j.t.JMeterThread: Thread finished: Agent search 2-9
2026-10-09 09:34:46,758 INFO o.a.j.t.JMeterThread: Thread started: Agent search 2-10
2026-10-09 09:34:47,032 INFO o.a.j.t.JMeterThread: Thread is done: Agent search 2-10
2026-10-09 09:34:47,032 INFO o.a.j.t.JMeterThread: Thread finished: Agent search 2-10
2026-10-09 09:34:47,412 INFO o.a.j.t.JMeterThread: Thread started: Agent search 2-11
2026-10-09 09:34:47,518 INFO o.a.j.t.JMeterThread: Thread is done: Agent search 2-11
2026-10-09 09:34:47,518 INFO o.a.j.t.JMeterThread: Thread finished: Agent search 2-11
2026-10-09 09:34:51,162 INFO o.a.j.t.JMeterThread: Thread started: Ticket intake 1-5
2026-10-09 09:34:54,454 INFO o.a.j.t.JMeterThread: Thread started: Agent search 2-12
2026-10-09 09:34:54,713 INFO o.a.j.t.JMeterThread: Thread is done: Agent search 2-12
2026-10-09 09:34:54,713 INFO o.a.j.t.JMeterThread: Thread finished: Agent search 2-12
2026-10-09 09:34:55,737 INFO o.a.j.t.JMeterThread: Thread is done: Ticket intake 1-3
2026-10-09 09:34:55,737 INFO o.a.j.t.JMeterThread: Thread finished: Ticket intake 1-3
2026-10-09 09:35:06,311 INFO o.a.j.t.JMeterThread: Thread started: Agent search 2-13
2026-10-09 09:35:06,417 INFO o.a.j.t.JMeterThread: Thread is done: Agent search 2-13
2026-10-09 09:35:06,417 INFO o.a.j.t.JMeterThread: Thread finished: Agent search 2-13
2026-10-09 09:35:07,820 INFO o.a.j.t.JMeterThread: Thread is done: Ticket intake 1-4
2026-10-09 09:35:07,820 INFO o.a.j.t.JMeterThread: Thread finished: Ticket intake 1-4
2026-10-09 09:35:13,890 INFO o.a.j.t.JMeterThread: Thread started: Agent search 2-14
2026-10-09 09:35:14,066 INFO o.a.j.t.JMeterThread: Thread is done: Agent search 2-14
2026-10-09 09:35:14,066 INFO o.a.j.t.JMeterThread: Thread finished: Agent search 2-14
2026-10-09 09:35:20,312 INFO o.a.j.t.JMeterThread: Thread is done: Ticket intake 1-5
2026-10-09 09:35:20,312 INFO o.a.j.t.JMeterThread: Thread finished: Ticket intake 1-5
2026-10-09 09:35:31,930 INFO o.a.j.t.JMeterThread: Thread started: Agent search 2-15
2026-10-09 09:35:32,088 INFO o.a.j.r.Summariser: summary +     14 in 00:01:02 =    0.2/s Avg:  5683 Min:   103 Max: 29149 Err:     0 (0.00%) Active: 1 Started: 20 Finished: 19
2026-10-09 09:35:32,088 INFO o.a.j.r.Summariser: summary =     20 in 00:01:27 =    0.2/s Avg:  4677 Min:   103 Max: 29149 Err:     0 (0.00%)
2026-10-09 09:35:32,088 INFO o.a.j.t.JMeterThread: Thread is done: Agent search 2-15
2026-10-09 09:35:32,088 INFO o.a.j.t.JMeterThread: Thread finished: Agent search 2-15
2026-10-09 09:35:32,209 INFO o.a.j.t.JMeterThread: Thread started: Agent search 2-16
2026-10-09 09:35:32,396 INFO o.a.j.t.JMeterThread: Thread is done: Agent search 2-16
2026-10-09 09:35:32,396 INFO o.a.j.t.JMeterThread: Thread finished: Agent search 2-16
2026-10-09 09:35:33,965 INFO o.a.j.t.JMeterThread: Thread started: Agent search 2-17
2026-10-09 09:35:34,239 INFO o.a.j.t.JMeterThread: Thread is done: Agent search 2-17
2026-10-09 09:35:34,239 INFO o.a.j.t.JMeterThread: Thread finished: Agent search 2-17
2026-10-09 09:35:50,564 INFO o.a.j.t.JMeterThread: Thread started: Ticket intake 1-6
2026-10-09 09:35:52,077 INFO o.a.j.t.JMeterThread: Thread started: Ticket intake 1-7
2026-10-09 09:35:53,109 INFO o.a.j.t.JMeterThread: Thread started: Agent search 2-18
2026-10-09 09:35:53,286 INFO o.a.j.t.JMeterThread: Thread is done: Agent search 2-18
2026-10-09 09:35:53,286 INFO o.a.j.t.JMeterThread: Thread finished: Agent search 2-18
2026-10-09 09:35:54,543 INFO o.a.j.t.JMeterThread: Thread started: Agent search 2-19
2026-10-09 09:35:54,822 INFO o.a.j.t.JMeterThread: Thread is done: Agent search 2-19
2026-10-09 09:35:54,823 INFO o.a.j.t.JMeterThread: Thread finished: Agent search 2-19
2026-10-09 09:35:57,383 INFO o.a.j.t.JMeterThread: Thread started: Agent search 2-20
2026-10-09 09:35:57,587 INFO o.a.j.t.JMeterThread: Thread is done: Agent search 2-20
2026-10-09 09:35:57,587 INFO o.a.j.t.JMeterThread: Thread finished: Agent search 2-20
2026-10-09 09:35:57,996 INFO o.a.j.t.JMeterThread: Thread is done: Ticket intake 1-6
2026-10-09 09:35:57,997 INFO o.a.j.t.JMeterThread: Thread finished: Ticket intake 1-6
2026-10-09 09:35:58,408 INFO o.a.j.t.JMeterThread: Thread started: Agent search 2-21
2026-10-09 09:35:58,610 INFO o.a.j.t.JMeterThread: Thread is done: Agent search 2-21
2026-10-09 09:35:58,611 INFO o.a.j.t.JMeterThread: Thread finished: Agent search 2-21
2026-10-09 09:36:01,977 INFO o.a.j.t.JMeterThread: Thread started: Agent search 2-22
2026-10-09 09:36:02,093 INFO o.a.j.r.Summariser: summary +      8 in 00:00:30 =    0.3/s Avg:  1107 Min:   115 Max:  7431 Err:     0 (0.00%) Active: 2 Started: 29 Finished: 27
2026-10-09 09:36:02,093 INFO o.a.j.r.Summariser: summary =     28 in 00:01:57 =    0.2/s Avg:  3657 Min:   103 Max: 29149 Err:     0 (0.00%)
2026-10-09 09:36:02,093 INFO o.a.j.t.JMeterThread: Thread is done: Agent search 2-22
2026-10-09 09:36:02,093 INFO o.a.j.t.JMeterThread: Thread finished: Agent search 2-22
2026-10-09 09:36:08,442 INFO o.a.j.t.JMeterThread: Thread is done: Ticket intake 1-7
2026-10-09 09:36:08,442 INFO o.a.j.t.JMeterThread: Thread finished: Ticket intake 1-7
2026-10-09 09:36:08,979 INFO o.a.j.t.JMeterThread: Thread started: Agent search 2-23
2026-10-09 09:36:09,125 INFO o.a.j.t.JMeterThread: Thread is done: Agent search 2-23
2026-10-09 09:36:09,126 INFO o.a.j.t.JMeterThread: Thread finished: Agent search 2-23
2026-10-09 09:36:11,013 INFO o.a.j.t.JMeterThread: Thread started: Ticket intake 1-8
2026-10-09 09:36:14,391 INFO o.a.j.t.JMeterThread: Thread started: Agent search 2-24
2026-10-09 09:36:14,585 INFO o.a.j.t.JMeterThread: Thread is done: Agent search 2-24
2026-10-09 09:36:14,585 INFO o.a.j.t.JMeterThread: Thread finished: Agent search 2-24
2026-10-09 09:36:16,635 INFO o.a.j.t.JMeterThread: Thread started: Agent search 2-25
2026-10-09 09:36:16,827 INFO o.a.j.t.JMeterThread: Thread is done: Agent search 2-25
2026-10-09 09:36:16,827 INFO o.a.j.t.JMeterThread: Thread finished: Agent search 2-25
2026-10-09 09:36:18,784 INFO o.a.j.t.JMeterThread: Thread is done: Ticket intake 1-8
2026-10-09 09:36:18,784 INFO o.a.j.t.JMeterThread: Thread finished: Ticket intake 1-8
2026-10-09 09:36:23,283 INFO o.a.j.t.JMeterThread: Thread started: Ticket intake 1-9
2026-10-09 09:36:32,813 INFO o.a.j.r.Summariser: summary +      6 in 00:00:31 =    0.2/s Avg:  5698 Min:   146 Max: 16363 Err:     0 (0.00%) Active: 1 Started: 34 Finished: 33
2026-10-09 09:36:32,814 INFO o.a.j.r.Summariser: summary =     34 in 00:02:28 =    0.2/s Avg:  4017 Min:   103 Max: 29149 Err:     0 (0.00%)
2026-10-09 09:36:32,814 INFO o.a.j.t.JMeterThread: Thread is done: Ticket intake 1-9
2026-10-09 09:36:32,814 INFO o.a.j.t.JMeterThread: Thread finished: Ticket intake 1-9
2026-10-09 09:36:39,455 INFO o.a.j.t.JMeterThread: Thread started: Agent search 2-26
2026-10-09 09:36:39,571 INFO o.a.j.t.JMeterThread: Thread is done: Agent search 2-26
2026-10-09 09:36:39,571 INFO o.a.j.t.JMeterThread: Thread finished: Agent search 2-26
2026-10-09 09:36:40,315 INFO o.a.j.t.JMeterThread: Thread started: Agent search 2-27
2026-10-09 09:36:40,494 INFO o.a.j.t.JMeterThread: Thread is done: Agent search 2-27
2026-10-09 09:36:40,494 INFO o.a.j.t.JMeterThread: Thread finished: Agent search 2-27
2026-10-09 09:36:45,434 INFO o.a.j.t.JMeterThread: Thread started: Agent search 2-28
2026-10-09 09:36:45,716 INFO o.a.j.t.JMeterThread: Thread is done: Agent search 2-28
2026-10-09 09:36:45,716 INFO o.a.j.t.JMeterThread: Thread finished: Agent search 2-28
2026-10-09 09:36:52,065 INFO o.a.j.t.JMeterThread: Thread started: Agent search 2-29
2026-10-09 09:36:52,270 INFO o.a.j.t.JMeterThread: Thread is done: Agent search 2-29
2026-10-09 09:36:52,270 INFO o.a.j.t.JMeterThread: Thread finished: Agent search 2-29
2026-10-09 09:36:56,805 INFO o.a.j.t.JMeterThread: Thread started: Agent search 2-30
2026-10-09 09:36:57,082 INFO o.a.j.t.JMeterThread: Thread is done: Agent search 2-30
2026-10-09 09:36:57,082 INFO o.a.j.t.JMeterThread: Thread finished: Agent search 2-30
2026-10-09 09:37:01,513 INFO o.a.j.t.JMeterThread: Thread started: Agent search 2-31
2026-10-09 09:37:01,611 INFO o.a.j.r.Summariser: summary +      6 in 00:00:29 =    0.2/s Avg:   191 Min:    95 Max:   282 Err:     0 (0.00%) Active: 1 Started: 40 Finished: 39
2026-10-09 09:37:01,612 INFO o.a.j.r.Summariser: summary =     40 in 00:02:57 =    0.2/s Avg:  3443 Min:    95 Max: 29149 Err:     0 (0.00%)
2026-10-09 09:37:01,612 INFO o.a.j.t.JMeterThread: Thread is done: Agent search 2-31
2026-10-09 09:37:01,613 INFO o.a.j.t.JMeterThread: Thread finished: Agent search 2-31
2026-10-09 09:37:03,715 INFO o.a.j.t.JMeterThread: Thread started: Agent search 2-32
2026-10-09 09:37:03,840 INFO o.a.j.t.JMeterThread: Thread is done: Agent search 2-32
2026-10-09 09:37:03,840 INFO o.a.j.t.JMeterThread: Thread finished: Agent search 2-32
2026-10-09 09:37:10,222 INFO o.a.j.t.JMeterThread: Thread started: Agent search 2-33
2026-10-09 09:37:10,395 INFO o.a.j.t.JMeterThread: Thread is done: Agent search 2-33
2026-10-09 09:37:10,396 INFO o.a.j.t.JMeterThread: Thread finished: Agent search 2-33
2026-10-09 09:37:11,785 INFO o.a.j.t.JMeterThread: Thread started: Ticket intake 1-10
2026-10-09 09:37:17,811 INFO o.a.j.t.JMeterThread: Thread started: Agent search 2-34
2026-10-09 09:37:18,075 INFO o.a.j.t.JMeterThread: Thread is done: Agent search 2-34
2026-10-09 09:37:18,076 INFO o.a.j.t.JMeterThread: Thread finished: Agent search 2-34
2026-10-09 09:37:18,674 INFO o.a.j.t.JMeterThread: Thread started: Agent search 2-35
2026-10-09 09:37:18,894 INFO o.a.j.t.JMeterThread: Thread is done: Agent search 2-35
2026-10-09 09:37:18,894 INFO o.a.j.t.JMeterThread: Thread finished: Agent search 2-35
2026-10-09 09:37:21,453 INFO o.a.j.t.JMeterThread: Thread is done: Ticket intake 1-10
2026-10-09 09:37:21,454 INFO o.a.j.t.JMeterThread: Thread finished: Ticket intake 1-10
2026-10-09 09:37:28,175 INFO o.a.j.t.JMeterThread: Thread started: Agent search 2-36
2026-10-09 09:37:28,417 INFO o.a.j.t.JMeterThread: Thread is done: Agent search 2-36
2026-10-09 09:37:28,417 INFO o.a.j.t.JMeterThread: Thread finished: Agent search 2-36
2026-10-09 09:37:32,651 INFO o.a.j.t.JMeterThread: Thread started: Agent search 2-37
2026-10-09 09:37:32,821 INFO o.a.j.r.Summariser: summary +      7 in 00:00:31 =    0.2/s Avg:  1550 Min:   124 Max:  9667 Err:     0 (0.00%) Active: 1 Started: 47 Finished: 46
2026-10-09 09:37:32,822 INFO o.a.j.r.Summariser: summary =     47 in 00:03:28 =    0.2/s Avg:  3161 Min:    95 Max: 29149 Err:     0 (0.00%)
2026-10-09 09:37:32,822 INFO o.a.j.t.JMeterThread: Thread is done: Agent search 2-37
2026-10-09 09:37:32,822 INFO o.a.j.t.JMeterThread: Thread finished: Agent search 2-37
2026-10-09 09:37:37,447 INFO o.a.j.t.JMeterThread: Thread started: Ticket intake 1-11
2026-10-09 09:37:37,618 INFO o.a.j.t.JMeterThread: Thread started: Agent search 2-38
2026-10-09 09:37:37,840 INFO o.a.j.t.JMeterThread: Thread is done: Agent search 2-38
2026-10-09 09:37:37,840 INFO o.a.j.t.JMeterThread: Thread finished: Agent search 2-38
2026-10-09 09:37:38,958 INFO o.a.j.t.JMeterThread: Thread started: Agent search 2-39
2026-10-09 09:37:39,122 INFO o.a.j.t.JMeterThread: Thread is done: Agent search 2-39
2026-10-09 09:37:39,122 INFO o.a.j.t.JMeterThread: Thread finished: Agent search 2-39
2026-10-09 09:37:42,269 INFO o.a.j.t.JMeterThread: Thread started: Agent search 2-40
2026-10-09 09:37:42,446 INFO o.a.j.t.JMeterThread: Thread is done: Agent search 2-40
2026-10-09 09:37:42,446 INFO o.a.j.t.JMeterThread: Thread finished: Agent search 2-40
2026-10-09 09:37:45,996 INFO o.a.j.t.JMeterThread: Thread started: Ticket intake 1-12
2026-10-09 09:37:48,518 INFO o.a.j.t.JMeterThread: Thread started: Agent search 2-41
2026-10-09 09:37:48,567 INFO o.a.j.t.JMeterThread: Thread started: Agent search 2-42
2026-10-09 09:37:48,638 INFO o.a.j.t.JMeterThread: Thread is done: Agent search 2-41
2026-10-09 09:37:48,638 INFO o.a.j.t.JMeterThread: Thread finished: Agent search 2-41
2026-10-09 09:37:48,652 INFO o.a.j.t.JMeterThread: Thread is done: Agent search 2-42
2026-10-09 09:37:48,653 INFO o.a.j.t.JMeterThread: Thread finished: Agent search 2-42
2026-10-09 09:37:50,846 INFO o.a.j.t.JMeterThread: Thread is done: Ticket intake 1-11
2026-10-09 09:37:50,846 INFO o.a.j.t.JMeterThread: Thread finished: Ticket intake 1-11
2026-10-09 09:37:51,457 INFO o.a.j.t.JMeterThread: Thread started: Agent search 2-43
2026-10-09 09:37:51,663 INFO o.a.j.t.JMeterThread: Thread is done: Agent search 2-43
2026-10-09 09:37:51,663 INFO o.a.j.t.JMeterThread: Thread finished: Agent search 2-43
2026-10-09 09:37:52,131 INFO o.a.j.t.JMeterThread: Thread started: Ticket intake 1-13
2026-10-09 09:38:00,770 INFO o.a.j.t.JMeterThread: Thread started: Agent search 2-44
2026-10-09 09:38:00,982 INFO o.a.j.r.Summariser: summary +      8 in 00:00:28 =    0.3/s Avg:  1821 Min:    84 Max: 13398 Err:     0 (0.00%) Active: 3 Started: 57 Finished: 54
2026-10-09 09:38:00,982 INFO o.a.j.r.Summariser: summary =     55 in 00:03:56 =    0.2/s Avg:  2966 Min:    84 Max: 29149 Err:     0 (0.00%)
2026-10-09 09:38:00,982 INFO o.a.j.t.JMeterThread: Thread is done: Agent search 2-44
2026-10-09 09:38:00,982 INFO o.a.j.t.JMeterThread: Thread finished: Agent search 2-44
2026-10-09 09:38:02,106 INFO o.a.j.t.JMeterThread: Thread is done: Ticket intake 1-12
2026-10-09 09:38:02,106 INFO o.a.j.t.JMeterThread: Thread finished: Ticket intake 1-12
2026-10-09 09:38:11,871 INFO o.a.j.t.JMeterThread: Thread started: Agent search 2-45
2026-10-09 09:38:11,967 INFO o.a.j.t.JMeterThread: Thread is done: Agent search 2-45
2026-10-09 09:38:11,967 INFO o.a.j.t.JMeterThread: Thread finished: Agent search 2-45
2026-10-09 09:38:13,068 INFO o.a.j.t.JMeterThread: Thread is done: Ticket intake 1-13
2026-10-09 09:38:13,068 INFO o.a.j.t.JMeterThread: Thread finished: Ticket intake 1-13
2026-10-09 09:38:14,017 INFO o.a.j.t.JMeterThread: Thread started: Agent search 2-46
2026-10-09 09:38:14,130 INFO o.a.j.t.JMeterThread: Thread is done: Agent search 2-46
2026-10-09 09:38:14,130 INFO o.a.j.t.JMeterThread: Thread finished: Agent search 2-46
2026-10-09 09:38:14,198 INFO o.a.j.t.JMeterThread: Thread started: Agent search 2-47
2026-10-09 09:38:14,288 INFO o.a.j.t.JMeterThread: Thread is done: Agent search 2-47
2026-10-09 09:38:14,288 INFO o.a.j.t.JMeterThread: Thread finished: Agent search 2-47
2026-10-09 09:38:15,696 INFO o.a.j.t.JMeterThread: Thread started: Agent search 2-48
2026-10-09 09:38:15,804 INFO o.a.j.t.JMeterThread: Thread is done: Agent search 2-48
2026-10-09 09:38:15,805 INFO o.a.j.t.JMeterThread: Thread finished: Agent search 2-48
2026-10-09 09:38:17,204 INFO o.a.j.t.JMeterThread: Thread started: Agent search 2-49
2026-10-09 09:38:17,305 INFO o.a.j.t.JMeterThread: Thread is done: Agent search 2-49
2026-10-09 09:38:17,305 INFO o.a.j.t.JMeterThread: Thread finished: Agent search 2-49
2026-10-09 09:38:23,454 INFO o.a.j.t.JMeterThread: Thread started: Ticket intake 1-14
2026-10-09 09:38:23,643 INFO o.a.j.t.JMeterThread: Thread started: Agent search 2-50
2026-10-09 09:38:23,748 INFO o.a.j.t.JMeterThread: Thread is done: Agent search 2-50
2026-10-09 09:38:23,748 INFO o.a.j.t.JMeterThread: Thread finished: Agent search 2-50
2026-10-09 09:38:24,041 INFO o.a.j.t.JMeterThread: Thread started: Agent search 2-51
2026-10-09 09:38:24,130 INFO o.a.j.t.JMeterThread: Thread is done: Agent search 2-51
2026-10-09 09:38:24,130 INFO o.a.j.t.JMeterThread: Thread finished: Agent search 2-51
2026-10-09 09:38:28,766 INFO o.a.j.t.JMeterThread: Thread started: Ticket intake 1-15
2026-10-09 09:38:31,702 INFO o.a.j.t.JMeterThread: Thread started: Ticket intake 1-16
2026-10-09 09:38:35,223 INFO o.a.j.r.Summariser: summary +     10 in 00:00:34 =    0.3/s Avg:  4950 Min:    87 Max: 20935 Err:     0 (0.00%) Active: 3 Started: 67 Finished: 64
2026-10-09 09:38:35,223 INFO o.a.j.r.Summariser: summary =     65 in 00:04:30 =    0.2/s Avg:  3271 Min:    84 Max: 29149 Err:     0 (0.00%)
2026-10-09 09:38:35,223 INFO o.a.j.t.JMeterThread: Thread is done: Ticket intake 1-14
2026-10-09 09:38:35,223 INFO o.a.j.t.JMeterThread: Thread finished: Ticket intake 1-14
2026-10-09 09:38:36,111 INFO o.a.j.t.JMeterThread: Thread started: Agent search 2-52
2026-10-09 09:38:36,192 INFO o.a.j.t.JMeterThread: Thread is done: Agent search 2-52
2026-10-09 09:38:36,192 INFO o.a.j.t.JMeterThread: Thread finished: Agent search 2-52
2026-10-09 09:38:38,757 INFO o.a.j.t.JMeterThread: Thread started: Agent search 2-53
2026-10-09 09:38:38,901 INFO o.a.j.t.JMeterThread: Thread is done: Agent search 2-53
2026-10-09 09:38:38,901 INFO o.a.j.t.JMeterThread: Thread finished: Agent search 2-53
2026-10-09 09:38:39,191 INFO o.a.j.t.JMeterThread: Thread started: Agent search 2-54
2026-10-09 09:38:39,309 INFO o.a.j.t.JMeterThread: Thread is done: Agent search 2-54
2026-10-09 09:38:39,309 INFO o.a.j.t.JMeterThread: Thread finished: Agent search 2-54
2026-10-09 09:38:43,003 INFO o.a.j.t.JMeterThread: Thread is done: Ticket intake 1-15
2026-10-09 09:38:43,004 INFO o.a.j.t.JMeterThread: Thread finished: Ticket intake 1-15
2026-10-09 09:38:43,615 INFO o.a.j.t.JMeterThread: Thread started: Agent search 2-55
2026-10-09 09:38:43,733 INFO o.a.j.t.JMeterThread: Thread is done: Agent search 2-55
2026-10-09 09:38:43,733 INFO o.a.j.t.JMeterThread: Thread finished: Agent search 2-55
2026-10-09 09:38:48,239 INFO o.a.j.t.JMeterThread: Thread started: Agent search 2-56
2026-10-09 09:38:48,333 INFO o.a.j.t.JMeterThread: Thread is done: Agent search 2-56
2026-10-09 09:38:48,333 INFO o.a.j.t.JMeterThread: Thread finished: Agent search 2-56
2026-10-09 09:38:49,951 INFO o.a.j.t.JMeterThread: Thread started: Ticket intake 1-17
2026-10-09 09:38:52,447 INFO o.a.j.t.JMeterThread: Thread is done: Ticket intake 1-16
2026-10-09 09:38:52,447 INFO o.a.j.t.JMeterThread: Thread finished: Ticket intake 1-16
2026-10-09 09:38:56,050 INFO o.a.j.t.JMeterThread: Thread started: Agent search 2-57
2026-10-09 09:38:56,136 INFO o.a.j.t.JMeterThread: Thread is done: Agent search 2-57
2026-10-09 09:38:56,137 INFO o.a.j.t.JMeterThread: Thread finished: Agent search 2-57
2026-10-09 09:38:56,196 INFO o.a.j.t.JMeterThread: Thread started: Agent search 2-58
2026-10-09 09:38:56,288 INFO o.a.j.t.JMeterThread: Thread is done: Agent search 2-58
2026-10-09 09:38:56,289 INFO o.a.j.t.JMeterThread: Thread finished: Agent search 2-58
2026-10-09 09:39:04,427 INFO o.a.j.t.JMeterThread: Thread started: Agent search 2-59
2026-10-09 09:39:04,528 INFO o.a.j.r.Summariser: summary +     10 in 00:00:29 =    0.3/s Avg:  3580 Min:    79 Max: 20744 Err:     0 (0.00%) Active: 2 Started: 76 Finished: 74
2026-10-09 09:39:04,528 INFO o.a.j.r.Summariser: summary =     75 in 00:05:00 =    0.3/s Avg:  3312 Min:    79 Max: 29149 Err:     0 (0.00%)
2026-10-09 09:39:04,528 INFO o.a.j.t.JMeterThread: Thread is done: Agent search 2-59
2026-10-09 09:39:04,528 INFO o.a.j.t.JMeterThread: Thread finished: Agent search 2-59
2026-10-09 09:39:05,614 INFO o.a.j.t.JMeterThread: Thread is done: Ticket intake 1-17
2026-10-09 09:39:05,614 INFO o.a.j.t.JMeterThread: Thread finished: Ticket intake 1-17
2026-10-09 09:39:13,341 INFO o.a.j.t.JMeterThread: Thread started: Agent search 2-60
2026-10-09 09:39:13,481 INFO o.a.j.t.JMeterThread: Thread is done: Agent search 2-60
2026-10-09 09:39:13,481 INFO o.a.j.t.JMeterThread: Thread finished: Agent search 2-60
2026-10-09 09:39:13,950 INFO o.a.j.t.JMeterThread: Thread started: Agent search 2-61
2026-10-09 09:39:14,199 INFO o.a.j.t.JMeterThread: Thread is done: Agent search 2-61
2026-10-09 09:39:14,199 INFO o.a.j.t.JMeterThread: Thread finished: Agent search 2-61
2026-10-09 09:39:17,742 INFO o.a.j.t.JMeterThread: Thread started: Agent search 2-62
2026-10-09 09:39:17,988 INFO o.a.j.t.JMeterThread: Thread is done: Agent search 2-62
2026-10-09 09:39:17,988 INFO o.a.j.t.JMeterThread: Thread finished: Agent search 2-62
2026-10-09 09:39:27,509 INFO o.a.j.t.JMeterThread: Thread started: Agent search 2-63
2026-10-09 09:39:27,714 INFO o.a.j.t.JMeterThread: Thread is done: Agent search 2-63
2026-10-09 09:39:27,714 INFO o.a.j.t.JMeterThread: Thread finished: Agent search 2-63
2026-10-09 09:39:28,912 INFO o.a.j.t.JMeterThread: Thread started: Agent search 2-64
2026-10-09 09:39:29,149 INFO o.a.j.t.JMeterThread: Thread is done: Agent search 2-64
2026-10-09 09:39:29,149 INFO o.a.j.t.JMeterThread: Thread finished: Agent search 2-64
2026-10-09 09:39:42,851 INFO o.a.j.t.JMeterThread: Thread started: Agent search 2-65
2026-10-09 09:39:43,075 INFO o.a.j.t.JMeterThread: Thread is done: Agent search 2-65
2026-10-09 09:39:43,075 INFO o.a.j.t.JMeterThread: Thread finished: Agent search 2-65
2026-10-09 09:39:43,088 INFO o.a.j.t.JMeterThread: Thread started: Agent search 2-66
2026-10-09 09:39:43,279 INFO o.a.j.t.JMeterThread: Thread is done: Agent search 2-66
2026-10-09 09:39:43,279 INFO o.a.j.t.JMeterThread: Thread finished: Agent search 2-66
2026-10-09 09:39:47,710 INFO o.a.j.t.JMeterThread: Thread started: Ticket intake 1-18
2026-10-09 09:39:52,949 INFO o.a.j.t.JMeterThread: Thread started: Agent search 2-67
2026-10-09 09:39:53,213 INFO o.a.j.t.JMeterThread: Thread is done: Agent search 2-67
2026-10-09 09:39:53,213 INFO o.a.j.t.JMeterThread: Thread finished: Agent search 2-67
2026-10-09 09:39:53,825 INFO o.a.j.t.JMeterThread: Thread started: Agent search 2-68
2026-10-09 09:39:53,927 INFO o.a.j.t.JMeterThread: Thread is done: Agent search 2-68
2026-10-09 09:39:53,927 INFO o.a.j.t.JMeterThread: Thread finished: Agent search 2-68
2026-10-09 09:40:00,483 INFO o.a.j.r.Summariser: summary +     11 in 00:00:56 =    0.2/s Avg:  2752 Min:    99 Max: 15661 Err:     0 (0.00%) Active: 1 Started: 86 Finished: 85
2026-10-09 09:40:00,484 INFO o.a.j.r.Summariser: summary =     86 in 00:05:56 =    0.2/s Avg:  3241 Min:    79 Max: 29149 Err:     0 (0.00%)
2026-10-09 09:40:00,484 INFO o.a.j.t.JMeterThread: Thread is done: Ticket intake 1-18
2026-10-09 09:40:00,484 INFO o.a.j.t.JMeterThread: Thread finished: Ticket intake 1-18
2026-10-09 09:40:10,022 INFO o.a.j.t.JMeterThread: Thread started: Agent search 2-69
2026-10-09 09:40:10,212 INFO o.a.j.t.JMeterThread: Thread is done: Agent search 2-69
2026-10-09 09:40:10,212 INFO o.a.j.t.JMeterThread: Thread finished: Agent search 2-69
2026-10-09 09:40:20,405 INFO o.a.j.t.JMeterThread: Thread started: Agent search 2-70
2026-10-09 09:40:20,594 INFO o.a.j.t.JMeterThread: Thread is done: Agent search 2-70
2026-10-09 09:40:20,594 INFO o.a.j.t.JMeterThread: Thread finished: Agent search 2-70
2026-10-09 09:40:20,707 INFO o.a.j.t.JMeterThread: Thread started: Agent search 2-71
2026-10-09 09:40:20,965 INFO o.a.j.t.JMeterThread: Thread is done: Agent search 2-71
2026-10-09 09:40:20,965 INFO o.a.j.t.JMeterThread: Thread finished: Agent search 2-71
2026-10-09 09:40:25,645 INFO o.a.j.t.JMeterThread: Thread started: Agent search 2-72
2026-10-09 09:40:25,879 INFO o.a.j.t.JMeterThread: Thread is done: Agent search 2-72
2026-10-09 09:40:25,879 INFO o.a.j.t.JMeterThread: Thread finished: Agent search 2-72
2026-10-09 09:40:26,865 INFO o.a.j.t.JMeterThread: Thread started: Agent search 2-73
2026-10-09 09:40:27,110 INFO o.a.j.t.JMeterThread: Thread is done: Agent search 2-73
2026-10-09 09:40:27,110 INFO o.a.j.t.JMeterThread: Thread finished: Agent search 2-73
2026-10-09 09:40:29,988 INFO o.a.j.t.JMeterThread: Thread started: Agent search 2-74
2026-10-09 09:40:30,181 INFO o.a.j.r.Summariser: summary +      6 in 00:00:30 =    0.2/s Avg:   216 Min:   188 Max:   257 Err:     0 (0.00%) Active: 1 Started: 92 Finished: 91
2026-10-09 09:40:30,181 INFO o.a.j.r.Summariser: summary =     92 in 00:06:25 =    0.2/s Avg:  3043 Min:    79 Max: 29149 Err:     0 (0.00%)
2026-10-09 09:40:30,181 INFO o.a.j.t.JMeterThread: Thread is done: Agent search 2-74
2026-10-09 09:40:30,181 INFO o.a.j.t.JMeterThread: Thread finished: Agent search 2-74
2026-10-09 09:40:30,563 INFO o.a.j.t.JMeterThread: Thread started: Agent search 2-75
2026-10-09 09:40:30,897 INFO o.a.j.t.JMeterThread: Thread is done: Agent search 2-75
2026-10-09 09:40:30,897 INFO o.a.j.t.JMeterThread: Thread finished: Agent search 2-75
2026-10-09 09:40:32,690 INFO o.a.j.t.JMeterThread: Thread started: Agent search 2-76
2026-10-09 09:40:32,945 INFO o.a.j.t.JMeterThread: Thread is done: Agent search 2-76
2026-10-09 09:40:32,945 INFO o.a.j.t.JMeterThread: Thread finished: Agent search 2-76
2026-10-09 09:40:39,708 INFO o.a.j.t.JMeterThread: Thread started: Ticket intake 1-19
2026-10-09 09:40:42,419 INFO o.a.j.t.JMeterThread: Thread started: Agent search 2-77
2026-10-09 09:40:42,675 INFO o.a.j.t.JMeterThread: Thread is done: Agent search 2-77
2026-10-09 09:40:42,675 INFO o.a.j.t.JMeterThread: Thread finished: Agent search 2-77
2026-10-09 09:40:44,274 INFO o.a.j.t.JMeterThread: Thread started: Agent search 2-78
2026-10-09 09:40:44,517 INFO o.a.j.t.JMeterThread: Thread is done: Agent search 2-78
2026-10-09 09:40:44,517 INFO o.a.j.t.JMeterThread: Thread finished: Agent search 2-78
2026-10-09 09:40:48,581 INFO o.a.j.t.JMeterThread: Thread started: Agent search 2-79
2026-10-09 09:40:48,817 INFO o.a.j.t.JMeterThread: Thread is done: Agent search 2-79
2026-10-09 09:40:48,817 INFO o.a.j.t.JMeterThread: Thread finished: Agent search 2-79
2026-10-09 09:40:51,787 INFO o.a.j.t.JMeterThread: Thread is done: Ticket intake 1-19
2026-10-09 09:40:51,787 INFO o.a.j.t.JMeterThread: Thread finished: Ticket intake 1-19
2026-10-09 09:40:55,234 INFO o.a.j.t.JMeterThread: Thread started: Agent search 2-80
2026-10-09 09:40:55,378 INFO o.a.j.t.JMeterThread: Thread started: Agent search 2-81
2026-10-09 09:40:55,413 INFO o.a.j.t.JMeterThread: Thread is done: Agent search 2-80
2026-10-09 09:40:55,413 INFO o.a.j.t.JMeterThread: Thread finished: Agent search 2-80
2026-10-09 09:40:55,480 INFO o.a.j.t.JMeterThread: Thread is done: Agent search 2-81
2026-10-09 09:40:55,480 INFO o.a.j.t.JMeterThread: Thread finished: Agent search 2-81
2026-10-09 09:41:10,441 INFO o.a.j.t.JMeterThread: Thread started: Agent search 2-82
2026-10-09 09:41:10,629 INFO o.a.j.t.JMeterThread: Thread is done: Agent search 2-82
2026-10-09 09:41:10,629 INFO o.a.j.t.JMeterThread: Thread finished: Agent search 2-82
2026-10-09 09:41:13,214 INFO o.a.j.t.JMeterThread: Thread started: Agent search 2-83
2026-10-09 09:41:13,328 INFO o.a.j.t.JMeterThread: Thread started: Agent search 2-84
2026-10-09 09:41:13,338 INFO o.a.j.t.JMeterThread: Thread is done: Agent search 2-83
2026-10-09 09:41:13,338 INFO o.a.j.t.JMeterThread: Thread finished: Agent search 2-83
2026-10-09 09:41:13,418 INFO o.a.j.t.JMeterThread: Thread is done: Agent search 2-84
2026-10-09 09:41:13,418 INFO o.a.j.t.JMeterThread: Thread finished: Agent search 2-84
2026-10-09 09:41:21,933 INFO o.a.j.t.JMeterThread: Thread started: Agent search 2-85
2026-10-09 09:41:22,199 INFO o.a.j.t.JMeterThread: Thread is done: Agent search 2-85
2026-10-09 09:41:22,199 INFO o.a.j.t.JMeterThread: Thread finished: Agent search 2-85
2026-10-09 09:41:22,288 INFO o.a.j.t.JMeterThread: Thread started: Agent search 2-86
2026-10-09 09:41:22,506 INFO o.a.j.t.JMeterThread: Thread is done: Agent search 2-86
2026-10-09 09:41:22,506 INFO o.a.j.t.JMeterThread: Thread finished: Agent search 2-86
2026-10-09 09:41:30,321 INFO o.a.j.t.JMeterThread: Thread started: Agent search 2-87
2026-10-09 09:41:30,598 INFO o.a.j.r.Summariser: summary +     14 in 00:01:00 =    0.2/s Avg:  1058 Min:    89 Max: 12077 Err:     0 (0.00%) Active: 1 Started: 106 Finished: 105
2026-10-09 09:41:30,598 INFO o.a.j.r.Summariser: summary =    106 in 00:07:26 =    0.2/s Avg:  2781 Min:    79 Max: 29149 Err:     0 (0.00%)
2026-10-09 09:41:30,599 INFO o.a.j.t.JMeterThread: Thread is done: Agent search 2-87
2026-10-09 09:41:30,599 INFO o.a.j.t.JMeterThread: Thread finished: Agent search 2-87
2026-10-09 09:41:32,898 INFO o.a.j.t.JMeterThread: Thread started: Agent search 2-88
2026-10-09 09:41:33,159 INFO o.a.j.t.JMeterThread: Thread is done: Agent search 2-88
2026-10-09 09:41:33,159 INFO o.a.j.t.JMeterThread: Thread finished: Agent search 2-88
2026-10-09 09:41:39,137 INFO o.a.j.t.JMeterThread: Thread started: Ticket intake 1-20
2026-10-09 09:41:40,198 INFO o.a.j.t.JMeterThread: Thread started: Ticket intake 1-21
2026-10-09 09:41:48,776 INFO o.a.j.t.JMeterThread: Thread started: Agent search 2-89
2026-10-09 09:41:49,029 INFO o.a.j.t.JMeterThread: Thread is done: Agent search 2-89
2026-10-09 09:41:49,029 INFO o.a.j.t.JMeterThread: Thread finished: Agent search 2-89
2026-10-09 09:41:49,471 INFO o.a.j.t.JMeterThread: Thread started: Ticket intake 1-22
2026-10-09 09:41:51,654 INFO o.a.j.t.JMeterThread: Thread started: Agent search 2-90
2026-10-09 09:41:52,102 INFO o.a.j.t.JMeterThread: Thread is done: Agent search 2-90
2026-10-09 09:41:52,102 INFO o.a.j.t.JMeterThread: Thread finished: Agent search 2-90
2026-10-09 09:41:52,717 INFO o.a.j.t.JMeterThread: Thread is done: Ticket intake 1-20
2026-10-09 09:41:52,717 INFO o.a.j.t.JMeterThread: Thread finished: Ticket intake 1-20
2026-10-09 09:41:58,154 INFO o.a.j.t.JMeterThread: Thread started: Ticket intake 1-23
2026-10-09 09:42:00,348 INFO o.a.j.t.JMeterThread: Thread started: Agent search 2-91
2026-10-09 09:42:00,514 INFO o.a.j.r.Summariser: summary +      5 in 00:00:30 =    0.2/s Avg:  2939 Min:   163 Max: 13579 Err:     0 (0.00%) Active: 4 Started: 114 Finished: 110
2026-10-09 09:42:00,515 INFO o.a.j.r.Summariser: summary =    111 in 00:07:56 =    0.2/s Avg:  2788 Min:    79 Max: 29149 Err:     0 (0.00%)
2026-10-09 09:42:00,515 INFO o.a.j.t.JMeterThread: Thread is done: Agent search 2-91
2026-10-09 09:42:00,515 INFO o.a.j.t.JMeterThread: Thread finished: Agent search 2-91
2026-10-09 09:42:02,199 INFO o.a.j.t.JMeterThread: Thread started: Agent search 2-92
2026-10-09 09:42:02,444 INFO o.a.j.t.JMeterThread: Thread is done: Agent search 2-92
2026-10-09 09:42:02,444 INFO o.a.j.t.JMeterThread: Thread finished: Agent search 2-92
2026-10-09 09:42:06,335 INFO o.a.j.t.JMeterThread: Thread is done: Ticket intake 1-21
2026-10-09 09:42:06,335 INFO o.a.j.t.JMeterThread: Thread finished: Ticket intake 1-21
2026-10-09 09:42:09,497 INFO o.a.j.t.JMeterThread: Thread started: Agent search 2-93
2026-10-09 09:42:09,715 INFO o.a.j.t.JMeterThread: Thread is done: Agent search 2-93
2026-10-09 09:42:09,715 INFO o.a.j.t.JMeterThread: Thread finished: Agent search 2-93
2026-10-09 09:42:14,021 INFO o.a.j.t.JMeterThread: Thread started: Agent search 2-94
2026-10-09 09:42:14,219 INFO o.a.j.t.JMeterThread: Thread is done: Agent search 2-94
2026-10-09 09:42:14,219 INFO o.a.j.t.JMeterThread: Thread finished: Agent search 2-94
2026-10-09 09:42:16,167 INFO o.a.j.t.JMeterThread: Thread is done: Ticket intake 1-22
2026-10-09 09:42:16,167 INFO o.a.j.t.JMeterThread: Thread finished: Ticket intake 1-22
2026-10-09 09:42:22,952 INFO o.a.j.t.JMeterThread: Thread started: Agent search 2-95
2026-10-09 09:42:23,130 INFO o.a.j.t.JMeterThread: Thread is done: Agent search 2-95
2026-10-09 09:42:23,130 INFO o.a.j.t.JMeterThread: Thread finished: Agent search 2-95
2026-10-09 09:42:26,831 INFO o.a.j.t.JMeterThread: Thread started: Agent search 2-96
2026-10-09 09:42:27,020 INFO o.a.j.t.JMeterThread: Thread is done: Agent search 2-96
2026-10-09 09:42:27,020 INFO o.a.j.t.JMeterThread: Thread finished: Agent search 2-96
2026-10-09 09:42:27,146 INFO o.a.j.t.JMeterThread: Thread is done: Ticket intake 1-23
2026-10-09 09:42:27,146 INFO o.a.j.t.JMeterThread: Thread finished: Ticket intake 1-23
2026-10-09 09:42:28,060 INFO o.a.j.t.JMeterThread: Thread started: Agent search 2-97
2026-10-09 09:42:28,250 INFO o.a.j.t.JMeterThread: Thread is done: Agent search 2-97
2026-10-09 09:42:28,250 INFO o.a.j.t.JMeterThread: Thread finished: Agent search 2-97
2026-10-09 09:42:30,374 INFO o.a.j.t.JMeterThread: Thread started: Agent search 2-98
2026-10-09 09:42:30,708 INFO o.a.j.r.Summariser: summary +     10 in 00:00:30 =    0.3/s Avg:  8336 Min:   177 Max: 28990 Err:     0 (0.00%) Active: 1 Started: 121 Finished: 120
2026-10-09 09:42:30,708 INFO o.a.j.r.Summariser: summary =    121 in 00:08:26 =    0.2/s Avg:  3247 Min:    79 Max: 29149 Err:     0 (0.00%)
2026-10-09 09:42:30,709 INFO o.a.j.t.JMeterThread: Thread is done: Agent search 2-98
2026-10-09 09:42:30,709 INFO o.a.j.t.JMeterThread: Thread finished: Agent search 2-98
2026-10-09 09:42:32,988 INFO o.a.j.t.JMeterThread: Thread started: Agent search 2-99
2026-10-09 09:42:33,168 INFO o.a.j.t.JMeterThread: Thread is done: Agent search 2-99
2026-10-09 09:42:33,168 INFO o.a.j.t.JMeterThread: Thread finished: Agent search 2-99
2026-10-09 09:42:33,931 INFO o.a.j.t.JMeterThread: Thread started: Ticket intake 1-24
2026-10-09 09:42:34,286 INFO o.a.j.t.JMeterThread: Thread started: Ticket intake 1-25
2026-10-09 09:42:35,272 INFO o.a.j.t.JMeterThread: Thread started: Agent search 2-100
2026-10-09 09:42:35,432 INFO o.a.j.t.JMeterThread: Thread started: Agent search 2-101
2026-10-09 09:42:35,486 INFO o.a.j.t.JMeterThread: Thread is done: Agent search 2-100
2026-10-09 09:42:35,486 INFO o.a.j.t.JMeterThread: Thread finished: Agent search 2-100
2026-10-09 09:42:35,543 INFO o.a.j.t.JMeterThread: Thread is done: Agent search 2-101
2026-10-09 09:42:35,543 INFO o.a.j.t.JMeterThread: Thread finished: Agent search 2-101
2026-10-09 09:42:35,952 INFO o.a.j.t.JMeterThread: Thread started: Ticket intake 1-26
2026-10-09 09:42:36,439 INFO o.a.j.t.JMeterThread: Thread started: Agent search 2-102
2026-10-09 09:42:36,586 INFO o.a.j.t.JMeterThread: Thread is done: Agent search 2-102
2026-10-09 09:42:36,586 INFO o.a.j.t.JMeterThread: Thread finished: Agent search 2-102
2026-10-09 09:42:36,766 INFO o.a.j.t.JMeterThread: Thread started: Agent search 2-103
2026-10-09 09:42:36,953 INFO o.a.j.t.JMeterThread: Thread is done: Agent search 2-103
2026-10-09 09:42:36,954 INFO o.a.j.t.JMeterThread: Thread finished: Agent search 2-103
2026-10-09 09:42:44,326 INFO o.a.j.t.JMeterThread: Thread is done: Ticket intake 1-24
2026-10-09 09:42:44,326 INFO o.a.j.t.JMeterThread: Thread finished: Ticket intake 1-24
2026-10-09 09:42:46,210 INFO o.a.j.t.JMeterThread: Thread started: Agent search 2-104
2026-10-09 09:42:46,340 INFO o.a.j.t.JMeterThread: Thread is done: Agent search 2-104
2026-10-09 09:42:46,340 INFO o.a.j.t.JMeterThread: Thread finished: Agent search 2-104
2026-10-09 09:42:50,360 INFO o.a.j.t.JMeterThread: Thread started: Agent search 2-105
2026-10-09 09:42:50,572 INFO o.a.j.t.JMeterThread: Thread is done: Agent search 2-105
2026-10-09 09:42:50,573 INFO o.a.j.t.JMeterThread: Thread finished: Agent search 2-105
2026-10-09 09:42:54,259 INFO o.a.j.t.JMeterThread: Thread is done: Ticket intake 1-25
2026-10-09 09:42:54,259 INFO o.a.j.t.JMeterThread: Thread finished: Ticket intake 1-25
2026-10-09 09:42:55,336 INFO o.a.j.t.JMeterThread: Thread started: Ticket intake 1-27
2026-10-09 09:42:58,244 INFO o.a.j.t.JMeterThread: Thread started: Agent search 2-106
2026-10-09 09:42:58,457 INFO o.a.j.t.JMeterThread: Thread is done: Agent search 2-106
2026-10-09 09:42:58,457 INFO o.a.j.t.JMeterThread: Thread finished: Agent search 2-106
2026-10-09 09:42:59,966 INFO o.a.j.t.JMeterThread: Thread started: Agent search 2-107
2026-10-09 09:43:00,032 INFO o.a.j.r.Summariser: summary +     11 in 00:00:29 =    0.4/s Avg:  2891 Min:    64 Max: 19972 Err:     0 (0.00%) Active: 3 Started: 134 Finished: 131
2026-10-09 09:43:00,033 INFO o.a.j.r.Summariser: summary =    132 in 00:08:55 =    0.2/s Avg:  3217 Min:    64 Max: 29149 Err:     0 (0.00%)
2026-10-09 09:43:00,033 INFO o.a.j.t.JMeterThread: Thread is done: Agent search 2-107
2026-10-09 09:43:00,033 INFO o.a.j.t.JMeterThread: Thread finished: Agent search 2-107
2026-10-09 09:43:02,051 INFO o.a.j.t.JMeterThread: Thread started: Ticket intake 1-28
2026-10-09 09:43:02,450 INFO o.a.j.t.JMeterThread: Thread is done: Ticket intake 1-26
2026-10-09 09:43:02,450 INFO o.a.j.t.JMeterThread: Thread finished: Ticket intake 1-26
2026-10-09 09:43:04,081 INFO o.a.j.t.JMeterThread: Thread started: Ticket intake 1-29
2026-10-09 09:43:10,799 INFO o.a.j.t.JMeterThread: Thread started: Agent search 2-108
2026-10-09 09:43:11,054 INFO o.a.j.t.JMeterThread: Thread is done: Agent search 2-108
2026-10-09 09:43:11,054 INFO o.a.j.t.JMeterThread: Thread finished: Agent search 2-108
2026-10-09 09:43:11,985 INFO o.a.j.t.JMeterThread: Thread is done: Ticket intake 1-27
2026-10-09 09:43:11,985 INFO o.a.j.t.JMeterThread: Thread finished: Ticket intake 1-27
2026-10-09 09:43:15,379 INFO o.a.j.t.JMeterThread: Thread started: Agent search 2-109
2026-10-09 09:43:15,558 INFO o.a.j.t.JMeterThread: Thread is done: Agent search 2-109
2026-10-09 09:43:15,558 INFO o.a.j.t.JMeterThread: Thread finished: Agent search 2-109
2026-10-09 09:43:18,687 INFO o.a.j.t.JMeterThread: Thread started: Agent search 2-110
2026-10-09 09:43:18,835 INFO o.a.j.t.JMeterThread: Thread is done: Agent search 2-110
2026-10-09 09:43:18,835 INFO o.a.j.t.JMeterThread: Thread finished: Agent search 2-110
2026-10-09 09:43:19,627 INFO o.a.j.t.JMeterThread: Thread started: Agent search 2-111
2026-10-09 09:43:19,860 INFO o.a.j.t.JMeterThread: Thread is done: Agent search 2-111
2026-10-09 09:43:19,860 INFO o.a.j.t.JMeterThread: Thread finished: Agent search 2-111
2026-10-09 09:43:22,875 INFO o.a.j.t.JMeterThread: Thread started: Agent search 2-112
2026-10-09 09:43:23,136 INFO o.a.j.t.JMeterThread: Thread is done: Agent search 2-112
2026-10-09 09:43:23,136 INFO o.a.j.t.JMeterThread: Thread finished: Agent search 2-112
2026-10-09 09:43:24,700 INFO o.a.j.t.JMeterThread: Thread is done: Ticket intake 1-28
2026-10-09 09:43:24,701 INFO o.a.j.t.JMeterThread: Thread finished: Ticket intake 1-28
2026-10-09 09:43:27,318 INFO o.a.j.t.JMeterThread: Thread started: Agent search 2-113
2026-10-09 09:43:27,539 INFO o.a.j.t.JMeterThread: Thread is done: Agent search 2-113
2026-10-09 09:43:27,539 INFO o.a.j.t.JMeterThread: Thread finished: Agent search 2-113
2026-10-09 09:43:37,166 INFO o.a.j.t.JMeterThread: Thread is done: Ticket intake 1-29
2026-10-09 09:43:37,166 INFO o.a.j.t.JMeterThread: Thread finished: Ticket intake 1-29
2026-10-09 09:43:45,410 INFO o.a.j.t.JMeterThread: Thread started: Agent search 2-114
2026-10-09 09:43:45,665 INFO o.a.j.t.JMeterThread: Thread is done: Agent search 2-114
2026-10-09 09:43:45,665 INFO o.a.j.t.JMeterThread: Thread finished: Agent search 2-114
2026-10-09 09:43:46,849 INFO o.a.j.t.JMeterThread: Thread started: Agent search 2-115
2026-10-09 09:43:47,098 INFO o.a.j.t.JMeterThread: Thread is done: Agent search 2-115
2026-10-09 09:43:47,098 INFO o.a.j.t.JMeterThread: Thread finished: Agent search 2-115
2026-10-09 09:43:48,386 INFO o.a.j.t.JMeterThread: Thread started: Ticket intake 1-30
2026-10-09 09:43:49,359 INFO o.a.j.t.JMeterThread: Thread started: Agent search 2-116
2026-10-09 09:43:49,658 INFO o.a.j.t.JMeterThread: Thread is done: Agent search 2-116
2026-10-09 09:43:49,658 INFO o.a.j.t.JMeterThread: Thread finished: Agent search 2-116
2026-10-09 09:43:50,887 INFO o.a.j.t.JMeterThread: Thread started: Agent search 2-117
2026-10-09 09:43:51,194 INFO o.a.j.t.JMeterThread: Thread is done: Agent search 2-117
2026-10-09 09:43:51,194 INFO o.a.j.t.JMeterThread: Thread finished: Agent search 2-117
2026-10-09 09:43:59,182 INFO o.a.j.t.JMeterThread: Thread is done: Ticket intake 1-30
2026-10-09 09:43:59,182 INFO o.a.j.t.JMeterThread: Thread finished: Ticket intake 1-30
2026-10-09 09:44:09,216 INFO o.a.j.t.JMeterThread: Thread started: Agent search 2-118
2026-10-09 09:44:09,422 INFO o.a.j.t.JMeterThread: Thread is done: Agent search 2-118
2026-10-09 09:44:09,422 INFO o.a.j.t.JMeterThread: Thread finished: Agent search 2-118
2026-10-09 09:44:11,304 INFO o.a.j.t.JMeterThread: Thread started: Ticket intake 1-31
2026-10-09 09:44:18,063 INFO o.a.j.t.JMeterThread: Thread started: Agent search 2-119
2026-10-09 09:44:18,228 INFO o.a.j.t.JMeterThread: Thread is done: Agent search 2-119
2026-10-09 09:44:18,228 INFO o.a.j.t.JMeterThread: Thread finished: Agent search 2-119
2026-10-09 09:44:18,842 INFO o.a.j.t.JMeterThread: Thread started: Ticket intake 1-32
2026-10-09 09:44:20,643 INFO o.a.j.t.JMeterThread: Thread started: Agent search 2-120
2026-10-09 09:44:20,753 INFO o.a.j.t.JMeterThread: Thread is done: Agent search 2-120
2026-10-09 09:44:20,753 INFO o.a.j.t.JMeterThread: Thread finished: Agent search 2-120
2026-10-09 09:44:20,851 INFO o.a.j.t.JMeterThread: Thread started: Agent search 2-121
2026-10-09 09:44:21,096 INFO o.a.j.t.JMeterThread: Thread is done: Agent search 2-121
2026-10-09 09:44:21,096 INFO o.a.j.t.JMeterThread: Thread finished: Agent search 2-121
2026-10-09 09:44:21,345 INFO o.a.j.t.JMeterThread: Thread started: Agent search 2-122
2026-10-09 09:44:21,608 INFO o.a.j.t.JMeterThread: Thread is done: Agent search 2-122
2026-10-09 09:44:21,608 INFO o.a.j.t.JMeterThread: Thread finished: Agent search 2-122
2026-10-09 09:44:21,608 INFO o.a.j.t.JMeterThread: Thread started: Agent search 2-123
2026-10-09 09:44:21,796 INFO o.a.j.t.JMeterThread: Thread is done: Agent search 2-123
2026-10-09 09:44:21,796 INFO o.a.j.t.JMeterThread: Thread finished: Agent search 2-123
2026-10-09 09:44:23,041 INFO o.a.j.t.JMeterThread: Thread is done: Ticket intake 1-31
2026-10-09 09:44:23,041 INFO o.a.j.t.JMeterThread: Thread finished: Ticket intake 1-31
2026-10-09 09:44:26,268 INFO o.a.j.t.JMeterThread: Thread started: Agent search 2-124
2026-10-09 09:44:26,503 INFO o.a.j.t.JMeterThread: Thread started: Agent search 2-125
2026-10-09 09:44:26,512 INFO o.a.j.t.JMeterThread: Thread is done: Agent search 2-124
2026-10-09 09:44:26,512 INFO o.a.j.t.JMeterThread: Thread finished: Agent search 2-124
2026-10-09 09:44:26,732 INFO o.a.j.t.JMeterThread: Thread is done: Agent search 2-125
2026-10-09 09:44:26,732 INFO o.a.j.t.JMeterThread: Thread finished: Agent search 2-125
2026-10-09 09:44:29,766 INFO o.a.j.t.JMeterThread: Thread started: Agent search 2-126
2026-10-09 09:44:30,005 INFO o.a.j.r.Summariser: summary +     25 in 00:01:30 =    0.3/s Avg:  5026 Min:   108 Max: 33084 Err:     0 (0.00%) Active: 2 Started: 158 Finished: 156
2026-10-09 09:44:30,005 INFO o.a.j.r.Summariser: summary =    157 in 00:10:25 =    0.3/s Avg:  3505 Min:    64 Max: 33084 Err:     0 (0.00%)
2026-10-09 09:44:30,006 INFO o.a.j.t.JMeterThread: Thread is done: Agent search 2-126
2026-10-09 09:44:30,006 INFO o.a.j.t.JMeterThread: Thread finished: Agent search 2-126
2026-10-09 09:44:31,132 INFO o.a.j.t.JMeterThread: Thread is done: Ticket intake 1-32
2026-10-09 09:44:31,132 INFO o.a.j.t.JMeterThread: Thread finished: Ticket intake 1-32
2026-10-09 09:44:39,685 INFO o.a.j.t.JMeterThread: Thread started: Agent search 2-127
2026-10-09 09:44:40,142 INFO o.a.j.t.JMeterThread: Thread is done: Agent search 2-127
2026-10-09 09:44:40,142 INFO o.a.j.t.JMeterThread: Thread finished: Agent search 2-127
2026-10-09 09:44:40,594 INFO o.a.j.t.JMeterThread: Thread started: Agent search 2-128
2026-10-09 09:44:41,166 INFO o.a.j.t.JMeterThread: Thread is done: Agent search 2-128
2026-10-09 09:44:41,166 INFO o.a.j.t.JMeterThread: Thread finished: Agent search 2-128
2026-10-09 09:44:45,417 INFO o.a.j.t.JMeterThread: Thread started: Agent search 2-129
2026-10-09 09:44:45,569 INFO o.a.j.t.JMeterThread: Thread is done: Agent search 2-129
2026-10-09 09:44:45,569 INFO o.a.j.t.JMeterThread: Thread finished: Agent search 2-129
2026-10-09 09:44:47,806 INFO o.a.j.t.JMeterThread: Thread started: Agent search 2-130
2026-10-09 09:44:48,028 INFO o.a.j.t.JMeterThread: Thread is done: Agent search 2-130
2026-10-09 09:44:48,028 INFO o.a.j.t.JMeterThread: Thread finished: Agent search 2-130
2026-10-09 09:44:56,712 INFO o.a.j.t.JMeterThread: Thread started: Ticket intake 1-33
2026-10-09 09:44:56,812 INFO o.a.j.t.JMeterThread: Thread started: Ticket intake 1-34
2026-10-09 09:45:05,302 INFO o.a.j.r.Summariser: summary +      6 in 00:00:35 =    0.2/s Avg:  3712 Min:   150 Max: 12288 Err:     0 (0.00%) Active: 2 Started: 164 Finished: 162
2026-10-09 09:45:05,302 INFO o.a.j.r.Summariser: summary =    163 in 00:11:00 =    0.2/s Avg:  3513 Min:    64 Max: 33084 Err:     0 (0.00%)
2026-10-09 09:45:05,302 INFO o.a.j.t.JMeterThread: Thread is done: Ticket intake 1-33
2026-10-09 09:45:05,302 INFO o.a.j.t.JMeterThread: Thread finished: Ticket intake 1-33
2026-10-09 09:45:11,025 INFO o.a.j.t.JMeterThread: Thread started: Ticket intake 1-35
2026-10-09 09:45:12,808 INFO o.a.j.t.JMeterThread: Thread is done: Ticket intake 1-34
2026-10-09 09:45:12,808 INFO o.a.j.t.JMeterThread: Thread finished: Ticket intake 1-34
2026-10-09 09:45:13,285 INFO o.a.j.t.JMeterThread: Thread started: Agent search 2-131
2026-10-09 09:45:13,524 INFO o.a.j.t.JMeterThread: Thread is done: Agent search 2-131
2026-10-09 09:45:13,524 INFO o.a.j.t.JMeterThread: Thread finished: Agent search 2-131
2026-10-09 09:45:14,847 INFO o.a.j.t.JMeterThread: Thread started: Ticket intake 1-36
2026-10-09 09:45:14,888 INFO o.a.j.t.JMeterThread: Thread started: Agent search 2-132
2026-10-09 09:45:15,163 INFO o.a.j.t.JMeterThread: Thread is done: Agent search 2-132
2026-10-09 09:45:15,163 INFO o.a.j.t.JMeterThread: Thread finished: Agent search 2-132
2026-10-09 09:45:19,669 INFO o.a.j.t.JMeterThread: Thread is done: Ticket intake 1-35
2026-10-09 09:45:19,669 INFO o.a.j.t.JMeterThread: Thread finished: Ticket intake 1-35
2026-10-09 09:45:26,736 INFO o.a.j.t.JMeterThread: Thread is done: Ticket intake 1-36
2026-10-09 09:45:26,736 INFO o.a.j.t.JMeterThread: Thread finished: Ticket intake 1-36
2026-10-09 09:45:35,855 INFO o.a.j.t.JMeterThread: Thread started: Agent search 2-133
2026-10-09 09:45:36,055 INFO o.a.j.t.JMeterThread: Thread is done: Agent search 2-133
2026-10-09 09:45:36,055 INFO o.a.j.t.JMeterThread: Thread finished: Agent search 2-133
2026-10-09 09:45:37,229 INFO o.a.j.t.JMeterThread: Thread started: Ticket intake 1-37
2026-10-09 09:45:38,606 INFO o.a.j.t.JMeterThread: Thread started: Agent search 2-134
2026-10-09 09:45:38,819 INFO o.a.j.t.JMeterThread: Thread is done: Agent search 2-134
2026-10-09 09:45:38,819 INFO o.a.j.t.JMeterThread: Thread finished: Agent search 2-134
2026-10-09 09:45:40,745 INFO o.a.j.t.JMeterThread: Thread started: Agent search 2-135
2026-10-09 09:45:40,969 INFO o.a.j.t.JMeterThread: Thread is done: Agent search 2-135
2026-10-09 09:45:40,969 INFO o.a.j.t.JMeterThread: Thread finished: Agent search 2-135
2026-10-09 09:45:44,612 INFO o.a.j.t.JMeterThread: Thread started: Agent search 2-136
2026-10-09 09:45:44,859 INFO o.a.j.t.JMeterThread: Thread is done: Agent search 2-136
2026-10-09 09:45:44,860 INFO o.a.j.t.JMeterThread: Thread finished: Agent search 2-136
2026-10-09 09:45:45,273 INFO o.a.j.t.JMeterThread: Thread started: Agent search 2-137
2026-10-09 09:45:45,477 INFO o.a.j.t.JMeterThread: Thread is done: Agent search 2-137
2026-10-09 09:45:45,477 INFO o.a.j.t.JMeterThread: Thread finished: Agent search 2-137
2026-10-09 09:45:45,987 INFO o.a.j.t.JMeterThread: Thread is done: Ticket intake 1-37
2026-10-09 09:45:45,987 INFO o.a.j.t.JMeterThread: Thread finished: Ticket intake 1-37
2026-10-09 09:45:48,978 INFO o.a.j.t.JMeterThread: Thread started: Agent search 2-138
2026-10-09 09:45:49,161 INFO o.a.j.t.JMeterThread: Thread is done: Agent search 2-138
2026-10-09 09:45:49,161 INFO o.a.j.t.JMeterThread: Thread finished: Agent search 2-138
2026-10-09 09:45:51,102 INFO o.a.j.t.JMeterThread: Thread started: Agent search 2-139
2026-10-09 09:45:51,312 INFO o.a.j.t.JMeterThread: Thread is done: Agent search 2-139
2026-10-09 09:45:51,312 INFO o.a.j.t.JMeterThread: Thread finished: Agent search 2-139
2026-10-09 09:45:52,106 INFO o.a.j.t.JMeterThread: Thread started: Agent search 2-140
2026-10-09 09:45:52,335 INFO o.a.j.t.JMeterThread: Thread is done: Agent search 2-140
2026-10-09 09:45:52,335 INFO o.a.j.t.JMeterThread: Thread finished: Agent search 2-140
2026-10-09 09:45:59,136 INFO o.a.j.t.JMeterThread: Thread started: Agent search 2-141
2026-10-09 09:45:59,505 INFO o.a.j.t.JMeterThread: Thread is done: Agent search 2-141
2026-10-09 09:45:59,505 INFO o.a.j.t.JMeterThread: Thread finished: Agent search 2-141
2026-10-09 09:46:11,481 INFO o.a.j.t.JMeterThread: Thread started: Agent search 2-142
2026-10-09 09:46:11,652 INFO o.a.j.t.JMeterThread: Thread is done: Agent search 2-142
2026-10-09 09:46:11,652 INFO o.a.j.t.JMeterThread: Thread finished: Agent search 2-142
2026-10-09 09:46:14,462 INFO o.a.j.t.JMeterThread: Thread started: Agent search 2-143
2026-10-09 09:46:14,632 INFO o.a.j.t.JMeterThread: Thread is done: Agent search 2-143
2026-10-09 09:46:14,632 INFO o.a.j.t.JMeterThread: Thread finished: Agent search 2-143
2026-10-09 09:46:20,022 INFO o.a.j.t.JMeterThread: Thread started: Agent search 2-144
2026-10-09 09:46:20,189 INFO o.a.j.t.JMeterThread: Thread is done: Agent search 2-144
2026-10-09 09:46:20,189 INFO o.a.j.t.JMeterThread: Thread finished: Agent search 2-144
2026-10-09 09:46:23,091 INFO o.a.j.t.JMeterThread: Thread started: Agent search 2-145
2026-10-09 09:46:23,262 INFO o.a.j.t.JMeterThread: Thread is done: Agent search 2-145
2026-10-09 09:46:23,262 INFO o.a.j.t.JMeterThread: Thread finished: Agent search 2-145
2026-10-09 09:46:24,930 INFO o.a.j.t.JMeterThread: Thread started: Ticket intake 1-38
2026-10-09 09:46:25,582 INFO o.a.j.t.JMeterThread: Thread started: Agent search 2-146
2026-10-09 09:46:25,923 INFO o.a.j.t.JMeterThread: Thread is done: Agent search 2-146
2026-10-09 09:46:25,923 INFO o.a.j.t.JMeterThread: Thread finished: Agent search 2-146
2026-10-09 09:46:33,787 INFO o.a.j.t.JMeterThread: Thread started: Agent search 2-147
2026-10-09 09:46:33,939 INFO o.a.j.t.JMeterThread: Thread started: Agent search 2-148
2026-10-09 09:46:34,013 INFO o.a.j.r.Summariser: summary +     21 in 00:01:29 =    0.2/s Avg:  2337 Min:   166 Max: 15995 Err:     0 (0.00%) Active: 3 Started: 186 Finished: 183
2026-10-09 09:46:34,013 INFO o.a.j.r.Summariser: summary =    184 in 00:12:29 =    0.2/s Avg:  3379 Min:    64 Max: 33084 Err:     0 (0.00%)
2026-10-09 09:46:34,013 INFO o.a.j.t.JMeterThread: Thread is done: Agent search 2-147
2026-10-09 09:46:34,013 INFO o.a.j.t.JMeterThread: Thread finished: Agent search 2-147
2026-10-09 09:46:34,217 INFO o.a.j.t.JMeterThread: Thread is done: Agent search 2-148
2026-10-09 09:46:34,217 INFO o.a.j.t.JMeterThread: Thread finished: Agent search 2-148
2026-10-09 09:46:34,307 INFO o.a.j.t.JMeterThread: Thread started: Agent search 2-149
2026-10-09 09:46:34,422 INFO o.a.j.t.JMeterThread: Thread is done: Agent search 2-149
2026-10-09 09:46:34,422 INFO o.a.j.t.JMeterThread: Thread finished: Agent search 2-149
2026-10-09 09:46:35,623 INFO o.a.j.t.JMeterThread: Thread is done: Ticket intake 1-38
2026-10-09 09:46:35,623 INFO o.a.j.t.JMeterThread: Thread finished: Ticket intake 1-38
2026-10-09 09:46:39,132 INFO o.a.j.t.JMeterThread: Thread started: Ticket intake 1-39
2026-10-09 09:46:45,966 INFO o.a.j.t.JMeterThread: Thread started: Agent search 2-150
2026-10-09 09:46:46,199 INFO o.a.j.t.JMeterThread: Thread is done: Agent search 2-150
2026-10-09 09:46:46,199 INFO o.a.j.t.JMeterThread: Thread finished: Agent search 2-150
2026-10-09 09:46:51,565 INFO o.a.j.t.JMeterThread: Thread started: Agent search 2-151
2026-10-09 09:46:51,830 INFO o.a.j.t.JMeterThread: Thread is done: Agent search 2-151
2026-10-09 09:46:51,831 INFO o.a.j.t.JMeterThread: Thread finished: Agent search 2-151
2026-10-09 09:46:52,446 INFO o.a.j.t.JMeterThread: Thread is done: Ticket intake 1-39
2026-10-09 09:46:52,446 INFO o.a.j.t.JMeterThread: Thread finished: Ticket intake 1-39
2026-10-09 09:46:53,252 INFO o.a.j.t.JMeterThread: Thread started: Agent search 2-152
2026-10-09 09:46:53,469 INFO o.a.j.t.JMeterThread: Thread is done: Agent search 2-152
2026-10-09 09:46:53,469 INFO o.a.j.t.JMeterThread: Thread finished: Agent search 2-152
2026-10-09 09:46:53,506 INFO o.a.j.t.JMeterThread: Thread started: Agent search 2-153
2026-10-09 09:46:53,626 INFO o.a.j.t.JMeterThread: Thread is done: Agent search 2-153
2026-10-09 09:46:53,626 INFO o.a.j.t.JMeterThread: Thread finished: Agent search 2-153
2026-10-09 09:46:54,714 INFO o.a.j.t.JMeterThread: Thread started: Agent search 2-154
2026-10-09 09:46:55,054 INFO o.a.j.t.JMeterThread: Thread is done: Agent search 2-154
2026-10-09 09:46:55,054 INFO o.a.j.t.JMeterThread: Thread finished: Agent search 2-154
2026-10-09 09:46:55,992 INFO o.a.j.t.JMeterThread: Thread started: Agent search 2-155
2026-10-09 09:46:56,234 INFO o.a.j.t.JMeterThread: Thread is done: Agent search 2-155
2026-10-09 09:46:56,234 INFO o.a.j.t.JMeterThread: Thread finished: Agent search 2-155
2026-10-09 09:46:59,393 INFO o.a.j.t.JMeterThread: Thread started: Agent search 2-156
2026-10-09 09:46:59,567 INFO o.a.j.t.JMeterThread: Thread is done: Agent search 2-156
2026-10-09 09:46:59,567 INFO o.a.j.t.JMeterThread: Thread finished: Agent search 2-156
2026-10-09 09:47:02,599 INFO o.a.j.t.JMeterThread: Thread started: Agent search 2-157
2026-10-09 09:47:02,789 INFO o.a.j.r.Summariser: summary +     12 in 00:00:29 =    0.4/s Avg:  2180 Min:   113 Max: 13312 Err:     0 (0.00%) Active: 1 Started: 196 Finished: 195
2026-10-09 09:47:02,789 INFO o.a.j.r.Summariser: summary =    196 in 00:12:58 =    0.3/s Avg:  3305 Min:    64 Max: 33084 Err:     0 (0.00%)
2026-10-09 09:47:02,789 INFO o.a.j.t.JMeterThread: Thread is done: Agent search 2-157
2026-10-09 09:47:02,789 INFO o.a.j.t.JMeterThread: Thread finished: Agent search 2-157
2026-10-09 09:47:04,118 INFO o.a.j.t.JMeterThread: Thread started: Agent search 2-158
2026-10-09 09:47:04,364 INFO o.a.j.t.JMeterThread: Thread is done: Agent search 2-158
2026-10-09 09:47:04,364 INFO o.a.j.t.JMeterThread: Thread finished: Agent search 2-158
2026-10-09 09:47:06,044 INFO o.a.j.t.JMeterThread: Thread started: Ticket intake 1-40
2026-10-09 09:47:06,955 INFO o.a.j.t.JMeterThread: Thread started: Agent search 2-159
2026-10-09 09:47:07,191 INFO o.a.j.t.JMeterThread: Thread is done: Agent search 2-159
2026-10-09 09:47:07,191 INFO o.a.j.t.JMeterThread: Thread finished: Agent search 2-159
2026-10-09 09:47:08,428 INFO o.a.j.t.JMeterThread: Thread started: Ticket intake 1-41
2026-10-09 09:47:14,336 INFO o.a.j.t.JMeterThread: Thread started: Agent search 2-160
2026-10-09 09:47:14,563 INFO o.a.j.t.JMeterThread: Thread is done: Agent search 2-160
2026-10-09 09:47:14,563 INFO o.a.j.t.JMeterThread: Thread finished: Agent search 2-160
2026-10-09 09:47:14,698 INFO o.a.j.t.JMeterThread: Thread started: Ticket intake 1-42
2026-10-09 09:47:16,260 INFO o.a.j.t.JMeterThread: Thread started: Agent search 2-161
2026-10-09 09:47:16,509 INFO o.a.j.t.JMeterThread: Thread is done: Agent search 2-161
2026-10-09 09:47:16,510 INFO o.a.j.t.JMeterThread: Thread finished: Agent search 2-161
2026-10-09 09:47:17,739 INFO o.a.j.t.JMeterThread: Thread is done: Ticket intake 1-40
2026-10-09 09:47:17,739 INFO o.a.j.t.JMeterThread: Thread finished: Ticket intake 1-40
2026-10-09 09:47:18,958 INFO o.a.j.t.JMeterThread: Thread started: Agent search 2-162
2026-10-09 09:47:19,063 INFO o.a.j.t.JMeterThread: Thread is done: Agent search 2-162
2026-10-09 09:47:19,063 INFO o.a.j.t.JMeterThread: Thread finished: Agent search 2-162
2026-10-09 09:47:24,386 INFO o.a.j.t.JMeterThread: Thread started: Agent search 2-163
2026-10-09 09:47:24,873 INFO o.a.j.t.JMeterThread: Thread is done: Agent search 2-163
2026-10-09 09:47:24,873 INFO o.a.j.t.JMeterThread: Thread finished: Agent search 2-163
2026-10-09 09:47:29,160 INFO o.a.j.t.JMeterThread: Thread is done: Ticket intake 1-41
2026-10-09 09:47:29,161 INFO o.a.j.t.JMeterThread: Thread finished: Ticket intake 1-41
2026-10-09 09:47:30,804 INFO o.a.j.t.JMeterThread: Thread started: Agent search 2-164
2026-10-09 09:47:31,051 INFO o.a.j.r.Summariser: summary +      9 in 00:00:28 =    0.3/s Avg:  3801 Min:   103 Max: 20731 Err:     0 (0.00%) Active: 2 Started: 206 Finished: 204
2026-10-09 09:47:31,052 INFO o.a.j.r.Summariser: summary =    205 in 00:13:26 =    0.3/s Avg:  3327 Min:    64 Max: 33084 Err:     0 (0.00%)
2026-10-09 09:47:31,052 INFO o.a.j.t.JMeterThread: Thread is done: Agent search 2-164
2026-10-09 09:47:31,052 INFO o.a.j.t.JMeterThread: Thread finished: Agent search 2-164
2026-10-09 09:47:32,897 INFO o.a.j.t.JMeterThread: Thread started: Agent search 2-165
2026-10-09 09:47:33,009 INFO o.a.j.t.JMeterThread: Thread started: Agent search 2-166
2026-10-09 09:47:33,101 INFO o.a.j.t.JMeterThread: Thread is done: Agent search 2-165
2026-10-09 09:47:33,101 INFO o.a.j.t.JMeterThread: Thread finished: Agent search 2-165
2026-10-09 09:47:33,202 INFO o.a.j.t.JMeterThread: Thread is done: Agent search 2-166
2026-10-09 09:47:33,202 INFO o.a.j.t.JMeterThread: Thread finished: Agent search 2-166
2026-10-09 09:47:38,513 INFO o.a.j.t.JMeterThread: Thread started: Agent search 2-167
2026-10-09 09:47:38,736 INFO o.a.j.t.JMeterThread: Thread is done: Agent search 2-167
2026-10-09 09:47:38,736 INFO o.a.j.t.JMeterThread: Thread finished: Agent search 2-167
2026-10-09 09:47:41,905 INFO o.a.j.t.JMeterThread: Thread is done: Ticket intake 1-42
2026-10-09 09:47:41,905 INFO o.a.j.t.JMeterThread: Thread finished: Ticket intake 1-42
2026-10-09 09:47:47,739 INFO o.a.j.t.JMeterThread: Thread started: Agent search 2-168
2026-10-09 09:47:48,090 INFO o.a.j.t.JMeterThread: Thread is done: Agent search 2-168
2026-10-09 09:47:48,090 INFO o.a.j.t.JMeterThread: Thread finished: Agent search 2-168
2026-10-09 09:47:51,235 INFO o.a.j.t.JMeterThread: Thread started: Agent search 2-169
2026-10-09 09:47:51,429 INFO o.a.j.t.JMeterThread: Thread is done: Agent search 2-169
2026-10-09 09:47:51,429 INFO o.a.j.t.JMeterThread: Thread finished: Agent search 2-169
2026-10-09 09:47:52,103 INFO o.a.j.t.JMeterThread: Thread started: Agent search 2-170
2026-10-09 09:47:52,249 INFO o.a.j.t.JMeterThread: Thread is done: Agent search 2-170
2026-10-09 09:47:52,249 INFO o.a.j.t.JMeterThread: Thread finished: Agent search 2-170
2026-10-09 09:47:58,131 INFO o.a.j.t.JMeterThread: Thread started: Agent search 2-171
2026-10-09 09:47:58,393 INFO o.a.j.t.JMeterThread: Thread is done: Agent search 2-171
2026-10-09 09:47:58,393 INFO o.a.j.t.JMeterThread: Thread finished: Agent search 2-171
2026-10-09 09:47:59,588 INFO o.a.j.t.JMeterThread: Thread started: Agent search 2-172
2026-10-09 09:47:59,688 INFO o.a.j.t.JMeterThread: Thread is done: Agent search 2-172
2026-10-09 09:47:59,688 INFO o.a.j.t.JMeterThread: Thread finished: Agent search 2-172
2026-10-09 09:48:00,246 INFO o.a.j.t.JMeterThread: Thread started: Ticket intake 1-43
2026-10-09 09:48:00,991 INFO o.a.j.t.JMeterThread: Thread started: Agent search 2-173
2026-10-09 09:48:01,260 INFO o.a.j.r.Summariser: summary +     10 in 00:00:30 =    0.3/s Avg:  2913 Min:    98 Max: 27204 Err:     0 (0.00%) Active: 2 Started: 216 Finished: 214
2026-10-09 09:48:01,260 INFO o.a.j.r.Summariser: summary =    215 in 00:13:56 =    0.3/s Avg:  3308 Min:    64 Max: 33084 Err:     0 (0.00%)
2026-10-09 09:48:01,260 INFO o.a.j.t.JMeterThread: Thread is done: Agent search 2-173
2026-10-09 09:48:01,260 INFO o.a.j.t.JMeterThread: Thread finished: Agent search 2-173
2026-10-09 09:48:05,174 INFO o.a.j.t.JMeterThread: Thread started: Ticket intake 1-44
2026-10-09 09:48:06,571 INFO o.a.j.t.JMeterThread: Thread started: Agent search 2-174
2026-10-09 09:48:06,789 INFO o.a.j.t.JMeterThread: Thread is done: Agent search 2-174
2026-10-09 09:48:06,789 INFO o.a.j.t.JMeterThread: Thread finished: Agent search 2-174
2026-10-09 09:48:08,388 INFO o.a.j.t.JMeterThread: Thread started: Agent search 2-175
2026-10-09 09:48:08,636 INFO o.a.j.t.JMeterThread: Thread is done: Agent search 2-175
2026-10-09 09:48:08,636 INFO o.a.j.t.JMeterThread: Thread finished: Agent search 2-175
2026-10-09 09:48:12,686 INFO o.a.j.t.JMeterThread: Thread started: Agent search 2-176
2026-10-09 09:48:12,831 INFO o.a.j.t.JMeterThread: Thread is done: Agent search 2-176
2026-10-09 09:48:12,831 INFO o.a.j.t.JMeterThread: Thread finished: Agent search 2-176
2026-10-09 09:48:14,469 INFO o.a.j.t.JMeterThread: Thread is done: Ticket intake 1-43
2026-10-09 09:48:14,469 INFO o.a.j.t.JMeterThread: Thread finished: Ticket intake 1-43
2026-10-09 09:48:15,070 INFO o.a.j.t.JMeterThread: Thread started: Agent search 2-177
2026-10-09 09:48:15,288 INFO o.a.j.t.JMeterThread: Thread is done: Agent search 2-177
2026-10-09 09:48:15,288 INFO o.a.j.t.JMeterThread: Thread finished: Agent search 2-177
2026-10-09 09:48:15,932 INFO o.a.j.t.JMeterThread: Thread started: Agent search 2-178
2026-10-09 09:48:16,107 INFO o.a.j.t.JMeterThread: Thread is done: Agent search 2-178
2026-10-09 09:48:16,107 INFO o.a.j.t.JMeterThread: Thread finished: Agent search 2-178
2026-10-09 09:48:17,073 INFO o.a.j.t.JMeterThread: Thread started: Ticket intake 1-45
2026-10-09 09:48:25,094 INFO o.a.j.t.JMeterThread: Thread started: Agent search 2-179
2026-10-09 09:48:25,149 INFO o.a.j.t.JMeterThread: Thread is done: Agent search 2-179
2026-10-09 09:48:25,149 INFO o.a.j.t.JMeterThread: Thread finished: Agent search 2-179
2026-10-09 09:48:25,253 INFO o.a.j.t.JMeterThread: Thread started: Agent search 2-180
2026-10-09 09:48:25,426 INFO o.a.j.t.JMeterThread: Thread is done: Agent search 2-180
2026-10-09 09:48:25,426 INFO o.a.j.t.JMeterThread: Thread finished: Agent search 2-180
2026-10-09 09:48:26,623 INFO o.a.j.t.JMeterThread: Thread started: Ticket intake 1-46
2026-10-09 09:48:29,419 INFO o.a.j.t.JMeterThread: Thread is done: Ticket intake 1-44
2026-10-09 09:48:29,419 INFO o.a.j.t.JMeterThread: Thread finished: Ticket intake 1-44
2026-10-09 09:48:29,738 INFO o.a.j.t.JMeterThread: Thread started: Agent search 2-181
2026-10-09 09:48:29,850 INFO o.a.j.t.JMeterThread: Thread is done: Agent search 2-181
2026-10-09 09:48:29,850 INFO o.a.j.t.JMeterThread: Thread finished: Agent search 2-181
2026-10-09 09:48:30,173 INFO o.a.j.t.JMeterThread: Thread started: Agent search 2-182
2026-10-09 09:48:30,232 INFO o.a.j.r.Summariser: summary +     11 in 00:00:29 =    0.4/s Avg:  3622 Min:    53 Max: 24244 Err:     0 (0.00%) Active: 3 Started: 228 Finished: 225
2026-10-09 09:48:30,232 INFO o.a.j.r.Summariser: summary =    226 in 00:14:25 =    0.3/s Avg:  3323 Min:    53 Max: 33084 Err:     0 (0.00%)
2026-10-09 09:48:30,232 INFO o.a.j.t.JMeterThread: Thread is done: Agent search 2-182
2026-10-09 09:48:30,232 INFO o.a.j.t.JMeterThread: Thread finished: Agent search 2-182
2026-10-09 09:48:36,895 INFO o.a.j.t.JMeterThread: Thread is done: Ticket intake 1-45
2026-10-09 09:48:36,895 INFO o.a.j.t.JMeterThread: Thread finished: Ticket intake 1-45
2026-10-09 09:48:38,953 INFO o.a.j.t.JMeterThread: Thread started: Agent search 2-183
2026-10-09 09:48:40,377 INFO o.a.j.t.JMeterThread: Thread is done: Agent search 2-183
2026-10-09 09:48:40,377 INFO o.a.j.t.JMeterThread: Thread finished: Agent search 2-183
2026-10-09 09:48:47,237 INFO o.a.j.t.JMeterThread: Thread is done: Ticket intake 1-46
2026-10-09 09:48:47,237 INFO o.a.j.t.JMeterThread: Thread finished: Ticket intake 1-46
2026-10-09 09:48:48,384 INFO o.a.j.t.JMeterThread: Thread started: Agent search 2-184
2026-10-09 09:48:48,570 INFO o.a.j.t.JMeterThread: Thread is done: Agent search 2-184
2026-10-09 09:48:48,570 INFO o.a.j.t.JMeterThread: Thread finished: Agent search 2-184
2026-10-09 09:48:55,092 INFO o.a.j.t.JMeterThread: Thread started: Ticket intake 1-47
2026-10-09 09:48:56,320 INFO o.a.j.t.JMeterThread: Thread started: Agent search 2-185
2026-10-09 09:48:56,556 INFO o.a.j.t.JMeterThread: Thread is done: Agent search 2-185
2026-10-09 09:48:56,556 INFO o.a.j.t.JMeterThread: Thread finished: Agent search 2-185
2026-10-09 09:48:56,882 INFO o.a.j.t.JMeterThread: Thread started: Agent search 2-186
2026-10-09 09:48:57,068 INFO o.a.j.t.JMeterThread: Thread is done: Agent search 2-186
2026-10-09 09:48:57,069 INFO o.a.j.t.JMeterThread: Thread finished: Agent search 2-186
2026-10-09 09:48:59,481 INFO o.a.j.t.JMeterThread: Thread started: Ticket intake 1-48
2026-10-09 09:49:01,665 INFO o.a.j.t.JMeterThread: Thread started: Ticket intake 1-49
2026-10-09 09:49:01,774 INFO o.a.j.t.JMeterThread: Thread started: Agent search 2-187
2026-10-09 09:49:01,985 INFO o.a.j.r.Summariser: summary +      7 in 00:00:32 =    0.2/s Avg:  6095 Min:   184 Max: 20613 Err:     0 (0.00%) Active: 4 Started: 236 Finished: 232
2026-10-09 09:49:01,985 INFO o.a.j.r.Summariser: summary =    233 in 00:14:57 =    0.3/s Avg:  3406 Min:    53 Max: 33084 Err:     0 (0.00%)
2026-10-09 09:49:01,985 INFO o.a.j.t.JMeterThread: Thread is done: Agent search 2-187
2026-10-09 09:49:01,985 INFO o.a.j.t.JMeterThread: Thread finished: Agent search 2-187
2026-10-09 09:49:02,364 INFO o.a.j.t.JMeterThread: Thread started: Agent search 2-188
2026-10-09 09:49:02,653 INFO o.a.j.t.JMeterThread: Thread is done: Agent search 2-188
2026-10-09 09:49:02,653 INFO o.a.j.t.JMeterThread: Thread finished: Agent search 2-188
2026-10-09 09:49:08,845 INFO o.a.j.t.JMeterThread: Thread is done: Ticket intake 1-47
2026-10-09 09:49:08,845 INFO o.a.j.t.JMeterThread: Thread finished: Ticket intake 1-47
2026-10-09 09:49:09,893 INFO o.a.j.t.JMeterThread: Thread started: Agent search 2-189
2026-10-09 09:49:10,073 INFO o.a.j.t.JMeterThread: Thread is done: Agent search 2-189
2026-10-09 09:49:10,073 INFO o.a.j.t.JMeterThread: Thread finished: Agent search 2-189
2026-10-09 09:49:15,910 INFO o.a.j.t.JMeterThread: Thread is done: Ticket intake 1-48
2026-10-09 09:49:15,910 INFO o.a.j.t.JMeterThread: Thread finished: Ticket intake 1-48
2026-10-09 09:49:24,101 INFO o.a.j.t.JMeterThread: Thread is done: Ticket intake 1-49
2026-10-09 09:49:24,102 INFO o.a.j.t.JMeterThread: Thread finished: Ticket intake 1-49
2026-10-09 09:49:24,329 INFO o.a.j.t.JMeterThread: Thread started: Ticket intake 1-50
2026-10-09 09:49:25,081 INFO o.a.j.t.JMeterThread: Thread started: Agent search 2-190
2026-10-09 09:49:25,331 INFO o.a.j.t.JMeterThread: Thread is done: Agent search 2-190
2026-10-09 09:49:25,331 INFO o.a.j.t.JMeterThread: Thread finished: Agent search 2-190
2026-10-09 09:49:25,841 INFO o.a.j.t.JMeterThread: Thread started: Agent search 2-191
2026-10-09 09:49:26,049 INFO o.a.j.t.JMeterThread: Thread is done: Agent search 2-191
2026-10-09 09:49:26,049 INFO o.a.j.t.JMeterThread: Thread finished: Agent search 2-191
2026-10-09 09:49:30,688 INFO o.a.j.t.JMeterThread: Thread started: Agent search 2-192
2026-10-09 09:49:31,037 INFO o.a.j.r.Summariser: summary +      8 in 00:00:29 =    0.3/s Avg:  6735 Min:   178 Max: 22434 Err:     0 (0.00%) Active: 2 Started: 242 Finished: 240
2026-10-09 09:49:31,037 INFO o.a.j.r.Summariser: summary =    241 in 00:15:26 =    0.3/s Avg:  3517 Min:    53 Max: 33084 Err:     0 (0.00%)
2026-10-09 09:49:31,037 INFO o.a.j.t.JMeterThread: Thread is done: Agent search 2-192
2026-10-09 09:49:31,037 INFO o.a.j.t.JMeterThread: Thread finished: Agent search 2-192
2026-10-09 09:49:32,498 INFO o.a.j.t.JMeterThread: Thread is done: Ticket intake 1-50
2026-10-09 09:49:32,498 INFO o.a.j.t.JMeterThread: Thread finished: Ticket intake 1-50
2026-10-09 09:49:36,751 INFO o.a.j.t.JMeterThread: Thread started: Agent search 2-193
2026-10-09 09:49:37,005 INFO o.a.j.t.JMeterThread: Thread is done: Agent search 2-193
2026-10-09 09:49:37,005 INFO o.a.j.t.JMeterThread: Thread finished: Agent search 2-193
2026-10-09 09:49:39,612 INFO o.a.j.t.JMeterThread: Thread started: Agent search 2-194
2026-10-09 09:49:39,976 INFO o.a.j.t.JMeterThread: Thread is done: Agent search 2-194
2026-10-09 09:49:39,976 INFO o.a.j.t.JMeterThread: Thread finished: Agent search 2-194
2026-10-09 09:49:45,874 INFO o.a.j.t.JMeterThread: Thread started: Agent search 2-195
2026-10-09 09:49:46,007 INFO o.a.j.t.JMeterThread: Thread is done: Agent search 2-195
2026-10-09 09:49:46,007 INFO o.a.j.t.JMeterThread: Thread finished: Agent search 2-195
2026-10-09 09:49:46,215 INFO o.a.j.t.JMeterThread: Thread started: Ticket intake 1-51
2026-10-09 09:49:48,123 INFO o.a.j.t.JMeterThread: Thread started: Agent search 2-196
2026-10-09 09:49:48,371 INFO o.a.j.t.JMeterThread: Thread is done: Agent search 2-196
2026-10-09 09:49:48,371 INFO o.a.j.t.JMeterThread: Thread finished: Agent search 2-196
2026-10-09 09:49:49,634 INFO o.a.j.t.JMeterThread: Thread started: Agent search 2-197
2026-10-09 09:49:49,805 INFO o.a.j.t.JMeterThread: Thread is done: Agent search 2-197
2026-10-09 09:49:49,805 INFO o.a.j.t.JMeterThread: Thread finished: Agent search 2-197
2026-10-09 09:49:52,606 INFO o.a.j.t.JMeterThread: Thread started: Agent search 2-198
2026-10-09 09:49:52,877 INFO o.a.j.t.JMeterThread: Thread is done: Agent search 2-198
2026-10-09 09:49:52,877 INFO o.a.j.t.JMeterThread: Thread finished: Agent search 2-198
2026-10-09 09:49:58,357 INFO o.a.j.t.JMeterThread: Thread started: Agent search 2-199
2026-10-09 09:49:58,360 INFO o.a.j.t.JMeterThread: Thread started: Agent search 2-200
2026-10-09 09:49:58,366 INFO o.a.j.t.JMeterThread: Thread is done: Ticket intake 1-51
2026-10-09 09:49:58,366 INFO o.a.j.t.JMeterThread: Thread finished: Ticket intake 1-51
2026-10-09 09:49:58,443 INFO o.a.j.t.JMeterThread: Thread is done: Agent search 2-199
2026-10-09 09:49:58,443 INFO o.a.j.t.JMeterThread: Thread is done: Agent search 2-200
2026-10-09 09:49:58,443 INFO o.a.j.t.JMeterThread: Thread finished: Agent search 2-199
2026-10-09 09:49:58,443 INFO o.a.j.t.JMeterThread: Thread finished: Agent search 2-200
2026-10-09 09:49:58,898 INFO o.a.j.t.JMeterThread: Thread started: Ticket intake 1-52
2026-10-09 09:49:59,817 INFO o.a.j.t.JMeterThread: Thread started: Agent search 2-201
2026-10-09 09:50:00,045 INFO o.a.j.r.Summariser: summary +     11 in 00:00:29 =    0.4/s Avg:  2013 Min:    82 Max: 12150 Err:     0 (0.00%) Active: 2 Started: 253 Finished: 251
2026-10-09 09:50:00,045 INFO o.a.j.r.Summariser: summary =    252 in 00:15:55 =    0.3/s Avg:  3451 Min:    53 Max: 33084 Err:     0 (0.00%)
2026-10-09 09:50:00,045 INFO o.a.j.t.JMeterThread: Thread is done: Agent search 2-201
2026-10-09 09:50:00,045 INFO o.a.j.t.JMeterThread: Thread finished: Agent search 2-201
2026-10-09 09:50:02,766 INFO o.a.j.t.JMeterThread: Thread started: Agent search 2-202
2026-10-09 09:50:03,015 INFO o.a.j.t.JMeterThread: Thread is done: Agent search 2-202
2026-10-09 09:50:03,015 INFO o.a.j.t.JMeterThread: Thread finished: Agent search 2-202
2026-10-09 09:50:09,262 INFO o.a.j.t.JMeterThread: Thread is done: Ticket intake 1-52
2026-10-09 09:50:09,262 INFO o.a.j.t.JMeterThread: Thread finished: Ticket intake 1-52
2026-10-09 09:50:10,160 INFO o.a.j.t.JMeterThread: Thread started: Agent search 2-203
2026-10-09 09:50:10,387 INFO o.a.j.t.JMeterThread: Thread is done: Agent search 2-203
2026-10-09 09:50:10,388 INFO o.a.j.t.JMeterThread: Thread finished: Agent search 2-203
2026-10-09 09:50:11,940 INFO o.a.j.t.JMeterThread: Thread started: Agent search 2-204
2026-10-09 09:50:13,255 INFO o.a.j.t.JMeterThread: Thread is done: Agent search 2-204
2026-10-09 09:50:13,255 INFO o.a.j.t.JMeterThread: Thread finished: Agent search 2-204
2026-10-09 09:50:21,836 INFO o.a.j.t.JMeterThread: Thread started: Agent search 2-205
2026-10-09 09:50:22,069 INFO o.a.j.t.JMeterThread: Thread is done: Agent search 2-205
2026-10-09 09:50:22,069 INFO o.a.j.t.JMeterThread: Thread finished: Agent search 2-205
2026-10-09 09:50:22,223 INFO o.a.j.t.JMeterThread: Thread started: Agent search 2-206
2026-10-09 09:50:22,369 INFO o.a.j.t.JMeterThread: Thread is done: Agent search 2-206
2026-10-09 09:50:22,369 INFO o.a.j.t.JMeterThread: Thread finished: Agent search 2-206
2026-10-09 09:50:22,407 INFO o.a.j.t.JMeterThread: Thread started: Ticket intake 1-53
2026-10-09 09:50:30,459 INFO o.a.j.r.Summariser: summary +      7 in 00:00:30 =    0.2/s Avg:  2939 Min:   144 Max: 10362 Err:     0 (0.00%) Active: 1 Started: 259 Finished: 258
2026-10-09 09:50:30,460 INFO o.a.j.r.Summariser: summary =    259 in 00:16:26 =    0.3/s Avg:  3437 Min:    53 Max: 33084 Err:     0 (0.00%)
2026-10-09 09:50:30,460 INFO o.a.j.t.JMeterThread: Thread is done: Ticket intake 1-53
2026-10-09 09:50:30,460 INFO o.a.j.t.JMeterThread: Thread finished: Ticket intake 1-53
2026-10-09 09:50:31,937 INFO o.a.j.t.JMeterThread: Thread started: Agent search 2-207
2026-10-09 09:50:32,200 INFO o.a.j.t.JMeterThread: Thread is done: Agent search 2-207
2026-10-09 09:50:32,200 INFO o.a.j.t.JMeterThread: Thread finished: Agent search 2-207
2026-10-09 09:50:36,777 INFO o.a.j.t.JMeterThread: Thread started: Ticket intake 1-54
2026-10-09 09:50:42,820 INFO o.a.j.t.JMeterThread: Thread started: Agent search 2-208
2026-10-09 09:50:43,054 INFO o.a.j.t.JMeterThread: Thread is done: Agent search 2-208
2026-10-09 09:50:43,054 INFO o.a.j.t.JMeterThread: Thread finished: Agent search 2-208
2026-10-09 09:50:45,027 INFO o.a.j.t.JMeterThread: Thread started: Agent search 2-209
2026-10-09 09:50:45,265 INFO o.a.j.t.JMeterThread: Thread is done: Agent search 2-209
2026-10-09 09:50:45,265 INFO o.a.j.t.JMeterThread: Thread finished: Agent search 2-209
2026-10-09 09:50:46,427 INFO o.a.j.t.JMeterThread: Thread started: Ticket intake 1-55
2026-10-09 09:50:47,121 INFO o.a.j.t.JMeterThread: Thread started: Ticket intake 1-56
2026-10-09 09:50:49,336 INFO o.a.j.t.JMeterThread: Thread started: Agent search 2-210
2026-10-09 09:50:49,507 INFO o.a.j.t.JMeterThread: Thread is done: Agent search 2-210
2026-10-09 09:50:49,507 INFO o.a.j.t.JMeterThread: Thread finished: Agent search 2-210
2026-10-09 09:50:49,508 INFO o.a.j.t.JMeterThread: Thread is done: Ticket intake 1-54
2026-10-09 09:50:49,508 INFO o.a.j.t.JMeterThread: Thread finished: Ticket intake 1-54
2026-10-09 09:50:52,314 INFO o.a.j.t.JMeterThread: Thread started: Agent search 2-211
2026-10-09 09:50:52,477 INFO o.a.j.t.JMeterThread: Thread is done: Agent search 2-211
2026-10-09 09:50:52,478 INFO o.a.j.t.JMeterThread: Thread finished: Agent search 2-211
2026-10-09 09:50:54,192 INFO o.a.j.t.JMeterThread: Thread started: Agent search 2-212
2026-10-09 09:50:54,422 INFO o.a.j.t.JMeterThread: Thread is done: Agent search 2-212
2026-10-09 09:50:54,423 INFO o.a.j.t.JMeterThread: Thread finished: Agent search 2-212
2026-10-09 09:50:57,908 INFO o.a.j.t.JMeterThread: Thread is done: Ticket intake 1-55
2026-10-09 09:50:57,908 INFO o.a.j.t.JMeterThread: Thread finished: Ticket intake 1-55
2026-10-09 09:51:05,418 INFO o.a.j.t.JMeterThread: Thread started: Agent search 2-213
2026-10-09 09:51:05,583 INFO o.a.j.r.Summariser: summary +      9 in 00:00:35 =    0.3/s Avg:  2851 Min:   160 Max: 12730 Err:     0 (0.00%) Active: 2 Started: 269 Finished: 267
2026-10-09 09:51:05,584 INFO o.a.j.r.Summariser: summary =    268 in 00:17:01 =    0.3/s Avg:  3418 Min:    53 Max: 33084 Err:     0 (0.00%)
2026-10-09 09:51:05,584 INFO o.a.j.t.JMeterThread: Thread is done: Agent search 2-213
2026-10-09 09:51:05,584 INFO o.a.j.t.JMeterThread: Thread finished: Agent search 2-213
2026-10-09 09:51:08,757 INFO o.a.j.t.JMeterThread: Thread is done: Ticket intake 1-56
2026-10-09 09:51:08,757 INFO o.a.j.t.JMeterThread: Thread finished: Ticket intake 1-56
2026-10-09 09:51:09,318 INFO o.a.j.t.JMeterThread: Thread started: Agent search 2-214
2026-10-09 09:51:09,576 INFO o.a.j.t.JMeterThread: Thread is done: Agent search 2-214
2026-10-09 09:51:09,576 INFO o.a.j.t.JMeterThread: Thread finished: Agent search 2-214
2026-10-09 09:51:12,349 INFO o.a.j.t.JMeterThread: Thread started: Agent search 2-215
2026-10-09 09:51:12,490 INFO o.a.j.t.JMeterThread: Thread is done: Agent search 2-215
2026-10-09 09:51:12,490 INFO o.a.j.t.JMeterThread: Thread finished: Agent search 2-215
2026-10-09 09:51:27,326 INFO o.a.j.t.JMeterThread: Thread started: Agent search 2-216
2026-10-09 09:51:27,600 INFO o.a.j.t.JMeterThread: Thread is done: Agent search 2-216
2026-10-09 09:51:27,600 INFO o.a.j.t.JMeterThread: Thread finished: Agent search 2-216
2026-10-09 09:51:30,288 INFO o.a.j.t.JMeterThread: Thread started: Agent search 2-217
2026-10-09 09:51:30,569 INFO o.a.j.r.Summariser: summary +      5 in 00:00:25 =    0.2/s Avg:  4516 Min:   139 Max: 21635 Err:     0 (0.00%) Active: 1 Started: 273 Finished: 272
2026-10-09 09:51:30,570 INFO o.a.j.r.Summariser: summary =    273 in 00:17:26 =    0.3/s Avg:  3438 Min:    53 Max: 33084 Err:     0 (0.00%)
2026-10-09 09:51:30,570 INFO o.a.j.t.JMeterThread: Thread is done: Agent search 2-217
2026-10-09 09:51:30,570 INFO o.a.j.t.JMeterThread: Thread finished: Agent search 2-217
2026-10-09 09:51:34,167 INFO o.a.j.t.JMeterThread: Thread started: Agent search 2-218
2026-10-09 09:51:34,357 INFO o.a.j.t.JMeterThread: Thread is done: Agent search 2-218
2026-10-09 09:51:34,357 INFO o.a.j.t.JMeterThread: Thread finished: Agent search 2-218
2026-10-09 09:51:36,392 INFO o.a.j.t.JMeterThread: Thread started: Agent search 2-219
2026-10-09 09:51:36,564 INFO o.a.j.t.JMeterThread: Thread is done: Agent search 2-219
2026-10-09 09:51:36,565 INFO o.a.j.t.JMeterThread: Thread finished: Agent search 2-219
2026-10-09 09:51:36,877 INFO o.a.j.t.JMeterThread: Thread started: Ticket intake 1-57
2026-10-09 09:51:38,293 INFO o.a.j.t.JMeterThread: Thread started: Ticket intake 1-58
2026-10-09 09:51:45,686 INFO o.a.j.t.JMeterThread: Thread is done: Ticket intake 1-57
2026-10-09 09:51:45,686 INFO o.a.j.t.JMeterThread: Thread finished: Ticket intake 1-57
2026-10-09 09:51:52,482 INFO o.a.j.t.JMeterThread: Thread is done: Ticket intake 1-58
2026-10-09 09:51:52,482 INFO o.a.j.t.JMeterThread: Thread finished: Ticket intake 1-58
2026-10-09 09:51:52,584 INFO o.a.j.t.JMeterThread: Thread started: Ticket intake 1-59
2026-10-09 09:51:56,534 INFO o.a.j.t.JMeterThread: Thread started: Agent search 2-220
2026-10-09 09:51:56,785 INFO o.a.j.t.JMeterThread: Thread is done: Agent search 2-220
2026-10-09 09:51:56,785 INFO o.a.j.t.JMeterThread: Thread finished: Agent search 2-220
2026-10-09 09:51:57,304 INFO o.a.j.t.JMeterThread: Thread started: Agent search 2-221
2026-10-09 09:51:57,500 INFO o.a.j.t.JMeterThread: Thread is done: Agent search 2-221
2026-10-09 09:51:57,500 INFO o.a.j.t.JMeterThread: Thread finished: Agent search 2-221
2026-10-09 09:51:59,603 INFO o.a.j.t.JMeterThread: Thread started: Agent search 2-222
2026-10-09 09:51:59,695 INFO o.a.j.t.JMeterThread: Thread is done: Agent search 2-222
2026-10-09 09:51:59,695 INFO o.a.j.t.JMeterThread: Thread finished: Agent search 2-222
2026-10-09 09:52:01,155 INFO o.a.j.t.JMeterThread: Thread started: Ticket intake 1-60
2026-10-09 09:52:02,397 INFO o.a.j.t.JMeterThread: Thread started: Ticket intake 1-61
2026-10-09 09:52:03,619 INFO o.a.j.t.JMeterThread: Thread started: Agent search 2-223
2026-10-09 09:52:03,654 INFO o.a.j.t.JMeterThread: Thread started: Ticket intake 1-62
2026-10-09 09:52:04,054 INFO o.a.j.r.Summariser: summary +      8 in 00:00:33 =    0.2/s Avg:  3040 Min:    91 Max: 14187 Err:     0 (0.00%) Active: 5 Started: 285 Finished: 280
2026-10-09 09:52:04,055 INFO o.a.j.r.Summariser: summary =    281 in 00:17:59 =    0.3/s Avg:  3426 Min:    53 Max: 33084 Err:     0 (0.00%)
2026-10-09 09:52:04,055 INFO o.a.j.t.JMeterThread: Thread is done: Agent search 2-223
2026-10-09 09:52:04,055 INFO o.a.j.t.JMeterThread: Thread finished: Agent search 2-223
2026-10-09 09:52:04,958 INFO o.a.j.t.JMeterThread: Thread started: Agent search 2-224
2026-10-09 09:52:05,078 INFO o.a.j.t.JMeterThread: Thread is done: Agent search 2-224
2026-10-09 09:52:05,078 INFO o.a.j.t.JMeterThread: Thread finished: Agent search 2-224
2026-10-09 09:52:05,795 INFO o.a.j.t.JMeterThread: Thread is done: Ticket intake 1-59
2026-10-09 09:52:05,795 INFO o.a.j.t.JMeterThread: Thread finished: Ticket intake 1-59
2026-10-09 09:52:07,382 INFO o.a.j.t.JMeterThread: Thread started: Agent search 2-225
2026-10-09 09:52:07,639 INFO o.a.j.t.JMeterThread: Thread is done: Agent search 2-225
2026-10-09 09:52:07,639 INFO o.a.j.t.JMeterThread: Thread finished: Agent search 2-225
2026-10-09 09:52:08,652 INFO o.a.j.t.JMeterThread: Thread started: Agent search 2-226
2026-10-09 09:52:08,867 INFO o.a.j.t.JMeterThread: Thread is done: Agent search 2-226
2026-10-09 09:52:08,867 INFO o.a.j.t.JMeterThread: Thread finished: Agent search 2-226
2026-10-09 09:52:15,829 INFO o.a.j.t.JMeterThread: Thread is done: Ticket intake 1-60
2026-10-09 09:52:15,829 INFO o.a.j.t.JMeterThread: Thread finished: Ticket intake 1-60
2026-10-09 09:52:23,404 INFO o.a.j.t.JMeterThread: Thread started: Agent search 2-227
2026-10-09 09:52:23,612 INFO o.a.j.t.JMeterThread: Thread is done: Agent search 2-227
2026-10-09 09:52:23,612 INFO o.a.j.t.JMeterThread: Thread finished: Agent search 2-227
2026-10-09 09:52:23,826 INFO o.a.j.t.JMeterThread: Thread is done: Ticket intake 1-61
2026-10-09 09:52:23,826 INFO o.a.j.t.JMeterThread: Thread finished: Ticket intake 1-61
2026-10-09 09:52:25,012 INFO o.a.j.t.JMeterThread: Thread started: Ticket intake 1-63
2026-10-09 09:52:26,834 INFO o.a.j.t.JMeterThread: Thread started: Agent search 2-228
2026-10-09 09:52:26,920 INFO o.a.j.t.JMeterThread: Thread is done: Agent search 2-228
2026-10-09 09:52:26,920 INFO o.a.j.t.JMeterThread: Thread finished: Agent search 2-228
2026-10-09 09:52:31,931 INFO o.a.j.t.JMeterThread: Thread started: Agent search 2-229
2026-10-09 09:52:32,111 INFO o.a.j.r.Summariser: summary +      9 in 00:00:28 =    0.3/s Avg:  5597 Min:    85 Max: 21428 Err:     0 (0.00%) Active: 3 Started: 292 Finished: 289
2026-10-09 09:52:32,111 INFO o.a.j.r.Summariser: summary =    290 in 00:18:27 =    0.3/s Avg:  3494 Min:    53 Max: 33084 Err:     0 (0.00%)
2026-10-09 09:52:32,112 INFO o.a.j.t.JMeterThread: Thread is done: Agent search 2-229
2026-10-09 09:52:32,112 INFO o.a.j.t.JMeterThread: Thread finished: Agent search 2-229
2026-10-09 09:52:36,310 INFO o.a.j.t.JMeterThread: Thread is done: Ticket intake 1-62
2026-10-09 09:52:36,311 INFO o.a.j.t.JMeterThread: Thread finished: Ticket intake 1-62
2026-10-09 09:52:40,243 INFO o.a.j.t.JMeterThread: Thread started: Agent search 2-230
2026-10-09 09:52:40,407 INFO o.a.j.t.JMeterThread: Thread is done: Agent search 2-230
2026-10-09 09:52:40,407 INFO o.a.j.t.JMeterThread: Thread finished: Agent search 2-230
2026-10-09 09:52:42,513 INFO o.a.j.t.JMeterThread: Thread started: Agent search 2-231
2026-10-09 09:52:42,763 INFO o.a.j.t.JMeterThread: Thread is done: Agent search 2-231
2026-10-09 09:52:42,763 INFO o.a.j.t.JMeterThread: Thread finished: Agent search 2-231
2026-10-09 09:52:44,298 INFO o.a.j.t.JMeterThread: Thread is done: Ticket intake 1-63
2026-10-09 09:52:44,298 INFO o.a.j.t.JMeterThread: Thread finished: Ticket intake 1-63
2026-10-09 09:52:46,860 INFO o.a.j.t.JMeterThread: Thread started: Agent search 2-232
2026-10-09 09:52:47,063 INFO o.a.j.t.JMeterThread: Thread is done: Agent search 2-232
2026-10-09 09:52:47,063 INFO o.a.j.t.JMeterThread: Thread finished: Agent search 2-232
2026-10-09 09:52:50,160 INFO o.a.j.t.JMeterThread: Thread started: Ticket intake 1-64
2026-10-09 09:52:50,576 INFO o.a.j.t.JMeterThread: Thread started: Agent search 2-233
2026-10-09 09:52:50,783 INFO o.a.j.t.JMeterThread: Thread is done: Agent search 2-233
2026-10-09 09:52:50,783 INFO o.a.j.t.JMeterThread: Thread finished: Agent search 2-233
2026-10-09 09:52:51,722 INFO o.a.j.t.JMeterThread: Thread started: Agent search 2-234
2026-10-09 09:52:51,978 INFO o.a.j.t.JMeterThread: Thread is done: Agent search 2-234
2026-10-09 09:52:51,978 INFO o.a.j.t.JMeterThread: Thread finished: Agent search 2-234
2026-10-09 09:52:57,306 INFO o.a.j.t.JMeterThread: Thread started: Agent search 2-235
2026-10-09 09:52:57,508 INFO o.a.j.t.JMeterThread: Thread is done: Agent search 2-235
2026-10-09 09:52:57,508 INFO o.a.j.t.JMeterThread: Thread finished: Agent search 2-235
2026-10-09 09:52:58,019 INFO o.a.j.t.JMeterThread: Thread is done: Ticket intake 1-64
2026-10-09 09:52:58,019 INFO o.a.j.t.JMeterThread: Thread finished: Ticket intake 1-64
2026-10-09 09:52:58,947 INFO o.a.j.t.JMeterThread: Thread started: Agent search 2-236
2026-10-09 09:52:59,320 INFO o.a.j.t.JMeterThread: Thread is done: Agent search 2-236
2026-10-09 09:52:59,321 INFO o.a.j.t.JMeterThread: Thread finished: Agent search 2-236
2026-10-09 09:53:00,861 INFO o.a.j.t.JMeterThread: Thread started: Ticket intake 1-65
2026-10-09 09:53:00,908 INFO o.a.j.t.JMeterThread: Thread started: Agent search 2-237
2026-10-09 09:53:01,003 INFO o.a.j.r.Summariser: summary +     11 in 00:00:29 =    0.4/s Avg:  5594 Min:    93 Max: 32655 Err:     0 (0.00%) Active: 2 Started: 302 Finished: 300
2026-10-09 09:53:01,003 INFO o.a.j.r.Summariser: summary =    301 in 00:18:56 =    0.3/s Avg:  3570 Min:    53 Max: 33084 Err:     0 (0.00%)
2026-10-09 09:53:01,004 INFO o.a.j.t.JMeterThread: Thread is done: Agent search 2-237
2026-10-09 09:53:01,004 INFO o.a.j.t.JMeterThread: Thread finished: Agent search 2-237
2026-10-09 09:53:03,032 INFO o.a.j.t.JMeterThread: Thread started: Agent search 2-238
2026-10-09 09:53:03,245 INFO o.a.j.t.JMeterThread: Thread is done: Agent search 2-238
2026-10-09 09:53:03,245 INFO o.a.j.t.JMeterThread: Thread finished: Agent search 2-238
2026-10-09 09:53:12,613 INFO o.a.j.t.JMeterThread: Thread is done: Ticket intake 1-65
2026-10-09 09:53:12,613 INFO o.a.j.t.JMeterThread: Thread finished: Ticket intake 1-65
2026-10-09 09:53:15,801 INFO o.a.j.t.JMeterThread: Thread started: Agent search 2-239
2026-10-09 09:53:16,042 INFO o.a.j.t.JMeterThread: Thread is done: Agent search 2-239
2026-10-09 09:53:16,042 INFO o.a.j.t.JMeterThread: Thread finished: Agent search 2-239
2026-10-09 09:53:18,312 INFO o.a.j.t.JMeterThread: Thread started: Agent search 2-240
2026-10-09 09:53:18,604 INFO o.a.j.t.JMeterThread: Thread is done: Agent search 2-240
2026-10-09 09:53:18,604 INFO o.a.j.t.JMeterThread: Thread finished: Agent search 2-240
2026-10-09 09:53:19,394 INFO o.a.j.t.JMeterThread: Thread started: Agent search 2-241
2026-10-09 09:53:19,730 INFO o.a.j.t.JMeterThread: Thread is done: Agent search 2-241
2026-10-09 09:53:19,730 INFO o.a.j.t.JMeterThread: Thread finished: Agent search 2-241
2026-10-09 09:53:23,024 INFO o.a.j.t.JMeterThread: Thread started: Agent search 2-242
2026-10-09 09:53:23,211 INFO o.a.j.t.JMeterThread: Thread is done: Agent search 2-242
2026-10-09 09:53:23,211 INFO o.a.j.t.JMeterThread: Thread finished: Agent search 2-242
2026-10-09 09:53:27,954 INFO o.a.j.t.JMeterThread: Thread started: Agent search 2-243
2026-10-09 09:53:28,105 INFO o.a.j.t.JMeterThread: Thread is done: Agent search 2-243
2026-10-09 09:53:28,105 INFO o.a.j.t.JMeterThread: Thread finished: Agent search 2-243
2026-10-09 09:53:30,659 INFO o.a.j.t.JMeterThread: Thread started: Agent search 2-244
2026-10-09 09:53:30,789 INFO o.a.j.r.Summariser: summary +      8 in 00:00:30 =    0.3/s Avg:  1661 Min:   129 Max: 11751 Err:     0 (0.00%) Active: 1 Started: 309 Finished: 308
2026-10-09 09:53:30,790 INFO o.a.j.r.Summariser: summary =    309 in 00:19:26 =    0.3/s Avg:  3521 Min:    53 Max: 33084 Err:     0 (0.00%)
2026-10-09 09:53:30,790 INFO o.a.j.t.JMeterThread: Thread is done: Agent search 2-244
2026-10-09 09:53:30,790 INFO o.a.j.t.JMeterThread: Thread finished: Agent search 2-244
2026-10-09 09:53:37,786 INFO o.a.j.t.JMeterThread: Thread started: Ticket intake 1-66
2026-10-09 09:53:38,950 INFO o.a.j.t.JMeterThread: Thread started: Agent search 2-245
2026-10-09 09:53:39,064 INFO o.a.j.t.JMeterThread: Thread is done: Agent search 2-245
2026-10-09 09:53:39,064 INFO o.a.j.t.JMeterThread: Thread finished: Agent search 2-245
2026-10-09 09:53:40,676 INFO o.a.j.t.JMeterThread: Thread started: Ticket intake 1-67
2026-10-09 09:53:44,751 INFO o.a.j.t.JMeterThread: Thread started: Agent search 2-246
2026-10-09 09:53:44,873 INFO o.a.j.t.JMeterThread: Thread is done: Agent search 2-246
2026-10-09 09:53:44,873 INFO o.a.j.t.JMeterThread: Thread finished: Agent search 2-246
2026-10-09 09:53:46,301 INFO o.a.j.t.JMeterThread: Thread is done: Ticket intake 1-66
2026-10-09 09:53:46,301 INFO o.a.j.t.JMeterThread: Thread finished: Ticket intake 1-66
2026-10-09 09:53:48,815 INFO o.a.j.t.JMeterThread: Thread started: Agent search 2-247
2026-10-09 09:53:48,939 INFO o.a.j.t.JMeterThread: Thread is done: Agent search 2-247
2026-10-09 09:53:48,939 INFO o.a.j.t.JMeterThread: Thread finished: Agent search 2-247
2026-10-09 09:53:54,312 INFO o.a.j.t.JMeterThread: Thread is done: Ticket intake 1-67
2026-10-09 09:53:54,312 INFO o.a.j.t.JMeterThread: Thread finished: Ticket intake 1-67
2026-10-09 09:53:57,640 INFO o.a.j.t.JMeterThread: Thread started: Agent search 2-248
2026-10-09 09:53:57,789 INFO o.a.j.t.JMeterThread: Thread is done: Agent search 2-248
2026-10-09 09:53:57,789 INFO o.a.j.t.JMeterThread: Thread finished: Agent search 2-248
2026-10-09 09:53:58,350 INFO o.a.j.t.JMeterThread: Thread started: Agent search 2-249
2026-10-09 09:53:58,439 INFO o.a.j.t.JMeterThread: Thread is done: Agent search 2-249
2026-10-09 09:53:58,439 INFO o.a.j.t.JMeterThread: Thread finished: Agent search 2-249
2026-10-09 09:53:59,244 INFO o.a.j.t.JMeterThread: Thread started: Agent search 2-250
2026-10-09 09:53:59,361 INFO o.a.j.t.JMeterThread: Thread is done: Agent search 2-250
2026-10-09 09:53:59,361 INFO o.a.j.t.JMeterThread: Thread finished: Agent search 2-250
2026-10-09 09:54:01,863 INFO o.a.j.t.JMeterThread: Thread started: Agent search 2-251
2026-10-09 09:54:02,010 INFO o.a.j.r.Summariser: summary +      9 in 00:00:31 =    0.3/s Avg:  2555 Min:    88 Max: 13634 Err:     0 (0.00%) Active: 1 Started: 318 Finished: 317
2026-10-09 09:54:02,010 INFO o.a.j.r.Summariser: summary =    318 in 00:19:57 =    0.3/s Avg:  3494 Min:    53 Max: 33084 Err:     0 (0.00%)
2026-10-09 09:54:02,011 INFO o.a.j.t.JMeterThread: Thread is done: Agent search 2-251
2026-10-09 09:54:02,011 INFO o.a.j.t.JMeterThread: Thread finished: Agent search 2-251
2026-10-09 09:54:04,325 INFO o.a.j.t.JMeterThread: Thread started: Agent search 2-252
2026-10-09 09:54:04,401 INFO o.a.j.t.JMeterThread: Thread is done: Agent search 2-252
2026-10-09 09:54:04,401 INFO o.a.j.t.JMeterThread: Thread finished: Agent search 2-252
2026-10-09 09:54:07,253 INFO o.a.j.t.JMeterThread: Thread started: Agent search 2-253
2026-10-09 09:54:07,372 INFO o.a.j.t.JMeterThread: Thread is done: Agent search 2-253
2026-10-09 09:54:07,372 INFO o.a.j.t.JMeterThread: Thread finished: Agent search 2-253
2026-10-09 09:54:08,380 INFO o.a.j.t.JMeterThread: Thread started: Agent search 2-254
2026-10-09 09:54:08,497 INFO o.a.j.t.JMeterThread: Thread is done: Agent search 2-254
2026-10-09 09:54:08,497 INFO o.a.j.t.JMeterThread: Thread finished: Agent search 2-254
2026-10-09 09:54:11,663 INFO o.a.j.t.JMeterThread: Thread started: Agent search 2-255
2026-10-09 09:54:11,819 INFO o.a.j.t.JMeterThread: Thread is done: Agent search 2-255
2026-10-09 09:54:11,819 INFO o.a.j.t.JMeterThread: Thread finished: Agent search 2-255
2026-10-09 09:54:20,049 INFO o.a.j.t.JMeterThread: Thread started: Ticket intake 1-68
2026-10-09 09:54:27,723 INFO o.a.j.t.JMeterThread: Thread started: Agent search 2-256
2026-10-09 09:54:27,842 INFO o.a.j.t.JMeterThread: Thread is done: Agent search 2-256
2026-10-09 09:54:27,842 INFO o.a.j.t.JMeterThread: Thread finished: Agent search 2-256
2026-10-09 09:54:28,965 INFO o.a.j.t.JMeterThread: Thread is done: Ticket intake 1-68
2026-10-09 09:54:28,966 INFO o.a.j.t.JMeterThread: Thread finished: Ticket intake 1-68
2026-10-09 09:54:29,185 INFO o.a.j.t.JMeterThread: Thread started: Agent search 2-257
2026-10-09 09:54:29,316 INFO o.a.j.t.JMeterThread: Thread is done: Agent search 2-257
2026-10-09 09:54:29,316 INFO o.a.j.t.JMeterThread: Thread finished: Agent search 2-257
2026-10-09 09:54:33,043 INFO o.a.j.t.JMeterThread: Thread started: Agent search 2-258
2026-10-09 09:54:33,144 INFO o.a.j.r.Summariser: summary +      8 in 00:00:31 =    0.3/s Avg:  1215 Min:    75 Max:  8916 Err:     0 (0.00%) Active: 1 Started: 326 Finished: 325
2026-10-09 09:54:33,144 INFO o.a.j.r.Summariser: summary =    326 in 00:20:28 =    0.3/s Avg:  3438 Min:    53 Max: 33084 Err:     0 (0.00%)
2026-10-09 09:54:33,145 INFO o.a.j.t.JMeterThread: Thread is done: Agent search 2-258
2026-10-09 09:54:33,145 INFO o.a.j.t.JMeterThread: Thread finished: Agent search 2-258
2026-10-09 09:54:37,135 INFO o.a.j.t.JMeterThread: Thread started: Agent search 2-259
2026-10-09 09:54:37,260 INFO o.a.j.t.JMeterThread: Thread is done: Agent search 2-259
2026-10-09 09:54:37,260 INFO o.a.j.t.JMeterThread: Thread finished: Agent search 2-259
2026-10-09 09:54:41,713 INFO o.a.j.t.JMeterThread: Thread started: Ticket intake 1-69
2026-10-09 09:54:45,110 INFO o.a.j.t.JMeterThread: Thread started: Agent search 2-260
2026-10-09 09:54:45,222 INFO o.a.j.t.JMeterThread: Thread is done: Agent search 2-260
2026-10-09 09:54:45,223 INFO o.a.j.t.JMeterThread: Thread finished: Agent search 2-260
2026-10-09 09:54:49,146 INFO o.a.j.t.JMeterThread: Thread is done: Ticket intake 1-69
2026-10-09 09:54:49,146 INFO o.a.j.t.JMeterThread: Thread finished: Ticket intake 1-69
2026-10-09 09:54:50,523 INFO o.a.j.t.JMeterThread: Thread started: Ticket intake 1-70
2026-10-09 09:54:50,711 INFO o.a.j.t.JMeterThread: Thread started: Ticket intake 1-71
2026-10-09 09:54:54,480 INFO o.a.j.t.JMeterThread: Thread started: Agent search 2-261
2026-10-09 09:54:54,599 INFO o.a.j.t.JMeterThread: Thread is done: Agent search 2-261
2026-10-09 09:54:54,600 INFO o.a.j.t.JMeterThread: Thread finished: Agent search 2-261
2026-10-09 09:54:59,608 INFO o.a.j.t.JMeterThread: Thread started: Ticket intake 1-72
2026-10-09 09:55:03,405 INFO o.a.j.r.Summariser: summary +      5 in 00:00:30 =    0.2/s Avg:  4133 Min:   112 Max: 12880 Err:     0 (0.00%) Active: 3 Started: 333 Finished: 330
2026-10-09 09:55:03,406 INFO o.a.j.r.Summariser: summary =    331 in 00:20:58 =    0.3/s Avg:  3448 Min:    53 Max: 33084 Err:     0 (0.00%)
2026-10-09 09:55:03,406 INFO o.a.j.t.JMeterThread: Thread is done: Ticket intake 1-70
2026-10-09 09:55:03,406 INFO o.a.j.t.JMeterThread: Thread finished: Ticket intake 1-70
2026-10-09 09:55:05,147 INFO o.a.j.t.JMeterThread: Thread started: Agent search 2-262
2026-10-09 09:55:05,275 INFO o.a.j.t.JMeterThread: Thread is done: Agent search 2-262
2026-10-09 09:55:05,275 INFO o.a.j.t.JMeterThread: Thread finished: Agent search 2-262
2026-10-09 09:55:13,287 INFO o.a.j.t.JMeterThread: Thread started: Agent search 2-263
2026-10-09 09:55:13,510 INFO o.a.j.t.JMeterThread: Thread is done: Agent search 2-263
2026-10-09 09:55:13,511 INFO o.a.j.t.JMeterThread: Thread finished: Agent search 2-263
2026-10-09 09:55:14,606 INFO o.a.j.t.JMeterThread: Thread is done: Ticket intake 1-71
2026-10-09 09:55:14,606 INFO o.a.j.t.JMeterThread: Thread finished: Ticket intake 1-71
2026-10-09 09:55:17,692 INFO o.a.j.t.JMeterThread: Thread started: Ticket intake 1-73
2026-10-09 09:55:20,463 INFO o.a.j.t.JMeterThread: Thread started: Agent search 2-264
2026-10-09 09:55:20,550 INFO o.a.j.t.JMeterThread: Thread is done: Agent search 2-264
2026-10-09 09:55:20,550 INFO o.a.j.t.JMeterThread: Thread finished: Agent search 2-264
2026-10-09 09:55:21,734 INFO o.a.j.t.JMeterThread: Thread is done: Ticket intake 1-72
2026-10-09 09:55:21,734 INFO o.a.j.t.JMeterThread: Thread finished: Ticket intake 1-72
2026-10-09 09:55:26,857 INFO o.a.j.t.JMeterThread: Thread started: Agent search 2-265
2026-10-09 09:55:27,012 INFO o.a.j.t.JMeterThread: Thread is done: Agent search 2-265
2026-10-09 09:55:27,012 INFO o.a.j.t.JMeterThread: Thread finished: Agent search 2-265
2026-10-09 09:55:29,882 INFO o.a.j.t.JMeterThread: Thread is done: Ticket intake 1-73
2026-10-09 09:55:29,882 INFO o.a.j.t.JMeterThread: Thread finished: Ticket intake 1-73
2026-10-09 09:55:32,603 INFO o.a.j.t.JMeterThread: Thread started: Agent search 2-266
2026-10-09 09:55:32,851 INFO o.a.j.r.Summariser: summary +      8 in 00:00:29 =    0.3/s Avg:  7380 Min:    86 Max: 23894 Err:     0 (0.00%) Active: 1 Started: 339 Finished: 338
2026-10-09 09:55:32,851 INFO o.a.j.r.Summariser: summary =    339 in 00:21:28 =    0.3/s Avg:  3541 Min:    53 Max: 33084 Err:     0 (0.00%)
2026-10-09 09:55:32,852 INFO o.a.j.t.JMeterThread: Thread is done: Agent search 2-266
2026-10-09 09:55:32,852 INFO o.a.j.t.JMeterThread: Thread finished: Agent search 2-266
2026-10-09 09:55:38,021 INFO o.a.j.t.JMeterThread: Thread started: Agent search 2-267
2026-10-09 09:55:38,243 INFO o.a.j.t.JMeterThread: Thread is done: Agent search 2-267
2026-10-09 09:55:38,243 INFO o.a.j.t.JMeterThread: Thread finished: Agent search 2-267
2026-10-09 09:55:40,755 INFO o.a.j.t.JMeterThread: Thread started: Agent search 2-268
2026-10-09 09:55:40,819 INFO o.a.j.t.JMeterThread: Thread is done: Agent search 2-268
2026-10-09 09:55:40,819 INFO o.a.j.t.JMeterThread: Thread finished: Agent search 2-268
2026-10-09 09:55:41,823 INFO o.a.j.t.JMeterThread: Thread started: Agent search 2-269
2026-10-09 09:55:41,876 INFO o.a.j.t.JMeterThread: Thread is done: Agent search 2-269
2026-10-09 09:55:41,876 INFO o.a.j.t.JMeterThread: Thread finished: Agent search 2-269
2026-10-09 09:55:44,507 INFO o.a.j.t.JMeterThread: Thread started: Agent search 2-270
2026-10-09 09:55:44,572 INFO o.a.j.t.JMeterThread: Thread is done: Agent search 2-270
2026-10-09 09:55:44,572 INFO o.a.j.t.JMeterThread: Thread finished: Agent search 2-270
2026-10-09 09:55:44,765 INFO o.a.j.t.JMeterThread: Thread started: Agent search 2-271
2026-10-09 09:55:44,856 INFO o.a.j.t.JMeterThread: Thread is done: Agent search 2-271
2026-10-09 09:55:44,856 INFO o.a.j.t.JMeterThread: Thread finished: Agent search 2-271
2026-10-09 09:55:46,814 INFO o.a.j.t.JMeterThread: Thread started: Agent search 2-272
2026-10-09 09:55:46,876 INFO o.a.j.t.JMeterThread: Thread is done: Agent search 2-272
2026-10-09 09:55:46,876 INFO o.a.j.t.JMeterThread: Thread finished: Agent search 2-272
2026-10-09 09:56:02,768 INFO o.a.j.t.JMeterThread: Thread started: Agent search 2-273
2026-10-09 09:56:02,895 INFO o.a.j.r.Summariser: summary +      7 in 00:00:30 =    0.2/s Avg:    96 Min:    51 Max:   221 Err:     0 (0.00%) Active: 1 Started: 346 Finished: 345
2026-10-09 09:56:02,896 INFO o.a.j.r.Summariser: summary =    346 in 00:21:58 =    0.3/s Avg:  3471 Min:    51 Max: 33084 Err:     0 (0.00%)
2026-10-09 09:56:02,896 INFO o.a.j.t.JMeterThread: Thread is done: Agent search 2-273
2026-10-09 09:56:02,896 INFO o.a.j.t.JMeterThread: Thread finished: Agent search 2-273
2026-10-09 09:56:04,418 INFO o.a.j.t.JMeterThread: Thread started: Agent search 2-274
2026-10-09 09:56:04,597 INFO o.a.j.t.JMeterThread: Thread is done: Agent search 2-274
2026-10-09 09:56:04,597 INFO o.a.j.t.JMeterThread: Thread finished: Agent search 2-274
2026-10-09 09:56:14,442 INFO o.a.j.t.JMeterThread: Thread started: Agent search 2-275
2026-10-09 09:56:14,529 INFO o.a.j.t.JMeterThread: Thread is done: Agent search 2-275
2026-10-09 09:56:14,529 INFO o.a.j.t.JMeterThread: Thread finished: Agent search 2-275
2026-10-09 09:56:19,668 INFO o.a.j.t.JMeterThread: Thread started: Agent search 2-276
2026-10-09 09:56:19,854 INFO o.a.j.t.JMeterThread: Thread is done: Agent search 2-276
2026-10-09 09:56:19,854 INFO o.a.j.t.JMeterThread: Thread finished: Agent search 2-276
2026-10-09 09:56:19,972 INFO o.a.j.t.JMeterThread: Thread started: Agent search 2-277
2026-10-09 09:56:20,058 INFO o.a.j.t.JMeterThread: Thread is done: Agent search 2-277
2026-10-09 09:56:20,058 INFO o.a.j.t.JMeterThread: Thread finished: Agent search 2-277
2026-10-09 09:56:21,751 INFO o.a.j.t.JMeterThread: Thread started: Ticket intake 1-74
2026-10-09 09:56:24,885 INFO o.a.j.t.JMeterThread: Thread started: Agent search 2-278
2026-10-09 09:56:25,110 INFO o.a.j.t.JMeterThread: Thread is done: Agent search 2-278
2026-10-09 09:56:25,110 INFO o.a.j.t.JMeterThread: Thread finished: Agent search 2-278
2026-10-09 09:56:31,835 INFO o.a.j.r.Summariser: summary +      6 in 00:00:29 =    0.2/s Avg:  1806 Min:    86 Max: 10083 Err:     0 (0.00%) Active: 1 Started: 352 Finished: 351
2026-10-09 09:56:31,835 INFO o.a.j.r.Summariser: summary =    352 in 00:22:27 =    0.3/s Avg:  3443 Min:    51 Max: 33084 Err:     0 (0.00%)
2026-10-09 09:56:31,836 INFO o.a.j.t.JMeterThread: Thread is done: Ticket intake 1-74
2026-10-09 09:56:31,836 INFO o.a.j.t.JMeterThread: Thread finished: Ticket intake 1-74
2026-10-09 09:56:32,094 INFO o.a.j.t.JMeterThread: Thread started: Agent search 2-279
2026-10-09 09:56:32,245 INFO o.a.j.t.JMeterThread: Thread is done: Agent search 2-279
2026-10-09 09:56:32,245 INFO o.a.j.t.JMeterThread: Thread finished: Agent search 2-279
2026-10-09 09:56:32,323 INFO o.a.j.t.JMeterThread: Thread started: Ticket intake 1-75
2026-10-09 09:56:33,018 INFO o.a.j.t.JMeterThread: Thread started: Agent search 2-280
2026-10-09 09:56:33,267 INFO o.a.j.t.JMeterThread: Thread is done: Agent search 2-280
2026-10-09 09:56:33,267 INFO o.a.j.t.JMeterThread: Thread finished: Agent search 2-280
2026-10-09 09:56:34,799 INFO o.a.j.t.JMeterThread: Thread started: Agent search 2-281
2026-10-09 09:56:35,039 INFO o.a.j.t.JMeterThread: Thread is done: Agent search 2-281
2026-10-09 09:56:35,040 INFO o.a.j.t.JMeterThread: Thread finished: Agent search 2-281
2026-10-09 09:56:35,230 INFO o.a.j.t.JMeterThread: Thread started: Agent search 2-282
2026-10-09 09:56:35,419 INFO o.a.j.t.JMeterThread: Thread is done: Agent search 2-282
2026-10-09 09:56:35,419 INFO o.a.j.t.JMeterThread: Thread finished: Agent search 2-282
2026-10-09 09:56:37,351 INFO o.a.j.t.JMeterThread: Thread started: Agent search 2-283
2026-10-09 09:56:37,423 INFO o.a.j.t.JMeterThread: Thread is done: Agent search 2-283
2026-10-09 09:56:37,423 INFO o.a.j.t.JMeterThread: Thread finished: Agent search 2-283
2026-10-09 09:56:41,126 INFO o.a.j.t.JMeterThread: Thread started: Ticket intake 1-76
2026-10-09 09:56:42,485 INFO o.a.j.t.JMeterThread: Thread is done: Ticket intake 1-75
2026-10-09 09:56:42,485 INFO o.a.j.t.JMeterThread: Thread finished: Ticket intake 1-75
2026-10-09 09:56:48,270 INFO o.a.j.t.JMeterThread: Thread started: Agent search 2-284
2026-10-09 09:56:48,462 INFO o.a.j.t.JMeterThread: Thread is done: Agent search 2-284
2026-10-09 09:56:48,462 INFO o.a.j.t.JMeterThread: Thread finished: Agent search 2-284
2026-10-09 09:56:49,055 INFO o.a.j.t.JMeterThread: Thread started: Agent search 2-285
2026-10-09 09:56:49,141 INFO o.a.j.t.JMeterThread: Thread is done: Agent search 2-285
2026-10-09 09:56:49,141 INFO o.a.j.t.JMeterThread: Thread finished: Agent search 2-285
2026-10-09 09:56:49,599 INFO o.a.j.t.JMeterThread: Thread started: Agent search 2-286
2026-10-09 09:56:49,755 INFO o.a.j.t.JMeterThread: Thread is done: Agent search 2-286
2026-10-09 09:56:49,755 INFO o.a.j.t.JMeterThread: Thread finished: Agent search 2-286
2026-10-09 09:56:51,291 INFO o.a.j.t.JMeterThread: Thread is done: Ticket intake 1-76
2026-10-09 09:56:51,291 INFO o.a.j.t.JMeterThread: Thread finished: Ticket intake 1-76
2026-10-09 09:57:05,237 INFO o.a.j.t.JMeterThread: Thread started: Agent search 2-287
2026-10-09 09:57:05,424 INFO o.a.j.r.Summariser: summary +     11 in 00:00:34 =    0.3/s Avg:  1984 Min:    71 Max: 10163 Err:     0 (0.00%) Active: 1 Started: 363 Finished: 362
2026-10-09 09:57:05,424 INFO o.a.j.r.Summariser: summary =    363 in 00:23:00 =    0.3/s Avg:  3399 Min:    51 Max: 33084 Err:     0 (0.00%)
2026-10-09 09:57:05,424 INFO o.a.j.t.JMeterThread: Thread is done: Agent search 2-287
2026-10-09 09:57:05,425 INFO o.a.j.t.JMeterThread: Thread finished: Agent search 2-287
2026-10-09 09:57:07,302 INFO o.a.j.t.JMeterThread: Thread started: Agent search 2-288
2026-10-09 09:57:07,470 INFO o.a.j.t.JMeterThread: Thread is done: Agent search 2-288
2026-10-09 09:57:07,470 INFO o.a.j.t.JMeterThread: Thread finished: Agent search 2-288
2026-10-09 09:57:19,594 INFO o.a.j.t.JMeterThread: Thread started: Agent search 2-289
2026-10-09 09:57:19,758 INFO o.a.j.t.JMeterThread: Thread is done: Agent search 2-289
2026-10-09 09:57:19,758 INFO o.a.j.t.JMeterThread: Thread finished: Agent search 2-289
2026-10-09 09:57:28,065 INFO o.a.j.t.JMeterThread: Thread started: Agent search 2-290
2026-10-09 09:57:30,204 INFO o.a.j.r.Summariser: summary +      3 in 00:00:25 =    0.1/s Avg:   823 Min:   164 Max:  2139 Err:     0 (0.00%) Active: 1 Started: 366 Finished: 365
2026-10-09 09:57:30,205 INFO o.a.j.r.Summariser: summary =    366 in 00:23:25 =    0.3/s Avg:  3378 Min:    51 Max: 33084 Err:     0 (0.00%)
2026-10-09 09:57:30,205 INFO o.a.j.t.JMeterThread: Thread is done: Agent search 2-290
2026-10-09 09:57:30,205 INFO o.a.j.t.JMeterThread: Thread finished: Agent search 2-290
2026-10-09 09:57:32,498 INFO o.a.j.t.JMeterThread: Thread started: Agent search 2-291
2026-10-09 09:57:32,661 INFO o.a.j.t.JMeterThread: Thread is done: Agent search 2-291
2026-10-09 09:57:32,661 INFO o.a.j.t.JMeterThread: Thread finished: Agent search 2-291
2026-10-09 09:57:36,341 INFO o.a.j.t.JMeterThread: Thread started: Agent search 2-292
2026-10-09 09:57:36,450 INFO o.a.j.t.JMeterThread: Thread is done: Agent search 2-292
2026-10-09 09:57:36,450 INFO o.a.j.t.JMeterThread: Thread finished: Agent search 2-292
2026-10-09 09:57:43,504 INFO o.a.j.t.JMeterThread: Thread started: Ticket intake 1-77
2026-10-09 09:57:45,831 INFO o.a.j.t.JMeterThread: Thread started: Agent search 2-293
2026-10-09 09:57:45,904 INFO o.a.j.t.JMeterThread: Thread is done: Agent search 2-293
2026-10-09 09:57:45,904 INFO o.a.j.t.JMeterThread: Thread finished: Agent search 2-293
2026-10-09 09:57:46,654 INFO o.a.j.t.JMeterThread: Thread started: Agent search 2-294
2026-10-09 09:57:46,908 INFO o.a.j.t.JMeterThread: Thread started: Ticket intake 1-78
2026-10-09 09:57:48,022 INFO o.a.j.t.JMeterThread: Thread is done: Agent search 2-294
2026-10-09 09:57:48,022 INFO o.a.j.t.JMeterThread: Thread finished: Agent search 2-294
2026-10-09 09:57:48,682 INFO o.a.j.t.JMeterThread: Thread started: Agent search 2-295
2026-10-09 09:57:48,840 INFO o.a.j.t.JMeterThread: Thread is done: Agent search 2-295
2026-10-09 09:57:48,840 INFO o.a.j.t.JMeterThread: Thread finished: Agent search 2-295
2026-10-09 09:57:52,425 INFO o.a.j.t.JMeterThread: Thread is done: Ticket intake 1-77
2026-10-09 09:57:52,425 INFO o.a.j.t.JMeterThread: Thread finished: Ticket intake 1-77
2026-10-09 09:57:52,863 INFO o.a.j.t.JMeterThread: Thread started: Agent search 2-296
2026-10-09 09:57:53,141 INFO o.a.j.t.JMeterThread: Thread is done: Agent search 2-296
2026-10-09 09:57:53,141 INFO o.a.j.t.JMeterThread: Thread finished: Agent search 2-296
2026-10-09 09:58:00,257 INFO o.a.j.t.JMeterThread: Thread started: Ticket intake 1-79
2026-10-09 09:58:04,896 INFO o.a.j.t.JMeterThread: Thread started: Agent search 2-297
2026-10-09 09:58:05,020 INFO o.a.j.r.Summariser: summary +      8 in 00:00:35 =    0.2/s Avg:  3646 Min:    72 Max: 18111 Err:     0 (0.00%) Active: 3 Started: 376 Finished: 373
2026-10-09 09:58:05,020 INFO o.a.j.r.Summariser: summary =    374 in 00:24:00 =    0.3/s Avg:  3383 Min:    51 Max: 33084 Err:     0 (0.00%)
2026-10-09 09:58:05,020 INFO o.a.j.t.JMeterThread: Thread is done: Ticket intake 1-78
2026-10-09 09:58:05,020 INFO o.a.j.t.JMeterThread: Thread finished: Ticket intake 1-78
2026-10-09 09:58:05,122 INFO o.a.j.t.JMeterThread: Thread is done: Agent search 2-297
2026-10-09 09:58:05,122 INFO o.a.j.t.JMeterThread: Thread finished: Agent search 2-297
2026-10-09 09:58:05,705 INFO o.a.j.t.JMeterThread: Thread started: Agent search 2-298
2026-10-09 09:58:05,840 INFO o.a.j.t.JMeterThread: Thread is done: Agent search 2-298
2026-10-09 09:58:05,840 INFO o.a.j.t.JMeterThread: Thread finished: Agent search 2-298
2026-10-09 09:58:10,160 INFO o.a.j.t.JMeterThread: Thread started: Agent search 2-299
2026-10-09 09:58:10,227 INFO o.a.j.t.JMeterThread: Thread is done: Agent search 2-299
2026-10-09 09:58:10,228 INFO o.a.j.t.JMeterThread: Thread finished: Agent search 2-299
2026-10-09 09:58:16,673 INFO o.a.j.t.JMeterThread: Thread started: Ticket intake 1-80
2026-10-09 09:58:17,001 INFO o.a.j.t.JMeterThread: Thread is done: Ticket intake 1-79
2026-10-09 09:58:17,001 INFO o.a.j.t.JMeterThread: Thread finished: Ticket intake 1-79
2026-10-09 09:58:25,504 INFO o.a.j.t.JMeterThread: Thread is done: Ticket intake 1-80
2026-10-09 09:58:25,504 INFO o.a.j.t.JMeterThread: Thread finished: Ticket intake 1-80
2026-10-09 09:58:27,071 INFO o.a.j.t.JMeterThread: Thread started: Agent search 2-300
2026-10-09 09:58:27,241 INFO o.a.j.t.JMeterThread: Thread is done: Agent search 2-300
2026-10-09 09:58:27,242 INFO o.a.j.t.JMeterThread: Thread finished: Agent search 2-300
2026-10-09 09:58:27,580 INFO o.a.j.t.JMeterThread: Thread started: Agent search 2-301
2026-10-09 09:58:27,754 INFO o.a.j.t.JMeterThread: Thread is done: Agent search 2-301
2026-10-09 09:58:27,754 INFO o.a.j.t.JMeterThread: Thread finished: Agent search 2-301
2026-10-09 09:58:30,464 INFO o.a.j.t.JMeterThread: Thread started: Agent search 2-302
2026-10-09 09:58:30,723 INFO o.a.j.r.Summariser: summary +      8 in 00:00:26 =    0.3/s Avg:  3324 Min:    67 Max: 16744 Err:     0 (0.00%) Active: 1 Started: 382 Finished: 381
2026-10-09 09:58:30,724 INFO o.a.j.r.Summariser: summary =    382 in 00:24:26 =    0.3/s Avg:  3382 Min:    51 Max: 33084 Err:     0 (0.00%)
2026-10-09 09:58:30,724 INFO o.a.j.t.JMeterThread: Thread is done: Agent search 2-302
2026-10-09 09:58:30,724 INFO o.a.j.t.JMeterThread: Thread finished: Agent search 2-302
2026-10-09 09:58:32,946 INFO o.a.j.t.JMeterThread: Thread started: Agent search 2-303
2026-10-09 09:58:33,283 INFO o.a.j.t.JMeterThread: Thread is done: Agent search 2-303
2026-10-09 09:58:33,283 INFO o.a.j.t.JMeterThread: Thread finished: Agent search 2-303
2026-10-09 09:58:43,249 INFO o.a.j.t.JMeterThread: Thread started: Agent search 2-304
2026-10-09 09:58:43,524 INFO o.a.j.t.JMeterThread: Thread is done: Agent search 2-304
2026-10-09 09:58:43,524 INFO o.a.j.t.JMeterThread: Thread finished: Agent search 2-304
2026-10-09 09:58:51,392 INFO o.a.j.t.JMeterThread: Thread started: Agent search 2-305
2026-10-09 09:58:51,614 INFO o.a.j.t.JMeterThread: Thread is done: Agent search 2-305
2026-10-09 09:58:51,614 INFO o.a.j.t.JMeterThread: Thread finished: Agent search 2-305
2026-10-09 09:58:58,583 INFO o.a.j.t.JMeterThread: Thread started: Agent search 2-306
2026-10-09 09:58:59,222 INFO o.a.j.t.JMeterThread: Thread is done: Agent search 2-306
2026-10-09 09:58:59,222 INFO o.a.j.t.JMeterThread: Thread finished: Agent search 2-306
2026-10-09 09:59:06,244 INFO o.a.j.t.JMeterThread: Thread started: Agent search 2-307
2026-10-09 09:59:06,396 INFO o.a.j.t.JMeterThread: Thread started: Agent search 2-308
2026-10-09 09:59:06,407 INFO o.a.j.t.JMeterThread: Thread is done: Agent search 2-307
2026-10-09 09:59:06,407 INFO o.a.j.t.JMeterThread: Thread finished: Agent search 2-307
2026-10-09 09:59:06,500 INFO o.a.j.t.JMeterThread: Thread is done: Agent search 2-308
2026-10-09 09:59:06,500 INFO o.a.j.t.JMeterThread: Thread finished: Agent search 2-308
2026-10-09 09:59:08,625 INFO o.a.j.t.JMeterThread: Thread started: Agent search 2-309
2026-10-09 09:59:08,690 INFO o.a.j.t.JMeterThread: Thread is done: Agent search 2-309
2026-10-09 09:59:08,690 INFO o.a.j.t.JMeterThread: Thread finished: Agent search 2-309
2026-10-09 09:59:13,841 INFO o.a.j.t.JMeterThread: Thread started: Ticket intake 1-81
2026-10-09 09:59:15,213 INFO o.a.j.t.JMeterThread: Thread started: Agent search 2-310
2026-10-09 09:59:15,370 INFO o.a.j.t.JMeterThread: Thread is done: Agent search 2-310
2026-10-09 09:59:15,371 INFO o.a.j.t.JMeterThread: Thread finished: Agent search 2-310
2026-10-09 09:59:19,849 INFO o.a.j.t.JMeterThread: Thread started: Ticket intake 1-82
2026-10-09 09:59:22,459 INFO o.a.j.t.JMeterThread: Thread started: Agent search 2-311
2026-10-09 09:59:22,694 INFO o.a.j.t.JMeterThread: Thread is done: Agent search 2-311
2026-10-09 09:59:22,694 INFO o.a.j.t.JMeterThread: Thread finished: Agent search 2-311
2026-10-09 09:59:23,814 INFO o.a.j.t.JMeterThread: Thread is done: Ticket intake 1-81
2026-10-09 09:59:23,814 INFO o.a.j.t.JMeterThread: Thread finished: Ticket intake 1-81
2026-10-09 09:59:26,418 INFO o.a.j.t.JMeterThread: Thread started: Agent search 2-312
2026-10-09 09:59:26,634 INFO o.a.j.t.JMeterThread: Thread is done: Agent search 2-312
2026-10-09 09:59:26,634 INFO o.a.j.t.JMeterThread: Thread finished: Agent search 2-312
2026-10-09 09:59:29,114 INFO o.a.j.t.JMeterThread: Thread started: Agent search 2-313
2026-10-09 09:59:29,297 INFO o.a.j.t.JMeterThread: Thread is done: Agent search 2-313
2026-10-09 09:59:29,297 INFO o.a.j.t.JMeterThread: Thread finished: Agent search 2-313
2026-10-09 09:59:29,574 INFO o.a.j.t.JMeterThread: Thread started: Agent search 2-314
2026-10-09 09:59:29,623 INFO o.a.j.t.JMeterThread: Thread started: Agent search 2-315
2026-10-09 09:59:29,700 INFO o.a.j.t.JMeterThread: Thread is done: Agent search 2-314
2026-10-09 09:59:29,700 INFO o.a.j.t.JMeterThread: Thread finished: Agent search 2-314
2026-10-09 09:59:29,706 INFO o.a.j.t.JMeterThread: Thread is done: Agent search 2-315
2026-10-09 09:59:29,706 INFO o.a.j.t.JMeterThread: Thread finished: Agent search 2-315
2026-10-09 09:59:30,230 INFO o.a.j.t.JMeterThread: Thread started: Agent search 2-316
2026-10-09 09:59:30,423 INFO o.a.j.r.Summariser: summary +     15 in 00:01:00 =    0.3/s Avg:   863 Min:    62 Max:  9972 Err:     0 (0.00%) Active: 2 Started: 398 Finished: 396
2026-10-09 09:59:30,424 INFO o.a.j.r.Summariser: summary =    397 in 00:25:25 =    0.3/s Avg:  3287 Min:    51 Max: 33084 Err:     0 (0.00%)
2026-10-09 09:59:30,424 INFO o.a.j.t.JMeterThread: Thread is done: Agent search 2-316
2026-10-09 09:59:30,424 INFO o.a.j.t.JMeterThread: Thread finished: Agent search 2-316
2026-10-09 09:59:34,724 INFO o.a.j.t.JMeterThread: Thread is done: Ticket intake 1-82
2026-10-09 09:59:34,724 INFO o.a.j.t.JMeterThread: Thread finished: Ticket intake 1-82
2026-10-09 09:59:36,015 INFO o.a.j.t.JMeterThread: Thread started: Agent search 2-317
2026-10-09 09:59:36,273 INFO o.a.j.t.JMeterThread: Thread is done: Agent search 2-317
2026-10-09 09:59:36,273 INFO o.a.j.t.JMeterThread: Thread finished: Agent search 2-317
2026-10-09 09:59:37,579 INFO o.a.j.t.JMeterThread: Thread started: Agent search 2-318
2026-10-09 09:59:37,796 INFO o.a.j.t.JMeterThread: Thread is done: Agent search 2-318
2026-10-09 09:59:37,796 INFO o.a.j.t.JMeterThread: Thread finished: Agent search 2-318
2026-10-09 09:59:39,713 INFO o.a.j.t.JMeterThread: Thread started: Ticket intake 1-83
2026-10-09 09:59:40,645 INFO o.a.j.t.JMeterThread: Thread started: Agent search 2-319
2026-10-09 09:59:40,766 INFO o.a.j.t.JMeterThread: Thread is done: Agent search 2-319
2026-10-09 09:59:40,766 INFO o.a.j.t.JMeterThread: Thread finished: Agent search 2-319
2026-10-09 09:59:40,837 INFO o.a.j.t.JMeterThread: Thread started: Agent search 2-320
2026-10-09 09:59:41,022 INFO o.a.j.t.JMeterThread: Thread is done: Agent search 2-320
2026-10-09 09:59:41,022 INFO o.a.j.t.JMeterThread: Thread finished: Agent search 2-320
2026-10-09 09:59:46,305 INFO o.a.j.t.JMeterThread: Thread started: Agent search 2-321
2026-10-09 09:59:46,500 INFO o.a.j.t.JMeterThread: Thread is done: Agent search 2-321
2026-10-09 09:59:46,500 INFO o.a.j.t.JMeterThread: Thread finished: Agent search 2-321
2026-10-09 09:59:47,941 INFO o.a.j.t.JMeterThread: Thread started: Agent search 2-322
2026-10-09 09:59:48,317 INFO o.a.j.t.JMeterThread: Thread is done: Agent search 2-322
2026-10-09 09:59:48,317 INFO o.a.j.t.JMeterThread: Thread finished: Agent search 2-322
2026-10-09 09:59:48,753 INFO o.a.j.t.JMeterThread: Thread is done: Ticket intake 1-83
2026-10-09 09:59:48,753 INFO o.a.j.t.JMeterThread: Thread finished: Ticket intake 1-83
2026-10-09 09:59:48,965 INFO o.a.j.t.JMeterThread: Thread started: Agent search 2-323
2026-10-09 09:59:49,164 INFO o.a.j.t.JMeterThread: Thread is done: Agent search 2-323
2026-10-09 09:59:49,164 INFO o.a.j.t.JMeterThread: Thread finished: Agent search 2-323
2026-10-09 09:59:49,356 INFO o.a.j.t.JMeterThread: Thread started: Agent search 2-324
2026-10-09 09:59:49,470 INFO o.a.j.t.JMeterThread: Thread is done: Agent search 2-324
2026-10-09 09:59:49,470 INFO o.a.j.t.JMeterThread: Thread finished: Agent search 2-324
2026-10-09 09:59:59,403 INFO o.a.j.t.JMeterThread: Thread started: Agent search 2-325
2026-10-09 09:59:59,609 INFO o.a.j.t.JMeterThread: Thread is done: Agent search 2-325
2026-10-09 09:59:59,609 INFO o.a.j.t.JMeterThread: Thread finished: Agent search 2-325
2026-10-09 10:00:01,994 INFO o.a.j.t.JMeterThread: Thread started: Agent search 2-326
2026-10-09 10:00:02,169 INFO o.a.j.r.Summariser: summary +     12 in 00:00:32 =    0.4/s Avg:  2162 Min:   113 Max: 14873 Err:     0 (0.00%) Active: 1 Started: 409 Finished: 408
2026-10-09 10:00:02,169 INFO o.a.j.r.Summariser: summary =    409 in 00:25:57 =    0.3/s Avg:  3254 Min:    51 Max: 33084 Err:     0 (0.00%)
2026-10-09 10:00:02,169 INFO o.a.j.t.JMeterThread: Thread is done: Agent search 2-326
2026-10-09 10:00:02,169 INFO o.a.j.t.JMeterThread: Thread finished: Agent search 2-326
2026-10-09 10:00:04,525 INFO o.a.j.t.JMeterThread: Thread started: Agent search 2-327
2026-10-09 10:00:04,830 INFO o.a.j.t.JMeterThread: Thread is done: Agent search 2-327
2026-10-09 10:00:04,830 INFO o.a.j.t.JMeterThread: Thread finished: Agent search 2-327
2026-10-09 10:00:08,524 INFO o.a.j.t.JMeterThread: Thread started: Agent search 2-328
2026-10-09 10:00:08,722 INFO o.a.j.t.JMeterThread: Thread is done: Agent search 2-328
2026-10-09 10:00:08,722 INFO o.a.j.t.JMeterThread: Thread finished: Agent search 2-328
2026-10-09 10:00:18,847 INFO o.a.j.t.JMeterThread: Thread started: Ticket intake 1-84
2026-10-09 10:00:20,066 INFO o.a.j.t.JMeterThread: Thread started: Agent search 2-329
2026-10-09 10:00:20,292 INFO o.a.j.t.JMeterThread: Thread is done: Agent search 2-329
2026-10-09 10:00:20,293 INFO o.a.j.t.JMeterThread: Thread finished: Agent search 2-329
2026-10-09 10:00:20,771 INFO o.a.j.t.JMeterThread: Thread started: Agent search 2-330
2026-10-09 10:00:21,112 INFO o.a.j.t.JMeterThread: Thread is done: Agent search 2-330
2026-10-09 10:00:21,112 INFO o.a.j.t.JMeterThread: Thread finished: Agent search 2-330
2026-10-09 10:00:21,629 INFO o.a.j.t.JMeterThread: Thread started: Agent search 2-331
2026-10-09 10:00:21,829 INFO o.a.j.t.JMeterThread: Thread is done: Agent search 2-331
2026-10-09 10:00:21,829 INFO o.a.j.t.JMeterThread: Thread finished: Agent search 2-331
2026-10-09 10:00:22,769 INFO o.a.j.t.JMeterThread: Thread started: Agent search 2-332
2026-10-09 10:00:23,060 INFO o.a.j.t.JMeterThread: Thread is done: Agent search 2-332
2026-10-09 10:00:23,060 INFO o.a.j.t.JMeterThread: Thread finished: Agent search 2-332
2026-10-09 10:00:24,748 INFO o.a.j.t.JMeterThread: Thread started: Agent search 2-333
2026-10-09 10:00:25,007 INFO o.a.j.t.JMeterThread: Thread is done: Agent search 2-333
2026-10-09 10:00:25,007 INFO o.a.j.t.JMeterThread: Thread finished: Agent search 2-333
2026-10-09 10:00:26,439 INFO o.a.j.t.JMeterThread: Thread started: Ticket intake 1-85
2026-10-09 10:00:28,612 INFO o.a.j.t.JMeterThread: Thread is done: Ticket intake 1-84
2026-10-09 10:00:28,612 INFO o.a.j.t.JMeterThread: Thread finished: Ticket intake 1-84
2026-10-09 10:00:28,996 INFO o.a.j.t.JMeterThread: Thread started: Agent search 2-334
2026-10-09 10:00:29,202 INFO o.a.j.t.JMeterThread: Thread is done: Agent search 2-334
2026-10-09 10:00:29,202 INFO o.a.j.t.JMeterThread: Thread finished: Agent search 2-334
2026-10-09 10:00:31,040 INFO o.a.j.t.JMeterThread: Thread started: Agent search 2-335
2026-10-09 10:00:31,354 INFO o.a.j.r.Summariser: summary +     10 in 00:00:29 =    0.3/s Avg:  1209 Min:   196 Max:  9765 Err:     0 (0.00%) Active: 2 Started: 420 Finished: 418
2026-10-09 10:00:31,354 INFO o.a.j.r.Summariser: summary =    419 in 00:26:26 =    0.3/s Avg:  3205 Min:    51 Max: 33084 Err:     0 (0.00%)
2026-10-09 10:00:31,354 INFO o.a.j.t.JMeterThread: Thread is done: Agent search 2-335
2026-10-09 10:00:31,354 INFO o.a.j.t.JMeterThread: Thread finished: Agent search 2-335
2026-10-09 10:00:33,709 INFO o.a.j.t.JMeterThread: Thread started: Agent search 2-336
2026-10-09 10:00:34,118 INFO o.a.j.t.JMeterThread: Thread is done: Agent search 2-336
2026-10-09 10:00:34,119 INFO o.a.j.t.JMeterThread: Thread finished: Agent search 2-336
2026-10-09 10:00:34,535 INFO o.a.j.t.JMeterThread: Thread started: Agent search 2-337
2026-10-09 10:00:34,743 INFO o.a.j.t.JMeterThread: Thread is done: Agent search 2-337
2026-10-09 10:00:34,743 INFO o.a.j.t.JMeterThread: Thread finished: Agent search 2-337
2026-10-09 10:00:36,882 INFO o.a.j.t.JMeterThread: Thread is done: Ticket intake 1-85
2026-10-09 10:00:36,883 INFO o.a.j.t.JMeterThread: Thread finished: Ticket intake 1-85
2026-10-09 10:00:42,411 INFO o.a.j.t.JMeterThread: Thread started: Agent search 2-338
2026-10-09 10:00:42,720 INFO o.a.j.t.JMeterThread: Thread is done: Agent search 2-338
2026-10-09 10:00:42,721 INFO o.a.j.t.JMeterThread: Thread finished: Agent search 2-338
2026-10-09 10:00:44,013 INFO o.a.j.t.JMeterThread: Thread started: Agent search 2-339
2026-10-09 10:00:44,193 INFO o.a.j.t.JMeterThread: Thread is done: Agent search 2-339
2026-10-09 10:00:44,194 INFO o.a.j.t.JMeterThread: Thread finished: Agent search 2-339
2026-10-09 10:00:44,870 INFO o.a.j.t.JMeterThread: Thread started: Agent search 2-340
2026-10-09 10:00:44,976 INFO o.a.j.t.JMeterThread: Thread is done: Agent search 2-340
2026-10-09 10:00:44,976 INFO o.a.j.t.JMeterThread: Thread finished: Agent search 2-340
2026-10-09 10:00:45,090 INFO o.a.j.t.JMeterThread: Thread started: Agent search 2-341
2026-10-09 10:00:45,248 INFO o.a.j.t.JMeterThread: Thread is done: Agent search 2-341
2026-10-09 10:00:45,248 INFO o.a.j.t.JMeterThread: Thread finished: Agent search 2-341
2026-10-09 10:00:47,805 INFO o.a.j.t.JMeterThread: Thread started: Agent search 2-342
2026-10-09 10:00:47,916 INFO o.a.j.t.JMeterThread: Thread is done: Agent search 2-342
2026-10-09 10:00:47,916 INFO o.a.j.t.JMeterThread: Thread finished: Agent search 2-342
2026-10-09 10:00:53,626 INFO o.a.j.t.JMeterThread: Thread started: Agent search 2-343
2026-10-09 10:00:53,754 INFO o.a.j.t.JMeterThread: Thread is done: Agent search 2-343
2026-10-09 10:00:53,754 INFO o.a.j.t.JMeterThread: Thread finished: Agent search 2-343
2026-10-09 10:00:56,137 INFO o.a.j.t.JMeterThread: Thread started: Agent search 2-344
2026-10-09 10:00:56,253 INFO o.a.j.t.JMeterThread: Thread is done: Agent search 2-344
2026-10-09 10:00:56,253 INFO o.a.j.t.JMeterThread: Thread finished: Agent search 2-344
2026-10-09 10:00:57,478 INFO o.a.j.t.JMeterThread: Thread started: Agent search 2-345
2026-10-09 10:00:57,592 INFO o.a.j.t.JMeterThread: Thread is done: Agent search 2-345
2026-10-09 10:00:57,592 INFO o.a.j.t.JMeterThread: Thread finished: Agent search 2-345
2026-10-09 10:01:04,242 INFO o.a.j.t.JMeterThread: Thread started: Agent search 2-346
2026-10-09 10:01:04,313 INFO o.a.j.r.Summariser: summary +     12 in 00:00:33 =    0.4/s Avg:  1028 Min:    69 Max: 10442 Err:     0 (0.00%) Active: 1 Started: 431 Finished: 430
2026-10-09 10:01:04,313 INFO o.a.j.r.Summariser: summary =    431 in 00:26:59 =    0.3/s Avg:  3145 Min:    51 Max: 33084 Err:     0 (0.00%)
2026-10-09 10:01:04,314 INFO o.a.j.t.JMeterThread: Thread is done: Agent search 2-346
2026-10-09 10:01:04,314 INFO o.a.j.t.JMeterThread: Thread finished: Agent search 2-346
2026-10-09 10:01:07,459 INFO o.a.j.t.JMeterThread: Thread started: Agent search 2-347
2026-10-09 10:01:07,594 INFO o.a.j.t.JMeterThread: Thread is done: Agent search 2-347
2026-10-09 10:01:07,594 INFO o.a.j.t.JMeterThread: Thread finished: Agent search 2-347
2026-10-09 10:01:12,624 INFO o.a.j.t.JMeterThread: Thread started: Agent search 2-348
2026-10-09 10:01:12,700 INFO o.a.j.t.JMeterThread: Thread is done: Agent search 2-348
2026-10-09 10:01:12,700 INFO o.a.j.t.JMeterThread: Thread finished: Agent search 2-348
2026-10-09 10:01:23,576 INFO o.a.j.t.JMeterThread: Thread started: Agent search 2-349
2026-10-09 10:01:23,721 INFO o.a.j.t.JMeterThread: Thread is done: Agent search 2-349
2026-10-09 10:01:23,721 INFO o.a.j.t.JMeterThread: Thread finished: Agent search 2-349
2026-10-09 10:01:25,684 INFO o.a.j.t.JMeterThread: Thread started: Ticket intake 1-86
2026-10-09 10:01:28,604 INFO o.a.j.t.JMeterThread: Thread started: Agent search 2-350
2026-10-09 10:01:28,704 INFO o.a.j.t.JMeterThread: Thread is done: Agent search 2-350
2026-10-09 10:01:28,704 INFO o.a.j.t.JMeterThread: Thread finished: Agent search 2-350
2026-10-09 10:01:29,863 INFO o.a.j.t.JMeterThread: Thread started: Agent search 2-351
2026-10-09 10:01:30,066 INFO o.a.j.r.Summariser: summary +      5 in 00:00:26 =    0.2/s Avg:   130 Min:    74 Max:   202 Err:     0 (0.00%) Active: 2 Started: 437 Finished: 435
2026-10-09 10:01:30,067 INFO o.a.j.r.Summariser: summary =    436 in 00:27:25 =    0.3/s Avg:  3110 Min:    51 Max: 33084 Err:     0 (0.00%)
2026-10-09 10:01:30,067 INFO o.a.j.t.JMeterThread: Thread is done: Agent search 2-351
2026-10-09 10:01:30,067 INFO o.a.j.t.JMeterThread: Thread finished: Agent search 2-351
2026-10-09 10:01:31,816 INFO o.a.j.t.JMeterThread: Thread started: Ticket intake 1-87
2026-10-09 10:01:33,448 INFO o.a.j.t.JMeterThread: Thread started: Agent search 2-352
2026-10-09 10:01:33,575 INFO o.a.j.t.JMeterThread: Thread is done: Agent search 2-352
2026-10-09 10:01:33,575 INFO o.a.j.t.JMeterThread: Thread finished: Agent search 2-352
2026-10-09 10:01:38,823 INFO o.a.j.t.JMeterThread: Thread is done: Ticket intake 1-86
2026-10-09 10:01:38,823 INFO o.a.j.t.JMeterThread: Thread finished: Ticket intake 1-86
2026-10-09 10:01:40,780 INFO o.a.j.t.JMeterThread: Thread started: Ticket intake 1-88
2026-10-09 10:01:43,127 INFO o.a.j.t.JMeterThread: Thread started: Agent search 2-353
2026-10-09 10:01:43,220 INFO o.a.j.t.JMeterThread: Thread is done: Agent search 2-353
2026-10-09 10:01:43,220 INFO o.a.j.t.JMeterThread: Thread finished: Agent search 2-353
2026-10-09 10:01:46,300 INFO o.a.j.t.JMeterThread: Thread started: Ticket intake 1-89
2026-10-09 10:01:47,177 INFO o.a.j.t.JMeterThread: Thread is done: Ticket intake 1-87
2026-10-09 10:01:47,177 INFO o.a.j.t.JMeterThread: Thread finished: Ticket intake 1-87
2026-10-09 10:01:48,093 INFO o.a.j.t.JMeterThread: Thread started: Ticket intake 1-90
2026-10-09 10:01:53,032 INFO o.a.j.t.JMeterThread: Thread started: Agent search 2-354
2026-10-09 10:01:53,134 INFO o.a.j.t.JMeterThread: Thread is done: Agent search 2-354
2026-10-09 10:01:53,134 INFO o.a.j.t.JMeterThread: Thread finished: Agent search 2-354
2026-10-09 10:01:56,025 INFO o.a.j.t.JMeterThread: Thread is done: Ticket intake 1-88
2026-10-09 10:01:56,025 INFO o.a.j.t.JMeterThread: Thread finished: Ticket intake 1-88
2026-10-09 10:01:57,102 INFO o.a.j.t.JMeterThread: Thread started: Ticket intake 1-91
2026-10-09 10:02:02,544 INFO o.a.j.t.JMeterThread: Thread started: Ticket intake 1-92
2026-10-09 10:02:02,580 INFO o.a.j.t.JMeterThread: Thread started: Agent search 2-355
2026-10-09 10:02:02,664 INFO o.a.j.r.Summariser: summary +      7 in 00:00:33 =    0.2/s Avg:  6306 Min:    84 Max: 15361 Err:     0 (0.00%) Active: 5 Started: 447 Finished: 442
2026-10-09 10:02:02,664 INFO o.a.j.r.Summariser: summary =    443 in 00:27:58 =    0.3/s Avg:  3160 Min:    51 Max: 33084 Err:     0 (0.00%)
2026-10-09 10:02:02,665 INFO o.a.j.t.JMeterThread: Thread is done: Agent search 2-355
2026-10-09 10:02:02,665 INFO o.a.j.t.JMeterThread: Thread finished: Agent search 2-355
2026-10-09 10:02:03,445 INFO o.a.j.t.JMeterThread: Thread started: Agent search 2-356
2026-10-09 10:02:03,565 INFO o.a.j.t.JMeterThread: Thread is done: Agent search 2-356
2026-10-09 10:02:03,565 INFO o.a.j.t.JMeterThread: Thread finished: Agent search 2-356
2026-10-09 10:02:04,144 INFO o.a.j.t.JMeterThread: Thread is done: Ticket intake 1-89
2026-10-09 10:02:04,145 INFO o.a.j.t.JMeterThread: Thread finished: Ticket intake 1-89
2026-10-09 10:02:12,771 INFO o.a.j.t.JMeterThread: Thread started: Agent search 2-357
2026-10-09 10:02:12,870 INFO o.a.j.t.JMeterThread: Thread is done: Agent search 2-357
2026-10-09 10:02:12,870 INFO o.a.j.t.JMeterThread: Thread finished: Agent search 2-357
2026-10-09 10:02:12,980 INFO o.a.j.t.JMeterThread: Thread is done: Ticket intake 1-90
2026-10-09 10:02:12,980 INFO o.a.j.t.JMeterThread: Thread finished: Ticket intake 1-90
2026-10-09 10:02:17,235 INFO o.a.j.t.JMeterThread: Thread started: Agent search 2-358
2026-10-09 10:02:17,320 INFO o.a.j.t.JMeterThread: Thread is done: Agent search 2-358
2026-10-09 10:02:17,320 INFO o.a.j.t.JMeterThread: Thread finished: Agent search 2-358
2026-10-09 10:02:23,711 INFO o.a.j.t.JMeterThread: Thread started: Agent search 2-359
2026-10-09 10:02:23,825 INFO o.a.j.t.JMeterThread: Thread is done: Agent search 2-359
2026-10-09 10:02:23,825 INFO o.a.j.t.JMeterThread: Thread finished: Agent search 2-359
2026-10-09 10:02:24,151 INFO o.a.j.t.JMeterThread: Thread is done: Ticket intake 1-91
2026-10-09 10:02:24,151 INFO o.a.j.t.JMeterThread: Thread finished: Ticket intake 1-91
2026-10-09 10:02:27,412 INFO o.a.j.t.JMeterThread: Thread started: Agent search 2-360
2026-10-09 10:02:27,555 INFO o.a.j.t.JMeterThread: Thread is done: Agent search 2-360
2026-10-09 10:02:27,555 INFO o.a.j.t.JMeterThread: Thread finished: Agent search 2-360
2026-10-09 10:02:31,132 INFO o.a.j.t.JMeterThread: Thread started: Agent search 2-361
2026-10-09 10:02:31,322 INFO o.a.j.r.Summariser: summary +      9 in 00:00:29 =    0.3/s Avg:  7835 Min:    84 Max: 27049 Err:     0 (0.00%) Active: 2 Started: 453 Finished: 451
2026-10-09 10:02:31,323 INFO o.a.j.r.Summariser: summary =    452 in 00:28:26 =    0.3/s Avg:  3254 Min:    51 Max: 33084 Err:     0 (0.00%)
2026-10-09 10:02:31,323 INFO o.a.j.t.JMeterThread: Thread is done: Agent search 2-361
2026-10-09 10:02:31,323 INFO o.a.j.t.JMeterThread: Thread finished: Agent search 2-361
2026-10-09 10:02:31,619 INFO o.a.j.t.JMeterThread: Thread is done: Ticket intake 1-92
2026-10-09 10:02:31,619 INFO o.a.j.t.JMeterThread: Thread finished: Ticket intake 1-92
2026-10-09 10:02:33,857 INFO o.a.j.t.JMeterThread: Thread started: Ticket intake 1-93
2026-10-09 10:02:36,262 INFO o.a.j.t.JMeterThread: Thread started: Agent search 2-362
2026-10-09 10:02:36,374 INFO o.a.j.t.JMeterThread: Thread is done: Agent search 2-362
2026-10-09 10:02:36,374 INFO o.a.j.t.JMeterThread: Thread finished: Agent search 2-362
2026-10-09 10:02:36,657 INFO o.a.j.t.JMeterThread: Thread started: Agent search 2-363
2026-10-09 10:02:36,842 INFO o.a.j.t.JMeterThread: Thread is done: Agent search 2-363
2026-10-09 10:02:36,842 INFO o.a.j.t.JMeterThread: Thread finished: Agent search 2-363
2026-10-09 10:02:37,466 INFO o.a.j.t.JMeterThread: Thread started: Ticket intake 1-94
2026-10-09 10:02:40,236 INFO o.a.j.t.JMeterThread: Thread started: Agent search 2-364
2026-10-09 10:02:40,327 INFO o.a.j.t.JMeterThread: Thread is done: Agent search 2-364
2026-10-09 10:02:40,327 INFO o.a.j.t.JMeterThread: Thread finished: Agent search 2-364
2026-10-09 10:02:42,964 INFO o.a.j.t.JMeterThread: Thread is done: Ticket intake 1-93
2026-10-09 10:02:42,964 INFO o.a.j.t.JMeterThread: Thread finished: Ticket intake 1-93
2026-10-09 10:02:43,325 INFO o.a.j.t.JMeterThread: Thread started: Agent search 2-365
2026-10-09 10:02:43,439 INFO o.a.j.t.JMeterThread: Thread is done: Agent search 2-365
2026-10-09 10:02:43,439 INFO o.a.j.t.JMeterThread: Thread finished: Agent search 2-365
2026-10-09 10:02:43,548 INFO o.a.j.t.JMeterThread: Thread started: Ticket intake 1-95
2026-10-09 10:02:48,804 INFO o.a.j.t.JMeterThread: Thread started: Ticket intake 1-96
2026-10-09 10:02:53,691 INFO o.a.j.t.JMeterThread: Thread is done: Ticket intake 1-94
2026-10-09 10:02:53,691 INFO o.a.j.t.JMeterThread: Thread finished: Ticket intake 1-94
2026-10-09 10:02:54,136 INFO o.a.j.t.JMeterThread: Thread started: Agent search 2-366
2026-10-09 10:02:54,305 INFO o.a.j.t.JMeterThread: Thread is done: Agent search 2-366
2026-10-09 10:02:54,305 INFO o.a.j.t.JMeterThread: Thread finished: Agent search 2-366
2026-10-09 10:02:55,692 INFO o.a.j.t.JMeterThread: Thread started: Agent search 2-367
2026-10-09 10:02:55,808 INFO o.a.j.t.JMeterThread: Thread started: Agent search 2-368
2026-10-09 10:02:55,883 INFO o.a.j.t.JMeterThread: Thread is done: Agent search 2-367
2026-10-09 10:02:55,883 INFO o.a.j.t.JMeterThread: Thread finished: Agent search 2-367
2026-10-09 10:02:55,932 INFO o.a.j.t.JMeterThread: Thread is done: Agent search 2-368
2026-10-09 10:02:55,932 INFO o.a.j.t.JMeterThread: Thread finished: Agent search 2-368
2026-10-09 10:02:56,044 INFO o.a.j.t.JMeterThread: Thread started: Agent search 2-369
2026-10-09 10:02:56,267 INFO o.a.j.t.JMeterThread: Thread is done: Agent search 2-369
2026-10-09 10:02:56,268 INFO o.a.j.t.JMeterThread: Thread finished: Agent search 2-369
2026-10-09 10:02:58,106 INFO o.a.j.t.JMeterThread: Thread started: Agent search 2-370
2026-10-09 10:02:58,211 INFO o.a.j.t.JMeterThread: Thread is done: Agent search 2-370
2026-10-09 10:02:58,211 INFO o.a.j.t.JMeterThread: Thread finished: Agent search 2-370
2026-10-09 10:03:02,600 INFO o.a.j.r.Summariser: summary +     13 in 00:00:31 =    0.4/s Avg:  5750 Min:    90 Max: 29074 Err:     0 (0.00%) Active: 2 Started: 466 Finished: 464
2026-10-09 10:03:02,600 INFO o.a.j.r.Summariser: summary =    465 in 00:28:58 =    0.3/s Avg:  3323 Min:    51 Max: 33084 Err:     0 (0.00%)
2026-10-09 10:03:02,600 INFO o.a.j.t.JMeterThread: Thread is done: Ticket intake 1-95
2026-10-09 10:03:02,600 INFO o.a.j.t.JMeterThread: Thread finished: Ticket intake 1-95
2026-10-09 10:03:03,060 INFO o.a.j.t.JMeterThread: Thread started: Ticket intake 1-97
2026-10-09 10:03:05,014 INFO o.a.j.t.JMeterThread: Thread started: Agent search 2-371
2026-10-09 10:03:05,220 INFO o.a.j.t.JMeterThread: Thread is done: Agent search 2-371
2026-10-09 10:03:05,220 INFO o.a.j.t.JMeterThread: Thread finished: Agent search 2-371
2026-10-09 10:03:05,915 INFO o.a.j.t.JMeterThread: Thread started: Agent search 2-372
2026-10-09 10:03:06,081 INFO o.a.j.t.JMeterThread: Thread is done: Agent search 2-372
2026-10-09 10:03:06,081 INFO o.a.j.t.JMeterThread: Thread finished: Agent search 2-372
2026-10-09 10:03:08,219 INFO o.a.j.t.JMeterThread: Thread started: Ticket intake 1-98
2026-10-09 10:03:10,937 INFO o.a.j.t.JMeterThread: Thread started: Agent search 2-373
2026-10-09 10:03:11,100 INFO o.a.j.t.JMeterThread: Thread is done: Agent search 2-373
2026-10-09 10:03:11,100 INFO o.a.j.t.JMeterThread: Thread finished: Agent search 2-373
2026-10-09 10:03:12,552 INFO o.a.j.t.JMeterThread: Thread started: Agent search 2-374
2026-10-09 10:03:12,560 INFO o.a.j.t.JMeterThread: Thread is done: Ticket intake 1-96
2026-10-09 10:03:12,560 INFO o.a.j.t.JMeterThread: Thread finished: Ticket intake 1-96
2026-10-09 10:03:12,688 INFO o.a.j.t.JMeterThread: Thread is done: Agent search 2-374
2026-10-09 10:03:12,688 INFO o.a.j.t.JMeterThread: Thread finished: Agent search 2-374
2026-10-09 10:03:15,022 INFO o.a.j.t.JMeterThread: Thread started: Agent search 2-375
2026-10-09 10:03:15,196 INFO o.a.j.t.JMeterThread: Thread is done: Agent search 2-375
2026-10-09 10:03:15,196 INFO o.a.j.t.JMeterThread: Thread finished: Agent search 2-375
2026-10-09 10:03:15,258 INFO o.a.j.t.JMeterThread: Thread started: Agent search 2-376
2026-10-09 10:03:15,501 INFO o.a.j.t.JMeterThread: Thread is done: Agent search 2-376
2026-10-09 10:03:15,502 INFO o.a.j.t.JMeterThread: Thread finished: Agent search 2-376
2026-10-09 10:03:23,189 INFO o.a.j.t.JMeterThread: Thread started: Ticket intake 1-99
2026-10-09 10:03:23,756 INFO o.a.j.t.JMeterThread: Thread started: Agent search 2-377
2026-10-09 10:03:23,900 INFO o.a.j.t.JMeterThread: Thread is done: Agent search 2-377
2026-10-09 10:03:23,900 INFO o.a.j.t.JMeterThread: Thread finished: Agent search 2-377
2026-10-09 10:03:27,893 INFO o.a.j.t.JMeterThread: Thread is done: Ticket intake 1-97
2026-10-09 10:03:27,893 INFO o.a.j.t.JMeterThread: Thread finished: Ticket intake 1-97
2026-10-09 10:03:37,929 INFO o.a.j.t.JMeterThread: Thread is done: Ticket intake 1-98
2026-10-09 10:03:37,929 INFO o.a.j.t.JMeterThread: Thread finished: Ticket intake 1-98
2026-10-09 10:03:38,871 INFO o.a.j.t.JMeterThread: Thread started: Agent search 2-378
2026-10-09 10:03:39,054 INFO o.a.j.t.JMeterThread: Thread is done: Agent search 2-378
2026-10-09 10:03:39,054 INFO o.a.j.t.JMeterThread: Thread finished: Agent search 2-378
2026-10-09 10:03:46,589 INFO o.a.j.t.JMeterThread: Thread started: Ticket intake 1-100
2026-10-09 10:03:49,295 INFO o.a.j.t.JMeterThread: Thread is done: Ticket intake 1-99
2026-10-09 10:03:49,295 INFO o.a.j.t.JMeterThread: Thread finished: Ticket intake 1-99
2026-10-09 10:03:49,901 INFO o.a.j.t.JMeterThread: Thread started: Agent search 2-379
2026-10-09 10:03:50,115 INFO o.a.j.t.JMeterThread: Thread is done: Agent search 2-379
2026-10-09 10:03:50,115 INFO o.a.j.t.JMeterThread: Thread finished: Agent search 2-379
2026-10-09 10:03:51,095 INFO o.a.j.t.JMeterThread: Thread started: Agent search 2-380
2026-10-09 10:03:51,344 INFO o.a.j.t.JMeterThread: Thread is done: Agent search 2-380
2026-10-09 10:03:51,344 INFO o.a.j.t.JMeterThread: Thread finished: Agent search 2-380
2026-10-09 10:03:59,519 INFO o.a.j.t.JMeterThread: Thread started: Ticket intake 1-101
2026-10-09 10:03:59,945 INFO o.a.j.t.JMeterThread: Thread is done: Ticket intake 1-100
2026-10-09 10:03:59,945 INFO o.a.j.t.JMeterThread: Thread finished: Ticket intake 1-100
2026-10-09 10:04:02,554 INFO o.a.j.t.JMeterThread: Thread started: Ticket intake 1-102
2026-10-09 10:04:02,767 INFO o.a.j.t.JMeterThread: Thread started: Agent search 2-381
2026-10-09 10:04:02,901 INFO o.a.j.r.Summariser: summary +     16 in 00:01:00 =    0.3/s Avg:  7484 Min:   133 Max: 29710 Err:     0 (0.00%) Active: 3 Started: 483 Finished: 480
2026-10-09 10:04:02,902 INFO o.a.j.r.Summariser: summary =    481 in 00:29:58 =    0.3/s Avg:  3462 Min:    51 Max: 33084 Err:     0 (0.00%)
2026-10-09 10:04:02,902 INFO o.a.j.t.JMeterThread: Thread is done: Agent search 2-381
2026-10-09 10:04:02,902 INFO o.a.j.t.JMeterThread: Thread finished: Agent search 2-381
2026-10-09 10:04:06,131 INFO o.a.j.t.JMeterThread: Thread started: Ticket intake 1-103
2026-10-09 10:04:09,775 INFO o.a.j.t.JMeterThread: Thread is done: Ticket intake 1-101
2026-10-09 10:04:09,775 INFO o.a.j.t.JMeterThread: Thread finished: Ticket intake 1-101
2026-10-09 10:04:12,704 INFO o.a.j.t.JMeterThread: Thread started: Agent search 2-382
2026-10-09 10:04:12,950 INFO o.a.j.t.JMeterThread: Thread is done: Agent search 2-382
2026-10-09 10:04:12,950 INFO o.a.j.t.JMeterThread: Thread finished: Agent search 2-382
2026-10-09 10:04:16,584 INFO o.a.j.t.JMeterThread: Thread started: Agent search 2-383
2026-10-09 10:04:16,841 INFO o.a.j.t.JMeterThread: Thread is done: Agent search 2-383
2026-10-09 10:04:16,841 INFO o.a.j.t.JMeterThread: Thread finished: Agent search 2-383
2026-10-09 10:04:17,877 INFO o.a.j.t.JMeterThread: Thread started: Agent search 2-384
2026-10-09 10:04:17,968 INFO o.a.j.t.JMeterThread: Thread is done: Agent search 2-384
2026-10-09 10:04:17,968 INFO o.a.j.t.JMeterThread: Thread finished: Agent search 2-384
2026-10-09 10:04:19,401 INFO o.a.j.t.JMeterThread: Thread is done: Ticket intake 1-102
2026-10-09 10:04:19,401 INFO o.a.j.t.JMeterThread: Thread finished: Ticket intake 1-102
2026-10-09 10:04:30,052 INFO o.a.j.r.Summariser: summary +      6 in 00:00:27 =    0.2/s Avg:  8602 Min:    91 Max: 23920 Err:     0 (0.00%) Active: 1 Started: 487 Finished: 486
2026-10-09 10:04:30,052 INFO o.a.j.r.Summariser: summary =    487 in 00:30:25 =    0.3/s Avg:  3525 Min:    51 Max: 33084 Err:     0 (0.00%)
2026-10-09 10:04:30,052 INFO o.a.j.t.JMeterThread: Thread is done: Ticket intake 1-103
2026-10-09 10:04:30,052 INFO o.a.j.t.JMeterThread: Thread finished: Ticket intake 1-103
2026-10-09 10:04:30,368 INFO o.a.j.t.JMeterThread: Thread started: Agent search 2-385
2026-10-09 10:04:30,563 INFO o.a.j.t.JMeterThread: Thread is done: Agent search 2-385
2026-10-09 10:04:30,563 INFO o.a.j.t.JMeterThread: Thread finished: Agent search 2-385
2026-10-09 10:04:36,727 INFO o.a.j.t.JMeterThread: Thread started: Ticket intake 1-104
2026-10-09 10:04:37,155 INFO o.a.j.t.JMeterThread: Thread started: Agent search 2-386
2026-10-09 10:04:37,321 INFO o.a.j.t.JMeterThread: Thread is done: Agent search 2-386
2026-10-09 10:04:37,321 INFO o.a.j.t.JMeterThread: Thread finished: Agent search 2-386
2026-10-09 10:04:37,839 INFO o.a.j.t.JMeterThread: Thread started: Agent search 2-387
2026-10-09 10:04:38,038 INFO o.a.j.t.JMeterThread: Thread is done: Agent search 2-387
2026-10-09 10:04:38,038 INFO o.a.j.t.JMeterThread: Thread finished: Agent search 2-387
2026-10-09 10:04:41,911 INFO o.a.j.t.JMeterThread: Thread started: Agent search 2-388
2026-10-09 10:04:42,237 INFO o.a.j.t.JMeterThread: Thread is done: Agent search 2-388
2026-10-09 10:04:42,237 INFO o.a.j.t.JMeterThread: Thread finished: Agent search 2-388
2026-10-09 10:04:45,309 INFO o.a.j.t.JMeterThread: Thread is done: Ticket intake 1-104
2026-10-09 10:04:45,309 INFO o.a.j.t.JMeterThread: Thread finished: Ticket intake 1-104
2026-10-09 10:04:46,693 INFO o.a.j.t.JMeterThread: Thread started: Agent search 2-389
2026-10-09 10:04:47,155 INFO o.a.j.t.JMeterThread: Thread is done: Agent search 2-389
2026-10-09 10:04:47,155 INFO o.a.j.t.JMeterThread: Thread finished: Agent search 2-389
2026-10-09 10:04:47,824 INFO o.a.j.t.JMeterThread: Thread started: Agent search 2-390
2026-10-09 10:04:47,972 INFO o.a.j.t.JMeterThread: Thread is done: Agent search 2-390
2026-10-09 10:04:47,972 INFO o.a.j.t.JMeterThread: Thread finished: Agent search 2-390
2026-10-09 10:04:50,761 INFO o.a.j.t.JMeterThread: Thread started: Ticket intake 1-105
2026-10-09 10:04:53,878 INFO o.a.j.t.JMeterThread: Thread started: Ticket intake 1-106
2026-10-09 10:04:54,478 INFO o.a.j.t.JMeterThread: Thread started: Ticket intake 1-107
2026-10-09 10:04:55,753 INFO o.a.j.t.JMeterThread: Thread started: Agent search 2-391
2026-10-09 10:04:55,916 INFO o.a.j.t.JMeterThread: Thread is done: Agent search 2-391
2026-10-09 10:04:55,916 INFO o.a.j.t.JMeterThread: Thread finished: Agent search 2-391
2026-10-09 10:05:00,157 INFO o.a.j.r.Summariser: summary +      9 in 00:00:30 =    0.3/s Avg:  2180 Min:   148 Max:  9395 Err:     0 (0.00%) Active: 3 Started: 498 Finished: 495
2026-10-09 10:05:00,157 INFO o.a.j.r.Summariser: summary =    496 in 00:30:55 =    0.3/s Avg:  3501 Min:    51 Max: 33084 Err:     0 (0.00%)
2026-10-09 10:05:00,158 INFO o.a.j.t.JMeterThread: Thread is done: Ticket intake 1-105
2026-10-09 10:05:00,158 INFO o.a.j.t.JMeterThread: Thread finished: Ticket intake 1-105
2026-10-09 10:05:08,615 INFO o.a.j.t.JMeterThread: Thread started: Ticket intake 1-108
2026-10-09 10:05:12,957 INFO o.a.j.t.JMeterThread: Thread is done: Ticket intake 1-106
2026-10-09 10:05:12,957 INFO o.a.j.t.JMeterThread: Thread finished: Ticket intake 1-106
2026-10-09 10:05:16,590 INFO o.a.j.t.JMeterThread: Thread started: Agent search 2-392
2026-10-09 10:05:16,747 INFO o.a.j.t.JMeterThread: Thread is done: Agent search 2-392
2026-10-09 10:05:16,747 INFO o.a.j.t.JMeterThread: Thread finished: Agent search 2-392
2026-10-09 10:05:18,775 INFO o.a.j.t.JMeterThread: Thread started: Agent search 2-393
2026-10-09 10:05:19,205 INFO o.a.j.t.JMeterThread: Thread is done: Agent search 2-393
2026-10-09 10:05:19,205 INFO o.a.j.t.JMeterThread: Thread finished: Agent search 2-393
2026-10-09 10:05:20,586 INFO o.a.j.t.JMeterThread: Thread started: Agent search 2-394
2026-10-09 10:05:20,741 INFO o.a.j.t.JMeterThread: Thread is done: Agent search 2-394
2026-10-09 10:05:20,741 INFO o.a.j.t.JMeterThread: Thread finished: Agent search 2-394
2026-10-09 10:05:21,300 INFO o.a.j.t.JMeterThread: Thread is done: Ticket intake 1-107
2026-10-09 10:05:21,300 INFO o.a.j.t.JMeterThread: Thread finished: Ticket intake 1-107
2026-10-09 10:05:21,516 INFO o.a.j.t.JMeterThread: Thread started: Agent search 2-395
2026-10-09 10:05:21,622 INFO o.a.j.t.JMeterThread: Thread is done: Agent search 2-395
2026-10-09 10:05:21,623 INFO o.a.j.t.JMeterThread: Thread finished: Agent search 2-395
2026-10-09 10:05:26,214 INFO o.a.j.t.JMeterThread: Thread started: Agent search 2-396
2026-10-09 10:05:26,474 INFO o.a.j.t.JMeterThread: Thread is done: Agent search 2-396
2026-10-09 10:05:26,475 INFO o.a.j.t.JMeterThread: Thread finished: Agent search 2-396
2026-10-09 10:05:29,546 INFO o.a.j.t.JMeterThread: Thread is done: Ticket intake 1-108
2026-10-09 10:05:29,546 INFO o.a.j.t.JMeterThread: Thread finished: Ticket intake 1-108
2026-10-09 10:05:33,032 INFO o.a.j.t.JMeterThread: Thread started: Agent search 2-397
2026-10-09 10:05:33,234 INFO o.a.j.r.Summariser: summary +      9 in 00:00:33 =    0.3/s Avg:  7570 Min:   106 Max: 26820 Err:     0 (0.00%) Active: 1 Started: 505 Finished: 504
2026-10-09 10:05:33,234 INFO o.a.j.r.Summariser: summary =    505 in 00:31:28 =    0.3/s Avg:  3573 Min:    51 Max: 33084 Err:     0 (0.00%)
2026-10-09 10:05:33,234 INFO o.a.j.t.JMeterThread: Thread is done: Agent search 2-397
2026-10-09 10:05:33,234 INFO o.a.j.t.JMeterThread: Thread finished: Agent search 2-397
2026-10-09 10:05:34,854 INFO o.a.j.t.JMeterThread: Thread started: Agent search 2-398
2026-10-09 10:05:35,163 INFO o.a.j.t.JMeterThread: Thread is done: Agent search 2-398
2026-10-09 10:05:35,163 INFO o.a.j.t.JMeterThread: Thread finished: Agent search 2-398
2026-10-09 10:05:37,289 INFO o.a.j.t.JMeterThread: Thread started: Ticket intake 1-109
2026-10-09 10:05:43,537 INFO o.a.j.t.JMeterThread: Thread started: Agent search 2-399
2026-10-09 10:05:43,678 INFO o.a.j.t.JMeterThread: Thread is done: Agent search 2-399
2026-10-09 10:05:43,678 INFO o.a.j.t.JMeterThread: Thread finished: Agent search 2-399
2026-10-09 10:05:45,576 INFO o.a.j.t.JMeterThread: Thread started: Agent search 2-400
2026-10-09 10:05:45,830 INFO o.a.j.t.JMeterThread: Thread is done: Agent search 2-400
2026-10-09 10:05:45,830 INFO o.a.j.t.JMeterThread: Thread finished: Agent search 2-400
2026-10-09 10:05:46,379 INFO o.a.j.t.JMeterThread: Thread started: Agent search 2-401
2026-10-09 10:05:46,592 INFO o.a.j.t.JMeterThread: Thread is done: Agent search 2-401
2026-10-09 10:05:46,593 INFO o.a.j.t.JMeterThread: Thread finished: Agent search 2-401
2026-10-09 10:05:47,264 INFO o.a.j.t.JMeterThread: Thread is done: Ticket intake 1-109
2026-10-09 10:05:47,264 INFO o.a.j.t.JMeterThread: Thread finished: Ticket intake 1-109
2026-10-09 10:05:49,817 INFO o.a.j.t.JMeterThread: Thread started: Agent search 2-402
2026-10-09 10:05:50,027 INFO o.a.j.t.JMeterThread: Thread is done: Agent search 2-402
2026-10-09 10:05:50,028 INFO o.a.j.t.JMeterThread: Thread finished: Agent search 2-402
2026-10-09 10:05:50,097 INFO o.a.j.t.JMeterThread: Thread started: Agent search 2-403
2026-10-09 10:05:50,334 INFO o.a.j.t.JMeterThread: Thread is done: Agent search 2-403
2026-10-09 10:05:50,334 INFO o.a.j.t.JMeterThread: Thread finished: Agent search 2-403
2026-10-09 10:05:52,154 INFO o.a.j.t.JMeterThread: Thread started: Agent search 2-404
2026-10-09 10:05:52,417 INFO o.a.j.t.JMeterThread: Thread is done: Agent search 2-404
2026-10-09 10:05:52,417 INFO o.a.j.t.JMeterThread: Thread finished: Agent search 2-404
2026-10-09 10:06:06,363 INFO o.a.j.t.JMeterThread: Thread started: Agent search 2-405
2026-10-09 10:06:06,616 INFO o.a.j.t.JMeterThread: Thread is done: Agent search 2-405
2026-10-09 10:06:06,616 INFO o.a.j.t.JMeterThread: Thread finished: Agent search 2-405
2026-10-09 10:06:11,205 INFO o.a.j.t.JMeterThread: Thread started: Agent search 2-406
2026-10-09 10:06:11,535 INFO o.a.j.t.JMeterThread: Thread is done: Agent search 2-406
2026-10-09 10:06:11,535 INFO o.a.j.t.JMeterThread: Thread finished: Agent search 2-406
2026-10-09 10:06:17,414 INFO o.a.j.t.JMeterThread: Thread started: Agent search 2-407
2026-10-09 10:06:17,779 INFO o.a.j.t.JMeterThread: Thread is done: Agent search 2-407
2026-10-09 10:06:17,779 INFO o.a.j.t.JMeterThread: Thread finished: Agent search 2-407
2026-10-09 10:06:18,312 INFO o.a.j.t.JMeterThread: Thread started: Ticket intake 1-110
2026-10-09 10:06:18,527 INFO o.a.j.t.JMeterThread: Thread started: Agent search 2-408
2026-10-09 10:06:18,699 INFO o.a.j.t.JMeterThread: Thread is done: Agent search 2-408
2026-10-09 10:06:18,699 INFO o.a.j.t.JMeterThread: Thread finished: Agent search 2-408
2026-10-09 10:06:23,766 INFO o.a.j.t.JMeterThread: Thread started: Agent search 2-409
2026-10-09 10:06:24,026 INFO o.a.j.t.JMeterThread: Thread is done: Agent search 2-409
2026-10-09 10:06:24,026 INFO o.a.j.t.JMeterThread: Thread finished: Agent search 2-409
2026-10-09 10:06:28,375 INFO o.a.j.t.JMeterThread: Thread started: Agent search 2-410
2026-10-09 10:06:28,632 INFO o.a.j.t.JMeterThread: Thread is done: Agent search 2-410
2026-10-09 10:06:28,633 INFO o.a.j.t.JMeterThread: Thread finished: Agent search 2-410
2026-10-09 10:06:33,074 INFO o.a.j.t.JMeterThread: Thread started: Agent search 2-411
2026-10-09 10:06:33,241 INFO o.a.j.r.Summariser: summary +     15 in 00:01:00 =    0.2/s Avg:   893 Min:   140 Max:  9974 Err:     0 (0.00%) Active: 2 Started: 521 Finished: 519
2026-10-09 10:06:33,241 INFO o.a.j.r.Summariser: summary =    520 in 00:32:28 =    0.3/s Avg:  3496 Min:    51 Max: 33084 Err:     0 (0.00%)
2026-10-09 10:06:33,242 INFO o.a.j.t.JMeterThread: Thread is done: Agent search 2-411
2026-10-09 10:06:33,242 INFO o.a.j.t.JMeterThread: Thread finished: Agent search 2-411
2026-10-09 10:06:34,880 INFO o.a.j.t.JMeterThread: Thread is done: Ticket intake 1-110
2026-10-09 10:06:34,880 INFO o.a.j.t.JMeterThread: Thread finished: Ticket intake 1-110
2026-10-09 10:06:39,701 INFO o.a.j.t.JMeterThread: Thread started: Agent search 2-412
2026-10-09 10:06:39,999 INFO o.a.j.t.JMeterThread: Thread is done: Agent search 2-412
2026-10-09 10:06:39,999 INFO o.a.j.t.JMeterThread: Thread finished: Agent search 2-412
2026-10-09 10:06:40,289 INFO o.a.j.t.JMeterThread: Thread started: Agent search 2-413
2026-10-09 10:06:40,511 INFO o.a.j.t.JMeterThread: Thread is done: Agent search 2-413
2026-10-09 10:06:40,511 INFO o.a.j.t.JMeterThread: Thread finished: Agent search 2-413
2026-10-09 10:06:42,266 INFO o.a.j.t.JMeterThread: Thread started: Ticket intake 1-111
2026-10-09 10:06:45,646 INFO o.a.j.t.JMeterThread: Thread started: Agent search 2-414
2026-10-09 10:06:45,743 INFO o.a.j.t.JMeterThread: Thread is done: Agent search 2-414
2026-10-09 10:06:45,744 INFO o.a.j.t.JMeterThread: Thread finished: Agent search 2-414
2026-10-09 10:06:48,732 INFO o.a.j.t.JMeterThread: Thread started: Agent search 2-415
2026-10-09 10:06:48,909 INFO o.a.j.t.JMeterThread: Thread is done: Agent search 2-415
2026-10-09 10:06:48,909 INFO o.a.j.t.JMeterThread: Thread finished: Agent search 2-415
2026-10-09 10:06:49,476 INFO o.a.j.t.JMeterThread: Thread started: Agent search 2-416
2026-10-09 10:06:49,729 INFO o.a.j.t.JMeterThread: Thread is done: Agent search 2-416
2026-10-09 10:06:49,729 INFO o.a.j.t.JMeterThread: Thread finished: Agent search 2-416
2026-10-09 10:06:52,223 INFO o.a.j.t.JMeterThread: Thread started: Agent search 2-417
2026-10-09 10:06:52,494 INFO o.a.j.t.JMeterThread: Thread is done: Agent search 2-417
2026-10-09 10:06:52,494 INFO o.a.j.t.JMeterThread: Thread finished: Agent search 2-417
2026-10-09 10:06:52,598 INFO o.a.j.t.JMeterThread: Thread is done: Ticket intake 1-111
2026-10-09 10:06:52,598 INFO o.a.j.t.JMeterThread: Thread finished: Ticket intake 1-111
2026-10-09 10:07:00,896 INFO o.a.j.t.JMeterThread: Thread started: Ticket intake 1-112
2026-10-09 10:07:05,503 INFO o.a.j.t.JMeterThread: Thread started: Agent search 2-418
2026-10-09 10:07:05,658 INFO o.a.j.r.Summariser: summary +      9 in 00:00:32 =    0.3/s Avg:  3151 Min:    97 Max: 16566 Err:     0 (0.00%) Active: 2 Started: 530 Finished: 528
2026-10-09 10:07:05,658 INFO o.a.j.r.Summariser: summary =    529 in 00:33:01 =    0.3/s Avg:  3490 Min:    51 Max: 33084 Err:     0 (0.00%)
2026-10-09 10:07:05,658 INFO o.a.j.t.JMeterThread: Thread is done: Agent search 2-418
2026-10-09 10:07:05,658 INFO o.a.j.t.JMeterThread: Thread finished: Agent search 2-418
2026-10-09 10:07:10,209 INFO o.a.j.t.JMeterThread: Thread is done: Ticket intake 1-112
2026-10-09 10:07:10,209 INFO o.a.j.t.JMeterThread: Thread finished: Ticket intake 1-112
2026-10-09 10:07:11,140 INFO o.a.j.t.JMeterThread: Thread started: Agent search 2-419
2026-10-09 10:07:11,436 INFO o.a.j.t.JMeterThread: Thread is done: Agent search 2-419
2026-10-09 10:07:11,436 INFO o.a.j.t.JMeterThread: Thread finished: Agent search 2-419
2026-10-09 10:07:18,702 INFO o.a.j.t.JMeterThread: Thread started: Agent search 2-420
2026-10-09 10:07:18,912 INFO o.a.j.t.JMeterThread: Thread is done: Agent search 2-420
2026-10-09 10:07:18,912 INFO o.a.j.t.JMeterThread: Thread finished: Agent search 2-420
2026-10-09 10:07:24,413 INFO o.a.j.t.JMeterThread: Thread started: Agent search 2-421
2026-10-09 10:07:24,650 INFO o.a.j.t.JMeterThread: Thread is done: Agent search 2-421
2026-10-09 10:07:24,650 INFO o.a.j.t.JMeterThread: Thread finished: Agent search 2-421
2026-10-09 10:07:29,050 INFO o.a.j.t.JMeterThread: Thread started: Agent search 2-422
2026-10-09 10:07:29,254 INFO o.a.j.t.JMeterThread: Thread is done: Agent search 2-422
2026-10-09 10:07:29,254 INFO o.a.j.t.JMeterThread: Thread finished: Agent search 2-422
2026-10-09 10:07:33,701 INFO o.a.j.t.JMeterThread: Thread started: Agent search 2-423
2026-10-09 10:07:34,999 INFO o.a.j.r.Summariser: summary +      6 in 00:00:29 =    0.2/s Avg:  1925 Min:   203 Max:  9311 Err:     0 (0.00%) Active: 1 Started: 535 Finished: 534
2026-10-09 10:07:34,999 INFO o.a.j.r.Summariser: summary =    535 in 00:33:30 =    0.3/s Avg:  3472 Min:    51 Max: 33084 Err:     0 (0.00%)
2026-10-09 10:07:34,999 INFO o.a.j.t.JMeterThread: Thread is done: Agent search 2-423
2026-10-09 10:07:34,999 INFO o.a.j.t.JMeterThread: Thread finished: Agent search 2-423
2026-10-09 10:07:35,806 INFO o.a.j.t.JMeterThread: Thread started: Ticket intake 1-113
2026-10-09 10:07:40,160 INFO o.a.j.t.JMeterThread: Thread started: Agent search 2-424
2026-10-09 10:07:40,371 INFO o.a.j.t.JMeterThread: Thread started: Agent search 2-425
2026-10-09 10:07:40,389 INFO o.a.j.t.JMeterThread: Thread is done: Agent search 2-424
2026-10-09 10:07:40,389 INFO o.a.j.t.JMeterThread: Thread finished: Agent search 2-424
2026-10-09 10:07:40,622 INFO o.a.j.t.JMeterThread: Thread is done: Agent search 2-425
2026-10-09 10:07:40,622 INFO o.a.j.t.JMeterThread: Thread finished: Agent search 2-425
2026-10-09 10:07:44,362 INFO o.a.j.t.JMeterThread: Thread started: Agent search 2-426
2026-10-09 10:07:44,616 INFO o.a.j.t.JMeterThread: Thread is done: Agent search 2-426
2026-10-09 10:07:44,616 INFO o.a.j.t.JMeterThread: Thread finished: Agent search 2-426
2026-10-09 10:07:46,700 INFO o.a.j.t.JMeterThread: Thread started: Agent search 2-427
2026-10-09 10:07:46,868 INFO o.a.j.t.JMeterThread: Thread is done: Agent search 2-427
2026-10-09 10:07:46,868 INFO o.a.j.t.JMeterThread: Thread finished: Agent search 2-427
2026-10-09 10:07:48,550 INFO o.a.j.t.JMeterThread: Thread started: Agent search 2-428
2026-10-09 10:07:48,879 INFO o.a.j.t.JMeterThread: Thread is done: Agent search 2-428
2026-10-09 10:07:48,879 INFO o.a.j.t.JMeterThread: Thread finished: Agent search 2-428
2026-10-09 10:07:49,532 INFO o.a.j.t.JMeterThread: Thread is done: Ticket intake 1-113
2026-10-09 10:07:49,532 INFO o.a.j.t.JMeterThread: Thread finished: Ticket intake 1-113
2026-10-09 10:07:49,532 INFO o.a.j.t.JMeterThread: Thread started: Agent search 2-429
2026-10-09 10:07:49,657 INFO o.a.j.t.JMeterThread: Thread is done: Agent search 2-429
2026-10-09 10:07:49,658 INFO o.a.j.t.JMeterThread: Thread finished: Agent search 2-429
2026-10-09 10:07:49,950 INFO o.a.j.t.JMeterThread: Thread started: Agent search 2-430
2026-10-09 10:07:50,036 INFO o.a.j.t.JMeterThread: Thread is done: Agent search 2-430
2026-10-09 10:07:50,036 INFO o.a.j.t.JMeterThread: Thread finished: Agent search 2-430
2026-10-09 10:07:53,679 INFO o.a.j.t.JMeterThread: Thread started: Agent search 2-431
2026-10-09 10:07:53,924 INFO o.a.j.t.JMeterThread: Thread is done: Agent search 2-431
2026-10-09 10:07:53,925 INFO o.a.j.t.JMeterThread: Thread finished: Agent search 2-431
2026-10-09 10:07:59,456 INFO o.a.j.t.JMeterThread: Thread started: Ticket intake 1-114
2026-10-09 10:08:00,430 INFO o.a.j.t.JMeterThread: Thread started: Agent search 2-432
2026-10-09 10:08:00,590 INFO o.a.j.r.Summariser: summary +     10 in 00:00:26 =    0.4/s Avg:  1556 Min:    85 Max: 13725 Err:     0 (0.00%) Active: 2 Started: 546 Finished: 544
2026-10-09 10:08:00,590 INFO o.a.j.r.Summariser: summary =    545 in 00:33:56 =    0.3/s Avg:  3437 Min:    51 Max: 33084 Err:     0 (0.00%)
2026-10-09 10:08:00,590 INFO o.a.j.t.JMeterThread: Thread is done: Agent search 2-432
2026-10-09 10:08:00,590 INFO o.a.j.t.JMeterThread: Thread finished: Agent search 2-432
2026-10-09 10:08:03,100 INFO o.a.j.t.JMeterThread: Thread started: Agent search 2-433
2026-10-09 10:08:03,355 INFO o.a.j.t.JMeterThread: Thread is done: Agent search 2-433
2026-10-09 10:08:03,355 INFO o.a.j.t.JMeterThread: Thread finished: Agent search 2-433
2026-10-09 10:08:05,835 INFO o.a.j.t.JMeterThread: Thread started: Agent search 2-434
2026-10-09 10:08:06,020 INFO o.a.j.t.JMeterThread: Thread is done: Agent search 2-434
2026-10-09 10:08:06,020 INFO o.a.j.t.JMeterThread: Thread finished: Agent search 2-434
2026-10-09 10:08:08,262 INFO o.a.j.t.JMeterThread: Thread started: Agent search 2-435
2026-10-09 10:08:08,577 INFO o.a.j.t.JMeterThread: Thread is done: Agent search 2-435
2026-10-09 10:08:08,577 INFO o.a.j.t.JMeterThread: Thread finished: Agent search 2-435
2026-10-09 10:08:09,343 INFO o.a.j.t.JMeterThread: Thread started: Agent search 2-436
2026-10-09 10:08:09,606 INFO o.a.j.t.JMeterThread: Thread is done: Agent search 2-436
2026-10-09 10:08:09,606 INFO o.a.j.t.JMeterThread: Thread finished: Agent search 2-436
2026-10-09 10:08:11,324 INFO o.a.j.t.JMeterThread: Thread started: Agent search 2-437
2026-10-09 10:08:11,546 INFO o.a.j.t.JMeterThread: Thread is done: Agent search 2-437
2026-10-09 10:08:11,547 INFO o.a.j.t.JMeterThread: Thread finished: Agent search 2-437
2026-10-09 10:08:13,494 INFO o.a.j.t.JMeterThread: Thread is done: Ticket intake 1-114
2026-10-09 10:08:13,494 INFO o.a.j.t.JMeterThread: Thread finished: Ticket intake 1-114
2026-10-09 10:08:14,252 INFO o.a.j.t.JMeterThread: Thread started: Agent search 2-438
2026-10-09 10:08:14,517 INFO o.a.j.t.JMeterThread: Thread is done: Agent search 2-438
2026-10-09 10:08:14,518 INFO o.a.j.t.JMeterThread: Thread finished: Agent search 2-438
2026-10-09 10:08:21,450 INFO o.a.j.t.JMeterThread: Thread started: Ticket intake 1-115
2026-10-09 10:08:23,649 INFO o.a.j.t.JMeterThread: Thread started: Agent search 2-439
2026-10-09 10:08:23,663 INFO o.a.j.t.JMeterThread: Thread started: Agent search 2-440
2026-10-09 10:08:24,266 INFO o.a.j.t.JMeterThread: Thread started: Agent search 2-441
2026-10-09 10:08:24,801 INFO o.a.j.t.JMeterThread: Thread started: Agent search 2-442
2026-10-09 10:08:25,780 INFO o.a.j.t.JMeterThread: Thread is done: Agent search 2-440
2026-10-09 10:08:25,780 INFO o.a.j.t.JMeterThread: Thread finished: Agent search 2-440
2026-10-09 10:08:25,780 INFO o.a.j.t.JMeterThread: Thread is done: Agent search 2-439
2026-10-09 10:08:25,780 INFO o.a.j.t.JMeterThread: Thread finished: Agent search 2-439
2026-10-09 10:08:25,780 INFO o.a.j.t.JMeterThread: Thread is done: Agent search 2-441
2026-10-09 10:08:25,780 INFO o.a.j.t.JMeterThread: Thread finished: Agent search 2-441
2026-10-09 10:08:25,781 INFO o.a.j.t.JMeterThread: Thread is done: Agent search 2-442
2026-10-09 10:08:25,781 INFO o.a.j.t.JMeterThread: Thread finished: Agent search 2-442
2026-10-09 10:08:31,003 INFO o.a.j.r.Summariser: summary +     12 in 00:00:30 =    0.4/s Avg:  2652 Min:   184 Max: 14037 Err:     0 (0.00%) Active: 1 Started: 557 Finished: 556
2026-10-09 10:08:31,003 INFO o.a.j.r.Summariser: summary =    557 in 00:34:26 =    0.3/s Avg:  3420 Min:    51 Max: 33084 Err:     0 (0.00%)
2026-10-09 10:08:31,003 INFO o.a.j.t.JMeterThread: Thread is done: Ticket intake 1-115
2026-10-09 10:08:31,003 INFO o.a.j.t.JMeterThread: Thread finished: Ticket intake 1-115
2026-10-09 10:08:32,068 INFO o.a.j.t.JMeterThread: Thread started: Ticket intake 1-116
2026-10-09 10:08:38,094 INFO o.a.j.t.JMeterThread: Thread started: Agent search 2-443
2026-10-09 10:08:38,274 INFO o.a.j.t.JMeterThread: Thread is done: Agent search 2-443
2026-10-09 10:08:38,274 INFO o.a.j.t.JMeterThread: Thread finished: Agent search 2-443
2026-10-09 10:08:38,914 INFO o.a.j.t.JMeterThread: Thread is done: Ticket intake 1-116
2026-10-09 10:08:38,914 INFO o.a.j.t.JMeterThread: Thread finished: Ticket intake 1-116
2026-10-09 10:08:47,604 INFO o.a.j.t.JMeterThread: Thread started: Agent search 2-444
2026-10-09 10:08:47,797 INFO o.a.j.t.JMeterThread: Thread is done: Agent search 2-444
2026-10-09 10:08:47,798 INFO o.a.j.t.JMeterThread: Thread finished: Agent search 2-444
2026-10-09 10:08:49,438 INFO o.a.j.t.JMeterThread: Thread started: Agent search 2-445
2026-10-09 10:08:49,614 INFO o.a.j.t.JMeterThread: Thread is done: Agent search 2-445
2026-10-09 10:08:49,614 INFO o.a.j.t.JMeterThread: Thread finished: Agent search 2-445
2026-10-09 10:08:53,562 INFO o.a.j.t.JMeterThread: Thread started: Agent search 2-446
2026-10-09 10:08:53,840 INFO o.a.j.t.JMeterThread: Thread is done: Agent search 2-446
2026-10-09 10:08:53,840 INFO o.a.j.t.JMeterThread: Thread finished: Agent search 2-446
2026-10-09 10:08:59,574 INFO o.a.j.t.JMeterThread: Thread started: Agent search 2-447
2026-10-09 10:09:00,188 INFO o.a.j.r.Summariser: summary +      6 in 00:00:29 =    0.2/s Avg:  1380 Min:   175 Max:  6845 Err:     0 (0.00%) Active: 1 Started: 563 Finished: 562
2026-10-09 10:09:00,188 INFO o.a.j.r.Summariser: summary =    563 in 00:34:55 =    0.3/s Avg:  3399 Min:    51 Max: 33084 Err:     0 (0.00%)
2026-10-09 10:09:00,188 INFO o.a.j.t.JMeterThread: Thread is done: Agent search 2-447
2026-10-09 10:09:00,188 INFO o.a.j.t.JMeterThread: Thread finished: Agent search 2-447
2026-10-09 10:09:01,130 INFO o.a.j.t.JMeterThread: Thread started: Agent search 2-448
2026-10-09 10:09:01,416 INFO o.a.j.t.JMeterThread: Thread is done: Agent search 2-448
2026-10-09 10:09:01,416 INFO o.a.j.t.JMeterThread: Thread finished: Agent search 2-448
2026-10-09 10:09:12,785 INFO o.a.j.t.JMeterThread: Thread started: Agent search 2-449
2026-10-09 10:09:12,988 INFO o.a.j.t.JMeterThread: Thread is done: Agent search 2-449
2026-10-09 10:09:12,988 INFO o.a.j.t.JMeterThread: Thread finished: Agent search 2-449
2026-10-09 10:09:16,691 INFO o.a.j.t.JMeterThread: Thread started: Agent search 2-450
2026-10-09 10:09:16,879 INFO o.a.j.t.JMeterThread: Thread is done: Agent search 2-450
2026-10-09 10:09:16,879 INFO o.a.j.t.JMeterThread: Thread finished: Agent search 2-450
2026-10-09 10:09:18,911 INFO o.a.j.t.JMeterThread: Thread started: Ticket intake 1-117
2026-10-09 10:09:25,437 INFO o.a.j.t.JMeterThread: Thread started: Agent search 2-451
2026-10-09 10:09:25,685 INFO o.a.j.t.JMeterThread: Thread is done: Agent search 2-451
2026-10-09 10:09:25,685 INFO o.a.j.t.JMeterThread: Thread finished: Agent search 2-451
2026-10-09 10:09:27,837 INFO o.a.j.t.JMeterThread: Thread is done: Ticket intake 1-117
2026-10-09 10:09:27,837 INFO o.a.j.t.JMeterThread: Thread finished: Ticket intake 1-117
2026-10-09 10:09:34,020 INFO o.a.j.t.JMeterThread: Thread started: Agent search 2-452
2026-10-09 10:09:34,409 INFO o.a.j.r.Summariser: summary +      6 in 00:00:34 =    0.2/s Avg:  1705 Min:   187 Max:  8925 Err:     0 (0.00%) Active: 1 Started: 569 Finished: 568
2026-10-09 10:09:34,410 INFO o.a.j.r.Summariser: summary =    569 in 00:35:29 =    0.3/s Avg:  3381 Min:    51 Max: 33084 Err:     0 (0.00%)
2026-10-09 10:09:34,410 INFO o.a.j.t.JMeterThread: Thread is done: Agent search 2-452
2026-10-09 10:09:34,410 INFO o.a.j.t.JMeterThread: Thread finished: Agent search 2-452
2026-10-09 10:09:53,367 INFO o.a.j.t.JMeterThread: Thread started: Agent search 2-453
2026-10-09 10:09:53,606 INFO o.a.j.t.JMeterThread: Thread is done: Agent search 2-453
2026-10-09 10:09:53,606 INFO o.a.j.t.JMeterThread: Thread finished: Agent search 2-453
2026-10-09 10:09:54,931 INFO o.a.j.t.JMeterThread: Thread started: Ticket intake 1-118
2026-10-09 10:09:55,056 INFO o.a.j.t.JMeterThread: Thread started: Ticket intake 1-119
2026-10-09 10:09:58,299 INFO o.a.j.t.JMeterThread: Thread started: Agent search 2-454
2026-10-09 10:09:58,556 INFO o.a.j.t.JMeterThread: Thread is done: Agent search 2-454
2026-10-09 10:09:58,556 INFO o.a.j.t.JMeterThread: Thread finished: Agent search 2-454
2026-10-09 10:10:01,112 INFO o.a.j.t.JMeterThread: Thread started: Ticket intake 1-120
2026-10-09 10:10:05,561 INFO o.a.j.t.JMeterThread: Thread started: Agent search 2-455
2026-10-09 10:10:05,725 INFO o.a.j.r.Summariser: summary +      3 in 00:00:31 =    0.1/s Avg:   218 Min:   162 Max:   256 Err:     0 (0.00%) Active: 4 Started: 575 Finished: 571
2026-10-09 10:10:05,725 INFO o.a.j.r.Summariser: summary =    572 in 00:36:01 =    0.3/s Avg:  3364 Min:    51 Max: 33084 Err:     0 (0.00%)
2026-10-09 10:10:05,725 INFO o.a.j.t.JMeterThread: Thread is done: Agent search 2-455
2026-10-09 10:10:05,725 INFO o.a.j.t.JMeterThread: Thread finished: Agent search 2-455
2026-10-09 10:10:08,438 INFO o.a.j.t.JMeterThread: Thread started: Agent search 2-456
2026-10-09 10:10:08,665 INFO o.a.j.t.JMeterThread: Thread started: Agent search 2-457
2026-10-09 10:10:08,673 INFO o.a.j.t.JMeterThread: Thread is done: Agent search 2-456
2026-10-09 10:10:08,673 INFO o.a.j.t.JMeterThread: Thread finished: Agent search 2-456
2026-10-09 10:10:08,739 INFO o.a.j.t.JMeterThread: Thread started: Agent search 2-458
2026-10-09 10:10:08,799 INFO o.a.j.t.JMeterThread: Thread is done: Agent search 2-457
2026-10-09 10:10:08,799 INFO o.a.j.t.JMeterThread: Thread finished: Agent search 2-457
2026-10-09 10:10:08,957 INFO o.a.j.t.JMeterThread: Thread is done: Agent search 2-458
2026-10-09 10:10:08,957 INFO o.a.j.t.JMeterThread: Thread finished: Agent search 2-458
2026-10-09 10:10:10,026 INFO o.a.j.t.JMeterThread: Thread is done: Ticket intake 1-118
2026-10-09 10:10:10,026 INFO o.a.j.t.JMeterThread: Thread finished: Ticket intake 1-118
2026-10-09 10:10:20,471 INFO o.a.j.t.JMeterThread: Thread is done: Ticket intake 1-119
2026-10-09 10:10:20,471 INFO o.a.j.t.JMeterThread: Thread finished: Ticket intake 1-119
2026-10-09 10:10:23,683 INFO o.a.j.t.JMeterThread: Thread started: Agent search 2-459
2026-10-09 10:10:23,696 INFO o.a.j.t.JMeterThread: Thread started: Agent search 2-460
2026-10-09 10:10:23,936 INFO o.a.j.t.JMeterThread: Thread is done: Agent search 2-460
2026-10-09 10:10:23,936 INFO o.a.j.t.JMeterThread: Thread finished: Agent search 2-460
2026-10-09 10:10:23,936 INFO o.a.j.t.JMeterThread: Thread is done: Agent search 2-459
2026-10-09 10:10:23,936 INFO o.a.j.t.JMeterThread: Thread finished: Agent search 2-459
2026-10-09 10:10:26,389 INFO o.a.j.t.JMeterThread: Thread started: Agent search 2-461
2026-10-09 10:10:26,717 INFO o.a.j.t.JMeterThread: Thread is done: Agent search 2-461
2026-10-09 10:10:26,718 INFO o.a.j.t.JMeterThread: Thread finished: Agent search 2-461
2026-10-09 10:10:29,687 INFO o.a.j.t.JMeterThread: Thread is done: Ticket intake 1-120
2026-10-09 10:10:29,687 INFO o.a.j.t.JMeterThread: Thread finished: Ticket intake 1-120
2026-10-09 10:10:31,333 INFO o.a.j.t.JMeterThread: Thread started: Agent search 2-462
2026-10-09 10:10:33,912 INFO o.a.j.r.Summariser: summary +     10 in 00:00:28 =    0.4/s Avg:  7306 Min:   133 Max: 28574 Err:     0 (0.00%) Active: 1 Started: 582 Finished: 581
2026-10-09 10:10:33,912 INFO o.a.j.r.Summariser: summary =    582 in 00:36:29 =    0.3/s Avg:  3432 Min:    51 Max: 33084 Err:     0 (0.00%)
2026-10-09 10:10:33,912 INFO o.a.j.t.JMeterThread: Thread is done: Agent search 2-462
2026-10-09 10:10:33,912 INFO o.a.j.t.JMeterThread: Thread finished: Agent search 2-462
2026-10-09 10:10:37,183 INFO o.a.j.t.JMeterThread: Thread started: Agent search 2-463
2026-10-09 10:10:37,332 INFO o.a.j.t.JMeterThread: Thread is done: Agent search 2-463
2026-10-09 10:10:37,332 INFO o.a.j.t.JMeterThread: Thread finished: Agent search 2-463
2026-10-09 10:10:38,759 INFO o.a.j.t.JMeterThread: Thread started: Agent search 2-464
2026-10-09 10:10:39,038 INFO o.a.j.t.JMeterThread: Thread is done: Agent search 2-464
2026-10-09 10:10:39,038 INFO o.a.j.t.JMeterThread: Thread finished: Agent search 2-464
2026-10-09 10:10:41,576 INFO o.a.j.t.JMeterThread: Thread started: Agent search 2-465
2026-10-09 10:10:41,668 INFO o.a.j.t.JMeterThread: Thread is done: Agent search 2-465
2026-10-09 10:10:41,668 INFO o.a.j.t.JMeterThread: Thread finished: Agent search 2-465
2026-10-09 10:10:42,101 INFO o.a.j.t.JMeterThread: Thread started: Ticket intake 1-121
2026-10-09 10:10:45,048 INFO o.a.j.t.JMeterThread: Thread started: Agent search 2-466
2026-10-09 10:10:45,252 INFO o.a.j.t.JMeterThread: Thread is done: Agent search 2-466
2026-10-09 10:10:45,252 INFO o.a.j.t.JMeterThread: Thread finished: Agent search 2-466
2026-10-09 10:10:48,582 INFO o.a.j.t.JMeterThread: Thread started: Agent search 2-467
2026-10-09 10:10:48,734 INFO o.a.j.t.JMeterThread: Thread is done: Agent search 2-467
2026-10-09 10:10:48,734 INFO o.a.j.t.JMeterThread: Thread finished: Agent search 2-467
2026-10-09 10:10:50,564 INFO o.a.j.t.JMeterThread: Thread is done: Ticket intake 1-121
2026-10-09 10:10:50,564 INFO o.a.j.t.JMeterThread: Thread finished: Ticket intake 1-121
2026-10-09 10:10:58,284 INFO o.a.j.t.JMeterThread: Thread started: Agent search 2-468
2026-10-09 10:10:58,462 INFO o.a.j.t.JMeterThread: Thread is done: Agent search 2-468
2026-10-09 10:10:58,462 INFO o.a.j.t.JMeterThread: Thread finished: Agent search 2-468
2026-10-09 10:10:58,539 INFO o.a.j.t.JMeterThread: Thread started: Agent search 2-469
2026-10-09 10:10:58,678 INFO o.a.j.t.JMeterThread: Thread started: Agent search 2-470
2026-10-09 10:10:58,769 INFO o.a.j.t.JMeterThread: Thread is done: Agent search 2-469
2026-10-09 10:10:58,769 INFO o.a.j.t.JMeterThread: Thread finished: Agent search 2-469
2026-10-09 10:10:58,872 INFO o.a.j.t.JMeterThread: Thread is done: Agent search 2-470
2026-10-09 10:10:58,872 INFO o.a.j.t.JMeterThread: Thread finished: Agent search 2-470
2026-10-09 10:10:59,549 INFO o.a.j.t.JMeterThread: Thread started: Agent search 2-471
2026-10-09 10:10:59,895 INFO o.a.j.t.JMeterThread: Thread is done: Agent search 2-471
2026-10-09 10:10:59,895 INFO o.a.j.t.JMeterThread: Thread finished: Agent search 2-471
2026-10-09 10:11:05,739 INFO o.a.j.t.JMeterThread: Thread started: Agent search 2-472
2026-10-09 10:11:05,938 INFO o.a.j.r.Summariser: summary +     11 in 00:00:32 =    0.3/s Avg:   952 Min:    91 Max:  8462 Err:     0 (0.00%) Active: 1 Started: 593 Finished: 592
2026-10-09 10:11:05,938 INFO o.a.j.r.Summariser: summary =    593 in 00:37:01 =    0.3/s Avg:  3386 Min:    51 Max: 33084 Err:     0 (0.00%)
2026-10-09 10:11:05,939 INFO o.a.j.t.JMeterThread: Thread is done: Agent search 2-472
2026-10-09 10:11:05,939 INFO o.a.j.t.JMeterThread: Thread finished: Agent search 2-472
2026-10-09 10:11:12,385 INFO o.a.j.t.JMeterThread: Thread started: Agent search 2-473
2026-10-09 10:11:12,595 INFO o.a.j.t.JMeterThread: Thread is done: Agent search 2-473
2026-10-09 10:11:12,595 INFO o.a.j.t.JMeterThread: Thread finished: Agent search 2-473
2026-10-09 10:11:18,090 INFO o.a.j.t.JMeterThread: Thread started: Agent search 2-474
2026-10-09 10:11:18,329 INFO o.a.j.t.JMeterThread: Thread is done: Agent search 2-474
2026-10-09 10:11:18,330 INFO o.a.j.t.JMeterThread: Thread finished: Agent search 2-474
2026-10-09 10:11:18,833 INFO o.a.j.t.JMeterThread: Thread started: Agent search 2-475
2026-10-09 10:11:19,045 INFO o.a.j.t.JMeterThread: Thread is done: Agent search 2-475
2026-10-09 10:11:19,045 INFO o.a.j.t.JMeterThread: Thread finished: Agent search 2-475
2026-10-09 10:11:20,909 INFO o.a.j.t.JMeterThread: Thread started: Agent search 2-476
2026-10-09 10:11:21,093 INFO o.a.j.t.JMeterThread: Thread is done: Agent search 2-476
2026-10-09 10:11:21,093 INFO o.a.j.t.JMeterThread: Thread finished: Agent search 2-476
2026-10-09 10:11:30,276 INFO o.a.j.t.JMeterThread: Thread started: Ticket intake 1-122
2026-10-09 10:11:31,498 INFO o.a.j.t.JMeterThread: Thread started: Agent search 2-477
2026-10-09 10:11:31,744 INFO o.a.j.r.Summariser: summary +      5 in 00:00:26 =    0.2/s Avg:   217 Min:   183 Max:   245 Err:     0 (0.00%) Active: 2 Started: 599 Finished: 597
2026-10-09 10:11:31,744 INFO o.a.j.r.Summariser: summary =    598 in 00:37:27 =    0.3/s Avg:  3359 Min:    51 Max: 33084 Err:     0 (0.00%)
2026-10-09 10:11:31,745 INFO o.a.j.t.JMeterThread: Thread is done: Agent search 2-477
2026-10-09 10:11:31,745 INFO o.a.j.t.JMeterThread: Thread finished: Agent search 2-477
2026-10-09 10:11:32,475 INFO o.a.j.t.JMeterThread: Thread started: Ticket intake 1-123
2026-10-09 10:11:34,950 INFO o.a.j.t.JMeterThread: Thread started: Agent search 2-478
2026-10-09 10:11:35,121 INFO o.a.j.t.JMeterThread: Thread is done: Agent search 2-478
2026-10-09 10:11:35,121 INFO o.a.j.t.JMeterThread: Thread finished: Agent search 2-478
2026-10-09 10:11:35,818 INFO o.a.j.t.JMeterThread: Thread started: Agent search 2-479
2026-10-09 10:11:36,044 INFO o.a.j.t.JMeterThread: Thread is done: Agent search 2-479
2026-10-09 10:11:36,044 INFO o.a.j.t.JMeterThread: Thread finished: Agent search 2-479
2026-10-09 10:11:38,758 INFO o.a.j.t.JMeterThread: Thread started: Agent search 2-480
2026-10-09 10:11:38,955 INFO o.a.j.t.JMeterThread: Thread is done: Agent search 2-480
2026-10-09 10:11:38,955 INFO o.a.j.t.JMeterThread: Thread finished: Agent search 2-480
2026-10-09 10:11:39,089 INFO o.a.j.t.JMeterThread: Thread started: Agent search 2-481
2026-10-09 10:11:39,321 INFO o.a.j.t.JMeterThread: Thread is done: Agent search 2-481
2026-10-09 10:11:39,321 INFO o.a.j.t.JMeterThread: Thread finished: Agent search 2-481
2026-10-09 10:11:42,041 INFO o.a.j.t.JMeterThread: Thread started: Ticket intake 1-124
2026-10-09 10:11:45,362 INFO o.a.j.t.JMeterThread: Thread is done: Ticket intake 1-122
2026-10-09 10:11:45,362 INFO o.a.j.t.JMeterThread: Thread finished: Ticket intake 1-122
2026-10-09 10:11:51,051 INFO o.a.j.t.JMeterThread: Thread started: Ticket intake 1-125
2026-10-09 10:11:56,422 INFO o.a.j.t.JMeterThread: Thread is done: Ticket intake 1-123
2026-10-09 10:11:56,422 INFO o.a.j.t.JMeterThread: Thread finished: Ticket intake 1-123
2026-10-09 10:11:58,172 INFO o.a.j.t.JMeterThread: Thread started: Agent search 2-482
2026-10-09 10:11:58,367 INFO o.a.j.t.JMeterThread: Thread is done: Agent search 2-482
2026-10-09 10:11:58,367 INFO o.a.j.t.JMeterThread: Thread finished: Agent search 2-482
2026-10-09 10:12:03,592 INFO o.a.j.r.Summariser: summary +      8 in 00:00:32 =    0.3/s Avg:  7699 Min:   169 Max: 23946 Err:     0 (0.00%) Active: 2 Started: 607 Finished: 605
2026-10-09 10:12:03,592 INFO o.a.j.r.Summariser: summary =    606 in 00:37:59 =    0.3/s Avg:  3417 Min:    51 Max: 33084 Err:     0 (0.00%)
2026-10-09 10:12:03,592 INFO o.a.j.t.JMeterThread: Thread is done: Ticket intake 1-124
2026-10-09 10:12:03,592 INFO o.a.j.t.JMeterThread: Thread finished: Ticket intake 1-124
2026-10-09 10:12:05,415 INFO o.a.j.t.JMeterThread: Thread started: Agent search 2-483
2026-10-09 10:12:05,741 INFO o.a.j.t.JMeterThread: Thread is done: Agent search 2-483
2026-10-09 10:12:05,742 INFO o.a.j.t.JMeterThread: Thread finished: Agent search 2-483
2026-10-09 10:12:06,119 INFO o.a.j.t.JMeterThread: Thread started: Agent search 2-484
2026-10-09 10:12:06,355 INFO o.a.j.t.JMeterThread: Thread is done: Agent search 2-484
2026-10-09 10:12:06,355 INFO o.a.j.t.JMeterThread: Thread finished: Agent search 2-484
2026-10-09 10:12:09,007 INFO o.a.j.t.JMeterThread: Thread started: Agent search 2-485
2026-10-09 10:12:09,221 INFO o.a.j.t.JMeterThread: Thread is done: Agent search 2-485
2026-10-09 10:12:09,222 INFO o.a.j.t.JMeterThread: Thread finished: Agent search 2-485
2026-10-09 10:12:10,347 INFO o.a.j.t.JMeterThread: Thread is done: Ticket intake 1-125
2026-10-09 10:12:10,348 INFO o.a.j.t.JMeterThread: Thread finished: Ticket intake 1-125
2026-10-09 10:12:13,357 INFO o.a.j.t.JMeterThread: Thread started: Agent search 2-486
2026-10-09 10:12:13,611 INFO o.a.j.t.JMeterThread: Thread is done: Agent search 2-486
2026-10-09 10:12:13,611 INFO o.a.j.t.JMeterThread: Thread finished: Agent search 2-486
2026-10-09 10:12:13,996 INFO o.a.j.t.JMeterThread: Thread started: Agent search 2-487
2026-10-09 10:12:14,239 INFO o.a.j.t.JMeterThread: Thread is done: Agent search 2-487
2026-10-09 10:12:14,239 INFO o.a.j.t.JMeterThread: Thread finished: Agent search 2-487
2026-10-09 10:12:18,127 INFO o.a.j.t.JMeterThread: Thread started: Agent search 2-488
2026-10-09 10:12:20,588 INFO o.a.j.t.JMeterThread: Thread is done: Agent search 2-488
2026-10-09 10:12:20,588 INFO o.a.j.t.JMeterThread: Thread finished: Agent search 2-488
2026-10-09 10:12:22,855 INFO o.a.j.t.JMeterThread: Thread started: Agent search 2-489
2026-10-09 10:12:23,046 INFO o.a.j.t.JMeterThread: Thread is done: Agent search 2-489
2026-10-09 10:12:23,046 INFO o.a.j.t.JMeterThread: Thread finished: Agent search 2-489
2026-10-09 10:12:30,112 INFO o.a.j.t.JMeterThread: Thread started: Agent search 2-490
2026-10-09 10:12:30,316 INFO o.a.j.r.Summariser: summary +      9 in 00:00:27 =    0.3/s Avg:  2602 Min:   190 Max: 19296 Err:     0 (0.00%) Active: 1 Started: 615 Finished: 614
2026-10-09 10:12:30,316 INFO o.a.j.r.Summariser: summary =    615 in 00:38:25 =    0.3/s Avg:  3405 Min:    51 Max: 33084 Err:     0 (0.00%)
2026-10-09 10:12:30,316 INFO o.a.j.t.JMeterThread: Thread is done: Agent search 2-490
2026-10-09 10:12:30,316 INFO o.a.j.t.JMeterThread: Thread finished: Agent search 2-490
2026-10-09 10:12:34,633 INFO o.a.j.t.JMeterThread: Thread started: Agent search 2-491
2026-10-09 10:12:34,752 INFO o.a.j.t.JMeterThread: Thread is done: Agent search 2-491
2026-10-09 10:12:34,752 INFO o.a.j.t.JMeterThread: Thread finished: Agent search 2-491
2026-10-09 10:12:35,820 INFO o.a.j.t.JMeterThread: Thread started: Agent search 2-492
2026-10-09 10:12:35,949 INFO o.a.j.t.JMeterThread: Thread is done: Agent search 2-492
2026-10-09 10:12:35,949 INFO o.a.j.t.JMeterThread: Thread finished: Agent search 2-492
2026-10-09 10:12:36,825 INFO o.a.j.t.JMeterThread: Thread started: Agent search 2-493
2026-10-09 10:12:37,049 INFO o.a.j.t.JMeterThread: Thread is done: Agent search 2-493
2026-10-09 10:12:37,049 INFO o.a.j.t.JMeterThread: Thread finished: Agent search 2-493
2026-10-09 10:12:40,591 INFO o.a.j.t.JMeterThread: Thread started: Agent search 2-494
2026-10-09 10:12:40,693 INFO o.a.j.t.JMeterThread: Thread started: Agent search 2-495
2026-10-09 10:12:40,735 INFO o.a.j.t.JMeterThread: Thread is done: Agent search 2-494
2026-10-09 10:12:40,735 INFO o.a.j.t.JMeterThread: Thread finished: Agent search 2-494
2026-10-09 10:12:40,863 INFO o.a.j.t.JMeterThread: Thread is done: Agent search 2-495
2026-10-09 10:12:40,864 INFO o.a.j.t.JMeterThread: Thread finished: Agent search 2-495
2026-10-09 10:12:43,524 INFO o.a.j.t.JMeterThread: Thread started: Agent search 2-496
2026-10-09 10:12:43,731 INFO o.a.j.t.JMeterThread: Thread is done: Agent search 2-496
2026-10-09 10:12:43,731 INFO o.a.j.t.JMeterThread: Thread finished: Agent search 2-496
2026-10-09 10:12:43,844 INFO o.a.j.t.JMeterThread: Thread started: Ticket intake 1-126
2026-10-09 10:12:52,640 INFO o.a.j.t.JMeterThread: Thread is done: Ticket intake 1-126
2026-10-09 10:12:52,640 INFO o.a.j.t.JMeterThread: Thread finished: Ticket intake 1-126
2026-10-09 10:12:59,330 INFO o.a.j.t.JMeterThread: Thread started: Agent search 2-497
2026-10-09 10:12:59,603 INFO o.a.j.t.JMeterThread: Thread is done: Agent search 2-497
2026-10-09 10:12:59,603 INFO o.a.j.t.JMeterThread: Thread finished: Agent search 2-497
2026-10-09 10:13:02,890 INFO o.a.j.t.JMeterThread: Thread started: Agent search 2-498
2026-10-09 10:13:03,011 INFO o.a.j.r.Summariser: summary +      9 in 00:00:33 =    0.3/s Avg:  1130 Min:   118 Max:  8795 Err:     0 (0.00%) Active: 1 Started: 624 Finished: 623
2026-10-09 10:13:03,011 INFO o.a.j.r.Summariser: summary =    624 in 00:38:58 =    0.3/s Avg:  3372 Min:    51 Max: 33084 Err:     0 (0.00%)
2026-10-09 10:13:03,011 INFO o.a.j.t.JMeterThread: Thread is done: Agent search 2-498
2026-10-09 10:13:03,011 INFO o.a.j.t.JMeterThread: Thread finished: Agent search 2-498
2026-10-09 10:13:04,992 INFO o.a.j.t.JMeterThread: Thread started: Agent search 2-499
2026-10-09 10:13:09,995 INFO o.a.j.t.JMeterThread: Thread is done: Agent search 2-499
2026-10-09 10:13:09,995 INFO o.a.j.t.JMeterThread: Thread finished: Agent search 2-499
2026-10-09 10:13:10,228 INFO o.a.j.t.JMeterThread: Thread started: Agent search 2-500
2026-10-09 10:13:15,231 INFO o.a.j.t.JMeterThread: Thread is done: Agent search 2-500
2026-10-09 10:13:15,231 INFO o.a.j.t.JMeterThread: Thread finished: Agent search 2-500
2026-10-09 10:13:16,800 INFO o.a.j.t.JMeterThread: Thread started: Agent search 2-501
2026-10-09 10:13:21,804 INFO o.a.j.t.JMeterThread: Thread is done: Agent search 2-501
2026-10-09 10:13:21,804 INFO o.a.j.t.JMeterThread: Thread finished: Agent search 2-501
2026-10-09 10:13:21,819 INFO o.a.j.t.JMeterThread: Thread started: Agent search 2-502
2026-10-09 10:13:26,821 INFO o.a.j.t.JMeterThread: Thread is done: Agent search 2-502
2026-10-09 10:13:26,821 INFO o.a.j.t.JMeterThread: Thread finished: Agent search 2-502
2026-10-09 10:13:26,978 INFO o.a.j.t.JMeterThread: Thread started: Agent search 2-503
2026-10-09 10:13:27,133 INFO o.a.j.t.JMeterThread: Thread started: Ticket intake 1-127
2026-10-09 10:13:30,995 INFO o.a.j.t.JMeterThread: Thread started: Ticket intake 1-128
2026-10-09 10:13:31,298 INFO o.a.j.r.Summariser: summary +      5 in 00:00:28 =    0.2/s Avg:  4864 Min:  4318 Max:  5002 Err:     4 (80.00%) Active: 3 Started: 631 Finished: 628
2026-10-09 10:13:31,298 INFO o.a.j.r.Summariser: summary =    629 in 00:39:26 =    0.3/s Avg:  3384 Min:    51 Max: 33084 Err:     4 (0.64%)
2026-10-09 10:13:31,298 INFO o.a.j.t.JMeterThread: Thread is done: Agent search 2-503
2026-10-09 10:13:31,298 INFO o.a.j.t.JMeterThread: Thread finished: Agent search 2-503
2026-10-09 10:13:39,256 INFO o.a.j.t.JMeterThread: Thread started: Agent search 2-504
2026-10-09 10:13:39,483 INFO o.a.j.t.JMeterThread: Thread started: Agent search 2-505
2026-10-09 10:13:39,491 INFO o.a.j.t.JMeterThread: Thread is done: Agent search 2-504
2026-10-09 10:13:39,491 INFO o.a.j.t.JMeterThread: Thread finished: Agent search 2-504
2026-10-09 10:13:39,643 INFO o.a.j.t.JMeterThread: Thread is done: Agent search 2-505
2026-10-09 10:13:39,643 INFO o.a.j.t.JMeterThread: Thread finished: Agent search 2-505
2026-10-09 10:13:40,012 INFO o.a.j.t.JMeterThread: Thread started: Agent search 2-506
2026-10-09 10:13:40,101 INFO o.a.j.t.JMeterThread: Thread started: Agent search 2-507
2026-10-09 10:13:40,257 INFO o.a.j.t.JMeterThread: Thread is done: Agent search 2-506
2026-10-09 10:13:40,257 INFO o.a.j.t.JMeterThread: Thread finished: Agent search 2-506
2026-10-09 10:13:40,359 INFO o.a.j.t.JMeterThread: Thread is done: Agent search 2-507
2026-10-09 10:13:40,359 INFO o.a.j.t.JMeterThread: Thread finished: Agent search 2-507
2026-10-09 10:13:40,399 INFO o.a.j.t.JMeterThread: Thread started: Agent search 2-508
2026-10-09 10:13:40,493 INFO o.a.j.t.JMeterThread: Thread is done: Agent search 2-508
2026-10-09 10:13:40,493 INFO o.a.j.t.JMeterThread: Thread finished: Agent search 2-508
2026-10-09 10:13:41,856 INFO o.a.j.t.JMeterThread: Thread started: Agent search 2-509
2026-10-09 10:13:41,998 INFO o.a.j.t.JMeterThread: Thread is done: Agent search 2-509
2026-10-09 10:13:41,999 INFO o.a.j.t.JMeterThread: Thread finished: Agent search 2-509
2026-10-09 10:13:42,071 INFO o.a.j.t.JMeterThread: Thread is done: Ticket intake 1-127
2026-10-09 10:13:42,071 INFO o.a.j.t.JMeterThread: Thread finished: Ticket intake 1-127
2026-10-09 10:13:42,885 INFO o.a.j.t.JMeterThread: Thread started: Agent search 2-510
2026-10-09 10:13:43,124 INFO o.a.j.t.JMeterThread: Thread is done: Agent search 2-510
2026-10-09 10:13:43,124 INFO o.a.j.t.JMeterThread: Thread finished: Agent search 2-510
2026-10-09 10:13:43,592 INFO o.a.j.t.JMeterThread: Thread started: Agent search 2-511
2026-10-09 10:13:43,841 INFO o.a.j.t.JMeterThread: Thread is done: Agent search 2-511
2026-10-09 10:13:43,841 INFO o.a.j.t.JMeterThread: Thread finished: Agent search 2-511
2026-10-09 10:13:43,979 INFO o.a.j.t.JMeterThread: Thread started: Ticket intake 1-129
2026-10-09 10:13:46,369 INFO o.a.j.t.JMeterThread: Thread started: Agent search 2-512
2026-10-09 10:13:46,457 INFO o.a.j.t.JMeterThread: Thread started: Agent search 2-513
2026-10-09 10:13:46,546 INFO o.a.j.t.JMeterThread: Thread is done: Agent search 2-512
2026-10-09 10:13:46,547 INFO o.a.j.t.JMeterThread: Thread finished: Agent search 2-512
2026-10-09 10:13:46,652 INFO o.a.j.t.JMeterThread: Thread is done: Agent search 2-513
2026-10-09 10:13:46,652 INFO o.a.j.t.JMeterThread: Thread finished: Agent search 2-513
2026-10-09 10:13:48,701 INFO o.a.j.t.JMeterThread: Thread started: Agent search 2-514
2026-10-09 10:13:48,804 INFO o.a.j.t.JMeterThread: Thread is done: Agent search 2-514
2026-10-09 10:13:48,804 INFO o.a.j.t.JMeterThread: Thread finished: Agent search 2-514
2026-10-09 10:13:50,498 INFO o.a.j.t.JMeterThread: Thread is done: Ticket intake 1-128
2026-10-09 10:13:50,498 INFO o.a.j.t.JMeterThread: Thread finished: Ticket intake 1-128
2026-10-09 10:13:57,465 INFO o.a.j.t.JMeterThread: Thread started: Agent search 2-515
2026-10-09 10:13:57,588 INFO o.a.j.t.JMeterThread: Thread is done: Agent search 2-515
2026-10-09 10:13:57,588 INFO o.a.j.t.JMeterThread: Thread finished: Agent search 2-515
2026-10-09 10:13:58,913 INFO o.a.j.t.JMeterThread: Thread started: Agent search 2-516
2026-10-09 10:13:59,006 INFO o.a.j.t.JMeterThread: Thread is done: Agent search 2-516
2026-10-09 10:13:59,006 INFO o.a.j.t.JMeterThread: Thread finished: Agent search 2-516
2026-10-09 10:13:59,192 INFO o.a.j.t.JMeterThread: Thread started: Agent search 2-517
2026-10-09 10:13:59,292 INFO o.a.j.t.JMeterThread: Thread is done: Agent search 2-517
2026-10-09 10:13:59,292 INFO o.a.j.t.JMeterThread: Thread finished: Agent search 2-517
2026-10-09 10:14:00,845 INFO o.a.j.r.Summariser: summary +     17 in 00:00:30 =    0.6/s Avg:  3158 Min:    93 Max: 19502 Err:     0 (0.00%) Active: 1 Started: 646 Finished: 645
2026-10-09 10:14:00,845 INFO o.a.j.r.Summariser: summary =    646 in 00:39:56 =    0.3/s Avg:  3378 Min:    51 Max: 33084 Err:     4 (0.62%)
2026-10-09 10:14:00,845 INFO o.a.j.t.JMeterThread: Thread is done: Ticket intake 1-129
2026-10-09 10:14:00,845 INFO o.a.j.t.JMeterThread: Thread finished: Ticket intake 1-129
2026-10-09 10:14:01,585 INFO o.a.j.t.JMeterThread: Thread started: Agent search 2-518
2026-10-09 10:14:01,974 INFO o.a.j.t.JMeterThread: Thread is done: Agent search 2-518
2026-10-09 10:14:01,974 INFO o.a.j.t.JMeterThread: Thread finished: Agent search 2-518
2026-10-09 10:14:02,990 INFO o.a.j.t.JMeterThread: Thread started: Agent search 2-519
2026-10-09 10:14:03,146 INFO o.a.j.t.JMeterThread: Thread is done: Agent search 2-519
2026-10-09 10:14:03,146 INFO o.a.j.t.JMeterThread: Thread finished: Agent search 2-519
2026-10-09 10:14:04,342 INFO o.a.j.t.JMeterThread: Thread started: Agent search 2-520
2026-10-09 10:14:04,450 INFO o.a.j.t.JMeterThread: Thread is done: Agent search 2-520
2026-10-09 10:14:04,450 INFO o.a.j.t.JMeterThread: Thread finished: Agent search 2-520
2026-10-09 10:14:17,292 INFO o.a.j.t.JMeterThread: Thread started: Agent search 2-521
2026-10-09 10:14:17,571 INFO o.a.j.t.JMeterThread: Thread is done: Agent search 2-521
2026-10-09 10:14:17,571 INFO o.a.j.t.JMeterThread: Thread finished: Agent search 2-521
2026-10-09 10:14:30,816 INFO o.a.j.t.JMeterThread: Thread started: Agent search 2-522
2026-10-09 10:14:31,151 INFO o.a.j.r.Summariser: summary +      5 in 00:00:30 =    0.2/s Avg:   252 Min:   107 Max:   388 Err:     0 (0.00%) Active: 1 Started: 651 Finished: 650
2026-10-09 10:14:31,151 INFO o.a.j.r.Summariser: summary =    651 in 00:40:26 =    0.3/s Avg:  3354 Min:    51 Max: 33084 Err:     4 (0.61%)
2026-10-09 10:14:31,151 INFO o.a.j.t.JMeterThread: Thread is done: Agent search 2-522
2026-10-09 10:14:31,151 INFO o.a.j.t.JMeterThread: Thread finished: Agent search 2-522
2026-10-09 10:14:36,912 INFO o.a.j.t.JMeterThread: Thread started: Agent search 2-523
2026-10-09 10:14:37,397 INFO o.a.j.t.JMeterThread: Thread is done: Agent search 2-523
2026-10-09 10:14:37,398 INFO o.a.j.t.JMeterThread: Thread finished: Agent search 2-523
2026-10-09 10:14:38,569 INFO o.a.j.t.JMeterThread: Thread started: Agent search 2-524
2026-10-09 10:14:38,879 INFO o.a.j.t.JMeterThread: Thread is done: Agent search 2-524
2026-10-09 10:14:38,879 INFO o.a.j.t.JMeterThread: Thread finished: Agent search 2-524
2026-10-09 10:14:47,144 INFO o.a.j.t.JMeterThread: Thread started: Agent search 2-525
2026-10-09 10:14:47,209 INFO o.a.j.t.JMeterThread: Thread is done: Agent search 2-525
2026-10-09 10:14:47,209 INFO o.a.j.t.JMeterThread: Thread finished: Agent search 2-525
2026-10-09 10:14:50,300 INFO o.a.j.t.JMeterThread: Thread started: Agent search 2-526
2026-10-09 10:14:50,411 INFO o.a.j.t.JMeterThread: Thread is done: Agent search 2-526
2026-10-09 10:14:50,411 INFO o.a.j.t.JMeterThread: Thread finished: Agent search 2-526
2026-10-09 10:14:52,524 INFO o.a.j.t.JMeterThread: Thread started: Ticket intake 1-130
2026-10-09 10:14:53,658 INFO o.a.j.t.JMeterThread: Thread started: Agent search 2-527
2026-10-09 10:14:53,744 INFO o.a.j.t.JMeterThread: Thread is done: Agent search 2-527
2026-10-09 10:14:53,744 INFO o.a.j.t.JMeterThread: Thread finished: Agent search 2-527
2026-10-09 10:14:58,669 INFO o.a.j.t.JMeterThread: Thread started: Agent search 2-528
2026-10-09 10:14:58,777 INFO o.a.j.t.JMeterThread: Thread is done: Agent search 2-528
2026-10-09 10:14:58,777 INFO o.a.j.t.JMeterThread: Thread finished: Agent search 2-528
2026-10-09 10:15:03,178 INFO o.a.j.t.JMeterThread: Thread started: Ticket intake 1-131
2026-10-09 10:15:03,920 INFO o.a.j.r.Summariser: summary +      7 in 00:00:33 =    0.2/s Avg:  1793 Min:    63 Max: 11395 Err:     0 (0.00%) Active: 2 Started: 659 Finished: 657
2026-10-09 10:15:03,920 INFO o.a.j.r.Summariser: summary =    658 in 00:40:59 =    0.3/s Avg:  3337 Min:    51 Max: 33084 Err:     4 (0.61%)
2026-10-09 10:15:03,921 INFO o.a.j.t.JMeterThread: Thread is done: Ticket intake 1-130
2026-10-09 10:15:03,921 INFO o.a.j.t.JMeterThread: Thread finished: Ticket intake 1-130
2026-10-09 10:15:05,226 INFO o.a.j.t.JMeterThread: Thread started: Agent search 2-529
2026-10-09 10:15:05,456 INFO o.a.j.t.JMeterThread: Thread is done: Agent search 2-529
2026-10-09 10:15:05,456 INFO o.a.j.t.JMeterThread: Thread finished: Agent search 2-529
2026-10-09 10:15:13,204 INFO o.a.j.t.JMeterThread: Thread is done: Ticket intake 1-131
2026-10-09 10:15:13,204 INFO o.a.j.t.JMeterThread: Thread finished: Ticket intake 1-131
2026-10-09 10:15:18,510 INFO o.a.j.t.JMeterThread: Thread started: Agent search 2-530
2026-10-09 10:15:18,768 INFO o.a.j.t.JMeterThread: Thread is done: Agent search 2-530
2026-10-09 10:15:18,768 INFO o.a.j.t.JMeterThread: Thread finished: Agent search 2-530
2026-10-09 10:15:21,046 INFO o.a.j.t.JMeterThread: Thread started: Agent search 2-531
2026-10-09 10:15:21,174 INFO o.a.j.t.JMeterThread: Thread is done: Agent search 2-531
2026-10-09 10:15:21,174 INFO o.a.j.t.JMeterThread: Thread finished: Agent search 2-531
2026-10-09 10:15:39,942 INFO o.a.j.t.JMeterThread: Thread started: Agent search 2-532
2026-10-09 10:15:40,170 INFO o.a.j.t.JMeterThread: Thread is done: Agent search 2-532
2026-10-09 10:15:40,170 INFO o.a.j.t.JMeterThread: Thread finished: Agent search 2-532
2026-10-09 10:15:51,135 INFO o.a.j.t.JMeterThread: Thread started: Agent search 2-533
2026-10-09 10:15:51,333 INFO o.a.j.t.JMeterThread: Thread is done: Agent search 2-533
2026-10-09 10:15:51,333 INFO o.a.j.t.JMeterThread: Thread finished: Agent search 2-533
2026-10-09 10:16:04,996 INFO o.a.j.t.JMeterThread: Thread started: Agent search 2-534
2026-10-09 10:16:05,156 INFO o.a.j.r.Summariser: summary +      7 in 00:01:01 =    0.1/s Avg:  1602 Min:   127 Max: 10023 Err:     0 (0.00%) Active: 1 Started: 665 Finished: 664
2026-10-09 10:16:05,156 INFO o.a.j.r.Summariser: summary =    665 in 00:42:00 =    0.3/s Avg:  3319 Min:    51 Max: 33084 Err:     4 (0.60%)
2026-10-09 10:16:05,156 INFO o.a.j.t.JMeterThread: Thread is done: Agent search 2-534
2026-10-09 10:16:05,156 INFO o.a.j.t.JMeterThread: Thread finished: Agent search 2-534
2026-10-09 10:16:08,820 INFO o.a.j.t.JMeterThread: Thread started: Agent search 2-535
2026-10-09 10:16:09,047 INFO o.a.j.t.JMeterThread: Thread is done: Agent search 2-535
2026-10-09 10:16:09,047 INFO o.a.j.t.JMeterThread: Thread finished: Agent search 2-535
2026-10-09 10:16:09,870 INFO o.a.j.t.JMeterThread: Thread started: Agent search 2-536
2026-10-09 10:16:10,071 INFO o.a.j.t.JMeterThread: Thread is done: Agent search 2-536
2026-10-09 10:16:10,071 INFO o.a.j.t.JMeterThread: Thread finished: Agent search 2-536
2026-10-09 10:16:12,735 INFO o.a.j.t.JMeterThread: Thread started: Agent search 2-537
2026-10-09 10:16:12,789 INFO o.a.j.t.JMeterThread: Thread started: Agent search 2-538
2026-10-09 10:16:12,812 INFO o.a.j.t.JMeterThread: Thread is done: Agent search 2-537
2026-10-09 10:16:12,812 INFO o.a.j.t.JMeterThread: Thread finished: Agent search 2-537
2026-10-09 10:16:12,874 INFO o.a.j.t.JMeterThread: Thread is done: Agent search 2-538
2026-10-09 10:16:12,874 INFO o.a.j.t.JMeterThread: Thread finished: Agent search 2-538
2026-10-09 10:16:17,422 INFO o.a.j.t.JMeterThread: Thread started: Agent search 2-539
2026-10-09 10:16:17,649 INFO o.a.j.t.JMeterThread: Thread is done: Agent search 2-539
2026-10-09 10:16:17,649 INFO o.a.j.t.JMeterThread: Thread finished: Agent search 2-539
2026-10-09 10:16:17,945 INFO o.a.j.t.JMeterThread: Thread started: Agent search 2-540
2026-10-09 10:16:18,160 INFO o.a.j.t.JMeterThread: Thread is done: Agent search 2-540
2026-10-09 10:16:18,160 INFO o.a.j.t.JMeterThread: Thread finished: Agent search 2-540
2026-10-09 10:16:30,340 INFO o.a.j.t.JMeterThread: Thread started: Agent search 2-541
2026-10-09 10:16:30,493 INFO o.a.j.t.JMeterThread: Thread started: Agent search 2-542
2026-10-09 10:16:30,509 INFO o.a.j.r.Summariser: summary +      7 in 00:00:25 =    0.3/s Avg:   170 Min:    76 Max:   226 Err:     0 (0.00%) Active: 2 Started: 673 Finished: 671
2026-10-09 10:16:30,510 INFO o.a.j.r.Summariser: summary =    672 in 00:42:26 =    0.3/s Avg:  3286 Min:    51 Max: 33084 Err:     4 (0.60%)
2026-10-09 10:16:30,510 INFO o.a.j.t.JMeterThread: Thread is done: Agent search 2-541
2026-10-09 10:16:30,510 INFO o.a.j.t.JMeterThread: Thread finished: Agent search 2-541
2026-10-09 10:16:30,617 INFO o.a.j.t.JMeterThread: Thread is done: Agent search 2-542
2026-10-09 10:16:30,617 INFO o.a.j.t.JMeterThread: Thread finished: Agent search 2-542
2026-10-09 10:16:32,296 INFO o.a.j.t.JMeterThread: Thread started: Agent search 2-543
2026-10-09 10:16:32,553 INFO o.a.j.t.JMeterThread: Thread is done: Agent search 2-543
2026-10-09 10:16:32,553 INFO o.a.j.t.JMeterThread: Thread finished: Agent search 2-543
2026-10-09 10:16:42,902 INFO o.a.j.t.JMeterThread: Thread started: Agent search 2-544
2026-10-09 10:16:43,147 INFO o.a.j.t.JMeterThread: Thread is done: Agent search 2-544
2026-10-09 10:16:43,147 INFO o.a.j.t.JMeterThread: Thread finished: Agent search 2-544
2026-10-09 10:16:49,901 INFO o.a.j.t.JMeterThread: Thread started: Agent search 2-545
2026-10-09 10:16:50,138 INFO o.a.j.t.JMeterThread: Thread is done: Agent search 2-545
2026-10-09 10:16:50,138 INFO o.a.j.t.JMeterThread: Thread finished: Agent search 2-545
2026-10-09 10:16:52,320 INFO o.a.j.t.JMeterThread: Thread started: Agent search 2-546
2026-10-09 10:16:52,539 INFO o.a.j.t.JMeterThread: Thread is done: Agent search 2-546
2026-10-09 10:16:52,539 INFO o.a.j.t.JMeterThread: Thread finished: Agent search 2-546
2026-10-09 10:16:53,187 INFO o.a.j.t.JMeterThread: Thread started: Agent search 2-547
2026-10-09 10:16:53,488 INFO o.a.j.t.JMeterThread: Thread is done: Agent search 2-547
2026-10-09 10:16:53,489 INFO o.a.j.t.JMeterThread: Thread finished: Agent search 2-547
2026-10-09 10:16:58,315 INFO o.a.j.t.JMeterThread: Thread started: Agent search 2-548
2026-10-09 10:16:58,549 INFO o.a.j.t.JMeterThread: Thread is done: Agent search 2-548
2026-10-09 10:16:58,549 INFO o.a.j.t.JMeterThread: Thread finished: Agent search 2-548
2026-10-09 10:17:04,466 INFO o.a.j.t.JMeterThread: Thread started: Agent search 2-549
2026-10-09 10:17:04,754 INFO o.a.j.r.Summariser: summary +      8 in 00:00:34 =    0.2/s Avg:   236 Min:   123 Max:   301 Err:     0 (0.00%) Active: 1 Started: 680 Finished: 679
2026-10-09 10:17:04,754 INFO o.a.j.r.Summariser: summary =    680 in 00:43:00 =    0.3/s Avg:  3250 Min:    51 Max: 33084 Err:     4 (0.59%)
2026-10-09 10:17:04,754 INFO o.a.j.t.JMeterThread: Thread is done: Agent search 2-549
2026-10-09 10:17:04,754 INFO o.a.j.t.JMeterThread: Thread finished: Agent search 2-549
2026-10-09 10:17:11,943 INFO o.a.j.t.JMeterThread: Thread started: Ticket intake 1-132
2026-10-09 10:17:12,297 INFO o.a.j.t.JMeterThread: Thread started: Agent search 2-550
2026-10-09 10:17:12,535 INFO o.a.j.t.JMeterThread: Thread is done: Agent search 2-550
2026-10-09 10:17:12,535 INFO o.a.j.t.JMeterThread: Thread finished: Agent search 2-550
2026-10-09 10:17:12,924 INFO o.a.j.t.JMeterThread: Thread started: Agent search 2-551
2026-10-09 10:17:13,252 INFO o.a.j.t.JMeterThread: Thread is done: Agent search 2-551
2026-10-09 10:17:13,252 INFO o.a.j.t.JMeterThread: Thread finished: Agent search 2-551
2026-10-09 10:17:19,224 INFO o.a.j.t.JMeterThread: Thread started: Agent search 2-552
2026-10-09 10:17:19,397 INFO o.a.j.t.JMeterThread: Thread is done: Agent search 2-552
2026-10-09 10:17:19,397 INFO o.a.j.t.JMeterThread: Thread finished: Agent search 2-552
2026-10-09 10:17:21,547 INFO o.a.j.t.JMeterThread: Thread is done: Ticket intake 1-132
2026-10-09 10:17:21,548 INFO o.a.j.t.JMeterThread: Thread finished: Ticket intake 1-132
2026-10-09 10:17:21,551 INFO o.a.j.t.JMeterThread: Thread started: Agent search 2-553
2026-10-09 10:17:21,753 INFO o.a.j.t.JMeterThread: Thread is done: Agent search 2-553
2026-10-09 10:17:21,753 INFO o.a.j.t.JMeterThread: Thread finished: Agent search 2-553
2026-10-09 10:17:25,752 INFO o.a.j.t.JMeterThread: Thread started: Agent search 2-554
2026-10-09 10:17:26,012 INFO o.a.j.t.JMeterThread: Thread is done: Agent search 2-554
2026-10-09 10:17:26,012 INFO o.a.j.t.JMeterThread: Thread finished: Agent search 2-554
2026-10-09 10:17:28,615 INFO o.a.j.t.JMeterThread: Thread started: Agent search 2-555
2026-10-09 10:17:28,817 INFO o.a.j.t.JMeterThread: Thread is done: Agent search 2-555
2026-10-09 10:17:28,817 INFO o.a.j.t.JMeterThread: Thread finished: Agent search 2-555
2026-10-09 10:17:32,355 INFO o.a.j.t.JMeterThread: Thread started: Ticket intake 1-133
2026-10-09 10:17:33,147 INFO o.a.j.t.JMeterThread: Thread started: Agent search 2-556
2026-10-09 10:17:33,324 INFO o.a.j.r.Summariser: summary +      8 in 00:00:29 =    0.3/s Avg:  1397 Min:   172 Max:  9603 Err:     0 (0.00%) Active: 2 Started: 689 Finished: 687
2026-10-09 10:17:33,324 INFO o.a.j.r.Summariser: summary =    688 in 00:43:28 =    0.3/s Avg:  3229 Min:    51 Max: 33084 Err:     4 (0.58%)
2026-10-09 10:17:33,325 INFO o.a.j.t.JMeterThread: Thread is done: Agent search 2-556
2026-10-09 10:17:33,325 INFO o.a.j.t.JMeterThread: Thread finished: Agent search 2-556
2026-10-09 10:17:33,639 INFO o.a.j.t.JMeterThread: Thread started: Ticket intake 1-134
2026-10-09 10:17:38,218 INFO o.a.j.t.JMeterThread: Thread started: Agent search 2-557
2026-10-09 10:17:38,403 INFO o.a.j.t.JMeterThread: Thread is done: Agent search 2-557
2026-10-09 10:17:38,403 INFO o.a.j.t.JMeterThread: Thread finished: Agent search 2-557
2026-10-09 10:17:46,534 INFO o.a.j.t.JMeterThread: Thread is done: Ticket intake 1-133
2026-10-09 10:17:46,535 INFO o.a.j.t.JMeterThread: Thread finished: Ticket intake 1-133
2026-10-09 10:17:46,937 INFO o.a.j.t.JMeterThread: Thread started: Ticket intake 1-135
2026-10-09 10:17:47,316 INFO o.a.j.t.JMeterThread: Thread started: Agent search 2-558
2026-10-09 10:17:47,557 INFO o.a.j.t.JMeterThread: Thread is done: Agent search 2-558
2026-10-09 10:17:47,557 INFO o.a.j.t.JMeterThread: Thread finished: Agent search 2-558
2026-10-09 10:17:49,561 INFO o.a.j.t.JMeterThread: Thread started: Agent search 2-559
2026-10-09 10:17:49,811 INFO o.a.j.t.JMeterThread: Thread is done: Agent search 2-559
2026-10-09 10:17:49,811 INFO o.a.j.t.JMeterThread: Thread finished: Agent search 2-559
2026-10-09 10:17:50,064 INFO o.a.j.t.JMeterThread: Thread started: Agent search 2-560
2026-10-09 10:17:50,322 INFO o.a.j.t.JMeterThread: Thread is done: Agent search 2-560
2026-10-09 10:17:50,322 INFO o.a.j.t.JMeterThread: Thread finished: Agent search 2-560
2026-10-09 10:17:50,940 INFO o.a.j.t.JMeterThread: Thread started: Agent search 2-561
2026-10-09 10:17:51,142 INFO o.a.j.t.JMeterThread: Thread is done: Agent search 2-561
2026-10-09 10:17:51,142 INFO o.a.j.t.JMeterThread: Thread finished: Agent search 2-561
2026-10-09 10:17:52,483 INFO o.a.j.t.JMeterThread: Thread started: Agent search 2-562
2026-10-09 10:17:52,679 INFO o.a.j.t.JMeterThread: Thread is done: Agent search 2-562
2026-10-09 10:17:52,679 INFO o.a.j.t.JMeterThread: Thread finished: Agent search 2-562
2026-10-09 10:17:57,489 INFO o.a.j.t.JMeterThread: Thread is done: Ticket intake 1-134
2026-10-09 10:17:57,489 INFO o.a.j.t.JMeterThread: Thread finished: Ticket intake 1-134
2026-10-09 10:17:57,528 INFO o.a.j.t.JMeterThread: Thread started: Agent search 2-563
2026-10-09 10:17:57,797 INFO o.a.j.t.JMeterThread: Thread is done: Agent search 2-563
2026-10-09 10:17:57,797 INFO o.a.j.t.JMeterThread: Thread finished: Agent search 2-563
2026-10-09 10:18:07,866 INFO o.a.j.t.JMeterThread: Thread started: Agent search 2-564
2026-10-09 10:18:10,109 INFO o.a.j.t.JMeterThread: Thread is done: Ticket intake 1-135
2026-10-09 10:18:10,110 INFO o.a.j.t.JMeterThread: Thread finished: Ticket intake 1-135
2026-10-09 10:18:10,219 INFO o.a.j.t.JMeterThread: Thread is done: Agent search 2-564
2026-10-09 10:18:10,219 INFO o.a.j.t.JMeterThread: Thread finished: Agent search 2-564
2026-10-09 10:18:10,547 INFO o.a.j.t.JMeterThread: Thread started: Agent search 2-565
2026-10-09 10:18:10,755 INFO o.a.j.t.JMeterThread: Thread is done: Agent search 2-565
2026-10-09 10:18:10,755 INFO o.a.j.t.JMeterThread: Thread finished: Agent search 2-565
2026-10-09 10:18:12,895 INFO o.a.j.t.JMeterThread: Thread started: Agent search 2-566
2026-10-09 10:18:13,158 INFO o.a.j.t.JMeterThread: Thread is done: Agent search 2-566
2026-10-09 10:18:13,158 INFO o.a.j.t.JMeterThread: Thread finished: Agent search 2-566
2026-10-09 10:18:15,436 INFO o.a.j.t.JMeterThread: Thread started: Agent search 2-567
2026-10-09 10:18:15,511 INFO o.a.j.t.JMeterThread: Thread is done: Agent search 2-567
2026-10-09 10:18:15,511 INFO o.a.j.t.JMeterThread: Thread finished: Agent search 2-567
2026-10-09 10:18:17,238 INFO o.a.j.t.JMeterThread: Thread started: Ticket intake 1-136
2026-10-09 10:18:23,218 INFO o.a.j.t.JMeterThread: Thread started: Agent search 2-568
2026-10-09 10:18:23,383 INFO o.a.j.t.JMeterThread: Thread is done: Agent search 2-568
2026-10-09 10:18:23,383 INFO o.a.j.t.JMeterThread: Thread finished: Agent search 2-568
2026-10-09 10:18:27,290 INFO o.a.j.t.JMeterThread: Thread is done: Ticket intake 1-136
2026-10-09 10:18:27,290 INFO o.a.j.t.JMeterThread: Thread finished: Ticket intake 1-136
2026-10-09 10:18:29,902 INFO o.a.j.t.JMeterThread: Thread started: Agent search 2-569
2026-10-09 10:18:30,156 INFO o.a.j.r.Summariser: summary +     17 in 00:00:57 =    0.3/s Avg:  4479 Min:    73 Max: 23849 Err:     0 (0.00%) Active: 1 Started: 705 Finished: 704
2026-10-09 10:18:30,156 INFO o.a.j.r.Summariser: summary =    705 in 00:44:25 =    0.3/s Avg:  3259 Min:    51 Max: 33084 Err:     4 (0.57%)
2026-10-09 10:18:30,157 INFO o.a.j.t.JMeterThread: Thread is done: Agent search 2-569
2026-10-09 10:18:30,157 INFO o.a.j.t.JMeterThread: Thread finished: Agent search 2-569
2026-10-09 10:18:40,926 INFO o.a.j.t.JMeterThread: Thread started: Agent search 2-570
2026-10-09 10:18:41,113 INFO o.a.j.t.JMeterThread: Thread is done: Agent search 2-570
2026-10-09 10:18:41,114 INFO o.a.j.t.JMeterThread: Thread finished: Agent search 2-570
2026-10-09 10:18:41,361 INFO o.a.j.t.JMeterThread: Thread started: Agent search 2-571
2026-10-09 10:18:41,550 INFO o.a.j.t.JMeterThread: Thread is done: Agent search 2-571
2026-10-09 10:18:41,550 INFO o.a.j.t.JMeterThread: Thread finished: Agent search 2-571
2026-10-09 10:18:42,813 INFO o.a.j.t.JMeterThread: Thread started: Ticket intake 1-137
2026-10-09 10:18:43,763 INFO o.a.j.t.JMeterThread: Thread started: Ticket intake 1-138
2026-10-09 10:18:44,943 INFO o.a.j.t.JMeterThread: Thread started: Agent search 2-572
2026-10-09 10:18:45,148 INFO o.a.j.t.JMeterThread: Thread is done: Agent search 2-572
2026-10-09 10:18:45,148 INFO o.a.j.t.JMeterThread: Thread finished: Agent search 2-572
2026-10-09 10:18:45,858 INFO o.a.j.t.JMeterThread: Thread started: Agent search 2-573
2026-10-09 10:18:45,868 INFO o.a.j.t.JMeterThread: Thread started: Agent search 2-574
2026-10-09 10:18:46,215 INFO o.a.j.t.JMeterThread: Thread is done: Agent search 2-574
2026-10-09 10:18:46,215 INFO o.a.j.t.JMeterThread: Thread finished: Agent search 2-574
2026-10-09 10:18:46,334 INFO o.a.j.t.JMeterThread: Thread is done: Agent search 2-573
2026-10-09 10:18:46,334 INFO o.a.j.t.JMeterThread: Thread finished: Agent search 2-573
2026-10-09 10:18:49,510 INFO o.a.j.t.JMeterThread: Thread started: Agent search 2-575
2026-10-09 10:18:49,626 INFO o.a.j.t.JMeterThread: Thread is done: Agent search 2-575
2026-10-09 10:18:49,626 INFO o.a.j.t.JMeterThread: Thread finished: Agent search 2-575
2026-10-09 10:18:50,842 INFO o.a.j.t.JMeterThread: Thread is done: Ticket intake 1-137
2026-10-09 10:18:50,842 INFO o.a.j.t.JMeterThread: Thread finished: Ticket intake 1-137
2026-10-09 10:18:57,601 INFO o.a.j.t.JMeterThread: Thread is done: Ticket intake 1-138
2026-10-09 10:18:57,601 INFO o.a.j.t.JMeterThread: Thread finished: Ticket intake 1-138
2026-10-09 10:18:59,631 INFO o.a.j.t.JMeterThread: Thread started: Ticket intake 1-139
2026-10-09 10:19:02,670 INFO o.a.j.t.JMeterThread: Thread started: Ticket intake 1-140
2026-10-09 10:19:05,049 INFO o.a.j.t.JMeterThread: Thread started: Agent search 2-576
2026-10-09 10:19:05,310 INFO o.a.j.r.Summariser: summary +      9 in 00:00:35 =    0.3/s Avg:  2626 Min:   115 Max: 13838 Err:     0 (0.00%) Active: 3 Started: 716 Finished: 713
2026-10-09 10:19:05,311 INFO o.a.j.r.Summariser: summary =    714 in 00:45:00 =    0.3/s Avg:  3251 Min:    51 Max: 33084 Err:     4 (0.56%)
2026-10-09 10:19:05,311 INFO o.a.j.t.JMeterThread: Thread is done: Agent search 2-576
2026-10-09 10:19:05,311 INFO o.a.j.t.JMeterThread: Thread finished: Agent search 2-576
2026-10-09 10:19:07,533 INFO o.a.j.t.JMeterThread: Thread is done: Ticket intake 1-139
2026-10-09 10:19:07,533 INFO o.a.j.t.JMeterThread: Thread finished: Ticket intake 1-139
2026-10-09 10:19:10,166 INFO o.a.j.t.JMeterThread: Thread started: Agent search 2-577
2026-10-09 10:19:10,413 INFO o.a.j.t.JMeterThread: Thread is done: Agent search 2-577
2026-10-09 10:19:10,413 INFO o.a.j.t.JMeterThread: Thread finished: Agent search 2-577
2026-10-09 10:19:15,110 INFO o.a.j.t.JMeterThread: Thread started: Agent search 2-578
2026-10-09 10:19:15,483 INFO o.a.j.t.JMeterThread: Thread is done: Agent search 2-578
2026-10-09 10:19:15,484 INFO o.a.j.t.JMeterThread: Thread finished: Agent search 2-578
2026-10-09 10:19:16,544 INFO o.a.j.t.JMeterThread: Thread is done: Ticket intake 1-140
2026-10-09 10:19:16,544 INFO o.a.j.t.JMeterThread: Thread finished: Ticket intake 1-140
2026-10-09 10:19:16,931 INFO o.a.j.t.JMeterThread: Thread started: Agent search 2-579
2026-10-09 10:19:17,036 INFO o.a.j.t.JMeterThread: Thread is done: Agent search 2-579
2026-10-09 10:19:17,036 INFO o.a.j.t.JMeterThread: Thread finished: Agent search 2-579
2026-10-09 10:19:18,224 INFO o.a.j.t.JMeterThread: Thread started: Ticket intake 1-141
2026-10-09 10:19:19,450 INFO o.a.j.t.JMeterThread: Thread started: Agent search 2-580
2026-10-09 10:19:19,994 INFO o.a.j.t.JMeterThread: Thread is done: Agent search 2-580
2026-10-09 10:19:19,996 INFO o.a.j.t.JMeterThread: Thread finished: Agent search 2-580
2026-10-09 10:19:21,040 INFO o.a.j.t.JMeterThread: Thread started: Agent search 2-581
2026-10-09 10:19:21,281 INFO o.a.j.t.JMeterThread: Thread is done: Agent search 2-581
2026-10-09 10:19:21,281 INFO o.a.j.t.JMeterThread: Thread finished: Agent search 2-581
2026-10-09 10:19:21,948 INFO o.a.j.t.JMeterThread: Thread started: Agent search 2-582
2026-10-09 10:19:22,114 INFO o.a.j.t.JMeterThread: Thread is done: Agent search 2-582
2026-10-09 10:19:22,114 INFO o.a.j.t.JMeterThread: Thread finished: Agent search 2-582
2026-10-09 10:19:24,003 INFO o.a.j.t.JMeterThread: Thread started: Agent search 2-583
2026-10-09 10:19:24,101 INFO o.a.j.t.JMeterThread: Thread is done: Agent search 2-583
2026-10-09 10:19:24,101 INFO o.a.j.t.JMeterThread: Thread finished: Agent search 2-583
2026-10-09 10:19:25,059 INFO o.a.j.t.JMeterThread: Thread started: Agent search 2-584
2026-10-09 10:19:25,319 INFO o.a.j.t.JMeterThread: Thread is done: Agent search 2-584
2026-10-09 10:19:25,319 INFO o.a.j.t.JMeterThread: Thread finished: Agent search 2-584
2026-10-09 10:19:26,066 INFO o.a.j.t.JMeterThread: Thread started: Agent search 2-585
2026-10-09 10:19:26,149 INFO o.a.j.t.JMeterThread: Thread is done: Agent search 2-585
2026-10-09 10:19:26,149 INFO o.a.j.t.JMeterThread: Thread finished: Agent search 2-585
2026-10-09 10:19:27,660 INFO o.a.j.t.JMeterThread: Thread started: Agent search 2-586
2026-10-09 10:19:27,755 INFO o.a.j.t.JMeterThread: Thread is done: Agent search 2-586
2026-10-09 10:19:27,755 INFO o.a.j.t.JMeterThread: Thread finished: Agent search 2-586
2026-10-09 10:19:31,701 INFO o.a.j.r.Summariser: summary +     13 in 00:00:26 =    0.5/s Avg:  2881 Min:    83 Max: 13874 Err:     0 (0.00%) Active: 1 Started: 727 Finished: 726
2026-10-09 10:19:31,702 INFO o.a.j.r.Summariser: summary =    727 in 00:45:27 =    0.3/s Avg:  3244 Min:    51 Max: 33084 Err:     4 (0.55%)
2026-10-09 10:19:31,702 INFO o.a.j.t.JMeterThread: Thread is done: Ticket intake 1-141
2026-10-09 10:19:31,702 INFO o.a.j.t.JMeterThread: Thread finished: Ticket intake 1-141
2026-10-09 10:19:32,585 INFO o.a.j.t.JMeterThread: Thread started: Agent search 2-587
2026-10-09 10:19:32,826 INFO o.a.j.t.JMeterThread: Thread is done: Agent search 2-587
2026-10-09 10:19:32,826 INFO o.a.j.t.JMeterThread: Thread finished: Agent search 2-587
2026-10-09 10:19:50,470 INFO o.a.j.t.JMeterThread: Thread started: Ticket intake 1-142
2026-10-09 10:19:50,526 INFO o.a.j.t.JMeterThread: Thread started: Agent search 2-588
2026-10-09 10:19:50,726 INFO o.a.j.t.JMeterThread: Thread is done: Agent search 2-588
2026-10-09 10:19:50,726 INFO o.a.j.t.JMeterThread: Thread finished: Agent search 2-588
2026-10-09 10:19:52,060 INFO o.a.j.t.JMeterThread: Thread started: Agent search 2-589
2026-10-09 10:19:52,282 INFO o.a.j.t.JMeterThread: Thread is done: Agent search 2-589
2026-10-09 10:19:52,282 INFO o.a.j.t.JMeterThread: Thread finished: Agent search 2-589
2026-10-09 10:19:55,067 INFO o.a.j.t.JMeterThread: Thread started: Agent search 2-590
2026-10-09 10:19:55,361 INFO o.a.j.t.JMeterThread: Thread is done: Agent search 2-590
2026-10-09 10:19:55,361 INFO o.a.j.t.JMeterThread: Thread finished: Agent search 2-590
2026-10-09 10:20:05,004 INFO o.a.j.r.Summariser: summary +      5 in 00:00:33 =    0.2/s Avg:  3097 Min:   198 Max: 14533 Err:     0 (0.00%) Active: 1 Started: 732 Finished: 731
2026-10-09 10:20:05,004 INFO o.a.j.r.Summariser: summary =    732 in 00:46:00 =    0.3/s Avg:  3243 Min:    51 Max: 33084 Err:     4 (0.55%)
2026-10-09 10:20:05,004 INFO o.a.j.t.JMeterThread: Thread is done: Ticket intake 1-142
2026-10-09 10:20:05,005 INFO o.a.j.t.JMeterThread: Thread finished: Ticket intake 1-142
2026-10-09 10:20:06,225 INFO o.a.j.t.JMeterThread: Thread started: Ticket intake 1-143
2026-10-09 10:20:07,043 INFO o.a.j.t.JMeterThread: Thread started: Agent search 2-591
2026-10-09 10:20:07,229 INFO o.a.j.t.JMeterThread: Thread is done: Agent search 2-591
2026-10-09 10:20:07,230 INFO o.a.j.t.JMeterThread: Thread finished: Agent search 2-591
2026-10-09 10:20:09,911 INFO o.a.j.t.JMeterThread: Thread started: Agent search 2-592
2026-10-09 10:20:10,046 INFO o.a.j.t.JMeterThread: Thread is done: Agent search 2-592
2026-10-09 10:20:10,046 INFO o.a.j.t.JMeterThread: Thread finished: Agent search 2-592
2026-10-09 10:20:12,291 INFO o.a.j.t.JMeterThread: Thread started: Agent search 2-593
2026-10-09 10:20:12,442 INFO o.a.j.t.JMeterThread: Thread is done: Agent search 2-593
2026-10-09 10:20:12,442 INFO o.a.j.t.JMeterThread: Thread finished: Agent search 2-593
2026-10-09 10:20:12,795 INFO o.a.j.t.JMeterThread: Thread started: Agent search 2-594
2026-10-09 10:20:12,915 INFO o.a.j.t.JMeterThread: Thread is done: Agent search 2-594
2026-10-09 10:20:12,915 INFO o.a.j.t.JMeterThread: Thread finished: Agent search 2-594
2026-10-09 10:20:13,034 INFO o.a.j.t.JMeterThread: Thread started: Agent search 2-595
2026-10-09 10:20:13,125 INFO o.a.j.t.JMeterThread: Thread is done: Agent search 2-595
2026-10-09 10:20:13,125 INFO o.a.j.t.JMeterThread: Thread finished: Agent search 2-595
2026-10-09 10:20:13,131 INFO o.a.j.t.JMeterThread: Thread is done: Ticket intake 1-143
2026-10-09 10:20:13,131 INFO o.a.j.t.JMeterThread: Thread finished: Ticket intake 1-143
2026-10-09 10:20:31,547 INFO o.a.j.t.JMeterThread: Thread started: Agent search 2-596
2026-10-09 10:20:31,811 INFO o.a.j.r.Summariser: summary +      7 in 00:00:27 =    0.3/s Avg:  1120 Min:    89 Max:  6906 Err:     0 (0.00%) Active: 1 Started: 739 Finished: 738
2026-10-09 10:20:31,811 INFO o.a.j.r.Summariser: summary =    739 in 00:46:27 =    0.3/s Avg:  3223 Min:    51 Max: 33084 Err:     4 (0.54%)
2026-10-09 10:20:31,811 INFO o.a.j.t.JMeterThread: Thread is done: Agent search 2-596
2026-10-09 10:20:31,811 INFO o.a.j.t.JMeterThread: Thread finished: Agent search 2-596
2026-10-09 10:20:35,397 INFO o.a.j.t.JMeterThread: Thread started: Ticket intake 1-144
2026-10-09 10:20:38,924 INFO o.a.j.t.JMeterThread: Thread started: Agent search 2-597
2026-10-09 10:20:39,081 INFO o.a.j.t.JMeterThread: Thread is done: Agent search 2-597
2026-10-09 10:20:39,081 INFO o.a.j.t.JMeterThread: Thread finished: Agent search 2-597
2026-10-09 10:20:42,172 INFO o.a.j.t.JMeterThread: Thread started: Ticket intake 1-145
2026-10-09 10:20:43,871 INFO o.a.j.t.JMeterThread: Thread is done: Ticket intake 1-144
2026-10-09 10:20:43,872 INFO o.a.j.t.JMeterThread: Thread finished: Ticket intake 1-144
2026-10-09 10:20:46,636 INFO o.a.j.t.JMeterThread: Thread started: Ticket intake 1-146
2026-10-09 10:20:48,246 INFO o.a.j.t.JMeterThread: Thread started: Agent search 2-598
2026-10-09 10:20:48,752 INFO o.a.j.t.JMeterThread: Thread is done: Agent search 2-598
2026-10-09 10:20:48,752 INFO o.a.j.t.JMeterThread: Thread finished: Agent search 2-598
2026-10-09 10:20:51,882 INFO o.a.j.t.JMeterThread: Thread is done: Ticket intake 1-145
2026-10-09 10:20:51,882 INFO o.a.j.t.JMeterThread: Thread finished: Ticket intake 1-145
2026-10-09 10:20:55,559 INFO o.a.j.t.JMeterThread: Thread started: Agent search 2-599
2026-10-09 10:20:55,721 INFO o.a.j.t.JMeterThread: Thread is done: Agent search 2-599
2026-10-09 10:20:55,721 INFO o.a.j.t.JMeterThread: Thread finished: Agent search 2-599
2026-10-09 10:20:57,150 INFO o.a.j.t.JMeterThread: Thread started: Agent search 2-600
2026-10-09 10:20:57,411 INFO o.a.j.t.JMeterThread: Thread is done: Agent search 2-600
2026-10-09 10:20:57,411 INFO o.a.j.t.JMeterThread: Thread finished: Agent search 2-600
2026-10-09 10:20:58,331 INFO o.a.j.t.JMeterThread: Thread is done: Ticket intake 1-146
2026-10-09 10:20:58,331 INFO o.a.j.t.JMeterThread: Thread finished: Ticket intake 1-146
2026-10-09 10:20:58,894 INFO o.a.j.t.JMeterThread: Thread started: Agent search 2-601
2026-10-09 10:20:59,134 INFO o.a.j.t.JMeterThread: Thread is done: Agent search 2-601
2026-10-09 10:20:59,134 INFO o.a.j.t.JMeterThread: Thread finished: Agent search 2-601
2026-10-09 10:20:59,964 INFO o.a.j.t.JMeterThread: Thread started: Agent search 2-602
2026-10-09 10:21:00,200 INFO o.a.j.r.Summariser: summary +      9 in 00:00:28 =    0.3/s Avg:  3492 Min:   155 Max: 11695 Err:     0 (0.00%) Active: 1 Started: 748 Finished: 747
2026-10-09 10:21:00,200 INFO o.a.j.r.Summariser: summary =    748 in 00:46:55 =    0.3/s Avg:  3226 Min:    51 Max: 33084 Err:     4 (0.53%)
2026-10-09 10:21:00,200 INFO o.a.j.t.JMeterThread: Thread is done: Agent search 2-602
2026-10-09 10:21:00,200 INFO o.a.j.t.JMeterThread: Thread finished: Agent search 2-602
2026-10-09 10:21:01,302 INFO o.a.j.t.JMeterThread: Thread started: Agent search 2-603
2026-10-09 10:21:01,792 INFO o.a.j.t.JMeterThread: Thread is done: Agent search 2-603
2026-10-09 10:21:01,792 INFO o.a.j.t.JMeterThread: Thread finished: Agent search 2-603
2026-10-09 10:21:02,770 INFO o.a.j.t.JMeterThread: Thread started: Agent search 2-604
2026-10-09 10:21:03,043 INFO o.a.j.t.JMeterThread: Thread is done: Agent search 2-604
2026-10-09 10:21:03,043 INFO o.a.j.t.JMeterThread: Thread finished: Agent search 2-604
2026-10-09 10:21:04,441 INFO o.a.j.t.JMeterThread: Thread started: Agent search 2-605
2026-10-09 10:21:04,575 INFO o.a.j.t.JMeterThread: Thread is done: Agent search 2-605
2026-10-09 10:21:04,575 INFO o.a.j.t.JMeterThread: Thread finished: Agent search 2-605
2026-10-09 10:21:15,718 INFO o.a.j.t.JMeterThread: Thread started: Agent search 2-606
2026-10-09 10:21:15,964 INFO o.a.j.t.JMeterThread: Thread is done: Agent search 2-606
2026-10-09 10:21:15,964 INFO o.a.j.t.JMeterThread: Thread finished: Agent search 2-606
2026-10-09 10:21:24,509 INFO o.a.j.t.JMeterThread: Thread started: Agent search 2-607
2026-10-09 10:21:24,637 INFO o.a.j.t.JMeterThread: Thread is done: Agent search 2-607
2026-10-09 10:21:24,637 INFO o.a.j.t.JMeterThread: Thread finished: Agent search 2-607
2026-10-09 10:21:24,887 INFO o.a.j.t.JMeterThread: Thread started: Ticket intake 1-147
2026-10-09 10:21:27,075 INFO o.a.j.t.JMeterThread: Thread started: Agent search 2-608
2026-10-09 10:21:28,089 INFO o.a.j.t.JMeterThread: Thread is done: Agent search 2-608
2026-10-09 10:21:28,089 INFO o.a.j.t.JMeterThread: Thread finished: Agent search 2-608
2026-10-09 10:21:34,806 INFO o.a.j.r.Summariser: summary +      7 in 00:00:35 =    0.2/s Avg:  1742 Min:   128 Max:  9918 Err:     0 (0.00%) Active: 1 Started: 755 Finished: 754
2026-10-09 10:21:34,807 INFO o.a.j.r.Summariser: summary =    755 in 00:47:30 =    0.3/s Avg:  3213 Min:    51 Max: 33084 Err:     4 (0.53%)
2026-10-09 10:21:34,807 INFO o.a.j.t.JMeterThread: Thread is done: Ticket intake 1-147
2026-10-09 10:21:34,807 INFO o.a.j.t.JMeterThread: Thread finished: Ticket intake 1-147
2026-10-09 10:21:34,898 INFO o.a.j.t.JMeterThread: Thread started: Agent search 2-609
2026-10-09 10:21:35,039 INFO o.a.j.t.JMeterThread: Thread is done: Agent search 2-609
2026-10-09 10:21:35,039 INFO o.a.j.t.JMeterThread: Thread finished: Agent search 2-609
2026-10-09 10:21:40,652 INFO o.a.j.t.JMeterThread: Thread started: Agent search 2-610
2026-10-09 10:21:40,829 INFO o.a.j.t.JMeterThread: Thread is done: Agent search 2-610
2026-10-09 10:21:40,830 INFO o.a.j.t.JMeterThread: Thread finished: Agent search 2-610
2026-10-09 10:21:41,557 INFO o.a.j.t.JMeterThread: Thread started: Ticket intake 1-148
2026-10-09 10:21:42,828 INFO o.a.j.t.JMeterThread: Thread started: Agent search 2-611
2026-10-09 10:21:43,295 INFO o.a.j.t.JMeterThread: Thread is done: Agent search 2-611
2026-10-09 10:21:43,295 INFO o.a.j.t.JMeterThread: Thread finished: Agent search 2-611
2026-10-09 10:21:44,046 INFO o.a.j.t.JMeterThread: Thread started: Agent search 2-612
2026-10-09 10:21:44,161 INFO o.a.j.t.JMeterThread: Thread is done: Agent search 2-612
2026-10-09 10:21:44,161 INFO o.a.j.t.JMeterThread: Thread finished: Agent search 2-612
2026-10-09 10:21:49,330 INFO o.a.j.t.JMeterThread: Thread is done: Ticket intake 1-148
2026-10-09 10:21:49,330 INFO o.a.j.t.JMeterThread: Thread finished: Ticket intake 1-148
2026-10-09 10:21:51,796 INFO o.a.j.t.JMeterThread: Thread started: Agent search 2-613
2026-10-09 10:21:51,991 INFO o.a.j.t.JMeterThread: Thread is done: Agent search 2-613
2026-10-09 10:21:51,991 INFO o.a.j.t.JMeterThread: Thread finished: Agent search 2-613
2026-10-09 10:21:54,000 INFO o.a.j.t.JMeterThread: Thread started: Agent search 2-614
2026-10-09 10:21:54,349 INFO o.a.j.t.JMeterThread: Thread is done: Agent search 2-614
2026-10-09 10:21:54,349 INFO o.a.j.t.JMeterThread: Thread finished: Agent search 2-614
2026-10-09 10:21:55,673 INFO o.a.j.t.JMeterThread: Thread started: Agent search 2-615
2026-10-09 10:21:55,840 INFO o.a.j.t.JMeterThread: Thread is done: Agent search 2-615
2026-10-09 10:21:55,840 INFO o.a.j.t.JMeterThread: Thread finished: Agent search 2-615
2026-10-09 10:21:56,356 INFO o.a.j.t.JMeterThread: Thread started: Agent search 2-616
2026-10-09 10:21:56,498 INFO o.a.j.t.JMeterThread: Thread is done: Agent search 2-616
2026-10-09 10:21:56,499 INFO o.a.j.t.JMeterThread: Thread finished: Agent search 2-616
2026-10-09 10:22:03,017 INFO o.a.j.t.JMeterThread: Thread started: Agent search 2-617
2026-10-09 10:22:03,254 INFO o.a.j.r.Summariser: summary +     10 in 00:00:28 =    0.4/s Avg:   975 Min:   113 Max:  7773 Err:     0 (0.00%) Active: 1 Started: 765 Finished: 764
2026-10-09 10:22:03,254 INFO o.a.j.r.Summariser: summary =    765 in 00:47:58 =    0.3/s Avg:  3183 Min:    51 Max: 33084 Err:     4 (0.52%)
2026-10-09 10:22:03,254 INFO o.a.j.t.JMeterThread: Thread is done: Agent search 2-617
2026-10-09 10:22:03,254 INFO o.a.j.t.JMeterThread: Thread finished: Agent search 2-617
2026-10-09 10:22:06,835 INFO o.a.j.t.JMeterThread: Thread started: Ticket intake 1-149
2026-10-09 10:22:07,332 INFO o.a.j.t.JMeterThread: Thread started: Agent search 2-618
2026-10-09 10:22:07,555 INFO o.a.j.t.JMeterThread: Thread is done: Agent search 2-618
2026-10-09 10:22:07,555 INFO o.a.j.t.JMeterThread: Thread finished: Agent search 2-618
2026-10-09 10:22:08,582 INFO o.a.j.t.JMeterThread: Thread started: Agent search 2-619
2026-10-09 10:22:08,784 INFO o.a.j.t.JMeterThread: Thread is done: Agent search 2-619
2026-10-09 10:22:08,784 INFO o.a.j.t.JMeterThread: Thread finished: Agent search 2-619
2026-10-09 10:22:14,220 INFO o.a.j.t.JMeterThread: Thread started: Agent search 2-620
2026-10-09 10:22:14,296 INFO o.a.j.t.JMeterThread: Thread is done: Agent search 2-620
2026-10-09 10:22:14,296 INFO o.a.j.t.JMeterThread: Thread finished: Agent search 2-620
2026-10-09 10:22:14,365 INFO o.a.j.t.JMeterThread: Thread started: Agent search 2-621
2026-10-09 10:22:14,447 INFO o.a.j.t.JMeterThread: Thread is done: Agent search 2-621
2026-10-09 10:22:14,447 INFO o.a.j.t.JMeterThread: Thread finished: Agent search 2-621
2026-10-09 10:22:15,601 INFO o.a.j.t.JMeterThread: Thread is done: Ticket intake 1-149
2026-10-09 10:22:15,602 INFO o.a.j.t.JMeterThread: Thread finished: Ticket intake 1-149
2026-10-09 10:22:20,798 INFO o.a.j.t.JMeterThread: Thread started: Ticket intake 1-150
2026-10-09 10:22:22,994 INFO o.a.j.t.JMeterThread: Thread started: Agent search 2-622
2026-10-09 10:22:23,799 INFO o.a.j.t.JMeterThread: Thread is done: Agent search 2-622
2026-10-09 10:22:23,799 INFO o.a.j.t.JMeterThread: Thread finished: Agent search 2-622
2026-10-09 10:22:28,926 INFO o.a.j.t.JMeterThread: Thread started: Ticket intake 1-151
2026-10-09 10:22:35,922 INFO o.a.j.r.Summariser: summary +      7 in 00:00:33 =    0.2/s Avg:  3610 Min:    75 Max: 15122 Err:     0 (0.00%) Active: 2 Started: 773 Finished: 771
2026-10-09 10:22:35,922 INFO o.a.j.r.Summariser: summary =    772 in 00:48:31 =    0.3/s Avg:  3187 Min:    51 Max: 33084 Err:     4 (0.52%)
2026-10-09 10:22:35,922 INFO o.a.j.t.JMeterThread: Thread is done: Ticket intake 1-150
2026-10-09 10:22:35,922 INFO o.a.j.t.JMeterThread: Thread finished: Ticket intake 1-150
2026-10-09 10:22:47,107 INFO o.a.j.t.JMeterThread: Thread started: Ticket intake 1-152
2026-10-09 10:22:47,491 INFO o.a.j.t.JMeterThread: Thread started: Ticket intake 1-153
2026-10-09 10:22:49,538 INFO o.a.j.t.JMeterThread: Thread started: Agent search 2-623
2026-10-09 10:22:50,872 INFO o.a.j.t.JMeterThread: Thread is done: Ticket intake 1-151
2026-10-09 10:22:50,872 INFO o.a.j.t.JMeterThread: Thread finished: Ticket intake 1-151
2026-10-09 10:22:50,985 INFO o.a.j.t.JMeterThread: Thread started: Agent search 2-624
2026-10-09 10:22:51,529 INFO o.a.j.t.JMeterThread: Thread started: Agent search 2-625
2026-10-09 10:22:52,110 INFO o.a.j.t.JMeterThread: Thread is done: Ticket intake 1-152
2026-10-09 10:22:52,110 INFO o.a.j.t.JMeterThread: Thread finished: Ticket intake 1-152
2026-10-09 10:22:52,494 INFO o.a.j.t.JMeterThread: Thread is done: Ticket intake 1-153
2026-10-09 10:22:52,494 INFO o.a.j.t.JMeterThread: Thread finished: Ticket intake 1-153
2026-10-09 10:22:52,895 INFO o.a.j.t.JMeterThread: Thread is done: Agent search 2-623
2026-10-09 10:22:52,896 INFO o.a.j.t.JMeterThread: Thread finished: Agent search 2-623
2026-10-09 10:22:52,912 INFO o.a.j.t.JMeterThread: Thread is done: Agent search 2-625
2026-10-09 10:22:52,912 INFO o.a.j.t.JMeterThread: Thread finished: Agent search 2-625
2026-10-09 10:22:52,945 INFO o.a.j.t.JMeterThread: Thread is done: Agent search 2-624
2026-10-09 10:22:52,945 INFO o.a.j.t.JMeterThread: Thread finished: Agent search 2-624
2026-10-09 10:22:57,441 INFO o.a.j.t.JMeterThread: Thread started: Ticket intake 1-154
2026-10-09 10:23:00,867 INFO o.a.j.t.JMeterThread: Thread started: Agent search 2-626
2026-10-09 10:23:01,111 INFO o.a.j.r.Summariser: summary +      7 in 00:00:25 =    0.3/s Avg:  5555 Min:   243 Max: 21946 Err:     2 (28.57%) Active: 2 Started: 780 Finished: 778
2026-10-09 10:23:01,112 INFO o.a.j.r.Summariser: summary =    779 in 00:48:56 =    0.3/s Avg:  3209 Min:    51 Max: 33084 Err:     6 (0.77%)
2026-10-09 10:23:01,112 INFO o.a.j.t.JMeterThread: Thread is done: Agent search 2-626
2026-10-09 10:23:01,112 INFO o.a.j.t.JMeterThread: Thread finished: Agent search 2-626
2026-10-09 10:23:02,852 INFO o.a.j.t.JMeterThread: Thread started: Agent search 2-627
2026-10-09 10:23:02,962 INFO o.a.j.t.JMeterThread: Thread is done: Agent search 2-627
2026-10-09 10:23:02,962 INFO o.a.j.t.JMeterThread: Thread finished: Agent search 2-627
2026-10-09 10:23:04,364 INFO o.a.j.t.JMeterThread: Thread started: Agent search 2-628
2026-10-09 10:23:04,606 INFO o.a.j.t.JMeterThread: Thread is done: Agent search 2-628
2026-10-09 10:23:04,606 INFO o.a.j.t.JMeterThread: Thread finished: Agent search 2-628
2026-10-09 10:23:04,624 INFO o.a.j.t.JMeterThread: Thread started: Agent search 2-629
2026-10-09 10:23:04,799 INFO o.a.j.t.JMeterThread: Thread is done: Agent search 2-629
2026-10-09 10:23:04,799 INFO o.a.j.t.JMeterThread: Thread finished: Agent search 2-629
2026-10-09 10:23:08,280 INFO o.a.j.t.JMeterThread: Thread is done: Ticket intake 1-154
2026-10-09 10:23:08,281 INFO o.a.j.t.JMeterThread: Thread finished: Ticket intake 1-154
2026-10-09 10:23:14,218 INFO o.a.j.t.JMeterThread: Thread started: Agent search 2-630
2026-10-09 10:23:14,307 INFO o.a.j.t.JMeterThread: Thread is done: Agent search 2-630
2026-10-09 10:23:14,307 INFO o.a.j.t.JMeterThread: Thread finished: Agent search 2-630
2026-10-09 10:23:24,228 INFO o.a.j.t.JMeterThread: Thread started: Agent search 2-631
2026-10-09 10:23:24,485 INFO o.a.j.t.JMeterThread: Thread is done: Agent search 2-631
2026-10-09 10:23:24,485 INFO o.a.j.t.JMeterThread: Thread finished: Agent search 2-631
2026-10-09 10:23:25,578 INFO o.a.j.t.JMeterThread: Thread started: Agent search 2-632
2026-10-09 10:23:25,705 INFO o.a.j.t.JMeterThread: Thread is done: Agent search 2-632
2026-10-09 10:23:25,705 INFO o.a.j.t.JMeterThread: Thread finished: Agent search 2-632
2026-10-09 10:23:30,760 INFO o.a.j.t.JMeterThread: Thread started: Agent search 2-633
2026-10-09 10:23:31,424 INFO o.a.j.r.Summariser: summary +      8 in 00:00:30 =    0.3/s Avg:  1561 Min:    89 Max: 10839 Err:     0 (0.00%) Active: 1 Started: 787 Finished: 786
2026-10-09 10:23:31,424 INFO o.a.j.r.Summariser: summary =    787 in 00:49:26 =    0.3/s Avg:  3192 Min:    51 Max: 33084 Err:     6 (0.76%)
2026-10-09 10:23:31,424 INFO o.a.j.t.JMeterThread: Thread is done: Agent search 2-633
2026-10-09 10:23:31,424 INFO o.a.j.t.JMeterThread: Thread finished: Agent search 2-633
2026-10-09 10:23:33,245 INFO o.a.j.t.JMeterThread: Thread started: Agent search 2-634
2026-10-09 10:23:33,375 INFO o.a.j.t.JMeterThread: Thread is done: Agent search 2-634
2026-10-09 10:23:33,375 INFO o.a.j.t.JMeterThread: Thread finished: Agent search 2-634
2026-10-09 10:23:37,400 INFO o.a.j.t.JMeterThread: Thread started: Agent search 2-635
2026-10-09 10:23:37,567 INFO o.a.j.t.JMeterThread: Thread is done: Agent search 2-635
2026-10-09 10:23:37,567 INFO o.a.j.t.JMeterThread: Thread finished: Agent search 2-635
2026-10-09 10:23:40,567 INFO o.a.j.t.JMeterThread: Thread started: Agent search 2-636
2026-10-09 10:23:40,720 INFO o.a.j.t.JMeterThread: Thread is done: Agent search 2-636
2026-10-09 10:23:40,720 INFO o.a.j.t.JMeterThread: Thread finished: Agent search 2-636
2026-10-09 10:23:44,631 INFO o.a.j.t.JMeterThread: Thread started: Agent search 2-637
2026-10-09 10:23:44,837 INFO o.a.j.t.JMeterThread: Thread is done: Agent search 2-637
2026-10-09 10:23:44,837 INFO o.a.j.t.JMeterThread: Thread finished: Agent search 2-637
2026-10-09 10:23:46,662 INFO o.a.j.t.JMeterThread: Thread started: Agent search 2-638
2026-10-09 10:23:47,057 INFO o.a.j.t.JMeterThread: Thread is done: Agent search 2-638
2026-10-09 10:23:47,057 INFO o.a.j.t.JMeterThread: Thread finished: Agent search 2-638
2026-10-09 10:23:47,509 INFO o.a.j.t.JMeterThread: Thread started: Agent search 2-639
2026-10-09 10:23:47,704 INFO o.a.j.t.JMeterThread: Thread is done: Agent search 2-639
2026-10-09 10:23:47,704 INFO o.a.j.t.JMeterThread: Thread finished: Agent search 2-639
2026-10-09 10:23:48,365 INFO o.a.j.t.JMeterThread: Thread started: Ticket intake 1-155
2026-10-09 10:23:50,440 INFO o.a.j.t.JMeterThread: Thread started: Ticket intake 1-156
2026-10-09 10:23:50,446 INFO o.a.j.t.JMeterThread: Thread started: Agent search 2-640
2026-10-09 10:23:50,675 INFO o.a.j.t.JMeterThread: Thread is done: Agent search 2-640
2026-10-09 10:23:50,675 INFO o.a.j.t.JMeterThread: Thread finished: Agent search 2-640
2026-10-09 10:23:51,270 INFO o.a.j.t.JMeterThread: Thread started: Ticket intake 1-157
2026-10-09 10:23:52,864 INFO o.a.j.t.JMeterThread: Thread started: Agent search 2-641
2026-10-09 10:23:53,223 INFO o.a.j.t.JMeterThread: Thread is done: Agent search 2-641
2026-10-09 10:23:53,223 INFO o.a.j.t.JMeterThread: Thread finished: Agent search 2-641
2026-10-09 10:23:58,701 INFO o.a.j.t.JMeterThread: Thread started: Agent search 2-642
2026-10-09 10:23:58,805 INFO o.a.j.t.JMeterThread: Thread is done: Agent search 2-642
2026-10-09 10:23:58,805 INFO o.a.j.t.JMeterThread: Thread finished: Agent search 2-642
2026-10-09 10:23:59,676 INFO o.a.j.t.JMeterThread: Thread started: Agent search 2-643
2026-10-09 10:23:59,889 INFO o.a.j.t.JMeterThread: Thread is done: Agent search 2-643
2026-10-09 10:23:59,890 INFO o.a.j.t.JMeterThread: Thread finished: Agent search 2-643
2026-10-09 10:24:01,427 INFO o.a.j.r.Summariser: summary +     11 in 00:00:30 =    0.4/s Avg:  1381 Min:   103 Max: 13061 Err:     0 (0.00%) Active: 3 Started: 800 Finished: 797
2026-10-09 10:24:01,427 INFO o.a.j.r.Summariser: summary =    798 in 00:49:56 =    0.3/s Avg:  3167 Min:    51 Max: 33084 Err:     6 (0.75%)
2026-10-09 10:24:01,427 INFO o.a.j.t.JMeterThread: Thread is done: Ticket intake 1-155
2026-10-09 10:24:01,427 INFO o.a.j.t.JMeterThread: Thread finished: Ticket intake 1-155
2026-10-09 10:24:09,454 INFO o.a.j.t.JMeterThread: Thread started: Ticket intake 1-158
2026-10-09 10:24:10,315 INFO o.a.j.t.JMeterThread: Thread started: Ticket intake 1-159
2026-10-09 10:24:12,099 INFO o.a.j.t.JMeterThread: Thread started: Agent search 2-644
2026-10-09 10:24:12,350 INFO o.a.j.t.JMeterThread: Thread is done: Agent search 2-644
2026-10-09 10:24:12,350 INFO o.a.j.t.JMeterThread: Thread finished: Agent search 2-644
2026-10-09 10:24:14,793 INFO o.a.j.t.JMeterThread: Thread is done: Ticket intake 1-156
2026-10-09 10:24:14,793 INFO o.a.j.t.JMeterThread: Thread finished: Ticket intake 1-156
2026-10-09 10:24:17,540 INFO o.a.j.t.JMeterThread: Thread started: Ticket intake 1-160
2026-10-09 10:24:17,778 INFO o.a.j.t.JMeterThread: Thread started: Ticket intake 1-161
2026-10-09 10:24:21,073 INFO o.a.j.t.JMeterThread: Thread started: Agent search 2-645
2026-10-09 10:24:21,294 INFO o.a.j.t.JMeterThread: Thread is done: Agent search 2-645
2026-10-09 10:24:21,294 INFO o.a.j.t.JMeterThread: Thread finished: Agent search 2-645
2026-10-09 10:24:22,498 INFO o.a.j.t.JMeterThread: Thread started: Agent search 2-646
2026-10-09 10:24:22,726 INFO o.a.j.t.JMeterThread: Thread is done: Agent search 2-646
2026-10-09 10:24:22,726 INFO o.a.j.t.JMeterThread: Thread finished: Agent search 2-646
2026-10-09 10:24:24,449 INFO o.a.j.t.JMeterThread: Thread started: Agent search 2-647
2026-10-09 10:24:24,489 INFO o.a.j.t.JMeterThread: Thread started: Agent search 2-648
2026-10-09 10:24:24,555 INFO o.a.j.t.JMeterThread: Thread is done: Agent search 2-647
2026-10-09 10:24:24,556 INFO o.a.j.t.JMeterThread: Thread finished: Agent search 2-647
2026-10-09 10:24:24,592 INFO o.a.j.t.JMeterThread: Thread is done: Agent search 2-648
2026-10-09 10:24:24,592 INFO o.a.j.t.JMeterThread: Thread finished: Agent search 2-648
2026-10-09 10:24:25,696 INFO o.a.j.t.JMeterThread: Thread is done: Ticket intake 1-157
2026-10-09 10:24:25,696 INFO o.a.j.t.JMeterThread: Thread finished: Ticket intake 1-157
2026-10-09 10:24:32,161 INFO o.a.j.t.JMeterThread: Thread started: Agent search 2-649
2026-10-09 10:24:32,352 INFO o.a.j.r.Summariser: summary +      8 in 00:00:31 =    0.3/s Avg:  7483 Min:   102 Max: 34425 Err:     0 (0.00%) Active: 5 Started: 810 Finished: 805
2026-10-09 10:24:32,352 INFO o.a.j.r.Summariser: summary =    806 in 00:50:27 =    0.3/s Avg:  3210 Min:    51 Max: 34425 Err:     6 (0.74%)
2026-10-09 10:24:32,353 INFO o.a.j.t.JMeterThread: Thread is done: Agent search 2-649
2026-10-09 10:24:32,353 INFO o.a.j.t.JMeterThread: Thread finished: Agent search 2-649
2026-10-09 10:24:33,412 INFO o.a.j.t.JMeterThread: Thread started: Agent search 2-650
2026-10-09 10:24:33,580 INFO o.a.j.t.JMeterThread: Thread is done: Agent search 2-650
2026-10-09 10:24:33,581 INFO o.a.j.t.JMeterThread: Thread finished: Agent search 2-650
2026-10-09 10:24:34,399 INFO o.a.j.t.JMeterThread: Thread is done: Ticket intake 1-158
2026-10-09 10:24:34,399 INFO o.a.j.t.JMeterThread: Thread finished: Ticket intake 1-158
2026-10-09 10:24:40,757 INFO o.a.j.t.JMeterThread: Thread started: Agent search 2-651
2026-10-09 10:24:40,892 INFO o.a.j.t.JMeterThread: Thread is done: Agent search 2-651
2026-10-09 10:24:40,892 INFO o.a.j.t.JMeterThread: Thread finished: Agent search 2-651
2026-10-09 10:24:41,487 INFO o.a.j.t.JMeterThread: Thread started: Ticket intake 1-162
2026-10-09 10:24:41,742 INFO o.a.j.t.JMeterThread: Thread is done: Ticket intake 1-159
2026-10-09 10:24:41,742 INFO o.a.j.t.JMeterThread: Thread finished: Ticket intake 1-159
2026-10-09 10:24:42,403 INFO o.a.j.t.JMeterThread: Thread started: Agent search 2-652
2026-10-09 10:24:42,591 INFO o.a.j.t.JMeterThread: Thread is done: Agent search 2-652
2026-10-09 10:24:42,591 INFO o.a.j.t.JMeterThread: Thread finished: Agent search 2-652
2026-10-09 10:24:46,718 INFO o.a.j.t.JMeterThread: Thread started: Agent search 2-653
2026-10-09 10:24:46,995 INFO o.a.j.t.JMeterThread: Thread is done: Agent search 2-653
2026-10-09 10:24:46,995 INFO o.a.j.t.JMeterThread: Thread finished: Agent search 2-653
2026-10-09 10:24:47,583 INFO o.a.j.t.JMeterThread: Thread started: Agent search 2-654
2026-10-09 10:24:47,814 INFO o.a.j.t.JMeterThread: Thread is done: Agent search 2-654
2026-10-09 10:24:47,814 INFO o.a.j.t.JMeterThread: Thread finished: Agent search 2-654
2026-10-09 10:24:48,531 INFO o.a.j.t.JMeterThread: Thread is done: Ticket intake 1-160
2026-10-09 10:24:48,532 INFO o.a.j.t.JMeterThread: Thread finished: Ticket intake 1-160
2026-10-09 10:24:51,494 INFO o.a.j.t.JMeterThread: Thread started: Agent search 2-655
2026-10-09 10:24:51,591 INFO o.a.j.t.JMeterThread: Thread started: Ticket intake 1-163
2026-10-09 10:24:51,707 INFO o.a.j.t.JMeterThread: Thread is done: Agent search 2-655
2026-10-09 10:24:51,708 INFO o.a.j.t.JMeterThread: Thread finished: Agent search 2-655
2026-10-09 10:24:55,399 INFO o.a.j.t.JMeterThread: Thread started: Ticket intake 1-164
2026-10-09 10:24:57,748 INFO o.a.j.t.JMeterThread: Thread is done: Ticket intake 1-161
2026-10-09 10:24:57,748 INFO o.a.j.t.JMeterThread: Thread finished: Ticket intake 1-161
2026-10-09 10:24:59,535 INFO o.a.j.t.JMeterThread: Thread started: Agent search 2-656
2026-10-09 10:24:59,640 INFO o.a.j.t.JMeterThread: Thread is done: Agent search 2-656
2026-10-09 10:24:59,640 INFO o.a.j.t.JMeterThread: Thread finished: Agent search 2-656
2026-10-09 10:25:05,736 INFO o.a.j.r.Summariser: summary +     12 in 00:00:33 =    0.4/s Avg: 12740 Min:   105 Max: 39968 Err:     0 (0.00%) Active: 3 Started: 820 Finished: 817
2026-10-09 10:25:05,736 INFO o.a.j.r.Summariser: summary =    818 in 00:51:01 =    0.3/s Avg:  3350 Min:    51 Max: 39968 Err:     6 (0.73%)
2026-10-09 10:25:05,737 INFO o.a.j.t.JMeterThread: Thread is done: Ticket intake 1-162
2026-10-09 10:25:05,737 INFO o.a.j.t.JMeterThread: Thread finished: Ticket intake 1-162
2026-10-09 10:25:08,304 INFO o.a.j.t.JMeterThread: Thread started: Agent search 2-657
2026-10-09 10:25:09,011 INFO o.a.j.t.JMeterThread: Thread is done: Agent search 2-657
2026-10-09 10:25:09,012 INFO o.a.j.t.JMeterThread: Thread finished: Agent search 2-657
2026-10-09 10:25:14,808 INFO o.a.j.t.JMeterThread: Thread started: Agent search 2-658
2026-10-09 10:25:15,054 INFO o.a.j.t.JMeterThread: Thread is done: Agent search 2-658
2026-10-09 10:25:15,054 INFO o.a.j.t.JMeterThread: Thread finished: Agent search 2-658
2026-10-09 10:25:15,154 INFO o.a.j.t.JMeterThread: Thread started: Agent search 2-659
2026-10-09 10:25:15,257 INFO o.a.j.t.JMeterThread: Thread is done: Agent search 2-659
2026-10-09 10:25:15,257 INFO o.a.j.t.JMeterThread: Thread finished: Agent search 2-659
2026-10-09 10:25:15,413 INFO o.a.j.t.JMeterThread: Thread started: Ticket intake 1-165
2026-10-09 10:25:16,385 INFO o.a.j.t.JMeterThread: Thread is done: Ticket intake 1-163
2026-10-09 10:25:16,386 INFO o.a.j.t.JMeterThread: Thread finished: Ticket intake 1-163
2026-10-09 10:25:18,944 INFO o.a.j.t.JMeterThread: Thread started: Agent search 2-660
2026-10-09 10:25:19,252 INFO o.a.j.t.JMeterThread: Thread is done: Agent search 2-660
2026-10-09 10:25:19,252 INFO o.a.j.t.JMeterThread: Thread finished: Agent search 2-660
2026-10-09 10:25:19,341 INFO o.a.j.t.JMeterThread: Thread started: Agent search 2-661
2026-10-09 10:25:19,398 INFO o.a.j.t.JMeterThread: Thread started: Ticket intake 1-166
2026-10-09 10:25:19,465 INFO o.a.j.t.JMeterThread: Thread is done: Agent search 2-661
2026-10-09 10:25:19,465 INFO o.a.j.t.JMeterThread: Thread finished: Agent search 2-661
2026-10-09 10:25:23,043 INFO o.a.j.t.JMeterThread: Thread is done: Ticket intake 1-164
2026-10-09 10:25:23,043 INFO o.a.j.t.JMeterThread: Thread finished: Ticket intake 1-164
2026-10-09 10:25:23,814 INFO o.a.j.t.JMeterThread: Thread started: Agent search 2-662
2026-10-09 10:25:24,066 INFO o.a.j.t.JMeterThread: Thread is done: Agent search 2-662
2026-10-09 10:25:24,067 INFO o.a.j.t.JMeterThread: Thread finished: Agent search 2-662
2026-10-09 10:25:25,990 INFO o.a.j.t.JMeterThread: Thread started: Agent search 2-663
2026-10-09 10:25:26,263 INFO o.a.j.t.JMeterThread: Thread is done: Agent search 2-663
2026-10-09 10:25:26,263 INFO o.a.j.t.JMeterThread: Thread finished: Agent search 2-663
2026-10-09 10:25:28,519 INFO o.a.j.t.JMeterThread: Thread started: Ticket intake 1-167
2026-10-09 10:25:29,018 INFO o.a.j.t.JMeterThread: Thread started: Agent search 2-664
2026-10-09 10:25:29,185 INFO o.a.j.t.JMeterThread: Thread is done: Agent search 2-664
2026-10-09 10:25:29,186 INFO o.a.j.t.JMeterThread: Thread finished: Agent search 2-664
2026-10-09 10:25:30,209 INFO o.a.j.r.Summariser: summary +     11 in 00:00:24 =    0.4/s Avg:  6309 Min:   103 Max: 27643 Err:     0 (0.00%) Active: 3 Started: 831 Finished: 828
2026-10-09 10:25:30,209 INFO o.a.j.r.Summariser: summary =    829 in 00:51:25 =    0.3/s Avg:  3389 Min:    51 Max: 39968 Err:     6 (0.72%)
2026-10-09 10:25:30,210 INFO o.a.j.t.JMeterThread: Thread is done: Ticket intake 1-165
2026-10-09 10:25:30,210 INFO o.a.j.t.JMeterThread: Thread finished: Ticket intake 1-165
2026-10-09 10:25:32,040 INFO o.a.j.t.JMeterThread: Thread started: Agent search 2-665
2026-10-09 10:25:32,214 INFO o.a.j.t.JMeterThread: Thread is done: Agent search 2-665
2026-10-09 10:25:32,214 INFO o.a.j.t.JMeterThread: Thread finished: Agent search 2-665
2026-10-09 10:25:35,606 INFO o.a.j.t.JMeterThread: Thread started: Agent search 2-666
2026-10-09 10:25:35,823 INFO o.a.j.t.JMeterThread: Thread is done: Agent search 2-666
2026-10-09 10:25:35,823 INFO o.a.j.t.JMeterThread: Thread finished: Agent search 2-666
2026-10-09 10:25:37,249 INFO o.a.j.t.JMeterThread: Thread started: Agent search 2-667
2026-10-09 10:25:37,480 INFO o.a.j.t.JMeterThread: Thread is done: Agent search 2-667
2026-10-09 10:25:37,480 INFO o.a.j.t.JMeterThread: Thread finished: Agent search 2-667
2026-10-09 10:25:40,522 INFO o.a.j.t.JMeterThread: Thread started: Agent search 2-668
2026-10-09 10:25:40,915 INFO o.a.j.t.JMeterThread: Thread is done: Agent search 2-668
2026-10-09 10:25:40,915 INFO o.a.j.t.JMeterThread: Thread finished: Agent search 2-668
2026-10-09 10:25:44,231 INFO o.a.j.t.JMeterThread: Thread is done: Ticket intake 1-166
2026-10-09 10:25:44,231 INFO o.a.j.t.JMeterThread: Thread finished: Ticket intake 1-166
2026-10-09 10:25:44,385 INFO o.a.j.t.JMeterThread: Thread started: Agent search 2-669
2026-10-09 10:25:44,481 INFO o.a.j.t.JMeterThread: Thread is done: Agent search 2-669
2026-10-09 10:25:44,481 INFO o.a.j.t.JMeterThread: Thread finished: Agent search 2-669
2026-10-09 10:25:45,757 INFO o.a.j.t.JMeterThread: Thread started: Agent search 2-670
2026-10-09 10:25:45,979 INFO o.a.j.t.JMeterThread: Thread is done: Agent search 2-670
2026-10-09 10:25:45,979 INFO o.a.j.t.JMeterThread: Thread finished: Agent search 2-670
2026-10-09 10:25:52,942 INFO o.a.j.t.JMeterThread: Thread is done: Ticket intake 1-167
2026-10-09 10:25:52,942 INFO o.a.j.t.JMeterThread: Thread finished: Ticket intake 1-167
2026-10-09 10:25:53,191 INFO o.a.j.t.JMeterThread: Thread started: Agent search 2-671
2026-10-09 10:25:53,416 INFO o.a.j.t.JMeterThread: Thread is done: Agent search 2-671
2026-10-09 10:25:53,416 INFO o.a.j.t.JMeterThread: Thread finished: Agent search 2-671
2026-10-09 10:25:57,807 INFO o.a.j.t.JMeterThread: Thread started: Agent search 2-672
2026-10-09 10:25:58,134 INFO o.a.j.t.JMeterThread: Thread is done: Agent search 2-672
2026-10-09 10:25:58,134 INFO o.a.j.t.JMeterThread: Thread finished: Agent search 2-672
2026-10-09 10:25:58,266 INFO o.a.j.t.JMeterThread: Thread started: Agent search 2-673
2026-10-09 10:25:58,472 INFO o.a.j.t.JMeterThread: Thread is done: Agent search 2-673
2026-10-09 10:25:58,473 INFO o.a.j.t.JMeterThread: Thread finished: Agent search 2-673
2026-10-09 10:26:07,497 INFO o.a.j.t.JMeterThread: Thread started: Agent search 2-674
2026-10-09 10:26:07,763 INFO o.a.j.t.JMeterThread: Thread is done: Agent search 2-674
2026-10-09 10:26:07,763 INFO o.a.j.t.JMeterThread: Thread finished: Agent search 2-674
2026-10-09 10:26:13,491 INFO o.a.j.t.JMeterThread: Thread started: Agent search 2-675
2026-10-09 10:26:13,688 INFO o.a.j.t.JMeterThread: Thread is done: Agent search 2-675
2026-10-09 10:26:13,688 INFO o.a.j.t.JMeterThread: Thread finished: Agent search 2-675
2026-10-09 10:26:21,824 INFO o.a.j.t.JMeterThread: Thread started: Agent search 2-676
2026-10-09 10:26:22,024 INFO o.a.j.t.JMeterThread: Thread is done: Agent search 2-676
2026-10-09 10:26:22,025 INFO o.a.j.t.JMeterThread: Thread finished: Agent search 2-676
2026-10-09 10:26:29,041 INFO o.a.j.t.JMeterThread: Thread started: Agent search 2-677
2026-10-09 10:26:29,294 INFO o.a.j.t.JMeterThread: Thread is done: Agent search 2-677
2026-10-09 10:26:29,295 INFO o.a.j.t.JMeterThread: Thread finished: Agent search 2-677
2026-10-09 10:26:32,338 INFO o.a.j.t.JMeterThread: Thread started: Agent search 2-678
2026-10-09 10:26:32,475 INFO o.a.j.r.Summariser: summary +     16 in 00:01:02 =    0.3/s Avg:  3274 Min:    94 Max: 24832 Err:     0 (0.00%) Active: 1 Started: 845 Finished: 844
2026-10-09 10:26:32,475 INFO o.a.j.r.Summariser: summary =    845 in 00:52:28 =    0.3/s Avg:  3387 Min:    51 Max: 39968 Err:     6 (0.71%)
2026-10-09 10:26:32,476 INFO o.a.j.t.JMeterThread: Thread is done: Agent search 2-678
2026-10-09 10:26:32,476 INFO o.a.j.t.JMeterThread: Thread finished: Agent search 2-678
2026-10-09 10:26:46,836 INFO o.a.j.t.JMeterThread: Thread started: Agent search 2-679
2026-10-09 10:26:46,888 INFO o.a.j.t.JMeterThread: Thread started: Agent search 2-680
2026-10-09 10:26:46,953 INFO o.a.j.t.JMeterThread: Thread started: Agent search 2-681
2026-10-09 10:26:47,000 INFO o.a.j.t.JMeterThread: Thread is done: Agent search 2-679
2026-10-09 10:26:47,000 INFO o.a.j.t.JMeterThread: Thread finished: Agent search 2-679
2026-10-09 10:26:47,013 INFO o.a.j.t.JMeterThread: Thread is done: Agent search 2-680
2026-10-09 10:26:47,013 INFO o.a.j.t.JMeterThread: Thread finished: Agent search 2-680
2026-10-09 10:26:47,071 INFO o.a.j.t.JMeterThread: Thread is done: Agent search 2-681
2026-10-09 10:26:47,071 INFO o.a.j.t.JMeterThread: Thread finished: Agent search 2-681
2026-10-09 10:26:56,000 INFO o.a.j.t.JMeterThread: Thread started: Agent search 2-682
2026-10-09 10:26:56,125 INFO o.a.j.t.JMeterThread: Thread is done: Agent search 2-682
2026-10-09 10:26:56,125 INFO o.a.j.t.JMeterThread: Thread finished: Agent search 2-682
2026-10-09 10:26:56,403 INFO o.a.j.t.JMeterThread: Thread started: Ticket intake 1-168
2026-10-09 10:27:00,966 INFO o.a.j.t.JMeterThread: Thread started: Ticket intake 1-169
2026-10-09 10:27:04,450 INFO o.a.j.t.JMeterThread: Thread started: Agent search 2-683
2026-10-09 10:27:04,625 INFO o.a.j.r.Summariser: summary +      5 in 00:00:32 =    0.2/s Avg:   140 Min:   117 Max:   173 Err:     0 (0.00%) Active: 3 Started: 852 Finished: 849
2026-10-09 10:27:04,625 INFO o.a.j.r.Summariser: summary =    850 in 00:53:00 =    0.3/s Avg:  3368 Min:    51 Max: 39968 Err:     6 (0.71%)
2026-10-09 10:27:04,625 INFO o.a.j.t.JMeterThread: Thread is done: Agent search 2-683
2026-10-09 10:27:04,625 INFO o.a.j.t.JMeterThread: Thread finished: Agent search 2-683
2026-10-09 10:27:06,601 INFO o.a.j.t.JMeterThread: Thread started: Agent search 2-684
2026-10-09 10:27:06,774 INFO o.a.j.t.JMeterThread: Thread is done: Agent search 2-684
2026-10-09 10:27:06,775 INFO o.a.j.t.JMeterThread: Thread finished: Agent search 2-684
2026-10-09 10:27:08,822 INFO o.a.j.t.JMeterThread: Thread is done: Ticket intake 1-168
2026-10-09 10:27:08,822 INFO o.a.j.t.JMeterThread: Thread finished: Ticket intake 1-168
2026-10-09 10:27:09,056 INFO o.a.j.t.JMeterThread: Thread started: Ticket intake 1-170
2026-10-09 10:27:12,099 INFO o.a.j.t.JMeterThread: Thread started: Ticket intake 1-171
2026-10-09 10:27:16,051 INFO o.a.j.t.JMeterThread: Thread started: Agent search 2-685
2026-10-09 10:27:16,248 INFO o.a.j.t.JMeterThread: Thread is done: Agent search 2-685
2026-10-09 10:27:16,248 INFO o.a.j.t.JMeterThread: Thread finished: Agent search 2-685
2026-10-09 10:27:19,677 INFO o.a.j.t.JMeterThread: Thread is done: Ticket intake 1-169
2026-10-09 10:27:19,677 INFO o.a.j.t.JMeterThread: Thread finished: Ticket intake 1-169
2026-10-09 10:27:19,731 INFO o.a.j.t.JMeterThread: Thread started: Agent search 2-686
2026-10-09 10:27:19,881 INFO o.a.j.t.JMeterThread: Thread is done: Agent search 2-686
2026-10-09 10:27:19,881 INFO o.a.j.t.JMeterThread: Thread finished: Agent search 2-686
2026-10-09 10:27:20,892 INFO o.a.j.t.JMeterThread: Thread started: Agent search 2-687
2026-10-09 10:27:21,110 INFO o.a.j.t.JMeterThread: Thread is done: Agent search 2-687
2026-10-09 10:27:21,110 INFO o.a.j.t.JMeterThread: Thread finished: Agent search 2-687
2026-10-09 10:27:21,747 INFO o.a.j.t.JMeterThread: Thread started: Agent search 2-688
2026-10-09 10:27:21,948 INFO o.a.j.t.JMeterThread: Thread is done: Agent search 2-688
2026-10-09 10:27:21,948 INFO o.a.j.t.JMeterThread: Thread finished: Agent search 2-688
2026-10-09 10:27:22,242 INFO o.a.j.t.JMeterThread: Thread started: Ticket intake 1-172
2026-10-09 10:27:22,306 INFO o.a.j.t.JMeterThread: Thread started: Agent search 2-689
2026-10-09 10:27:22,388 INFO o.a.j.t.JMeterThread: Thread is done: Agent search 2-689
2026-10-09 10:27:22,388 INFO o.a.j.t.JMeterThread: Thread finished: Agent search 2-689
2026-10-09 10:27:25,780 INFO o.a.j.t.JMeterThread: Thread started: Agent search 2-690
2026-10-09 10:27:26,025 INFO o.a.j.t.JMeterThread: Thread is done: Agent search 2-690
2026-10-09 10:27:26,025 INFO o.a.j.t.JMeterThread: Thread finished: Agent search 2-690
2026-10-09 10:27:26,347 INFO o.a.j.t.JMeterThread: Thread started: Agent search 2-691
2026-10-09 10:27:26,539 INFO o.a.j.t.JMeterThread: Thread is done: Agent search 2-691
2026-10-09 10:27:26,539 INFO o.a.j.t.JMeterThread: Thread finished: Agent search 2-691
2026-10-09 10:27:30,635 INFO o.a.j.r.Summariser: summary +     11 in 00:00:26 =    0.4/s Avg:  4923 Min:    82 Max: 21578 Err:     0 (0.00%) Active: 3 Started: 863 Finished: 860
2026-10-09 10:27:30,635 INFO o.a.j.r.Summariser: summary =    861 in 00:53:26 =    0.3/s Avg:  3387 Min:    51 Max: 39968 Err:     6 (0.70%)
2026-10-09 10:27:30,636 INFO o.a.j.t.JMeterThread: Thread is done: Ticket intake 1-170
2026-10-09 10:27:30,636 INFO o.a.j.t.JMeterThread: Thread finished: Ticket intake 1-170
2026-10-09 10:27:34,011 INFO o.a.j.t.JMeterThread: Thread started: Ticket intake 1-173
2026-10-09 10:27:35,450 INFO o.a.j.t.JMeterThread: Thread started: Agent search 2-692
2026-10-09 10:27:35,651 INFO o.a.j.t.JMeterThread: Thread is done: Agent search 2-692
2026-10-09 10:27:35,651 INFO o.a.j.t.JMeterThread: Thread finished: Agent search 2-692
2026-10-09 10:27:38,222 INFO o.a.j.t.JMeterThread: Thread started: Ticket intake 1-174
2026-10-09 10:27:42,819 INFO o.a.j.t.JMeterThread: Thread is done: Ticket intake 1-171
2026-10-09 10:27:42,820 INFO o.a.j.t.JMeterThread: Thread finished: Ticket intake 1-171
2026-10-09 10:27:53,469 INFO o.a.j.t.JMeterThread: Thread is done: Ticket intake 1-172
2026-10-09 10:27:53,469 INFO o.a.j.t.JMeterThread: Thread finished: Ticket intake 1-172
2026-10-09 10:27:56,508 INFO o.a.j.t.JMeterThread: Thread started: Agent search 2-693
2026-10-09 10:27:56,851 INFO o.a.j.t.JMeterThread: Thread is done: Agent search 2-693
2026-10-09 10:27:56,851 INFO o.a.j.t.JMeterThread: Thread finished: Agent search 2-693
2026-10-09 10:27:59,364 INFO o.a.j.t.JMeterThread: Thread started: Agent search 2-694
2026-10-09 10:27:59,591 INFO o.a.j.t.JMeterThread: Thread is done: Agent search 2-694
2026-10-09 10:27:59,591 INFO o.a.j.t.JMeterThread: Thread finished: Agent search 2-694
2026-10-09 10:28:01,491 INFO o.a.j.t.JMeterThread: Thread started: Agent search 2-695
2026-10-09 10:28:01,765 INFO o.a.j.r.Summariser: summary +      6 in 00:00:31 =    0.2/s Avg: 10497 Min:   201 Max: 31225 Err:     0 (0.00%) Active: 3 Started: 869 Finished: 866
2026-10-09 10:28:01,765 INFO o.a.j.r.Summariser: summary =    867 in 00:53:57 =    0.3/s Avg:  3437 Min:    51 Max: 39968 Err:     6 (0.69%)
2026-10-09 10:28:01,765 INFO o.a.j.t.JMeterThread: Thread is done: Agent search 2-695
2026-10-09 10:28:01,765 INFO o.a.j.t.JMeterThread: Thread finished: Agent search 2-695
2026-10-09 10:28:01,881 INFO o.a.j.t.JMeterThread: Thread is done: Ticket intake 1-173
2026-10-09 10:28:01,881 INFO o.a.j.t.JMeterThread: Thread finished: Ticket intake 1-173
2026-10-09 10:28:02,788 INFO o.a.j.t.JMeterThread: Thread started: Agent search 2-696
2026-10-09 10:28:02,964 INFO o.a.j.t.JMeterThread: Thread is done: Agent search 2-696
2026-10-09 10:28:02,964 INFO o.a.j.t.JMeterThread: Thread finished: Agent search 2-696
2026-10-09 10:28:03,254 INFO o.a.j.t.JMeterThread: Thread started: Agent search 2-697
2026-10-09 10:28:03,519 INFO o.a.j.t.JMeterThread: Thread is done: Agent search 2-697
2026-10-09 10:28:03,519 INFO o.a.j.t.JMeterThread: Thread finished: Agent search 2-697
2026-10-09 10:28:04,359 INFO o.a.j.t.JMeterThread: Thread started: Ticket intake 1-175
2026-10-09 10:28:08,626 INFO o.a.j.t.JMeterThread: Thread is done: Ticket intake 1-174
2026-10-09 10:28:08,626 INFO o.a.j.t.JMeterThread: Thread finished: Ticket intake 1-174
2026-10-09 10:28:09,562 INFO o.a.j.t.JMeterThread: Thread started: Ticket intake 1-176
2026-10-09 10:28:12,489 INFO o.a.j.t.JMeterThread: Thread started: Agent search 2-698
2026-10-09 10:28:13,160 INFO o.a.j.t.JMeterThread: Thread is done: Agent search 2-698
2026-10-09 10:28:13,160 INFO o.a.j.t.JMeterThread: Thread finished: Agent search 2-698
2026-10-09 10:28:16,168 INFO o.a.j.t.JMeterThread: Thread started: Agent search 2-699
2026-10-09 10:28:16,407 INFO o.a.j.t.JMeterThread: Thread is done: Agent search 2-699
2026-10-09 10:28:16,407 INFO o.a.j.t.JMeterThread: Thread finished: Agent search 2-699
2026-10-09 10:28:16,615 INFO o.a.j.t.JMeterThread: Thread is done: Ticket intake 1-175
2026-10-09 10:28:16,615 INFO o.a.j.t.JMeterThread: Thread finished: Ticket intake 1-175
2026-10-09 10:28:20,264 INFO o.a.j.t.JMeterThread: Thread started: Agent search 2-700
2026-10-09 10:28:20,518 INFO o.a.j.t.JMeterThread: Thread is done: Agent search 2-700
2026-10-09 10:28:20,518 INFO o.a.j.t.JMeterThread: Thread finished: Agent search 2-700
2026-10-09 10:28:25,096 INFO o.a.j.t.JMeterThread: Thread started: Agent search 2-701
2026-10-09 10:28:25,385 INFO o.a.j.t.JMeterThread: Thread is done: Agent search 2-701
2026-10-09 10:28:25,385 INFO o.a.j.t.JMeterThread: Thread finished: Agent search 2-701
2026-10-09 10:28:25,576 INFO o.a.j.t.JMeterThread: Thread started: Agent search 2-702
2026-10-09 10:28:25,703 INFO o.a.j.t.JMeterThread: Thread is done: Agent search 2-702
2026-10-09 10:28:25,703 INFO o.a.j.t.JMeterThread: Thread finished: Agent search 2-702
2026-10-09 10:28:28,090 INFO o.a.j.t.JMeterThread: Thread is done: Ticket intake 1-176
2026-10-09 10:28:28,091 INFO o.a.j.t.JMeterThread: Thread finished: Ticket intake 1-176
2026-10-09 10:28:28,130 INFO o.a.j.t.JMeterThread: Thread started: Agent search 2-703
2026-10-09 10:28:28,388 INFO o.a.j.t.JMeterThread: Thread is done: Agent search 2-703
2026-10-09 10:28:28,388 INFO o.a.j.t.JMeterThread: Thread finished: Agent search 2-703
2026-10-09 10:28:28,414 INFO o.a.j.t.JMeterThread: Thread started: Agent search 2-704
2026-10-09 10:28:28,689 INFO o.a.j.t.JMeterThread: Thread is done: Agent search 2-704
2026-10-09 10:28:28,689 INFO o.a.j.t.JMeterThread: Thread finished: Agent search 2-704
2026-10-09 10:28:30,924 INFO o.a.j.t.JMeterThread: Thread started: Agent search 2-705
2026-10-09 10:28:31,053 INFO o.a.j.r.Summariser: summary +     14 in 00:00:29 =    0.5/s Avg:  6552 Min:   126 Max: 30403 Err:     0 (0.00%) Active: 1 Started: 881 Finished: 880
2026-10-09 10:28:31,053 INFO o.a.j.r.Summariser: summary =    881 in 00:54:26 =    0.3/s Avg:  3486 Min:    51 Max: 39968 Err:     6 (0.68%)
2026-10-09 10:28:31,054 INFO o.a.j.t.JMeterThread: Thread is done: Agent search 2-705
2026-10-09 10:28:31,054 INFO o.a.j.t.JMeterThread: Thread finished: Agent search 2-705
2026-10-09 10:28:36,949 INFO o.a.j.t.JMeterThread: Thread started: Agent search 2-706
2026-10-09 10:28:37,194 INFO o.a.j.t.JMeterThread: Thread is done: Agent search 2-706
2026-10-09 10:28:37,194 INFO o.a.j.t.JMeterThread: Thread finished: Agent search 2-706
2026-10-09 10:28:40,629 INFO o.a.j.t.JMeterThread: Thread started: Agent search 2-707
2026-10-09 10:28:40,882 INFO o.a.j.t.JMeterThread: Thread is done: Agent search 2-707
2026-10-09 10:28:40,882 INFO o.a.j.t.JMeterThread: Thread finished: Agent search 2-707
2026-10-09 10:28:41,258 INFO o.a.j.t.JMeterThread: Thread started: Agent search 2-708
2026-10-09 10:28:41,496 INFO o.a.j.t.JMeterThread: Thread is done: Agent search 2-708
2026-10-09 10:28:41,496 INFO o.a.j.t.JMeterThread: Thread finished: Agent search 2-708
2026-10-09 10:28:42,183 INFO o.a.j.t.JMeterThread: Thread started: Agent search 2-709
2026-10-09 10:28:42,398 INFO o.a.j.t.JMeterThread: Thread is done: Agent search 2-709
2026-10-09 10:28:42,398 INFO o.a.j.t.JMeterThread: Thread finished: Agent search 2-709
2026-10-09 10:28:43,447 INFO o.a.j.t.JMeterThread: Thread started: Agent search 2-710
2026-10-09 10:28:43,592 INFO o.a.j.t.JMeterThread: Thread started: Agent search 2-711
2026-10-09 10:28:43,613 INFO o.a.j.t.JMeterThread: Thread is done: Agent search 2-710
2026-10-09 10:28:43,613 INFO o.a.j.t.JMeterThread: Thread finished: Agent search 2-710
2026-10-09 10:28:43,686 INFO o.a.j.t.JMeterThread: Thread is done: Agent search 2-711
2026-10-09 10:28:43,686 INFO o.a.j.t.JMeterThread: Thread finished: Agent search 2-711
2026-10-09 10:28:47,885 INFO o.a.j.t.JMeterThread: Thread started: Agent search 2-712
2026-10-09 10:28:48,020 INFO o.a.j.t.JMeterThread: Thread is done: Agent search 2-712
2026-10-09 10:28:48,020 INFO o.a.j.t.JMeterThread: Thread finished: Agent search 2-712
2026-10-09 10:28:50,517 INFO o.a.j.t.JMeterThread: Thread started: Ticket intake 1-177
2026-10-09 10:28:53,629 INFO o.a.j.t.JMeterThread: Thread started: Ticket intake 1-178
2026-10-09 10:28:56,376 INFO o.a.j.t.JMeterThread: Thread started: Agent search 2-713
2026-10-09 10:28:56,652 INFO o.a.j.t.JMeterThread: Thread is done: Agent search 2-713
2026-10-09 10:28:56,652 INFO o.a.j.t.JMeterThread: Thread finished: Agent search 2-713
2026-10-09 10:28:59,420 INFO o.a.j.t.JMeterThread: Thread is done: Ticket intake 1-177
2026-10-09 10:28:59,420 INFO o.a.j.t.JMeterThread: Thread finished: Ticket intake 1-177
2026-10-09 10:29:00,325 INFO o.a.j.t.JMeterThread: Thread started: Agent search 2-714
2026-10-09 10:29:00,440 INFO o.a.j.r.Summariser: summary +     10 in 00:00:29 =    0.3/s Avg:  1063 Min:    93 Max:  8902 Err:     0 (0.00%) Active: 2 Started: 892 Finished: 890
2026-10-09 10:29:00,441 INFO o.a.j.r.Summariser: summary =    891 in 00:54:55 =    0.3/s Avg:  3459 Min:    51 Max: 39968 Err:     6 (0.67%)
2026-10-09 10:29:00,441 INFO o.a.j.t.JMeterThread: Thread is done: Agent search 2-714
2026-10-09 10:29:00,441 INFO o.a.j.t.JMeterThread: Thread finished: Agent search 2-714
2026-10-09 10:29:06,277 INFO o.a.j.t.JMeterThread: Thread is done: Ticket intake 1-178
2026-10-09 10:29:06,277 INFO o.a.j.t.JMeterThread: Thread finished: Ticket intake 1-178
2026-10-09 10:29:11,326 INFO o.a.j.t.JMeterThread: Thread started: Agent search 2-715
2026-10-09 10:29:11,499 INFO o.a.j.t.JMeterThread: Thread is done: Agent search 2-715
2026-10-09 10:29:11,500 INFO o.a.j.t.JMeterThread: Thread finished: Agent search 2-715
2026-10-09 10:29:19,178 INFO o.a.j.t.JMeterThread: Thread started: Agent search 2-716
2026-10-09 10:29:19,356 INFO o.a.j.t.JMeterThread: Thread is done: Agent search 2-716
2026-10-09 10:29:19,356 INFO o.a.j.t.JMeterThread: Thread finished: Agent search 2-716
2026-10-09 10:29:19,868 INFO o.a.j.t.JMeterThread: Thread started: Agent search 2-717
2026-10-09 10:29:20,100 INFO o.a.j.t.JMeterThread: Thread is done: Agent search 2-717
2026-10-09 10:29:20,101 INFO o.a.j.t.JMeterThread: Thread finished: Agent search 2-717
2026-10-09 10:29:21,811 INFO o.a.j.t.JMeterThread: Thread started: Ticket intake 1-179
2026-10-09 10:29:24,031 INFO o.a.j.t.JMeterThread: Thread started: Agent search 2-718
2026-10-09 10:29:24,239 INFO o.a.j.t.JMeterThread: Thread is done: Agent search 2-718
2026-10-09 10:29:24,240 INFO o.a.j.t.JMeterThread: Thread finished: Agent search 2-718
2026-10-09 10:29:24,718 INFO o.a.j.t.JMeterThread: Thread started: Agent search 2-719
2026-10-09 10:29:24,913 INFO o.a.j.t.JMeterThread: Thread is done: Agent search 2-719
2026-10-09 10:29:24,914 INFO o.a.j.t.JMeterThread: Thread finished: Agent search 2-719
2026-10-09 10:29:26,638 INFO o.a.j.t.JMeterThread: Thread started: Ticket intake 1-180
2026-10-09 10:29:27,091 INFO o.a.j.t.JMeterThread: Thread started: Ticket intake 1-181
2026-10-09 10:29:27,585 INFO o.a.j.t.JMeterThread: Thread started: Ticket intake 1-182
2026-10-09 10:29:28,005 INFO o.a.j.t.JMeterThread: Thread started: Agent search 2-720
2026-10-09 10:29:28,191 INFO o.a.j.t.JMeterThread: Thread is done: Agent search 2-720
2026-10-09 10:29:28,191 INFO o.a.j.t.JMeterThread: Thread finished: Agent search 2-720
2026-10-09 10:29:31,672 INFO o.a.j.r.Summariser: summary +      8 in 00:00:31 =    0.3/s Avg:  2959 Min:   172 Max: 12646 Err:     0 (0.00%) Active: 4 Started: 902 Finished: 898
2026-10-09 10:29:31,672 INFO o.a.j.r.Summariser: summary =    899 in 00:55:27 =    0.3/s Avg:  3454 Min:    51 Max: 39968 Err:     6 (0.67%)
2026-10-09 10:29:31,672 INFO o.a.j.t.JMeterThread: Thread is done: Ticket intake 1-179
2026-10-09 10:29:31,672 INFO o.a.j.t.JMeterThread: Thread finished: Ticket intake 1-179
2026-10-09 10:29:40,258 INFO o.a.j.t.JMeterThread: Thread started: Agent search 2-721
2026-10-09 10:29:40,480 INFO o.a.j.t.JMeterThread: Thread is done: Agent search 2-721
2026-10-09 10:29:40,480 INFO o.a.j.t.JMeterThread: Thread finished: Agent search 2-721
2026-10-09 10:29:41,298 INFO o.a.j.t.JMeterThread: Thread is done: Ticket intake 1-180
2026-10-09 10:29:41,299 INFO o.a.j.t.JMeterThread: Thread finished: Ticket intake 1-180
2026-10-09 10:29:45,518 INFO o.a.j.t.JMeterThread: Thread started: Agent search 2-722
2026-10-09 10:29:45,541 INFO o.a.j.t.JMeterThread: Thread started: Agent search 2-723
2026-10-09 10:29:45,672 INFO o.a.j.t.JMeterThread: Thread is done: Agent search 2-722
2026-10-09 10:29:45,672 INFO o.a.j.t.JMeterThread: Thread finished: Agent search 2-722
2026-10-09 10:29:45,762 INFO o.a.j.t.JMeterThread: Thread is done: Agent search 2-723
2026-10-09 10:29:45,762 INFO o.a.j.t.JMeterThread: Thread finished: Agent search 2-723
2026-10-09 10:29:49,080 INFO o.a.j.t.JMeterThread: Thread is done: Ticket intake 1-181
2026-10-09 10:29:49,080 INFO o.a.j.t.JMeterThread: Thread finished: Ticket intake 1-181
2026-10-09 10:29:55,320 INFO o.a.j.t.JMeterThread: Thread started: Agent search 2-724
2026-10-09 10:29:55,635 INFO o.a.j.t.JMeterThread: Thread is done: Agent search 2-724
2026-10-09 10:29:55,635 INFO o.a.j.t.JMeterThread: Thread finished: Agent search 2-724
2026-10-09 10:29:56,569 INFO o.a.j.t.JMeterThread: Thread started: Agent search 2-725
2026-10-09 10:29:56,760 INFO o.a.j.t.JMeterThread: Thread is done: Agent search 2-725
2026-10-09 10:29:56,761 INFO o.a.j.t.JMeterThread: Thread finished: Agent search 2-725
2026-10-09 10:29:56,922 INFO o.a.j.t.JMeterThread: Thread started: Agent search 2-726
2026-10-09 10:29:57,068 INFO o.a.j.t.JMeterThread: Thread is done: Agent search 2-726
2026-10-09 10:29:57,069 INFO o.a.j.t.JMeterThread: Thread finished: Agent search 2-726
2026-10-09 10:29:57,862 INFO o.a.j.t.JMeterThread: Thread started: Agent search 2-727
2026-10-09 10:29:57,990 INFO o.a.j.t.JMeterThread: Thread is done: Agent search 2-727
2026-10-09 10:29:57,990 INFO o.a.j.t.JMeterThread: Thread finished: Agent search 2-727
2026-10-09 10:29:59,811 INFO o.a.j.t.JMeterThread: Thread is done: Ticket intake 1-182
2026-10-09 10:29:59,811 INFO o.a.j.t.JMeterThread: Thread finished: Ticket intake 1-182
2026-10-09 10:30:00,863 INFO o.a.j.t.JMeterThread: Thread started: Agent search 2-728
2026-10-09 10:30:00,875 INFO o.a.j.t.JMeterThread: Thread started: Agent search 2-729
2026-10-09 10:30:01,064 INFO o.a.j.r.Summariser: summary +     11 in 00:00:29 =    0.4/s Avg:  6402 Min:   126 Max: 32225 Err:     0 (0.00%) Active: 2 Started: 911 Finished: 909
2026-10-09 10:30:01,064 INFO o.a.j.r.Summariser: summary =    910 in 00:55:56 =    0.3/s Avg:  3490 Min:    51 Max: 39968 Err:     6 (0.66%)
2026-10-09 10:30:01,064 INFO o.a.j.t.JMeterThread: Thread is done: Agent search 2-729
2026-10-09 10:30:01,064 INFO o.a.j.t.JMeterThread: Thread finished: Agent search 2-729
2026-10-09 10:30:01,269 INFO o.a.j.t.JMeterThread: Thread is done: Agent search 2-728
2026-10-09 10:30:01,269 INFO o.a.j.t.JMeterThread: Thread finished: Agent search 2-728
2026-10-09 10:30:02,889 INFO o.a.j.t.JMeterThread: Thread started: Agent search 2-730
2026-10-09 10:30:02,986 INFO o.a.j.t.JMeterThread: Thread is done: Agent search 2-730
2026-10-09 10:30:02,986 INFO o.a.j.t.JMeterThread: Thread finished: Agent search 2-730
2026-10-09 10:30:06,158 INFO o.a.j.t.JMeterThread: Thread started: Agent search 2-731
2026-10-09 10:30:06,437 INFO o.a.j.t.JMeterThread: Thread is done: Agent search 2-731
2026-10-09 10:30:06,437 INFO o.a.j.t.JMeterThread: Thread finished: Agent search 2-731
2026-10-09 10:30:09,353 INFO o.a.j.t.JMeterThread: Thread started: Agent search 2-732
2026-10-09 10:30:09,506 INFO o.a.j.t.JMeterThread: Thread is done: Agent search 2-732
2026-10-09 10:30:09,506 INFO o.a.j.t.JMeterThread: Thread finished: Agent search 2-732
2026-10-09 10:30:15,324 INFO o.a.j.t.JMeterThread: Thread started: Ticket intake 1-183
2026-10-09 10:30:16,113 INFO o.a.j.t.JMeterThread: Thread started: Agent search 2-733
2026-10-09 10:30:16,351 INFO o.a.j.t.JMeterThread: Thread started: Agent search 2-734
2026-10-09 10:30:16,359 INFO o.a.j.t.JMeterThread: Thread is done: Agent search 2-733
2026-10-09 10:30:16,359 INFO o.a.j.t.JMeterThread: Thread finished: Agent search 2-733
2026-10-09 10:30:16,537 INFO o.a.j.t.JMeterThread: Thread is done: Agent search 2-734
2026-10-09 10:30:16,537 INFO o.a.j.t.JMeterThread: Thread finished: Agent search 2-734
2026-10-09 10:30:16,875 INFO o.a.j.t.JMeterThread: Thread started: Agent search 2-735
2026-10-09 10:30:17,041 INFO o.a.j.t.JMeterThread: Thread is done: Agent search 2-735
2026-10-09 10:30:17,041 INFO o.a.j.t.JMeterThread: Thread finished: Agent search 2-735
2026-10-09 10:30:17,930 INFO o.a.j.t.JMeterThread: Thread started: Agent search 2-736
2026-10-09 10:30:18,061 INFO o.a.j.t.JMeterThread: Thread is done: Agent search 2-736
2026-10-09 10:30:18,061 INFO o.a.j.t.JMeterThread: Thread finished: Agent search 2-736
2026-10-09 10:30:22,494 INFO o.a.j.t.JMeterThread: Thread started: Agent search 2-737
2026-10-09 10:30:22,668 INFO o.a.j.t.JMeterThread: Thread is done: Agent search 2-737
2026-10-09 10:30:22,668 INFO o.a.j.t.JMeterThread: Thread finished: Agent search 2-737
2026-10-09 10:30:24,000 INFO o.a.j.t.JMeterThread: Thread is done: Ticket intake 1-183
2026-10-09 10:30:24,000 INFO o.a.j.t.JMeterThread: Thread finished: Ticket intake 1-183
2026-10-09 10:30:26,145 INFO o.a.j.t.JMeterThread: Thread started: Agent search 2-738
2026-10-09 10:30:26,166 INFO o.a.j.t.JMeterThread: Thread started: Agent search 2-739
2026-10-09 10:30:26,457 INFO o.a.j.t.JMeterThread: Thread is done: Agent search 2-739
2026-10-09 10:30:26,458 INFO o.a.j.t.JMeterThread: Thread finished: Agent search 2-739
2026-10-09 10:30:26,457 INFO o.a.j.t.JMeterThread: Thread is done: Agent search 2-738
2026-10-09 10:30:26,458 INFO o.a.j.t.JMeterThread: Thread finished: Agent search 2-738
2026-10-09 10:30:26,585 INFO o.a.j.t.JMeterThread: Thread started: Agent search 2-740
2026-10-09 10:30:26,609 INFO o.a.j.t.JMeterThread: Thread started: Agent search 2-741
2026-10-09 10:30:26,706 INFO o.a.j.t.JMeterThread: Thread is done: Agent search 2-740
2026-10-09 10:30:26,706 INFO o.a.j.t.JMeterThread: Thread is done: Agent search 2-741
2026-10-09 10:30:26,706 INFO o.a.j.t.JMeterThread: Thread finished: Agent search 2-740
2026-10-09 10:30:26,706 INFO o.a.j.t.JMeterThread: Thread finished: Agent search 2-741
2026-10-09 10:30:28,284 INFO o.a.j.t.JMeterThread: Thread started: Agent search 2-742
2026-10-09 10:30:28,506 INFO o.a.j.t.JMeterThread: Thread is done: Agent search 2-742
2026-10-09 10:30:28,506 INFO o.a.j.t.JMeterThread: Thread finished: Agent search 2-742
2026-10-09 10:30:35,811 INFO o.a.j.t.JMeterThread: Thread started: Agent search 2-743
2026-10-09 10:30:36,091 INFO o.a.j.t.JMeterThread: Thread started: Ticket intake 1-184
2026-10-09 10:30:36,182 INFO o.a.j.t.JMeterThread: Thread is done: Agent search 2-743
2026-10-09 10:30:36,182 INFO o.a.j.t.JMeterThread: Thread finished: Agent search 2-743
2026-10-09 10:30:37,667 INFO o.a.j.t.JMeterThread: Thread started: Ticket intake 1-185
2026-10-09 10:30:37,792 INFO o.a.j.t.JMeterThread: Thread started: Agent search 2-744
2026-10-09 10:30:37,886 INFO o.a.j.t.JMeterThread: Thread is done: Agent search 2-744
2026-10-09 10:30:37,886 INFO o.a.j.t.JMeterThread: Thread finished: Agent search 2-744
2026-10-09 10:30:38,562 INFO o.a.j.t.JMeterThread: Thread started: Agent search 2-745
2026-10-09 10:30:38,852 INFO o.a.j.t.JMeterThread: Thread is done: Agent search 2-745
2026-10-09 10:30:38,853 INFO o.a.j.t.JMeterThread: Thread finished: Agent search 2-745
2026-10-09 10:30:39,524 INFO o.a.j.t.JMeterThread: Thread started: Agent search 2-746
2026-10-09 10:30:39,771 INFO o.a.j.t.JMeterThread: Thread is done: Agent search 2-746
2026-10-09 10:30:39,771 INFO o.a.j.t.JMeterThread: Thread finished: Agent search 2-746
2026-10-09 10:30:39,912 INFO o.a.j.t.JMeterThread: Thread started: Ticket intake 1-186
2026-10-09 10:30:41,689 INFO o.a.j.t.JMeterThread: Thread started: Ticket intake 1-187
2026-10-09 10:30:43,768 INFO o.a.j.t.JMeterThread: Thread is done: Ticket intake 1-184
2026-10-09 10:30:43,768 INFO o.a.j.t.JMeterThread: Thread finished: Ticket intake 1-184
2026-10-09 10:30:44,785 INFO o.a.j.t.JMeterThread: Thread started: Ticket intake 1-188
2026-10-09 10:30:47,920 INFO o.a.j.t.JMeterThread: Thread started: Agent search 2-747
2026-10-09 10:30:48,431 INFO o.a.j.t.JMeterThread: Thread started: Agent search 2-748
2026-10-09 10:30:49,085 INFO o.a.j.t.JMeterThread: Thread is done: Agent search 2-747
2026-10-09 10:30:49,085 INFO o.a.j.t.JMeterThread: Thread finished: Agent search 2-747
2026-10-09 10:30:49,964 INFO o.a.j.t.JMeterThread: Thread started: Agent search 2-749
2026-10-09 10:30:51,081 INFO o.a.j.t.JMeterThread: Thread started: Agent search 2-750
2026-10-09 10:30:53,747 INFO o.a.j.t.JMeterThread: Thread started: Agent search 2-751
2026-10-09 10:30:54,884 INFO o.a.j.t.JMeterThread: Thread is done: Agent search 2-748
2026-10-09 10:30:54,884 INFO o.a.j.t.JMeterThread: Thread finished: Agent search 2-748
2026-10-09 10:30:54,966 INFO o.a.j.t.JMeterThread: Thread is done: Agent search 2-749
2026-10-09 10:30:54,966 INFO o.a.j.t.JMeterThread: Thread finished: Agent search 2-749
2026-10-09 10:30:55,478 INFO o.a.j.t.JMeterThread: Thread is done: Ticket intake 1-185
2026-10-09 10:30:55,478 INFO o.a.j.t.JMeterThread: Thread finished: Ticket intake 1-185
2026-10-09 10:30:55,974 INFO o.a.j.t.JMeterThread: Thread is done: Agent search 2-750
2026-10-09 10:30:55,974 INFO o.a.j.t.JMeterThread: Thread finished: Agent search 2-750
2026-10-09 10:30:55,996 INFO o.a.j.t.JMeterThread: Thread is done: Agent search 2-751
2026-10-09 10:30:55,996 INFO o.a.j.t.JMeterThread: Thread finished: Agent search 2-751
2026-10-09 10:30:59,602 INFO o.a.j.t.JMeterThread: Thread started: Agent search 2-752
2026-10-09 10:30:59,889 INFO o.a.j.t.JMeterThread: Thread is done: Agent search 2-752
2026-10-09 10:30:59,889 INFO o.a.j.t.JMeterThread: Thread finished: Agent search 2-752
2026-10-09 10:31:01,376 INFO o.a.j.r.Summariser: summary +     28 in 00:01:00 =    0.5/s Avg:  2840 Min:    93 Max: 21463 Err:     1 (3.57%) Active: 3 Started: 940 Finished: 937
2026-10-09 10:31:01,376 INFO o.a.j.r.Summariser: summary =    938 in 00:56:56 =    0.3/s Avg:  3471 Min:    51 Max: 39968 Err:     7 (0.75%)
2026-10-09 10:31:01,376 INFO o.a.j.t.JMeterThread: Thread is done: Ticket intake 1-186
2026-10-09 10:31:01,376 INFO o.a.j.t.JMeterThread: Thread finished: Ticket intake 1-186
2026-10-09 10:31:02,066 INFO o.a.j.t.JMeterThread: Thread started: Agent search 2-753
2026-10-09 10:31:02,593 INFO o.a.j.t.JMeterThread: Thread is done: Agent search 2-753
2026-10-09 10:31:02,593 INFO o.a.j.t.JMeterThread: Thread finished: Agent search 2-753
2026-10-09 10:31:02,755 INFO o.a.j.t.JMeterThread: Thread started: Agent search 2-754
2026-10-09 10:31:02,913 INFO o.a.j.t.JMeterThread: Thread is done: Agent search 2-754
2026-10-09 10:31:02,913 INFO o.a.j.t.JMeterThread: Thread finished: Agent search 2-754
2026-10-09 10:31:12,128 INFO o.a.j.t.JMeterThread: Thread is done: Ticket intake 1-187
2026-10-09 10:31:12,129 INFO o.a.j.t.JMeterThread: Thread finished: Ticket intake 1-187
2026-10-09 10:31:12,234 INFO o.a.j.t.JMeterThread: Thread started: Agent search 2-755
2026-10-09 10:31:12,472 INFO o.a.j.t.JMeterThread: Thread is done: Agent search 2-755
2026-10-09 10:31:12,472 INFO o.a.j.t.JMeterThread: Thread finished: Agent search 2-755
2026-10-09 10:31:12,490 INFO o.a.j.t.JMeterThread: Thread started: Agent search 2-756
2026-10-09 10:31:12,641 INFO o.a.j.t.JMeterThread: Thread is done: Agent search 2-756
2026-10-09 10:31:12,641 INFO o.a.j.t.JMeterThread: Thread finished: Agent search 2-756
2026-10-09 10:31:13,587 INFO o.a.j.t.JMeterThread: Thread started: Agent search 2-757
2026-10-09 10:31:13,768 INFO o.a.j.t.JMeterThread: Thread is done: Agent search 2-757
2026-10-09 10:31:13,768 INFO o.a.j.t.JMeterThread: Thread finished: Agent search 2-757
2026-10-09 10:31:13,927 INFO o.a.j.t.JMeterThread: Thread started: Agent search 2-758
2026-10-09 10:31:14,224 INFO o.a.j.t.JMeterThread: Thread is done: Agent search 2-758
2026-10-09 10:31:14,224 INFO o.a.j.t.JMeterThread: Thread finished: Agent search 2-758
2026-10-09 10:31:14,259 INFO o.a.j.t.JMeterThread: Thread started: Ticket intake 1-189
2026-10-09 10:31:18,654 INFO o.a.j.t.JMeterThread: Thread started: Agent search 2-759
2026-10-09 10:31:18,855 INFO o.a.j.t.JMeterThread: Thread is done: Agent search 2-759
2026-10-09 10:31:18,855 INFO o.a.j.t.JMeterThread: Thread finished: Agent search 2-759
2026-10-09 10:31:20,730 INFO o.a.j.t.JMeterThread: Thread is done: Ticket intake 1-188
2026-10-09 10:31:20,731 INFO o.a.j.t.JMeterThread: Thread finished: Ticket intake 1-188
2026-10-09 10:31:25,211 INFO o.a.j.t.JMeterThread: Thread started: Agent search 2-760
2026-10-09 10:31:25,338 INFO o.a.j.t.JMeterThread: Thread is done: Agent search 2-760
2026-10-09 10:31:25,339 INFO o.a.j.t.JMeterThread: Thread finished: Agent search 2-760
2026-10-09 10:31:28,923 INFO o.a.j.t.JMeterThread: Thread is done: Ticket intake 1-189
2026-10-09 10:31:28,923 INFO o.a.j.t.JMeterThread: Thread finished: Ticket intake 1-189
2026-10-09 10:31:33,682 INFO o.a.j.t.JMeterThread: Thread started: Agent search 2-761
2026-10-09 10:31:33,910 INFO o.a.j.r.Summariser: summary +     12 in 00:00:33 =    0.4/s Avg:  6928 Min:   126 Max: 35944 Err:     0 (0.00%) Active: 1 Started: 950 Finished: 949
2026-10-09 10:31:33,911 INFO o.a.j.r.Summariser: summary =    950 in 00:57:29 =    0.3/s Avg:  3514 Min:    51 Max: 39968 Err:     7 (0.74%)
2026-10-09 10:31:33,911 INFO o.a.j.t.JMeterThread: Thread is done: Agent search 2-761
2026-10-09 10:31:33,911 INFO o.a.j.t.JMeterThread: Thread finished: Agent search 2-761
2026-10-09 10:31:34,573 INFO o.a.j.t.JMeterThread: Thread started: Agent search 2-762
2026-10-09 10:31:34,690 INFO o.a.j.t.JMeterThread: Thread is done: Agent search 2-762
2026-10-09 10:31:34,690 INFO o.a.j.t.JMeterThread: Thread finished: Agent search 2-762
2026-10-09 10:31:35,685 INFO o.a.j.t.JMeterThread: Thread started: Agent search 2-763
2026-10-09 10:31:35,799 INFO o.a.j.t.JMeterThread: Thread is done: Agent search 2-763
2026-10-09 10:31:35,799 INFO o.a.j.t.JMeterThread: Thread finished: Agent search 2-763
2026-10-09 10:31:40,881 INFO o.a.j.t.JMeterThread: Thread started: Agent search 2-764
2026-10-09 10:31:41,174 INFO o.a.j.t.JMeterThread: Thread is done: Agent search 2-764
2026-10-09 10:31:41,174 INFO o.a.j.t.JMeterThread: Thread finished: Agent search 2-764
2026-10-09 10:31:44,703 INFO o.a.j.t.JMeterThread: Thread started: Agent search 2-765
2026-10-09 10:31:44,821 INFO o.a.j.t.JMeterThread: Thread is done: Agent search 2-765
2026-10-09 10:31:44,821 INFO o.a.j.t.JMeterThread: Thread finished: Agent search 2-765
2026-10-09 10:31:48,678 INFO o.a.j.t.JMeterThread: Thread started: Agent search 2-766
2026-10-09 10:31:48,890 INFO o.a.j.t.JMeterThread: Thread is done: Agent search 2-766
2026-10-09 10:31:48,890 INFO o.a.j.t.JMeterThread: Thread finished: Agent search 2-766
2026-10-09 10:31:52,402 INFO o.a.j.t.JMeterThread: Thread started: Agent search 2-767
2026-10-09 10:31:52,577 INFO o.a.j.t.JMeterThread: Thread is done: Agent search 2-767
2026-10-09 10:31:52,577 INFO o.a.j.t.JMeterThread: Thread finished: Agent search 2-767
2026-10-09 10:32:05,984 INFO o.a.j.t.JMeterThread: Thread started: Agent search 2-768
2026-10-09 10:32:06,197 INFO o.a.j.t.JMeterThread: Thread is done: Agent search 2-768
2026-10-09 10:32:06,197 INFO o.a.j.t.JMeterThread: Thread finished: Agent search 2-768
2026-10-09 10:32:06,786 INFO o.a.j.t.JMeterThread: Thread started: Ticket intake 1-190
2026-10-09 10:32:07,166 INFO o.a.j.t.JMeterThread: Thread started: Agent search 2-769
2026-10-09 10:32:07,425 INFO o.a.j.t.JMeterThread: Thread is done: Agent search 2-769
2026-10-09 10:32:07,426 INFO o.a.j.t.JMeterThread: Thread finished: Agent search 2-769
2026-10-09 10:32:12,636 INFO o.a.j.t.JMeterThread: Thread started: Ticket intake 1-191
2026-10-09 10:32:15,156 INFO o.a.j.t.JMeterThread: Thread started: Ticket intake 1-192
2026-10-09 10:32:15,523 INFO o.a.j.t.JMeterThread: Thread started: Agent search 2-770
2026-10-09 10:32:15,554 INFO o.a.j.t.JMeterThread: Thread is done: Ticket intake 1-190
2026-10-09 10:32:15,555 INFO o.a.j.t.JMeterThread: Thread finished: Ticket intake 1-190
2026-10-09 10:32:15,593 INFO o.a.j.t.JMeterThread: Thread started: Agent search 2-771
2026-10-09 10:32:15,623 INFO o.a.j.t.JMeterThread: Thread is done: Agent search 2-770
2026-10-09 10:32:15,623 INFO o.a.j.t.JMeterThread: Thread finished: Agent search 2-770
2026-10-09 10:32:15,713 INFO o.a.j.t.JMeterThread: Thread is done: Agent search 2-771
2026-10-09 10:32:15,713 INFO o.a.j.t.JMeterThread: Thread finished: Agent search 2-771
2026-10-09 10:32:16,617 INFO o.a.j.t.JMeterThread: Thread started: Agent search 2-772
2026-10-09 10:32:16,722 INFO o.a.j.t.JMeterThread: Thread is done: Agent search 2-772
2026-10-09 10:32:16,722 INFO o.a.j.t.JMeterThread: Thread finished: Agent search 2-772
2026-10-09 10:32:17,956 INFO o.a.j.t.JMeterThread: Thread started: Agent search 2-773
2026-10-09 10:32:18,178 INFO o.a.j.t.JMeterThread: Thread is done: Agent search 2-773
2026-10-09 10:32:18,178 INFO o.a.j.t.JMeterThread: Thread finished: Agent search 2-773
2026-10-09 10:32:21,099 INFO o.a.j.t.JMeterThread: Thread started: Agent search 2-774
2026-10-09 10:32:21,352 INFO o.a.j.t.JMeterThread: Thread is done: Agent search 2-774
2026-10-09 10:32:21,353 INFO o.a.j.t.JMeterThread: Thread finished: Agent search 2-774
2026-10-09 10:32:22,889 INFO o.a.j.t.JMeterThread: Thread is done: Ticket intake 1-191
2026-10-09 10:32:22,889 INFO o.a.j.t.JMeterThread: Thread finished: Ticket intake 1-191
2026-10-09 10:32:22,975 INFO o.a.j.t.JMeterThread: Thread started: Agent search 2-775
2026-10-09 10:32:23,093 INFO o.a.j.t.JMeterThread: Thread is done: Agent search 2-775
2026-10-09 10:32:23,093 INFO o.a.j.t.JMeterThread: Thread finished: Agent search 2-775
2026-10-09 10:32:23,575 INFO o.a.j.t.JMeterThread: Thread started: Agent search 2-776
2026-10-09 10:32:23,811 INFO o.a.j.t.JMeterThread: Thread is done: Agent search 2-776
2026-10-09 10:32:23,811 INFO o.a.j.t.JMeterThread: Thread finished: Agent search 2-776
2026-10-09 10:32:29,635 INFO o.a.j.t.JMeterThread: Thread started: Agent search 2-777
2026-10-09 10:32:29,853 INFO o.a.j.t.JMeterThread: Thread is done: Agent search 2-777
2026-10-09 10:32:29,853 INFO o.a.j.t.JMeterThread: Thread finished: Agent search 2-777
2026-10-09 10:32:30,262 INFO o.a.j.r.Summariser: summary +     19 in 00:00:56 =    0.3/s Avg:  1946 Min:   100 Max: 15106 Err:     0 (0.00%) Active: 1 Started: 969 Finished: 968
2026-10-09 10:32:30,262 INFO o.a.j.r.Summariser: summary =    969 in 00:58:25 =    0.3/s Avg:  3484 Min:    51 Max: 39968 Err:     7 (0.72%)
2026-10-09 10:32:30,262 INFO o.a.j.t.JMeterThread: Thread is done: Ticket intake 1-192
2026-10-09 10:32:30,262 INFO o.a.j.t.JMeterThread: Thread finished: Ticket intake 1-192
2026-10-09 10:32:30,488 INFO o.a.j.t.JMeterThread: Thread started: Agent search 2-778
2026-10-09 10:32:30,801 INFO o.a.j.t.JMeterThread: Thread is done: Agent search 2-778
2026-10-09 10:32:30,801 INFO o.a.j.t.JMeterThread: Thread finished: Agent search 2-778
2026-10-09 10:32:31,532 INFO o.a.j.t.JMeterThread: Thread started: Agent search 2-779
2026-10-09 10:32:31,798 INFO o.a.j.t.JMeterThread: Thread is done: Agent search 2-779
2026-10-09 10:32:31,798 INFO o.a.j.t.JMeterThread: Thread finished: Agent search 2-779
2026-10-09 10:32:33,784 INFO o.a.j.t.JMeterThread: Thread started: Agent search 2-780
2026-10-09 10:32:34,153 INFO o.a.j.t.JMeterThread: Thread is done: Agent search 2-780
2026-10-09 10:32:34,154 INFO o.a.j.t.JMeterThread: Thread finished: Agent search 2-780
2026-10-09 10:32:35,030 INFO o.a.j.t.JMeterThread: Thread started: Ticket intake 1-193
2026-10-09 10:32:36,608 INFO o.a.j.t.JMeterThread: Thread started: Ticket intake 1-194
2026-10-09 10:32:37,093 INFO o.a.j.t.JMeterThread: Thread started: Agent search 2-781
2026-10-09 10:32:38,954 INFO o.a.j.t.JMeterThread: Thread is done: Agent search 2-781
2026-10-09 10:32:38,954 INFO o.a.j.t.JMeterThread: Thread finished: Agent search 2-781
2026-10-09 10:32:39,801 INFO o.a.j.t.JMeterThread: Thread started: Agent search 2-782
2026-10-09 10:32:39,990 INFO o.a.j.t.JMeterThread: Thread is done: Agent search 2-782
2026-10-09 10:32:39,990 INFO o.a.j.t.JMeterThread: Thread finished: Agent search 2-782
2026-10-09 10:32:40,014 INFO o.a.j.t.JMeterThread: Thread started: Agent search 2-783
2026-10-09 10:32:40,317 INFO o.a.j.t.JMeterThread: Thread is done: Agent search 2-783
2026-10-09 10:32:40,318 INFO o.a.j.t.JMeterThread: Thread finished: Agent search 2-783
2026-10-09 10:32:40,880 INFO o.a.j.t.JMeterThread: Thread started: Agent search 2-784
2026-10-09 10:32:40,996 INFO o.a.j.t.JMeterThread: Thread is done: Agent search 2-784
2026-10-09 10:32:40,996 INFO o.a.j.t.JMeterThread: Thread finished: Agent search 2-784
2026-10-09 10:32:47,060 INFO o.a.j.t.JMeterThread: Thread started: Agent search 2-785
2026-10-09 10:32:47,260 INFO o.a.j.t.JMeterThread: Thread is done: Agent search 2-785
2026-10-09 10:32:47,261 INFO o.a.j.t.JMeterThread: Thread finished: Agent search 2-785
2026-10-09 10:32:50,332 INFO o.a.j.t.JMeterThread: Thread is done: Ticket intake 1-193
2026-10-09 10:32:50,332 INFO o.a.j.t.JMeterThread: Thread finished: Ticket intake 1-193
2026-10-09 10:32:51,284 INFO o.a.j.t.JMeterThread: Thread started: Agent search 2-786
2026-10-09 10:32:51,562 INFO o.a.j.t.JMeterThread: Thread is done: Agent search 2-786
2026-10-09 10:32:51,562 INFO o.a.j.t.JMeterThread: Thread finished: Agent search 2-786
2026-10-09 10:32:53,578 INFO o.a.j.t.JMeterThread: Thread started: Ticket intake 1-195
2026-10-09 10:33:02,087 INFO o.a.j.t.JMeterThread: Thread started: Agent search 2-787
2026-10-09 10:33:02,326 INFO o.a.j.r.Summariser: summary +     11 in 00:00:32 =    0.3/s Avg:  1765 Min:   116 Max: 15301 Err:     0 (0.00%) Active: 3 Started: 982 Finished: 979
2026-10-09 10:33:02,327 INFO o.a.j.r.Summariser: summary =    980 in 00:58:57 =    0.3/s Avg:  3464 Min:    51 Max: 39968 Err:     7 (0.71%)
2026-10-09 10:33:02,327 INFO o.a.j.t.JMeterThread: Thread is done: Agent search 2-787
2026-10-09 10:33:02,327 INFO o.a.j.t.JMeterThread: Thread finished: Agent search 2-787
2026-10-09 10:33:03,439 INFO o.a.j.t.JMeterThread: Thread is done: Ticket intake 1-194
2026-10-09 10:33:03,440 INFO o.a.j.t.JMeterThread: Thread finished: Ticket intake 1-194
2026-10-09 10:33:06,617 INFO o.a.j.t.JMeterThread: Thread started: Agent search 2-788
2026-10-09 10:33:06,922 INFO o.a.j.t.JMeterThread: Thread is done: Agent search 2-788
2026-10-09 10:33:06,922 INFO o.a.j.t.JMeterThread: Thread finished: Agent search 2-788
2026-10-09 10:33:14,192 INFO o.a.j.t.JMeterThread: Thread is done: Ticket intake 1-195
2026-10-09 10:33:14,192 INFO o.a.j.t.JMeterThread: Thread finished: Ticket intake 1-195
2026-10-09 10:33:16,587 INFO o.a.j.t.JMeterThread: Thread started: Agent search 2-789
2026-10-09 10:33:16,778 INFO o.a.j.t.JMeterThread: Thread is done: Agent search 2-789
2026-10-09 10:33:16,778 INFO o.a.j.t.JMeterThread: Thread finished: Agent search 2-789
2026-10-09 10:33:17,358 INFO o.a.j.t.JMeterThread: Thread started: Agent search 2-790
2026-10-09 10:33:17,718 INFO o.a.j.t.JMeterThread: Thread started: Agent search 2-791
2026-10-09 10:33:17,989 INFO o.a.j.t.JMeterThread: Thread is done: Agent search 2-790
2026-10-09 10:33:17,990 INFO o.a.j.t.JMeterThread: Thread finished: Agent search 2-790
2026-10-09 10:33:18,415 INFO o.a.j.t.JMeterThread: Thread is done: Agent search 2-791
2026-10-09 10:33:18,415 INFO o.a.j.t.JMeterThread: Thread finished: Agent search 2-791
2026-10-09 10:33:22,846 INFO o.a.j.t.JMeterThread: Thread started: Ticket intake 1-196
2026-10-09 10:33:25,822 INFO o.a.j.t.JMeterThread: Thread started: Ticket intake 1-197
2026-10-09 10:33:26,792 INFO o.a.j.t.JMeterThread: Thread started: Agent search 2-792
2026-10-09 10:33:26,936 INFO o.a.j.t.JMeterThread: Thread started: Agent search 2-793
2026-10-09 10:33:27,197 INFO o.a.j.t.JMeterThread: Thread is done: Agent search 2-792
2026-10-09 10:33:27,197 INFO o.a.j.t.JMeterThread: Thread finished: Agent search 2-792
2026-10-09 10:33:27,571 INFO o.a.j.t.JMeterThread: Thread is done: Agent search 2-793
2026-10-09 10:33:27,571 INFO o.a.j.t.JMeterThread: Thread finished: Agent search 2-793
2026-10-09 10:33:28,341 INFO o.a.j.t.JMeterThread: Thread started: Agent search 2-794
2026-10-09 10:33:28,424 INFO o.a.j.t.JMeterThread: Thread started: Agent search 2-795
2026-10-09 10:33:28,583 INFO o.a.j.t.JMeterThread: Thread is done: Agent search 2-795
2026-10-09 10:33:28,583 INFO o.a.j.t.JMeterThread: Thread finished: Agent search 2-795
2026-10-09 10:33:28,622 INFO o.a.j.t.JMeterThread: Thread is done: Agent search 2-794
2026-10-09 10:33:28,622 INFO o.a.j.t.JMeterThread: Thread finished: Agent search 2-794
2026-10-09 10:33:36,105 INFO o.a.j.t.JMeterThread: Thread is done: Ticket intake 1-196
2026-10-09 10:33:36,106 INFO o.a.j.t.JMeterThread: Thread finished: Ticket intake 1-196
2026-10-09 10:33:40,385 INFO o.a.j.t.JMeterThread: Thread started: Agent search 2-796
2026-10-09 10:33:40,549 INFO o.a.j.t.JMeterThread: Thread is done: Agent search 2-796
2026-10-09 10:33:40,549 INFO o.a.j.t.JMeterThread: Thread finished: Agent search 2-796
2026-10-09 10:33:42,158 INFO o.a.j.t.JMeterThread: Thread started: Ticket intake 1-198
2026-10-09 10:33:42,158 INFO o.a.j.t.o.OpenModelThreadGroup: There will be no more events, so will wait for 22 sec till the end of the schedule
2026-10-09 10:33:47,055 INFO o.a.j.t.JMeterThread: Thread started: Agent search 2-797
2026-10-09 10:33:47,267 INFO o.a.j.t.JMeterThread: Thread is done: Agent search 2-797
2026-10-09 10:33:47,287 INFO o.a.j.t.JMeterThread: Thread finished: Agent search 2-797
2026-10-09 10:33:48,906 INFO o.a.j.t.JMeterThread: Thread is done: Ticket intake 1-197
2026-10-09 10:33:48,907 INFO o.a.j.t.JMeterThread: Thread finished: Ticket intake 1-197
2026-10-09 10:33:49,444 INFO o.a.j.t.JMeterThread: Thread started: Agent search 2-798
2026-10-09 10:33:49,725 INFO o.a.j.t.JMeterThread: Thread is done: Agent search 2-798
2026-10-09 10:33:49,726 INFO o.a.j.t.JMeterThread: Thread finished: Agent search 2-798
2026-10-09 10:33:56,621 INFO o.a.j.t.JMeterThread: Thread started: Agent search 2-799
2026-10-09 10:33:56,833 INFO o.a.j.t.JMeterThread: Thread is done: Agent search 2-799
2026-10-09 10:33:56,833 INFO o.a.j.t.JMeterThread: Thread finished: Agent search 2-799
2026-10-09 10:33:57,286 INFO o.a.j.t.JMeterThread: Thread is done: Ticket intake 1-198
2026-10-09 10:33:57,287 INFO o.a.j.t.JMeterThread: Thread finished: Ticket intake 1-198
2026-10-09 10:34:00,743 INFO o.a.j.t.JMeterThread: Thread started: Agent search 2-800
2026-10-09 10:34:00,743 INFO o.a.j.t.o.OpenModelThreadGroup: There will be no more events, so will wait for 4 sec till the end of the schedule
2026-10-09 10:34:00,877 INFO o.a.j.r.Summariser: summary +     18 in 00:00:59 =    0.3/s Avg:  5733 Min:   133 Max: 26830 Err:     0 (0.00%) Active: 1 Started: 998 Finished: 997
2026-10-09 10:34:00,878 INFO o.a.j.r.Summariser: summary =    998 in 00:59:56 =    0.3/s Avg:  3505 Min:    51 Max: 39968 Err:     7 (0.70%)
2026-10-09 10:34:00,878 INFO o.a.j.t.JMeterThread: Thread is done: Agent search 2-800
2026-10-09 10:34:00,878 INFO o.a.j.t.JMeterThread: Thread finished: Agent search 2-800
2026-10-09 10:34:04,915 INFO o.a.j.t.o.OpenModelThreadGroup: There will be no more events, will shutdown the thread pool
2026-10-09 10:34:04,915 INFO o.a.j.t.o.OpenModelThreadGroup: There will be no more events, will shutdown the thread pool
2026-10-09 10:34:04,915 INFO o.a.j.t.o.OpenModelThreadGroup: Thread starting done
2026-10-09 10:34:04,915 INFO o.a.j.t.o.OpenModelThreadGroup: Thread starting done
2026-10-09 10:34:04,916 INFO o.a.j.e.StandardJMeterEngine: Notifying test listeners of end of test
2026-10-09 10:34:04,916 INFO o.a.j.s.FileServer: Close: search_terms.txt
2026-10-09 10:34:04,916 INFO o.a.j.s.FileServer: Close: tickets.tsv
2026-10-09 10:34:04,916 INFO o.a.j.r.Summariser: summary =    998 in 01:00:00 =    0.3/s Avg:  3505 Min:    51 Max: 39968 Err:     7 (0.70%)
