2026-10-09 08:32:21,732 INFO o.a.j.u.JMeterUtils: Setting Locale to en_EN
2026-10-09 08:32:21,741 INFO o.a.j.JMeter: Loading user properties from: C:\apache-jmeter-5.6.3\bin\user.properties
2026-10-09 08:32:21,742 INFO o.a.j.JMeter: Loading system properties from: C:\apache-jmeter-5.6.3\bin\system.properties
2026-10-09 08:32:21,742 INFO o.a.j.JMeter: Loading additional properties from: C:\Users\josep\Downloads\results\clef-flash-9b\mixed\run2\run.properties
2026-10-09 08:32:21,745 INFO o.a.j.JMeter: Copyright (c) 1998-2024 The Apache Software Foundation
2026-10-09 08:32:21,745 INFO o.a.j.JMeter: Version 5.6.3
2026-10-09 08:32:21,745 INFO o.a.j.JMeter: java.version=25.0.1
2026-10-09 08:32:21,745 INFO o.a.j.JMeter: java.vm.name=Java HotSpot(TM) 64-Bit Server VM
2026-10-09 08:32:21,748 INFO o.a.j.JMeter: os.name=Windows 11
2026-10-09 08:32:21,749 INFO o.a.j.JMeter: os.arch=amd64
2026-10-09 08:32:21,749 INFO o.a.j.JMeter: os.version=10.0
2026-10-09 08:32:21,749 INFO o.a.j.JMeter: file.encoding=UTF-8
2026-10-09 08:32:21,749 INFO o.a.j.JMeter: java.awt.headless=true
2026-10-09 08:32:21,749 INFO o.a.j.JMeter: Max memory     =1073741824
2026-10-09 08:32:21,749 INFO o.a.j.JMeter: Available Processors =16
2026-10-09 08:32:21,756 INFO o.a.j.JMeter: Default Locale=English (EN)
2026-10-09 08:32:21,757 INFO o.a.j.JMeter: JMeter  Locale=English (EN)
2026-10-09 08:32:21,757 INFO o.a.j.JMeter: JMeterHome=C:\apache-jmeter-5.6.3
2026-10-09 08:32:21,757 INFO o.a.j.JMeter: user.dir  =C:\Users\josep\Downloads
2026-10-09 08:32:21,757 INFO o.a.j.JMeter: PWD       =C:\Users\josep\Downloads
2026-10-09 08:32:21,762 INFO o.a.j.JMeter: IP: 172.20.10.7 Name: LAPTOP-JVTGMMI4 FullName: LAPTOP-JVTGMMI4
2026-10-09 08:32:21,768 INFO o.a.j.s.FileServer: Default base='C:\Users\josep\Downloads'
2026-10-09 08:32:21,768 INFO o.a.j.s.FileServer: Set new base='C:\Users\josep\Downloads\loadtest'
2026-10-09 08:32:21,890 INFO o.a.j.s.SaveService: Testplan (JMX) version: 2.2. Testlog (JTL) version: 2.2
2026-10-09 08:32:21,902 INFO o.a.j.s.SaveService: Using SaveService properties version 5.0
2026-10-09 08:32:21,904 INFO o.a.j.s.SaveService: Using SaveService properties file encoding UTF-8
2026-10-09 08:32:21,906 INFO o.a.j.s.SaveService: Loading file: C:\Users\josep\Downloads\loadtest\triage.jmx
2026-10-09 08:32:21,935 INFO o.a.j.p.h.s.HTTPSamplerBase: Parser for text/html is org.apache.jmeter.protocol.http.parser.LagartoBasedHtmlParser
2026-10-09 08:32:21,935 INFO o.a.j.p.h.s.HTTPSamplerBase: Parser for application/xhtml+xml is org.apache.jmeter.protocol.http.parser.LagartoBasedHtmlParser
2026-10-09 08:32:21,935 INFO o.a.j.p.h.s.HTTPSamplerBase: Parser for application/xml is org.apache.jmeter.protocol.http.parser.LagartoBasedHtmlParser
2026-10-09 08:32:21,935 INFO o.a.j.p.h.s.HTTPSamplerBase: Parser for text/xml is org.apache.jmeter.protocol.http.parser.LagartoBasedHtmlParser
2026-10-09 08:32:21,935 INFO o.a.j.p.h.s.HTTPSamplerBase: Parser for text/vnd.wap.wml is org.apache.jmeter.protocol.http.parser.RegexpHTMLParser
2026-10-09 08:32:21,935 INFO o.a.j.p.h.s.HTTPSamplerBase: Parser for text/css is org.apache.jmeter.protocol.http.parser.CssParser
2026-10-09 08:32:21,941 INFO o.a.j.JMeter: Creating summariser <summary>
2026-10-09 08:32:21,951 INFO o.a.j.e.StandardJMeterEngine: Running the test!
2026-10-09 08:32:21,951 INFO o.a.j.s.SampleEvent: List of sample_variables: [req_id, row, term]
2026-10-09 08:32:21,951 INFO o.a.j.s.SampleEvent: List of sample_variables: [req_id, row, term]
2026-10-09 08:32:21,953 INFO o.a.j.e.u.CompoundVariable: Note: Function class names must contain the string: '.functions.'
2026-10-09 08:32:21,953 INFO o.a.j.e.u.CompoundVariable: Note: Function class names must not contain the string: '.gui.'
2026-10-09 08:32:21,986 INFO o.a.j.JMeter: Running test (1791505941986)
2026-10-09 08:32:21,998 INFO o.a.j.e.StandardJMeterEngine: Starting ThreadGroup: 1 : Ticket intake
2026-10-09 08:32:21,998 INFO o.a.j.e.StandardJMeterEngine: Starting 0 threads for group Ticket intake.
2026-10-09 08:32:21,998 INFO o.a.j.e.StandardJMeterEngine: Thread will continue on error
2026-10-09 08:32:21,998 INFO o.a.j.t.o.OpenModelThreadGroup: Starting OpenModelThreadGroup#1 with schedule rate(198/hour) random_arrivals(60 min) rate(198/hour)
2026-10-09 08:32:22,014 INFO o.a.j.e.StandardJMeterEngine: Starting ThreadGroup: 2 : Agent search
2026-10-09 08:32:22,014 INFO o.a.j.e.StandardJMeterEngine: Starting 0 threads for group Agent search.
2026-10-09 08:32:22,014 INFO o.a.j.e.StandardJMeterEngine: Thread will continue on error
2026-10-09 08:32:22,014 INFO o.a.j.t.o.OpenModelThreadGroup: Starting OpenModelThreadGroup#2 with schedule rate(800/hour) random_arrivals(60 min) rate(800/hour)
2026-10-09 08:32:22,015 INFO o.a.j.e.StandardJMeterEngine: All thread groups have been started
2026-10-09 08:32:22,015 INFO o.a.j.t.o.OpenModelThreadGroup: Thread starting init
2026-10-09 08:32:22,015 INFO o.a.j.t.o.OpenModelThreadGroup: Thread starting init
2026-10-09 08:32:22,018 INFO o.a.j.t.o.PoissonArrivalsRamp: Generating 198 events, beginRate = 0.055 / sec, endRate = 0.055 / sec, duration = 3600.0 sec
2026-10-09 08:32:22,018 INFO o.a.j.t.o.PoissonArrivalsRamp: Generating 800 events, beginRate = 0.2222222222222222 / sec, endRate = 0.2222222222222222 / sec, duration = 3600.0 sec
2026-10-09 08:32:26,554 INFO o.a.j.t.JMeterThread: Thread started: Ticket intake 1-1
2026-10-09 08:32:26,555 INFO o.a.j.s.FileServer: Stored: tickets.tsv
2026-10-09 08:32:26,568 INFO o.a.j.p.h.s.HTTPHCAbstractImpl: Local host = LAPTOP-JVTGMMI4
2026-10-09 08:32:26,571 INFO o.a.j.p.h.s.HTTPHC4Impl: HTTP request retry count = 0
2026-10-09 08:32:26,571 INFO o.a.j.s.SampleResult: Note: Sample TimeStamps are START times
2026-10-09 08:32:26,571 INFO o.a.j.s.SampleResult: sampleresult.default.encoding is set to UTF-8
2026-10-09 08:32:26,571 INFO o.a.j.s.SampleResult: sampleresult.useNanoTime=true
2026-10-09 08:32:26,572 INFO o.a.j.s.SampleResult: sampleresult.nanoThreadSleep=5000
2026-10-09 08:32:27,006 INFO o.a.j.t.JMeterThread: Thread started: Agent search 2-1
2026-10-09 08:32:27,006 INFO o.a.j.s.FileServer: Stored: search_terms.txt
2026-10-09 08:32:27,160 INFO o.a.j.t.JMeterThread: Thread is done: Agent search 2-1
2026-10-09 08:32:27,160 INFO o.a.j.t.JMeterThread: Thread finished: Agent search 2-1
2026-10-09 08:32:27,959 INFO o.a.j.t.JMeterThread: Thread started: Agent search 2-2
2026-10-09 08:32:28,077 INFO o.a.j.t.JMeterThread: Thread is done: Agent search 2-2
2026-10-09 08:32:28,077 INFO o.a.j.t.JMeterThread: Thread finished: Agent search 2-2
2026-10-09 08:32:29,704 INFO o.a.j.t.JMeterThread: Thread started: Agent search 2-3
2026-10-09 08:32:29,850 INFO o.a.j.t.JMeterThread: Thread is done: Agent search 2-3
2026-10-09 08:32:29,851 INFO o.a.j.t.JMeterThread: Thread finished: Agent search 2-3
2026-10-09 08:32:33,209 INFO o.a.j.t.JMeterThread: Thread started: Agent search 2-4
2026-10-09 08:32:33,329 INFO o.a.j.r.Summariser: summary +      4 in 00:00:11 =    0.4/s Avg:   131 Min:   115 Max:   151 Err:     0 (0.00%) Active: 2 Started: 5 Finished: 3
2026-10-09 08:32:33,330 INFO o.a.j.t.JMeterThread: Thread is done: Agent search 2-4
2026-10-09 08:32:33,330 INFO o.a.j.t.JMeterThread: Thread finished: Agent search 2-4
2026-10-09 08:32:37,582 INFO o.a.j.t.JMeterThread: Thread started: Agent search 2-5
2026-10-09 08:32:37,699 INFO o.a.j.t.JMeterThread: Thread is done: Agent search 2-5
2026-10-09 08:32:37,699 INFO o.a.j.t.JMeterThread: Thread finished: Agent search 2-5
2026-10-09 08:32:39,911 INFO o.a.j.t.JMeterThread: Thread is done: Ticket intake 1-1
2026-10-09 08:32:39,911 INFO o.a.j.t.JMeterThread: Thread finished: Ticket intake 1-1
2026-10-09 08:32:40,880 INFO o.a.j.t.JMeterThread: Thread started: Agent search 2-6
2026-10-09 08:32:40,996 INFO o.a.j.t.JMeterThread: Thread is done: Agent search 2-6
2026-10-09 08:32:40,996 INFO o.a.j.t.JMeterThread: Thread finished: Agent search 2-6
2026-10-09 08:32:48,010 INFO o.a.j.t.JMeterThread: Thread started: Agent search 2-7
2026-10-09 08:32:48,125 INFO o.a.j.t.JMeterThread: Thread is done: Agent search 2-7
2026-10-09 08:32:48,125 INFO o.a.j.t.JMeterThread: Thread finished: Agent search 2-7
2026-10-09 08:32:57,753 INFO o.a.j.t.JMeterThread: Thread started: Agent search 2-8
2026-10-09 08:32:57,841 INFO o.a.j.t.JMeterThread: Thread is done: Agent search 2-8
2026-10-09 08:32:57,841 INFO o.a.j.t.JMeterThread: Thread finished: Agent search 2-8
2026-10-09 08:33:00,010 INFO o.a.j.t.JMeterThread: Thread started: Agent search 2-9
2026-10-09 08:33:00,164 INFO o.a.j.r.Summariser: summary +      6 in 00:00:27 =    0.2/s Avg:  2313 Min:    86 Max: 13302 Err:     0 (0.00%) Active: 1 Started: 10 Finished: 9
2026-10-09 08:33:00,164 INFO o.a.j.r.Summariser: summary =     10 in 00:00:38 =    0.3/s Avg:  1440 Min:    86 Max: 13302 Err:     0 (0.00%)
2026-10-09 08:33:00,164 INFO o.a.j.t.JMeterThread: Thread is done: Agent search 2-9
2026-10-09 08:33:00,164 INFO o.a.j.t.JMeterThread: Thread finished: Agent search 2-9
2026-10-09 08:33:05,931 INFO o.a.j.t.JMeterThread: Thread started: Agent search 2-10
2026-10-09 08:33:06,079 INFO o.a.j.t.JMeterThread: Thread is done: Agent search 2-10
2026-10-09 08:33:06,079 INFO o.a.j.t.JMeterThread: Thread finished: Agent search 2-10
2026-10-09 08:33:09,258 INFO o.a.j.t.JMeterThread: Thread started: Agent search 2-11
2026-10-09 08:33:09,387 INFO o.a.j.t.JMeterThread: Thread is done: Agent search 2-11
2026-10-09 08:33:09,387 INFO o.a.j.t.JMeterThread: Thread finished: Agent search 2-11
2026-10-09 08:33:10,090 INFO o.a.j.t.JMeterThread: Thread started: Agent search 2-12
2026-10-09 08:33:10,298 INFO o.a.j.t.JMeterThread: Thread is done: Agent search 2-12
2026-10-09 08:33:10,298 INFO o.a.j.t.JMeterThread: Thread finished: Agent search 2-12
2026-10-09 08:33:11,995 INFO o.a.j.t.JMeterThread: Thread started: Ticket intake 1-2
2026-10-09 08:33:14,279 INFO o.a.j.t.JMeterThread: Thread started: Agent search 2-13
2026-10-09 08:33:14,402 INFO o.a.j.t.JMeterThread: Thread is done: Agent search 2-13
2026-10-09 08:33:14,402 INFO o.a.j.t.JMeterThread: Thread finished: Agent search 2-13
2026-10-09 08:33:21,536 INFO o.a.j.t.JMeterThread: Thread is done: Ticket intake 1-2
2026-10-09 08:33:21,536 INFO o.a.j.t.JMeterThread: Thread finished: Ticket intake 1-2
2026-10-09 08:33:26,570 INFO o.a.j.t.JMeterThread: Thread started: Agent search 2-14
2026-10-09 08:33:26,694 INFO o.a.j.t.JMeterThread: Thread is done: Agent search 2-14
2026-10-09 08:33:26,694 INFO o.a.j.t.JMeterThread: Thread finished: Agent search 2-14
2026-10-09 08:33:28,109 INFO o.a.j.t.JMeterThread: Thread started: Agent search 2-15
2026-10-09 08:33:28,243 INFO o.a.j.t.JMeterThread: Thread is done: Agent search 2-15
2026-10-09 08:33:28,243 INFO o.a.j.t.JMeterThread: Thread finished: Agent search 2-15
2026-10-09 08:33:29,010 INFO o.a.j.t.JMeterThread: Thread started: Agent search 2-16
2026-10-09 08:33:29,095 INFO o.a.j.t.JMeterThread: Thread is done: Agent search 2-16
2026-10-09 08:33:29,095 INFO o.a.j.t.JMeterThread: Thread finished: Agent search 2-16
2026-10-09 08:33:30,314 INFO o.a.j.t.JMeterThread: Thread started: Agent search 2-17
2026-10-09 08:33:30,399 INFO o.a.j.r.Summariser: summary +      9 in 00:00:30 =    0.3/s Avg:  1173 Min:    83 Max:  9539 Err:     0 (0.00%) Active: 1 Started: 19 Finished: 18
2026-10-09 08:33:30,399 INFO o.a.j.r.Summariser: summary =     19 in 00:01:08 =    0.3/s Avg:  1314 Min:    83 Max: 13302 Err:     0 (0.00%)
2026-10-09 08:33:30,400 INFO o.a.j.t.JMeterThread: Thread is done: Agent search 2-17
2026-10-09 08:33:30,400 INFO o.a.j.t.JMeterThread: Thread finished: Agent search 2-17
2026-10-09 08:33:32,275 INFO o.a.j.t.JMeterThread: Thread started: Agent search 2-18
2026-10-09 08:33:32,372 INFO o.a.j.t.JMeterThread: Thread is done: Agent search 2-18
2026-10-09 08:33:32,372 INFO o.a.j.t.JMeterThread: Thread finished: Agent search 2-18
2026-10-09 08:33:32,578 INFO o.a.j.t.JMeterThread: Thread started: Agent search 2-19
2026-10-09 08:33:32,740 INFO o.a.j.t.JMeterThread: Thread is done: Agent search 2-19
2026-10-09 08:33:32,740 INFO o.a.j.t.JMeterThread: Thread finished: Agent search 2-19
2026-10-09 08:33:35,601 INFO o.a.j.t.JMeterThread: Thread started: Agent search 2-20
2026-10-09 08:33:35,740 INFO o.a.j.t.JMeterThread: Thread is done: Agent search 2-20
2026-10-09 08:33:35,740 INFO o.a.j.t.JMeterThread: Thread finished: Agent search 2-20
2026-10-09 08:33:36,326 INFO o.a.j.t.JMeterThread: Thread started: Agent search 2-21
2026-10-09 08:33:36,458 INFO o.a.j.t.JMeterThread: Thread is done: Agent search 2-21
2026-10-09 08:33:36,458 INFO o.a.j.t.JMeterThread: Thread finished: Agent search 2-21
2026-10-09 08:33:41,717 INFO o.a.j.t.JMeterThread: Thread started: Agent search 2-22
2026-10-09 08:33:41,808 INFO o.a.j.t.JMeterThread: Thread is done: Agent search 2-22
2026-10-09 08:33:41,808 INFO o.a.j.t.JMeterThread: Thread finished: Agent search 2-22
2026-10-09 08:33:44,993 INFO o.a.j.t.JMeterThread: Thread started: Agent search 2-23
2026-10-09 08:33:45,128 INFO o.a.j.t.JMeterThread: Thread is done: Agent search 2-23
2026-10-09 08:33:45,128 INFO o.a.j.t.JMeterThread: Thread finished: Agent search 2-23
2026-10-09 08:33:47,375 INFO o.a.j.t.JMeterThread: Thread started: Agent search 2-24
2026-10-09 08:33:47,493 INFO o.a.j.t.JMeterThread: Thread is done: Agent search 2-24
2026-10-09 08:33:47,493 INFO o.a.j.t.JMeterThread: Thread finished: Agent search 2-24
2026-10-09 08:33:49,003 INFO o.a.j.t.JMeterThread: Thread started: Agent search 2-25
2026-10-09 08:33:49,114 INFO o.a.j.t.JMeterThread: Thread is done: Agent search 2-25
2026-10-09 08:33:49,114 INFO o.a.j.t.JMeterThread: Thread finished: Agent search 2-25
2026-10-09 08:33:49,651 INFO o.a.j.t.JMeterThread: Thread started: Agent search 2-26
2026-10-09 08:33:49,770 INFO o.a.j.t.JMeterThread: Thread is done: Agent search 2-26
2026-10-09 08:33:49,771 INFO o.a.j.t.JMeterThread: Thread finished: Agent search 2-26
2026-10-09 08:33:54,483 INFO o.a.j.t.JMeterThread: Thread started: Agent search 2-27
2026-10-09 08:33:54,605 INFO o.a.j.t.JMeterThread: Thread is done: Agent search 2-27
2026-10-09 08:33:54,605 INFO o.a.j.t.JMeterThread: Thread finished: Agent search 2-27
2026-10-09 08:33:58,300 INFO o.a.j.t.JMeterThread: Thread started: Agent search 2-28
2026-10-09 08:33:58,378 INFO o.a.j.t.JMeterThread: Thread is done: Agent search 2-28
2026-10-09 08:33:58,378 INFO o.a.j.t.JMeterThread: Thread finished: Agent search 2-28
2026-10-09 08:34:04,701 INFO o.a.j.t.JMeterThread: Thread started: Agent search 2-29
2026-10-09 08:34:04,729 INFO o.a.j.t.JMeterThread: Thread started: Agent search 2-30
2026-10-09 08:34:04,944 INFO o.a.j.t.JMeterThread: Thread is done: Agent search 2-30
2026-10-09 08:34:04,944 INFO o.a.j.r.Summariser: summary +     12 in 00:00:35 =    0.3/s Avg:   127 Min:    76 Max:   242 Err:     0 (0.00%) Active: 2 Started: 32 Finished: 30
2026-10-09 08:34:04,944 INFO o.a.j.t.JMeterThread: Thread finished: Agent search 2-30
2026-10-09 08:34:04,945 INFO o.a.j.r.Summariser: summary =     31 in 00:01:43 =    0.3/s Avg:   854 Min:    76 Max: 13302 Err:     0 (0.00%)
2026-10-09 08:34:04,945 INFO o.a.j.t.JMeterThread: Thread is done: Agent search 2-29
2026-10-09 08:34:04,945 INFO o.a.j.t.JMeterThread: Thread finished: Agent search 2-29
2026-10-09 08:34:08,159 INFO o.a.j.t.JMeterThread: Thread started: Agent search 2-31
2026-10-09 08:34:08,425 INFO o.a.j.t.JMeterThread: Thread is done: Agent search 2-31
2026-10-09 08:34:08,425 INFO o.a.j.t.JMeterThread: Thread finished: Agent search 2-31
2026-10-09 08:34:10,117 INFO o.a.j.t.JMeterThread: Thread started: Agent search 2-32
2026-10-09 08:34:10,474 INFO o.a.j.t.JMeterThread: Thread is done: Agent search 2-32
2026-10-09 08:34:10,474 INFO o.a.j.t.JMeterThread: Thread finished: Agent search 2-32
2026-10-09 08:34:12,365 INFO o.a.j.t.JMeterThread: Thread started: Agent search 2-33
2026-10-09 08:34:12,521 INFO o.a.j.t.JMeterThread: Thread is done: Agent search 2-33
2026-10-09 08:34:12,521 INFO o.a.j.t.JMeterThread: Thread finished: Agent search 2-33
2026-10-09 08:34:19,540 INFO o.a.j.t.JMeterThread: Thread started: Agent search 2-34
2026-10-09 08:34:19,792 INFO o.a.j.t.JMeterThread: Thread is done: Agent search 2-34
2026-10-09 08:34:19,792 INFO o.a.j.t.JMeterThread: Thread finished: Agent search 2-34
2026-10-09 08:34:19,947 INFO o.a.j.t.JMeterThread: Thread started: Agent search 2-35
2026-10-09 08:34:20,203 INFO o.a.j.t.JMeterThread: Thread is done: Agent search 2-35
2026-10-09 08:34:20,203 INFO o.a.j.t.JMeterThread: Thread finished: Agent search 2-35
2026-10-09 08:34:25,964 INFO o.a.j.t.JMeterThread: Thread started: Agent search 2-36
2026-10-09 08:34:26,243 INFO o.a.j.t.JMeterThread: Thread is done: Agent search 2-36
2026-10-09 08:34:26,244 INFO o.a.j.t.JMeterThread: Thread finished: Agent search 2-36
2026-10-09 08:34:30,257 INFO o.a.j.t.JMeterThread: Thread started: Agent search 2-37
2026-10-09 08:34:30,442 INFO o.a.j.r.Summariser: summary +      8 in 00:00:25 =    0.3/s Avg:   244 Min:   154 Max:   355 Err:     0 (0.00%) Active: 1 Started: 39 Finished: 38
2026-10-09 08:34:30,443 INFO o.a.j.r.Summariser: summary =     39 in 00:02:08 =    0.3/s Avg:   729 Min:    76 Max: 13302 Err:     0 (0.00%)
2026-10-09 08:34:30,443 INFO o.a.j.t.JMeterThread: Thread is done: Agent search 2-37
2026-10-09 08:34:30,443 INFO o.a.j.t.JMeterThread: Thread finished: Agent search 2-37
2026-10-09 08:34:31,779 INFO o.a.j.t.JMeterThread: Thread started: Ticket intake 1-3
2026-10-09 08:34:34,978 INFO o.a.j.t.JMeterThread: Thread started: Agent search 2-38
2026-10-09 08:34:35,143 INFO o.a.j.t.JMeterThread: Thread started: Agent search 2-39
2026-10-09 08:34:35,259 INFO o.a.j.t.JMeterThread: Thread is done: Agent search 2-38
2026-10-09 08:34:35,260 INFO o.a.j.t.JMeterThread: Thread finished: Agent search 2-38
2026-10-09 08:34:35,357 INFO o.a.j.t.JMeterThread: Thread is done: Agent search 2-39
2026-10-09 08:34:35,357 INFO o.a.j.t.JMeterThread: Thread finished: Agent search 2-39
2026-10-09 08:34:42,004 INFO o.a.j.t.JMeterThread: Thread started: Ticket intake 1-4
2026-10-09 08:34:43,650 INFO o.a.j.t.JMeterThread: Thread is done: Ticket intake 1-3
2026-10-09 08:34:43,650 INFO o.a.j.t.JMeterThread: Thread finished: Ticket intake 1-3
2026-10-09 08:34:45,764 INFO o.a.j.t.JMeterThread: Thread started: Agent search 2-40
2026-10-09 08:34:46,007 INFO o.a.j.t.JMeterThread: Thread is done: Agent search 2-40
2026-10-09 08:34:46,007 INFO o.a.j.t.JMeterThread: Thread finished: Agent search 2-40
2026-10-09 08:34:49,337 INFO o.a.j.t.JMeterThread: Thread started: Agent search 2-41
2026-10-09 08:34:49,590 INFO o.a.j.t.JMeterThread: Thread is done: Agent search 2-41
2026-10-09 08:34:49,590 INFO o.a.j.t.JMeterThread: Thread finished: Agent search 2-41
2026-10-09 08:34:51,027 INFO o.a.j.t.JMeterThread: Thread started: Agent search 2-42
2026-10-09 08:34:51,228 INFO o.a.j.t.JMeterThread: Thread is done: Agent search 2-42
2026-10-09 08:34:51,229 INFO o.a.j.t.JMeterThread: Thread finished: Agent search 2-42
2026-10-09 08:34:54,823 INFO o.a.j.t.JMeterThread: Thread started: Agent search 2-43
2026-10-09 08:34:55,025 INFO o.a.j.t.JMeterThread: Thread is done: Agent search 2-43
2026-10-09 08:34:55,026 INFO o.a.j.t.JMeterThread: Thread finished: Agent search 2-43
2026-10-09 08:34:55,337 INFO o.a.j.t.JMeterThread: Thread started: Agent search 2-44
2026-10-09 08:34:55,631 INFO o.a.j.t.JMeterThread: Thread is done: Ticket intake 1-4
2026-10-09 08:34:55,631 INFO o.a.j.t.JMeterThread: Thread is done: Agent search 2-44
2026-10-09 08:34:55,632 INFO o.a.j.t.JMeterThread: Thread finished: Ticket intake 1-4
2026-10-09 08:34:55,632 INFO o.a.j.t.JMeterThread: Thread finished: Agent search 2-44
2026-10-09 08:34:56,693 INFO o.a.j.t.JMeterThread: Thread started: Agent search 2-45
2026-10-09 08:34:56,963 INFO o.a.j.t.JMeterThread: Thread is done: Agent search 2-45
2026-10-09 08:34:56,963 INFO o.a.j.t.JMeterThread: Thread finished: Agent search 2-45
2026-10-09 08:35:10,062 INFO o.a.j.t.JMeterThread: Thread started: Ticket intake 1-5
2026-10-09 08:35:12,311 INFO o.a.j.t.JMeterThread: Thread started: Agent search 2-46
2026-10-09 08:35:12,357 INFO o.a.j.t.JMeterThread: Thread started: Agent search 2-47
2026-10-09 08:35:12,425 INFO o.a.j.t.JMeterThread: Thread is done: Agent search 2-46
2026-10-09 08:35:12,425 INFO o.a.j.t.JMeterThread: Thread finished: Agent search 2-46
2026-10-09 08:35:12,426 INFO o.a.j.t.JMeterThread: Thread started: Agent search 2-48
2026-10-09 08:35:12,527 INFO o.a.j.t.JMeterThread: Thread is done: Agent search 2-47
2026-10-09 08:35:12,527 INFO o.a.j.t.JMeterThread: Thread finished: Agent search 2-47
2026-10-09 08:35:12,567 INFO o.a.j.t.JMeterThread: Thread is done: Agent search 2-48
2026-10-09 08:35:12,567 INFO o.a.j.t.JMeterThread: Thread finished: Agent search 2-48
2026-10-09 08:35:20,801 INFO o.a.j.t.JMeterThread: Thread started: Agent search 2-49
2026-10-09 08:35:20,898 INFO o.a.j.t.JMeterThread: Thread is done: Agent search 2-49
2026-10-09 08:35:20,898 INFO o.a.j.t.JMeterThread: Thread finished: Agent search 2-49
2026-10-09 08:35:22,544 INFO o.a.j.t.JMeterThread: Thread is done: Ticket intake 1-5
2026-10-09 08:35:22,544 INFO o.a.j.t.JMeterThread: Thread finished: Ticket intake 1-5
2026-10-09 08:35:24,489 INFO o.a.j.t.JMeterThread: Thread started: Agent search 2-50
2026-10-09 08:35:24,654 INFO o.a.j.t.JMeterThread: Thread is done: Agent search 2-50
2026-10-09 08:35:24,654 INFO o.a.j.t.JMeterThread: Thread finished: Agent search 2-50
2026-10-09 08:35:25,627 INFO o.a.j.t.JMeterThread: Thread started: Agent search 2-51
2026-10-09 08:35:25,733 INFO o.a.j.t.JMeterThread: Thread is done: Agent search 2-51
2026-10-09 08:35:25,734 INFO o.a.j.t.JMeterThread: Thread finished: Agent search 2-51
2026-10-09 08:35:26,228 INFO o.a.j.t.JMeterThread: Thread started: Agent search 2-52
2026-10-09 08:35:26,339 INFO o.a.j.t.JMeterThread: Thread is done: Agent search 2-52
2026-10-09 08:35:26,340 INFO o.a.j.t.JMeterThread: Thread finished: Agent search 2-52
2026-10-09 08:35:27,805 INFO o.a.j.t.JMeterThread: Thread started: Agent search 2-53
2026-10-09 08:35:27,904 INFO o.a.j.t.JMeterThread: Thread is done: Agent search 2-53
2026-10-09 08:35:27,904 INFO o.a.j.t.JMeterThread: Thread finished: Agent search 2-53
2026-10-09 08:35:35,551 INFO o.a.j.t.JMeterThread: Thread started: Agent search 2-54
2026-10-09 08:35:35,699 INFO o.a.j.r.Summariser: summary +     20 in 00:01:05 =    0.3/s Avg:  2053 Min:    95 Max: 13626 Err:     0 (0.00%) Active: 1 Started: 59 Finished: 58
2026-10-09 08:35:35,699 INFO o.a.j.r.Summariser: summary =     59 in 00:03:14 =    0.3/s Avg:  1178 Min:    76 Max: 13626 Err:     0 (0.00%)
2026-10-09 08:35:35,700 INFO o.a.j.t.JMeterThread: Thread is done: Agent search 2-54
2026-10-09 08:35:35,700 INFO o.a.j.t.JMeterThread: Thread finished: Agent search 2-54
2026-10-09 08:35:39,829 INFO o.a.j.t.JMeterThread: Thread started: Agent search 2-55
2026-10-09 08:35:39,957 INFO o.a.j.t.JMeterThread: Thread is done: Agent search 2-55
2026-10-09 08:35:39,957 INFO o.a.j.t.JMeterThread: Thread finished: Agent search 2-55
2026-10-09 08:35:45,361 INFO o.a.j.t.JMeterThread: Thread started: Agent search 2-56
2026-10-09 08:35:45,486 INFO o.a.j.t.JMeterThread: Thread is done: Agent search 2-56
2026-10-09 08:35:45,486 INFO o.a.j.t.JMeterThread: Thread finished: Agent search 2-56
2026-10-09 08:35:50,322 INFO o.a.j.t.JMeterThread: Thread started: Agent search 2-57
2026-10-09 08:35:50,465 INFO o.a.j.t.JMeterThread: Thread is done: Agent search 2-57
2026-10-09 08:35:50,466 INFO o.a.j.t.JMeterThread: Thread finished: Agent search 2-57
2026-10-09 08:35:54,026 INFO o.a.j.t.JMeterThread: Thread started: Agent search 2-58
2026-10-09 08:35:54,103 INFO o.a.j.t.JMeterThread: Thread is done: Agent search 2-58
2026-10-09 08:35:54,103 INFO o.a.j.t.JMeterThread: Thread finished: Agent search 2-58
2026-10-09 08:35:55,121 INFO o.a.j.t.JMeterThread: Thread started: Agent search 2-59
2026-10-09 08:35:55,265 INFO o.a.j.t.JMeterThread: Thread is done: Agent search 2-59
2026-10-09 08:35:55,265 INFO o.a.j.t.JMeterThread: Thread finished: Agent search 2-59
2026-10-09 08:35:57,347 INFO o.a.j.t.JMeterThread: Thread started: Agent search 2-60
2026-10-09 08:35:57,525 INFO o.a.j.t.JMeterThread: Thread is done: Agent search 2-60
2026-10-09 08:35:57,525 INFO o.a.j.t.JMeterThread: Thread finished: Agent search 2-60
2026-10-09 08:36:00,200 INFO o.a.j.t.JMeterThread: Thread started: Agent search 2-61
2026-10-09 08:36:00,285 INFO o.a.j.r.Summariser: summary +      7 in 00:00:25 =    0.3/s Avg:   123 Min:    75 Max:   176 Err:     0 (0.00%) Active: 1 Started: 66 Finished: 65
2026-10-09 08:36:00,285 INFO o.a.j.r.Summariser: summary =     66 in 00:03:38 =    0.3/s Avg:  1066 Min:    75 Max: 13626 Err:     0 (0.00%)
2026-10-09 08:36:00,286 INFO o.a.j.t.JMeterThread: Thread is done: Agent search 2-61
2026-10-09 08:36:00,286 INFO o.a.j.t.JMeterThread: Thread finished: Agent search 2-61
2026-10-09 08:36:01,256 INFO o.a.j.t.JMeterThread: Thread started: Agent search 2-62
2026-10-09 08:36:01,384 INFO o.a.j.t.JMeterThread: Thread is done: Agent search 2-62
2026-10-09 08:36:01,384 INFO o.a.j.t.JMeterThread: Thread finished: Agent search 2-62
2026-10-09 08:36:04,694 INFO o.a.j.t.JMeterThread: Thread started: Ticket intake 1-6
2026-10-09 08:36:08,008 INFO o.a.j.t.JMeterThread: Thread started: Agent search 2-63
2026-10-09 08:36:08,127 INFO o.a.j.t.JMeterThread: Thread is done: Agent search 2-63
2026-10-09 08:36:08,127 INFO o.a.j.t.JMeterThread: Thread finished: Agent search 2-63
2026-10-09 08:36:12,010 INFO o.a.j.t.JMeterThread: Thread is done: Ticket intake 1-6
2026-10-09 08:36:12,011 INFO o.a.j.t.JMeterThread: Thread finished: Ticket intake 1-6
2026-10-09 08:36:12,127 INFO o.a.j.t.JMeterThread: Thread started: Agent search 2-64
2026-10-09 08:36:12,248 INFO o.a.j.t.JMeterThread: Thread is done: Agent search 2-64
2026-10-09 08:36:12,248 INFO o.a.j.t.JMeterThread: Thread finished: Agent search 2-64
2026-10-09 08:36:15,147 INFO o.a.j.t.JMeterThread: Thread started: Agent search 2-65
2026-10-09 08:36:15,257 INFO o.a.j.t.JMeterThread: Thread is done: Agent search 2-65
2026-10-09 08:36:15,257 INFO o.a.j.t.JMeterThread: Thread finished: Agent search 2-65
2026-10-09 08:36:15,262 INFO o.a.j.t.JMeterThread: Thread started: Agent search 2-66
2026-10-09 08:36:15,343 INFO o.a.j.t.JMeterThread: Thread is done: Agent search 2-66
2026-10-09 08:36:15,343 INFO o.a.j.t.JMeterThread: Thread finished: Agent search 2-66
2026-10-09 08:36:25,343 INFO o.a.j.t.JMeterThread: Thread started: Agent search 2-67
2026-10-09 08:36:25,471 INFO o.a.j.t.JMeterThread: Thread is done: Agent search 2-67
2026-10-09 08:36:25,471 INFO o.a.j.t.JMeterThread: Thread finished: Agent search 2-67
2026-10-09 08:36:27,504 INFO o.a.j.t.JMeterThread: Thread started: Agent search 2-68
2026-10-09 08:36:27,654 INFO o.a.j.t.JMeterThread: Thread is done: Agent search 2-68
2026-10-09 08:36:27,654 INFO o.a.j.t.JMeterThread: Thread finished: Agent search 2-68
2026-10-09 08:36:35,923 INFO o.a.j.t.JMeterThread: Thread started: Agent search 2-69
2026-10-09 08:36:36,083 INFO o.a.j.t.JMeterThread: Thread is done: Agent search 2-69
2026-10-09 08:36:36,083 INFO o.a.j.t.JMeterThread: Thread finished: Agent search 2-69
2026-10-09 08:36:42,619 INFO o.a.j.t.JMeterThread: Thread started: Agent search 2-70
2026-10-09 08:36:42,772 INFO o.a.j.t.JMeterThread: Thread is done: Agent search 2-70
2026-10-09 08:36:42,772 INFO o.a.j.t.JMeterThread: Thread finished: Agent search 2-70
2026-10-09 08:36:55,214 INFO o.a.j.t.JMeterThread: Thread started: Agent search 2-71
2026-10-09 08:36:55,312 INFO o.a.j.t.JMeterThread: Thread is done: Agent search 2-71
2026-10-09 08:36:55,312 INFO o.a.j.t.JMeterThread: Thread finished: Agent search 2-71
2026-10-09 08:36:55,957 INFO o.a.j.t.JMeterThread: Thread started: Ticket intake 1-7
2026-10-09 08:37:00,517 INFO o.a.j.t.JMeterThread: Thread started: Ticket intake 1-8
2026-10-09 08:37:01,222 INFO o.a.j.t.JMeterThread: Thread started: Agent search 2-72
2026-10-09 08:37:01,381 INFO o.a.j.r.Summariser: summary +     12 in 00:01:01 =    0.2/s Avg:   725 Min:    80 Max:  7315 Err:     0 (0.00%) Active: 3 Started: 80 Finished: 77
2026-10-09 08:37:01,381 INFO o.a.j.r.Summariser: summary =     78 in 00:04:39 =    0.3/s Avg:  1013 Min:    75 Max: 13626 Err:     0 (0.00%)
2026-10-09 08:37:01,382 INFO o.a.j.t.JMeterThread: Thread is done: Agent search 2-72
2026-10-09 08:37:01,382 INFO o.a.j.t.JMeterThread: Thread finished: Agent search 2-72
2026-10-09 08:37:06,464 INFO o.a.j.t.JMeterThread: Thread is done: Ticket intake 1-7
2026-10-09 08:37:06,464 INFO o.a.j.t.JMeterThread: Thread finished: Ticket intake 1-7
2026-10-09 08:37:09,036 INFO o.a.j.t.JMeterThread: Thread started: Agent search 2-73
2026-10-09 08:37:09,105 INFO o.a.j.t.JMeterThread: Thread is done: Agent search 2-73
2026-10-09 08:37:09,105 INFO o.a.j.t.JMeterThread: Thread finished: Agent search 2-73
2026-10-09 08:37:14,151 INFO o.a.j.t.JMeterThread: Thread is done: Ticket intake 1-8
2026-10-09 08:37:14,151 INFO o.a.j.t.JMeterThread: Thread finished: Ticket intake 1-8
2026-10-09 08:37:14,476 INFO o.a.j.t.JMeterThread: Thread started: Agent search 2-74
2026-10-09 08:37:14,632 INFO o.a.j.t.JMeterThread: Thread is done: Agent search 2-74
2026-10-09 08:37:14,632 INFO o.a.j.t.JMeterThread: Thread finished: Agent search 2-74
2026-10-09 08:37:16,454 INFO o.a.j.t.JMeterThread: Thread started: Agent search 2-75
2026-10-09 08:37:16,581 INFO o.a.j.t.JMeterThread: Thread is done: Agent search 2-75
2026-10-09 08:37:16,581 INFO o.a.j.t.JMeterThread: Thread finished: Agent search 2-75
2026-10-09 08:37:16,850 INFO o.a.j.t.JMeterThread: Thread started: Agent search 2-76
2026-10-09 08:37:16,937 INFO o.a.j.t.JMeterThread: Thread is done: Agent search 2-76
2026-10-09 08:37:16,937 INFO o.a.j.t.JMeterThread: Thread finished: Agent search 2-76
2026-10-09 08:37:19,900 INFO o.a.j.t.JMeterThread: Thread started: Agent search 2-77
2026-10-09 08:37:20,117 INFO o.a.j.t.JMeterThread: Thread is done: Agent search 2-77
2026-10-09 08:37:20,117 INFO o.a.j.t.JMeterThread: Thread finished: Agent search 2-77
2026-10-09 08:37:21,191 INFO o.a.j.t.JMeterThread: Thread started: Agent search 2-78
2026-10-09 08:37:21,287 INFO o.a.j.t.JMeterThread: Thread started: Agent search 2-79
2026-10-09 08:37:21,450 INFO o.a.j.t.JMeterThread: Thread is done: Agent search 2-78
2026-10-09 08:37:21,450 INFO o.a.j.t.JMeterThread: Thread finished: Agent search 2-78
2026-10-09 08:37:21,450 INFO o.a.j.t.JMeterThread: Thread is done: Agent search 2-79
2026-10-09 08:37:21,450 INFO o.a.j.t.JMeterThread: Thread finished: Agent search 2-79
2026-10-09 08:37:22,538 INFO o.a.j.t.JMeterThread: Thread started: Agent search 2-80
2026-10-09 08:37:22,735 INFO o.a.j.t.JMeterThread: Thread is done: Agent search 2-80
2026-10-09 08:37:22,735 INFO o.a.j.t.JMeterThread: Thread finished: Agent search 2-80
2026-10-09 08:37:28,773 INFO o.a.j.t.JMeterThread: Thread started: Agent search 2-81
2026-10-09 08:37:28,925 INFO o.a.j.t.JMeterThread: Thread is done: Agent search 2-81
2026-10-09 08:37:28,925 INFO o.a.j.t.JMeterThread: Thread finished: Agent search 2-81
2026-10-09 08:37:29,635 INFO o.a.j.t.JMeterThread: Thread started: Agent search 2-82
2026-10-09 08:37:29,847 INFO o.a.j.t.JMeterThread: Thread is done: Agent search 2-82
2026-10-09 08:37:29,847 INFO o.a.j.t.JMeterThread: Thread finished: Agent search 2-82
2026-10-09 08:37:32,454 INFO o.a.j.t.JMeterThread: Thread started: Ticket intake 1-9
2026-10-09 08:37:38,916 INFO o.a.j.t.JMeterThread: Thread started: Agent search 2-83
2026-10-09 08:37:39,165 INFO o.a.j.t.JMeterThread: Thread is done: Agent search 2-83
2026-10-09 08:37:39,165 INFO o.a.j.t.JMeterThread: Thread finished: Agent search 2-83
2026-10-09 08:37:41,527 INFO o.a.j.t.JMeterThread: Thread started: Agent search 2-84
2026-10-09 08:37:41,724 INFO o.a.j.t.JMeterThread: Thread is done: Agent search 2-84
2026-10-09 08:37:41,724 INFO o.a.j.t.JMeterThread: Thread finished: Agent search 2-84
2026-10-09 08:37:41,724 INFO o.a.j.t.JMeterThread: Thread is done: Ticket intake 1-9
2026-10-09 08:37:41,724 INFO o.a.j.t.JMeterThread: Thread finished: Ticket intake 1-9
2026-10-09 08:37:42,112 INFO o.a.j.t.JMeterThread: Thread started: Agent search 2-85
2026-10-09 08:37:42,340 INFO o.a.j.t.JMeterThread: Thread is done: Agent search 2-85
2026-10-09 08:37:42,340 INFO o.a.j.t.JMeterThread: Thread finished: Agent search 2-85
2026-10-09 08:37:43,573 INFO o.a.j.t.JMeterThread: Thread started: Ticket intake 1-10
2026-10-09 08:37:52,994 INFO o.a.j.t.JMeterThread: Thread is done: Ticket intake 1-10
2026-10-09 08:37:52,994 INFO o.a.j.t.JMeterThread: Thread finished: Ticket intake 1-10
2026-10-09 08:37:54,638 INFO o.a.j.t.JMeterThread: Thread started: Agent search 2-86
2026-10-09 08:37:54,832 INFO o.a.j.t.JMeterThread: Thread is done: Agent search 2-86
2026-10-09 08:37:54,832 INFO o.a.j.t.JMeterThread: Thread finished: Agent search 2-86
2026-10-09 08:37:55,713 INFO o.a.j.t.JMeterThread: Thread started: Agent search 2-87
2026-10-09 08:37:55,957 INFO o.a.j.t.JMeterThread: Thread is done: Agent search 2-87
2026-10-09 08:37:55,957 INFO o.a.j.t.JMeterThread: Thread finished: Agent search 2-87
2026-10-09 08:38:00,220 INFO o.a.j.t.JMeterThread: Thread started: Ticket intake 1-11
2026-10-09 08:38:11,737 INFO o.a.j.t.JMeterThread: Thread started: Agent search 2-88
2026-10-09 08:38:11,932 INFO o.a.j.t.JMeterThread: Thread is done: Agent search 2-88
2026-10-09 08:38:11,932 INFO o.a.j.t.JMeterThread: Thread finished: Agent search 2-88
2026-10-09 08:38:13,468 INFO o.a.j.t.JMeterThread: Thread is done: Ticket intake 1-11
2026-10-09 08:38:13,468 INFO o.a.j.t.JMeterThread: Thread finished: Ticket intake 1-11
2026-10-09 08:38:15,067 INFO o.a.j.t.JMeterThread: Thread started: Agent search 2-89
2026-10-09 08:38:15,311 INFO o.a.j.t.JMeterThread: Thread is done: Agent search 2-89
2026-10-09 08:38:15,311 INFO o.a.j.t.JMeterThread: Thread finished: Agent search 2-89
2026-10-09 08:38:16,631 INFO o.a.j.t.JMeterThread: Thread started: Ticket intake 1-12
2026-10-09 08:38:17,012 INFO o.a.j.t.JMeterThread: Thread started: Agent search 2-90
2026-10-09 08:38:17,257 INFO o.a.j.t.JMeterThread: Thread is done: Agent search 2-90
2026-10-09 08:38:17,257 INFO o.a.j.t.JMeterThread: Thread finished: Agent search 2-90
2026-10-09 08:38:25,825 INFO o.a.j.t.JMeterThread: Thread started: Agent search 2-91
2026-10-09 08:38:25,961 INFO o.a.j.t.JMeterThread: Thread is done: Agent search 2-91
2026-10-09 08:38:25,962 INFO o.a.j.t.JMeterThread: Thread finished: Agent search 2-91
2026-10-09 08:38:26,026 INFO o.a.j.t.JMeterThread: Thread started: Ticket intake 1-13
2026-10-09 08:38:28,214 INFO o.a.j.t.JMeterThread: Thread is done: Ticket intake 1-12
2026-10-09 08:38:28,215 INFO o.a.j.t.JMeterThread: Thread finished: Ticket intake 1-12
2026-10-09 08:38:36,002 INFO o.a.j.t.JMeterThread: Thread started: Ticket intake 1-14
2026-10-09 08:38:37,053 INFO o.a.j.t.JMeterThread: Thread started: Agent search 2-92
2026-10-09 08:38:37,328 INFO o.a.j.t.JMeterThread: Thread is done: Agent search 2-92
2026-10-09 08:38:37,328 INFO o.a.j.t.JMeterThread: Thread finished: Agent search 2-92
2026-10-09 08:38:39,068 INFO o.a.j.t.JMeterThread: Thread is done: Ticket intake 1-13
2026-10-09 08:38:39,068 INFO o.a.j.t.JMeterThread: Thread finished: Ticket intake 1-13
2026-10-09 08:38:50,640 INFO o.a.j.t.JMeterThread: Thread is done: Ticket intake 1-14
2026-10-09 08:38:50,640 INFO o.a.j.t.JMeterThread: Thread finished: Ticket intake 1-14
2026-10-09 08:38:51,945 INFO o.a.j.t.JMeterThread: Thread started: Agent search 2-93
2026-10-09 08:38:52,029 INFO o.a.j.t.JMeterThread: Thread is done: Agent search 2-93
2026-10-09 08:38:52,030 INFO o.a.j.t.JMeterThread: Thread finished: Agent search 2-93
2026-10-09 08:38:54,065 INFO o.a.j.t.JMeterThread: Thread started: Agent search 2-94
2026-10-09 08:38:54,223 INFO o.a.j.t.JMeterThread: Thread is done: Agent search 2-94
2026-10-09 08:38:54,223 INFO o.a.j.t.JMeterThread: Thread finished: Agent search 2-94
2026-10-09 08:38:54,825 INFO o.a.j.t.JMeterThread: Thread started: Ticket intake 1-15
2026-10-09 08:38:56,930 INFO o.a.j.t.JMeterThread: Thread started: Agent search 2-95
2026-10-09 08:38:57,193 INFO o.a.j.t.JMeterThread: Thread is done: Agent search 2-95
2026-10-09 08:38:57,193 INFO o.a.j.t.JMeterThread: Thread finished: Agent search 2-95
2026-10-09 08:38:57,591 INFO o.a.j.t.JMeterThread: Thread started: Agent search 2-96
2026-10-09 08:38:57,807 INFO o.a.j.t.JMeterThread: Thread is done: Agent search 2-96
2026-10-09 08:38:57,807 INFO o.a.j.t.JMeterThread: Thread finished: Agent search 2-96
2026-10-09 08:38:58,754 INFO o.a.j.t.JMeterThread: Thread started: Ticket intake 1-16
2026-10-09 08:39:01,316 INFO o.a.j.t.JMeterThread: Thread started: Agent search 2-97
2026-10-09 08:39:01,507 INFO o.a.j.r.Summariser: summary +     33 in 00:02:00 =    0.3/s Avg:  3031 Min:    67 Max: 14637 Err:     0 (0.00%) Active: 3 Started: 113 Finished: 110
2026-10-09 08:39:01,507 INFO o.a.j.r.Summariser: summary =    111 in 00:06:40 =    0.3/s Avg:  1613 Min:    67 Max: 14637 Err:     0 (0.00%)
2026-10-09 08:39:01,507 INFO o.a.j.t.JMeterThread: Thread is done: Agent search 2-97
2026-10-09 08:39:01,507 INFO o.a.j.t.JMeterThread: Thread finished: Agent search 2-97
2026-10-09 08:39:02,825 INFO o.a.j.t.JMeterThread: Thread is done: Ticket intake 1-15
2026-10-09 08:39:02,825 INFO o.a.j.t.JMeterThread: Thread finished: Ticket intake 1-15
2026-10-09 08:39:07,457 INFO o.a.j.t.JMeterThread: Thread started: Agent search 2-98
2026-10-09 08:39:07,741 INFO o.a.j.t.JMeterThread: Thread is done: Agent search 2-98
2026-10-09 08:39:07,741 INFO o.a.j.t.JMeterThread: Thread finished: Agent search 2-98
2026-10-09 08:39:12,246 INFO o.a.j.t.JMeterThread: Thread is done: Ticket intake 1-16
2026-10-09 08:39:12,246 INFO o.a.j.t.JMeterThread: Thread finished: Ticket intake 1-16
2026-10-09 08:39:14,204 INFO o.a.j.t.JMeterThread: Thread started: Agent search 2-99
2026-10-09 08:39:14,397 INFO o.a.j.t.JMeterThread: Thread is done: Agent search 2-99
2026-10-09 08:39:14,397 INFO o.a.j.t.JMeterThread: Thread finished: Agent search 2-99
2026-10-09 08:39:15,186 INFO o.a.j.t.JMeterThread: Thread started: Agent search 2-100
2026-10-09 08:39:15,419 INFO o.a.j.t.JMeterThread: Thread is done: Agent search 2-100
2026-10-09 08:39:15,419 INFO o.a.j.t.JMeterThread: Thread finished: Agent search 2-100
2026-10-09 08:39:17,275 INFO o.a.j.t.JMeterThread: Thread started: Agent search 2-101
2026-10-09 08:39:17,467 INFO o.a.j.t.JMeterThread: Thread is done: Agent search 2-101
2026-10-09 08:39:17,468 INFO o.a.j.t.JMeterThread: Thread finished: Agent search 2-101
2026-10-09 08:39:20,991 INFO o.a.j.t.JMeterThread: Thread started: Agent search 2-102
2026-10-09 08:39:21,000 INFO o.a.j.t.JMeterThread: Thread started: Agent search 2-103
2026-10-09 08:39:21,155 INFO o.a.j.t.JMeterThread: Thread is done: Agent search 2-102
2026-10-09 08:39:21,155 INFO o.a.j.t.JMeterThread: Thread finished: Agent search 2-102
2026-10-09 08:39:21,155 INFO o.a.j.t.JMeterThread: Thread is done: Agent search 2-103
2026-10-09 08:39:21,155 INFO o.a.j.t.JMeterThread: Thread finished: Agent search 2-103
2026-10-09 08:39:23,438 INFO o.a.j.t.JMeterThread: Thread started: Ticket intake 1-17
2026-10-09 08:39:23,886 INFO o.a.j.t.JMeterThread: Thread started: Agent search 2-104
2026-10-09 08:39:24,085 INFO o.a.j.t.JMeterThread: Thread is done: Agent search 2-104
2026-10-09 08:39:24,086 INFO o.a.j.t.JMeterThread: Thread finished: Agent search 2-104
2026-10-09 08:39:31,775 INFO o.a.j.t.JMeterThread: Thread started: Agent search 2-105
2026-10-09 08:39:32,010 INFO o.a.j.r.Summariser: summary +     10 in 00:00:31 =    0.3/s Avg:  2313 Min:   154 Max: 13491 Err:     0 (0.00%) Active: 2 Started: 122 Finished: 120
2026-10-09 08:39:32,010 INFO o.a.j.r.Summariser: summary =    121 in 00:07:10 =    0.3/s Avg:  1671 Min:    67 Max: 14637 Err:     0 (0.00%)
2026-10-09 08:39:32,011 INFO o.a.j.t.JMeterThread: Thread is done: Agent search 2-105
2026-10-09 08:39:32,011 INFO o.a.j.t.JMeterThread: Thread finished: Agent search 2-105
2026-10-09 08:39:35,854 INFO o.a.j.t.JMeterThread: Thread started: Agent search 2-106
2026-10-09 08:39:36,109 INFO o.a.j.t.JMeterThread: Thread is done: Agent search 2-106
2026-10-09 08:39:36,109 INFO o.a.j.t.JMeterThread: Thread finished: Agent search 2-106
2026-10-09 08:39:36,720 INFO o.a.j.t.JMeterThread: Thread is done: Ticket intake 1-17
2026-10-09 08:39:36,722 INFO o.a.j.t.JMeterThread: Thread finished: Ticket intake 1-17
2026-10-09 08:39:41,177 INFO o.a.j.t.JMeterThread: Thread started: Agent search 2-107
2026-10-09 08:39:41,430 INFO o.a.j.t.JMeterThread: Thread is done: Agent search 2-107
2026-10-09 08:39:41,430 INFO o.a.j.t.JMeterThread: Thread finished: Agent search 2-107
2026-10-09 08:39:42,272 INFO o.a.j.t.JMeterThread: Thread started: Ticket intake 1-18
2026-10-09 08:39:43,700 INFO o.a.j.t.JMeterThread: Thread started: Agent search 2-108
2026-10-09 08:39:43,888 INFO o.a.j.t.JMeterThread: Thread is done: Agent search 2-108
2026-10-09 08:39:43,888 INFO o.a.j.t.JMeterThread: Thread finished: Agent search 2-108
2026-10-09 08:39:45,895 INFO o.a.j.t.JMeterThread: Thread started: Ticket intake 1-19
2026-10-09 08:39:46,474 INFO o.a.j.t.JMeterThread: Thread started: Agent search 2-109
2026-10-09 08:39:46,652 INFO o.a.j.t.JMeterThread: Thread is done: Agent search 2-109
2026-10-09 08:39:46,652 INFO o.a.j.t.JMeterThread: Thread finished: Agent search 2-109
2026-10-09 08:39:49,112 INFO o.a.j.t.JMeterThread: Thread started: Agent search 2-110
2026-10-09 08:39:49,315 INFO o.a.j.t.JMeterThread: Thread is done: Agent search 2-110
2026-10-09 08:39:49,315 INFO o.a.j.t.JMeterThread: Thread finished: Agent search 2-110
2026-10-09 08:39:53,655 INFO o.a.j.t.JMeterThread: Thread started: Agent search 2-111
2026-10-09 08:39:53,924 INFO o.a.j.t.JMeterThread: Thread is done: Agent search 2-111
2026-10-09 08:39:53,924 INFO o.a.j.t.JMeterThread: Thread finished: Agent search 2-111
2026-10-09 08:39:54,985 INFO o.a.j.t.JMeterThread: Thread started: Agent search 2-112
2026-10-09 08:39:55,152 INFO o.a.j.t.JMeterThread: Thread is done: Agent search 2-112
2026-10-09 08:39:55,152 INFO o.a.j.t.JMeterThread: Thread finished: Agent search 2-112
2026-10-09 08:39:55,254 INFO o.a.j.t.JMeterThread: Thread is done: Ticket intake 1-18
2026-10-09 08:39:55,254 INFO o.a.j.t.JMeterThread: Thread finished: Ticket intake 1-18
2026-10-09 08:39:55,358 INFO o.a.j.t.JMeterThread: Thread started: Agent search 2-113
2026-10-09 08:39:55,562 INFO o.a.j.t.JMeterThread: Thread is done: Agent search 2-113
2026-10-09 08:39:55,562 INFO o.a.j.t.JMeterThread: Thread finished: Agent search 2-113
2026-10-09 08:40:00,299 INFO o.a.j.t.JMeterThread: Thread started: Agent search 2-114
2026-10-09 08:40:00,476 INFO o.a.j.r.Summariser: summary +     11 in 00:00:28 =    0.4/s Avg:  2558 Min:   164 Max: 13280 Err:     0 (0.00%) Active: 2 Started: 133 Finished: 131
2026-10-09 08:40:00,477 INFO o.a.j.r.Summariser: summary =    132 in 00:07:38 =    0.3/s Avg:  1745 Min:    67 Max: 14637 Err:     0 (0.00%)
2026-10-09 08:40:00,477 INFO o.a.j.t.JMeterThread: Thread is done: Agent search 2-114
2026-10-09 08:40:00,477 INFO o.a.j.t.JMeterThread: Thread finished: Agent search 2-114
2026-10-09 08:40:01,212 INFO o.a.j.t.JMeterThread: Thread started: Agent search 2-115
2026-10-09 08:40:01,398 INFO o.a.j.t.JMeterThread: Thread is done: Agent search 2-115
2026-10-09 08:40:01,398 INFO o.a.j.t.JMeterThread: Thread finished: Agent search 2-115
2026-10-09 08:40:03,554 INFO o.a.j.t.JMeterThread: Thread started: Agent search 2-116
2026-10-09 08:40:03,753 INFO o.a.j.t.JMeterThread: Thread is done: Agent search 2-116
2026-10-09 08:40:03,753 INFO o.a.j.t.JMeterThread: Thread finished: Agent search 2-116
2026-10-09 08:40:04,382 INFO o.a.j.t.JMeterThread: Thread started: Agent search 2-117
2026-10-09 08:40:04,772 INFO o.a.j.t.JMeterThread: Thread is done: Agent search 2-117
2026-10-09 08:40:04,772 INFO o.a.j.t.JMeterThread: Thread finished: Agent search 2-117
2026-10-09 08:40:07,440 INFO o.a.j.t.JMeterThread: Thread is done: Ticket intake 1-19
2026-10-09 08:40:07,440 INFO o.a.j.t.JMeterThread: Thread finished: Ticket intake 1-19
2026-10-09 08:40:13,174 INFO o.a.j.t.JMeterThread: Thread started: Agent search 2-118
2026-10-09 08:40:13,380 INFO o.a.j.t.JMeterThread: Thread is done: Agent search 2-118
2026-10-09 08:40:13,380 INFO o.a.j.t.JMeterThread: Thread finished: Agent search 2-118
2026-10-09 08:40:14,118 INFO o.a.j.t.JMeterThread: Thread started: Agent search 2-119
2026-10-09 08:40:14,301 INFO o.a.j.t.JMeterThread: Thread is done: Agent search 2-119
2026-10-09 08:40:14,301 INFO o.a.j.t.JMeterThread: Thread finished: Agent search 2-119
2026-10-09 08:40:15,492 INFO o.a.j.t.JMeterThread: Thread started: Agent search 2-120
2026-10-09 08:40:15,733 INFO o.a.j.t.JMeterThread: Thread is done: Agent search 2-120
2026-10-09 08:40:15,733 INFO o.a.j.t.JMeterThread: Thread finished: Agent search 2-120
2026-10-09 08:40:21,031 INFO o.a.j.t.JMeterThread: Thread started: Agent search 2-121
2026-10-09 08:40:21,264 INFO o.a.j.t.JMeterThread: Thread is done: Agent search 2-121
2026-10-09 08:40:21,264 INFO o.a.j.t.JMeterThread: Thread finished: Agent search 2-121
2026-10-09 08:40:26,199 INFO o.a.j.t.JMeterThread: Thread started: Agent search 2-122
2026-10-09 08:40:26,491 INFO o.a.j.t.JMeterThread: Thread is done: Agent search 2-122
2026-10-09 08:40:26,491 INFO o.a.j.t.JMeterThread: Thread finished: Agent search 2-122
2026-10-09 08:40:28,707 INFO o.a.j.t.JMeterThread: Thread started: Agent search 2-123
2026-10-09 08:40:28,944 INFO o.a.j.t.JMeterThread: Thread is done: Agent search 2-123
2026-10-09 08:40:28,944 INFO o.a.j.t.JMeterThread: Thread finished: Agent search 2-123
2026-10-09 08:40:30,202 INFO o.a.j.t.JMeterThread: Thread started: Ticket intake 1-20
2026-10-09 08:40:36,278 INFO o.a.j.t.JMeterThread: Thread started: Agent search 2-124
2026-10-09 08:40:36,368 INFO o.a.j.t.JMeterThread: Thread is done: Agent search 2-124
2026-10-09 08:40:36,368 INFO o.a.j.t.JMeterThread: Thread finished: Agent search 2-124
2026-10-09 08:40:37,549 INFO o.a.j.t.JMeterThread: Thread started: Agent search 2-125
2026-10-09 08:40:37,853 INFO o.a.j.t.JMeterThread: Thread is done: Agent search 2-125
2026-10-09 08:40:37,853 INFO o.a.j.t.JMeterThread: Thread finished: Agent search 2-125
2026-10-09 08:40:43,781 INFO o.a.j.t.JMeterThread: Thread is done: Ticket intake 1-20
2026-10-09 08:40:43,781 INFO o.a.j.t.JMeterThread: Thread finished: Ticket intake 1-20
2026-10-09 08:40:43,980 INFO o.a.j.t.JMeterThread: Thread started: Agent search 2-126
2026-10-09 08:40:44,201 INFO o.a.j.t.JMeterThread: Thread is done: Agent search 2-126
2026-10-09 08:40:44,201 INFO o.a.j.t.JMeterThread: Thread finished: Agent search 2-126
2026-10-09 08:40:44,995 INFO o.a.j.t.JMeterThread: Thread started: Agent search 2-127
2026-10-09 08:40:45,225 INFO o.a.j.t.JMeterThread: Thread is done: Agent search 2-127
2026-10-09 08:40:45,225 INFO o.a.j.t.JMeterThread: Thread finished: Agent search 2-127
2026-10-09 08:40:48,365 INFO o.a.j.t.JMeterThread: Thread started: Agent search 2-128
2026-10-09 08:40:48,605 INFO o.a.j.t.JMeterThread: Thread is done: Agent search 2-128
2026-10-09 08:40:48,605 INFO o.a.j.t.JMeterThread: Thread finished: Agent search 2-128
2026-10-09 08:40:50,497 INFO o.a.j.t.JMeterThread: Thread started: Agent search 2-129
2026-10-09 08:40:50,754 INFO o.a.j.t.JMeterThread: Thread is done: Agent search 2-129
2026-10-09 08:40:50,754 INFO o.a.j.t.JMeterThread: Thread finished: Agent search 2-129
2026-10-09 08:40:52,723 INFO o.a.j.t.JMeterThread: Thread started: Agent search 2-130
2026-10-09 08:40:52,906 INFO o.a.j.t.JMeterThread: Thread is done: Agent search 2-130
2026-10-09 08:40:52,906 INFO o.a.j.t.JMeterThread: Thread finished: Agent search 2-130
2026-10-09 08:40:53,769 INFO o.a.j.t.JMeterThread: Thread started: Ticket intake 1-21
2026-10-09 08:41:01,152 INFO o.a.j.t.JMeterThread: Thread started: Agent search 2-131
2026-10-09 08:41:01,405 INFO o.a.j.r.Summariser: summary +     19 in 00:01:01 =    0.3/s Avg:  2054 Min:    88 Max: 21543 Err:     0 (0.00%) Active: 2 Started: 152 Finished: 150
2026-10-09 08:41:01,406 INFO o.a.j.r.Summariser: summary =    151 in 00:08:39 =    0.3/s Avg:  1784 Min:    67 Max: 21543 Err:     0 (0.00%)
2026-10-09 08:41:01,406 INFO o.a.j.t.JMeterThread: Thread is done: Agent search 2-131
2026-10-09 08:41:01,406 INFO o.a.j.t.JMeterThread: Thread finished: Agent search 2-131
2026-10-09 08:41:03,940 INFO o.a.j.t.JMeterThread: Thread started: Agent search 2-132
2026-10-09 08:41:04,170 INFO o.a.j.t.JMeterThread: Thread is done: Agent search 2-132
2026-10-09 08:41:04,170 INFO o.a.j.t.JMeterThread: Thread finished: Agent search 2-132
2026-10-09 08:41:04,974 INFO o.a.j.t.JMeterThread: Thread started: Ticket intake 1-22
2026-10-09 08:41:07,754 INFO o.a.j.t.JMeterThread: Thread is done: Ticket intake 1-21
2026-10-09 08:41:07,754 INFO o.a.j.t.JMeterThread: Thread finished: Ticket intake 1-21
2026-10-09 08:41:09,557 INFO o.a.j.t.JMeterThread: Thread started: Agent search 2-133
2026-10-09 08:41:09,904 INFO o.a.j.t.JMeterThread: Thread is done: Agent search 2-133
2026-10-09 08:41:09,904 INFO o.a.j.t.JMeterThread: Thread finished: Agent search 2-133
2026-10-09 08:41:17,788 INFO o.a.j.t.JMeterThread: Thread is done: Ticket intake 1-22
2026-10-09 08:41:17,788 INFO o.a.j.t.JMeterThread: Thread finished: Ticket intake 1-22
2026-10-09 08:41:24,307 INFO o.a.j.t.JMeterThread: Thread started: Ticket intake 1-23
2026-10-09 08:41:29,257 INFO o.a.j.t.JMeterThread: Thread started: Agent search 2-134
2026-10-09 08:41:29,463 INFO o.a.j.t.JMeterThread: Thread is done: Agent search 2-134
2026-10-09 08:41:29,463 INFO o.a.j.t.JMeterThread: Thread finished: Agent search 2-134
2026-10-09 08:41:35,625 INFO o.a.j.r.Summariser: summary +      6 in 00:00:34 =    0.2/s Avg:  6481 Min:   204 Max: 13983 Err:     0 (0.00%) Active: 1 Started: 157 Finished: 156
2026-10-09 08:41:35,625 INFO o.a.j.r.Summariser: summary =    157 in 00:09:14 =    0.3/s Avg:  1963 Min:    67 Max: 21543 Err:     0 (0.00%)
2026-10-09 08:41:35,625 INFO o.a.j.t.JMeterThread: Thread is done: Ticket intake 1-23
2026-10-09 08:41:35,625 INFO o.a.j.t.JMeterThread: Thread finished: Ticket intake 1-23
2026-10-09 08:41:39,486 INFO o.a.j.t.JMeterThread: Thread started: Ticket intake 1-24
2026-10-09 08:41:49,542 INFO o.a.j.t.JMeterThread: Thread started: Agent search 2-135
2026-10-09 08:41:49,738 INFO o.a.j.t.JMeterThread: Thread is done: Ticket intake 1-24
2026-10-09 08:41:49,738 INFO o.a.j.t.JMeterThread: Thread finished: Ticket intake 1-24
2026-10-09 08:41:49,813 INFO o.a.j.t.JMeterThread: Thread is done: Agent search 2-135
2026-10-09 08:41:49,813 INFO o.a.j.t.JMeterThread: Thread finished: Agent search 2-135
2026-10-09 08:41:54,424 INFO o.a.j.t.JMeterThread: Thread started: Agent search 2-136
2026-10-09 08:41:54,653 INFO o.a.j.t.JMeterThread: Thread is done: Agent search 2-136
2026-10-09 08:41:54,653 INFO o.a.j.t.JMeterThread: Thread finished: Agent search 2-136
2026-10-09 08:41:55,418 INFO o.a.j.t.JMeterThread: Thread started: Ticket intake 1-25
2026-10-09 08:41:57,683 INFO o.a.j.t.JMeterThread: Thread started: Agent search 2-137
2026-10-09 08:41:57,931 INFO o.a.j.t.JMeterThread: Thread is done: Agent search 2-137
2026-10-09 08:41:57,931 INFO o.a.j.t.JMeterThread: Thread finished: Agent search 2-137
2026-10-09 08:42:05,815 INFO o.a.j.r.Summariser: summary +      5 in 00:00:30 =    0.2/s Avg:  4278 Min:   228 Max: 10396 Err:     0 (0.00%) Active: 1 Started: 162 Finished: 161
2026-10-09 08:42:05,815 INFO o.a.j.r.Summariser: summary =    162 in 00:09:44 =    0.3/s Avg:  2035 Min:    67 Max: 21543 Err:     0 (0.00%)
2026-10-09 08:42:05,815 INFO o.a.j.t.JMeterThread: Thread is done: Ticket intake 1-25
2026-10-09 08:42:05,815 INFO o.a.j.t.JMeterThread: Thread finished: Ticket intake 1-25
2026-10-09 08:42:08,763 INFO o.a.j.t.JMeterThread: Thread started: Agent search 2-138
2026-10-09 08:42:08,989 INFO o.a.j.t.JMeterThread: Thread is done: Agent search 2-138
2026-10-09 08:42:08,989 INFO o.a.j.t.JMeterThread: Thread finished: Agent search 2-138
2026-10-09 08:42:12,451 INFO o.a.j.t.JMeterThread: Thread started: Agent search 2-139
2026-10-09 08:42:12,620 INFO o.a.j.t.JMeterThread: Thread is done: Agent search 2-139
2026-10-09 08:42:12,620 INFO o.a.j.t.JMeterThread: Thread finished: Agent search 2-139
2026-10-09 08:42:13,858 INFO o.a.j.t.JMeterThread: Thread started: Ticket intake 1-26
2026-10-09 08:42:15,491 INFO o.a.j.t.JMeterThread: Thread started: Ticket intake 1-27
2026-10-09 08:42:18,186 INFO o.a.j.t.JMeterThread: Thread started: Ticket intake 1-28
2026-10-09 08:42:22,097 INFO o.a.j.t.JMeterThread: Thread is done: Ticket intake 1-26
2026-10-09 08:42:22,097 INFO o.a.j.t.JMeterThread: Thread finished: Ticket intake 1-26
2026-10-09 08:42:22,105 INFO o.a.j.t.JMeterThread: Thread started: Ticket intake 1-29
2026-10-09 08:42:27,916 INFO o.a.j.t.JMeterThread: Thread started: Agent search 2-140
2026-10-09 08:42:28,240 INFO o.a.j.t.JMeterThread: Thread is done: Agent search 2-140
2026-10-09 08:42:28,240 INFO o.a.j.t.JMeterThread: Thread finished: Agent search 2-140
2026-10-09 08:42:28,443 INFO o.a.j.t.JMeterThread: Thread started: Ticket intake 1-30
2026-10-09 08:42:31,722 INFO o.a.j.r.Summariser: summary +      5 in 00:00:26 =    0.2/s Avg:  5036 Min:   168 Max: 16230 Err:     0 (0.00%) Active: 4 Started: 170 Finished: 166
2026-10-09 08:42:31,722 INFO o.a.j.r.Summariser: summary =    167 in 00:10:10 =    0.3/s Avg:  2125 Min:    67 Max: 21543 Err:     0 (0.00%)
2026-10-09 08:42:31,723 INFO o.a.j.t.JMeterThread: Thread is done: Ticket intake 1-27
2026-10-09 08:42:31,723 INFO o.a.j.t.JMeterThread: Thread finished: Ticket intake 1-27
2026-10-09 08:42:36,759 INFO o.a.j.t.JMeterThread: Thread started: Agent search 2-141
2026-10-09 08:42:36,945 INFO o.a.j.t.JMeterThread: Thread is done: Agent search 2-141
2026-10-09 08:42:36,945 INFO o.a.j.t.JMeterThread: Thread finished: Agent search 2-141
2026-10-09 08:42:41,287 INFO o.a.j.t.JMeterThread: Thread started: Agent search 2-142
2026-10-09 08:42:41,526 INFO o.a.j.t.JMeterThread: Thread is done: Agent search 2-142
2026-10-09 08:42:41,526 INFO o.a.j.t.JMeterThread: Thread finished: Agent search 2-142
2026-10-09 08:42:44,169 INFO o.a.j.t.JMeterThread: Thread is done: Ticket intake 1-28
2026-10-09 08:42:44,169 INFO o.a.j.t.JMeterThread: Thread finished: Ticket intake 1-28
2026-10-09 08:42:44,998 INFO o.a.j.t.JMeterThread: Thread started: Agent search 2-143
2026-10-09 08:42:45,101 INFO o.a.j.t.JMeterThread: Thread is done: Agent search 2-143
2026-10-09 08:42:45,101 INFO o.a.j.t.JMeterThread: Thread finished: Agent search 2-143
2026-10-09 08:42:45,642 INFO o.a.j.t.JMeterThread: Thread started: Agent search 2-144
2026-10-09 08:42:45,738 INFO o.a.j.t.JMeterThread: Thread is done: Agent search 2-144
2026-10-09 08:42:45,738 INFO o.a.j.t.JMeterThread: Thread finished: Agent search 2-144
2026-10-09 08:42:48,309 INFO o.a.j.t.JMeterThread: Thread started: Ticket intake 1-31
2026-10-09 08:42:50,951 INFO o.a.j.t.JMeterThread: Thread started: Agent search 2-145
2026-10-09 08:42:51,079 INFO o.a.j.t.JMeterThread: Thread is done: Agent search 2-145
2026-10-09 08:42:51,079 INFO o.a.j.t.JMeterThread: Thread finished: Agent search 2-145
2026-10-09 08:42:54,136 INFO o.a.j.t.JMeterThread: Thread started: Agent search 2-146
2026-10-09 08:42:54,228 INFO o.a.j.t.JMeterThread: Thread is done: Agent search 2-146
2026-10-09 08:42:54,228 INFO o.a.j.t.JMeterThread: Thread finished: Agent search 2-146
2026-10-09 08:42:56,388 INFO o.a.j.t.JMeterThread: Thread is done: Ticket intake 1-29
2026-10-09 08:42:56,388 INFO o.a.j.t.JMeterThread: Thread finished: Ticket intake 1-29
2026-10-09 08:42:59,853 INFO o.a.j.t.JMeterThread: Thread started: Agent search 2-147
2026-10-09 08:42:59,957 INFO o.a.j.t.JMeterThread: Thread is done: Agent search 2-147
2026-10-09 08:42:59,957 INFO o.a.j.t.JMeterThread: Thread finished: Agent search 2-147
2026-10-09 08:43:03,024 INFO o.a.j.t.JMeterThread: Thread started: Agent search 2-148
2026-10-09 08:43:03,172 INFO o.a.j.r.Summariser: summary +     10 in 00:00:31 =    0.3/s Avg:  6135 Min:    91 Max: 34283 Err:     0 (0.00%) Active: 3 Started: 179 Finished: 176
2026-10-09 08:43:03,173 INFO o.a.j.r.Summariser: summary =    177 in 00:10:41 =    0.3/s Avg:  2351 Min:    67 Max: 34283 Err:     0 (0.00%)
2026-10-09 08:43:03,173 INFO o.a.j.t.JMeterThread: Thread is done: Agent search 2-148
2026-10-09 08:43:03,173 INFO o.a.j.t.JMeterThread: Thread finished: Agent search 2-148
2026-10-09 08:43:03,712 INFO o.a.j.t.JMeterThread: Thread started: Agent search 2-149
2026-10-09 08:43:03,823 INFO o.a.j.t.JMeterThread: Thread is done: Agent search 2-149
2026-10-09 08:43:03,823 INFO o.a.j.t.JMeterThread: Thread finished: Agent search 2-149
2026-10-09 08:43:03,932 INFO o.a.j.t.JMeterThread: Thread started: Agent search 2-150
2026-10-09 08:43:04,045 INFO o.a.j.t.JMeterThread: Thread is done: Agent search 2-150
2026-10-09 08:43:04,045 INFO o.a.j.t.JMeterThread: Thread finished: Agent search 2-150
2026-10-09 08:43:07,017 INFO o.a.j.t.JMeterThread: Thread is done: Ticket intake 1-30
2026-10-09 08:43:07,017 INFO o.a.j.t.JMeterThread: Thread finished: Ticket intake 1-30
2026-10-09 08:43:07,677 INFO o.a.j.t.JMeterThread: Thread started: Agent search 2-151
2026-10-09 08:43:07,771 INFO o.a.j.t.JMeterThread: Thread is done: Agent search 2-151
2026-10-09 08:43:07,771 INFO o.a.j.t.JMeterThread: Thread finished: Agent search 2-151
2026-10-09 08:43:12,193 INFO o.a.j.t.JMeterThread: Thread started: Agent search 2-152
2026-10-09 08:43:12,288 INFO o.a.j.t.JMeterThread: Thread is done: Agent search 2-152
2026-10-09 08:43:12,288 INFO o.a.j.t.JMeterThread: Thread finished: Agent search 2-152
2026-10-09 08:43:12,927 INFO o.a.j.t.JMeterThread: Thread started: Agent search 2-153
2026-10-09 08:43:13,054 INFO o.a.j.t.JMeterThread: Thread is done: Agent search 2-153
2026-10-09 08:43:13,054 INFO o.a.j.t.JMeterThread: Thread finished: Agent search 2-153
2026-10-09 08:43:18,324 INFO o.a.j.t.JMeterThread: Thread is done: Ticket intake 1-31
2026-10-09 08:43:18,324 INFO o.a.j.t.JMeterThread: Thread finished: Ticket intake 1-31
2026-10-09 08:43:30,445 INFO o.a.j.t.JMeterThread: Thread started: Agent search 2-154
2026-10-09 08:43:30,554 INFO o.a.j.r.Summariser: summary +      8 in 00:00:27 =    0.3/s Avg:  8653 Min:    90 Max: 38573 Err:     0 (0.00%) Active: 1 Started: 185 Finished: 184
2026-10-09 08:43:30,555 INFO o.a.j.r.Summariser: summary =    185 in 00:11:09 =    0.3/s Avg:  2624 Min:    67 Max: 38573 Err:     0 (0.00%)
2026-10-09 08:43:30,555 INFO o.a.j.t.JMeterThread: Thread is done: Agent search 2-154
2026-10-09 08:43:30,555 INFO o.a.j.t.JMeterThread: Thread finished: Agent search 2-154
2026-10-09 08:43:38,033 INFO o.a.j.t.JMeterThread: Thread started: Agent search 2-155
2026-10-09 08:43:38,128 INFO o.a.j.t.JMeterThread: Thread is done: Agent search 2-155
2026-10-09 08:43:38,128 INFO o.a.j.t.JMeterThread: Thread finished: Agent search 2-155
2026-10-09 08:43:39,200 INFO o.a.j.t.JMeterThread: Thread started: Agent search 2-156
2026-10-09 08:43:39,298 INFO o.a.j.t.JMeterThread: Thread is done: Agent search 2-156
2026-10-09 08:43:39,298 INFO o.a.j.t.JMeterThread: Thread finished: Agent search 2-156
2026-10-09 08:43:39,448 INFO o.a.j.t.JMeterThread: Thread started: Agent search 2-157
2026-10-09 08:43:39,540 INFO o.a.j.t.JMeterThread: Thread is done: Agent search 2-157
2026-10-09 08:43:39,540 INFO o.a.j.t.JMeterThread: Thread finished: Agent search 2-157
2026-10-09 08:43:45,016 INFO o.a.j.t.JMeterThread: Thread started: Agent search 2-158
2026-10-09 08:43:45,084 INFO o.a.j.t.JMeterThread: Thread started: Agent search 2-159
2026-10-09 08:43:45,151 INFO o.a.j.t.JMeterThread: Thread is done: Agent search 2-158
2026-10-09 08:43:45,152 INFO o.a.j.t.JMeterThread: Thread finished: Agent search 2-158
2026-10-09 08:43:45,182 INFO o.a.j.t.JMeterThread: Thread is done: Agent search 2-159
2026-10-09 08:43:45,182 INFO o.a.j.t.JMeterThread: Thread finished: Agent search 2-159
2026-10-09 08:43:48,797 INFO o.a.j.t.JMeterThread: Thread started: Agent search 2-160
2026-10-09 08:43:48,891 INFO o.a.j.t.JMeterThread: Thread is done: Agent search 2-160
2026-10-09 08:43:48,891 INFO o.a.j.t.JMeterThread: Thread finished: Agent search 2-160
2026-10-09 08:43:50,909 INFO o.a.j.t.JMeterThread: Thread started: Ticket intake 1-32
2026-10-09 08:43:52,627 INFO o.a.j.t.JMeterThread: Thread started: Agent search 2-161
2026-10-09 08:43:52,700 INFO o.a.j.t.JMeterThread: Thread started: Agent search 2-162
2026-10-09 08:43:52,735 INFO o.a.j.t.JMeterThread: Thread is done: Agent search 2-161
2026-10-09 08:43:52,735 INFO o.a.j.t.JMeterThread: Thread finished: Agent search 2-161
2026-10-09 08:43:52,802 INFO o.a.j.t.JMeterThread: Thread is done: Agent search 2-162
2026-10-09 08:43:52,802 INFO o.a.j.t.JMeterThread: Thread finished: Agent search 2-162
2026-10-09 08:43:54,751 INFO o.a.j.t.JMeterThread: Thread started: Ticket intake 1-33
2026-10-09 08:43:57,082 INFO o.a.j.t.JMeterThread: Thread started: Agent search 2-163
2026-10-09 08:43:57,201 INFO o.a.j.t.JMeterThread: Thread is done: Agent search 2-163
2026-10-09 08:43:57,201 INFO o.a.j.t.JMeterThread: Thread finished: Agent search 2-163
2026-10-09 08:43:57,662 INFO o.a.j.t.JMeterThread: Thread started: Agent search 2-164
2026-10-09 08:43:57,749 INFO o.a.j.t.JMeterThread: Thread is done: Agent search 2-164
2026-10-09 08:43:57,749 INFO o.a.j.t.JMeterThread: Thread finished: Agent search 2-164
2026-10-09 08:43:57,853 INFO o.a.j.t.JMeterThread: Thread started: Agent search 2-165
2026-10-09 08:43:57,963 INFO o.a.j.t.JMeterThread: Thread is done: Agent search 2-165
2026-10-09 08:43:57,963 INFO o.a.j.t.JMeterThread: Thread finished: Agent search 2-165
2026-10-09 08:43:59,098 INFO o.a.j.t.JMeterThread: Thread is done: Ticket intake 1-32
2026-10-09 08:43:59,098 INFO o.a.j.t.JMeterThread: Thread finished: Ticket intake 1-32
2026-10-09 08:44:00,758 INFO o.a.j.t.JMeterThread: Thread started: Ticket intake 1-34
2026-10-09 08:44:07,002 INFO o.a.j.t.JMeterThread: Thread started: Ticket intake 1-35
2026-10-09 08:44:07,746 INFO o.a.j.t.JMeterThread: Thread is done: Ticket intake 1-33
2026-10-09 08:44:07,746 INFO o.a.j.t.JMeterThread: Thread finished: Ticket intake 1-33
2026-10-09 08:44:09,476 INFO o.a.j.t.JMeterThread: Thread started: Agent search 2-166
2026-10-09 08:44:09,582 INFO o.a.j.t.JMeterThread: Thread is done: Agent search 2-166
2026-10-09 08:44:09,582 INFO o.a.j.t.JMeterThread: Thread finished: Agent search 2-166
2026-10-09 08:44:10,369 INFO o.a.j.t.JMeterThread: Thread started: Agent search 2-167
2026-10-09 08:44:10,483 INFO o.a.j.t.JMeterThread: Thread is done: Agent search 2-167
2026-10-09 08:44:10,483 INFO o.a.j.t.JMeterThread: Thread finished: Agent search 2-167
2026-10-09 08:44:11,755 INFO o.a.j.t.JMeterThread: Thread started: Agent search 2-168
2026-10-09 08:44:11,867 INFO o.a.j.t.JMeterThread: Thread is done: Agent search 2-168
2026-10-09 08:44:11,867 INFO o.a.j.t.JMeterThread: Thread finished: Agent search 2-168
2026-10-09 08:44:14,708 INFO o.a.j.t.JMeterThread: Thread started: Agent search 2-169
2026-10-09 08:44:14,825 INFO o.a.j.t.JMeterThread: Thread is done: Agent search 2-169
2026-10-09 08:44:14,825 INFO o.a.j.t.JMeterThread: Thread finished: Agent search 2-169
2026-10-09 08:44:15,236 INFO o.a.j.t.JMeterThread: Thread is done: Ticket intake 1-34
2026-10-09 08:44:15,236 INFO o.a.j.t.JMeterThread: Thread finished: Ticket intake 1-34
2026-10-09 08:44:20,376 INFO o.a.j.t.JMeterThread: Thread started: Agent search 2-170
2026-10-09 08:44:20,557 INFO o.a.j.t.JMeterThread: Thread is done: Agent search 2-170
2026-10-09 08:44:20,557 INFO o.a.j.t.JMeterThread: Thread finished: Agent search 2-170
2026-10-09 08:44:22,076 INFO o.a.j.t.JMeterThread: Thread is done: Ticket intake 1-35
2026-10-09 08:44:22,077 INFO o.a.j.t.JMeterThread: Thread finished: Ticket intake 1-35
2026-10-09 08:44:23,927 INFO o.a.j.t.JMeterThread: Thread started: Agent search 2-171
2026-10-09 08:44:24,038 INFO o.a.j.t.JMeterThread: Thread is done: Agent search 2-171
2026-10-09 08:44:24,038 INFO o.a.j.t.JMeterThread: Thread finished: Agent search 2-171
2026-10-09 08:44:25,012 INFO o.a.j.t.JMeterThread: Thread started: Ticket intake 1-36
2026-10-09 08:44:31,758 INFO o.a.j.t.JMeterThread: Thread started: Agent search 2-172
2026-10-09 08:44:31,869 INFO o.a.j.r.Summariser: summary +     22 in 00:01:01 =    0.4/s Avg:  2395 Min:    87 Max: 15074 Err:     0 (0.00%) Active: 2 Started: 208 Finished: 206
2026-10-09 08:44:31,870 INFO o.a.j.r.Summariser: summary =    207 in 00:12:10 =    0.3/s Avg:  2599 Min:    67 Max: 38573 Err:     0 (0.00%)
2026-10-09 08:44:31,870 INFO o.a.j.t.JMeterThread: Thread is done: Agent search 2-172
2026-10-09 08:44:31,870 INFO o.a.j.t.JMeterThread: Thread finished: Agent search 2-172
2026-10-09 08:44:32,251 INFO o.a.j.t.JMeterThread: Thread started: Agent search 2-173
2026-10-09 08:44:32,360 INFO o.a.j.t.JMeterThread: Thread is done: Ticket intake 1-36
2026-10-09 08:44:32,360 INFO o.a.j.t.JMeterThread: Thread finished: Ticket intake 1-36
2026-10-09 08:44:32,377 INFO o.a.j.t.JMeterThread: Thread is done: Agent search 2-173
2026-10-09 08:44:32,377 INFO o.a.j.t.JMeterThread: Thread finished: Agent search 2-173
2026-10-09 08:44:32,435 INFO o.a.j.t.JMeterThread: Thread started: Agent search 2-174
2026-10-09 08:44:32,514 INFO o.a.j.t.JMeterThread: Thread is done: Agent search 2-174
2026-10-09 08:44:32,514 INFO o.a.j.t.JMeterThread: Thread finished: Agent search 2-174
2026-10-09 08:44:34,443 INFO o.a.j.t.JMeterThread: Thread started: Agent search 2-175
2026-10-09 08:44:34,563 INFO o.a.j.t.JMeterThread: Thread is done: Agent search 2-175
2026-10-09 08:44:34,563 INFO o.a.j.t.JMeterThread: Thread finished: Agent search 2-175
2026-10-09 08:44:35,356 INFO o.a.j.t.JMeterThread: Thread started: Agent search 2-176
2026-10-09 08:44:35,452 INFO o.a.j.t.JMeterThread: Thread is done: Agent search 2-176
2026-10-09 08:44:35,452 INFO o.a.j.t.JMeterThread: Thread finished: Agent search 2-176
2026-10-09 08:44:51,255 INFO o.a.j.t.JMeterThread: Thread started: Agent search 2-177
2026-10-09 08:44:51,600 INFO o.a.j.t.JMeterThread: Thread is done: Agent search 2-177
2026-10-09 08:44:51,600 INFO o.a.j.t.JMeterThread: Thread finished: Agent search 2-177
2026-10-09 08:44:55,841 INFO o.a.j.t.JMeterThread: Thread started: Agent search 2-178
2026-10-09 08:44:55,942 INFO o.a.j.t.JMeterThread: Thread is done: Agent search 2-178
2026-10-09 08:44:55,942 INFO o.a.j.t.JMeterThread: Thread finished: Agent search 2-178
2026-10-09 08:45:06,427 INFO o.a.j.t.JMeterThread: Thread started: Ticket intake 1-37
2026-10-09 08:45:06,906 INFO o.a.j.t.JMeterThread: Thread started: Agent search 2-179
2026-10-09 08:45:07,166 INFO o.a.j.t.JMeterThread: Thread is done: Agent search 2-179
2026-10-09 08:45:07,166 INFO o.a.j.t.JMeterThread: Thread finished: Agent search 2-179
2026-10-09 08:45:12,182 INFO o.a.j.t.JMeterThread: Thread started: Agent search 2-180
2026-10-09 08:45:12,388 INFO o.a.j.t.JMeterThread: Thread is done: Agent search 2-180
2026-10-09 08:45:12,388 INFO o.a.j.t.JMeterThread: Thread finished: Agent search 2-180
2026-10-09 08:45:13,886 INFO o.a.j.t.JMeterThread: Thread started: Agent search 2-181
2026-10-09 08:45:14,026 INFO o.a.j.t.JMeterThread: Thread is done: Agent search 2-181
2026-10-09 08:45:14,026 INFO o.a.j.t.JMeterThread: Thread finished: Agent search 2-181
2026-10-09 08:45:14,509 INFO o.a.j.t.JMeterThread: Thread started: Ticket intake 1-38
2026-10-09 08:45:15,050 INFO o.a.j.t.JMeterThread: Thread is done: Ticket intake 1-37
2026-10-09 08:45:15,050 INFO o.a.j.t.JMeterThread: Thread finished: Ticket intake 1-37
2026-10-09 08:45:19,492 INFO o.a.j.t.JMeterThread: Thread started: Agent search 2-182
2026-10-09 08:45:19,536 INFO o.a.j.t.JMeterThread: Thread started: Agent search 2-183
2026-10-09 08:45:19,619 INFO o.a.j.t.JMeterThread: Thread is done: Agent search 2-182
2026-10-09 08:45:19,619 INFO o.a.j.t.JMeterThread: Thread finished: Agent search 2-182
2026-10-09 08:45:19,655 INFO o.a.j.t.JMeterThread: Thread is done: Agent search 2-183
2026-10-09 08:45:19,655 INFO o.a.j.t.JMeterThread: Thread finished: Agent search 2-183
2026-10-09 08:45:25,187 INFO o.a.j.t.JMeterThread: Thread is done: Ticket intake 1-38
2026-10-09 08:45:25,187 INFO o.a.j.t.JMeterThread: Thread finished: Ticket intake 1-38
2026-10-09 08:45:31,993 INFO o.a.j.t.JMeterThread: Thread started: Agent search 2-184
2026-10-09 08:45:32,153 INFO o.a.j.r.Summariser: summary +     15 in 00:01:00 =    0.2/s Avg:  1900 Min:    78 Max: 10677 Err:     0 (0.00%) Active: 1 Started: 222 Finished: 221
2026-10-09 08:45:32,153 INFO o.a.j.r.Summariser: summary =    222 in 00:13:10 =    0.3/s Avg:  2552 Min:    67 Max: 38573 Err:     0 (0.00%)
2026-10-09 08:45:32,153 INFO o.a.j.t.JMeterThread: Thread is done: Agent search 2-184
2026-10-09 08:45:32,153 INFO o.a.j.t.JMeterThread: Thread finished: Agent search 2-184
2026-10-09 08:45:37,819 INFO o.a.j.t.JMeterThread: Thread started: Agent search 2-185
2026-10-09 08:45:38,091 INFO o.a.j.t.JMeterThread: Thread is done: Agent search 2-185
2026-10-09 08:45:38,091 INFO o.a.j.t.JMeterThread: Thread finished: Agent search 2-185
2026-10-09 08:45:38,300 INFO o.a.j.t.JMeterThread: Thread started: Agent search 2-186
2026-10-09 08:45:38,501 INFO o.a.j.t.JMeterThread: Thread is done: Agent search 2-186
2026-10-09 08:45:38,501 INFO o.a.j.t.JMeterThread: Thread finished: Agent search 2-186
2026-10-09 08:45:42,136 INFO o.a.j.t.JMeterThread: Thread started: Ticket intake 1-39
2026-10-09 08:45:48,580 INFO o.a.j.t.JMeterThread: Thread started: Ticket intake 1-40
2026-10-09 08:45:49,014 INFO o.a.j.t.JMeterThread: Thread started: Agent search 2-187
2026-10-09 08:45:49,355 INFO o.a.j.t.JMeterThread: Thread is done: Agent search 2-187
2026-10-09 08:45:49,355 INFO o.a.j.t.JMeterThread: Thread finished: Agent search 2-187
2026-10-09 08:45:55,499 INFO o.a.j.t.JMeterThread: Thread is done: Ticket intake 1-39
2026-10-09 08:45:55,499 INFO o.a.j.t.JMeterThread: Thread finished: Ticket intake 1-39
2026-10-09 08:45:56,185 INFO o.a.j.t.JMeterThread: Thread started: Ticket intake 1-41
2026-10-09 08:45:58,197 INFO o.a.j.t.JMeterThread: Thread started: Ticket intake 1-42
2026-10-09 08:46:06,902 INFO o.a.j.t.JMeterThread: Thread started: Agent search 2-188
2026-10-09 08:46:07,070 INFO o.a.j.t.JMeterThread: Thread is done: Ticket intake 1-40
2026-10-09 08:46:07,070 INFO o.a.j.t.JMeterThread: Thread finished: Ticket intake 1-40
2026-10-09 08:46:07,224 INFO o.a.j.t.JMeterThread: Thread is done: Agent search 2-188
2026-10-09 08:46:07,224 INFO o.a.j.t.JMeterThread: Thread finished: Agent search 2-188
2026-10-09 08:46:07,805 INFO o.a.j.t.JMeterThread: Thread started: Agent search 2-189
2026-10-09 08:46:08,095 INFO o.a.j.t.JMeterThread: Thread is done: Agent search 2-189
2026-10-09 08:46:08,095 INFO o.a.j.t.JMeterThread: Thread finished: Agent search 2-189
2026-10-09 08:46:08,140 INFO o.a.j.t.JMeterThread: Thread started: Ticket intake 1-43
2026-10-09 08:46:09,725 INFO o.a.j.t.JMeterThread: Thread started: Agent search 2-190
2026-10-09 08:46:09,938 INFO o.a.j.t.JMeterThread: Thread is done: Agent search 2-190
2026-10-09 08:46:09,938 INFO o.a.j.t.JMeterThread: Thread finished: Agent search 2-190
2026-10-09 08:46:18,540 INFO o.a.j.t.JMeterThread: Thread is done: Ticket intake 1-41
2026-10-09 08:46:18,540 INFO o.a.j.t.JMeterThread: Thread finished: Ticket intake 1-41
2026-10-09 08:46:20,153 INFO o.a.j.t.JMeterThread: Thread started: Agent search 2-191
2026-10-09 08:46:20,383 INFO o.a.j.t.JMeterThread: Thread is done: Agent search 2-191
2026-10-09 08:46:20,383 INFO o.a.j.t.JMeterThread: Thread finished: Agent search 2-191
2026-10-09 08:46:21,132 INFO o.a.j.t.JMeterThread: Thread started: Agent search 2-192
2026-10-09 08:46:21,303 INFO o.a.j.t.JMeterThread: Thread is done: Agent search 2-192
2026-10-09 08:46:21,303 INFO o.a.j.t.JMeterThread: Thread finished: Agent search 2-192
2026-10-09 08:46:22,213 INFO o.a.j.t.JMeterThread: Thread started: Agent search 2-193
2026-10-09 08:46:22,533 INFO o.a.j.t.JMeterThread: Thread is done: Agent search 2-193
2026-10-09 08:46:22,533 INFO o.a.j.t.JMeterThread: Thread finished: Agent search 2-193
2026-10-09 08:46:24,329 INFO o.a.j.t.JMeterThread: Thread started: Agent search 2-194
2026-10-09 08:46:24,581 INFO o.a.j.t.JMeterThread: Thread is done: Agent search 2-194
2026-10-09 08:46:24,581 INFO o.a.j.t.JMeterThread: Thread finished: Agent search 2-194
2026-10-09 08:46:24,807 INFO o.a.j.t.JMeterThread: Thread started: Agent search 2-195
2026-10-09 08:46:24,990 INFO o.a.j.t.JMeterThread: Thread is done: Agent search 2-195
2026-10-09 08:46:24,990 INFO o.a.j.t.JMeterThread: Thread finished: Agent search 2-195
2026-10-09 08:46:25,838 INFO o.a.j.t.JMeterThread: Thread started: Agent search 2-196
2026-10-09 08:46:26,116 INFO o.a.j.t.JMeterThread: Thread is done: Agent search 2-196
2026-10-09 08:46:26,116 INFO o.a.j.t.JMeterThread: Thread finished: Agent search 2-196
2026-10-09 08:46:29,099 INFO o.a.j.t.JMeterThread: Thread started: Agent search 2-197
2026-10-09 08:46:29,301 INFO o.a.j.t.JMeterThread: Thread is done: Agent search 2-197
2026-10-09 08:46:29,301 INFO o.a.j.t.JMeterThread: Thread finished: Agent search 2-197
2026-10-09 08:46:30,929 INFO o.a.j.r.Summariser: summary +     17 in 00:00:59 =    0.3/s Avg:  5305 Min:   170 Max: 32731 Err:     0 (0.00%) Active: 2 Started: 240 Finished: 238
2026-10-09 08:46:30,930 INFO o.a.j.r.Summariser: summary =    239 in 00:14:09 =    0.3/s Avg:  2748 Min:    67 Max: 38573 Err:     0 (0.00%)
2026-10-09 08:46:30,930 INFO o.a.j.t.JMeterThread: Thread is done: Ticket intake 1-42
2026-10-09 08:46:30,930 INFO o.a.j.t.JMeterThread: Thread finished: Ticket intake 1-42
2026-10-09 08:46:33,834 INFO o.a.j.t.JMeterThread: Thread started: Agent search 2-198
2026-10-09 08:46:34,002 INFO o.a.j.t.JMeterThread: Thread is done: Agent search 2-198
2026-10-09 08:46:34,002 INFO o.a.j.t.JMeterThread: Thread finished: Agent search 2-198
2026-10-09 08:46:38,831 INFO o.a.j.t.JMeterThread: Thread started: Agent search 2-199
2026-10-09 08:46:39,019 INFO o.a.j.t.JMeterThread: Thread is done: Agent search 2-199
2026-10-09 08:46:39,019 INFO o.a.j.t.JMeterThread: Thread finished: Agent search 2-199
2026-10-09 08:46:44,959 INFO o.a.j.t.JMeterThread: Thread is done: Ticket intake 1-43
2026-10-09 08:46:44,959 INFO o.a.j.t.JMeterThread: Thread finished: Ticket intake 1-43
2026-10-09 08:46:49,749 INFO o.a.j.t.JMeterThread: Thread started: Agent search 2-200
2026-10-09 08:46:50,078 INFO o.a.j.t.JMeterThread: Thread is done: Agent search 2-200
2026-10-09 08:46:50,078 INFO o.a.j.t.JMeterThread: Thread finished: Agent search 2-200
2026-10-09 08:46:57,365 INFO o.a.j.t.JMeterThread: Thread started: Agent search 2-201
2026-10-09 08:46:57,527 INFO o.a.j.t.JMeterThread: Thread started: Agent search 2-202
2026-10-09 08:46:57,536 INFO o.a.j.t.JMeterThread: Thread is done: Agent search 2-201
2026-10-09 08:46:57,536 INFO o.a.j.t.JMeterThread: Thread finished: Agent search 2-201
2026-10-09 08:46:57,604 INFO o.a.j.t.JMeterThread: Thread is done: Agent search 2-202
2026-10-09 08:46:57,604 INFO o.a.j.t.JMeterThread: Thread finished: Agent search 2-202
2026-10-09 08:46:59,316 INFO o.a.j.t.JMeterThread: Thread started: Agent search 2-203
2026-10-09 08:46:59,500 INFO o.a.j.t.JMeterThread: Thread is done: Agent search 2-203
2026-10-09 08:46:59,500 INFO o.a.j.t.JMeterThread: Thread finished: Agent search 2-203
2026-10-09 08:47:07,545 INFO o.a.j.t.JMeterThread: Thread started: Agent search 2-204
2026-10-09 08:47:07,794 INFO o.a.j.t.JMeterThread: Thread is done: Agent search 2-204
2026-10-09 08:47:07,794 INFO o.a.j.t.JMeterThread: Thread finished: Agent search 2-204
2026-10-09 08:47:10,634 INFO o.a.j.t.JMeterThread: Thread started: Agent search 2-205
2026-10-09 08:47:10,858 INFO o.a.j.t.JMeterThread: Thread is done: Agent search 2-205
2026-10-09 08:47:10,858 INFO o.a.j.t.JMeterThread: Thread finished: Agent search 2-205
2026-10-09 08:47:17,799 INFO o.a.j.t.JMeterThread: Thread started: Agent search 2-206
2026-10-09 08:47:18,034 INFO o.a.j.t.JMeterThread: Thread is done: Agent search 2-206
2026-10-09 08:47:18,034 INFO o.a.j.t.JMeterThread: Thread finished: Agent search 2-206
2026-10-09 08:47:20,322 INFO o.a.j.t.JMeterThread: Thread started: Agent search 2-207
2026-10-09 08:47:20,599 INFO o.a.j.t.JMeterThread: Thread is done: Agent search 2-207
2026-10-09 08:47:20,599 INFO o.a.j.t.JMeterThread: Thread finished: Agent search 2-207
2026-10-09 08:47:22,146 INFO o.a.j.t.JMeterThread: Thread started: Agent search 2-208
2026-10-09 08:47:22,334 INFO o.a.j.t.JMeterThread: Thread is done: Agent search 2-208
2026-10-09 08:47:22,334 INFO o.a.j.t.JMeterThread: Thread finished: Agent search 2-208
2026-10-09 08:47:27,755 INFO o.a.j.t.JMeterThread: Thread started: Agent search 2-209
2026-10-09 08:47:28,069 INFO o.a.j.t.JMeterThread: Thread is done: Agent search 2-209
2026-10-09 08:47:28,069 INFO o.a.j.t.JMeterThread: Thread finished: Agent search 2-209
2026-10-09 08:47:29,888 INFO o.a.j.t.JMeterThread: Thread started: Agent search 2-210
2026-10-09 08:47:29,897 INFO o.a.j.t.JMeterThread: Thread started: Agent search 2-211
2026-10-09 08:47:30,117 INFO o.a.j.t.JMeterThread: Thread is done: Agent search 2-210
2026-10-09 08:47:30,117 INFO o.a.j.r.Summariser: summary +     14 in 00:00:59 =    0.2/s Avg:  2829 Min:    76 Max: 36817 Err:     0 (0.00%) Active: 2 Started: 254 Finished: 252
2026-10-09 08:47:30,117 INFO o.a.j.t.JMeterThread: Thread finished: Agent search 2-210
2026-10-09 08:47:30,118 INFO o.a.j.r.Summariser: summary =    253 in 00:15:08 =    0.3/s Avg:  2752 Min:    67 Max: 38573 Err:     0 (0.00%)
2026-10-09 08:47:30,118 INFO o.a.j.t.JMeterThread: Thread is done: Agent search 2-211
2026-10-09 08:47:30,118 INFO o.a.j.t.JMeterThread: Thread finished: Agent search 2-211
2026-10-09 08:47:30,242 INFO o.a.j.t.JMeterThread: Thread started: Agent search 2-212
2026-10-09 08:47:30,425 INFO o.a.j.t.JMeterThread: Thread is done: Agent search 2-212
2026-10-09 08:47:30,425 INFO o.a.j.t.JMeterThread: Thread finished: Agent search 2-212
2026-10-09 08:47:45,276 INFO o.a.j.t.JMeterThread: Thread started: Agent search 2-213
2026-10-09 08:47:45,478 INFO o.a.j.t.JMeterThread: Thread is done: Agent search 2-213
2026-10-09 08:47:45,478 INFO o.a.j.t.JMeterThread: Thread finished: Agent search 2-213
2026-10-09 08:47:53,522 INFO o.a.j.t.JMeterThread: Thread started: Ticket intake 1-44
2026-10-09 08:47:56,603 INFO o.a.j.t.JMeterThread: Thread started: Agent search 2-214
2026-10-09 08:47:56,946 INFO o.a.j.t.JMeterThread: Thread is done: Agent search 2-214
2026-10-09 08:47:56,946 INFO o.a.j.t.JMeterThread: Thread finished: Agent search 2-214
2026-10-09 08:47:57,454 INFO o.a.j.t.JMeterThread: Thread started: Agent search 2-215
2026-10-09 08:47:57,615 INFO o.a.j.t.JMeterThread: Thread is done: Agent search 2-215
2026-10-09 08:47:57,615 INFO o.a.j.t.JMeterThread: Thread finished: Agent search 2-215
2026-10-09 08:48:03,475 INFO o.a.j.t.JMeterThread: Thread started: Agent search 2-216
2026-10-09 08:48:03,705 INFO o.a.j.r.Summariser: summary +      6 in 00:00:34 =    0.2/s Avg:   223 Min:   160 Max:   342 Err:     0 (0.00%) Active: 2 Started: 260 Finished: 258
2026-10-09 08:48:03,705 INFO o.a.j.r.Summariser: summary =    259 in 00:15:42 =    0.3/s Avg:  2694 Min:    67 Max: 38573 Err:     0 (0.00%)
2026-10-09 08:48:03,705 INFO o.a.j.t.JMeterThread: Thread is done: Agent search 2-216
2026-10-09 08:48:03,705 INFO o.a.j.t.JMeterThread: Thread finished: Agent search 2-216
2026-10-09 08:48:08,531 INFO o.a.j.t.JMeterThread: Thread is done: Ticket intake 1-44
2026-10-09 08:48:08,531 INFO o.a.j.t.JMeterThread: Thread finished: Ticket intake 1-44
2026-10-09 08:48:09,952 INFO o.a.j.t.JMeterThread: Thread started: Agent search 2-217
2026-10-09 08:48:10,156 INFO o.a.j.t.JMeterThread: Thread is done: Agent search 2-217
2026-10-09 08:48:10,156 INFO o.a.j.t.JMeterThread: Thread finished: Agent search 2-217
2026-10-09 08:48:12,913 INFO o.a.j.t.JMeterThread: Thread started: Agent search 2-218
2026-10-09 08:48:13,228 INFO o.a.j.t.JMeterThread: Thread is done: Agent search 2-218
2026-10-09 08:48:13,228 INFO o.a.j.t.JMeterThread: Thread finished: Agent search 2-218
2026-10-09 08:48:17,797 INFO o.a.j.t.JMeterThread: Thread started: Agent search 2-219
2026-10-09 08:48:17,938 INFO o.a.j.t.JMeterThread: Thread is done: Agent search 2-219
2026-10-09 08:48:17,938 INFO o.a.j.t.JMeterThread: Thread finished: Agent search 2-219
2026-10-09 08:48:18,508 INFO o.a.j.t.JMeterThread: Thread started: Agent search 2-220
2026-10-09 08:48:18,758 INFO o.a.j.t.JMeterThread: Thread is done: Agent search 2-220
2026-10-09 08:48:18,758 INFO o.a.j.t.JMeterThread: Thread finished: Agent search 2-220
2026-10-09 08:48:20,125 INFO o.a.j.t.JMeterThread: Thread started: Agent search 2-221
2026-10-09 08:48:20,498 INFO o.a.j.t.JMeterThread: Thread is done: Agent search 2-221
2026-10-09 08:48:20,498 INFO o.a.j.t.JMeterThread: Thread finished: Agent search 2-221
2026-10-09 08:48:21,515 INFO o.a.j.t.JMeterThread: Thread started: Agent search 2-222
2026-10-09 08:48:21,639 INFO o.a.j.t.JMeterThread: Thread is done: Agent search 2-222
2026-10-09 08:48:21,639 INFO o.a.j.t.JMeterThread: Thread finished: Agent search 2-222
2026-10-09 08:48:25,477 INFO o.a.j.t.JMeterThread: Thread started: Ticket intake 1-45
2026-10-09 08:48:25,549 INFO o.a.j.t.JMeterThread: Thread started: Agent search 2-223
2026-10-09 08:48:25,673 INFO o.a.j.t.JMeterThread: Thread started: Agent search 2-224
2026-10-09 08:48:25,682 INFO o.a.j.t.JMeterThread: Thread is done: Agent search 2-223
2026-10-09 08:48:25,682 INFO o.a.j.t.JMeterThread: Thread finished: Agent search 2-223
2026-10-09 08:48:25,950 INFO o.a.j.t.JMeterThread: Thread is done: Agent search 2-224
2026-10-09 08:48:25,950 INFO o.a.j.t.JMeterThread: Thread finished: Agent search 2-224
2026-10-09 08:48:32,889 INFO o.a.j.r.Summariser: summary +     10 in 00:00:29 =    0.3/s Avg:  2422 Min:   123 Max: 15007 Err:     0 (0.00%) Active: 1 Started: 269 Finished: 268
2026-10-09 08:48:32,890 INFO o.a.j.r.Summariser: summary =    269 in 00:16:11 =    0.3/s Avg:  2684 Min:    67 Max: 38573 Err:     0 (0.00%)
2026-10-09 08:48:32,890 INFO o.a.j.t.JMeterThread: Thread is done: Ticket intake 1-45
2026-10-09 08:48:32,890 INFO o.a.j.t.JMeterThread: Thread finished: Ticket intake 1-45
2026-10-09 08:48:39,355 INFO o.a.j.t.JMeterThread: Thread started: Agent search 2-225
2026-10-09 08:48:39,547 INFO o.a.j.t.JMeterThread: Thread is done: Agent search 2-225
2026-10-09 08:48:39,547 INFO o.a.j.t.JMeterThread: Thread finished: Agent search 2-225
2026-10-09 08:48:39,853 INFO o.a.j.t.JMeterThread: Thread started: Ticket intake 1-46
2026-10-09 08:48:47,105 INFO o.a.j.t.JMeterThread: Thread started: Agent search 2-226
2026-10-09 08:48:47,240 INFO o.a.j.t.JMeterThread: Thread is done: Agent search 2-226
2026-10-09 08:48:47,240 INFO o.a.j.t.JMeterThread: Thread finished: Agent search 2-226
2026-10-09 08:48:48,260 INFO o.a.j.t.JMeterThread: Thread started: Agent search 2-227
2026-10-09 08:48:48,453 INFO o.a.j.t.JMeterThread: Thread is done: Agent search 2-227
2026-10-09 08:48:48,453 INFO o.a.j.t.JMeterThread: Thread finished: Agent search 2-227
2026-10-09 08:48:50,399 INFO o.a.j.t.JMeterThread: Thread is done: Ticket intake 1-46
2026-10-09 08:48:50,400 INFO o.a.j.t.JMeterThread: Thread finished: Ticket intake 1-46
2026-10-09 08:48:52,391 INFO o.a.j.t.JMeterThread: Thread started: Agent search 2-228
2026-10-09 08:48:52,551 INFO o.a.j.t.JMeterThread: Thread is done: Agent search 2-228
2026-10-09 08:48:52,551 INFO o.a.j.t.JMeterThread: Thread finished: Agent search 2-228
2026-10-09 08:48:53,731 INFO o.a.j.t.JMeterThread: Thread started: Agent search 2-229
2026-10-09 08:48:53,982 INFO o.a.j.t.JMeterThread: Thread is done: Agent search 2-229
2026-10-09 08:48:53,982 INFO o.a.j.t.JMeterThread: Thread finished: Agent search 2-229
2026-10-09 08:48:58,242 INFO o.a.j.t.JMeterThread: Thread started: Ticket intake 1-47
2026-10-09 08:49:00,361 INFO o.a.j.t.JMeterThread: Thread started: Ticket intake 1-48
2026-10-09 08:49:01,886 INFO o.a.j.t.JMeterThread: Thread started: Ticket intake 1-49
2026-10-09 08:49:02,745 INFO o.a.j.t.JMeterThread: Thread started: Agent search 2-230
2026-10-09 08:49:02,994 INFO o.a.j.r.Summariser: summary +      7 in 00:00:30 =    0.2/s Avg:  1674 Min:   133 Max: 10546 Err:     0 (0.00%) Active: 4 Started: 279 Finished: 275
2026-10-09 08:49:02,995 INFO o.a.j.r.Summariser: summary =    276 in 00:16:41 =    0.3/s Avg:  2658 Min:    67 Max: 38573 Err:     0 (0.00%)
2026-10-09 08:49:02,995 INFO o.a.j.t.JMeterThread: Thread is done: Agent search 2-230
2026-10-09 08:49:02,995 INFO o.a.j.t.JMeterThread: Thread finished: Agent search 2-230
2026-10-09 08:49:03,169 INFO o.a.j.t.JMeterThread: Thread started: Agent search 2-231
2026-10-09 08:49:03,404 INFO o.a.j.t.JMeterThread: Thread is done: Agent search 2-231
2026-10-09 08:49:03,404 INFO o.a.j.t.JMeterThread: Thread finished: Agent search 2-231
2026-10-09 08:49:03,928 INFO o.a.j.t.JMeterThread: Thread started: Agent search 2-232
2026-10-09 08:49:04,120 INFO o.a.j.t.JMeterThread: Thread is done: Agent search 2-232
2026-10-09 08:49:04,120 INFO o.a.j.t.JMeterThread: Thread finished: Agent search 2-232
2026-10-09 08:49:04,524 INFO o.a.j.t.JMeterThread: Thread started: Agent search 2-233
2026-10-09 08:49:04,689 INFO o.a.j.t.JMeterThread: Thread is done: Agent search 2-233
2026-10-09 08:49:04,689 INFO o.a.j.t.JMeterThread: Thread finished: Agent search 2-233
2026-10-09 08:49:05,326 INFO o.a.j.t.JMeterThread: Thread started: Agent search 2-234
2026-10-09 08:49:05,452 INFO o.a.j.t.JMeterThread: Thread is done: Agent search 2-234
2026-10-09 08:49:05,452 INFO o.a.j.t.JMeterThread: Thread finished: Agent search 2-234
2026-10-09 08:49:07,764 INFO o.a.j.t.JMeterThread: Thread started: Agent search 2-235
2026-10-09 08:49:07,946 INFO o.a.j.t.JMeterThread: Thread is done: Agent search 2-235
2026-10-09 08:49:07,946 INFO o.a.j.t.JMeterThread: Thread finished: Agent search 2-235
2026-10-09 08:49:11,801 INFO o.a.j.t.JMeterThread: Thread is done: Ticket intake 1-47
2026-10-09 08:49:11,801 INFO o.a.j.t.JMeterThread: Thread finished: Ticket intake 1-47
2026-10-09 08:49:12,696 INFO o.a.j.t.JMeterThread: Thread started: Agent search 2-236
2026-10-09 08:49:12,926 INFO o.a.j.t.JMeterThread: Thread is done: Agent search 2-236
2026-10-09 08:49:12,926 INFO o.a.j.t.JMeterThread: Thread finished: Agent search 2-236
2026-10-09 08:49:15,271 INFO o.a.j.t.JMeterThread: Thread started: Agent search 2-237
2026-10-09 08:49:15,487 INFO o.a.j.t.JMeterThread: Thread is done: Agent search 2-237
2026-10-09 08:49:15,487 INFO o.a.j.t.JMeterThread: Thread finished: Agent search 2-237
2026-10-09 08:49:18,764 INFO o.a.j.t.JMeterThread: Thread is done: Ticket intake 1-48
2026-10-09 08:49:18,764 INFO o.a.j.t.JMeterThread: Thread finished: Ticket intake 1-48
2026-10-09 08:49:19,455 INFO o.a.j.t.JMeterThread: Thread started: Agent search 2-238
2026-10-09 08:49:19,686 INFO o.a.j.t.JMeterThread: Thread is done: Agent search 2-238
2026-10-09 08:49:19,687 INFO o.a.j.t.JMeterThread: Thread finished: Agent search 2-238
2026-10-09 08:49:26,121 INFO o.a.j.t.JMeterThread: Thread started: Agent search 2-239
2026-10-09 08:49:26,341 INFO o.a.j.t.JMeterThread: Thread is done: Agent search 2-239
2026-10-09 08:49:26,342 INFO o.a.j.t.JMeterThread: Thread finished: Agent search 2-239
2026-10-09 08:49:26,649 INFO o.a.j.t.JMeterThread: Thread is done: Ticket intake 1-49
2026-10-09 08:49:26,649 INFO o.a.j.t.JMeterThread: Thread finished: Ticket intake 1-49
2026-10-09 08:49:26,718 INFO o.a.j.t.JMeterThread: Thread started: Agent search 2-240
2026-10-09 08:49:26,955 INFO o.a.j.t.JMeterThread: Thread is done: Agent search 2-240
2026-10-09 08:49:26,956 INFO o.a.j.t.JMeterThread: Thread finished: Agent search 2-240
2026-10-09 08:49:32,599 INFO o.a.j.t.JMeterThread: Thread started: Agent search 2-241
2026-10-09 08:49:32,793 INFO o.a.j.r.Summariser: summary +     14 in 00:00:30 =    0.5/s Avg:  4209 Min:   125 Max: 24761 Err:     0 (0.00%) Active: 1 Started: 290 Finished: 289
2026-10-09 08:49:32,793 INFO o.a.j.r.Summariser: summary =    290 in 00:17:11 =    0.3/s Avg:  2733 Min:    67 Max: 38573 Err:     0 (0.00%)
2026-10-09 08:49:32,794 INFO o.a.j.t.JMeterThread: Thread is done: Agent search 2-241
2026-10-09 08:49:32,794 INFO o.a.j.t.JMeterThread: Thread finished: Agent search 2-241
2026-10-09 08:49:34,127 INFO o.a.j.t.JMeterThread: Thread started: Ticket intake 1-50
2026-10-09 08:49:34,615 INFO o.a.j.t.JMeterThread: Thread started: Agent search 2-242
2026-10-09 08:49:34,841 INFO o.a.j.t.JMeterThread: Thread is done: Agent search 2-242
2026-10-09 08:49:34,841 INFO o.a.j.t.JMeterThread: Thread finished: Agent search 2-242
2026-10-09 08:49:42,009 INFO o.a.j.t.JMeterThread: Thread is done: Ticket intake 1-50
2026-10-09 08:49:42,009 INFO o.a.j.t.JMeterThread: Thread finished: Ticket intake 1-50
2026-10-09 08:49:43,283 INFO o.a.j.t.JMeterThread: Thread started: Ticket intake 1-51
2026-10-09 08:49:43,855 INFO o.a.j.t.JMeterThread: Thread started: Ticket intake 1-52
2026-10-09 08:49:48,438 INFO o.a.j.t.JMeterThread: Thread started: Agent search 2-243
2026-10-09 08:49:48,768 INFO o.a.j.t.JMeterThread: Thread is done: Agent search 2-243
2026-10-09 08:49:48,769 INFO o.a.j.t.JMeterThread: Thread finished: Agent search 2-243
2026-10-09 08:49:50,017 INFO o.a.j.t.JMeterThread: Thread started: Agent search 2-244
2026-10-09 08:49:50,307 INFO o.a.j.t.JMeterThread: Thread is done: Agent search 2-244
2026-10-09 08:49:50,307 INFO o.a.j.t.JMeterThread: Thread finished: Agent search 2-244
2026-10-09 08:49:54,651 INFO o.a.j.t.JMeterThread: Thread started: Agent search 2-245
2026-10-09 08:49:54,910 INFO o.a.j.t.JMeterThread: Thread is done: Agent search 2-245
2026-10-09 08:49:54,910 INFO o.a.j.t.JMeterThread: Thread finished: Agent search 2-245
2026-10-09 08:49:55,526 INFO o.a.j.t.JMeterThread: Thread is done: Ticket intake 1-51
2026-10-09 08:49:55,526 INFO o.a.j.t.JMeterThread: Thread finished: Ticket intake 1-51
2026-10-09 08:50:00,916 INFO o.a.j.t.JMeterThread: Thread started: Agent search 2-246
2026-10-09 08:50:01,056 INFO o.a.j.r.Summariser: summary +      7 in 00:00:28 =    0.2/s Avg:  3051 Min:   138 Max: 12243 Err:     0 (0.00%) Active: 2 Started: 298 Finished: 296
2026-10-09 08:50:01,056 INFO o.a.j.r.Summariser: summary =    297 in 00:17:39 =    0.3/s Avg:  2741 Min:    67 Max: 38573 Err:     0 (0.00%)
2026-10-09 08:50:01,056 INFO o.a.j.t.JMeterThread: Thread is done: Agent search 2-246
2026-10-09 08:50:01,056 INFO o.a.j.t.JMeterThread: Thread finished: Agent search 2-246
2026-10-09 08:50:05,458 INFO o.a.j.t.JMeterThread: Thread is done: Ticket intake 1-52
2026-10-09 08:50:05,458 INFO o.a.j.t.JMeterThread: Thread finished: Ticket intake 1-52
2026-10-09 08:50:05,968 INFO o.a.j.t.JMeterThread: Thread started: Agent search 2-247
2026-10-09 08:50:06,175 INFO o.a.j.t.JMeterThread: Thread is done: Agent search 2-247
2026-10-09 08:50:06,175 INFO o.a.j.t.JMeterThread: Thread finished: Agent search 2-247
2026-10-09 08:50:08,571 INFO o.a.j.t.JMeterThread: Thread started: Agent search 2-248
2026-10-09 08:50:08,737 INFO o.a.j.t.JMeterThread: Thread is done: Agent search 2-248
2026-10-09 08:50:08,737 INFO o.a.j.t.JMeterThread: Thread finished: Agent search 2-248
2026-10-09 08:50:10,800 INFO o.a.j.t.JMeterThread: Thread started: Agent search 2-249
2026-10-09 08:50:10,896 INFO o.a.j.t.JMeterThread: Thread is done: Agent search 2-249
2026-10-09 08:50:10,896 INFO o.a.j.t.JMeterThread: Thread finished: Agent search 2-249
2026-10-09 08:50:16,584 INFO o.a.j.t.JMeterThread: Thread started: Agent search 2-250
2026-10-09 08:50:16,825 INFO o.a.j.t.JMeterThread: Thread is done: Agent search 2-250
2026-10-09 08:50:16,825 INFO o.a.j.t.JMeterThread: Thread finished: Agent search 2-250
2026-10-09 08:50:21,991 INFO o.a.j.t.JMeterThread: Thread started: Agent search 2-251
2026-10-09 08:50:22,253 INFO o.a.j.t.JMeterThread: Thread is done: Agent search 2-251
2026-10-09 08:50:22,253 INFO o.a.j.t.JMeterThread: Thread finished: Agent search 2-251
2026-10-09 08:50:23,778 INFO o.a.j.t.JMeterThread: Thread started: Agent search 2-252
2026-10-09 08:50:24,096 INFO o.a.j.t.JMeterThread: Thread is done: Agent search 2-252
2026-10-09 08:50:24,096 INFO o.a.j.t.JMeterThread: Thread finished: Agent search 2-252
2026-10-09 08:50:30,340 INFO o.a.j.t.JMeterThread: Thread started: Agent search 2-253
2026-10-09 08:50:30,649 INFO o.a.j.r.Summariser: summary +      8 in 00:00:30 =    0.3/s Avg:  2898 Min:    95 Max: 21601 Err:     0 (0.00%) Active: 1 Started: 305 Finished: 304
2026-10-09 08:50:30,649 INFO o.a.j.r.Summariser: summary =    305 in 00:18:09 =    0.3/s Avg:  2745 Min:    67 Max: 38573 Err:     0 (0.00%)
2026-10-09 08:50:30,649 INFO o.a.j.t.JMeterThread: Thread is done: Agent search 2-253
2026-10-09 08:50:30,649 INFO o.a.j.t.JMeterThread: Thread finished: Agent search 2-253
2026-10-09 08:50:36,943 INFO o.a.j.t.JMeterThread: Thread started: Agent search 2-254
2026-10-09 08:50:37,101 INFO o.a.j.t.JMeterThread: Thread is done: Agent search 2-254
2026-10-09 08:50:37,101 INFO o.a.j.t.JMeterThread: Thread finished: Agent search 2-254
2026-10-09 08:50:47,171 INFO o.a.j.t.JMeterThread: Thread started: Agent search 2-255
2026-10-09 08:50:47,411 INFO o.a.j.t.JMeterThread: Thread is done: Agent search 2-255
2026-10-09 08:50:47,411 INFO o.a.j.t.JMeterThread: Thread finished: Agent search 2-255
2026-10-09 08:50:48,400 INFO o.a.j.t.JMeterThread: Thread started: Agent search 2-256
2026-10-09 08:50:48,569 INFO o.a.j.t.JMeterThread: Thread is done: Agent search 2-256
2026-10-09 08:50:48,569 INFO o.a.j.t.JMeterThread: Thread finished: Agent search 2-256
2026-10-09 08:50:51,692 INFO o.a.j.t.JMeterThread: Thread started: Agent search 2-257
2026-10-09 08:50:52,050 INFO o.a.j.t.JMeterThread: Thread is done: Agent search 2-257
2026-10-09 08:50:52,050 INFO o.a.j.t.JMeterThread: Thread finished: Agent search 2-257
2026-10-09 08:50:53,794 INFO o.a.j.t.JMeterThread: Thread started: Agent search 2-258
2026-10-09 08:50:53,997 INFO o.a.j.t.JMeterThread: Thread is done: Agent search 2-258
2026-10-09 08:50:53,997 INFO o.a.j.t.JMeterThread: Thread finished: Agent search 2-258
2026-10-09 08:50:58,814 INFO o.a.j.t.JMeterThread: Thread started: Agent search 2-259
2026-10-09 08:50:59,014 INFO o.a.j.t.JMeterThread: Thread is done: Agent search 2-259
2026-10-09 08:50:59,014 INFO o.a.j.t.JMeterThread: Thread finished: Agent search 2-259
2026-10-09 08:50:59,781 INFO o.a.j.t.JMeterThread: Thread started: Agent search 2-260
2026-10-09 08:50:59,892 INFO o.a.j.t.JMeterThread: Thread is done: Agent search 2-260
2026-10-09 08:50:59,892 INFO o.a.j.t.JMeterThread: Thread finished: Agent search 2-260
2026-10-09 08:51:02,363 INFO o.a.j.t.JMeterThread: Thread started: Agent search 2-261
2026-10-09 08:51:02,444 INFO o.a.j.r.Summariser: summary +      8 in 00:00:32 =    0.3/s Avg:   188 Min:    80 Max:   356 Err:     0 (0.00%) Active: 1 Started: 313 Finished: 312
2026-10-09 08:51:02,444 INFO o.a.j.r.Summariser: summary =    313 in 00:18:40 =    0.3/s Avg:  2679 Min:    67 Max: 38573 Err:     0 (0.00%)
2026-10-09 08:51:02,445 INFO o.a.j.t.JMeterThread: Thread is done: Agent search 2-261
2026-10-09 08:51:02,445 INFO o.a.j.t.JMeterThread: Thread finished: Agent search 2-261
2026-10-09 08:51:07,933 INFO o.a.j.t.JMeterThread: Thread started: Agent search 2-262
2026-10-09 08:51:08,082 INFO o.a.j.t.JMeterThread: Thread started: Agent search 2-263
2026-10-09 08:51:08,102 INFO o.a.j.t.JMeterThread: Thread is done: Agent search 2-262
2026-10-09 08:51:08,102 INFO o.a.j.t.JMeterThread: Thread finished: Agent search 2-262
2026-10-09 08:51:08,176 INFO o.a.j.t.JMeterThread: Thread is done: Agent search 2-263
2026-10-09 08:51:08,176 INFO o.a.j.t.JMeterThread: Thread finished: Agent search 2-263
2026-10-09 08:51:11,759 INFO o.a.j.t.JMeterThread: Thread started: Ticket intake 1-53
2026-10-09 08:51:12,764 INFO o.a.j.t.JMeterThread: Thread started: Agent search 2-264
2026-10-09 08:51:12,837 INFO o.a.j.t.JMeterThread: Thread is done: Agent search 2-264
2026-10-09 08:51:12,837 INFO o.a.j.t.JMeterThread: Thread finished: Agent search 2-264
2026-10-09 08:51:13,444 INFO o.a.j.t.JMeterThread: Thread started: Agent search 2-265
2026-10-09 08:51:13,657 INFO o.a.j.t.JMeterThread: Thread is done: Agent search 2-265
2026-10-09 08:51:13,657 INFO o.a.j.t.JMeterThread: Thread finished: Agent search 2-265
2026-10-09 08:51:15,180 INFO o.a.j.t.JMeterThread: Thread started: Agent search 2-266
2026-10-09 08:51:15,263 INFO o.a.j.t.JMeterThread: Thread is done: Agent search 2-266
2026-10-09 08:51:15,263 INFO o.a.j.t.JMeterThread: Thread finished: Agent search 2-266
2026-10-09 08:51:16,246 INFO o.a.j.t.JMeterThread: Thread started: Agent search 2-267
2026-10-09 08:51:16,422 INFO o.a.j.t.JMeterThread: Thread is done: Agent search 2-267
2026-10-09 08:51:16,422 INFO o.a.j.t.JMeterThread: Thread finished: Agent search 2-267
2026-10-09 08:51:16,764 INFO o.a.j.t.JMeterThread: Thread started: Agent search 2-268
2026-10-09 08:51:16,772 INFO o.a.j.t.JMeterThread: Thread started: Agent search 2-269
2026-10-09 08:51:17,036 INFO o.a.j.t.JMeterThread: Thread is done: Agent search 2-269
2026-10-09 08:51:17,036 INFO o.a.j.t.JMeterThread: Thread finished: Agent search 2-269
2026-10-09 08:51:17,036 INFO o.a.j.t.JMeterThread: Thread is done: Agent search 2-268
2026-10-09 08:51:17,036 INFO o.a.j.t.JMeterThread: Thread finished: Agent search 2-268
2026-10-09 08:51:17,438 INFO o.a.j.t.JMeterThread: Thread started: Agent search 2-270
2026-10-09 08:51:17,652 INFO o.a.j.t.JMeterThread: Thread is done: Agent search 2-270
2026-10-09 08:51:17,652 INFO o.a.j.t.JMeterThread: Thread finished: Agent search 2-270
2026-10-09 08:51:19,596 INFO o.a.j.t.JMeterThread: Thread is done: Ticket intake 1-53
2026-10-09 08:51:19,596 INFO o.a.j.t.JMeterThread: Thread finished: Ticket intake 1-53
2026-10-09 08:51:19,732 INFO o.a.j.t.JMeterThread: Thread started: Agent search 2-271
2026-10-09 08:51:19,903 INFO o.a.j.t.JMeterThread: Thread is done: Agent search 2-271
2026-10-09 08:51:19,903 INFO o.a.j.t.JMeterThread: Thread finished: Agent search 2-271
2026-10-09 08:51:20,667 INFO o.a.j.t.JMeterThread: Thread started: Agent search 2-272
2026-10-09 08:51:20,892 INFO o.a.j.t.JMeterThread: Thread started: Ticket intake 1-54
2026-10-09 08:51:20,914 INFO o.a.j.t.JMeterThread: Thread is done: Agent search 2-272
2026-10-09 08:51:20,914 INFO o.a.j.t.JMeterThread: Thread finished: Agent search 2-272
2026-10-09 08:51:25,880 INFO o.a.j.t.JMeterThread: Thread started: Agent search 2-273
2026-10-09 08:51:26,163 INFO o.a.j.t.JMeterThread: Thread is done: Agent search 2-273
2026-10-09 08:51:26,163 INFO o.a.j.t.JMeterThread: Thread finished: Agent search 2-273
2026-10-09 08:51:28,199 INFO o.a.j.t.JMeterThread: Thread started: Agent search 2-274
2026-10-09 08:51:28,403 INFO o.a.j.t.JMeterThread: Thread is done: Agent search 2-274
2026-10-09 08:51:28,404 INFO o.a.j.t.JMeterThread: Thread finished: Agent search 2-274
2026-10-09 08:51:33,594 INFO o.a.j.r.Summariser: summary +     15 in 00:00:31 =    0.5/s Avg:  1532 Min:    71 Max: 12702 Err:     0 (0.00%) Active: 1 Started: 328 Finished: 327
2026-10-09 08:51:33,594 INFO o.a.j.r.Summariser: summary =    328 in 00:19:12 =    0.3/s Avg:  2627 Min:    67 Max: 38573 Err:     0 (0.00%)
2026-10-09 08:51:33,594 INFO o.a.j.t.JMeterThread: Thread is done: Ticket intake 1-54
2026-10-09 08:51:33,594 INFO o.a.j.t.JMeterThread: Thread finished: Ticket intake 1-54
2026-10-09 08:51:35,417 INFO o.a.j.t.JMeterThread: Thread started: Agent search 2-275
2026-10-09 08:51:35,663 INFO o.a.j.t.JMeterThread: Thread started: Agent search 2-276
2026-10-09 08:51:35,685 INFO o.a.j.t.JMeterThread: Thread is done: Agent search 2-275
2026-10-09 08:51:35,685 INFO o.a.j.t.JMeterThread: Thread finished: Agent search 2-275
2026-10-09 08:51:35,711 INFO o.a.j.t.JMeterThread: Thread started: Agent search 2-277
2026-10-09 08:51:35,878 INFO o.a.j.t.JMeterThread: Thread is done: Agent search 2-276
2026-10-09 08:51:35,878 INFO o.a.j.t.JMeterThread: Thread finished: Agent search 2-276
2026-10-09 08:51:35,878 INFO o.a.j.t.JMeterThread: Thread is done: Agent search 2-277
2026-10-09 08:51:35,878 INFO o.a.j.t.JMeterThread: Thread finished: Agent search 2-277
2026-10-09 08:51:37,658 INFO o.a.j.t.JMeterThread: Thread started: Ticket intake 1-55
2026-10-09 08:51:37,765 INFO o.a.j.t.JMeterThread: Thread started: Ticket intake 1-56
2026-10-09 08:51:42,894 INFO o.a.j.t.JMeterThread: Thread started: Agent search 2-278
2026-10-09 08:51:43,250 INFO o.a.j.t.JMeterThread: Thread is done: Agent search 2-278
2026-10-09 08:51:43,250 INFO o.a.j.t.JMeterThread: Thread finished: Agent search 2-278
2026-10-09 08:51:45,640 INFO o.a.j.t.JMeterThread: Thread started: Agent search 2-279
2026-10-09 08:51:45,811 INFO o.a.j.t.JMeterThread: Thread is done: Agent search 2-279
2026-10-09 08:51:45,811 INFO o.a.j.t.JMeterThread: Thread finished: Agent search 2-279
2026-10-09 08:51:46,118 INFO o.a.j.t.JMeterThread: Thread is done: Ticket intake 1-55
2026-10-09 08:51:46,118 INFO o.a.j.t.JMeterThread: Thread finished: Ticket intake 1-55
2026-10-09 08:51:46,858 INFO o.a.j.t.JMeterThread: Thread started: Ticket intake 1-57
2026-10-09 08:51:50,539 INFO o.a.j.t.JMeterThread: Thread started: Agent search 2-280
2026-10-09 08:51:50,828 INFO o.a.j.t.JMeterThread: Thread is done: Agent search 2-280
2026-10-09 08:51:50,828 INFO o.a.j.t.JMeterThread: Thread finished: Agent search 2-280
2026-10-09 08:51:56,415 INFO o.a.j.t.JMeterThread: Thread started: Agent search 2-281
2026-10-09 08:51:56,580 INFO o.a.j.t.JMeterThread: Thread is done: Ticket intake 1-56
2026-10-09 08:51:56,580 INFO o.a.j.t.JMeterThread: Thread finished: Ticket intake 1-56
2026-10-09 08:51:56,665 INFO o.a.j.t.JMeterThread: Thread is done: Agent search 2-281
2026-10-09 08:51:56,665 INFO o.a.j.t.JMeterThread: Thread finished: Agent search 2-281
2026-10-09 08:51:58,035 INFO o.a.j.t.JMeterThread: Thread started: Agent search 2-282
2026-10-09 08:51:58,202 INFO o.a.j.t.JMeterThread: Thread is done: Agent search 2-282
2026-10-09 08:51:58,202 INFO o.a.j.t.JMeterThread: Thread finished: Agent search 2-282
2026-10-09 08:52:01,123 INFO o.a.j.t.JMeterThread: Thread started: Agent search 2-283
2026-10-09 08:52:01,375 INFO o.a.j.r.Summariser: summary +     11 in 00:00:28 =    0.4/s Avg:  2672 Min:   165 Max: 18814 Err:     0 (0.00%) Active: 2 Started: 340 Finished: 338
2026-10-09 08:52:01,375 INFO o.a.j.r.Summariser: summary =    339 in 00:19:39 =    0.3/s Avg:  2628 Min:    67 Max: 38573 Err:     0 (0.00%)
2026-10-09 08:52:01,375 INFO o.a.j.t.JMeterThread: Thread is done: Agent search 2-283
2026-10-09 08:52:01,375 INFO o.a.j.t.JMeterThread: Thread finished: Agent search 2-283
2026-10-09 08:52:01,733 INFO o.a.j.t.JMeterThread: Thread started: Ticket intake 1-58
2026-10-09 08:52:03,905 INFO o.a.j.t.JMeterThread: Thread started: Agent search 2-284
2026-10-09 08:52:04,141 INFO o.a.j.t.JMeterThread: Thread is done: Agent search 2-284
2026-10-09 08:52:04,141 INFO o.a.j.t.JMeterThread: Thread finished: Agent search 2-284
2026-10-09 08:52:05,185 INFO o.a.j.t.JMeterThread: Thread is done: Ticket intake 1-57
2026-10-09 08:52:05,186 INFO o.a.j.t.JMeterThread: Thread finished: Ticket intake 1-57
2026-10-09 08:52:05,674 INFO o.a.j.t.JMeterThread: Thread started: Agent search 2-285
2026-10-09 08:52:05,881 INFO o.a.j.t.JMeterThread: Thread is done: Agent search 2-285
2026-10-09 08:52:05,881 INFO o.a.j.t.JMeterThread: Thread finished: Agent search 2-285
2026-10-09 08:52:05,882 INFO o.a.j.t.JMeterThread: Thread started: Agent search 2-286
2026-10-09 08:52:06,086 INFO o.a.j.t.JMeterThread: Thread is done: Agent search 2-286
2026-10-09 08:52:06,086 INFO o.a.j.t.JMeterThread: Thread finished: Agent search 2-286
2026-10-09 08:52:12,127 INFO o.a.j.t.JMeterThread: Thread is done: Ticket intake 1-58
2026-10-09 08:52:12,127 INFO o.a.j.t.JMeterThread: Thread finished: Ticket intake 1-58
2026-10-09 08:52:12,663 INFO o.a.j.t.JMeterThread: Thread started: Ticket intake 1-59
2026-10-09 08:52:15,883 INFO o.a.j.t.JMeterThread: Thread started: Agent search 2-287
2026-10-09 08:52:16,120 INFO o.a.j.t.JMeterThread: Thread is done: Agent search 2-287
2026-10-09 08:52:16,120 INFO o.a.j.t.JMeterThread: Thread finished: Agent search 2-287
2026-10-09 08:52:20,921 INFO o.a.j.t.JMeterThread: Thread started: Agent search 2-288
2026-10-09 08:52:21,139 INFO o.a.j.t.JMeterThread: Thread is done: Agent search 2-288
2026-10-09 08:52:21,139 INFO o.a.j.t.JMeterThread: Thread finished: Agent search 2-288
2026-10-09 08:52:25,421 INFO o.a.j.t.JMeterThread: Thread started: Ticket intake 1-60
2026-10-09 08:52:25,753 INFO o.a.j.t.JMeterThread: Thread is done: Ticket intake 1-59
2026-10-09 08:52:25,753 INFO o.a.j.t.JMeterThread: Thread finished: Ticket intake 1-59
2026-10-09 08:52:25,942 INFO o.a.j.t.JMeterThread: Thread started: Agent search 2-289
2026-10-09 08:52:26,156 INFO o.a.j.t.JMeterThread: Thread is done: Agent search 2-289
2026-10-09 08:52:26,156 INFO o.a.j.t.JMeterThread: Thread finished: Agent search 2-289
2026-10-09 08:52:28,376 INFO o.a.j.t.JMeterThread: Thread started: Ticket intake 1-61
2026-10-09 08:52:30,298 INFO o.a.j.t.JMeterThread: Thread started: Agent search 2-290
2026-10-09 08:52:30,560 INFO o.a.j.r.Summariser: summary +     10 in 00:00:29 =    0.3/s Avg:  4337 Min:   203 Max: 18327 Err:     0 (0.00%) Active: 3 Started: 351 Finished: 348
2026-10-09 08:52:30,560 INFO o.a.j.r.Summariser: summary =    349 in 00:20:09 =    0.3/s Avg:  2677 Min:    67 Max: 38573 Err:     0 (0.00%)
2026-10-09 08:52:30,560 INFO o.a.j.t.JMeterThread: Thread is done: Agent search 2-290
2026-10-09 08:52:30,560 INFO o.a.j.t.JMeterThread: Thread finished: Agent search 2-290
2026-10-09 08:52:31,575 INFO o.a.j.t.JMeterThread: Thread started: Ticket intake 1-62
2026-10-09 08:52:32,644 INFO o.a.j.t.JMeterThread: Thread started: Agent search 2-291
2026-10-09 08:52:32,914 INFO o.a.j.t.JMeterThread: Thread is done: Agent search 2-291
2026-10-09 08:52:32,914 INFO o.a.j.t.JMeterThread: Thread finished: Agent search 2-291
2026-10-09 08:52:33,524 INFO o.a.j.t.JMeterThread: Thread started: Agent search 2-292
2026-10-09 08:52:33,637 INFO o.a.j.t.JMeterThread: Thread is done: Agent search 2-292
2026-10-09 08:52:33,637 INFO o.a.j.t.JMeterThread: Thread finished: Agent search 2-292
2026-10-09 08:52:35,885 INFO o.a.j.t.JMeterThread: Thread is done: Ticket intake 1-60
2026-10-09 08:52:35,885 INFO o.a.j.t.JMeterThread: Thread finished: Ticket intake 1-60
2026-10-09 08:52:37,175 INFO o.a.j.t.JMeterThread: Thread started: Agent search 2-293
2026-10-09 08:52:37,420 INFO o.a.j.t.JMeterThread: Thread is done: Agent search 2-293
2026-10-09 08:52:37,420 INFO o.a.j.t.JMeterThread: Thread finished: Agent search 2-293
2026-10-09 08:52:39,288 INFO o.a.j.t.JMeterThread: Thread started: Ticket intake 1-63
2026-10-09 08:52:42,896 INFO o.a.j.t.JMeterThread: Thread started: Agent search 2-294
2026-10-09 08:52:43,155 INFO o.a.j.t.JMeterThread: Thread is done: Agent search 2-294
2026-10-09 08:52:43,155 INFO o.a.j.t.JMeterThread: Thread finished: Agent search 2-294
2026-10-09 08:52:43,769 INFO o.a.j.t.JMeterThread: Thread is done: Ticket intake 1-61
2026-10-09 08:52:43,769 INFO o.a.j.t.JMeterThread: Thread finished: Ticket intake 1-61
2026-10-09 08:52:44,763 INFO o.a.j.t.JMeterThread: Thread started: Ticket intake 1-64
2026-10-09 08:52:46,648 INFO o.a.j.t.JMeterThread: Thread started: Ticket intake 1-65
2026-10-09 08:52:48,071 INFO o.a.j.t.JMeterThread: Thread started: Agent search 2-295
2026-10-09 08:52:48,278 INFO o.a.j.t.JMeterThread: Thread is done: Agent search 2-295
2026-10-09 08:52:48,278 INFO o.a.j.t.JMeterThread: Thread finished: Agent search 2-295
2026-10-09 08:52:50,177 INFO o.a.j.t.JMeterThread: Thread started: Ticket intake 1-66
2026-10-09 08:52:53,899 INFO o.a.j.t.JMeterThread: Thread started: Ticket intake 1-67
2026-10-09 08:52:56,002 INFO o.a.j.t.JMeterThread: Thread started: Agent search 2-296
2026-10-09 08:52:56,160 INFO o.a.j.t.JMeterThread: Thread is done: Ticket intake 1-62
2026-10-09 08:52:56,160 INFO o.a.j.t.JMeterThread: Thread finished: Ticket intake 1-62
2026-10-09 08:52:56,262 INFO o.a.j.t.JMeterThread: Thread is done: Agent search 2-296
2026-10-09 08:52:56,262 INFO o.a.j.t.JMeterThread: Thread finished: Agent search 2-296
2026-10-09 08:52:57,042 INFO o.a.j.t.JMeterThread: Thread started: Agent search 2-297
2026-10-09 08:52:57,285 INFO o.a.j.t.JMeterThread: Thread is done: Agent search 2-297
2026-10-09 08:52:57,286 INFO o.a.j.t.JMeterThread: Thread finished: Agent search 2-297
2026-10-09 08:52:57,461 INFO o.a.j.t.JMeterThread: Thread started: Agent search 2-298
2026-10-09 08:52:57,696 INFO o.a.j.t.JMeterThread: Thread is done: Agent search 2-298
2026-10-09 08:52:57,696 INFO o.a.j.t.JMeterThread: Thread finished: Agent search 2-298
2026-10-09 08:53:00,210 INFO o.a.j.t.JMeterThread: Thread started: Agent search 2-299
2026-10-09 08:53:00,461 INFO o.a.j.r.Summariser: summary +     12 in 00:00:30 =    0.4/s Avg:  4375 Min:   111 Max: 24584 Err:     0 (0.00%) Active: 6 Started: 366 Finished: 360
2026-10-09 08:53:00,461 INFO o.a.j.r.Summariser: summary =    361 in 00:20:38 =    0.3/s Avg:  2734 Min:    67 Max: 38573 Err:     0 (0.00%)
2026-10-09 08:53:00,461 INFO o.a.j.t.JMeterThread: Thread is done: Agent search 2-299
2026-10-09 08:53:00,461 INFO o.a.j.t.JMeterThread: Thread finished: Agent search 2-299
2026-10-09 08:53:04,250 INFO o.a.j.t.JMeterThread: Thread is done: Ticket intake 1-63
2026-10-09 08:53:04,250 INFO o.a.j.t.JMeterThread: Thread finished: Ticket intake 1-63
2026-10-09 08:53:08,574 INFO o.a.j.t.JMeterThread: Thread started: Agent search 2-300
2026-10-09 08:53:08,755 INFO o.a.j.t.JMeterThread: Thread is done: Agent search 2-300
2026-10-09 08:53:08,755 INFO o.a.j.t.JMeterThread: Thread finished: Agent search 2-300
2026-10-09 08:53:10,894 INFO o.a.j.t.JMeterThread: Thread started: Agent search 2-301
2026-10-09 08:53:11,116 INFO o.a.j.t.JMeterThread: Thread is done: Agent search 2-301
2026-10-09 08:53:11,116 INFO o.a.j.t.JMeterThread: Thread finished: Agent search 2-301
2026-10-09 08:53:11,929 INFO o.a.j.t.JMeterThread: Thread is done: Ticket intake 1-64
2026-10-09 08:53:11,929 INFO o.a.j.t.JMeterThread: Thread finished: Ticket intake 1-64
2026-10-09 08:53:23,289 INFO o.a.j.t.JMeterThread: Thread started: Ticket intake 1-68
2026-10-09 08:53:23,500 INFO o.a.j.t.JMeterThread: Thread is done: Ticket intake 1-65
2026-10-09 08:53:23,500 INFO o.a.j.t.JMeterThread: Thread finished: Ticket intake 1-65
2026-10-09 08:53:23,712 INFO o.a.j.t.JMeterThread: Thread started: Agent search 2-302
2026-10-09 08:53:23,910 INFO o.a.j.t.JMeterThread: Thread is done: Agent search 2-302
2026-10-09 08:53:23,910 INFO o.a.j.t.JMeterThread: Thread finished: Agent search 2-302
2026-10-09 08:53:24,635 INFO o.a.j.t.JMeterThread: Thread started: Agent search 2-303
2026-10-09 08:53:24,947 INFO o.a.j.t.JMeterThread: Thread is done: Agent search 2-303
2026-10-09 08:53:24,947 INFO o.a.j.t.JMeterThread: Thread finished: Agent search 2-303
2026-10-09 08:53:31,056 INFO o.a.j.t.JMeterThread: Thread started: Agent search 2-304
2026-10-09 08:53:31,284 INFO o.a.j.r.Summariser: summary +      8 in 00:00:31 =    0.3/s Avg: 11264 Min:   180 Max: 36852 Err:     0 (0.00%) Active: 4 Started: 372 Finished: 368
2026-10-09 08:53:31,284 INFO o.a.j.r.Summariser: summary =    369 in 00:21:09 =    0.3/s Avg:  2919 Min:    67 Max: 38573 Err:     0 (0.00%)
2026-10-09 08:53:31,284 INFO o.a.j.t.JMeterThread: Thread is done: Agent search 2-304
2026-10-09 08:53:31,284 INFO o.a.j.t.JMeterThread: Thread finished: Agent search 2-304
2026-10-09 08:53:32,001 INFO o.a.j.t.JMeterThread: Thread is done: Ticket intake 1-66
2026-10-09 08:53:32,001 INFO o.a.j.t.JMeterThread: Thread finished: Ticket intake 1-66
2026-10-09 08:53:34,024 INFO o.a.j.t.JMeterThread: Thread started: Ticket intake 1-69
2026-10-09 08:53:35,736 INFO o.a.j.t.JMeterThread: Thread started: Agent search 2-305
2026-10-09 08:53:35,993 INFO o.a.j.t.JMeterThread: Thread is done: Agent search 2-305
2026-10-09 08:53:35,993 INFO o.a.j.t.JMeterThread: Thread finished: Agent search 2-305
2026-10-09 08:53:36,177 INFO o.a.j.t.JMeterThread: Thread started: Agent search 2-306
2026-10-09 08:53:36,404 INFO o.a.j.t.JMeterThread: Thread is done: Agent search 2-306
2026-10-09 08:53:36,404 INFO o.a.j.t.JMeterThread: Thread finished: Agent search 2-306
2026-10-09 08:53:38,277 INFO o.a.j.t.JMeterThread: Thread started: Agent search 2-307
2026-10-09 08:53:38,451 INFO o.a.j.t.JMeterThread: Thread is done: Agent search 2-307
2026-10-09 08:53:38,451 INFO o.a.j.t.JMeterThread: Thread finished: Agent search 2-307
2026-10-09 08:53:40,191 INFO o.a.j.t.JMeterThread: Thread is done: Ticket intake 1-67
2026-10-09 08:53:40,191 INFO o.a.j.t.JMeterThread: Thread finished: Ticket intake 1-67
2026-10-09 08:53:46,081 INFO o.a.j.t.JMeterThread: Thread started: Agent search 2-308
2026-10-09 08:53:46,391 INFO o.a.j.t.JMeterThread: Thread is done: Agent search 2-308
2026-10-09 08:53:46,391 INFO o.a.j.t.JMeterThread: Thread finished: Agent search 2-308
2026-10-09 08:53:48,896 INFO o.a.j.t.JMeterThread: Thread is done: Ticket intake 1-68
2026-10-09 08:53:48,896 INFO o.a.j.t.JMeterThread: Thread finished: Ticket intake 1-68
2026-10-09 08:53:49,655 INFO o.a.j.t.JMeterThread: Thread started: Ticket intake 1-70
2026-10-09 08:53:56,474 INFO o.a.j.t.JMeterThread: Thread is done: Ticket intake 1-69
2026-10-09 08:53:56,474 INFO o.a.j.t.JMeterThread: Thread finished: Ticket intake 1-69
2026-10-09 08:53:57,799 INFO o.a.j.t.JMeterThread: Thread started: Agent search 2-309
2026-10-09 08:53:58,009 INFO o.a.j.t.JMeterThread: Thread is done: Agent search 2-309
2026-10-09 08:53:58,009 INFO o.a.j.t.JMeterThread: Thread finished: Agent search 2-309
2026-10-09 08:53:58,230 INFO o.a.j.t.JMeterThread: Thread started: Agent search 2-310
2026-10-09 08:53:58,419 INFO o.a.j.t.JMeterThread: Thread is done: Agent search 2-310
2026-10-09 08:53:58,419 INFO o.a.j.t.JMeterThread: Thread finished: Agent search 2-310
2026-10-09 08:53:58,599 INFO o.a.j.t.JMeterThread: Thread started: Agent search 2-311
2026-10-09 08:53:58,829 INFO o.a.j.t.JMeterThread: Thread is done: Agent search 2-311
2026-10-09 08:53:58,829 INFO o.a.j.t.JMeterThread: Thread finished: Agent search 2-311
2026-10-09 08:54:03,328 INFO o.a.j.t.JMeterThread: Thread started: Agent search 2-312
2026-10-09 08:54:03,541 INFO o.a.j.r.Summariser: summary +     12 in 00:00:32 =    0.4/s Avg: 11497 Min:   173 Max: 46292 Err:     0 (0.00%) Active: 2 Started: 382 Finished: 380
2026-10-09 08:54:03,541 INFO o.a.j.r.Summariser: summary =    381 in 00:21:42 =    0.3/s Avg:  3189 Min:    67 Max: 46292 Err:     0 (0.00%)
2026-10-09 08:54:03,541 INFO o.a.j.t.JMeterThread: Thread is done: Agent search 2-312
2026-10-09 08:54:03,541 INFO o.a.j.t.JMeterThread: Thread finished: Agent search 2-312
2026-10-09 08:54:08,025 INFO o.a.j.t.JMeterThread: Thread started: Agent search 2-313
2026-10-09 08:54:08,250 INFO o.a.j.t.JMeterThread: Thread is done: Agent search 2-313
2026-10-09 08:54:08,250 INFO o.a.j.t.JMeterThread: Thread finished: Agent search 2-313
2026-10-09 08:54:09,376 INFO o.a.j.t.JMeterThread: Thread is done: Ticket intake 1-70
2026-10-09 08:54:09,376 INFO o.a.j.t.JMeterThread: Thread finished: Ticket intake 1-70
2026-10-09 08:54:09,747 INFO o.a.j.t.JMeterThread: Thread started: Agent search 2-314
2026-10-09 08:54:09,991 INFO o.a.j.t.JMeterThread: Thread is done: Agent search 2-314
2026-10-09 08:54:09,991 INFO o.a.j.t.JMeterThread: Thread finished: Agent search 2-314
2026-10-09 08:54:11,824 INFO o.a.j.t.JMeterThread: Thread started: Ticket intake 1-71
2026-10-09 08:54:17,808 INFO o.a.j.t.JMeterThread: Thread started: Agent search 2-315
2026-10-09 08:54:17,979 INFO o.a.j.t.JMeterThread: Thread is done: Agent search 2-315
2026-10-09 08:54:17,979 INFO o.a.j.t.JMeterThread: Thread finished: Agent search 2-315
2026-10-09 08:54:19,512 INFO o.a.j.t.JMeterThread: Thread started: Ticket intake 1-72
2026-10-09 08:54:23,406 INFO o.a.j.t.JMeterThread: Thread is done: Ticket intake 1-71
2026-10-09 08:54:23,406 INFO o.a.j.t.JMeterThread: Thread finished: Ticket intake 1-71
2026-10-09 08:54:27,898 INFO o.a.j.t.JMeterThread: Thread started: Agent search 2-316
2026-10-09 08:54:28,115 INFO o.a.j.t.JMeterThread: Thread is done: Agent search 2-316
2026-10-09 08:54:28,115 INFO o.a.j.t.JMeterThread: Thread finished: Agent search 2-316
2026-10-09 08:54:30,550 INFO o.a.j.t.JMeterThread: Thread started: Agent search 2-317
2026-10-09 08:54:30,558 INFO o.a.j.r.Summariser: summary +      7 in 00:00:27 =    0.3/s Avg:  6171 Min:   169 Max: 19721 Err:     0 (0.00%) Active: 2 Started: 389 Finished: 387
2026-10-09 08:54:30,558 INFO o.a.j.r.Summariser: summary =    388 in 00:22:09 =    0.3/s Avg:  3243 Min:    67 Max: 46292 Err:     0 (0.00%)
2026-10-09 08:54:30,558 INFO o.a.j.t.JMeterThread: Thread is done: Ticket intake 1-72
2026-10-09 08:54:30,558 INFO o.a.j.t.JMeterThread: Thread finished: Ticket intake 1-72
2026-10-09 08:54:30,675 INFO o.a.j.t.JMeterThread: Thread is done: Agent search 2-317
2026-10-09 08:54:30,675 INFO o.a.j.t.JMeterThread: Thread finished: Agent search 2-317
2026-10-09 08:54:35,138 INFO o.a.j.t.JMeterThread: Thread started: Agent search 2-318
2026-10-09 08:54:35,358 INFO o.a.j.t.JMeterThread: Thread is done: Agent search 2-318
2026-10-09 08:54:35,358 INFO o.a.j.t.JMeterThread: Thread finished: Agent search 2-318
2026-10-09 08:54:35,622 INFO o.a.j.t.JMeterThread: Thread started: Agent search 2-319
2026-10-09 08:54:35,899 INFO o.a.j.t.JMeterThread: Thread is done: Agent search 2-319
2026-10-09 08:54:35,899 INFO o.a.j.t.JMeterThread: Thread finished: Agent search 2-319
2026-10-09 08:54:43,683 INFO o.a.j.t.JMeterThread: Thread started: Agent search 2-320
2026-10-09 08:54:43,886 INFO o.a.j.t.JMeterThread: Thread is done: Agent search 2-320
2026-10-09 08:54:43,886 INFO o.a.j.t.JMeterThread: Thread finished: Agent search 2-320
2026-10-09 08:54:49,058 INFO o.a.j.t.JMeterThread: Thread started: Agent search 2-321
2026-10-09 08:54:49,312 INFO o.a.j.t.JMeterThread: Thread is done: Agent search 2-321
2026-10-09 08:54:49,312 INFO o.a.j.t.JMeterThread: Thread finished: Agent search 2-321
2026-10-09 08:54:52,310 INFO o.a.j.t.JMeterThread: Thread started: Agent search 2-322
2026-10-09 08:54:52,589 INFO o.a.j.t.JMeterThread: Thread is done: Agent search 2-322
2026-10-09 08:54:52,589 INFO o.a.j.t.JMeterThread: Thread finished: Agent search 2-322
2026-10-09 08:54:54,549 INFO o.a.j.t.JMeterThread: Thread started: Agent search 2-323
2026-10-09 08:54:54,744 INFO o.a.j.t.JMeterThread: Thread is done: Agent search 2-323
2026-10-09 08:54:54,744 INFO o.a.j.t.JMeterThread: Thread finished: Agent search 2-323
2026-10-09 08:54:55,201 INFO o.a.j.t.JMeterThread: Thread started: Agent search 2-324
2026-10-09 08:54:55,457 INFO o.a.j.t.JMeterThread: Thread is done: Agent search 2-324
2026-10-09 08:54:55,457 INFO o.a.j.t.JMeterThread: Thread finished: Agent search 2-324
2026-10-09 08:54:58,644 INFO o.a.j.t.JMeterThread: Thread started: Ticket intake 1-73
2026-10-09 08:55:04,069 INFO o.a.j.t.JMeterThread: Thread started: Ticket intake 1-74
2026-10-09 08:55:06,849 INFO o.a.j.t.JMeterThread: Thread is done: Ticket intake 1-73
2026-10-09 08:55:06,849 INFO o.a.j.t.JMeterThread: Thread finished: Ticket intake 1-73
2026-10-09 08:55:09,582 INFO o.a.j.t.JMeterThread: Thread started: Agent search 2-325
2026-10-09 08:55:09,792 INFO o.a.j.t.JMeterThread: Thread is done: Agent search 2-325
2026-10-09 08:55:09,792 INFO o.a.j.t.JMeterThread: Thread finished: Agent search 2-325
2026-10-09 08:55:09,997 INFO o.a.j.t.JMeterThread: Thread started: Agent search 2-326
2026-10-09 08:55:10,203 INFO o.a.j.t.JMeterThread: Thread is done: Agent search 2-326
2026-10-09 08:55:10,203 INFO o.a.j.t.JMeterThread: Thread finished: Agent search 2-326
2026-10-09 08:55:16,756 INFO o.a.j.t.JMeterThread: Thread is done: Ticket intake 1-74
2026-10-09 08:55:16,756 INFO o.a.j.t.JMeterThread: Thread finished: Ticket intake 1-74
2026-10-09 08:55:18,561 INFO o.a.j.t.JMeterThread: Thread started: Agent search 2-327
2026-10-09 08:55:18,772 INFO o.a.j.t.JMeterThread: Thread is done: Agent search 2-327
2026-10-09 08:55:18,772 INFO o.a.j.t.JMeterThread: Thread finished: Agent search 2-327
2026-10-09 08:55:31,899 INFO o.a.j.t.JMeterThread: Thread started: Agent search 2-328
2026-10-09 08:55:32,026 INFO o.a.j.r.Summariser: summary +     14 in 00:01:01 =    0.2/s Avg:  1674 Min:   124 Max: 12685 Err:     0 (0.00%) Active: 1 Started: 402 Finished: 401
2026-10-09 08:55:32,026 INFO o.a.j.r.Summariser: summary =    402 in 00:23:10 =    0.3/s Avg:  3188 Min:    67 Max: 46292 Err:     0 (0.00%)
2026-10-09 08:55:32,026 INFO o.a.j.t.JMeterThread: Thread is done: Agent search 2-328
2026-10-09 08:55:32,026 INFO o.a.j.t.JMeterThread: Thread finished: Agent search 2-328
2026-10-09 08:55:33,340 INFO o.a.j.t.JMeterThread: Thread started: Agent search 2-329
2026-10-09 08:55:33,550 INFO o.a.j.t.JMeterThread: Thread is done: Agent search 2-329
2026-10-09 08:55:33,550 INFO o.a.j.t.JMeterThread: Thread finished: Agent search 2-329
2026-10-09 08:55:37,902 INFO o.a.j.t.JMeterThread: Thread started: Agent search 2-330
2026-10-09 08:55:38,010 INFO o.a.j.t.JMeterThread: Thread is done: Agent search 2-330
2026-10-09 08:55:38,010 INFO o.a.j.t.JMeterThread: Thread finished: Agent search 2-330
2026-10-09 08:55:38,168 INFO o.a.j.t.JMeterThread: Thread started: Agent search 2-331
2026-10-09 08:55:38,362 INFO o.a.j.t.JMeterThread: Thread is done: Agent search 2-331
2026-10-09 08:55:38,362 INFO o.a.j.t.JMeterThread: Thread finished: Agent search 2-331
2026-10-09 08:55:44,596 INFO o.a.j.t.JMeterThread: Thread started: Agent search 2-332
2026-10-09 08:55:44,812 INFO o.a.j.t.JMeterThread: Thread is done: Agent search 2-332
2026-10-09 08:55:44,812 INFO o.a.j.t.JMeterThread: Thread finished: Agent search 2-332
2026-10-09 08:55:48,727 INFO o.a.j.t.JMeterThread: Thread started: Agent search 2-333
2026-10-09 08:55:49,012 INFO o.a.j.t.JMeterThread: Thread is done: Agent search 2-333
2026-10-09 08:55:49,012 INFO o.a.j.t.JMeterThread: Thread finished: Agent search 2-333
2026-10-09 08:55:49,515 INFO o.a.j.t.JMeterThread: Thread started: Agent search 2-334
2026-10-09 08:55:49,729 INFO o.a.j.t.JMeterThread: Thread is done: Agent search 2-334
2026-10-09 08:55:49,730 INFO o.a.j.t.JMeterThread: Thread finished: Agent search 2-334
2026-10-09 08:55:52,235 INFO o.a.j.t.JMeterThread: Thread started: Ticket intake 1-75
2026-10-09 08:55:52,426 INFO o.a.j.t.JMeterThread: Thread started: Agent search 2-335
2026-10-09 08:55:52,596 INFO o.a.j.t.JMeterThread: Thread is done: Agent search 2-335
2026-10-09 08:55:52,596 INFO o.a.j.t.JMeterThread: Thread finished: Agent search 2-335
2026-10-09 08:55:54,963 INFO o.a.j.t.JMeterThread: Thread started: Agent search 2-336
2026-10-09 08:55:55,155 INFO o.a.j.t.JMeterThread: Thread is done: Agent search 2-336
2026-10-09 08:55:55,155 INFO o.a.j.t.JMeterThread: Thread finished: Agent search 2-336
2026-10-09 08:55:58,875 INFO o.a.j.t.JMeterThread: Thread started: Agent search 2-337
2026-10-09 08:55:59,047 INFO o.a.j.t.JMeterThread: Thread is done: Agent search 2-337
2026-10-09 08:55:59,047 INFO o.a.j.t.JMeterThread: Thread finished: Agent search 2-337
2026-10-09 08:55:59,144 INFO o.a.j.t.JMeterThread: Thread started: Agent search 2-338
2026-10-09 08:55:59,457 INFO o.a.j.t.JMeterThread: Thread is done: Agent search 2-338
2026-10-09 08:55:59,457 INFO o.a.j.t.JMeterThread: Thread finished: Agent search 2-338
2026-10-09 08:56:02,324 INFO o.a.j.r.Summariser: summary +     11 in 00:00:30 =    0.4/s Avg:  1104 Min:   106 Max: 10088 Err:     0 (0.00%) Active: 1 Started: 413 Finished: 412
2026-10-09 08:56:02,324 INFO o.a.j.r.Summariser: summary =    413 in 00:23:40 =    0.3/s Avg:  3132 Min:    67 Max: 46292 Err:     0 (0.00%)
2026-10-09 08:56:02,324 INFO o.a.j.t.JMeterThread: Thread is done: Ticket intake 1-75
2026-10-09 08:56:02,324 INFO o.a.j.t.JMeterThread: Thread finished: Ticket intake 1-75
2026-10-09 08:56:04,218 INFO o.a.j.t.JMeterThread: Thread started: Agent search 2-339
2026-10-09 08:56:04,474 INFO o.a.j.t.JMeterThread: Thread is done: Agent search 2-339
2026-10-09 08:56:04,474 INFO o.a.j.t.JMeterThread: Thread finished: Agent search 2-339
2026-10-09 08:56:05,950 INFO o.a.j.t.JMeterThread: Thread started: Agent search 2-340
2026-10-09 08:56:06,033 INFO o.a.j.t.JMeterThread: Thread is done: Agent search 2-340
2026-10-09 08:56:06,034 INFO o.a.j.t.JMeterThread: Thread finished: Agent search 2-340
2026-10-09 08:56:06,908 INFO o.a.j.t.JMeterThread: Thread started: Agent search 2-341
2026-10-09 08:56:07,177 INFO o.a.j.t.JMeterThread: Thread is done: Agent search 2-341
2026-10-09 08:56:07,177 INFO o.a.j.t.JMeterThread: Thread finished: Agent search 2-341
2026-10-09 08:56:09,240 INFO o.a.j.t.JMeterThread: Thread started: Agent search 2-342
2026-10-09 08:56:09,355 INFO o.a.j.t.JMeterThread: Thread is done: Agent search 2-342
2026-10-09 08:56:09,355 INFO o.a.j.t.JMeterThread: Thread finished: Agent search 2-342
2026-10-09 08:56:11,231 INFO o.a.j.t.JMeterThread: Thread started: Ticket intake 1-76
2026-10-09 08:56:11,343 INFO o.a.j.t.JMeterThread: Thread started: Agent search 2-343
2026-10-09 08:56:11,540 INFO o.a.j.t.JMeterThread: Thread is done: Agent search 2-343
2026-10-09 08:56:11,540 INFO o.a.j.t.JMeterThread: Thread finished: Agent search 2-343
2026-10-09 08:56:15,271 INFO o.a.j.t.JMeterThread: Thread started: Ticket intake 1-77
2026-10-09 08:56:15,771 INFO o.a.j.t.JMeterThread: Thread started: Agent search 2-344
2026-10-09 08:56:15,943 INFO o.a.j.t.JMeterThread: Thread is done: Agent search 2-344
2026-10-09 08:56:15,943 INFO o.a.j.t.JMeterThread: Thread finished: Agent search 2-344
2026-10-09 08:56:18,734 INFO o.a.j.t.JMeterThread: Thread started: Ticket intake 1-78
2026-10-09 08:56:19,117 INFO o.a.j.t.JMeterThread: Thread is done: Ticket intake 1-76
2026-10-09 08:56:19,117 INFO o.a.j.t.JMeterThread: Thread finished: Ticket intake 1-76
2026-10-09 08:56:19,131 INFO o.a.j.t.JMeterThread: Thread started: Agent search 2-345
2026-10-09 08:56:19,322 INFO o.a.j.t.JMeterThread: Thread is done: Agent search 2-345
2026-10-09 08:56:19,322 INFO o.a.j.t.JMeterThread: Thread finished: Agent search 2-345
2026-10-09 08:56:19,373 INFO o.a.j.t.JMeterThread: Thread started: Agent search 2-346
2026-10-09 08:56:19,526 INFO o.a.j.t.JMeterThread: Thread is done: Agent search 2-346
2026-10-09 08:56:19,526 INFO o.a.j.t.JMeterThread: Thread finished: Agent search 2-346
2026-10-09 08:56:25,453 INFO o.a.j.t.JMeterThread: Thread started: Agent search 2-347
2026-10-09 08:56:25,673 INFO o.a.j.t.JMeterThread: Thread is done: Agent search 2-347
2026-10-09 08:56:25,673 INFO o.a.j.t.JMeterThread: Thread finished: Agent search 2-347
2026-10-09 08:56:28,027 INFO o.a.j.t.JMeterThread: Thread is done: Ticket intake 1-77
2026-10-09 08:56:28,027 INFO o.a.j.t.JMeterThread: Thread finished: Ticket intake 1-77
2026-10-09 08:56:32,901 INFO o.a.j.t.JMeterThread: Thread started: Agent search 2-348
2026-10-09 08:56:33,009 INFO o.a.j.r.Summariser: summary +     12 in 00:00:31 =    0.4/s Avg:  1866 Min:    83 Max: 12755 Err:     0 (0.00%) Active: 2 Started: 426 Finished: 424
2026-10-09 08:56:33,010 INFO o.a.j.r.Summariser: summary =    425 in 00:24:11 =    0.3/s Avg:  3097 Min:    67 Max: 46292 Err:     0 (0.00%)
2026-10-09 08:56:33,010 INFO o.a.j.t.JMeterThread: Thread is done: Agent search 2-348
2026-10-09 08:56:33,010 INFO o.a.j.t.JMeterThread: Thread finished: Agent search 2-348
2026-10-09 08:56:36,078 INFO o.a.j.t.JMeterThread: Thread started: Agent search 2-349
2026-10-09 08:56:36,233 INFO o.a.j.t.JMeterThread: Thread is done: Agent search 2-349
2026-10-09 08:56:36,233 INFO o.a.j.t.JMeterThread: Thread finished: Agent search 2-349
2026-10-09 08:56:36,342 INFO o.a.j.t.JMeterThread: Thread started: Agent search 2-350
2026-10-09 08:56:36,482 INFO o.a.j.t.JMeterThread: Thread is done: Agent search 2-350
2026-10-09 08:56:36,482 INFO o.a.j.t.JMeterThread: Thread finished: Agent search 2-350
2026-10-09 08:56:37,923 INFO o.a.j.t.JMeterThread: Thread started: Ticket intake 1-79
2026-10-09 08:56:39,931 INFO o.a.j.t.JMeterThread: Thread started: Agent search 2-351
2026-10-09 08:56:40,045 INFO o.a.j.t.JMeterThread: Thread is done: Agent search 2-351
2026-10-09 08:56:40,046 INFO o.a.j.t.JMeterThread: Thread finished: Agent search 2-351
2026-10-09 08:56:40,761 INFO o.a.j.t.JMeterThread: Thread is done: Ticket intake 1-78
2026-10-09 08:56:40,761 INFO o.a.j.t.JMeterThread: Thread finished: Ticket intake 1-78
2026-10-09 08:56:46,378 INFO o.a.j.t.JMeterThread: Thread started: Ticket intake 1-80
2026-10-09 08:56:49,228 INFO o.a.j.t.JMeterThread: Thread started: Ticket intake 1-81
2026-10-09 08:56:52,735 INFO o.a.j.t.JMeterThread: Thread started: Agent search 2-352
2026-10-09 08:56:52,863 INFO o.a.j.t.JMeterThread: Thread is done: Agent search 2-352
2026-10-09 08:56:52,864 INFO o.a.j.t.JMeterThread: Thread finished: Agent search 2-352
2026-10-09 08:56:52,928 INFO o.a.j.t.JMeterThread: Thread is done: Ticket intake 1-79
2026-10-09 08:56:52,929 INFO o.a.j.t.JMeterThread: Thread finished: Ticket intake 1-79
2026-10-09 08:56:59,515 INFO o.a.j.t.JMeterThread: Thread started: Agent search 2-353
2026-10-09 08:56:59,632 INFO o.a.j.t.JMeterThread: Thread is done: Agent search 2-353
2026-10-09 08:56:59,632 INFO o.a.j.t.JMeterThread: Thread finished: Agent search 2-353
2026-10-09 08:57:01,592 INFO o.a.j.r.Summariser: summary +      8 in 00:00:29 =    0.3/s Avg:  6611 Min:   114 Max: 22026 Err:     0 (0.00%) Active: 2 Started: 434 Finished: 432
2026-10-09 08:57:01,592 INFO o.a.j.r.Summariser: summary =    433 in 00:24:40 =    0.3/s Avg:  3162 Min:    67 Max: 46292 Err:     0 (0.00%)
2026-10-09 08:57:01,592 INFO o.a.j.t.JMeterThread: Thread is done: Ticket intake 1-80
2026-10-09 08:57:01,592 INFO o.a.j.t.JMeterThread: Thread finished: Ticket intake 1-80
2026-10-09 08:57:11,752 INFO o.a.j.t.JMeterThread: Thread is done: Ticket intake 1-81
2026-10-09 08:57:11,752 INFO o.a.j.t.JMeterThread: Thread finished: Ticket intake 1-81
2026-10-09 08:57:14,465 INFO o.a.j.t.JMeterThread: Thread started: Agent search 2-354
2026-10-09 08:57:14,584 INFO o.a.j.t.JMeterThread: Thread is done: Agent search 2-354
2026-10-09 08:57:14,584 INFO o.a.j.t.JMeterThread: Thread finished: Agent search 2-354
2026-10-09 08:57:19,787 INFO o.a.j.t.JMeterThread: Thread started: Agent search 2-355
2026-10-09 08:57:19,908 INFO o.a.j.t.JMeterThread: Thread is done: Agent search 2-355
2026-10-09 08:57:19,908 INFO o.a.j.t.JMeterThread: Thread finished: Agent search 2-355
2026-10-09 08:57:26,669 INFO o.a.j.t.JMeterThread: Thread started: Agent search 2-356
2026-10-09 08:57:26,791 INFO o.a.j.t.JMeterThread: Thread is done: Agent search 2-356
2026-10-09 08:57:26,791 INFO o.a.j.t.JMeterThread: Thread finished: Agent search 2-356
2026-10-09 08:57:29,531 INFO o.a.j.t.JMeterThread: Thread started: Agent search 2-357
2026-10-09 08:57:29,648 INFO o.a.j.t.JMeterThread: Thread is done: Agent search 2-357
2026-10-09 08:57:29,648 INFO o.a.j.t.JMeterThread: Thread finished: Agent search 2-357
2026-10-09 08:57:31,529 INFO o.a.j.t.JMeterThread: Thread started: Ticket intake 1-82
2026-10-09 08:57:32,685 INFO o.a.j.t.JMeterThread: Thread started: Agent search 2-358
2026-10-09 08:57:32,790 INFO o.a.j.r.Summariser: summary +      6 in 00:00:31 =    0.2/s Avg:  3850 Min:   103 Max: 22523 Err:     0 (0.00%) Active: 2 Started: 440 Finished: 438
2026-10-09 08:57:32,791 INFO o.a.j.r.Summariser: summary =    439 in 00:25:11 =    0.3/s Avg:  3171 Min:    67 Max: 46292 Err:     0 (0.00%)
2026-10-09 08:57:32,791 INFO o.a.j.t.JMeterThread: Thread is done: Agent search 2-358
2026-10-09 08:57:32,791 INFO o.a.j.t.JMeterThread: Thread finished: Agent search 2-358
2026-10-09 08:57:42,553 INFO o.a.j.t.JMeterThread: Thread is done: Ticket intake 1-82
2026-10-09 08:57:42,554 INFO o.a.j.t.JMeterThread: Thread finished: Ticket intake 1-82
2026-10-09 08:57:43,527 INFO o.a.j.t.JMeterThread: Thread started: Agent search 2-359
2026-10-09 08:57:43,620 INFO o.a.j.t.JMeterThread: Thread started: Agent search 2-360
2026-10-09 08:57:43,695 INFO o.a.j.t.JMeterThread: Thread is done: Agent search 2-359
2026-10-09 08:57:43,696 INFO o.a.j.t.JMeterThread: Thread finished: Agent search 2-359
2026-10-09 08:57:43,736 INFO o.a.j.t.JMeterThread: Thread is done: Agent search 2-360
2026-10-09 08:57:43,737 INFO o.a.j.t.JMeterThread: Thread finished: Agent search 2-360
2026-10-09 08:57:45,297 INFO o.a.j.t.JMeterThread: Thread started: Agent search 2-361
2026-10-09 08:57:45,420 INFO o.a.j.t.JMeterThread: Thread is done: Agent search 2-361
2026-10-09 08:57:45,420 INFO o.a.j.t.JMeterThread: Thread finished: Agent search 2-361
2026-10-09 08:57:49,809 INFO o.a.j.t.JMeterThread: Thread started: Agent search 2-362
2026-10-09 08:57:49,902 INFO o.a.j.t.JMeterThread: Thread is done: Agent search 2-362
2026-10-09 08:57:49,902 INFO o.a.j.t.JMeterThread: Thread finished: Agent search 2-362
2026-10-09 08:57:52,301 INFO o.a.j.t.JMeterThread: Thread started: Agent search 2-363
2026-10-09 08:57:52,468 INFO o.a.j.t.JMeterThread: Thread is done: Agent search 2-363
2026-10-09 08:57:52,468 INFO o.a.j.t.JMeterThread: Thread finished: Agent search 2-363
2026-10-09 08:57:56,665 INFO o.a.j.t.JMeterThread: Thread started: Agent search 2-364
2026-10-09 08:57:56,798 INFO o.a.j.t.JMeterThread: Thread is done: Agent search 2-364
2026-10-09 08:57:56,798 INFO o.a.j.t.JMeterThread: Thread finished: Agent search 2-364
2026-10-09 08:57:57,334 INFO o.a.j.t.JMeterThread: Thread started: Agent search 2-365
2026-10-09 08:57:57,415 INFO o.a.j.t.JMeterThread: Thread is done: Agent search 2-365
2026-10-09 08:57:57,415 INFO o.a.j.t.JMeterThread: Thread finished: Agent search 2-365
2026-10-09 08:57:57,530 INFO o.a.j.t.JMeterThread: Thread started: Agent search 2-366
2026-10-09 08:57:57,660 INFO o.a.j.t.JMeterThread: Thread is done: Agent search 2-366
2026-10-09 08:57:57,660 INFO o.a.j.t.JMeterThread: Thread finished: Agent search 2-366
2026-10-09 08:58:01,251 INFO o.a.j.t.JMeterThread: Thread started: Agent search 2-367
2026-10-09 08:58:01,381 INFO o.a.j.r.Summariser: summary +     10 in 00:00:29 =    0.3/s Avg:  1215 Min:    81 Max: 11024 Err:     0 (0.00%) Active: 1 Started: 449 Finished: 448
2026-10-09 08:58:01,381 INFO o.a.j.r.Summariser: summary =    449 in 00:25:39 =    0.3/s Avg:  3127 Min:    67 Max: 46292 Err:     0 (0.00%)
2026-10-09 08:58:01,381 INFO o.a.j.t.JMeterThread: Thread is done: Agent search 2-367
2026-10-09 08:58:01,381 INFO o.a.j.t.JMeterThread: Thread finished: Agent search 2-367
2026-10-09 08:58:02,152 INFO o.a.j.t.JMeterThread: Thread started: Agent search 2-368
2026-10-09 08:58:02,309 INFO o.a.j.t.JMeterThread: Thread is done: Agent search 2-368
2026-10-09 08:58:02,309 INFO o.a.j.t.JMeterThread: Thread finished: Agent search 2-368
2026-10-09 08:58:02,669 INFO o.a.j.t.JMeterThread: Thread started: Agent search 2-369
2026-10-09 08:58:02,777 INFO o.a.j.t.JMeterThread: Thread is done: Agent search 2-369
2026-10-09 08:58:02,777 INFO o.a.j.t.JMeterThread: Thread finished: Agent search 2-369
2026-10-09 08:58:04,728 INFO o.a.j.t.JMeterThread: Thread started: Ticket intake 1-83
2026-10-09 08:58:09,105 INFO o.a.j.t.JMeterThread: Thread started: Agent search 2-370
2026-10-09 08:58:09,224 INFO o.a.j.t.JMeterThread: Thread is done: Agent search 2-370
2026-10-09 08:58:09,224 INFO o.a.j.t.JMeterThread: Thread finished: Agent search 2-370
2026-10-09 08:58:10,983 INFO o.a.j.t.JMeterThread: Thread started: Agent search 2-371
2026-10-09 08:58:11,217 INFO o.a.j.t.JMeterThread: Thread is done: Agent search 2-371
2026-10-09 08:58:11,217 INFO o.a.j.t.JMeterThread: Thread finished: Agent search 2-371
2026-10-09 08:58:13,675 INFO o.a.j.t.JMeterThread: Thread is done: Ticket intake 1-83
2026-10-09 08:58:13,675 INFO o.a.j.t.JMeterThread: Thread finished: Ticket intake 1-83
2026-10-09 08:58:14,705 INFO o.a.j.t.JMeterThread: Thread started: Ticket intake 1-84
2026-10-09 08:58:24,552 INFO o.a.j.t.JMeterThread: Thread is done: Ticket intake 1-84
2026-10-09 08:58:24,552 INFO o.a.j.t.JMeterThread: Thread finished: Ticket intake 1-84
2026-10-09 08:58:28,807 INFO o.a.j.t.JMeterThread: Thread started: Agent search 2-372
2026-10-09 08:58:28,974 INFO o.a.j.t.JMeterThread: Thread is done: Agent search 2-372
2026-10-09 08:58:28,974 INFO o.a.j.t.JMeterThread: Thread finished: Agent search 2-372
2026-10-09 08:58:29,083 INFO o.a.j.t.JMeterThread: Thread started: Agent search 2-373
2026-10-09 08:58:29,171 INFO o.a.j.t.JMeterThread: Thread is done: Agent search 2-373
2026-10-09 08:58:29,171 INFO o.a.j.t.JMeterThread: Thread finished: Agent search 2-373
2026-10-09 08:58:36,884 INFO o.a.j.t.JMeterThread: Thread started: Agent search 2-374
2026-10-09 08:58:37,358 INFO o.a.j.t.JMeterThread: Thread is done: Agent search 2-374
2026-10-09 08:58:37,358 INFO o.a.j.t.JMeterThread: Thread finished: Agent search 2-374
2026-10-09 08:58:43,865 INFO o.a.j.t.JMeterThread: Thread started: Agent search 2-375
2026-10-09 08:58:44,117 INFO o.a.j.t.JMeterThread: Thread is done: Agent search 2-375
2026-10-09 08:58:44,117 INFO o.a.j.t.JMeterThread: Thread finished: Agent search 2-375
2026-10-09 08:58:46,087 INFO o.a.j.t.JMeterThread: Thread started: Agent search 2-376
2026-10-09 08:58:46,236 INFO o.a.j.t.JMeterThread: Thread is done: Agent search 2-376
2026-10-09 08:58:46,237 INFO o.a.j.t.JMeterThread: Thread finished: Agent search 2-376
2026-10-09 08:58:47,014 INFO o.a.j.t.JMeterThread: Thread started: Ticket intake 1-85
2026-10-09 08:58:47,128 INFO o.a.j.t.JMeterThread: Thread started: Ticket intake 1-86
2026-10-09 08:58:47,312 INFO o.a.j.t.JMeterThread: Thread started: Agent search 2-377
2026-10-09 08:58:47,496 INFO o.a.j.t.JMeterThread: Thread is done: Agent search 2-377
2026-10-09 08:58:47,496 INFO o.a.j.t.JMeterThread: Thread finished: Agent search 2-377
2026-10-09 08:58:48,354 INFO o.a.j.t.JMeterThread: Thread started: Ticket intake 1-87
2026-10-09 08:58:55,382 INFO o.a.j.t.JMeterThread: Thread is done: Ticket intake 1-85
2026-10-09 08:58:55,382 INFO o.a.j.t.JMeterThread: Thread finished: Ticket intake 1-85
2026-10-09 08:59:02,402 INFO o.a.j.t.JMeterThread: Thread started: Agent search 2-378
2026-10-09 08:59:02,549 INFO o.a.j.r.Summariser: summary +     14 in 00:01:01 =    0.2/s Avg:  2087 Min:    87 Max:  9845 Err:     0 (0.00%) Active: 3 Started: 465 Finished: 462
2026-10-09 08:59:02,549 INFO o.a.j.r.Summariser: summary =    463 in 00:26:41 =    0.3/s Avg:  3096 Min:    67 Max: 46292 Err:     0 (0.00%)
2026-10-09 08:59:02,550 INFO o.a.j.t.JMeterThread: Thread is done: Agent search 2-378
2026-10-09 08:59:02,550 INFO o.a.j.t.JMeterThread: Thread finished: Agent search 2-378
2026-10-09 08:59:08,488 INFO o.a.j.t.JMeterThread: Thread is done: Ticket intake 1-86
2026-10-09 08:59:08,488 INFO o.a.j.t.JMeterThread: Thread finished: Ticket intake 1-86
2026-10-09 08:59:15,556 INFO o.a.j.t.JMeterThread: Thread started: Agent search 2-379
2026-10-09 08:59:15,760 INFO o.a.j.t.JMeterThread: Thread is done: Agent search 2-379
2026-10-09 08:59:15,760 INFO o.a.j.t.JMeterThread: Thread finished: Agent search 2-379
2026-10-09 08:59:16,885 INFO o.a.j.t.JMeterThread: Thread is done: Ticket intake 1-87
2026-10-09 08:59:16,885 INFO o.a.j.t.JMeterThread: Thread finished: Ticket intake 1-87
2026-10-09 08:59:17,276 INFO o.a.j.t.JMeterThread: Thread started: Agent search 2-380
2026-10-09 08:59:17,501 INFO o.a.j.t.JMeterThread: Thread is done: Agent search 2-380
2026-10-09 08:59:17,501 INFO o.a.j.t.JMeterThread: Thread finished: Agent search 2-380
2026-10-09 08:59:27,778 INFO o.a.j.t.JMeterThread: Thread started: Agent search 2-381
2026-10-09 08:59:27,945 INFO o.a.j.t.JMeterThread: Thread is done: Agent search 2-381
2026-10-09 08:59:27,945 INFO o.a.j.t.JMeterThread: Thread finished: Agent search 2-381
2026-10-09 08:59:31,762 INFO o.a.j.t.JMeterThread: Thread started: Ticket intake 1-88
2026-10-09 08:59:41,020 INFO o.a.j.t.JMeterThread: Thread is done: Ticket intake 1-88
2026-10-09 08:59:41,020 INFO o.a.j.t.JMeterThread: Thread finished: Ticket intake 1-88
2026-10-09 08:59:45,192 INFO o.a.j.t.JMeterThread: Thread started: Agent search 2-382
2026-10-09 08:59:45,455 INFO o.a.j.t.JMeterThread: Thread is done: Agent search 2-382
2026-10-09 08:59:45,455 INFO o.a.j.t.JMeterThread: Thread finished: Agent search 2-382
2026-10-09 08:59:46,529 INFO o.a.j.t.JMeterThread: Thread started: Agent search 2-383
2026-10-09 08:59:46,787 INFO o.a.j.t.JMeterThread: Thread is done: Agent search 2-383
2026-10-09 08:59:46,788 INFO o.a.j.t.JMeterThread: Thread finished: Agent search 2-383
2026-10-09 08:59:47,299 INFO o.a.j.t.JMeterThread: Thread started: Agent search 2-384
2026-10-09 08:59:47,504 INFO o.a.j.t.JMeterThread: Thread is done: Agent search 2-384
2026-10-09 08:59:47,505 INFO o.a.j.t.JMeterThread: Thread finished: Agent search 2-384
2026-10-09 08:59:48,762 INFO o.a.j.t.JMeterThread: Thread started: Agent search 2-385
2026-10-09 08:59:48,937 INFO o.a.j.t.JMeterThread: Thread is done: Agent search 2-385
2026-10-09 08:59:48,937 INFO o.a.j.t.JMeterThread: Thread finished: Agent search 2-385
2026-10-09 08:59:53,932 INFO o.a.j.t.JMeterThread: Thread started: Agent search 2-386
2026-10-09 08:59:54,160 INFO o.a.j.t.JMeterThread: Thread is done: Agent search 2-386
2026-10-09 08:59:54,160 INFO o.a.j.t.JMeterThread: Thread finished: Agent search 2-386
2026-10-09 08:59:57,063 INFO o.a.j.t.JMeterThread: Thread started: Agent search 2-387
2026-10-09 08:59:57,334 INFO o.a.j.t.JMeterThread: Thread is done: Agent search 2-387
2026-10-09 08:59:57,334 INFO o.a.j.t.JMeterThread: Thread finished: Agent search 2-387
2026-10-09 09:00:00,858 INFO o.a.j.t.JMeterThread: Thread started: Agent search 2-388
2026-10-09 09:00:01,020 INFO o.a.j.r.Summariser: summary +     13 in 00:00:58 =    0.2/s Avg:  4714 Min:   160 Max: 28530 Err:     0 (0.00%) Active: 1 Started: 476 Finished: 475
2026-10-09 09:00:01,020 INFO o.a.j.r.Summariser: summary =    476 in 00:27:39 =    0.3/s Avg:  3140 Min:    67 Max: 46292 Err:     0 (0.00%)
2026-10-09 09:00:01,021 INFO o.a.j.t.JMeterThread: Thread is done: Agent search 2-388
2026-10-09 09:00:01,021 INFO o.a.j.t.JMeterThread: Thread finished: Agent search 2-388
2026-10-09 09:00:05,344 INFO o.a.j.t.JMeterThread: Thread started: Agent search 2-389
2026-10-09 09:00:05,628 INFO o.a.j.t.JMeterThread: Thread is done: Agent search 2-389
2026-10-09 09:00:05,628 INFO o.a.j.t.JMeterThread: Thread finished: Agent search 2-389
2026-10-09 09:00:09,384 INFO o.a.j.t.JMeterThread: Thread started: Agent search 2-390
2026-10-09 09:00:09,587 INFO o.a.j.t.JMeterThread: Thread is done: Agent search 2-390
2026-10-09 09:00:09,587 INFO o.a.j.t.JMeterThread: Thread finished: Agent search 2-390
2026-10-09 09:00:11,156 INFO o.a.j.t.JMeterThread: Thread started: Agent search 2-391
2026-10-09 09:00:11,363 INFO o.a.j.t.JMeterThread: Thread is done: Agent search 2-391
2026-10-09 09:00:11,363 INFO o.a.j.t.JMeterThread: Thread finished: Agent search 2-391
2026-10-09 09:00:32,075 INFO o.a.j.t.JMeterThread: Thread started: Agent search 2-392
2026-10-09 09:00:32,253 INFO o.a.j.r.Summariser: summary +      4 in 00:00:31 =    0.1/s Avg:   217 Min:   177 Max:   283 Err:     0 (0.00%) Active: 1 Started: 480 Finished: 479
2026-10-09 09:00:32,254 INFO o.a.j.r.Summariser: summary =    480 in 00:28:10 =    0.3/s Avg:  3116 Min:    67 Max: 46292 Err:     0 (0.00%)
2026-10-09 09:00:32,254 INFO o.a.j.t.JMeterThread: Thread is done: Agent search 2-392
2026-10-09 09:00:32,254 INFO o.a.j.t.JMeterThread: Thread finished: Agent search 2-392
2026-10-09 09:01:09,694 INFO o.a.j.t.JMeterThread: Thread started: Agent search 2-393
2026-10-09 09:01:09,980 INFO o.a.j.t.JMeterThread: Thread is done: Agent search 2-393
2026-10-09 09:01:09,980 INFO o.a.j.t.JMeterThread: Thread finished: Agent search 2-393
2026-10-09 09:01:12,545 INFO o.a.j.t.JMeterThread: Thread started: Agent search 2-394
2026-10-09 09:01:12,653 INFO o.a.j.t.JMeterThread: Thread is done: Agent search 2-394
2026-10-09 09:01:12,653 INFO o.a.j.t.JMeterThread: Thread finished: Agent search 2-394
2026-10-09 09:01:13,021 INFO o.a.j.t.JMeterThread: Thread started: Agent search 2-395
2026-10-09 09:01:13,212 INFO o.a.j.t.JMeterThread: Thread is done: Agent search 2-395
2026-10-09 09:01:13,212 INFO o.a.j.t.JMeterThread: Thread finished: Agent search 2-395
2026-10-09 09:01:14,198 INFO o.a.j.t.JMeterThread: Thread started: Agent search 2-396
2026-10-09 09:01:14,340 INFO o.a.j.t.JMeterThread: Thread is done: Agent search 2-396
2026-10-09 09:01:14,340 INFO o.a.j.t.JMeterThread: Thread finished: Agent search 2-396
2026-10-09 09:01:15,096 INFO o.a.j.t.JMeterThread: Thread started: Agent search 2-397
2026-10-09 09:01:15,364 INFO o.a.j.t.JMeterThread: Thread is done: Agent search 2-397
2026-10-09 09:01:15,364 INFO o.a.j.t.JMeterThread: Thread finished: Agent search 2-397
2026-10-09 09:01:22,243 INFO o.a.j.t.JMeterThread: Thread started: Agent search 2-398
2026-10-09 09:01:22,531 INFO o.a.j.t.JMeterThread: Thread is done: Agent search 2-398
2026-10-09 09:01:22,531 INFO o.a.j.t.JMeterThread: Thread finished: Agent search 2-398
2026-10-09 09:01:24,133 INFO o.a.j.t.JMeterThread: Thread started: Agent search 2-399
2026-10-09 09:01:24,254 INFO o.a.j.t.JMeterThread: Thread is done: Agent search 2-399
2026-10-09 09:01:24,254 INFO o.a.j.t.JMeterThread: Thread finished: Agent search 2-399
2026-10-09 09:01:33,952 INFO o.a.j.t.JMeterThread: Thread started: Ticket intake 1-89
2026-10-09 09:01:34,227 INFO o.a.j.t.JMeterThread: Thread started: Agent search 2-400
2026-10-09 09:01:34,409 INFO o.a.j.r.Summariser: summary +      8 in 00:01:02 =    0.1/s Avg:   197 Min:   106 Max:   288 Err:     0 (0.00%) Active: 2 Started: 489 Finished: 487
2026-10-09 09:01:34,410 INFO o.a.j.r.Summariser: summary =    488 in 00:29:12 =    0.3/s Avg:  3068 Min:    67 Max: 46292 Err:     0 (0.00%)
2026-10-09 09:01:34,410 INFO o.a.j.t.JMeterThread: Thread is done: Agent search 2-400
2026-10-09 09:01:34,410 INFO o.a.j.t.JMeterThread: Thread finished: Agent search 2-400
2026-10-09 09:01:34,676 INFO o.a.j.t.JMeterThread: Thread started: Agent search 2-401
2026-10-09 09:01:35,024 INFO o.a.j.t.JMeterThread: Thread is done: Agent search 2-401
2026-10-09 09:01:35,024 INFO o.a.j.t.JMeterThread: Thread finished: Agent search 2-401
2026-10-09 09:01:41,372 INFO o.a.j.t.JMeterThread: Thread started: Agent search 2-402
2026-10-09 09:01:41,582 INFO o.a.j.t.JMeterThread: Thread is done: Agent search 2-402
2026-10-09 09:01:41,582 INFO o.a.j.t.JMeterThread: Thread finished: Agent search 2-402
2026-10-09 09:01:42,062 INFO o.a.j.t.JMeterThread: Thread started: Agent search 2-403
2026-10-09 09:01:42,295 INFO o.a.j.t.JMeterThread: Thread is done: Agent search 2-403
2026-10-09 09:01:42,295 INFO o.a.j.t.JMeterThread: Thread is done: Ticket intake 1-89
2026-10-09 09:01:42,295 INFO o.a.j.t.JMeterThread: Thread finished: Agent search 2-403
2026-10-09 09:01:42,295 INFO o.a.j.t.JMeterThread: Thread finished: Ticket intake 1-89
2026-10-09 09:01:43,173 INFO o.a.j.t.JMeterThread: Thread started: Agent search 2-404
2026-10-09 09:01:43,523 INFO o.a.j.t.JMeterThread: Thread is done: Agent search 2-404
2026-10-09 09:01:43,523 INFO o.a.j.t.JMeterThread: Thread finished: Agent search 2-404
2026-10-09 09:01:43,807 INFO o.a.j.t.JMeterThread: Thread started: Agent search 2-405
2026-10-09 09:01:43,983 INFO o.a.j.t.JMeterThread: Thread is done: Agent search 2-405
2026-10-09 09:01:43,983 INFO o.a.j.t.JMeterThread: Thread finished: Agent search 2-405
2026-10-09 09:01:45,716 INFO o.a.j.t.JMeterThread: Thread started: Agent search 2-406
2026-10-09 09:01:45,981 INFO o.a.j.t.JMeterThread: Thread is done: Agent search 2-406
2026-10-09 09:01:45,981 INFO o.a.j.t.JMeterThread: Thread finished: Agent search 2-406
2026-10-09 09:01:47,619 INFO o.a.j.t.JMeterThread: Thread started: Agent search 2-407
2026-10-09 09:01:47,824 INFO o.a.j.t.JMeterThread: Thread is done: Agent search 2-407
2026-10-09 09:01:47,824 INFO o.a.j.t.JMeterThread: Thread finished: Agent search 2-407
2026-10-09 09:01:53,827 INFO o.a.j.t.JMeterThread: Thread started: Ticket intake 1-90
2026-10-09 09:01:54,040 INFO o.a.j.t.JMeterThread: Thread started: Agent search 2-408
2026-10-09 09:01:54,173 INFO o.a.j.t.JMeterThread: Thread is done: Agent search 2-408
2026-10-09 09:01:54,174 INFO o.a.j.t.JMeterThread: Thread finished: Agent search 2-408
2026-10-09 09:01:59,892 INFO o.a.j.t.JMeterThread: Thread started: Agent search 2-409
2026-10-09 09:02:00,112 INFO o.a.j.r.Summariser: summary +     10 in 00:00:26 =    0.4/s Avg:  1047 Min:   132 Max:  8342 Err:     0 (0.00%) Active: 2 Started: 499 Finished: 497
2026-10-09 09:02:00,113 INFO o.a.j.r.Summariser: summary =    498 in 00:29:38 =    0.3/s Avg:  3027 Min:    67 Max: 46292 Err:     0 (0.00%)
2026-10-09 09:02:00,113 INFO o.a.j.t.JMeterThread: Thread is done: Agent search 2-409
2026-10-09 09:02:00,113 INFO o.a.j.t.JMeterThread: Thread finished: Agent search 2-409
2026-10-09 09:02:00,173 INFO o.a.j.t.JMeterThread: Thread started: Agent search 2-410
2026-10-09 09:02:00,420 INFO o.a.j.t.JMeterThread: Thread is done: Agent search 2-410
2026-10-09 09:02:00,420 INFO o.a.j.t.JMeterThread: Thread finished: Agent search 2-410
2026-10-09 09:02:01,002 INFO o.a.j.t.JMeterThread: Thread started: Agent search 2-411
2026-10-09 09:02:01,137 INFO o.a.j.t.JMeterThread: Thread is done: Agent search 2-411
2026-10-09 09:02:01,137 INFO o.a.j.t.JMeterThread: Thread finished: Agent search 2-411
2026-10-09 09:02:02,980 INFO o.a.j.t.JMeterThread: Thread is done: Ticket intake 1-90
2026-10-09 09:02:02,980 INFO o.a.j.t.JMeterThread: Thread finished: Ticket intake 1-90
2026-10-09 09:02:05,420 INFO o.a.j.t.JMeterThread: Thread started: Agent search 2-412
2026-10-09 09:02:05,603 INFO o.a.j.t.JMeterThread: Thread is done: Agent search 2-412
2026-10-09 09:02:05,603 INFO o.a.j.t.JMeterThread: Thread finished: Agent search 2-412
2026-10-09 09:02:09,731 INFO o.a.j.t.JMeterThread: Thread started: Agent search 2-413
2026-10-09 09:02:09,943 INFO o.a.j.t.JMeterThread: Thread is done: Agent search 2-413
2026-10-09 09:02:09,943 INFO o.a.j.t.JMeterThread: Thread finished: Agent search 2-413
2026-10-09 09:02:10,921 INFO o.a.j.t.JMeterThread: Thread started: Agent search 2-414
2026-10-09 09:02:11,274 INFO o.a.j.t.JMeterThread: Thread is done: Agent search 2-414
2026-10-09 09:02:11,275 INFO o.a.j.t.JMeterThread: Thread finished: Agent search 2-414
2026-10-09 09:02:11,849 INFO o.a.j.t.JMeterThread: Thread started: Agent search 2-415
2026-10-09 09:02:12,094 INFO o.a.j.t.JMeterThread: Thread is done: Agent search 2-415
2026-10-09 09:02:12,094 INFO o.a.j.t.JMeterThread: Thread finished: Agent search 2-415
2026-10-09 09:02:13,170 INFO o.a.j.t.JMeterThread: Thread started: Ticket intake 1-91
2026-10-09 09:02:16,464 INFO o.a.j.t.JMeterThread: Thread started: Agent search 2-416
2026-10-09 09:02:16,702 INFO o.a.j.t.JMeterThread: Thread is done: Agent search 2-416
2026-10-09 09:02:16,702 INFO o.a.j.t.JMeterThread: Thread finished: Agent search 2-416
2026-10-09 09:02:18,241 INFO o.a.j.t.JMeterThread: Thread started: Agent search 2-417
2026-10-09 09:02:18,442 INFO o.a.j.t.JMeterThread: Thread is done: Agent search 2-417
2026-10-09 09:02:18,442 INFO o.a.j.t.JMeterThread: Thread finished: Agent search 2-417
2026-10-09 09:02:22,212 INFO o.a.j.t.JMeterThread: Thread started: Agent search 2-418
2026-10-09 09:02:22,436 INFO o.a.j.t.JMeterThread: Thread is done: Agent search 2-418
2026-10-09 09:02:22,436 INFO o.a.j.t.JMeterThread: Thread finished: Agent search 2-418
2026-10-09 09:02:22,923 INFO o.a.j.t.JMeterThread: Thread started: Agent search 2-419
2026-10-09 09:02:23,154 INFO o.a.j.t.JMeterThread: Thread is done: Agent search 2-419
2026-10-09 09:02:23,154 INFO o.a.j.t.JMeterThread: Thread finished: Agent search 2-419
2026-10-09 09:02:24,484 INFO o.a.j.t.JMeterThread: Thread is done: Ticket intake 1-91
2026-10-09 09:02:24,484 INFO o.a.j.t.JMeterThread: Thread finished: Ticket intake 1-91
2026-10-09 09:02:26,105 INFO o.a.j.t.JMeterThread: Thread started: Agent search 2-420
2026-10-09 09:02:26,327 INFO o.a.j.t.JMeterThread: Thread is done: Agent search 2-420
2026-10-09 09:02:26,327 INFO o.a.j.t.JMeterThread: Thread finished: Agent search 2-420
2026-10-09 09:02:26,790 INFO o.a.j.t.JMeterThread: Thread started: Agent search 2-421
2026-10-09 09:02:26,941 INFO o.a.j.t.JMeterThread: Thread is done: Agent search 2-421
2026-10-09 09:02:26,941 INFO o.a.j.t.JMeterThread: Thread finished: Agent search 2-421
2026-10-09 09:02:27,764 INFO o.a.j.t.JMeterThread: Thread started: Agent search 2-422
2026-10-09 09:02:27,965 INFO o.a.j.t.JMeterThread: Thread is done: Agent search 2-422
2026-10-09 09:02:27,965 INFO o.a.j.t.JMeterThread: Thread finished: Agent search 2-422
2026-10-09 09:02:30,900 INFO o.a.j.t.JMeterThread: Thread started: Agent search 2-423
2026-10-09 09:02:31,053 INFO o.a.j.t.JMeterThread: Thread started: Agent search 2-424
2026-10-09 09:02:31,244 INFO o.a.j.t.JMeterThread: Thread is done: Agent search 2-424
2026-10-09 09:02:31,244 INFO o.a.j.t.JMeterThread: Thread finished: Agent search 2-424
2026-10-09 09:02:31,244 INFO o.a.j.r.Summariser: summary +     16 in 00:00:31 =    0.5/s Avg:  1477 Min:   133 Max: 11314 Err:     0 (0.00%) Active: 2 Started: 515 Finished: 513
2026-10-09 09:02:31,244 INFO o.a.j.r.Summariser: summary =    514 in 00:30:09 =    0.3/s Avg:  2979 Min:    67 Max: 46292 Err:     0 (0.00%)
2026-10-09 09:02:31,245 INFO o.a.j.t.JMeterThread: Thread is done: Agent search 2-423
2026-10-09 09:02:31,245 INFO o.a.j.t.JMeterThread: Thread finished: Agent search 2-423
2026-10-09 09:02:32,366 INFO o.a.j.t.JMeterThread: Thread started: Agent search 2-425
2026-10-09 09:02:32,498 INFO o.a.j.t.JMeterThread: Thread is done: Agent search 2-425
2026-10-09 09:02:32,498 INFO o.a.j.t.JMeterThread: Thread finished: Agent search 2-425
2026-10-09 09:02:35,018 INFO o.a.j.t.JMeterThread: Thread started: Ticket intake 1-92
2026-10-09 09:02:35,396 INFO o.a.j.t.JMeterThread: Thread started: Ticket intake 1-93
2026-10-09 09:02:37,604 INFO o.a.j.t.JMeterThread: Thread started: Agent search 2-426
2026-10-09 09:02:37,796 INFO o.a.j.t.JMeterThread: Thread is done: Agent search 2-426
2026-10-09 09:02:37,796 INFO o.a.j.t.JMeterThread: Thread finished: Agent search 2-426
2026-10-09 09:02:38,569 INFO o.a.j.t.JMeterThread: Thread started: Agent search 2-427
2026-10-09 09:02:38,819 INFO o.a.j.t.JMeterThread: Thread is done: Agent search 2-427
2026-10-09 09:02:38,819 INFO o.a.j.t.JMeterThread: Thread finished: Agent search 2-427
2026-10-09 09:02:39,544 INFO o.a.j.t.JMeterThread: Thread started: Agent search 2-428
2026-10-09 09:02:39,946 INFO o.a.j.t.JMeterThread: Thread is done: Agent search 2-428
2026-10-09 09:02:39,947 INFO o.a.j.t.JMeterThread: Thread finished: Agent search 2-428
2026-10-09 09:02:42,555 INFO o.a.j.t.JMeterThread: Thread is done: Ticket intake 1-92
2026-10-09 09:02:42,555 INFO o.a.j.t.JMeterThread: Thread finished: Ticket intake 1-92
2026-10-09 09:02:43,522 INFO o.a.j.t.JMeterThread: Thread started: Ticket intake 1-94
2026-10-09 09:02:51,517 INFO o.a.j.t.JMeterThread: Thread is done: Ticket intake 1-93
2026-10-09 09:02:51,518 INFO o.a.j.t.JMeterThread: Thread finished: Ticket intake 1-93
2026-10-09 09:02:52,645 INFO o.a.j.t.JMeterThread: Thread started: Agent search 2-429
2026-10-09 09:02:52,747 INFO o.a.j.t.JMeterThread: Thread is done: Agent search 2-429
2026-10-09 09:02:52,747 INFO o.a.j.t.JMeterThread: Thread finished: Agent search 2-429
2026-10-09 09:02:55,046 INFO o.a.j.t.JMeterThread: Thread started: Agent search 2-430
2026-10-09 09:02:55,306 INFO o.a.j.t.JMeterThread: Thread is done: Agent search 2-430
2026-10-09 09:02:55,306 INFO o.a.j.t.JMeterThread: Thread finished: Agent search 2-430
2026-10-09 09:03:02,076 INFO o.a.j.r.Summariser: summary +     10 in 00:00:31 =    0.3/s Avg:  4373 Min:   100 Max: 18553 Err:     0 (0.00%) Active: 1 Started: 524 Finished: 523
2026-10-09 09:03:02,076 INFO o.a.j.r.Summariser: summary =    524 in 00:30:40 =    0.3/s Avg:  3006 Min:    67 Max: 46292 Err:     0 (0.00%)
2026-10-09 09:03:02,076 INFO o.a.j.t.JMeterThread: Thread is done: Ticket intake 1-94
2026-10-09 09:03:02,076 INFO o.a.j.t.JMeterThread: Thread finished: Ticket intake 1-94
2026-10-09 09:03:05,939 INFO o.a.j.t.JMeterThread: Thread started: Ticket intake 1-95
2026-10-09 09:03:15,070 INFO o.a.j.t.JMeterThread: Thread is done: Ticket intake 1-95
2026-10-09 09:03:15,070 INFO o.a.j.t.JMeterThread: Thread finished: Ticket intake 1-95
2026-10-09 09:03:16,904 INFO o.a.j.t.JMeterThread: Thread started: Agent search 2-431
2026-10-09 09:03:17,118 INFO o.a.j.t.JMeterThread: Thread is done: Agent search 2-431
2026-10-09 09:03:17,118 INFO o.a.j.t.JMeterThread: Thread finished: Agent search 2-431
2026-10-09 09:03:31,445 INFO o.a.j.t.JMeterThread: Thread started: Ticket intake 1-96
2026-10-09 09:03:34,164 INFO o.a.j.t.JMeterThread: Thread started: Agent search 2-432
2026-10-09 09:03:34,424 INFO o.a.j.r.Summariser: summary +      3 in 00:00:32 =    0.1/s Avg:  3200 Min:   213 Max:  9129 Err:     0 (0.00%) Active: 2 Started: 528 Finished: 526
2026-10-09 09:03:34,424 INFO o.a.j.r.Summariser: summary =    527 in 00:31:12 =    0.3/s Avg:  3007 Min:    67 Max: 46292 Err:     0 (0.00%)
2026-10-09 09:03:34,424 INFO o.a.j.t.JMeterThread: Thread is done: Agent search 2-432
2026-10-09 09:03:34,424 INFO o.a.j.t.JMeterThread: Thread finished: Agent search 2-432
2026-10-09 09:03:34,550 INFO o.a.j.t.JMeterThread: Thread started: Agent search 2-433
2026-10-09 09:03:34,676 INFO o.a.j.t.JMeterThread: Thread is done: Agent search 2-433
2026-10-09 09:03:34,676 INFO o.a.j.t.JMeterThread: Thread finished: Agent search 2-433
2026-10-09 09:03:37,145 INFO o.a.j.t.JMeterThread: Thread started: Ticket intake 1-97
2026-10-09 09:03:40,107 INFO o.a.j.t.JMeterThread: Thread started: Agent search 2-434
2026-10-09 09:03:40,466 INFO o.a.j.t.JMeterThread: Thread is done: Agent search 2-434
2026-10-09 09:03:40,466 INFO o.a.j.t.JMeterThread: Thread finished: Agent search 2-434
2026-10-09 09:03:41,386 INFO o.a.j.t.JMeterThread: Thread started: Agent search 2-435
2026-10-09 09:03:41,411 INFO o.a.j.t.JMeterThread: Thread started: Agent search 2-436
2026-10-09 09:03:41,437 INFO o.a.j.t.JMeterThread: Thread is done: Ticket intake 1-96
2026-10-09 09:03:41,437 INFO o.a.j.t.JMeterThread: Thread finished: Ticket intake 1-96
2026-10-09 09:03:41,590 INFO o.a.j.t.JMeterThread: Thread is done: Agent search 2-436
2026-10-09 09:03:41,590 INFO o.a.j.t.JMeterThread: Thread finished: Agent search 2-436
2026-10-09 09:03:41,590 INFO o.a.j.t.JMeterThread: Thread is done: Agent search 2-435
2026-10-09 09:03:41,591 INFO o.a.j.t.JMeterThread: Thread finished: Agent search 2-435
2026-10-09 09:03:42,029 INFO o.a.j.t.JMeterThread: Thread started: Agent search 2-437
2026-10-09 09:03:42,411 INFO o.a.j.t.JMeterThread: Thread is done: Agent search 2-437
2026-10-09 09:03:42,412 INFO o.a.j.t.JMeterThread: Thread finished: Agent search 2-437
2026-10-09 09:03:49,995 INFO o.a.j.t.JMeterThread: Thread started: Agent search 2-438
2026-10-09 09:03:50,082 INFO o.a.j.t.JMeterThread: Thread is done: Agent search 2-438
2026-10-09 09:03:50,083 INFO o.a.j.t.JMeterThread: Thread finished: Agent search 2-438
2026-10-09 09:03:51,407 INFO o.a.j.t.JMeterThread: Thread started: Agent search 2-439
2026-10-09 09:03:51,627 INFO o.a.j.t.JMeterThread: Thread is done: Agent search 2-439
2026-10-09 09:03:51,627 INFO o.a.j.t.JMeterThread: Thread finished: Agent search 2-439
2026-10-09 09:03:56,748 INFO o.a.j.t.JMeterThread: Thread is done: Ticket intake 1-97
2026-10-09 09:03:56,748 INFO o.a.j.t.JMeterThread: Thread finished: Ticket intake 1-97
2026-10-09 09:04:04,340 INFO o.a.j.t.JMeterThread: Thread started: Agent search 2-440
2026-10-09 09:04:04,488 INFO o.a.j.r.Summariser: summary +     10 in 00:00:30 =    0.3/s Avg:  3129 Min:    86 Max: 19601 Err:     0 (0.00%) Active: 1 Started: 537 Finished: 536
2026-10-09 09:04:04,488 INFO o.a.j.r.Summariser: summary =    537 in 00:31:43 =    0.3/s Avg:  3009 Min:    67 Max: 46292 Err:     0 (0.00%)
2026-10-09 09:04:04,488 INFO o.a.j.t.JMeterThread: Thread is done: Agent search 2-440
2026-10-09 09:04:04,488 INFO o.a.j.t.JMeterThread: Thread finished: Agent search 2-440
2026-10-09 09:04:04,652 INFO o.a.j.t.JMeterThread: Thread started: Ticket intake 1-98
2026-10-09 09:04:07,694 INFO o.a.j.t.JMeterThread: Thread started: Ticket intake 1-99
2026-10-09 09:04:08,489 INFO o.a.j.t.JMeterThread: Thread started: Ticket intake 1-100
2026-10-09 09:04:10,729 INFO o.a.j.t.JMeterThread: Thread started: Agent search 2-441
2026-10-09 09:04:10,981 INFO o.a.j.t.JMeterThread: Thread is done: Agent search 2-441
2026-10-09 09:04:10,981 INFO o.a.j.t.JMeterThread: Thread finished: Agent search 2-441
2026-10-09 09:04:11,329 INFO o.a.j.t.JMeterThread: Thread started: Agent search 2-442
2026-10-09 09:04:11,479 INFO o.a.j.t.JMeterThread: Thread started: Ticket intake 1-101
2026-10-09 09:04:11,586 INFO o.a.j.t.JMeterThread: Thread is done: Agent search 2-442
2026-10-09 09:04:11,586 INFO o.a.j.t.JMeterThread: Thread finished: Agent search 2-442
2026-10-09 09:04:14,769 INFO o.a.j.t.JMeterThread: Thread is done: Ticket intake 1-98
2026-10-09 09:04:14,769 INFO o.a.j.t.JMeterThread: Thread finished: Ticket intake 1-98
2026-10-09 09:04:25,932 INFO o.a.j.t.JMeterThread: Thread is done: Ticket intake 1-99
2026-10-09 09:04:25,933 INFO o.a.j.t.JMeterThread: Thread finished: Ticket intake 1-99
2026-10-09 09:04:32,872 INFO o.a.j.t.JMeterThread: Thread started: Agent search 2-443
2026-10-09 09:04:33,101 INFO o.a.j.r.Summariser: summary +      5 in 00:00:29 =    0.2/s Avg:  5817 Min:   228 Max: 18238 Err:     0 (0.00%) Active: 3 Started: 544 Finished: 541
2026-10-09 09:04:33,101 INFO o.a.j.r.Summariser: summary =    542 in 00:32:11 =    0.3/s Avg:  3035 Min:    67 Max: 46292 Err:     0 (0.00%)
2026-10-09 09:04:33,102 INFO o.a.j.t.JMeterThread: Thread is done: Agent search 2-443
2026-10-09 09:04:33,102 INFO o.a.j.t.JMeterThread: Thread finished: Agent search 2-443
2026-10-09 09:04:35,008 INFO o.a.j.t.JMeterThread: Thread started: Agent search 2-444
2026-10-09 09:04:35,147 INFO o.a.j.t.JMeterThread: Thread is done: Agent search 2-444
2026-10-09 09:04:35,147 INFO o.a.j.t.JMeterThread: Thread finished: Agent search 2-444
2026-10-09 09:04:35,413 INFO o.a.j.t.JMeterThread: Thread started: Ticket intake 1-102
2026-10-09 09:04:36,171 INFO o.a.j.t.JMeterThread: Thread is done: Ticket intake 1-100
2026-10-09 09:04:36,172 INFO o.a.j.t.JMeterThread: Thread finished: Ticket intake 1-100
2026-10-09 09:04:37,411 INFO o.a.j.t.JMeterThread: Thread started: Agent search 2-445
2026-10-09 09:04:37,588 INFO o.a.j.t.JMeterThread: Thread is done: Agent search 2-445
2026-10-09 09:04:37,588 INFO o.a.j.t.JMeterThread: Thread finished: Agent search 2-445
2026-10-09 09:04:45,797 INFO o.a.j.t.JMeterThread: Thread is done: Ticket intake 1-101
2026-10-09 09:04:45,797 INFO o.a.j.t.JMeterThread: Thread finished: Ticket intake 1-101
2026-10-09 09:04:45,975 INFO o.a.j.t.JMeterThread: Thread started: Ticket intake 1-103
2026-10-09 09:04:50,870 INFO o.a.j.t.JMeterThread: Thread started: Agent search 2-446
2026-10-09 09:04:51,122 INFO o.a.j.t.JMeterThread: Thread is done: Agent search 2-446
2026-10-09 09:04:51,122 INFO o.a.j.t.JMeterThread: Thread finished: Agent search 2-446
2026-10-09 09:04:53,407 INFO o.a.j.t.JMeterThread: Thread started: Agent search 2-447
2026-10-09 09:04:53,579 INFO o.a.j.t.JMeterThread: Thread is done: Agent search 2-447
2026-10-09 09:04:53,579 INFO o.a.j.t.JMeterThread: Thread finished: Agent search 2-447
2026-10-09 09:04:55,217 INFO o.a.j.t.JMeterThread: Thread is done: Ticket intake 1-102
2026-10-09 09:04:55,218 INFO o.a.j.t.JMeterThread: Thread finished: Ticket intake 1-102
2026-10-09 09:04:59,279 INFO o.a.j.t.JMeterThread: Thread started: Agent search 2-448
2026-10-09 09:04:59,519 INFO o.a.j.t.JMeterThread: Thread is done: Agent search 2-448
2026-10-09 09:04:59,519 INFO o.a.j.t.JMeterThread: Thread finished: Agent search 2-448
2026-10-09 09:04:59,635 INFO o.a.j.t.JMeterThread: Thread started: Agent search 2-449
2026-10-09 09:04:59,929 INFO o.a.j.t.JMeterThread: Thread is done: Agent search 2-449
2026-10-09 09:04:59,929 INFO o.a.j.t.JMeterThread: Thread finished: Agent search 2-449
2026-10-09 09:05:00,163 INFO o.a.j.t.JMeterThread: Thread started: Ticket intake 1-104
2026-10-09 09:05:04,302 INFO o.a.j.t.JMeterThread: Thread started: Ticket intake 1-105
2026-10-09 09:05:05,764 INFO o.a.j.r.Summariser: summary +     10 in 00:00:33 =    0.3/s Avg: 10286 Min:   137 Max: 34317 Err:     0 (0.00%) Active: 3 Started: 554 Finished: 551
2026-10-09 09:05:05,765 INFO o.a.j.r.Summariser: summary =    552 in 00:32:44 =    0.3/s Avg:  3166 Min:    67 Max: 46292 Err:     0 (0.00%)
2026-10-09 09:05:05,765 INFO o.a.j.t.JMeterThread: Thread is done: Ticket intake 1-103
2026-10-09 09:05:05,765 INFO o.a.j.t.JMeterThread: Thread finished: Ticket intake 1-103
2026-10-09 09:05:10,124 INFO o.a.j.t.JMeterThread: Thread started: Agent search 2-450
2026-10-09 09:05:10,376 INFO o.a.j.t.JMeterThread: Thread is done: Agent search 2-450
2026-10-09 09:05:10,376 INFO o.a.j.t.JMeterThread: Thread finished: Agent search 2-450
2026-10-09 09:05:11,615 INFO o.a.j.t.JMeterThread: Thread started: Agent search 2-451
2026-10-09 09:05:11,805 INFO o.a.j.t.JMeterThread: Thread is done: Agent search 2-451
2026-10-09 09:05:11,806 INFO o.a.j.t.JMeterThread: Thread finished: Agent search 2-451
2026-10-09 09:05:13,983 INFO o.a.j.t.JMeterThread: Thread is done: Ticket intake 1-104
2026-10-09 09:05:13,983 INFO o.a.j.t.JMeterThread: Thread finished: Ticket intake 1-104
2026-10-09 09:05:14,544 INFO o.a.j.t.JMeterThread: Thread started: Agent search 2-452
2026-10-09 09:05:14,755 INFO o.a.j.t.JMeterThread: Thread is done: Agent search 2-452
2026-10-09 09:05:14,755 INFO o.a.j.t.JMeterThread: Thread finished: Agent search 2-452
2026-10-09 09:05:21,259 INFO o.a.j.t.JMeterThread: Thread started: Agent search 2-453
2026-10-09 09:05:21,637 INFO o.a.j.t.JMeterThread: Thread is done: Agent search 2-453
2026-10-09 09:05:21,637 INFO o.a.j.t.JMeterThread: Thread finished: Agent search 2-453
2026-10-09 09:05:22,338 INFO o.a.j.t.JMeterThread: Thread started: Agent search 2-454
2026-10-09 09:05:22,558 INFO o.a.j.t.JMeterThread: Thread is done: Agent search 2-454
2026-10-09 09:05:22,559 INFO o.a.j.t.JMeterThread: Thread finished: Agent search 2-454
2026-10-09 09:05:23,071 INFO o.a.j.t.JMeterThread: Thread is done: Ticket intake 1-105
2026-10-09 09:05:23,071 INFO o.a.j.t.JMeterThread: Thread finished: Ticket intake 1-105
2026-10-09 09:05:24,019 INFO o.a.j.t.JMeterThread: Thread started: Agent search 2-455
2026-10-09 09:05:24,197 INFO o.a.j.t.JMeterThread: Thread is done: Agent search 2-455
2026-10-09 09:05:24,198 INFO o.a.j.t.JMeterThread: Thread finished: Agent search 2-455
2026-10-09 09:05:31,940 INFO o.a.j.t.JMeterThread: Thread started: Ticket intake 1-106
2026-10-09 09:05:32,594 INFO o.a.j.t.JMeterThread: Thread started: Ticket intake 1-107
2026-10-09 09:05:34,478 INFO o.a.j.t.JMeterThread: Thread started: Ticket intake 1-108
2026-10-09 09:05:39,701 INFO o.a.j.t.JMeterThread: Thread started: Agent search 2-456
2026-10-09 09:05:39,890 INFO o.a.j.t.JMeterThread: Thread is done: Agent search 2-456
2026-10-09 09:05:39,890 INFO o.a.j.t.JMeterThread: Thread finished: Agent search 2-456
2026-10-09 09:05:44,289 INFO o.a.j.t.JMeterThread: Thread started: Agent search 2-457
2026-10-09 09:05:44,472 INFO o.a.j.t.JMeterThread: Thread is done: Agent search 2-457
2026-10-09 09:05:44,473 INFO o.a.j.t.JMeterThread: Thread finished: Agent search 2-457
2026-10-09 09:05:44,661 INFO o.a.j.t.JMeterThread: Thread started: Agent search 2-458
2026-10-09 09:05:44,669 INFO o.a.j.t.JMeterThread: Thread is done: Ticket intake 1-106
2026-10-09 09:05:44,669 INFO o.a.j.t.JMeterThread: Thread finished: Ticket intake 1-106
2026-10-09 09:05:44,883 INFO o.a.j.t.JMeterThread: Thread is done: Agent search 2-458
2026-10-09 09:05:44,883 INFO o.a.j.t.JMeterThread: Thread finished: Agent search 2-458
2026-10-09 09:05:53,075 INFO o.a.j.t.JMeterThread: Thread is done: Ticket intake 1-107
2026-10-09 09:05:53,076 INFO o.a.j.t.JMeterThread: Thread finished: Ticket intake 1-107
2026-10-09 09:05:53,383 INFO o.a.j.t.JMeterThread: Thread started: Agent search 2-459
2026-10-09 09:05:53,740 INFO o.a.j.t.JMeterThread: Thread started: Agent search 2-460
2026-10-09 09:05:54,099 INFO o.a.j.t.JMeterThread: Thread is done: Agent search 2-459
2026-10-09 09:05:54,099 INFO o.a.j.t.JMeterThread: Thread finished: Agent search 2-459
2026-10-09 09:05:54,200 INFO o.a.j.t.JMeterThread: Thread is done: Agent search 2-460
2026-10-09 09:05:54,200 INFO o.a.j.t.JMeterThread: Thread finished: Agent search 2-460
2026-10-09 09:05:55,113 INFO o.a.j.t.JMeterThread: Thread started: Agent search 2-461
2026-10-09 09:05:55,430 INFO o.a.j.t.JMeterThread: Thread is done: Agent search 2-461
2026-10-09 09:05:55,430 INFO o.a.j.t.JMeterThread: Thread finished: Agent search 2-461
2026-10-09 09:06:01,164 INFO o.a.j.r.Summariser: summary +     17 in 00:00:55 =    0.3/s Avg:  5646 Min:   178 Max: 26685 Err:     0 (0.00%) Active: 1 Started: 569 Finished: 568
2026-10-09 09:06:01,164 INFO o.a.j.r.Summariser: summary =    569 in 00:33:39 =    0.3/s Avg:  3240 Min:    67 Max: 46292 Err:     0 (0.00%)
2026-10-09 09:06:01,165 INFO o.a.j.t.JMeterThread: Thread is done: Ticket intake 1-108
2026-10-09 09:06:01,165 INFO o.a.j.t.JMeterThread: Thread finished: Ticket intake 1-108
2026-10-09 09:06:03,806 INFO o.a.j.t.JMeterThread: Thread started: Agent search 2-462
2026-10-09 09:06:04,031 INFO o.a.j.t.JMeterThread: Thread is done: Agent search 2-462
2026-10-09 09:06:04,031 INFO o.a.j.t.JMeterThread: Thread finished: Agent search 2-462
2026-10-09 09:06:04,714 INFO o.a.j.t.JMeterThread: Thread started: Agent search 2-463
2026-10-09 09:06:04,952 INFO o.a.j.t.JMeterThread: Thread is done: Agent search 2-463
2026-10-09 09:06:04,952 INFO o.a.j.t.JMeterThread: Thread finished: Agent search 2-463
2026-10-09 09:06:11,438 INFO o.a.j.t.JMeterThread: Thread started: Agent search 2-464
2026-10-09 09:06:11,814 INFO o.a.j.t.JMeterThread: Thread is done: Agent search 2-464
2026-10-09 09:06:11,814 INFO o.a.j.t.JMeterThread: Thread finished: Agent search 2-464
2026-10-09 09:06:15,912 INFO o.a.j.t.JMeterThread: Thread started: Agent search 2-465
2026-10-09 09:06:16,002 INFO o.a.j.t.JMeterThread: Thread is done: Agent search 2-465
2026-10-09 09:06:16,002 INFO o.a.j.t.JMeterThread: Thread finished: Agent search 2-465
2026-10-09 09:06:17,173 INFO o.a.j.t.JMeterThread: Thread started: Agent search 2-466
2026-10-09 09:06:17,240 INFO o.a.j.t.JMeterThread: Thread is done: Agent search 2-466
2026-10-09 09:06:17,240 INFO o.a.j.t.JMeterThread: Thread finished: Agent search 2-466
2026-10-09 09:06:20,492 INFO o.a.j.t.JMeterThread: Thread started: Agent search 2-467
2026-10-09 09:06:20,723 INFO o.a.j.t.JMeterThread: Thread is done: Agent search 2-467
2026-10-09 09:06:20,723 INFO o.a.j.t.JMeterThread: Thread finished: Agent search 2-467
2026-10-09 09:06:21,995 INFO o.a.j.t.JMeterThread: Thread started: Agent search 2-468
2026-10-09 09:06:22,206 INFO o.a.j.t.JMeterThread: Thread is done: Agent search 2-468
2026-10-09 09:06:22,206 INFO o.a.j.t.JMeterThread: Thread finished: Agent search 2-468
2026-10-09 09:06:23,792 INFO o.a.j.t.JMeterThread: Thread started: Agent search 2-469
2026-10-09 09:06:23,999 INFO o.a.j.t.JMeterThread: Thread is done: Agent search 2-469
2026-10-09 09:06:23,999 INFO o.a.j.t.JMeterThread: Thread finished: Agent search 2-469
2026-10-09 09:06:27,260 INFO o.a.j.t.JMeterThread: Thread started: Agent search 2-470
2026-10-09 09:06:27,481 INFO o.a.j.t.JMeterThread: Thread is done: Agent search 2-470
2026-10-09 09:06:27,481 INFO o.a.j.t.JMeterThread: Thread finished: Agent search 2-470
2026-10-09 09:06:27,550 INFO o.a.j.t.JMeterThread: Thread started: Agent search 2-471
2026-10-09 09:06:27,685 INFO o.a.j.t.JMeterThread: Thread is done: Agent search 2-471
2026-10-09 09:06:27,686 INFO o.a.j.t.JMeterThread: Thread finished: Agent search 2-471
2026-10-09 09:06:28,080 INFO o.a.j.t.JMeterThread: Thread started: Agent search 2-472
2026-10-09 09:06:28,300 INFO o.a.j.t.JMeterThread: Thread is done: Agent search 2-472
2026-10-09 09:06:28,300 INFO o.a.j.t.JMeterThread: Thread finished: Agent search 2-472
2026-10-09 09:06:28,348 INFO o.a.j.t.JMeterThread: Thread started: Agent search 2-473
2026-10-09 09:06:28,505 INFO o.a.j.t.JMeterThread: Thread is done: Agent search 2-473
2026-10-09 09:06:28,505 INFO o.a.j.t.JMeterThread: Thread finished: Agent search 2-473
2026-10-09 09:06:36,853 INFO o.a.j.t.JMeterThread: Thread started: Agent search 2-474
2026-10-09 09:06:37,106 INFO o.a.j.t.JMeterThread: Thread is done: Agent search 2-474
2026-10-09 09:06:37,107 INFO o.a.j.t.JMeterThread: Thread finished: Agent search 2-474
2026-10-09 09:06:37,537 INFO o.a.j.t.JMeterThread: Thread started: Agent search 2-475
2026-10-09 09:06:37,823 INFO o.a.j.t.JMeterThread: Thread is done: Agent search 2-475
2026-10-09 09:06:37,823 INFO o.a.j.t.JMeterThread: Thread finished: Agent search 2-475
2026-10-09 09:06:51,247 INFO o.a.j.t.JMeterThread: Thread started: Agent search 2-476
2026-10-09 09:06:51,444 INFO o.a.j.t.JMeterThread: Thread is done: Agent search 2-476
2026-10-09 09:06:51,444 INFO o.a.j.t.JMeterThread: Thread finished: Agent search 2-476
2026-10-09 09:06:51,510 INFO o.a.j.t.JMeterThread: Thread started: Agent search 2-477
2026-10-09 09:06:51,647 INFO o.a.j.t.JMeterThread: Thread is done: Agent search 2-477
2026-10-09 09:06:51,648 INFO o.a.j.t.JMeterThread: Thread finished: Agent search 2-477
2026-10-09 09:06:54,029 INFO o.a.j.t.JMeterThread: Thread started: Agent search 2-478
2026-10-09 09:06:54,161 INFO o.a.j.t.JMeterThread: Thread is done: Agent search 2-478
2026-10-09 09:06:54,161 INFO o.a.j.t.JMeterThread: Thread finished: Agent search 2-478
2026-10-09 09:06:55,513 INFO o.a.j.t.JMeterThread: Thread started: Agent search 2-479
2026-10-09 09:06:55,641 INFO o.a.j.t.JMeterThread: Thread is done: Agent search 2-479
2026-10-09 09:06:55,641 INFO o.a.j.t.JMeterThread: Thread finished: Agent search 2-479
2026-10-09 09:06:56,800 INFO o.a.j.t.JMeterThread: Thread started: Ticket intake 1-109
2026-10-09 09:06:58,926 INFO o.a.j.t.JMeterThread: Thread started: Agent search 2-480
2026-10-09 09:06:59,114 INFO o.a.j.t.JMeterThread: Thread is done: Agent search 2-480
2026-10-09 09:06:59,114 INFO o.a.j.t.JMeterThread: Thread finished: Agent search 2-480
2026-10-09 09:06:59,689 INFO o.a.j.t.JMeterThread: Thread started: Agent search 2-481
2026-10-09 09:06:59,943 INFO o.a.j.t.JMeterThread: Thread is done: Agent search 2-481
2026-10-09 09:06:59,943 INFO o.a.j.t.JMeterThread: Thread finished: Agent search 2-481
2026-10-09 09:07:06,803 INFO o.a.j.t.JMeterThread: Thread is done: Ticket intake 1-109
2026-10-09 09:07:06,803 INFO o.a.j.t.JMeterThread: Thread finished: Ticket intake 1-109
2026-10-09 09:07:08,323 INFO o.a.j.t.JMeterThread: Thread started: Agent search 2-482
2026-10-09 09:07:08,442 INFO o.a.j.t.JMeterThread: Thread is done: Agent search 2-482
2026-10-09 09:07:08,442 INFO o.a.j.t.JMeterThread: Thread finished: Agent search 2-482
2026-10-09 09:07:16,840 INFO o.a.j.t.JMeterThread: Thread started: Agent search 2-483
2026-10-09 09:07:17,030 INFO o.a.j.t.JMeterThread: Thread started: Agent search 2-484
2026-10-09 09:07:17,117 INFO o.a.j.t.JMeterThread: Thread is done: Agent search 2-483
2026-10-09 09:07:17,117 INFO o.a.j.t.JMeterThread: Thread finished: Agent search 2-483
2026-10-09 09:07:17,249 INFO o.a.j.t.JMeterThread: Thread is done: Agent search 2-484
2026-10-09 09:07:17,249 INFO o.a.j.t.JMeterThread: Thread finished: Agent search 2-484
2026-10-09 09:07:18,980 INFO o.a.j.t.JMeterThread: Thread started: Ticket intake 1-110
2026-10-09 09:07:22,470 INFO o.a.j.t.JMeterThread: Thread started: Ticket intake 1-111
2026-10-09 09:07:24,142 INFO o.a.j.t.JMeterThread: Thread started: Ticket intake 1-112
2026-10-09 09:07:30,533 INFO o.a.j.t.JMeterThread: Thread started: Agent search 2-485
2026-10-09 09:07:30,764 INFO o.a.j.r.Summariser: summary +     25 in 00:01:30 =    0.3/s Avg:   591 Min:    66 Max: 10002 Err:     0 (0.00%) Active: 4 Started: 597 Finished: 593
2026-10-09 09:07:30,764 INFO o.a.j.r.Summariser: summary =    594 in 00:35:09 =    0.3/s Avg:  3129 Min:    66 Max: 46292 Err:     0 (0.00%)
2026-10-09 09:07:30,765 INFO o.a.j.t.JMeterThread: Thread is done: Agent search 2-485
2026-10-09 09:07:30,765 INFO o.a.j.t.JMeterThread: Thread finished: Agent search 2-485
2026-10-09 09:07:35,095 INFO o.a.j.t.JMeterThread: Thread started: Agent search 2-486
2026-10-09 09:07:35,104 INFO o.a.j.t.JMeterThread: Thread is done: Ticket intake 1-110
2026-10-09 09:07:35,104 INFO o.a.j.t.JMeterThread: Thread finished: Ticket intake 1-110
2026-10-09 09:07:35,271 INFO o.a.j.t.JMeterThread: Thread is done: Agent search 2-486
2026-10-09 09:07:35,271 INFO o.a.j.t.JMeterThread: Thread finished: Agent search 2-486
2026-10-09 09:07:36,416 INFO o.a.j.t.JMeterThread: Thread started: Ticket intake 1-113
2026-10-09 09:07:39,027 INFO o.a.j.t.JMeterThread: Thread started: Agent search 2-487
2026-10-09 09:07:39,265 INFO o.a.j.t.JMeterThread: Thread is done: Agent search 2-487
2026-10-09 09:07:39,265 INFO o.a.j.t.JMeterThread: Thread finished: Agent search 2-487
2026-10-09 09:07:40,029 INFO o.a.j.t.JMeterThread: Thread started: Agent search 2-488
2026-10-09 09:07:40,242 INFO o.a.j.t.JMeterThread: Thread is done: Agent search 2-488
2026-10-09 09:07:40,243 INFO o.a.j.t.JMeterThread: Thread finished: Agent search 2-488
2026-10-09 09:07:42,616 INFO o.a.j.t.JMeterThread: Thread started: Ticket intake 1-114
2026-10-09 09:07:44,733 INFO o.a.j.t.JMeterThread: Thread started: Ticket intake 1-115
2026-10-09 09:07:45,203 INFO o.a.j.t.JMeterThread: Thread is done: Ticket intake 1-111
2026-10-09 09:07:45,203 INFO o.a.j.t.JMeterThread: Thread finished: Ticket intake 1-111
2026-10-09 09:07:48,709 INFO o.a.j.t.JMeterThread: Thread started: Agent search 2-489
2026-10-09 09:07:48,838 INFO o.a.j.t.JMeterThread: Thread started: Agent search 2-490
2026-10-09 09:07:48,898 INFO o.a.j.t.JMeterThread: Thread is done: Agent search 2-489
2026-10-09 09:07:48,898 INFO o.a.j.t.JMeterThread: Thread finished: Agent search 2-489
2026-10-09 09:07:48,927 INFO o.a.j.t.JMeterThread: Thread is done: Agent search 2-490
2026-10-09 09:07:48,927 INFO o.a.j.t.JMeterThread: Thread finished: Agent search 2-490
2026-10-09 09:07:52,559 INFO o.a.j.t.JMeterThread: Thread started: Agent search 2-491
2026-10-09 09:07:52,986 INFO o.a.j.t.JMeterThread: Thread is done: Agent search 2-491
2026-10-09 09:07:52,986 INFO o.a.j.t.JMeterThread: Thread finished: Agent search 2-491
2026-10-09 09:07:54,214 INFO o.a.j.t.JMeterThread: Thread is done: Ticket intake 1-112
2026-10-09 09:07:54,214 INFO o.a.j.t.JMeterThread: Thread finished: Ticket intake 1-112
2026-10-09 09:08:07,425 INFO o.a.j.t.JMeterThread: Thread is done: Ticket intake 1-113
2026-10-09 09:08:07,425 INFO o.a.j.t.JMeterThread: Thread finished: Ticket intake 1-113
2026-10-09 09:08:11,891 INFO o.a.j.t.JMeterThread: Thread started: Agent search 2-492
2026-10-09 09:08:11,983 INFO o.a.j.t.JMeterThread: Thread is done: Agent search 2-492
2026-10-09 09:08:11,984 INFO o.a.j.t.JMeterThread: Thread finished: Agent search 2-492
2026-10-09 09:08:13,670 INFO o.a.j.t.JMeterThread: Thread started: Agent search 2-493
2026-10-09 09:08:13,875 INFO o.a.j.t.JMeterThread: Thread is done: Agent search 2-493
2026-10-09 09:08:13,875 INFO o.a.j.t.JMeterThread: Thread finished: Agent search 2-493
2026-10-09 09:08:21,351 INFO o.a.j.t.JMeterThread: Thread is done: Ticket intake 1-114
2026-10-09 09:08:21,351 INFO o.a.j.t.JMeterThread: Thread finished: Ticket intake 1-114
2026-10-09 09:08:25,395 INFO o.a.j.t.JMeterThread: Thread started: Agent search 2-494
2026-10-09 09:08:25,753 INFO o.a.j.t.JMeterThread: Thread is done: Agent search 2-494
2026-10-09 09:08:25,753 INFO o.a.j.t.JMeterThread: Thread finished: Agent search 2-494
2026-10-09 09:08:29,645 INFO o.a.j.t.JMeterThread: Thread is done: Ticket intake 1-115
2026-10-09 09:08:29,645 INFO o.a.j.t.JMeterThread: Thread finished: Ticket intake 1-115
2026-10-09 09:08:33,424 INFO o.a.j.t.JMeterThread: Thread started: Agent search 2-495
2026-10-09 09:08:33,584 INFO o.a.j.r.Summariser: summary +     16 in 00:01:03 =    0.3/s Avg: 11607 Min:    89 Max: 44912 Err:     0 (0.00%) Active: 1 Started: 610 Finished: 609
2026-10-09 09:08:33,585 INFO o.a.j.r.Summariser: summary =    610 in 00:36:12 =    0.3/s Avg:  3351 Min:    66 Max: 46292 Err:     0 (0.00%)
2026-10-09 09:08:33,586 INFO o.a.j.t.JMeterThread: Thread is done: Agent search 2-495
2026-10-09 09:08:33,586 INFO o.a.j.t.JMeterThread: Thread finished: Agent search 2-495
2026-10-09 09:08:38,052 INFO o.a.j.t.JMeterThread: Thread started: Agent search 2-496
2026-10-09 09:08:38,248 INFO o.a.j.t.JMeterThread: Thread is done: Agent search 2-496
2026-10-09 09:08:38,248 INFO o.a.j.t.JMeterThread: Thread finished: Agent search 2-496
2026-10-09 09:08:38,318 INFO o.a.j.t.JMeterThread: Thread started: Ticket intake 1-116
2026-10-09 09:08:45,313 INFO o.a.j.t.JMeterThread: Thread is done: Ticket intake 1-116
2026-10-09 09:08:45,313 INFO o.a.j.t.JMeterThread: Thread finished: Ticket intake 1-116
2026-10-09 09:08:50,032 INFO o.a.j.t.JMeterThread: Thread started: Agent search 2-497
2026-10-09 09:08:50,228 INFO o.a.j.t.JMeterThread: Thread is done: Agent search 2-497
2026-10-09 09:08:50,228 INFO o.a.j.t.JMeterThread: Thread finished: Agent search 2-497
2026-10-09 09:08:54,121 INFO o.a.j.t.JMeterThread: Thread started: Agent search 2-498
2026-10-09 09:08:54,325 INFO o.a.j.t.JMeterThread: Thread is done: Agent search 2-498
2026-10-09 09:08:54,325 INFO o.a.j.t.JMeterThread: Thread finished: Agent search 2-498
2026-10-09 09:08:55,315 INFO o.a.j.t.JMeterThread: Thread started: Agent search 2-499
2026-10-09 09:08:55,553 INFO o.a.j.t.JMeterThread: Thread is done: Agent search 2-499
2026-10-09 09:08:55,553 INFO o.a.j.t.JMeterThread: Thread finished: Agent search 2-499
2026-10-09 09:08:55,627 INFO o.a.j.t.JMeterThread: Thread started: Agent search 2-500
2026-10-09 09:08:55,758 INFO o.a.j.t.JMeterThread: Thread is done: Agent search 2-500
2026-10-09 09:08:55,758 INFO o.a.j.t.JMeterThread: Thread finished: Agent search 2-500
2026-10-09 09:08:56,691 INFO o.a.j.t.JMeterThread: Thread started: Agent search 2-501
2026-10-09 09:08:56,883 INFO o.a.j.t.JMeterThread: Thread is done: Agent search 2-501
2026-10-09 09:08:56,883 INFO o.a.j.t.JMeterThread: Thread finished: Agent search 2-501
2026-10-09 09:08:59,842 INFO o.a.j.t.JMeterThread: Thread started: Agent search 2-502
2026-10-09 09:09:00,058 INFO o.a.j.r.Summariser: summary +      8 in 00:00:26 =    0.3/s Avg:  1045 Min:   130 Max:  6994 Err:     0 (0.00%) Active: 1 Started: 618 Finished: 617
2026-10-09 09:09:00,058 INFO o.a.j.r.Summariser: summary =    618 in 00:36:38 =    0.3/s Avg:  3321 Min:    66 Max: 46292 Err:     0 (0.00%)
2026-10-09 09:09:00,059 INFO o.a.j.t.JMeterThread: Thread is done: Agent search 2-502
2026-10-09 09:09:00,059 INFO o.a.j.t.JMeterThread: Thread finished: Agent search 2-502
2026-10-09 09:09:00,253 INFO o.a.j.t.JMeterThread: Thread started: Ticket intake 1-117
2026-10-09 09:09:02,644 INFO o.a.j.t.JMeterThread: Thread started: Agent search 2-503
2026-10-09 09:09:02,824 INFO o.a.j.t.JMeterThread: Thread is done: Agent search 2-503
2026-10-09 09:09:02,824 INFO o.a.j.t.JMeterThread: Thread finished: Agent search 2-503
2026-10-09 09:09:04,403 INFO o.a.j.t.JMeterThread: Thread started: Agent search 2-504
2026-10-09 09:09:04,668 INFO o.a.j.t.JMeterThread: Thread is done: Agent search 2-504
2026-10-09 09:09:04,668 INFO o.a.j.t.JMeterThread: Thread finished: Agent search 2-504
2026-10-09 09:09:09,368 INFO o.a.j.t.JMeterThread: Thread is done: Ticket intake 1-117
2026-10-09 09:09:09,368 INFO o.a.j.t.JMeterThread: Thread finished: Ticket intake 1-117
2026-10-09 09:09:10,866 INFO o.a.j.t.JMeterThread: Thread started: Agent search 2-505
2026-10-09 09:09:11,118 INFO o.a.j.t.JMeterThread: Thread is done: Agent search 2-505
2026-10-09 09:09:11,118 INFO o.a.j.t.JMeterThread: Thread finished: Agent search 2-505
2026-10-09 09:09:11,606 INFO o.a.j.t.JMeterThread: Thread started: Agent search 2-506
2026-10-09 09:09:11,733 INFO o.a.j.t.JMeterThread: Thread is done: Agent search 2-506
2026-10-09 09:09:11,733 INFO o.a.j.t.JMeterThread: Thread finished: Agent search 2-506
2026-10-09 09:09:20,550 INFO o.a.j.t.JMeterThread: Thread started: Agent search 2-507
2026-10-09 09:09:20,661 INFO o.a.j.t.JMeterThread: Thread started: Agent search 2-508
2026-10-09 09:09:20,681 INFO o.a.j.t.JMeterThread: Thread is done: Agent search 2-507
2026-10-09 09:09:20,681 INFO o.a.j.t.JMeterThread: Thread finished: Agent search 2-507
2026-10-09 09:09:20,749 INFO o.a.j.t.JMeterThread: Thread is done: Agent search 2-508
2026-10-09 09:09:20,749 INFO o.a.j.t.JMeterThread: Thread finished: Agent search 2-508
2026-10-09 09:09:36,895 INFO o.a.j.t.JMeterThread: Thread started: Ticket intake 1-118
2026-10-09 09:09:37,651 INFO o.a.j.t.JMeterThread: Thread started: Agent search 2-509
2026-10-09 09:09:37,845 INFO o.a.j.t.JMeterThread: Thread is done: Agent search 2-509
2026-10-09 09:09:37,845 INFO o.a.j.t.JMeterThread: Thread finished: Agent search 2-509
2026-10-09 09:09:38,794 INFO o.a.j.t.JMeterThread: Thread started: Agent search 2-510
2026-10-09 09:09:38,804 INFO o.a.j.t.JMeterThread: Thread started: Agent search 2-511
2026-10-09 09:09:38,970 INFO o.a.j.t.JMeterThread: Thread is done: Agent search 2-511
2026-10-09 09:09:38,970 INFO o.a.j.t.JMeterThread: Thread is done: Agent search 2-510
2026-10-09 09:09:38,970 INFO o.a.j.t.JMeterThread: Thread finished: Agent search 2-511
2026-10-09 09:09:38,970 INFO o.a.j.t.JMeterThread: Thread finished: Agent search 2-510
2026-10-09 09:09:39,992 INFO o.a.j.t.JMeterThread: Thread started: Agent search 2-512
2026-10-09 09:09:40,199 INFO o.a.j.t.JMeterThread: Thread is done: Agent search 2-512
2026-10-09 09:09:40,199 INFO o.a.j.t.JMeterThread: Thread finished: Agent search 2-512
2026-10-09 09:09:44,167 INFO o.a.j.t.JMeterThread: Thread started: Agent search 2-513
2026-10-09 09:09:44,489 INFO o.a.j.t.JMeterThread: Thread is done: Agent search 2-513
2026-10-09 09:09:44,489 INFO o.a.j.t.JMeterThread: Thread finished: Agent search 2-513
2026-10-09 09:09:46,993 INFO o.a.j.t.JMeterThread: Thread started: Agent search 2-514
2026-10-09 09:09:47,266 INFO o.a.j.t.JMeterThread: Thread is done: Agent search 2-514
2026-10-09 09:09:47,266 INFO o.a.j.t.JMeterThread: Thread finished: Agent search 2-514
2026-10-09 09:09:52,180 INFO o.a.j.t.JMeterThread: Thread is done: Ticket intake 1-118
2026-10-09 09:09:52,180 INFO o.a.j.t.JMeterThread: Thread finished: Ticket intake 1-118
2026-10-09 09:09:53,417 INFO o.a.j.t.JMeterThread: Thread started: Agent search 2-515
2026-10-09 09:09:53,614 INFO o.a.j.t.JMeterThread: Thread is done: Agent search 2-515
2026-10-09 09:09:53,614 INFO o.a.j.t.JMeterThread: Thread finished: Agent search 2-515
2026-10-09 09:09:56,731 INFO o.a.j.t.JMeterThread: Thread started: Agent search 2-516
2026-10-09 09:09:56,990 INFO o.a.j.t.JMeterThread: Thread started: Agent search 2-517
2026-10-09 09:09:56,994 INFO o.a.j.t.JMeterThread: Thread is done: Agent search 2-516
2026-10-09 09:09:56,994 INFO o.a.j.t.JMeterThread: Thread finished: Agent search 2-516
2026-10-09 09:09:57,066 INFO o.a.j.t.JMeterThread: Thread is done: Agent search 2-517
2026-10-09 09:09:57,066 INFO o.a.j.t.JMeterThread: Thread finished: Agent search 2-517
2026-10-09 09:10:01,095 INFO o.a.j.t.JMeterThread: Thread started: Ticket intake 1-119
2026-10-09 09:10:02,817 INFO o.a.j.t.JMeterThread: Thread started: Agent search 2-518
2026-10-09 09:10:03,130 INFO o.a.j.r.Summariser: summary +     18 in 00:01:03 =    0.3/s Avg:  1533 Min:    74 Max: 15284 Err:     0 (0.00%) Active: 2 Started: 637 Finished: 635
2026-10-09 09:10:03,130 INFO o.a.j.r.Summariser: summary =    636 in 00:37:41 =    0.3/s Avg:  3271 Min:    66 Max: 46292 Err:     0 (0.00%)
2026-10-09 09:10:03,131 INFO o.a.j.t.JMeterThread: Thread is done: Agent search 2-518
2026-10-09 09:10:03,131 INFO o.a.j.t.JMeterThread: Thread finished: Agent search 2-518
2026-10-09 09:10:06,290 INFO o.a.j.t.JMeterThread: Thread started: Agent search 2-519
2026-10-09 09:10:06,516 INFO o.a.j.t.JMeterThread: Thread is done: Agent search 2-519
2026-10-09 09:10:06,517 INFO o.a.j.t.JMeterThread: Thread finished: Agent search 2-519
2026-10-09 09:10:07,438 INFO o.a.j.t.JMeterThread: Thread started: Agent search 2-520
2026-10-09 09:10:07,644 INFO o.a.j.t.JMeterThread: Thread is done: Agent search 2-520
2026-10-09 09:10:07,644 INFO o.a.j.t.JMeterThread: Thread finished: Agent search 2-520
2026-10-09 09:10:07,753 INFO o.a.j.t.JMeterThread: Thread started: Agent search 2-521
2026-10-09 09:10:07,950 INFO o.a.j.t.JMeterThread: Thread is done: Agent search 2-521
2026-10-09 09:10:07,950 INFO o.a.j.t.JMeterThread: Thread finished: Agent search 2-521
2026-10-09 09:10:11,738 INFO o.a.j.t.JMeterThread: Thread is done: Ticket intake 1-119
2026-10-09 09:10:11,739 INFO o.a.j.t.JMeterThread: Thread finished: Ticket intake 1-119
2026-10-09 09:10:14,264 INFO o.a.j.t.JMeterThread: Thread started: Agent search 2-522
2026-10-09 09:10:14,401 INFO o.a.j.t.JMeterThread: Thread is done: Agent search 2-522
2026-10-09 09:10:14,401 INFO o.a.j.t.JMeterThread: Thread finished: Agent search 2-522
2026-10-09 09:10:17,577 INFO o.a.j.t.JMeterThread: Thread started: Ticket intake 1-120
2026-10-09 09:10:17,794 INFO o.a.j.t.JMeterThread: Thread started: Ticket intake 1-121
2026-10-09 09:10:18,742 INFO o.a.j.t.JMeterThread: Thread started: Ticket intake 1-122
2026-10-09 09:10:22,471 INFO o.a.j.t.JMeterThread: Thread started: Agent search 2-523
2026-10-09 09:10:22,696 INFO o.a.j.t.JMeterThread: Thread is done: Agent search 2-523
2026-10-09 09:10:22,696 INFO o.a.j.t.JMeterThread: Thread finished: Agent search 2-523
2026-10-09 09:10:23,883 INFO o.a.j.t.JMeterThread: Thread started: Agent search 2-524
2026-10-09 09:10:24,231 INFO o.a.j.t.JMeterThread: Thread is done: Agent search 2-524
2026-10-09 09:10:24,231 INFO o.a.j.t.JMeterThread: Thread finished: Agent search 2-524
2026-10-09 09:10:26,058 INFO o.a.j.t.JMeterThread: Thread started: Agent search 2-525
2026-10-09 09:10:26,279 INFO o.a.j.t.JMeterThread: Thread is done: Agent search 2-525
2026-10-09 09:10:26,279 INFO o.a.j.t.JMeterThread: Thread finished: Agent search 2-525
2026-10-09 09:10:26,783 INFO o.a.j.t.JMeterThread: Thread started: Agent search 2-526
2026-10-09 09:10:26,997 INFO o.a.j.t.JMeterThread: Thread is done: Agent search 2-526
2026-10-09 09:10:26,997 INFO o.a.j.t.JMeterThread: Thread finished: Agent search 2-526
2026-10-09 09:10:27,100 INFO o.a.j.t.JMeterThread: Thread is done: Ticket intake 1-120
2026-10-09 09:10:27,100 INFO o.a.j.t.JMeterThread: Thread finished: Ticket intake 1-120
2026-10-09 09:10:31,569 INFO o.a.j.t.JMeterThread: Thread started: Agent search 2-527
2026-10-09 09:10:31,809 INFO o.a.j.r.Summariser: summary +     11 in 00:00:29 =    0.4/s Avg:  2015 Min:   137 Max: 10642 Err:     0 (0.00%) Active: 3 Started: 649 Finished: 646
2026-10-09 09:10:31,810 INFO o.a.j.r.Summariser: summary =    647 in 00:38:10 =    0.3/s Avg:  3249 Min:    66 Max: 46292 Err:     0 (0.00%)
2026-10-09 09:10:31,810 INFO o.a.j.t.JMeterThread: Thread is done: Agent search 2-527
2026-10-09 09:10:31,810 INFO o.a.j.t.JMeterThread: Thread finished: Agent search 2-527
2026-10-09 09:10:34,978 INFO o.a.j.t.JMeterThread: Thread started: Agent search 2-528
2026-10-09 09:10:35,159 INFO o.a.j.t.JMeterThread: Thread is done: Agent search 2-528
2026-10-09 09:10:35,160 INFO o.a.j.t.JMeterThread: Thread finished: Agent search 2-528
2026-10-09 09:10:35,700 INFO o.a.j.t.JMeterThread: Thread is done: Ticket intake 1-121
2026-10-09 09:10:35,701 INFO o.a.j.t.JMeterThread: Thread finished: Ticket intake 1-121
2026-10-09 09:10:36,214 INFO o.a.j.t.JMeterThread: Thread started: Ticket intake 1-123
2026-10-09 09:10:40,983 INFO o.a.j.t.JMeterThread: Thread started: Agent search 2-529
2026-10-09 09:10:41,231 INFO o.a.j.t.JMeterThread: Thread is done: Agent search 2-529
2026-10-09 09:10:41,231 INFO o.a.j.t.JMeterThread: Thread finished: Agent search 2-529
2026-10-09 09:10:43,148 INFO o.a.j.t.JMeterThread: Thread started: Ticket intake 1-124
2026-10-09 09:10:44,178 INFO o.a.j.t.JMeterThread: Thread started: Agent search 2-530
2026-10-09 09:10:44,303 INFO o.a.j.t.JMeterThread: Thread is done: Agent search 2-530
2026-10-09 09:10:44,303 INFO o.a.j.t.JMeterThread: Thread finished: Agent search 2-530
2026-10-09 09:10:49,714 INFO o.a.j.t.JMeterThread: Thread started: Agent search 2-531
2026-10-09 09:10:49,935 INFO o.a.j.t.JMeterThread: Thread is done: Agent search 2-531
2026-10-09 09:10:49,935 INFO o.a.j.t.JMeterThread: Thread finished: Agent search 2-531
2026-10-09 09:10:50,754 INFO o.a.j.t.JMeterThread: Thread is done: Ticket intake 1-122
2026-10-09 09:10:50,754 INFO o.a.j.t.JMeterThread: Thread finished: Ticket intake 1-122
2026-10-09 09:10:59,157 INFO o.a.j.t.JMeterThread: Thread started: Agent search 2-532
2026-10-09 09:10:59,293 INFO o.a.j.t.JMeterThread: Thread started: Agent search 2-533
2026-10-09 09:10:59,305 INFO o.a.j.t.JMeterThread: Thread is done: Agent search 2-532
2026-10-09 09:10:59,305 INFO o.a.j.t.JMeterThread: Thread finished: Agent search 2-532
2026-10-09 09:10:59,457 INFO o.a.j.t.JMeterThread: Thread is done: Agent search 2-533
2026-10-09 09:10:59,457 INFO o.a.j.t.JMeterThread: Thread finished: Agent search 2-533
2026-10-09 09:11:01,916 INFO o.a.j.r.Summariser: summary +      9 in 00:00:30 =    0.3/s Avg:  8522 Min:   124 Max: 32011 Err:     0 (0.00%) Active: 2 Started: 657 Finished: 655
2026-10-09 09:11:01,916 INFO o.a.j.r.Summariser: summary =    656 in 00:38:40 =    0.3/s Avg:  3322 Min:    66 Max: 46292 Err:     0 (0.00%)
2026-10-09 09:11:01,916 INFO o.a.j.t.JMeterThread: Thread is done: Ticket intake 1-123
2026-10-09 09:11:01,916 INFO o.a.j.t.JMeterThread: Thread finished: Ticket intake 1-123
2026-10-09 09:11:04,049 INFO o.a.j.t.JMeterThread: Thread started: Ticket intake 1-125
2026-10-09 09:11:09,109 INFO o.a.j.t.JMeterThread: Thread is done: Ticket intake 1-124
2026-10-09 09:11:09,109 INFO o.a.j.t.JMeterThread: Thread finished: Ticket intake 1-124
2026-10-09 09:11:11,429 INFO o.a.j.t.JMeterThread: Thread started: Ticket intake 1-126
2026-10-09 09:11:15,944 INFO o.a.j.t.JMeterThread: Thread is done: Ticket intake 1-125
2026-10-09 09:11:15,944 INFO o.a.j.t.JMeterThread: Thread finished: Ticket intake 1-125
2026-10-09 09:11:21,556 INFO o.a.j.t.JMeterThread: Thread started: Agent search 2-534
2026-10-09 09:11:21,781 INFO o.a.j.t.JMeterThread: Thread is done: Agent search 2-534
2026-10-09 09:11:21,781 INFO o.a.j.t.JMeterThread: Thread finished: Agent search 2-534
2026-10-09 09:11:22,456 INFO o.a.j.t.JMeterThread: Thread started: Agent search 2-535
2026-10-09 09:11:22,703 INFO o.a.j.t.JMeterThread: Thread is done: Agent search 2-535
2026-10-09 09:11:22,703 INFO o.a.j.t.JMeterThread: Thread finished: Agent search 2-535
2026-10-09 09:11:24,647 INFO o.a.j.t.JMeterThread: Thread is done: Ticket intake 1-126
2026-10-09 09:11:24,647 INFO o.a.j.t.JMeterThread: Thread finished: Ticket intake 1-126
2026-10-09 09:11:25,984 INFO o.a.j.t.JMeterThread: Thread started: Agent search 2-536
2026-10-09 09:11:26,169 INFO o.a.j.t.JMeterThread: Thread is done: Agent search 2-536
2026-10-09 09:11:26,170 INFO o.a.j.t.JMeterThread: Thread finished: Agent search 2-536
2026-10-09 09:11:33,188 INFO o.a.j.t.JMeterThread: Thread started: Agent search 2-537
2026-10-09 09:11:33,353 INFO o.a.j.r.Summariser: summary +      7 in 00:00:31 =    0.2/s Avg:  7412 Min:   163 Max: 25960 Err:     0 (0.00%) Active: 1 Started: 663 Finished: 662
2026-10-09 09:11:33,353 INFO o.a.j.r.Summariser: summary =    663 in 00:39:11 =    0.3/s Avg:  3365 Min:    66 Max: 46292 Err:     0 (0.00%)
2026-10-09 09:11:33,353 INFO o.a.j.t.JMeterThread: Thread is done: Agent search 2-537
2026-10-09 09:11:33,353 INFO o.a.j.t.JMeterThread: Thread finished: Agent search 2-537
2026-10-09 09:11:37,460 INFO o.a.j.t.JMeterThread: Thread started: Agent search 2-538
2026-10-09 09:11:37,626 INFO o.a.j.t.JMeterThread: Thread is done: Agent search 2-538
2026-10-09 09:11:37,626 INFO o.a.j.t.JMeterThread: Thread finished: Agent search 2-538
2026-10-09 09:11:47,717 INFO o.a.j.t.JMeterThread: Thread started: Agent search 2-539
2026-10-09 09:11:47,892 INFO o.a.j.t.JMeterThread: Thread is done: Agent search 2-539
2026-10-09 09:11:47,892 INFO o.a.j.t.JMeterThread: Thread finished: Agent search 2-539
2026-10-09 09:11:49,123 INFO o.a.j.t.JMeterThread: Thread started: Agent search 2-540
2026-10-09 09:11:49,328 INFO o.a.j.t.JMeterThread: Thread is done: Agent search 2-540
2026-10-09 09:11:49,328 INFO o.a.j.t.JMeterThread: Thread finished: Agent search 2-540
2026-10-09 09:11:54,381 INFO o.a.j.t.JMeterThread: Thread started: Agent search 2-541
2026-10-09 09:11:54,652 INFO o.a.j.t.JMeterThread: Thread is done: Agent search 2-541
2026-10-09 09:11:54,652 INFO o.a.j.t.JMeterThread: Thread finished: Agent search 2-541
2026-10-09 09:11:59,524 INFO o.a.j.t.JMeterThread: Thread started: Agent search 2-542
2026-10-09 09:11:59,772 INFO o.a.j.t.JMeterThread: Thread is done: Agent search 2-542
2026-10-09 09:11:59,772 INFO o.a.j.t.JMeterThread: Thread finished: Agent search 2-542
2026-10-09 09:12:02,828 INFO o.a.j.t.JMeterThread: Thread started: Ticket intake 1-127
2026-10-09 09:12:08,003 INFO o.a.j.t.JMeterThread: Thread started: Agent search 2-543
2026-10-09 09:12:08,374 INFO o.a.j.t.JMeterThread: Thread is done: Agent search 2-543
2026-10-09 09:12:08,374 INFO o.a.j.t.JMeterThread: Thread finished: Agent search 2-543
2026-10-09 09:12:08,889 INFO o.a.j.t.JMeterThread: Thread started: Agent search 2-544
2026-10-09 09:12:09,091 INFO o.a.j.t.JMeterThread: Thread is done: Agent search 2-544
2026-10-09 09:12:09,091 INFO o.a.j.t.JMeterThread: Thread finished: Agent search 2-544
2026-10-09 09:12:14,243 INFO o.a.j.t.JMeterThread: Thread started: Ticket intake 1-128
2026-10-09 09:12:14,928 INFO o.a.j.t.JMeterThread: Thread is done: Ticket intake 1-127
2026-10-09 09:12:14,928 INFO o.a.j.t.JMeterThread: Thread finished: Ticket intake 1-127
2026-10-09 09:12:17,247 INFO o.a.j.t.JMeterThread: Thread started: Ticket intake 1-129
2026-10-09 09:12:17,492 INFO o.a.j.t.JMeterThread: Thread started: Agent search 2-545
2026-10-09 09:12:17,693 INFO o.a.j.t.JMeterThread: Thread is done: Agent search 2-545
2026-10-09 09:12:17,693 INFO o.a.j.t.JMeterThread: Thread finished: Agent search 2-545
2026-10-09 09:12:20,199 INFO o.a.j.t.JMeterThread: Thread started: Agent search 2-546
2026-10-09 09:12:20,354 INFO o.a.j.t.JMeterThread: Thread is done: Agent search 2-546
2026-10-09 09:12:20,354 INFO o.a.j.t.JMeterThread: Thread finished: Agent search 2-546
2026-10-09 09:12:21,707 INFO o.a.j.t.JMeterThread: Thread started: Agent search 2-547
2026-10-09 09:12:21,891 INFO o.a.j.t.JMeterThread: Thread is done: Agent search 2-547
2026-10-09 09:12:21,891 INFO o.a.j.t.JMeterThread: Thread finished: Agent search 2-547
2026-10-09 09:12:23,324 INFO o.a.j.t.JMeterThread: Thread is done: Ticket intake 1-128
2026-10-09 09:12:23,324 INFO o.a.j.t.JMeterThread: Thread finished: Ticket intake 1-128
2026-10-09 09:12:23,385 INFO o.a.j.t.JMeterThread: Thread started: Agent search 2-548
2026-10-09 09:12:23,595 INFO o.a.j.t.JMeterThread: Thread is done: Agent search 2-548
2026-10-09 09:12:23,595 INFO o.a.j.t.JMeterThread: Thread finished: Agent search 2-548
2026-10-09 09:12:24,371 INFO o.a.j.t.JMeterThread: Thread started: Agent search 2-549
2026-10-09 09:12:24,481 INFO o.a.j.t.JMeterThread: Thread is done: Agent search 2-549
2026-10-09 09:12:24,481 INFO o.a.j.t.JMeterThread: Thread finished: Agent search 2-549
2026-10-09 09:12:26,235 INFO o.a.j.t.JMeterThread: Thread started: Agent search 2-550
2026-10-09 09:12:26,397 INFO o.a.j.t.JMeterThread: Thread is done: Agent search 2-550
2026-10-09 09:12:26,397 INFO o.a.j.t.JMeterThread: Thread finished: Agent search 2-550
2026-10-09 09:12:26,678 INFO o.a.j.t.JMeterThread: Thread started: Agent search 2-551
2026-10-09 09:12:27,011 INFO o.a.j.t.JMeterThread: Thread is done: Agent search 2-551
2026-10-09 09:12:27,011 INFO o.a.j.t.JMeterThread: Thread finished: Agent search 2-551
2026-10-09 09:12:27,426 INFO o.a.j.t.JMeterThread: Thread started: Agent search 2-552
2026-10-09 09:12:27,625 INFO o.a.j.t.JMeterThread: Thread is done: Agent search 2-552
2026-10-09 09:12:27,625 INFO o.a.j.t.JMeterThread: Thread finished: Agent search 2-552
2026-10-09 09:12:27,860 INFO o.a.j.t.JMeterThread: Thread started: Agent search 2-553
2026-10-09 09:12:27,980 INFO o.a.j.t.JMeterThread: Thread is done: Agent search 2-553
2026-10-09 09:12:27,980 INFO o.a.j.t.JMeterThread: Thread finished: Agent search 2-553
2026-10-09 09:12:31,569 INFO o.a.j.t.JMeterThread: Thread started: Agent search 2-554
2026-10-09 09:12:31,724 INFO o.a.j.t.JMeterThread: Thread started: Agent search 2-555
2026-10-09 09:12:31,883 INFO o.a.j.t.JMeterThread: Thread is done: Agent search 2-555
2026-10-09 09:12:31,883 INFO o.a.j.t.JMeterThread: Thread finished: Agent search 2-555
2026-10-09 09:12:31,883 INFO o.a.j.r.Summariser: summary +     19 in 00:00:59 =    0.3/s Avg:  1304 Min:   109 Max: 12099 Err:     0 (0.00%) Active: 3 Started: 684 Finished: 681
2026-10-09 09:12:31,884 INFO o.a.j.r.Summariser: summary =    682 in 00:40:10 =    0.3/s Avg:  3308 Min:    66 Max: 46292 Err:     0 (0.00%)
2026-10-09 09:12:31,884 INFO o.a.j.t.JMeterThread: Thread is done: Agent search 2-554
2026-10-09 09:12:31,884 INFO o.a.j.t.JMeterThread: Thread finished: Agent search 2-554
2026-10-09 09:12:33,871 INFO o.a.j.t.JMeterThread: Thread is done: Ticket intake 1-129
2026-10-09 09:12:33,872 INFO o.a.j.t.JMeterThread: Thread finished: Ticket intake 1-129
2026-10-09 09:12:34,745 INFO o.a.j.t.JMeterThread: Thread started: Agent search 2-556
2026-10-09 09:12:34,896 INFO o.a.j.t.JMeterThread: Thread is done: Agent search 2-556
2026-10-09 09:12:34,896 INFO o.a.j.t.JMeterThread: Thread finished: Agent search 2-556
2026-10-09 09:12:36,327 INFO o.a.j.t.JMeterThread: Thread started: Agent search 2-557
2026-10-09 09:12:36,534 INFO o.a.j.t.JMeterThread: Thread is done: Agent search 2-557
2026-10-09 09:12:36,535 INFO o.a.j.t.JMeterThread: Thread finished: Agent search 2-557
2026-10-09 09:12:46,128 INFO o.a.j.t.JMeterThread: Thread started: Agent search 2-558
2026-10-09 09:12:46,364 INFO o.a.j.t.JMeterThread: Thread is done: Agent search 2-558
2026-10-09 09:12:46,364 INFO o.a.j.t.JMeterThread: Thread finished: Agent search 2-558
2026-10-09 09:12:54,204 INFO o.a.j.t.JMeterThread: Thread started: Agent search 2-559
2026-10-09 09:12:54,556 INFO o.a.j.t.JMeterThread: Thread is done: Agent search 2-559
2026-10-09 09:12:54,557 INFO o.a.j.t.JMeterThread: Thread finished: Agent search 2-559
2026-10-09 09:12:56,404 INFO o.a.j.t.JMeterThread: Thread started: Agent search 2-560
2026-10-09 09:12:56,574 INFO o.a.j.t.JMeterThread: Thread is done: Agent search 2-560
2026-10-09 09:12:56,574 INFO o.a.j.t.JMeterThread: Thread finished: Agent search 2-560
2026-10-09 09:12:59,608 INFO o.a.j.t.JMeterThread: Thread started: Ticket intake 1-130
2026-10-09 09:13:06,715 INFO o.a.j.t.JMeterThread: Thread started: Ticket intake 1-131
2026-10-09 09:13:09,998 INFO o.a.j.t.JMeterThread: Thread started: Agent search 2-561
2026-10-09 09:13:10,121 INFO o.a.j.t.JMeterThread: Thread is done: Agent search 2-561
2026-10-09 09:13:10,121 INFO o.a.j.t.JMeterThread: Thread finished: Agent search 2-561
2026-10-09 09:13:10,799 INFO o.a.j.t.JMeterThread: Thread started: Agent search 2-562
2026-10-09 09:13:11,044 INFO o.a.j.t.JMeterThread: Thread is done: Agent search 2-562
2026-10-09 09:13:11,045 INFO o.a.j.t.JMeterThread: Thread finished: Agent search 2-562
2026-10-09 09:13:11,070 INFO o.a.j.t.JMeterThread: Thread is done: Ticket intake 1-130
2026-10-09 09:13:11,070 INFO o.a.j.t.JMeterThread: Thread finished: Ticket intake 1-130
2026-10-09 09:13:20,668 INFO o.a.j.t.JMeterThread: Thread is done: Ticket intake 1-131
2026-10-09 09:13:20,668 INFO o.a.j.t.JMeterThread: Thread finished: Ticket intake 1-131
2026-10-09 09:13:26,268 INFO o.a.j.t.JMeterThread: Thread started: Agent search 2-563
2026-10-09 09:13:26,403 INFO o.a.j.t.JMeterThread: Thread is done: Agent search 2-563
2026-10-09 09:13:26,403 INFO o.a.j.t.JMeterThread: Thread finished: Agent search 2-563
2026-10-09 09:13:27,123 INFO o.a.j.t.JMeterThread: Thread started: Agent search 2-564
2026-10-09 09:13:27,325 INFO o.a.j.t.JMeterThread: Thread is done: Agent search 2-564
2026-10-09 09:13:27,325 INFO o.a.j.t.JMeterThread: Thread finished: Agent search 2-564
2026-10-09 09:13:31,510 INFO o.a.j.t.JMeterThread: Thread started: Agent search 2-565
2026-10-09 09:13:31,641 INFO o.a.j.r.Summariser: summary +     14 in 00:01:00 =    0.2/s Avg:  3152 Min:   122 Max: 16623 Err:     0 (0.00%) Active: 1 Started: 696 Finished: 695
2026-10-09 09:13:31,642 INFO o.a.j.r.Summariser: summary =    696 in 00:41:10 =    0.3/s Avg:  3304 Min:    66 Max: 46292 Err:     0 (0.00%)
2026-10-09 09:13:31,643 INFO o.a.j.t.JMeterThread: Thread is done: Agent search 2-565
2026-10-09 09:13:31,643 INFO o.a.j.t.JMeterThread: Thread finished: Agent search 2-565
2026-10-09 09:13:33,817 INFO o.a.j.t.JMeterThread: Thread started: Ticket intake 1-132
2026-10-09 09:13:37,284 INFO o.a.j.t.JMeterThread: Thread started: Agent search 2-566
2026-10-09 09:13:37,667 INFO o.a.j.t.JMeterThread: Thread is done: Agent search 2-566
2026-10-09 09:13:37,667 INFO o.a.j.t.JMeterThread: Thread finished: Agent search 2-566
2026-10-09 09:13:39,616 INFO o.a.j.t.JMeterThread: Thread started: Agent search 2-567
2026-10-09 09:13:39,817 INFO o.a.j.t.JMeterThread: Thread is done: Agent search 2-567
2026-10-09 09:13:39,817 INFO o.a.j.t.JMeterThread: Thread finished: Agent search 2-567
2026-10-09 09:13:43,708 INFO o.a.j.t.JMeterThread: Thread is done: Ticket intake 1-132
2026-10-09 09:13:43,709 INFO o.a.j.t.JMeterThread: Thread finished: Ticket intake 1-132
2026-10-09 09:13:47,296 INFO o.a.j.t.JMeterThread: Thread started: Agent search 2-568
2026-10-09 09:13:47,498 INFO o.a.j.t.JMeterThread: Thread is done: Agent search 2-568
2026-10-09 09:13:47,498 INFO o.a.j.t.JMeterThread: Thread finished: Agent search 2-568
2026-10-09 09:13:55,254 INFO o.a.j.t.JMeterThread: Thread started: Agent search 2-569
2026-10-09 09:13:55,486 INFO o.a.j.t.JMeterThread: Thread is done: Agent search 2-569
2026-10-09 09:13:55,486 INFO o.a.j.t.JMeterThread: Thread finished: Agent search 2-569
2026-10-09 09:14:02,867 INFO o.a.j.t.JMeterThread: Thread started: Ticket intake 1-133
2026-10-09 09:14:06,076 INFO o.a.j.t.JMeterThread: Thread started: Ticket intake 1-134
2026-10-09 09:14:06,238 INFO o.a.j.t.JMeterThread: Thread started: Agent search 2-570
2026-10-09 09:14:06,452 INFO o.a.j.t.JMeterThread: Thread is done: Agent search 2-570
2026-10-09 09:14:06,453 INFO o.a.j.t.JMeterThread: Thread finished: Agent search 2-570
2026-10-09 09:14:09,755 INFO o.a.j.t.JMeterThread: Thread started: Agent search 2-571
2026-10-09 09:14:10,013 INFO o.a.j.t.JMeterThread: Thread is done: Agent search 2-571
2026-10-09 09:14:10,013 INFO o.a.j.t.JMeterThread: Thread finished: Agent search 2-571
2026-10-09 09:14:12,170 INFO o.a.j.t.JMeterThread: Thread started: Ticket intake 1-135
2026-10-09 09:14:13,065 INFO o.a.j.t.JMeterThread: Thread started: Agent search 2-572
2026-10-09 09:14:13,303 INFO o.a.j.t.JMeterThread: Thread is done: Agent search 2-572
2026-10-09 09:14:13,303 INFO o.a.j.t.JMeterThread: Thread finished: Agent search 2-572
2026-10-09 09:14:16,990 INFO o.a.j.t.JMeterThread: Thread is done: Ticket intake 1-133
2026-10-09 09:14:16,990 INFO o.a.j.t.JMeterThread: Thread finished: Ticket intake 1-133
2026-10-09 09:14:18,785 INFO o.a.j.t.JMeterThread: Thread started: Agent search 2-573
2026-10-09 09:14:19,317 INFO o.a.j.t.JMeterThread: Thread is done: Agent search 2-573
2026-10-09 09:14:19,318 INFO o.a.j.t.JMeterThread: Thread finished: Agent search 2-573
2026-10-09 09:14:19,458 INFO o.a.j.t.JMeterThread: Thread started: Agent search 2-574
2026-10-09 09:14:19,601 INFO o.a.j.t.JMeterThread: Thread is done: Agent search 2-574
2026-10-09 09:14:19,601 INFO o.a.j.t.JMeterThread: Thread finished: Agent search 2-574
2026-10-09 09:14:22,166 INFO o.a.j.t.JMeterThread: Thread started: Agent search 2-575
2026-10-09 09:14:22,269 INFO o.a.j.t.JMeterThread: Thread is done: Agent search 2-575
2026-10-09 09:14:22,269 INFO o.a.j.t.JMeterThread: Thread finished: Agent search 2-575
2026-10-09 09:14:23,966 INFO o.a.j.t.JMeterThread: Thread started: Agent search 2-576
2026-10-09 09:14:24,157 INFO o.a.j.t.JMeterThread: Thread is done: Agent search 2-576
2026-10-09 09:14:24,157 INFO o.a.j.t.JMeterThread: Thread finished: Agent search 2-576
2026-10-09 09:14:27,536 INFO o.a.j.t.JMeterThread: Thread started: Agent search 2-577
2026-10-09 09:14:27,741 INFO o.a.j.t.JMeterThread: Thread is done: Agent search 2-577
2026-10-09 09:14:27,741 INFO o.a.j.t.JMeterThread: Thread finished: Agent search 2-577
2026-10-09 09:14:28,048 INFO o.a.j.t.JMeterThread: Thread is done: Ticket intake 1-134
2026-10-09 09:14:28,048 INFO o.a.j.t.JMeterThread: Thread finished: Ticket intake 1-134
2026-10-09 09:14:32,096 INFO o.a.j.t.JMeterThread: Thread started: Agent search 2-578
2026-10-09 09:14:32,328 INFO o.a.j.r.Summariser: summary +     16 in 00:01:01 =    0.3/s Avg:  3068 Min:   101 Max: 21971 Err:     0 (0.00%) Active: 2 Started: 713 Finished: 711
2026-10-09 09:14:32,329 INFO o.a.j.r.Summariser: summary =    712 in 00:42:10 =    0.3/s Avg:  3299 Min:    66 Max: 46292 Err:     0 (0.00%)
2026-10-09 09:14:32,329 INFO o.a.j.t.JMeterThread: Thread is done: Agent search 2-578
2026-10-09 09:14:32,329 INFO o.a.j.t.JMeterThread: Thread finished: Agent search 2-578
2026-10-09 09:14:32,690 INFO o.a.j.t.JMeterThread: Thread started: Ticket intake 1-136
2026-10-09 09:14:33,772 INFO o.a.j.t.JMeterThread: Thread started: Agent search 2-579
2026-10-09 09:14:33,864 INFO o.a.j.t.JMeterThread: Thread is done: Agent search 2-579
2026-10-09 09:14:33,864 INFO o.a.j.t.JMeterThread: Thread finished: Agent search 2-579
2026-10-09 09:14:34,598 INFO o.a.j.t.JMeterThread: Thread started: Ticket intake 1-137
2026-10-09 09:14:35,729 INFO o.a.j.t.JMeterThread: Thread is done: Ticket intake 1-135
2026-10-09 09:14:35,729 INFO o.a.j.t.JMeterThread: Thread finished: Ticket intake 1-135
2026-10-09 09:14:37,325 INFO o.a.j.t.JMeterThread: Thread started: Ticket intake 1-138
2026-10-09 09:14:37,465 INFO o.a.j.t.JMeterThread: Thread started: Ticket intake 1-139
2026-10-09 09:14:41,879 INFO o.a.j.t.JMeterThread: Thread started: Agent search 2-580
2026-10-09 09:14:42,029 INFO o.a.j.t.JMeterThread: Thread is done: Agent search 2-580
2026-10-09 09:14:42,030 INFO o.a.j.t.JMeterThread: Thread finished: Agent search 2-580
2026-10-09 09:14:44,320 INFO o.a.j.t.JMeterThread: Thread started: Agent search 2-581
2026-10-09 09:14:44,489 INFO o.a.j.t.JMeterThread: Thread is done: Agent search 2-581
2026-10-09 09:14:44,489 INFO o.a.j.t.JMeterThread: Thread finished: Agent search 2-581
2026-10-09 09:14:44,512 INFO o.a.j.t.JMeterThread: Thread is done: Ticket intake 1-136
2026-10-09 09:14:44,512 INFO o.a.j.t.JMeterThread: Thread finished: Ticket intake 1-136
2026-10-09 09:14:52,485 INFO o.a.j.t.JMeterThread: Thread is done: Ticket intake 1-137
2026-10-09 09:14:52,485 INFO o.a.j.t.JMeterThread: Thread finished: Ticket intake 1-137
2026-10-09 09:14:53,555 INFO o.a.j.t.JMeterThread: Thread started: Agent search 2-582
2026-10-09 09:14:53,656 INFO o.a.j.t.JMeterThread: Thread is done: Agent search 2-582
2026-10-09 09:14:53,657 INFO o.a.j.t.JMeterThread: Thread finished: Agent search 2-582
2026-10-09 09:14:59,332 INFO o.a.j.t.JMeterThread: Thread is done: Ticket intake 1-138
2026-10-09 09:14:59,332 INFO o.a.j.t.JMeterThread: Thread finished: Ticket intake 1-138
2026-10-09 09:14:59,717 INFO o.a.j.t.JMeterThread: Thread started: Agent search 2-583
2026-10-09 09:14:59,838 INFO o.a.j.t.JMeterThread: Thread is done: Agent search 2-583
2026-10-09 09:14:59,838 INFO o.a.j.t.JMeterThread: Thread finished: Agent search 2-583
2026-10-09 09:15:02,855 INFO o.a.j.t.JMeterThread: Thread started: Agent search 2-584
2026-10-09 09:15:03,173 INFO o.a.j.r.Summariser: summary +     10 in 00:00:31 =    0.3/s Avg:  7621 Min:    91 Max: 23558 Err:     0 (0.00%) Active: 2 Started: 723 Finished: 721
2026-10-09 09:15:03,173 INFO o.a.j.r.Summariser: summary =    722 in 00:42:41 =    0.3/s Avg:  3359 Min:    66 Max: 46292 Err:     0 (0.00%)
2026-10-09 09:15:03,173 INFO o.a.j.t.JMeterThread: Thread is done: Agent search 2-584
2026-10-09 09:15:03,173 INFO o.a.j.t.JMeterThread: Thread finished: Agent search 2-584
2026-10-09 09:15:03,954 INFO o.a.j.t.JMeterThread: Thread started: Agent search 2-585
2026-10-09 09:15:04,196 INFO o.a.j.t.JMeterThread: Thread is done: Agent search 2-585
2026-10-09 09:15:04,196 INFO o.a.j.t.JMeterThread: Thread finished: Agent search 2-585
2026-10-09 09:15:06,864 INFO o.a.j.t.JMeterThread: Thread started: Agent search 2-586
2026-10-09 09:15:07,009 INFO o.a.j.t.JMeterThread: Thread is done: Ticket intake 1-139
2026-10-09 09:15:07,010 INFO o.a.j.t.JMeterThread: Thread finished: Ticket intake 1-139
2026-10-09 09:15:07,019 INFO o.a.j.t.JMeterThread: Thread is done: Agent search 2-586
2026-10-09 09:15:07,019 INFO o.a.j.t.JMeterThread: Thread finished: Agent search 2-586
2026-10-09 09:15:11,937 INFO o.a.j.t.JMeterThread: Thread started: Ticket intake 1-140
2026-10-09 09:15:15,240 INFO o.a.j.t.JMeterThread: Thread started: Agent search 2-587
2026-10-09 09:15:15,460 INFO o.a.j.t.JMeterThread: Thread is done: Agent search 2-587
2026-10-09 09:15:15,460 INFO o.a.j.t.JMeterThread: Thread finished: Agent search 2-587
2026-10-09 09:15:18,333 INFO o.a.j.t.JMeterThread: Thread started: Agent search 2-588
2026-10-09 09:15:18,532 INFO o.a.j.t.JMeterThread: Thread is done: Agent search 2-588
2026-10-09 09:15:18,532 INFO o.a.j.t.JMeterThread: Thread finished: Agent search 2-588
2026-10-09 09:15:21,502 INFO o.a.j.t.JMeterThread: Thread is done: Ticket intake 1-140
2026-10-09 09:15:21,502 INFO o.a.j.t.JMeterThread: Thread finished: Ticket intake 1-140
2026-10-09 09:15:21,991 INFO o.a.j.t.JMeterThread: Thread started: Agent search 2-589
2026-10-09 09:15:22,219 INFO o.a.j.t.JMeterThread: Thread is done: Agent search 2-589
2026-10-09 09:15:22,219 INFO o.a.j.t.JMeterThread: Thread finished: Agent search 2-589
2026-10-09 09:15:33,234 INFO o.a.j.t.JMeterThread: Thread started: Agent search 2-590
2026-10-09 09:15:33,381 INFO o.a.j.r.Summariser: summary +      8 in 00:00:30 =    0.3/s Avg:  5036 Min:   146 Max: 29544 Err:     0 (0.00%) Active: 1 Started: 730 Finished: 729
2026-10-09 09:15:33,381 INFO o.a.j.r.Summariser: summary =    730 in 00:43:11 =    0.3/s Avg:  3377 Min:    66 Max: 46292 Err:     0 (0.00%)
2026-10-09 09:15:33,381 INFO o.a.j.t.JMeterThread: Thread is done: Agent search 2-590
2026-10-09 09:15:33,381 INFO o.a.j.t.JMeterThread: Thread finished: Agent search 2-590
2026-10-09 09:15:35,715 INFO o.a.j.t.JMeterThread: Thread started: Agent search 2-591
2026-10-09 09:15:35,940 INFO o.a.j.t.JMeterThread: Thread is done: Agent search 2-591
2026-10-09 09:15:35,940 INFO o.a.j.t.JMeterThread: Thread finished: Agent search 2-591
2026-10-09 09:15:37,422 INFO o.a.j.t.JMeterThread: Thread started: Agent search 2-592
2026-10-09 09:15:37,681 INFO o.a.j.t.JMeterThread: Thread is done: Agent search 2-592
2026-10-09 09:15:37,681 INFO o.a.j.t.JMeterThread: Thread finished: Agent search 2-592
2026-10-09 09:15:46,723 INFO o.a.j.t.JMeterThread: Thread started: Agent search 2-593
2026-10-09 09:15:46,897 INFO o.a.j.t.JMeterThread: Thread is done: Agent search 2-593
2026-10-09 09:15:46,897 INFO o.a.j.t.JMeterThread: Thread finished: Agent search 2-593
2026-10-09 09:15:49,666 INFO o.a.j.t.JMeterThread: Thread started: Agent search 2-594
2026-10-09 09:15:49,867 INFO o.a.j.t.JMeterThread: Thread is done: Agent search 2-594
2026-10-09 09:15:49,867 INFO o.a.j.t.JMeterThread: Thread finished: Agent search 2-594
2026-10-09 09:16:02,547 INFO o.a.j.t.JMeterThread: Thread started: Ticket intake 1-141
2026-10-09 09:16:05,920 INFO o.a.j.t.JMeterThread: Thread started: Agent search 2-595
2026-10-09 09:16:06,136 INFO o.a.j.t.JMeterThread: Thread is done: Agent search 2-595
2026-10-09 09:16:06,136 INFO o.a.j.t.JMeterThread: Thread finished: Agent search 2-595
2026-10-09 09:16:12,125 INFO o.a.j.t.JMeterThread: Thread started: Agent search 2-596
2026-10-09 09:16:12,293 INFO o.a.j.t.JMeterThread: Thread is done: Agent search 2-596
2026-10-09 09:16:12,293 INFO o.a.j.t.JMeterThread: Thread finished: Agent search 2-596
2026-10-09 09:16:16,183 INFO o.a.j.t.JMeterThread: Thread is done: Ticket intake 1-141
2026-10-09 09:16:16,184 INFO o.a.j.t.JMeterThread: Thread finished: Ticket intake 1-141
2026-10-09 09:16:16,558 INFO o.a.j.t.JMeterThread: Thread started: Agent search 2-597
2026-10-09 09:16:16,799 INFO o.a.j.t.JMeterThread: Thread is done: Agent search 2-597
2026-10-09 09:16:16,799 INFO o.a.j.t.JMeterThread: Thread finished: Agent search 2-597
2026-10-09 09:16:22,767 INFO o.a.j.t.JMeterThread: Thread started: Agent search 2-598
2026-10-09 09:16:23,045 INFO o.a.j.t.JMeterThread: Thread is done: Agent search 2-598
2026-10-09 09:16:23,045 INFO o.a.j.t.JMeterThread: Thread finished: Agent search 2-598
2026-10-09 09:16:25,908 INFO o.a.j.t.JMeterThread: Thread started: Agent search 2-599
2026-10-09 09:16:26,219 INFO o.a.j.t.JMeterThread: Thread is done: Agent search 2-599
2026-10-09 09:16:26,220 INFO o.a.j.t.JMeterThread: Thread finished: Agent search 2-599
2026-10-09 09:16:37,593 INFO o.a.j.t.JMeterThread: Thread started: Agent search 2-600
2026-10-09 09:16:37,894 INFO o.a.j.t.JMeterThread: Thread is done: Agent search 2-600
2026-10-09 09:16:37,894 INFO o.a.j.t.JMeterThread: Thread finished: Agent search 2-600
2026-10-09 09:16:40,129 INFO o.a.j.t.JMeterThread: Thread started: Agent search 2-601
2026-10-09 09:16:40,310 INFO o.a.j.t.JMeterThread: Thread is done: Agent search 2-601
2026-10-09 09:16:40,310 INFO o.a.j.t.JMeterThread: Thread finished: Agent search 2-601
2026-10-09 09:16:41,072 INFO o.a.j.t.JMeterThread: Thread started: Agent search 2-602
2026-10-09 09:16:41,291 INFO o.a.j.t.JMeterThread: Thread is done: Agent search 2-602
2026-10-09 09:16:41,291 INFO o.a.j.t.JMeterThread: Thread finished: Agent search 2-602
2026-10-09 09:16:43,436 INFO o.a.j.t.JMeterThread: Thread started: Agent search 2-603
2026-10-09 09:16:43,730 INFO o.a.j.t.JMeterThread: Thread is done: Agent search 2-603
2026-10-09 09:16:43,730 INFO o.a.j.t.JMeterThread: Thread finished: Agent search 2-603
2026-10-09 09:16:45,234 INFO o.a.j.t.JMeterThread: Thread started: Ticket intake 1-142
2026-10-09 09:16:50,466 INFO o.a.j.t.JMeterThread: Thread started: Agent search 2-604
2026-10-09 09:16:50,694 INFO o.a.j.t.JMeterThread: Thread is done: Agent search 2-604
2026-10-09 09:16:50,694 INFO o.a.j.t.JMeterThread: Thread finished: Agent search 2-604
2026-10-09 09:16:53,048 INFO o.a.j.t.JMeterThread: Thread started: Agent search 2-605
2026-10-09 09:16:53,151 INFO o.a.j.t.JMeterThread: Thread is done: Agent search 2-605
2026-10-09 09:16:53,151 INFO o.a.j.t.JMeterThread: Thread finished: Agent search 2-605
2026-10-09 09:16:54,840 INFO o.a.j.t.JMeterThread: Thread started: Agent search 2-606
2026-10-09 09:16:55,097 INFO o.a.j.t.JMeterThread: Thread is done: Agent search 2-606
2026-10-09 09:16:55,097 INFO o.a.j.t.JMeterThread: Thread finished: Agent search 2-606
2026-10-09 09:16:57,964 INFO o.a.j.t.JMeterThread: Thread is done: Ticket intake 1-142
2026-10-09 09:16:57,964 INFO o.a.j.t.JMeterThread: Thread finished: Ticket intake 1-142
2026-10-09 09:17:24,791 INFO o.a.j.t.JMeterThread: Thread started: Ticket intake 1-143
2026-10-09 09:17:25,430 INFO o.a.j.t.JMeterThread: Thread started: Agent search 2-607
2026-10-09 09:17:25,613 INFO o.a.j.t.JMeterThread: Thread is done: Agent search 2-607
2026-10-09 09:17:25,613 INFO o.a.j.t.JMeterThread: Thread finished: Agent search 2-607
2026-10-09 09:17:27,890 INFO o.a.j.t.JMeterThread: Thread started: Ticket intake 1-144
2026-10-09 09:17:28,159 INFO o.a.j.t.JMeterThread: Thread started: Agent search 2-608
2026-10-09 09:17:28,503 INFO o.a.j.t.JMeterThread: Thread is done: Agent search 2-608
2026-10-09 09:17:28,503 INFO o.a.j.t.JMeterThread: Thread finished: Agent search 2-608
2026-10-09 09:17:31,755 INFO o.a.j.r.Summariser: summary +     21 in 00:01:58 =    0.2/s Avg:  1785 Min:   102 Max: 13635 Err:     0 (0.00%) Active: 2 Started: 752 Finished: 750
2026-10-09 09:17:31,756 INFO o.a.j.r.Summariser: summary =    751 in 00:45:10 =    0.3/s Avg:  3333 Min:    66 Max: 46292 Err:     0 (0.00%)
2026-10-09 09:17:31,756 INFO o.a.j.t.JMeterThread: Thread is done: Ticket intake 1-143
2026-10-09 09:17:31,756 INFO o.a.j.t.JMeterThread: Thread finished: Ticket intake 1-143
2026-10-09 09:17:33,957 INFO o.a.j.t.JMeterThread: Thread started: Ticket intake 1-145
2026-10-09 09:17:34,146 INFO o.a.j.t.JMeterThread: Thread started: Agent search 2-609
2026-10-09 09:17:34,316 INFO o.a.j.t.JMeterThread: Thread is done: Agent search 2-609
2026-10-09 09:17:34,316 INFO o.a.j.t.JMeterThread: Thread finished: Agent search 2-609
2026-10-09 09:17:34,402 INFO o.a.j.t.JMeterThread: Thread started: Agent search 2-610
2026-10-09 09:17:34,623 INFO o.a.j.t.JMeterThread: Thread is done: Agent search 2-610
2026-10-09 09:17:34,623 INFO o.a.j.t.JMeterThread: Thread finished: Agent search 2-610
2026-10-09 09:17:36,230 INFO o.a.j.t.JMeterThread: Thread started: Ticket intake 1-146
2026-10-09 09:17:38,686 INFO o.a.j.t.JMeterThread: Thread started: Ticket intake 1-147
2026-10-09 09:17:39,050 INFO o.a.j.t.JMeterThread: Thread started: Ticket intake 1-148
2026-10-09 09:17:39,949 INFO o.a.j.t.JMeterThread: Thread is done: Ticket intake 1-144
2026-10-09 09:17:39,949 INFO o.a.j.t.JMeterThread: Thread finished: Ticket intake 1-144
2026-10-09 09:17:41,630 INFO o.a.j.t.JMeterThread: Thread started: Ticket intake 1-149
2026-10-09 09:17:43,494 INFO o.a.j.t.JMeterThread: Thread started: Agent search 2-611
2026-10-09 09:17:43,771 INFO o.a.j.t.JMeterThread: Thread is done: Agent search 2-611
2026-10-09 09:17:43,771 INFO o.a.j.t.JMeterThread: Thread finished: Agent search 2-611
2026-10-09 09:17:47,553 INFO o.a.j.t.JMeterThread: Thread started: Agent search 2-612
2026-10-09 09:17:47,834 INFO o.a.j.t.JMeterThread: Thread is done: Agent search 2-612
2026-10-09 09:17:47,834 INFO o.a.j.t.JMeterThread: Thread finished: Agent search 2-612
2026-10-09 09:17:47,835 INFO o.a.j.t.JMeterThread: Thread is done: Ticket intake 1-145
2026-10-09 09:17:47,835 INFO o.a.j.t.JMeterThread: Thread finished: Ticket intake 1-145
2026-10-09 09:17:53,424 INFO o.a.j.t.JMeterThread: Thread started: Agent search 2-613
2026-10-09 09:17:54,257 INFO o.a.j.t.JMeterThread: Thread is done: Ticket intake 1-146
2026-10-09 09:17:54,257 INFO o.a.j.t.JMeterThread: Thread finished: Ticket intake 1-146
2026-10-09 09:17:54,654 INFO o.a.j.t.JMeterThread: Thread is done: Agent search 2-613
2026-10-09 09:17:54,654 INFO o.a.j.t.JMeterThread: Thread finished: Agent search 2-613
2026-10-09 09:17:54,850 INFO o.a.j.t.JMeterThread: Thread started: Agent search 2-614
2026-10-09 09:17:55,052 INFO o.a.j.t.JMeterThread: Thread is done: Agent search 2-614
2026-10-09 09:17:55,052 INFO o.a.j.t.JMeterThread: Thread finished: Agent search 2-614
2026-10-09 09:17:59,495 INFO o.a.j.t.JMeterThread: Thread started: Agent search 2-615
2026-10-09 09:17:59,814 INFO o.a.j.t.JMeterThread: Thread is done: Agent search 2-615
2026-10-09 09:17:59,814 INFO o.a.j.t.JMeterThread: Thread finished: Agent search 2-615
2026-10-09 09:18:04,217 INFO o.a.j.r.Summariser: summary +     11 in 00:00:32 =    0.3/s Avg:  6562 Min:   170 Max: 25531 Err:     0 (0.00%) Active: 3 Started: 764 Finished: 761
2026-10-09 09:18:04,218 INFO o.a.j.r.Summariser: summary =    762 in 00:45:42 =    0.3/s Avg:  3379 Min:    66 Max: 46292 Err:     0 (0.00%)
2026-10-09 09:18:04,218 INFO o.a.j.t.JMeterThread: Thread is done: Ticket intake 1-147
2026-10-09 09:18:04,218 INFO o.a.j.t.JMeterThread: Thread finished: Ticket intake 1-147
2026-10-09 09:18:11,899 INFO o.a.j.t.JMeterThread: Thread is done: Ticket intake 1-148
2026-10-09 09:18:11,899 INFO o.a.j.t.JMeterThread: Thread finished: Ticket intake 1-148
2026-10-09 09:18:16,129 INFO o.a.j.t.JMeterThread: Thread started: Ticket intake 1-150
2026-10-09 09:18:20,703 INFO o.a.j.t.JMeterThread: Thread is done: Ticket intake 1-149
2026-10-09 09:18:20,704 INFO o.a.j.t.JMeterThread: Thread finished: Ticket intake 1-149
2026-10-09 09:18:20,756 INFO o.a.j.t.JMeterThread: Thread started: Ticket intake 1-151
2026-10-09 09:18:21,115 INFO o.a.j.t.JMeterThread: Thread started: Agent search 2-616
2026-10-09 09:18:21,318 INFO o.a.j.t.JMeterThread: Thread is done: Agent search 2-616
2026-10-09 09:18:21,318 INFO o.a.j.t.JMeterThread: Thread finished: Agent search 2-616
2026-10-09 09:18:31,974 INFO o.a.j.t.JMeterThread: Thread started: Agent search 2-617
2026-10-09 09:18:32,176 INFO o.a.j.r.Summariser: summary +      4 in 00:00:28 =    0.1/s Avg: 18081 Min:   201 Max: 39073 Err:     0 (0.00%) Active: 3 Started: 768 Finished: 765
2026-10-09 09:18:32,176 INFO o.a.j.r.Summariser: summary =    766 in 00:46:10 =    0.3/s Avg:  3456 Min:    66 Max: 46292 Err:     0 (0.00%)
2026-10-09 09:18:32,176 INFO o.a.j.t.JMeterThread: Thread is done: Agent search 2-617
2026-10-09 09:18:32,176 INFO o.a.j.t.JMeterThread: Thread finished: Agent search 2-617
2026-10-09 09:18:33,545 INFO o.a.j.t.JMeterThread: Thread started: Agent search 2-618
2026-10-09 09:18:33,913 INFO o.a.j.t.JMeterThread: Thread is done: Agent search 2-618
2026-10-09 09:18:33,914 INFO o.a.j.t.JMeterThread: Thread finished: Agent search 2-618
2026-10-09 09:18:34,361 INFO o.a.j.t.JMeterThread: Thread started: Agent search 2-619
2026-10-09 09:18:34,630 INFO o.a.j.t.JMeterThread: Thread is done: Agent search 2-619
2026-10-09 09:18:34,630 INFO o.a.j.t.JMeterThread: Thread finished: Agent search 2-619
2026-10-09 09:18:35,860 INFO o.a.j.t.JMeterThread: Thread is done: Ticket intake 1-150
2026-10-09 09:18:35,860 INFO o.a.j.t.JMeterThread: Thread finished: Ticket intake 1-150
2026-10-09 09:18:38,347 INFO o.a.j.t.JMeterThread: Thread started: Ticket intake 1-152
2026-10-09 09:18:47,063 INFO o.a.j.t.JMeterThread: Thread started: Ticket intake 1-153
2026-10-09 09:18:48,455 INFO o.a.j.t.JMeterThread: Thread is done: Ticket intake 1-151
2026-10-09 09:18:48,455 INFO o.a.j.t.JMeterThread: Thread finished: Ticket intake 1-151
2026-10-09 09:18:54,773 INFO o.a.j.t.JMeterThread: Thread started: Ticket intake 1-154
2026-10-09 09:18:55,417 INFO o.a.j.t.JMeterThread: Thread is done: Ticket intake 1-152
2026-10-09 09:18:55,418 INFO o.a.j.t.JMeterThread: Thread finished: Ticket intake 1-152
2026-10-09 09:19:03,815 INFO o.a.j.r.Summariser: summary +      6 in 00:00:32 =    0.2/s Avg: 13647 Min:   269 Max: 27697 Err:     0 (0.00%) Active: 2 Started: 773 Finished: 771
2026-10-09 09:19:03,816 INFO o.a.j.r.Summariser: summary =    772 in 00:46:42 =    0.3/s Avg:  3535 Min:    66 Max: 46292 Err:     0 (0.00%)
2026-10-09 09:19:03,816 INFO o.a.j.t.JMeterThread: Thread is done: Ticket intake 1-153
2026-10-09 09:19:03,816 INFO o.a.j.t.JMeterThread: Thread finished: Ticket intake 1-153
2026-10-09 09:19:05,498 INFO o.a.j.t.JMeterThread: Thread started: Agent search 2-620
2026-10-09 09:19:05,657 INFO o.a.j.t.JMeterThread: Thread is done: Agent search 2-620
2026-10-09 09:19:05,658 INFO o.a.j.t.JMeterThread: Thread finished: Agent search 2-620
2026-10-09 09:19:14,241 INFO o.a.j.t.JMeterThread: Thread started: Ticket intake 1-155
2026-10-09 09:19:14,567 INFO o.a.j.t.JMeterThread: Thread is done: Ticket intake 1-154
2026-10-09 09:19:14,568 INFO o.a.j.t.JMeterThread: Thread finished: Ticket intake 1-154
2026-10-09 09:19:15,681 INFO o.a.j.t.JMeterThread: Thread started: Agent search 2-621
2026-10-09 09:19:15,898 INFO o.a.j.t.JMeterThread: Thread is done: Agent search 2-621
2026-10-09 09:19:15,898 INFO o.a.j.t.JMeterThread: Thread finished: Agent search 2-621
2026-10-09 09:19:18,399 INFO o.a.j.t.JMeterThread: Thread started: Agent search 2-622
2026-10-09 09:19:18,561 INFO o.a.j.t.JMeterThread: Thread is done: Agent search 2-622
2026-10-09 09:19:18,561 INFO o.a.j.t.JMeterThread: Thread finished: Agent search 2-622
2026-10-09 09:19:19,335 INFO o.a.j.t.JMeterThread: Thread started: Agent search 2-623
2026-10-09 09:19:19,582 INFO o.a.j.t.JMeterThread: Thread is done: Agent search 2-623
2026-10-09 09:19:19,582 INFO o.a.j.t.JMeterThread: Thread finished: Agent search 2-623
2026-10-09 09:19:23,432 INFO o.a.j.t.JMeterThread: Thread started: Agent search 2-624
2026-10-09 09:19:23,489 INFO o.a.j.t.JMeterThread: Thread started: Agent search 2-625
2026-10-09 09:19:23,589 INFO o.a.j.t.JMeterThread: Thread is done: Agent search 2-624
2026-10-09 09:19:23,589 INFO o.a.j.t.JMeterThread: Thread finished: Agent search 2-624
2026-10-09 09:19:23,681 INFO o.a.j.t.JMeterThread: Thread is done: Agent search 2-625
2026-10-09 09:19:23,681 INFO o.a.j.t.JMeterThread: Thread finished: Agent search 2-625
2026-10-09 09:19:26,772 INFO o.a.j.t.JMeterThread: Thread started: Ticket intake 1-156
2026-10-09 09:19:27,132 INFO o.a.j.t.JMeterThread: Thread started: Agent search 2-626
2026-10-09 09:19:27,367 INFO o.a.j.t.JMeterThread: Thread is done: Agent search 2-626
2026-10-09 09:19:27,367 INFO o.a.j.t.JMeterThread: Thread finished: Agent search 2-626
2026-10-09 09:19:27,470 INFO o.a.j.t.JMeterThread: Thread is done: Ticket intake 1-155
2026-10-09 09:19:27,470 INFO o.a.j.t.JMeterThread: Thread finished: Ticket intake 1-155
2026-10-09 09:19:34,527 INFO o.a.j.t.JMeterThread: Thread started: Agent search 2-627
2026-10-09 09:19:34,739 INFO o.a.j.r.Summariser: summary +     10 in 00:00:31 =    0.3/s Avg:  3459 Min:   155 Max: 19793 Err:     0 (0.00%) Active: 2 Started: 783 Finished: 781
2026-10-09 09:19:34,739 INFO o.a.j.r.Summariser: summary =    782 in 00:47:13 =    0.3/s Avg:  3534 Min:    66 Max: 46292 Err:     0 (0.00%)
2026-10-09 09:19:34,739 INFO o.a.j.t.JMeterThread: Thread is done: Agent search 2-627
2026-10-09 09:19:34,739 INFO o.a.j.t.JMeterThread: Thread finished: Agent search 2-627
2026-10-09 09:19:37,530 INFO o.a.j.t.JMeterThread: Thread started: Agent search 2-628
2026-10-09 09:19:37,915 INFO o.a.j.t.JMeterThread: Thread is done: Agent search 2-628
2026-10-09 09:19:37,915 INFO o.a.j.t.JMeterThread: Thread finished: Agent search 2-628
2026-10-09 09:19:38,543 INFO o.a.j.t.JMeterThread: Thread started: Agent search 2-629
2026-10-09 09:19:38,733 INFO o.a.j.t.JMeterThread: Thread is done: Agent search 2-629
2026-10-09 09:19:38,733 INFO o.a.j.t.JMeterThread: Thread finished: Agent search 2-629
2026-10-09 09:19:39,315 INFO o.a.j.t.JMeterThread: Thread started: Agent search 2-630
2026-10-09 09:19:39,553 INFO o.a.j.t.JMeterThread: Thread is done: Agent search 2-630
2026-10-09 09:19:39,554 INFO o.a.j.t.JMeterThread: Thread finished: Agent search 2-630
2026-10-09 09:19:41,396 INFO o.a.j.t.JMeterThread: Thread is done: Ticket intake 1-156
2026-10-09 09:19:41,396 INFO o.a.j.t.JMeterThread: Thread finished: Ticket intake 1-156
2026-10-09 09:19:57,295 INFO o.a.j.t.JMeterThread: Thread started: Agent search 2-631
2026-10-09 09:19:57,473 INFO o.a.j.t.JMeterThread: Thread is done: Agent search 2-631
2026-10-09 09:19:57,473 INFO o.a.j.t.JMeterThread: Thread finished: Agent search 2-631
2026-10-09 09:19:58,116 INFO o.a.j.t.JMeterThread: Thread started: Agent search 2-632
2026-10-09 09:19:58,291 INFO o.a.j.t.JMeterThread: Thread is done: Agent search 2-632
2026-10-09 09:19:58,292 INFO o.a.j.t.JMeterThread: Thread finished: Agent search 2-632
2026-10-09 09:20:03,695 INFO o.a.j.t.JMeterThread: Thread started: Agent search 2-633
2026-10-09 09:20:04,087 INFO o.a.j.r.Summariser: summary +      7 in 00:00:29 =    0.2/s Avg:  2311 Min:   175 Max: 14624 Err:     0 (0.00%) Active: 1 Started: 789 Finished: 788
2026-10-09 09:20:04,087 INFO o.a.j.r.Summariser: summary =    789 in 00:47:42 =    0.3/s Avg:  3524 Min:    66 Max: 46292 Err:     0 (0.00%)
2026-10-09 09:20:04,088 INFO o.a.j.t.JMeterThread: Thread is done: Agent search 2-633
2026-10-09 09:20:04,088 INFO o.a.j.t.JMeterThread: Thread finished: Agent search 2-633
2026-10-09 09:20:22,692 INFO o.a.j.t.JMeterThread: Thread started: Agent search 2-634
2026-10-09 09:20:22,868 INFO o.a.j.t.JMeterThread: Thread is done: Agent search 2-634
2026-10-09 09:20:22,868 INFO o.a.j.t.JMeterThread: Thread finished: Agent search 2-634
2026-10-09 09:20:32,394 INFO o.a.j.t.JMeterThread: Thread started: Ticket intake 1-157
2026-10-09 09:20:32,963 INFO o.a.j.t.JMeterThread: Thread started: Agent search 2-635
2026-10-09 09:20:33,211 INFO o.a.j.r.Summariser: summary +      2 in 00:00:29 =    0.1/s Avg:   211 Min:   176 Max:   246 Err:     0 (0.00%) Active: 2 Started: 792 Finished: 790
2026-10-09 09:20:33,211 INFO o.a.j.r.Summariser: summary =    791 in 00:48:11 =    0.3/s Avg:  3515 Min:    66 Max: 46292 Err:     0 (0.00%)
2026-10-09 09:20:33,211 INFO o.a.j.t.JMeterThread: Thread is done: Agent search 2-635
2026-10-09 09:20:33,211 INFO o.a.j.t.JMeterThread: Thread finished: Agent search 2-635
2026-10-09 09:20:38,026 INFO o.a.j.t.JMeterThread: Thread started: Agent search 2-636
2026-10-09 09:20:38,229 INFO o.a.j.t.JMeterThread: Thread is done: Agent search 2-636
2026-10-09 09:20:38,229 INFO o.a.j.t.JMeterThread: Thread finished: Agent search 2-636
2026-10-09 09:20:43,452 INFO o.a.j.t.JMeterThread: Thread is done: Ticket intake 1-157
2026-10-09 09:20:43,452 INFO o.a.j.t.JMeterThread: Thread finished: Ticket intake 1-157
2026-10-09 09:20:46,295 INFO o.a.j.t.JMeterThread: Thread started: Agent search 2-637
2026-10-09 09:20:46,444 INFO o.a.j.t.JMeterThread: Thread started: Agent search 2-638
2026-10-09 09:20:46,523 INFO o.a.j.t.JMeterThread: Thread is done: Agent search 2-637
2026-10-09 09:20:46,523 INFO o.a.j.t.JMeterThread: Thread finished: Agent search 2-637
2026-10-09 09:20:46,730 INFO o.a.j.t.JMeterThread: Thread is done: Agent search 2-638
2026-10-09 09:20:46,730 INFO o.a.j.t.JMeterThread: Thread finished: Agent search 2-638
2026-10-09 09:20:52,293 INFO o.a.j.t.JMeterThread: Thread started: Agent search 2-639
2026-10-09 09:20:52,375 INFO o.a.j.t.JMeterThread: Thread started: Agent search 2-640
2026-10-09 09:20:52,427 INFO o.a.j.t.JMeterThread: Thread is done: Agent search 2-639
2026-10-09 09:20:52,427 INFO o.a.j.t.JMeterThread: Thread finished: Agent search 2-639
2026-10-09 09:20:52,449 INFO o.a.j.t.JMeterThread: Thread is done: Agent search 2-640
2026-10-09 09:20:52,449 INFO o.a.j.t.JMeterThread: Thread finished: Agent search 2-640
2026-10-09 09:20:55,626 INFO o.a.j.t.JMeterThread: Thread started: Agent search 2-641
2026-10-09 09:20:55,943 INFO o.a.j.t.JMeterThread: Thread is done: Agent search 2-641
2026-10-09 09:20:55,944 INFO o.a.j.t.JMeterThread: Thread finished: Agent search 2-641
2026-10-09 09:20:59,838 INFO o.a.j.t.JMeterThread: Thread started: Agent search 2-642
2026-10-09 09:21:00,009 INFO o.a.j.r.Summariser: summary +      8 in 00:00:27 =    0.3/s Avg:  1558 Min:    74 Max: 11056 Err:     0 (0.00%) Active: 1 Started: 799 Finished: 798
2026-10-09 09:21:00,009 INFO o.a.j.r.Summariser: summary =    799 in 00:48:38 =    0.3/s Avg:  3496 Min:    66 Max: 46292 Err:     0 (0.00%)
2026-10-09 09:21:00,010 INFO o.a.j.t.JMeterThread: Thread is done: Agent search 2-642
2026-10-09 09:21:00,012 INFO o.a.j.t.JMeterThread: Thread finished: Agent search 2-642
2026-10-09 09:21:09,008 INFO o.a.j.t.JMeterThread: Thread started: Agent search 2-643
2026-10-09 09:21:09,249 INFO o.a.j.t.JMeterThread: Thread started: Ticket intake 1-158
2026-10-09 09:21:09,266 INFO o.a.j.t.JMeterThread: Thread is done: Agent search 2-643
2026-10-09 09:21:09,266 INFO o.a.j.t.JMeterThread: Thread finished: Agent search 2-643
2026-10-09 09:21:11,439 INFO o.a.j.t.JMeterThread: Thread started: Agent search 2-644
2026-10-09 09:21:11,679 INFO o.a.j.t.JMeterThread: Thread is done: Agent search 2-644
2026-10-09 09:21:11,680 INFO o.a.j.t.JMeterThread: Thread finished: Agent search 2-644
2026-10-09 09:21:18,268 INFO o.a.j.t.JMeterThread: Thread is done: Ticket intake 1-158
2026-10-09 09:21:18,268 INFO o.a.j.t.JMeterThread: Thread finished: Ticket intake 1-158
2026-10-09 09:21:18,817 INFO o.a.j.t.JMeterThread: Thread started: Agent search 2-645
2026-10-09 09:21:19,087 INFO o.a.j.t.JMeterThread: Thread is done: Agent search 2-645
2026-10-09 09:21:19,087 INFO o.a.j.t.JMeterThread: Thread finished: Agent search 2-645
2026-10-09 09:21:19,134 INFO o.a.j.t.JMeterThread: Thread started: Agent search 2-646
2026-10-09 09:21:19,292 INFO o.a.j.t.JMeterThread: Thread is done: Agent search 2-646
2026-10-09 09:21:19,292 INFO o.a.j.t.JMeterThread: Thread finished: Agent search 2-646
2026-10-09 09:21:22,468 INFO o.a.j.t.JMeterThread: Thread started: Agent search 2-647
2026-10-09 09:21:22,671 INFO o.a.j.t.JMeterThread: Thread is done: Agent search 2-647
2026-10-09 09:21:22,672 INFO o.a.j.t.JMeterThread: Thread finished: Agent search 2-647
2026-10-09 09:21:31,935 INFO o.a.j.t.JMeterThread: Thread started: Ticket intake 1-159
2026-10-09 09:21:32,397 INFO o.a.j.t.JMeterThread: Thread started: Ticket intake 1-160
2026-10-09 09:21:39,566 INFO o.a.j.t.JMeterThread: Thread is done: Ticket intake 1-159
2026-10-09 09:21:39,567 INFO o.a.j.t.JMeterThread: Thread finished: Ticket intake 1-159
2026-10-09 09:21:43,537 INFO o.a.j.t.JMeterThread: Thread started: Ticket intake 1-161
2026-10-09 09:21:46,125 INFO o.a.j.t.JMeterThread: Thread is done: Ticket intake 1-160
2026-10-09 09:21:46,125 INFO o.a.j.t.JMeterThread: Thread finished: Ticket intake 1-160
2026-10-09 09:21:51,851 INFO o.a.j.t.JMeterThread: Thread started: Agent search 2-648
2026-10-09 09:21:52,061 INFO o.a.j.t.JMeterThread: Thread is done: Agent search 2-648
2026-10-09 09:21:52,061 INFO o.a.j.t.JMeterThread: Thread finished: Agent search 2-648
2026-10-09 09:21:55,234 INFO o.a.j.t.JMeterThread: Thread is done: Ticket intake 1-161
2026-10-09 09:21:55,234 INFO o.a.j.t.JMeterThread: Thread finished: Ticket intake 1-161
2026-10-09 09:21:56,605 INFO o.a.j.t.JMeterThread: Thread started: Agent search 2-649
2026-10-09 09:21:56,872 INFO o.a.j.t.JMeterThread: Thread is done: Agent search 2-649
2026-10-09 09:21:56,873 INFO o.a.j.t.JMeterThread: Thread finished: Agent search 2-649
2026-10-09 09:22:01,937 INFO o.a.j.t.JMeterThread: Thread started: Agent search 2-650
2026-10-09 09:22:02,198 INFO o.a.j.r.Summariser: summary +     12 in 00:01:02 =    0.2/s Avg:  3660 Min:   157 Max: 13727 Err:     0 (0.00%) Active: 1 Started: 811 Finished: 810
2026-10-09 09:22:02,198 INFO o.a.j.r.Summariser: summary =    811 in 00:49:40 =    0.3/s Avg:  3498 Min:    66 Max: 46292 Err:     0 (0.00%)
2026-10-09 09:22:02,199 INFO o.a.j.t.JMeterThread: Thread is done: Agent search 2-650
2026-10-09 09:22:02,199 INFO o.a.j.t.JMeterThread: Thread finished: Agent search 2-650
2026-10-09 09:22:04,005 INFO o.a.j.t.JMeterThread: Thread started: Agent search 2-651
2026-10-09 09:22:04,245 INFO o.a.j.t.JMeterThread: Thread is done: Agent search 2-651
2026-10-09 09:22:04,245 INFO o.a.j.t.JMeterThread: Thread finished: Agent search 2-651
2026-10-09 09:22:05,441 INFO o.a.j.t.JMeterThread: Thread started: Agent search 2-652
2026-10-09 09:22:05,679 INFO o.a.j.t.JMeterThread: Thread is done: Agent search 2-652
2026-10-09 09:22:05,679 INFO o.a.j.t.JMeterThread: Thread finished: Agent search 2-652
2026-10-09 09:22:07,300 INFO o.a.j.t.JMeterThread: Thread started: Agent search 2-653
2026-10-09 09:22:07,524 INFO o.a.j.t.JMeterThread: Thread is done: Agent search 2-653
2026-10-09 09:22:07,525 INFO o.a.j.t.JMeterThread: Thread finished: Agent search 2-653
2026-10-09 09:22:09,235 INFO o.a.j.t.JMeterThread: Thread started: Agent search 2-654
2026-10-09 09:22:09,366 INFO o.a.j.t.JMeterThread: Thread is done: Agent search 2-654
2026-10-09 09:22:09,367 INFO o.a.j.t.JMeterThread: Thread finished: Agent search 2-654
2026-10-09 09:22:09,675 INFO o.a.j.t.JMeterThread: Thread started: Agent search 2-655
2026-10-09 09:22:09,775 INFO o.a.j.t.JMeterThread: Thread is done: Agent search 2-655
2026-10-09 09:22:09,775 INFO o.a.j.t.JMeterThread: Thread finished: Agent search 2-655
2026-10-09 09:22:10,328 INFO o.a.j.t.JMeterThread: Thread started: Ticket intake 1-162
2026-10-09 09:22:14,220 INFO o.a.j.t.JMeterThread: Thread started: Agent search 2-656
2026-10-09 09:22:14,335 INFO o.a.j.t.JMeterThread: Thread started: Ticket intake 1-163
2026-10-09 09:22:14,343 INFO o.a.j.t.JMeterThread: Thread is done: Agent search 2-656
2026-10-09 09:22:14,343 INFO o.a.j.t.JMeterThread: Thread finished: Agent search 2-656
2026-10-09 09:22:18,377 INFO o.a.j.t.JMeterThread: Thread is done: Ticket intake 1-162
2026-10-09 09:22:18,377 INFO o.a.j.t.JMeterThread: Thread finished: Ticket intake 1-162
2026-10-09 09:22:20,762 INFO o.a.j.t.JMeterThread: Thread started: Agent search 2-657
2026-10-09 09:22:20,937 INFO o.a.j.t.JMeterThread: Thread is done: Agent search 2-657
2026-10-09 09:22:20,937 INFO o.a.j.t.JMeterThread: Thread finished: Agent search 2-657
2026-10-09 09:22:24,560 INFO o.a.j.t.JMeterThread: Thread started: Agent search 2-658
2026-10-09 09:22:24,828 INFO o.a.j.t.JMeterThread: Thread is done: Agent search 2-658
2026-10-09 09:22:24,829 INFO o.a.j.t.JMeterThread: Thread finished: Agent search 2-658
2026-10-09 09:22:28,720 INFO o.a.j.t.JMeterThread: Thread is done: Ticket intake 1-163
2026-10-09 09:22:28,720 INFO o.a.j.t.JMeterThread: Thread finished: Ticket intake 1-163
2026-10-09 09:22:31,209 INFO o.a.j.t.JMeterThread: Thread started: Agent search 2-659
2026-10-09 09:22:31,383 INFO o.a.j.r.Summariser: summary +     11 in 00:00:29 =    0.4/s Avg:  2190 Min:    99 Max: 14384 Err:     0 (0.00%) Active: 1 Started: 822 Finished: 821
2026-10-09 09:22:31,383 INFO o.a.j.r.Summariser: summary =    822 in 00:50:09 =    0.3/s Avg:  3481 Min:    66 Max: 46292 Err:     0 (0.00%)
2026-10-09 09:22:31,383 INFO o.a.j.t.JMeterThread: Thread is done: Agent search 2-659
2026-10-09 09:22:31,383 INFO o.a.j.t.JMeterThread: Thread finished: Agent search 2-659
2026-10-09 09:22:36,391 INFO o.a.j.t.JMeterThread: Thread started: Agent search 2-660
2026-10-09 09:22:36,605 INFO o.a.j.t.JMeterThread: Thread is done: Agent search 2-660
2026-10-09 09:22:36,605 INFO o.a.j.t.JMeterThread: Thread finished: Agent search 2-660
2026-10-09 09:22:37,552 INFO o.a.j.t.JMeterThread: Thread started: Ticket intake 1-164
2026-10-09 09:22:39,111 INFO o.a.j.t.JMeterThread: Thread started: Agent search 2-661
2026-10-09 09:22:39,369 INFO o.a.j.t.JMeterThread: Thread is done: Agent search 2-661
2026-10-09 09:22:39,369 INFO o.a.j.t.JMeterThread: Thread finished: Agent search 2-661
2026-10-09 09:22:39,684 INFO o.a.j.t.JMeterThread: Thread started: Ticket intake 1-165
2026-10-09 09:22:40,230 INFO o.a.j.t.JMeterThread: Thread started: Agent search 2-662
2026-10-09 09:22:40,393 INFO o.a.j.t.JMeterThread: Thread is done: Agent search 2-662
2026-10-09 09:22:40,394 INFO o.a.j.t.JMeterThread: Thread finished: Agent search 2-662
2026-10-09 09:22:44,413 INFO o.a.j.t.JMeterThread: Thread is done: Ticket intake 1-164
2026-10-09 09:22:44,413 INFO o.a.j.t.JMeterThread: Thread finished: Ticket intake 1-164
2026-10-09 09:22:51,657 INFO o.a.j.t.JMeterThread: Thread is done: Ticket intake 1-165
2026-10-09 09:22:51,658 INFO o.a.j.t.JMeterThread: Thread finished: Ticket intake 1-165
2026-10-09 09:22:56,470 INFO o.a.j.t.JMeterThread: Thread started: Ticket intake 1-166
2026-10-09 09:23:02,838 INFO o.a.j.t.JMeterThread: Thread started: Ticket intake 1-167
2026-10-09 09:23:04,855 INFO o.a.j.t.JMeterThread: Thread started: Agent search 2-663
2026-10-09 09:23:05,131 INFO o.a.j.r.Summariser: summary +      6 in 00:00:34 =    0.2/s Avg:  3289 Min:   163 Max: 11973 Err:     0 (0.00%) Active: 3 Started: 830 Finished: 827
2026-10-09 09:23:05,131 INFO o.a.j.r.Summariser: summary =    828 in 00:50:43 =    0.3/s Avg:  3479 Min:    66 Max: 46292 Err:     0 (0.00%)
2026-10-09 09:23:05,131 INFO o.a.j.t.JMeterThread: Thread is done: Agent search 2-663
2026-10-09 09:23:05,131 INFO o.a.j.t.JMeterThread: Thread finished: Agent search 2-663
2026-10-09 09:23:06,619 INFO o.a.j.t.JMeterThread: Thread started: Agent search 2-664
2026-10-09 09:23:06,813 INFO o.a.j.t.JMeterThread: Thread is done: Agent search 2-664
2026-10-09 09:23:06,814 INFO o.a.j.t.JMeterThread: Thread finished: Agent search 2-664
2026-10-09 09:23:10,498 INFO o.a.j.t.JMeterThread: Thread is done: Ticket intake 1-166
2026-10-09 09:23:10,499 INFO o.a.j.t.JMeterThread: Thread finished: Ticket intake 1-166
2026-10-09 09:23:10,556 INFO o.a.j.t.JMeterThread: Thread started: Agent search 2-665
2026-10-09 09:23:10,704 INFO o.a.j.t.JMeterThread: Thread is done: Agent search 2-665
2026-10-09 09:23:10,704 INFO o.a.j.t.JMeterThread: Thread finished: Agent search 2-665
2026-10-09 09:23:11,619 INFO o.a.j.t.JMeterThread: Thread started: Ticket intake 1-168
2026-10-09 09:23:12,427 INFO o.a.j.t.JMeterThread: Thread started: Agent search 2-666
2026-10-09 09:23:12,649 INFO o.a.j.t.JMeterThread: Thread is done: Agent search 2-666
2026-10-09 09:23:12,649 INFO o.a.j.t.JMeterThread: Thread finished: Agent search 2-666
2026-10-09 09:23:18,999 INFO o.a.j.t.JMeterThread: Thread is done: Ticket intake 1-167
2026-10-09 09:23:18,999 INFO o.a.j.t.JMeterThread: Thread finished: Ticket intake 1-167
2026-10-09 09:23:26,146 INFO o.a.j.t.JMeterThread: Thread started: Agent search 2-667
2026-10-09 09:23:26,372 INFO o.a.j.t.JMeterThread: Thread is done: Agent search 2-667
2026-10-09 09:23:26,372 INFO o.a.j.t.JMeterThread: Thread finished: Agent search 2-667
2026-10-09 09:23:29,129 INFO o.a.j.t.JMeterThread: Thread started: Agent search 2-668
2026-10-09 09:23:29,417 INFO o.a.j.t.JMeterThread: Thread is done: Agent search 2-668
2026-10-09 09:23:29,417 INFO o.a.j.t.JMeterThread: Thread finished: Agent search 2-668
2026-10-09 09:23:31,179 INFO o.a.j.r.Summariser: summary +      8 in 00:00:26 =    0.3/s Avg:  6352 Min:   148 Max: 19559 Err:     0 (0.00%) Active: 1 Started: 836 Finished: 835
2026-10-09 09:23:31,179 INFO o.a.j.r.Summariser: summary =    836 in 00:51:09 =    0.3/s Avg:  3507 Min:    66 Max: 46292 Err:     0 (0.00%)
2026-10-09 09:23:31,179 INFO o.a.j.t.JMeterThread: Thread is done: Ticket intake 1-168
2026-10-09 09:23:31,179 INFO o.a.j.t.JMeterThread: Thread finished: Ticket intake 1-168
2026-10-09 09:23:36,529 INFO o.a.j.t.JMeterThread: Thread started: Agent search 2-669
2026-10-09 09:23:36,714 INFO o.a.j.t.JMeterThread: Thread is done: Agent search 2-669
2026-10-09 09:23:36,714 INFO o.a.j.t.JMeterThread: Thread finished: Agent search 2-669
2026-10-09 09:23:38,328 INFO o.a.j.t.JMeterThread: Thread started: Ticket intake 1-169
2026-10-09 09:23:46,901 INFO o.a.j.t.JMeterThread: Thread started: Agent search 2-670
2026-10-09 09:23:47,158 INFO o.a.j.t.JMeterThread: Thread is done: Agent search 2-670
2026-10-09 09:23:47,158 INFO o.a.j.t.JMeterThread: Thread finished: Agent search 2-670
2026-10-09 09:23:49,616 INFO o.a.j.t.JMeterThread: Thread is done: Ticket intake 1-169
2026-10-09 09:23:49,616 INFO o.a.j.t.JMeterThread: Thread finished: Ticket intake 1-169
2026-10-09 09:23:51,432 INFO o.a.j.t.JMeterThread: Thread started: Agent search 2-671
2026-10-09 09:23:51,766 INFO o.a.j.t.JMeterThread: Thread is done: Agent search 2-671
2026-10-09 09:23:51,766 INFO o.a.j.t.JMeterThread: Thread finished: Agent search 2-671
2026-10-09 09:23:52,847 INFO o.a.j.t.JMeterThread: Thread started: Agent search 2-672
2026-10-09 09:23:53,098 INFO o.a.j.t.JMeterThread: Thread is done: Agent search 2-672
2026-10-09 09:23:53,098 INFO o.a.j.t.JMeterThread: Thread finished: Agent search 2-672
2026-10-09 09:23:54,084 INFO o.a.j.t.JMeterThread: Thread started: Agent search 2-673
2026-10-09 09:23:54,201 INFO o.a.j.t.JMeterThread: Thread is done: Agent search 2-673
2026-10-09 09:23:54,201 INFO o.a.j.t.JMeterThread: Thread finished: Agent search 2-673
2026-10-09 09:23:54,331 INFO o.a.j.t.JMeterThread: Thread started: Agent search 2-674
2026-10-09 09:23:54,493 INFO o.a.j.t.JMeterThread: Thread is done: Agent search 2-674
2026-10-09 09:23:54,493 INFO o.a.j.t.JMeterThread: Thread finished: Agent search 2-674
2026-10-09 09:23:56,358 INFO o.a.j.t.JMeterThread: Thread started: Agent search 2-675
2026-10-09 09:23:56,450 INFO o.a.j.t.JMeterThread: Thread is done: Agent search 2-675
2026-10-09 09:23:56,451 INFO o.a.j.t.JMeterThread: Thread finished: Agent search 2-675
2026-10-09 09:24:06,115 INFO o.a.j.t.JMeterThread: Thread started: Agent search 2-676
2026-10-09 09:24:06,309 INFO o.a.j.t.JMeterThread: Thread is done: Agent search 2-676
2026-10-09 09:24:06,309 INFO o.a.j.t.JMeterThread: Thread finished: Agent search 2-676
2026-10-09 09:24:08,357 INFO o.a.j.t.JMeterThread: Thread started: Agent search 2-677
2026-10-09 09:24:08,517 INFO o.a.j.t.JMeterThread: Thread is done: Agent search 2-677
2026-10-09 09:24:08,517 INFO o.a.j.t.JMeterThread: Thread finished: Agent search 2-677
2026-10-09 09:24:10,161 INFO o.a.j.t.JMeterThread: Thread started: Agent search 2-678
2026-10-09 09:24:10,251 INFO o.a.j.t.JMeterThread: Thread started: Agent search 2-679
2026-10-09 09:24:10,318 INFO o.a.j.t.JMeterThread: Thread is done: Agent search 2-678
2026-10-09 09:24:10,319 INFO o.a.j.t.JMeterThread: Thread finished: Agent search 2-678
2026-10-09 09:24:10,404 INFO o.a.j.t.JMeterThread: Thread is done: Agent search 2-679
2026-10-09 09:24:10,404 INFO o.a.j.t.JMeterThread: Thread finished: Agent search 2-679
2026-10-09 09:24:11,728 INFO o.a.j.t.JMeterThread: Thread started: Ticket intake 1-170
2026-10-09 09:24:13,683 INFO o.a.j.t.JMeterThread: Thread started: Agent search 2-680
2026-10-09 09:24:13,886 INFO o.a.j.t.JMeterThread: Thread is done: Agent search 2-680
2026-10-09 09:24:13,886 INFO o.a.j.t.JMeterThread: Thread finished: Agent search 2-680
2026-10-09 09:24:16,889 INFO o.a.j.t.JMeterThread: Thread started: Ticket intake 1-171
2026-10-09 09:24:18,061 INFO o.a.j.t.JMeterThread: Thread started: Agent search 2-681
2026-10-09 09:24:18,493 INFO o.a.j.t.JMeterThread: Thread is done: Agent search 2-681
2026-10-09 09:24:18,493 INFO o.a.j.t.JMeterThread: Thread finished: Agent search 2-681
2026-10-09 09:24:20,367 INFO o.a.j.t.JMeterThread: Thread started: Agent search 2-682
2026-10-09 09:24:20,542 INFO o.a.j.t.JMeterThread: Thread is done: Agent search 2-682
2026-10-09 09:24:20,542 INFO o.a.j.t.JMeterThread: Thread finished: Agent search 2-682
2026-10-09 09:24:23,000 INFO o.a.j.t.JMeterThread: Thread is done: Ticket intake 1-170
2026-10-09 09:24:23,000 INFO o.a.j.t.JMeterThread: Thread finished: Ticket intake 1-170
2026-10-09 09:24:25,863 INFO o.a.j.t.JMeterThread: Thread started: Agent search 2-683
2026-10-09 09:24:26,070 INFO o.a.j.t.JMeterThread: Thread is done: Agent search 2-683
2026-10-09 09:24:26,071 INFO o.a.j.t.JMeterThread: Thread finished: Agent search 2-683
2026-10-09 09:24:32,520 INFO o.a.j.t.JMeterThread: Thread started: Agent search 2-684
2026-10-09 09:24:32,727 INFO o.a.j.r.Summariser: summary +     18 in 00:01:02 =    0.3/s Avg:  1435 Min:    91 Max: 11287 Err:     0 (0.00%) Active: 2 Started: 855 Finished: 853
2026-10-09 09:24:32,728 INFO o.a.j.r.Summariser: summary =    854 in 00:52:11 =    0.3/s Avg:  3463 Min:    66 Max: 46292 Err:     0 (0.00%)
2026-10-09 09:24:32,728 INFO o.a.j.t.JMeterThread: Thread is done: Agent search 2-684
2026-10-09 09:24:32,728 INFO o.a.j.t.JMeterThread: Thread finished: Agent search 2-684
2026-10-09 09:24:34,739 INFO o.a.j.t.JMeterThread: Thread started: Agent search 2-685
2026-10-09 09:24:34,979 INFO o.a.j.t.JMeterThread: Thread is done: Agent search 2-685
2026-10-09 09:24:34,979 INFO o.a.j.t.JMeterThread: Thread finished: Agent search 2-685
2026-10-09 09:24:34,979 INFO o.a.j.t.JMeterThread: Thread is done: Ticket intake 1-171
2026-10-09 09:24:34,980 INFO o.a.j.t.JMeterThread: Thread finished: Ticket intake 1-171
2026-10-09 09:24:37,419 INFO o.a.j.t.JMeterThread: Thread started: Agent search 2-686
2026-10-09 09:24:37,594 INFO o.a.j.t.JMeterThread: Thread is done: Agent search 2-686
2026-10-09 09:24:37,595 INFO o.a.j.t.JMeterThread: Thread finished: Agent search 2-686
2026-10-09 09:24:39,965 INFO o.a.j.t.JMeterThread: Thread started: Agent search 2-687
2026-10-09 09:24:40,202 INFO o.a.j.t.JMeterThread: Thread is done: Agent search 2-687
2026-10-09 09:24:40,203 INFO o.a.j.t.JMeterThread: Thread finished: Agent search 2-687
2026-10-09 09:24:41,511 INFO o.a.j.t.JMeterThread: Thread started: Agent search 2-688
2026-10-09 09:24:41,739 INFO o.a.j.t.JMeterThread: Thread is done: Agent search 2-688
2026-10-09 09:24:41,739 INFO o.a.j.t.JMeterThread: Thread finished: Agent search 2-688
2026-10-09 09:24:42,679 INFO o.a.j.t.JMeterThread: Thread started: Agent search 2-689
2026-10-09 09:24:42,865 INFO o.a.j.t.JMeterThread: Thread is done: Agent search 2-689
2026-10-09 09:24:42,865 INFO o.a.j.t.JMeterThread: Thread finished: Agent search 2-689
2026-10-09 09:24:42,977 INFO o.a.j.t.JMeterThread: Thread started: Agent search 2-690
2026-10-09 09:24:43,069 INFO o.a.j.t.JMeterThread: Thread is done: Agent search 2-690
2026-10-09 09:24:43,070 INFO o.a.j.t.JMeterThread: Thread finished: Agent search 2-690
2026-10-09 09:24:48,569 INFO o.a.j.t.JMeterThread: Thread started: Agent search 2-691
2026-10-09 09:24:48,804 INFO o.a.j.t.JMeterThread: Thread is done: Agent search 2-691
2026-10-09 09:24:48,804 INFO o.a.j.t.JMeterThread: Thread finished: Agent search 2-691
2026-10-09 09:24:50,286 INFO o.a.j.t.JMeterThread: Thread started: Agent search 2-692
2026-10-09 09:24:50,443 INFO o.a.j.t.JMeterThread: Thread is done: Agent search 2-692
2026-10-09 09:24:50,443 INFO o.a.j.t.JMeterThread: Thread finished: Agent search 2-692
2026-10-09 09:25:00,431 INFO o.a.j.t.JMeterThread: Thread started: Ticket intake 1-172
2026-10-09 09:25:01,557 INFO o.a.j.t.JMeterThread: Thread started: Agent search 2-693
2026-10-09 09:25:01,810 INFO o.a.j.r.Summariser: summary +     10 in 00:00:29 =    0.3/s Avg:  1988 Min:    92 Max: 18090 Err:     0 (0.00%) Active: 2 Started: 865 Finished: 863
2026-10-09 09:25:01,810 INFO o.a.j.r.Summariser: summary =    864 in 00:52:40 =    0.3/s Avg:  3446 Min:    66 Max: 46292 Err:     0 (0.00%)
2026-10-09 09:25:01,810 INFO o.a.j.t.JMeterThread: Thread is done: Agent search 2-693
2026-10-09 09:25:01,810 INFO o.a.j.t.JMeterThread: Thread finished: Agent search 2-693
2026-10-09 09:25:05,020 INFO o.a.j.t.JMeterThread: Thread started: Agent search 2-694
2026-10-09 09:25:05,148 INFO o.a.j.t.JMeterThread: Thread is done: Agent search 2-694
2026-10-09 09:25:05,148 INFO o.a.j.t.JMeterThread: Thread finished: Agent search 2-694
2026-10-09 09:25:11,231 INFO o.a.j.t.JMeterThread: Thread is done: Ticket intake 1-172
2026-10-09 09:25:11,231 INFO o.a.j.t.JMeterThread: Thread finished: Ticket intake 1-172
2026-10-09 09:25:13,467 INFO o.a.j.t.JMeterThread: Thread started: Agent search 2-695
2026-10-09 09:25:13,688 INFO o.a.j.t.JMeterThread: Thread is done: Agent search 2-695
2026-10-09 09:25:13,688 INFO o.a.j.t.JMeterThread: Thread finished: Agent search 2-695
2026-10-09 09:25:15,729 INFO o.a.j.t.JMeterThread: Thread started: Agent search 2-696
2026-10-09 09:25:15,941 INFO o.a.j.t.JMeterThread: Thread is done: Agent search 2-696
2026-10-09 09:25:15,941 INFO o.a.j.t.JMeterThread: Thread finished: Agent search 2-696
2026-10-09 09:25:17,548 INFO o.a.j.t.JMeterThread: Thread started: Agent search 2-697
2026-10-09 09:25:17,783 INFO o.a.j.t.JMeterThread: Thread is done: Agent search 2-697
2026-10-09 09:25:17,784 INFO o.a.j.t.JMeterThread: Thread finished: Agent search 2-697
2026-10-09 09:25:18,924 INFO o.a.j.t.JMeterThread: Thread started: Agent search 2-698
2026-10-09 09:25:19,170 INFO o.a.j.t.JMeterThread: Thread is done: Agent search 2-698
2026-10-09 09:25:19,170 INFO o.a.j.t.JMeterThread: Thread finished: Agent search 2-698
2026-10-09 09:25:24,543 INFO o.a.j.t.JMeterThread: Thread started: Agent search 2-699
2026-10-09 09:25:24,747 INFO o.a.j.t.JMeterThread: Thread is done: Agent search 2-699
2026-10-09 09:25:24,747 INFO o.a.j.t.JMeterThread: Thread finished: Agent search 2-699
2026-10-09 09:25:30,286 INFO o.a.j.t.JMeterThread: Thread started: Agent search 2-700
2026-10-09 09:25:30,583 INFO o.a.j.r.Summariser: summary +      8 in 00:00:29 =    0.3/s Avg:  1541 Min:   126 Max: 10798 Err:     0 (0.00%) Active: 1 Started: 872 Finished: 871
2026-10-09 09:25:30,583 INFO o.a.j.r.Summariser: summary =    872 in 00:53:09 =    0.3/s Avg:  3428 Min:    66 Max: 46292 Err:     0 (0.00%)
2026-10-09 09:25:30,584 INFO o.a.j.t.JMeterThread: Thread is done: Agent search 2-700
2026-10-09 09:25:30,584 INFO o.a.j.t.JMeterThread: Thread finished: Agent search 2-700
2026-10-09 09:25:31,473 INFO o.a.j.t.JMeterThread: Thread started: Ticket intake 1-173
2026-10-09 09:25:35,167 INFO o.a.j.t.JMeterThread: Thread started: Agent search 2-701
2026-10-09 09:25:35,370 INFO o.a.j.t.JMeterThread: Thread started: Agent search 2-702
2026-10-09 09:25:35,406 INFO o.a.j.t.JMeterThread: Thread is done: Agent search 2-701
2026-10-09 09:25:35,407 INFO o.a.j.t.JMeterThread: Thread finished: Agent search 2-701
2026-10-09 09:25:35,499 INFO o.a.j.t.JMeterThread: Thread is done: Agent search 2-702
2026-10-09 09:25:35,499 INFO o.a.j.t.JMeterThread: Thread finished: Agent search 2-702
2026-10-09 09:25:35,877 INFO o.a.j.t.JMeterThread: Thread started: Agent search 2-703
2026-10-09 09:25:36,002 INFO o.a.j.t.JMeterThread: Thread is done: Agent search 2-703
2026-10-09 09:25:36,002 INFO o.a.j.t.JMeterThread: Thread finished: Agent search 2-703
2026-10-09 09:25:40,004 INFO o.a.j.t.JMeterThread: Thread is done: Ticket intake 1-173
2026-10-09 09:25:40,005 INFO o.a.j.t.JMeterThread: Thread finished: Ticket intake 1-173
2026-10-09 09:25:42,234 INFO o.a.j.t.JMeterThread: Thread started: Agent search 2-704
2026-10-09 09:25:42,565 INFO o.a.j.t.JMeterThread: Thread is done: Agent search 2-704
2026-10-09 09:25:42,565 INFO o.a.j.t.JMeterThread: Thread finished: Agent search 2-704
2026-10-09 09:25:50,367 INFO o.a.j.t.JMeterThread: Thread started: Agent search 2-705
2026-10-09 09:25:50,552 INFO o.a.j.t.JMeterThread: Thread is done: Agent search 2-705
2026-10-09 09:25:50,553 INFO o.a.j.t.JMeterThread: Thread finished: Agent search 2-705
2026-10-09 09:25:51,608 INFO o.a.j.t.JMeterThread: Thread started: Agent search 2-706
2026-10-09 09:25:51,781 INFO o.a.j.t.JMeterThread: Thread is done: Agent search 2-706
2026-10-09 09:25:51,781 INFO o.a.j.t.JMeterThread: Thread finished: Agent search 2-706
2026-10-09 09:25:55,297 INFO o.a.j.t.JMeterThread: Thread started: Agent search 2-707
2026-10-09 09:25:55,569 INFO o.a.j.t.JMeterThread: Thread is done: Agent search 2-707
2026-10-09 09:25:55,569 INFO o.a.j.t.JMeterThread: Thread finished: Agent search 2-707
2026-10-09 09:26:03,947 INFO o.a.j.t.JMeterThread: Thread started: Agent search 2-708
2026-10-09 09:26:04,171 INFO o.a.j.r.Summariser: summary +      9 in 00:00:34 =    0.3/s Avg:  1133 Min:   125 Max:  8531 Err:     0 (0.00%) Active: 1 Started: 881 Finished: 880
2026-10-09 09:26:04,172 INFO o.a.j.r.Summariser: summary =    881 in 00:53:42 =    0.3/s Avg:  3405 Min:    66 Max: 46292 Err:     0 (0.00%)
2026-10-09 09:26:04,172 INFO o.a.j.t.JMeterThread: Thread is done: Agent search 2-708
2026-10-09 09:26:04,172 INFO o.a.j.t.JMeterThread: Thread finished: Agent search 2-708
2026-10-09 09:26:04,184 INFO o.a.j.t.JMeterThread: Thread started: Agent search 2-709
2026-10-09 09:26:04,274 INFO o.a.j.t.JMeterThread: Thread is done: Agent search 2-709
2026-10-09 09:26:04,274 INFO o.a.j.t.JMeterThread: Thread finished: Agent search 2-709
2026-10-09 09:26:06,833 INFO o.a.j.t.JMeterThread: Thread started: Agent search 2-710
2026-10-09 09:26:07,039 INFO o.a.j.t.JMeterThread: Thread is done: Agent search 2-710
2026-10-09 09:26:07,039 INFO o.a.j.t.JMeterThread: Thread finished: Agent search 2-710
2026-10-09 09:26:15,524 INFO o.a.j.t.JMeterThread: Thread started: Agent search 2-711
2026-10-09 09:26:15,742 INFO o.a.j.t.JMeterThread: Thread is done: Agent search 2-711
2026-10-09 09:26:15,742 INFO o.a.j.t.JMeterThread: Thread finished: Agent search 2-711
2026-10-09 09:26:17,082 INFO o.a.j.t.JMeterThread: Thread started: Agent search 2-712
2026-10-09 09:26:17,278 INFO o.a.j.t.JMeterThread: Thread is done: Agent search 2-712
2026-10-09 09:26:17,278 INFO o.a.j.t.JMeterThread: Thread finished: Agent search 2-712
2026-10-09 09:26:17,604 INFO o.a.j.t.JMeterThread: Thread started: Agent search 2-713
2026-10-09 09:26:17,791 INFO o.a.j.t.JMeterThread: Thread is done: Agent search 2-713
2026-10-09 09:26:17,791 INFO o.a.j.t.JMeterThread: Thread finished: Agent search 2-713
2026-10-09 09:26:18,417 INFO o.a.j.t.JMeterThread: Thread started: Ticket intake 1-174
2026-10-09 09:26:20,419 INFO o.a.j.t.JMeterThread: Thread started: Agent search 2-714
2026-10-09 09:26:20,659 INFO o.a.j.t.JMeterThread: Thread is done: Agent search 2-714
2026-10-09 09:26:20,659 INFO o.a.j.t.JMeterThread: Thread finished: Agent search 2-714
2026-10-09 09:26:24,882 INFO o.a.j.t.JMeterThread: Thread started: Agent search 2-715
2026-10-09 09:26:24,963 INFO o.a.j.t.JMeterThread: Thread is done: Ticket intake 1-174
2026-10-09 09:26:24,963 INFO o.a.j.t.JMeterThread: Thread finished: Ticket intake 1-174
2026-10-09 09:26:25,062 INFO o.a.j.t.JMeterThread: Thread is done: Agent search 2-715
2026-10-09 09:26:25,062 INFO o.a.j.t.JMeterThread: Thread finished: Agent search 2-715
2026-10-09 09:26:26,954 INFO o.a.j.t.JMeterThread: Thread started: Agent search 2-716
2026-10-09 09:26:27,212 INFO o.a.j.t.JMeterThread: Thread is done: Agent search 2-716
2026-10-09 09:26:27,212 INFO o.a.j.t.JMeterThread: Thread finished: Agent search 2-716
2026-10-09 09:26:41,018 INFO o.a.j.t.JMeterThread: Thread started: Agent search 2-717
2026-10-09 09:26:41,344 INFO o.a.j.t.JMeterThread: Thread is done: Agent search 2-717
2026-10-09 09:26:41,344 INFO o.a.j.t.JMeterThread: Thread finished: Agent search 2-717
2026-10-09 09:26:43,199 INFO o.a.j.t.JMeterThread: Thread started: Ticket intake 1-175
2026-10-09 09:26:43,822 INFO o.a.j.t.JMeterThread: Thread started: Agent search 2-718
2026-10-09 09:26:43,987 INFO o.a.j.t.JMeterThread: Thread is done: Agent search 2-718
2026-10-09 09:26:43,987 INFO o.a.j.t.JMeterThread: Thread finished: Agent search 2-718
2026-10-09 09:26:51,173 INFO o.a.j.t.JMeterThread: Thread is done: Ticket intake 1-175
2026-10-09 09:26:51,173 INFO o.a.j.t.JMeterThread: Thread finished: Ticket intake 1-175
2026-10-09 09:26:55,002 INFO o.a.j.t.JMeterThread: Thread started: Agent search 2-719
2026-10-09 09:26:55,270 INFO o.a.j.t.JMeterThread: Thread is done: Agent search 2-719
2026-10-09 09:26:55,271 INFO o.a.j.t.JMeterThread: Thread finished: Agent search 2-719
2026-10-09 09:27:04,629 INFO o.a.j.t.JMeterThread: Thread started: Ticket intake 1-176
2026-10-09 09:27:05,351 INFO o.a.j.t.JMeterThread: Thread started: Agent search 2-720
2026-10-09 09:27:05,509 INFO o.a.j.r.Summariser: summary +     14 in 00:01:01 =    0.2/s Avg:  1214 Min:    89 Max:  7973 Err:     0 (0.00%) Active: 2 Started: 896 Finished: 894
2026-10-09 09:27:05,510 INFO o.a.j.r.Summariser: summary =    895 in 00:54:44 =    0.3/s Avg:  3371 Min:    66 Max: 46292 Err:     0 (0.00%)
2026-10-09 09:27:05,510 INFO o.a.j.t.JMeterThread: Thread is done: Agent search 2-720
2026-10-09 09:27:05,510 INFO o.a.j.t.JMeterThread: Thread finished: Agent search 2-720
2026-10-09 09:27:07,359 INFO o.a.j.t.JMeterThread: Thread started: Ticket intake 1-177
2026-10-09 09:27:07,413 INFO o.a.j.t.JMeterThread: Thread started: Agent search 2-721
2026-10-09 09:27:07,558 INFO o.a.j.t.JMeterThread: Thread is done: Agent search 2-721
2026-10-09 09:27:07,558 INFO o.a.j.t.JMeterThread: Thread finished: Agent search 2-721
2026-10-09 09:27:08,315 INFO o.a.j.t.JMeterThread: Thread started: Agent search 2-722
2026-10-09 09:27:08,428 INFO o.a.j.t.JMeterThread: Thread is done: Agent search 2-722
2026-10-09 09:27:08,428 INFO o.a.j.t.JMeterThread: Thread finished: Agent search 2-722
2026-10-09 09:27:09,967 INFO o.a.j.t.JMeterThread: Thread started: Ticket intake 1-178
2026-10-09 09:27:10,012 INFO o.a.j.t.JMeterThread: Thread started: Agent search 2-723
2026-10-09 09:27:10,426 INFO o.a.j.t.JMeterThread: Thread is done: Agent search 2-723
2026-10-09 09:27:10,426 INFO o.a.j.t.JMeterThread: Thread finished: Agent search 2-723
2026-10-09 09:27:12,369 INFO o.a.j.t.JMeterThread: Thread started: Ticket intake 1-179
2026-10-09 09:27:12,973 INFO o.a.j.t.JMeterThread: Thread started: Agent search 2-724
2026-10-09 09:27:13,101 INFO o.a.j.t.JMeterThread: Thread is done: Agent search 2-724
2026-10-09 09:27:13,101 INFO o.a.j.t.JMeterThread: Thread finished: Agent search 2-724
2026-10-09 09:27:13,535 INFO o.a.j.t.JMeterThread: Thread started: Agent search 2-725
2026-10-09 09:27:13,652 INFO o.a.j.t.JMeterThread: Thread is done: Agent search 2-725
2026-10-09 09:27:13,652 INFO o.a.j.t.JMeterThread: Thread finished: Agent search 2-725
2026-10-09 09:27:15,955 INFO o.a.j.t.JMeterThread: Thread is done: Ticket intake 1-176
2026-10-09 09:27:15,955 INFO o.a.j.t.JMeterThread: Thread finished: Ticket intake 1-176
2026-10-09 09:27:17,351 INFO o.a.j.t.JMeterThread: Thread started: Ticket intake 1-180
2026-10-09 09:27:20,422 INFO o.a.j.t.JMeterThread: Thread started: Agent search 2-726
2026-10-09 09:27:20,496 INFO o.a.j.t.JMeterThread: Thread started: Agent search 2-727
2026-10-09 09:27:20,561 INFO o.a.j.t.JMeterThread: Thread is done: Agent search 2-726
2026-10-09 09:27:20,561 INFO o.a.j.t.JMeterThread: Thread finished: Agent search 2-726
2026-10-09 09:27:20,581 INFO o.a.j.t.JMeterThread: Thread is done: Agent search 2-727
2026-10-09 09:27:20,581 INFO o.a.j.t.JMeterThread: Thread finished: Agent search 2-727
2026-10-09 09:27:24,249 INFO o.a.j.t.JMeterThread: Thread is done: Ticket intake 1-177
2026-10-09 09:27:24,249 INFO o.a.j.t.JMeterThread: Thread finished: Ticket intake 1-177
2026-10-09 09:27:31,029 INFO o.a.j.t.JMeterThread: Thread started: Agent search 2-728
2026-10-09 09:27:31,057 INFO o.a.j.r.Summariser: summary +     10 in 00:00:26 =    0.4/s Avg:  5043 Min:    83 Max: 21089 Err:     0 (0.00%) Active: 4 Started: 908 Finished: 904
2026-10-09 09:27:31,057 INFO o.a.j.r.Summariser: summary =    905 in 00:55:09 =    0.3/s Avg:  3389 Min:    66 Max: 46292 Err:     0 (0.00%)
2026-10-09 09:27:31,057 INFO o.a.j.t.JMeterThread: Thread is done: Ticket intake 1-178
2026-10-09 09:27:31,057 INFO o.a.j.t.JMeterThread: Thread finished: Ticket intake 1-178
2026-10-09 09:27:31,300 INFO o.a.j.t.JMeterThread: Thread is done: Agent search 2-728
2026-10-09 09:27:31,300 INFO o.a.j.t.JMeterThread: Thread finished: Agent search 2-728
2026-10-09 09:27:40,227 INFO o.a.j.t.JMeterThread: Thread is done: Ticket intake 1-179
2026-10-09 09:27:40,227 INFO o.a.j.t.JMeterThread: Thread finished: Ticket intake 1-179
2026-10-09 09:27:41,598 INFO o.a.j.t.JMeterThread: Thread started: Agent search 2-729
2026-10-09 09:27:41,862 INFO o.a.j.t.JMeterThread: Thread is done: Agent search 2-729
2026-10-09 09:27:41,863 INFO o.a.j.t.JMeterThread: Thread finished: Agent search 2-729
2026-10-09 09:27:44,258 INFO o.a.j.t.JMeterThread: Thread started: Agent search 2-730
2026-10-09 09:27:44,626 INFO o.a.j.t.JMeterThread: Thread is done: Agent search 2-730
2026-10-09 09:27:44,626 INFO o.a.j.t.JMeterThread: Thread finished: Agent search 2-730
2026-10-09 09:27:46,861 INFO o.a.j.t.JMeterThread: Thread started: Agent search 2-731
2026-10-09 09:27:47,124 INFO o.a.j.t.JMeterThread: Thread is done: Agent search 2-731
2026-10-09 09:27:47,124 INFO o.a.j.t.JMeterThread: Thread finished: Agent search 2-731
2026-10-09 09:27:48,295 INFO o.a.j.t.JMeterThread: Thread started: Ticket intake 1-181
2026-10-09 09:27:49,352 INFO o.a.j.t.JMeterThread: Thread started: Agent search 2-732
2026-10-09 09:27:49,365 INFO o.a.j.t.JMeterThread: Thread started: Agent search 2-733
2026-10-09 09:27:49,462 INFO o.a.j.t.JMeterThread: Thread is done: Agent search 2-732
2026-10-09 09:27:49,462 INFO o.a.j.t.JMeterThread: Thread finished: Agent search 2-732
2026-10-09 09:27:49,517 INFO o.a.j.t.JMeterThread: Thread is done: Agent search 2-733
2026-10-09 09:27:49,517 INFO o.a.j.t.JMeterThread: Thread finished: Agent search 2-733
2026-10-09 09:27:49,884 INFO o.a.j.t.JMeterThread: Thread started: Agent search 2-734
2026-10-09 09:27:49,961 INFO o.a.j.t.JMeterThread: Thread is done: Ticket intake 1-180
2026-10-09 09:27:49,962 INFO o.a.j.t.JMeterThread: Thread finished: Ticket intake 1-180
2026-10-09 09:27:50,083 INFO o.a.j.t.JMeterThread: Thread is done: Agent search 2-734
2026-10-09 09:27:50,083 INFO o.a.j.t.JMeterThread: Thread finished: Agent search 2-734
2026-10-09 09:27:51,898 INFO o.a.j.t.JMeterThread: Thread started: Agent search 2-735
2026-10-09 09:27:52,000 INFO o.a.j.t.JMeterThread: Thread is done: Agent search 2-735
2026-10-09 09:27:52,000 INFO o.a.j.t.JMeterThread: Thread finished: Agent search 2-735
2026-10-09 09:27:52,252 INFO o.a.j.t.JMeterThread: Thread started: Agent search 2-736
2026-10-09 09:27:52,373 INFO o.a.j.t.JMeterThread: Thread is done: Agent search 2-736
2026-10-09 09:27:52,373 INFO o.a.j.t.JMeterThread: Thread finished: Agent search 2-736
2026-10-09 09:27:53,564 INFO o.a.j.t.JMeterThread: Thread started: Ticket intake 1-182
2026-10-09 09:27:56,394 INFO o.a.j.t.JMeterThread: Thread started: Ticket intake 1-183
2026-10-09 09:27:57,734 INFO o.a.j.t.JMeterThread: Thread is done: Ticket intake 1-181
2026-10-09 09:27:57,734 INFO o.a.j.t.JMeterThread: Thread finished: Ticket intake 1-181
2026-10-09 09:28:01,358 INFO o.a.j.t.JMeterThread: Thread started: Agent search 2-737
2026-10-09 09:28:01,589 INFO o.a.j.t.JMeterThread: Thread started: Agent search 2-738
2026-10-09 09:28:01,598 INFO o.a.j.r.Summariser: summary +     13 in 00:00:31 =    0.4/s Avg:  5537 Min:   101 Max: 32610 Err:     0 (0.00%) Active: 4 Started: 921 Finished: 917
2026-10-09 09:28:01,598 INFO o.a.j.r.Summariser: summary =    918 in 00:55:40 =    0.3/s Avg:  3420 Min:    66 Max: 46292 Err:     0 (0.00%)
2026-10-09 09:28:01,598 INFO o.a.j.t.JMeterThread: Thread is done: Agent search 2-737
2026-10-09 09:28:01,598 INFO o.a.j.t.JMeterThread: Thread finished: Agent search 2-737
2026-10-09 09:28:01,829 INFO o.a.j.t.JMeterThread: Thread is done: Agent search 2-738
2026-10-09 09:28:01,830 INFO o.a.j.t.JMeterThread: Thread finished: Agent search 2-738
2026-10-09 09:28:04,576 INFO o.a.j.t.JMeterThread: Thread started: Agent search 2-739
2026-10-09 09:28:04,799 INFO o.a.j.t.JMeterThread: Thread is done: Agent search 2-739
2026-10-09 09:28:04,799 INFO o.a.j.t.JMeterThread: Thread finished: Agent search 2-739
2026-10-09 09:28:08,553 INFO o.a.j.t.JMeterThread: Thread is done: Ticket intake 1-182
2026-10-09 09:28:08,553 INFO o.a.j.t.JMeterThread: Thread finished: Ticket intake 1-182
2026-10-09 09:28:09,816 INFO o.a.j.t.JMeterThread: Thread started: Agent search 2-740
2026-10-09 09:28:09,829 INFO o.a.j.t.JMeterThread: Thread started: Agent search 2-741
2026-10-09 09:28:09,919 INFO o.a.j.t.JMeterThread: Thread is done: Agent search 2-741
2026-10-09 09:28:09,919 INFO o.a.j.t.JMeterThread: Thread finished: Agent search 2-741
2026-10-09 09:28:09,919 INFO o.a.j.t.JMeterThread: Thread is done: Agent search 2-740
2026-10-09 09:28:09,919 INFO o.a.j.t.JMeterThread: Thread finished: Agent search 2-740
2026-10-09 09:28:13,467 INFO o.a.j.t.JMeterThread: Thread started: Ticket intake 1-184
2026-10-09 09:28:16,985 INFO o.a.j.t.JMeterThread: Thread is done: Ticket intake 1-183
2026-10-09 09:28:16,985 INFO o.a.j.t.JMeterThread: Thread finished: Ticket intake 1-183
2026-10-09 09:28:17,290 INFO o.a.j.t.JMeterThread: Thread started: Ticket intake 1-185
2026-10-09 09:28:24,358 INFO o.a.j.t.JMeterThread: Thread is done: Ticket intake 1-184
2026-10-09 09:28:24,358 INFO o.a.j.t.JMeterThread: Thread finished: Ticket intake 1-184
2026-10-09 09:28:30,415 INFO o.a.j.t.JMeterThread: Thread started: Ticket intake 1-186
2026-10-09 09:28:32,283 INFO o.a.j.t.JMeterThread: Thread started: Agent search 2-742
2026-10-09 09:28:32,404 INFO o.a.j.r.Summariser: summary +      8 in 00:00:31 =    0.3/s Avg:  5905 Min:    90 Max: 20590 Err:     0 (0.00%) Active: 3 Started: 928 Finished: 925
2026-10-09 09:28:32,404 INFO o.a.j.r.Summariser: summary =    926 in 00:56:10 =    0.3/s Avg:  3441 Min:    66 Max: 46292 Err:     0 (0.00%)
2026-10-09 09:28:32,404 INFO o.a.j.t.JMeterThread: Thread is done: Agent search 2-742
2026-10-09 09:28:32,404 INFO o.a.j.t.JMeterThread: Thread finished: Agent search 2-742
2026-10-09 09:28:32,948 INFO o.a.j.t.JMeterThread: Thread started: Agent search 2-743
2026-10-09 09:28:33,165 INFO o.a.j.t.JMeterThread: Thread is done: Agent search 2-743
2026-10-09 09:28:33,166 INFO o.a.j.t.JMeterThread: Thread finished: Agent search 2-743
2026-10-09 09:28:33,608 INFO o.a.j.t.JMeterThread: Thread is done: Ticket intake 1-185
2026-10-09 09:28:33,608 INFO o.a.j.t.JMeterThread: Thread finished: Ticket intake 1-185
2026-10-09 09:28:34,468 INFO o.a.j.t.JMeterThread: Thread started: Agent search 2-744
2026-10-09 09:28:34,702 INFO o.a.j.t.JMeterThread: Thread is done: Agent search 2-744
2026-10-09 09:28:34,702 INFO o.a.j.t.JMeterThread: Thread finished: Agent search 2-744
2026-10-09 09:28:34,920 INFO o.a.j.t.JMeterThread: Thread started: Agent search 2-745
2026-10-09 09:28:35,213 INFO o.a.j.t.JMeterThread: Thread is done: Agent search 2-745
2026-10-09 09:28:35,214 INFO o.a.j.t.JMeterThread: Thread finished: Agent search 2-745
2026-10-09 09:28:35,917 INFO o.a.j.t.JMeterThread: Thread started: Ticket intake 1-187
2026-10-09 09:28:37,226 INFO o.a.j.t.JMeterThread: Thread started: Agent search 2-746
2026-10-09 09:28:37,362 INFO o.a.j.t.JMeterThread: Thread is done: Agent search 2-746
2026-10-09 09:28:37,363 INFO o.a.j.t.JMeterThread: Thread finished: Agent search 2-746
2026-10-09 09:28:37,492 INFO o.a.j.t.JMeterThread: Thread started: Agent search 2-747
2026-10-09 09:28:37,670 INFO o.a.j.t.JMeterThread: Thread is done: Agent search 2-747
2026-10-09 09:28:37,670 INFO o.a.j.t.JMeterThread: Thread finished: Agent search 2-747
2026-10-09 09:28:38,708 INFO o.a.j.t.JMeterThread: Thread started: Agent search 2-748
2026-10-09 09:28:38,999 INFO o.a.j.t.JMeterThread: Thread is done: Agent search 2-748
2026-10-09 09:28:38,999 INFO o.a.j.t.JMeterThread: Thread finished: Agent search 2-748
2026-10-09 09:28:41,288 INFO o.a.j.t.JMeterThread: Thread started: Agent search 2-749
2026-10-09 09:28:41,400 INFO o.a.j.t.JMeterThread: Thread is done: Agent search 2-749
2026-10-09 09:28:41,400 INFO o.a.j.t.JMeterThread: Thread finished: Agent search 2-749
2026-10-09 09:28:41,868 INFO o.a.j.t.JMeterThread: Thread is done: Ticket intake 1-186
2026-10-09 09:28:41,868 INFO o.a.j.t.JMeterThread: Thread finished: Ticket intake 1-186
2026-10-09 09:28:42,242 INFO o.a.j.t.JMeterThread: Thread started: Agent search 2-750
2026-10-09 09:28:42,483 INFO o.a.j.t.JMeterThread: Thread is done: Agent search 2-750
2026-10-09 09:28:42,483 INFO o.a.j.t.JMeterThread: Thread finished: Agent search 2-750
2026-10-09 09:28:43,343 INFO o.a.j.t.JMeterThread: Thread started: Agent search 2-751
2026-10-09 09:28:43,508 INFO o.a.j.t.JMeterThread: Thread is done: Agent search 2-751
2026-10-09 09:28:43,508 INFO o.a.j.t.JMeterThread: Thread finished: Agent search 2-751
2026-10-09 09:28:46,711 INFO o.a.j.t.JMeterThread: Thread started: Agent search 2-752
2026-10-09 09:28:46,898 INFO o.a.j.t.JMeterThread: Thread is done: Agent search 2-752
2026-10-09 09:28:46,899 INFO o.a.j.t.JMeterThread: Thread finished: Agent search 2-752
2026-10-09 09:28:52,621 INFO o.a.j.t.JMeterThread: Thread is done: Ticket intake 1-187
2026-10-09 09:28:52,621 INFO o.a.j.t.JMeterThread: Thread finished: Ticket intake 1-187
2026-10-09 09:28:53,702 INFO o.a.j.t.JMeterThread: Thread started: Agent search 2-753
2026-10-09 09:28:54,000 INFO o.a.j.t.JMeterThread: Thread is done: Agent search 2-753
2026-10-09 09:28:54,000 INFO o.a.j.t.JMeterThread: Thread finished: Agent search 2-753
2026-10-09 09:29:00,189 INFO o.a.j.t.JMeterThread: Thread started: Agent search 2-754
2026-10-09 09:29:00,403 INFO o.a.j.r.Summariser: summary +     15 in 00:00:28 =    0.5/s Avg:  3135 Min:   112 Max: 16703 Err:     0 (0.00%) Active: 1 Started: 941 Finished: 940
2026-10-09 09:29:00,403 INFO o.a.j.r.Summariser: summary =    941 in 00:56:38 =    0.3/s Avg:  3436 Min:    66 Max: 46292 Err:     0 (0.00%)
2026-10-09 09:29:00,404 INFO o.a.j.t.JMeterThread: Thread is done: Agent search 2-754
2026-10-09 09:29:00,404 INFO o.a.j.t.JMeterThread: Thread finished: Agent search 2-754
2026-10-09 09:29:02,650 INFO o.a.j.t.JMeterThread: Thread started: Agent search 2-755
2026-10-09 09:29:02,862 INFO o.a.j.t.JMeterThread: Thread is done: Agent search 2-755
2026-10-09 09:29:02,862 INFO o.a.j.t.JMeterThread: Thread finished: Agent search 2-755
2026-10-09 09:29:06,017 INFO o.a.j.t.JMeterThread: Thread started: Agent search 2-756
2026-10-09 09:29:06,240 INFO o.a.j.t.JMeterThread: Thread is done: Agent search 2-756
2026-10-09 09:29:06,240 INFO o.a.j.t.JMeterThread: Thread finished: Agent search 2-756
2026-10-09 09:29:08,466 INFO o.a.j.t.JMeterThread: Thread started: Agent search 2-757
2026-10-09 09:29:08,698 INFO o.a.j.t.JMeterThread: Thread is done: Agent search 2-757
2026-10-09 09:29:08,698 INFO o.a.j.t.JMeterThread: Thread finished: Agent search 2-757
2026-10-09 09:29:12,482 INFO o.a.j.t.JMeterThread: Thread started: Agent search 2-758
2026-10-09 09:29:12,829 INFO o.a.j.t.JMeterThread: Thread is done: Agent search 2-758
2026-10-09 09:29:12,829 INFO o.a.j.t.JMeterThread: Thread finished: Agent search 2-758
2026-10-09 09:29:24,177 INFO o.a.j.t.JMeterThread: Thread started: Agent search 2-759
2026-10-09 09:29:24,366 INFO o.a.j.t.JMeterThread: Thread is done: Agent search 2-759
2026-10-09 09:29:24,366 INFO o.a.j.t.JMeterThread: Thread finished: Agent search 2-759
2026-10-09 09:29:25,979 INFO o.a.j.t.JMeterThread: Thread started: Ticket intake 1-188
2026-10-09 09:29:31,505 INFO o.a.j.t.JMeterThread: Thread started: Agent search 2-760
2026-10-09 09:29:31,738 INFO o.a.j.r.Summariser: summary +      6 in 00:00:31 =    0.2/s Avg:   238 Min:   188 Max:   346 Err:     0 (0.00%) Active: 2 Started: 948 Finished: 946
2026-10-09 09:29:31,738 INFO o.a.j.r.Summariser: summary =    947 in 00:57:10 =    0.3/s Avg:  3416 Min:    66 Max: 46292 Err:     0 (0.00%)
2026-10-09 09:29:31,738 INFO o.a.j.t.JMeterThread: Thread is done: Agent search 2-760
2026-10-09 09:29:31,738 INFO o.a.j.t.JMeterThread: Thread finished: Agent search 2-760
2026-10-09 09:29:34,707 INFO o.a.j.t.JMeterThread: Thread is done: Ticket intake 1-188
2026-10-09 09:29:34,707 INFO o.a.j.t.JMeterThread: Thread finished: Ticket intake 1-188
2026-10-09 09:29:45,578 INFO o.a.j.t.JMeterThread: Thread started: Agent search 2-761
2026-10-09 09:29:45,811 INFO o.a.j.t.JMeterThread: Thread is done: Agent search 2-761
2026-10-09 09:29:45,812 INFO o.a.j.t.JMeterThread: Thread finished: Agent search 2-761
2026-10-09 09:29:49,504 INFO o.a.j.t.JMeterThread: Thread started: Ticket intake 1-189
2026-10-09 09:29:54,136 INFO o.a.j.t.JMeterThread: Thread started: Agent search 2-762
2026-10-09 09:29:54,369 INFO o.a.j.t.JMeterThread: Thread is done: Agent search 2-762
2026-10-09 09:29:54,369 INFO o.a.j.t.JMeterThread: Thread finished: Agent search 2-762
2026-10-09 09:29:57,614 INFO o.a.j.t.JMeterThread: Thread is done: Ticket intake 1-189
2026-10-09 09:29:57,614 INFO o.a.j.t.JMeterThread: Thread finished: Ticket intake 1-189
2026-10-09 09:30:00,825 INFO o.a.j.t.JMeterThread: Thread started: Agent search 2-763
2026-10-09 09:30:01,030 INFO o.a.j.r.Summariser: summary +      5 in 00:00:29 =    0.2/s Avg:  3501 Min:   204 Max:  8728 Err:     0 (0.00%) Active: 1 Started: 952 Finished: 951
2026-10-09 09:30:01,030 INFO o.a.j.r.Summariser: summary =    952 in 00:57:39 =    0.3/s Avg:  3416 Min:    66 Max: 46292 Err:     0 (0.00%)
2026-10-09 09:30:01,030 INFO o.a.j.t.JMeterThread: Thread is done: Agent search 2-763
2026-10-09 09:30:01,030 INFO o.a.j.t.JMeterThread: Thread finished: Agent search 2-763
2026-10-09 09:30:10,963 INFO o.a.j.t.JMeterThread: Thread started: Agent search 2-764
2026-10-09 09:30:11,266 INFO o.a.j.t.JMeterThread: Thread is done: Agent search 2-764
2026-10-09 09:30:11,266 INFO o.a.j.t.JMeterThread: Thread finished: Agent search 2-764
2026-10-09 09:30:12,948 INFO o.a.j.t.JMeterThread: Thread started: Agent search 2-765
2026-10-09 09:30:13,108 INFO o.a.j.t.JMeterThread: Thread is done: Agent search 2-765
2026-10-09 09:30:13,108 INFO o.a.j.t.JMeterThread: Thread finished: Agent search 2-765
2026-10-09 09:30:14,480 INFO o.a.j.t.JMeterThread: Thread started: Agent search 2-766
2026-10-09 09:30:14,645 INFO o.a.j.t.JMeterThread: Thread is done: Agent search 2-766
2026-10-09 09:30:14,645 INFO o.a.j.t.JMeterThread: Thread finished: Agent search 2-766
2026-10-09 09:30:16,588 INFO o.a.j.t.JMeterThread: Thread started: Agent search 2-767
2026-10-09 09:30:16,795 INFO o.a.j.t.JMeterThread: Thread is done: Agent search 2-767
2026-10-09 09:30:16,795 INFO o.a.j.t.JMeterThread: Thread finished: Agent search 2-767
2026-10-09 09:30:19,155 INFO o.a.j.t.JMeterThread: Thread started: Agent search 2-768
2026-10-09 09:30:19,355 INFO o.a.j.t.JMeterThread: Thread is done: Agent search 2-768
2026-10-09 09:30:19,355 INFO o.a.j.t.JMeterThread: Thread finished: Agent search 2-768
2026-10-09 09:30:23,933 INFO o.a.j.t.JMeterThread: Thread started: Agent search 2-769
2026-10-09 09:30:24,169 INFO o.a.j.t.JMeterThread: Thread is done: Agent search 2-769
2026-10-09 09:30:24,169 INFO o.a.j.t.JMeterThread: Thread finished: Agent search 2-769
2026-10-09 09:30:24,545 INFO o.a.j.t.JMeterThread: Thread started: Agent search 2-770
2026-10-09 09:30:24,782 INFO o.a.j.t.JMeterThread: Thread is done: Agent search 2-770
2026-10-09 09:30:24,782 INFO o.a.j.t.JMeterThread: Thread finished: Agent search 2-770
2026-10-09 09:30:24,902 INFO o.a.j.t.JMeterThread: Thread started: Agent search 2-771
2026-10-09 09:30:25,029 INFO o.a.j.t.JMeterThread: Thread started: Ticket intake 1-190
2026-10-09 09:30:25,036 INFO o.a.j.t.JMeterThread: Thread is done: Agent search 2-771
2026-10-09 09:30:25,036 INFO o.a.j.t.JMeterThread: Thread finished: Agent search 2-771
2026-10-09 09:30:25,478 INFO o.a.j.t.JMeterThread: Thread started: Agent search 2-772
2026-10-09 09:30:25,705 INFO o.a.j.t.JMeterThread: Thread is done: Agent search 2-772
2026-10-09 09:30:25,705 INFO o.a.j.t.JMeterThread: Thread finished: Agent search 2-772
2026-10-09 09:30:30,940 INFO o.a.j.t.JMeterThread: Thread started: Agent search 2-773
2026-10-09 09:30:31,132 INFO o.a.j.r.Summariser: summary +     10 in 00:00:30 =    0.3/s Avg:   204 Min:   134 Max:   301 Err:     0 (0.00%) Active: 2 Started: 963 Finished: 961
2026-10-09 09:30:31,132 INFO o.a.j.r.Summariser: summary =    962 in 00:58:09 =    0.3/s Avg:  3383 Min:    66 Max: 46292 Err:     0 (0.00%)
2026-10-09 09:30:31,132 INFO o.a.j.t.JMeterThread: Thread is done: Agent search 2-773
2026-10-09 09:30:31,132 INFO o.a.j.t.JMeterThread: Thread finished: Agent search 2-773
2026-10-09 09:30:32,353 INFO o.a.j.t.JMeterThread: Thread started: Agent search 2-774
2026-10-09 09:30:32,487 INFO o.a.j.t.JMeterThread: Thread is done: Agent search 2-774
2026-10-09 09:30:32,487 INFO o.a.j.t.JMeterThread: Thread finished: Agent search 2-774
2026-10-09 09:30:33,573 INFO o.a.j.t.JMeterThread: Thread is done: Ticket intake 1-190
2026-10-09 09:30:33,573 INFO o.a.j.t.JMeterThread: Thread finished: Ticket intake 1-190
2026-10-09 09:30:39,900 INFO o.a.j.t.JMeterThread: Thread started: Ticket intake 1-191
2026-10-09 09:30:40,040 INFO o.a.j.t.JMeterThread: Thread started: Agent search 2-775
2026-10-09 09:30:40,244 INFO o.a.j.t.JMeterThread: Thread is done: Agent search 2-775
2026-10-09 09:30:40,245 INFO o.a.j.t.JMeterThread: Thread finished: Agent search 2-775
2026-10-09 09:30:47,311 INFO o.a.j.t.JMeterThread: Thread is done: Ticket intake 1-191
2026-10-09 09:30:47,311 INFO o.a.j.t.JMeterThread: Thread finished: Ticket intake 1-191
2026-10-09 09:30:47,816 INFO o.a.j.t.JMeterThread: Thread started: Agent search 2-776
2026-10-09 09:30:48,131 INFO o.a.j.t.JMeterThread: Thread is done: Agent search 2-776
2026-10-09 09:30:48,131 INFO o.a.j.t.JMeterThread: Thread finished: Agent search 2-776
2026-10-09 09:30:48,902 INFO o.a.j.t.JMeterThread: Thread started: Agent search 2-777
2026-10-09 09:30:49,155 INFO o.a.j.t.JMeterThread: Thread is done: Agent search 2-777
2026-10-09 09:30:49,155 INFO o.a.j.t.JMeterThread: Thread finished: Agent search 2-777
2026-10-09 09:31:00,444 INFO o.a.j.t.JMeterThread: Thread started: Agent search 2-778
2026-10-09 09:31:00,624 INFO o.a.j.r.Summariser: summary +      7 in 00:00:29 =    0.2/s Avg:  2433 Min:   133 Max:  8543 Err:     0 (0.00%) Active: 1 Started: 969 Finished: 968
2026-10-09 09:31:00,624 INFO o.a.j.r.Summariser: summary =    969 in 00:58:39 =    0.3/s Avg:  3376 Min:    66 Max: 46292 Err:     0 (0.00%)
2026-10-09 09:31:00,624 INFO o.a.j.t.JMeterThread: Thread is done: Agent search 2-778
2026-10-09 09:31:00,624 INFO o.a.j.t.JMeterThread: Thread finished: Agent search 2-778
2026-10-09 09:31:01,026 INFO o.a.j.t.JMeterThread: Thread started: Ticket intake 1-192
2026-10-09 09:31:01,706 INFO o.a.j.t.JMeterThread: Thread started: Agent search 2-779
2026-10-09 09:31:01,854 INFO o.a.j.t.JMeterThread: Thread is done: Agent search 2-779
2026-10-09 09:31:01,854 INFO o.a.j.t.JMeterThread: Thread finished: Agent search 2-779
2026-10-09 09:31:08,421 INFO o.a.j.t.JMeterThread: Thread is done: Ticket intake 1-192
2026-10-09 09:31:08,421 INFO o.a.j.t.JMeterThread: Thread finished: Ticket intake 1-192
2026-10-09 09:31:11,003 INFO o.a.j.t.JMeterThread: Thread started: Ticket intake 1-193
2026-10-09 09:31:12,790 INFO o.a.j.t.JMeterThread: Thread started: Ticket intake 1-194
2026-10-09 09:31:16,615 INFO o.a.j.t.JMeterThread: Thread started: Agent search 2-780
2026-10-09 09:31:17,008 INFO o.a.j.t.JMeterThread: Thread is done: Agent search 2-780
2026-10-09 09:31:17,008 INFO o.a.j.t.JMeterThread: Thread finished: Agent search 2-780
2026-10-09 09:31:19,348 INFO o.a.j.t.JMeterThread: Thread started: Agent search 2-781
2026-10-09 09:31:19,567 INFO o.a.j.t.JMeterThread: Thread is done: Agent search 2-781
2026-10-09 09:31:19,567 INFO o.a.j.t.JMeterThread: Thread finished: Agent search 2-781
2026-10-09 09:31:21,085 INFO o.a.j.t.JMeterThread: Thread started: Agent search 2-782
2026-10-09 09:31:21,573 INFO o.a.j.t.JMeterThread: Thread is done: Agent search 2-782
2026-10-09 09:31:21,573 INFO o.a.j.t.JMeterThread: Thread finished: Agent search 2-782
2026-10-09 09:31:24,480 INFO o.a.j.t.JMeterThread: Thread started: Agent search 2-783
2026-10-09 09:31:24,941 INFO o.a.j.t.JMeterThread: Thread is done: Agent search 2-783
2026-10-09 09:31:24,941 INFO o.a.j.t.JMeterThread: Thread finished: Agent search 2-783
2026-10-09 09:31:26,012 INFO o.a.j.t.JMeterThread: Thread is done: Ticket intake 1-193
2026-10-09 09:31:26,012 INFO o.a.j.t.JMeterThread: Thread finished: Ticket intake 1-193
2026-10-09 09:31:29,666 INFO o.a.j.t.JMeterThread: Thread started: Ticket intake 1-195
2026-10-09 09:31:31,240 INFO o.a.j.t.JMeterThread: Thread started: Agent search 2-784
2026-10-09 09:31:31,343 INFO o.a.j.r.Summariser: summary +      8 in 00:00:31 =    0.3/s Avg:  3026 Min:   103 Max: 15008 Err:     0 (0.00%) Active: 3 Started: 979 Finished: 976
2026-10-09 09:31:31,343 INFO o.a.j.r.Summariser: summary =    977 in 00:59:09 =    0.3/s Avg:  3373 Min:    66 Max: 46292 Err:     0 (0.00%)
2026-10-09 09:31:31,344 INFO o.a.j.t.JMeterThread: Thread is done: Agent search 2-784
2026-10-09 09:31:31,344 INFO o.a.j.t.JMeterThread: Thread finished: Agent search 2-784
2026-10-09 09:31:35,610 INFO o.a.j.t.JMeterThread: Thread started: Agent search 2-785
2026-10-09 09:31:35,848 INFO o.a.j.t.JMeterThread: Thread is done: Agent search 2-785
2026-10-09 09:31:35,849 INFO o.a.j.t.JMeterThread: Thread finished: Agent search 2-785
2026-10-09 09:31:39,228 INFO o.a.j.t.JMeterThread: Thread is done: Ticket intake 1-194
2026-10-09 09:31:39,228 INFO o.a.j.t.JMeterThread: Thread finished: Ticket intake 1-194
2026-10-09 09:31:42,959 INFO o.a.j.t.JMeterThread: Thread started: Agent search 2-786
2026-10-09 09:31:43,222 INFO o.a.j.t.JMeterThread: Thread is done: Agent search 2-786
2026-10-09 09:31:43,222 INFO o.a.j.t.JMeterThread: Thread finished: Agent search 2-786
2026-10-09 09:31:47,504 INFO o.a.j.t.JMeterThread: Thread started: Ticket intake 1-196
2026-10-09 09:31:47,522 INFO o.a.j.t.JMeterThread: Thread started: Ticket intake 1-197
2026-10-09 09:31:49,980 INFO o.a.j.t.JMeterThread: Thread is done: Ticket intake 1-195
2026-10-09 09:31:49,980 INFO o.a.j.t.JMeterThread: Thread finished: Ticket intake 1-195
2026-10-09 09:31:51,776 INFO o.a.j.t.JMeterThread: Thread started: Agent search 2-787
2026-10-09 09:31:51,987 INFO o.a.j.t.JMeterThread: Thread is done: Agent search 2-787
2026-10-09 09:31:51,987 INFO o.a.j.t.JMeterThread: Thread finished: Agent search 2-787
2026-10-09 09:31:53,671 INFO o.a.j.t.JMeterThread: Thread started: Agent search 2-788
2026-10-09 09:31:53,925 INFO o.a.j.t.JMeterThread: Thread started: Agent search 2-789
2026-10-09 09:31:53,982 INFO o.a.j.t.JMeterThread: Thread is done: Agent search 2-788
2026-10-09 09:31:53,982 INFO o.a.j.t.JMeterThread: Thread finished: Agent search 2-788
2026-10-09 09:31:54,004 INFO o.a.j.t.JMeterThread: Thread is done: Agent search 2-789
2026-10-09 09:31:54,004 INFO o.a.j.t.JMeterThread: Thread finished: Agent search 2-789
2026-10-09 09:31:59,221 INFO o.a.j.t.JMeterThread: Thread started: Agent search 2-790
2026-10-09 09:31:59,401 INFO o.a.j.t.JMeterThread: Thread is done: Agent search 2-790
2026-10-09 09:31:59,401 INFO o.a.j.t.JMeterThread: Thread finished: Agent search 2-790
2026-10-09 09:32:00,186 INFO o.a.j.t.JMeterThread: Thread started: Agent search 2-791
2026-10-09 09:32:00,528 INFO o.a.j.r.Summariser: summary +      9 in 00:00:29 =    0.3/s Avg:  5374 Min:    77 Max: 26437 Err:     0 (0.00%) Active: 3 Started: 988 Finished: 985
2026-10-09 09:32:00,529 INFO o.a.j.r.Summariser: summary =    986 in 00:59:39 =    0.3/s Avg:  3392 Min:    66 Max: 46292 Err:     0 (0.00%)
2026-10-09 09:32:00,529 INFO o.a.j.t.JMeterThread: Thread is done: Agent search 2-791
2026-10-09 09:32:00,529 INFO o.a.j.t.JMeterThread: Thread finished: Agent search 2-791
2026-10-09 09:32:00,845 INFO o.a.j.t.JMeterThread: Thread started: Agent search 2-792
2026-10-09 09:32:00,938 INFO o.a.j.t.JMeterThread: Thread is done: Agent search 2-792
2026-10-09 09:32:00,938 INFO o.a.j.t.JMeterThread: Thread finished: Agent search 2-792
2026-10-09 09:32:02,800 INFO o.a.j.t.JMeterThread: Thread is done: Ticket intake 1-196
2026-10-09 09:32:02,800 INFO o.a.j.t.JMeterThread: Thread finished: Ticket intake 1-196
2026-10-09 09:32:03,402 INFO o.a.j.t.JMeterThread: Thread started: Agent search 2-793
2026-10-09 09:32:03,515 INFO o.a.j.t.JMeterThread: Thread is done: Agent search 2-793
2026-10-09 09:32:03,515 INFO o.a.j.t.JMeterThread: Thread finished: Agent search 2-793
2026-10-09 09:32:06,622 INFO o.a.j.t.JMeterThread: Thread started: Agent search 2-794
2026-10-09 09:32:06,980 INFO o.a.j.t.JMeterThread: Thread is done: Agent search 2-794
2026-10-09 09:32:06,980 INFO o.a.j.t.JMeterThread: Thread finished: Agent search 2-794
2026-10-09 09:32:09,966 INFO o.a.j.t.JMeterThread: Thread started: Agent search 2-795
2026-10-09 09:32:10,153 INFO o.a.j.t.JMeterThread: Thread is done: Agent search 2-795
2026-10-09 09:32:10,153 INFO o.a.j.t.JMeterThread: Thread finished: Agent search 2-795
2026-10-09 09:32:10,628 INFO o.a.j.t.JMeterThread: Thread started: Ticket intake 1-198
2026-10-09 09:32:10,628 INFO o.a.j.t.o.OpenModelThreadGroup: There will be no more events, so will wait for 11 sec till the end of the schedule
2026-10-09 09:32:11,011 INFO o.a.j.t.JMeterThread: Thread started: Agent search 2-796
2026-10-09 09:32:11,280 INFO o.a.j.t.JMeterThread: Thread is done: Agent search 2-796
2026-10-09 09:32:11,280 INFO o.a.j.t.JMeterThread: Thread finished: Agent search 2-796
2026-10-09 09:32:12,999 INFO o.a.j.t.JMeterThread: Thread started: Agent search 2-797
2026-10-09 09:32:13,229 INFO o.a.j.t.JMeterThread: Thread is done: Agent search 2-797
2026-10-09 09:32:13,229 INFO o.a.j.t.JMeterThread: Thread finished: Agent search 2-797
2026-10-09 09:32:15,377 INFO o.a.j.t.JMeterThread: Thread is done: Ticket intake 1-197
2026-10-09 09:32:15,377 INFO o.a.j.t.JMeterThread: Thread finished: Ticket intake 1-197
2026-10-09 09:32:17,615 INFO o.a.j.t.JMeterThread: Thread started: Agent search 2-798
2026-10-09 09:32:17,732 INFO o.a.j.t.JMeterThread: Thread is done: Agent search 2-798
2026-10-09 09:32:17,733 INFO o.a.j.t.JMeterThread: Thread finished: Agent search 2-798
2026-10-09 09:32:18,450 INFO o.a.j.t.JMeterThread: Thread started: Agent search 2-799
2026-10-09 09:32:18,652 INFO o.a.j.t.JMeterThread: Thread is done: Agent search 2-799
2026-10-09 09:32:18,653 INFO o.a.j.t.JMeterThread: Thread finished: Agent search 2-799
2026-10-09 09:32:21,932 INFO o.a.j.t.o.OpenModelThreadGroup: There will be no more events, so will wait for 0 sec till the end of the schedule
2026-10-09 09:32:21,932 INFO o.a.j.t.JMeterThread: Thread started: Agent search 2-800
2026-10-09 09:32:21,952 INFO o.a.j.t.o.OpenModelThreadGroup: Test schedule finished, however, there are 1 thread(s) still running. Will interrupt the threads. If you want to keep some time for the threads to complete, consider adding pause(10 min) at the end of the schedule.
2026-10-09 09:32:21,953 INFO o.a.j.t.o.OpenModelThreadGroup: Test schedule finished, however, there are 1 thread(s) still running. Will interrupt the threads. If you want to keep some time for the threads to complete, consider adding pause(10 min) at the end of the schedule.
2026-10-09 09:32:21,953 INFO o.a.j.t.o.OpenModelThreadGroup: Terminating thread org.apache.jmeter.threads.JMeterThread@2d4605e0
2026-10-09 09:32:21,953 INFO o.a.j.t.JMeterThread: Stopping: Agent search 2-800
2026-10-09 09:32:21,953 WARN o.a.j.t.JMeterThread: Interrupting: Agent search 2-800 sampler: GET /search
2026-10-09 09:32:21,953 INFO o.a.j.t.o.OpenModelThreadGroup: Terminating thread org.apache.jmeter.threads.JMeterThread@60242e5f
2026-10-09 09:32:21,953 INFO o.a.j.t.JMeterThread: Stopping: Ticket intake 1-198
2026-10-09 09:32:21,953 INFO o.a.j.t.o.OpenModelThreadGroup: Thread starting done
2026-10-09 09:32:21,953 WARN o.a.j.t.JMeterThread: Interrupting: Ticket intake 1-198 sampler: POST /tickets
2026-10-09 09:32:21,954 INFO o.a.j.t.o.OpenModelThreadGroup: Thread starting done
2026-10-09 09:32:21,955 INFO o.a.j.t.JMeterThread: Thread is done: Ticket intake 1-198
2026-10-09 09:32:21,955 INFO o.a.j.t.JMeterThread: Thread is done: Agent search 2-800
2026-10-09 09:32:21,955 INFO o.a.j.t.JMeterThread: Thread finished: Ticket intake 1-198
2026-10-09 09:32:21,955 INFO o.a.j.t.JMeterThread: Thread finished: Agent search 2-800
2026-10-09 09:32:21,955 INFO o.a.j.e.StandardJMeterEngine: Notifying test listeners of end of test
2026-10-09 09:32:21,955 INFO o.a.j.s.FileServer: Close: search_terms.txt
2026-10-09 09:32:21,955 INFO o.a.j.s.FileServer: Close: tickets.tsv
2026-10-09 09:32:21,956 INFO o.a.j.r.Summariser: summary +     12 in 00:00:21 =    0.6/s Avg:  4671 Min:    22 Max: 27854 Err:     2 (16.67%) Active: 0 Started: 998 Finished: 998
2026-10-09 09:32:21,956 INFO o.a.j.r.Summariser: summary =    998 in 01:00:00 =    0.3/s Avg:  3407 Min:    22 Max: 46292 Err:     2 (0.20%)
