2026-10-09 15:46:02,738 INFO o.a.j.u.JMeterUtils: Setting Locale to en_EN
2026-10-09 15:46:02,746 INFO o.a.j.JMeter: Loading user properties from: C:\apache-jmeter-5.6.3\bin\user.properties
2026-10-09 15:46:02,747 INFO o.a.j.JMeter: Loading system properties from: C:\apache-jmeter-5.6.3\bin\system.properties
2026-10-09 15:46:02,747 INFO o.a.j.JMeter: Loading additional properties from: C:\Users\josep\Downloads\results\qwen3.8-27b\mixed\run3\run.properties
2026-10-09 15:46:02,750 INFO o.a.j.JMeter: Copyright (c) 1998-2024 The Apache Software Foundation
2026-10-09 15:46:02,750 INFO o.a.j.JMeter: Version 5.6.3
2026-10-09 15:46:02,751 INFO o.a.j.JMeter: java.version=25.0.1
2026-10-09 15:46:02,751 INFO o.a.j.JMeter: java.vm.name=Java HotSpot(TM) 64-Bit Server VM
2026-10-09 15:46:02,751 INFO o.a.j.JMeter: os.name=Windows 11
2026-10-09 15:46:02,751 INFO o.a.j.JMeter: os.arch=amd64
2026-10-09 15:46:02,751 INFO o.a.j.JMeter: os.version=10.0
2026-10-09 15:46:02,751 INFO o.a.j.JMeter: file.encoding=UTF-8
2026-10-09 15:46:02,751 INFO o.a.j.JMeter: java.awt.headless=true
2026-10-09 15:46:02,751 INFO o.a.j.JMeter: Max memory     =1073741824
2026-10-09 15:46:02,752 INFO o.a.j.JMeter: Available Processors =16
2026-10-09 15:46:02,759 INFO o.a.j.JMeter: Default Locale=English (EN)
2026-10-09 15:46:02,759 INFO o.a.j.JMeter: JMeter  Locale=English (EN)
2026-10-09 15:46:02,760 INFO o.a.j.JMeter: JMeterHome=C:\apache-jmeter-5.6.3
2026-10-09 15:46:02,760 INFO o.a.j.JMeter: user.dir  =C:\Users\josep\Downloads
2026-10-09 15:46:02,760 INFO o.a.j.JMeter: PWD       =C:\Users\josep\Downloads
2026-10-09 15:46:02,761 INFO o.a.j.JMeter: IP: 172.20.10.7 Name: LAPTOP-JVTGMMI4 FullName: LAPTOP-JVTGMMI4
2026-10-09 15:46:02,767 INFO o.a.j.s.FileServer: Default base='C:\Users\josep\Downloads'
2026-10-09 15:46:02,768 INFO o.a.j.s.FileServer: Set new base='C:\Users\josep\Downloads\loadtest'
2026-10-09 15:46:02,895 INFO o.a.j.s.SaveService: Testplan (JMX) version: 2.2. Testlog (JTL) version: 2.2
2026-10-09 15:46:02,906 INFO o.a.j.s.SaveService: Using SaveService properties version 5.0
2026-10-09 15:46:02,907 INFO o.a.j.s.SaveService: Using SaveService properties file encoding UTF-8
2026-10-09 15:46:02,909 INFO o.a.j.s.SaveService: Loading file: C:\Users\josep\Downloads\loadtest\triage.jmx
2026-10-09 15:46:02,937 INFO o.a.j.p.h.s.HTTPSamplerBase: Parser for text/html is org.apache.jmeter.protocol.http.parser.LagartoBasedHtmlParser
2026-10-09 15:46:02,937 INFO o.a.j.p.h.s.HTTPSamplerBase: Parser for application/xhtml+xml is org.apache.jmeter.protocol.http.parser.LagartoBasedHtmlParser
2026-10-09 15:46:02,937 INFO o.a.j.p.h.s.HTTPSamplerBase: Parser for application/xml is org.apache.jmeter.protocol.http.parser.LagartoBasedHtmlParser
2026-10-09 15:46:02,937 INFO o.a.j.p.h.s.HTTPSamplerBase: Parser for text/xml is org.apache.jmeter.protocol.http.parser.LagartoBasedHtmlParser
2026-10-09 15:46:02,937 INFO o.a.j.p.h.s.HTTPSamplerBase: Parser for text/vnd.wap.wml is org.apache.jmeter.protocol.http.parser.RegexpHTMLParser
2026-10-09 15:46:02,937 INFO o.a.j.p.h.s.HTTPSamplerBase: Parser for text/css is org.apache.jmeter.protocol.http.parser.CssParser
2026-10-09 15:46:02,943 INFO o.a.j.JMeter: Creating summariser <summary>
2026-10-09 15:46:02,953 INFO o.a.j.e.StandardJMeterEngine: Running the test!
2026-10-09 15:46:02,953 INFO o.a.j.s.SampleEvent: List of sample_variables: [req_id, row, term]
2026-10-09 15:46:02,953 INFO o.a.j.s.SampleEvent: List of sample_variables: [req_id, row, term]
2026-10-09 15:46:02,955 INFO o.a.j.e.u.CompoundVariable: Note: Function class names must contain the string: '.functions.'
2026-10-09 15:46:02,956 INFO o.a.j.e.u.CompoundVariable: Note: Function class names must not contain the string: '.gui.'
2026-10-09 15:46:02,991 INFO o.a.j.JMeter: Running test (1791531962991)
2026-10-09 15:46:03,002 INFO o.a.j.e.StandardJMeterEngine: Starting ThreadGroup: 1 : Ticket intake
2026-10-09 15:46:03,002 INFO o.a.j.e.StandardJMeterEngine: Starting 0 threads for group Ticket intake.
2026-10-09 15:46:03,002 INFO o.a.j.e.StandardJMeterEngine: Thread will continue on error
2026-10-09 15:46:03,002 INFO o.a.j.t.o.OpenModelThreadGroup: Starting OpenModelThreadGroup#1 with schedule rate(198/hour) random_arrivals(60 min) rate(198/hour)
2026-10-09 15:46:03,019 INFO o.a.j.e.StandardJMeterEngine: Starting ThreadGroup: 2 : Agent search
2026-10-09 15:46:03,019 INFO o.a.j.e.StandardJMeterEngine: Starting 0 threads for group Agent search.
2026-10-09 15:46:03,019 INFO o.a.j.e.StandardJMeterEngine: Thread will continue on error
2026-10-09 15:46:03,019 INFO o.a.j.t.o.OpenModelThreadGroup: Starting OpenModelThreadGroup#2 with schedule rate(800/hour) random_arrivals(60 min) rate(800/hour)
2026-10-09 15:46:03,020 INFO o.a.j.t.o.OpenModelThreadGroup: Thread starting init
2026-10-09 15:46:03,020 INFO o.a.j.e.StandardJMeterEngine: All thread groups have been started
2026-10-09 15:46:03,020 INFO o.a.j.t.o.OpenModelThreadGroup: Thread starting init
2026-10-09 15:46:03,023 INFO o.a.j.t.o.PoissonArrivalsRamp: Generating 198 events, beginRate = 0.055 / sec, endRate = 0.055 / sec, duration = 3600.0 sec
2026-10-09 15:46:03,024 INFO o.a.j.t.o.PoissonArrivalsRamp: Generating 800 events, beginRate = 0.2222222222222222 / sec, endRate = 0.2222222222222222 / sec, duration = 3600.0 sec
2026-10-09 15:46:07,303 INFO o.a.j.t.JMeterThread: Thread started: Ticket intake 1-1
2026-10-09 15:46:07,303 INFO o.a.j.s.FileServer: Stored: tickets.tsv
2026-10-09 15:46:07,315 INFO o.a.j.p.h.s.HTTPHCAbstractImpl: Local host = LAPTOP-JVTGMMI4
2026-10-09 15:46:07,317 INFO o.a.j.p.h.s.HTTPHC4Impl: HTTP request retry count = 0
2026-10-09 15:46:07,318 INFO o.a.j.s.SampleResult: Note: Sample TimeStamps are START times
2026-10-09 15:46:07,318 INFO o.a.j.s.SampleResult: sampleresult.default.encoding is set to UTF-8
2026-10-09 15:46:07,318 INFO o.a.j.s.SampleResult: sampleresult.useNanoTime=true
2026-10-09 15:46:07,318 INFO o.a.j.s.SampleResult: sampleresult.nanoThreadSleep=5000
2026-10-09 15:46:08,374 INFO o.a.j.t.JMeterThread: Thread started: Ticket intake 1-2
2026-10-09 15:46:11,989 INFO o.a.j.t.JMeterThread: Thread started: Ticket intake 1-3
2026-10-09 15:46:14,130 INFO o.a.j.t.JMeterThread: Thread started: Agent search 2-1
2026-10-09 15:46:14,131 INFO o.a.j.s.FileServer: Stored: search_terms.txt
2026-10-09 15:46:14,181 INFO o.a.j.t.JMeterThread: Thread is done: Agent search 2-1
2026-10-09 15:46:14,181 INFO o.a.j.t.JMeterThread: Thread finished: Agent search 2-1
2026-10-09 15:46:14,721 INFO o.a.j.t.JMeterThread: Thread started: Agent search 2-2
2026-10-09 15:46:14,743 INFO o.a.j.t.JMeterThread: Thread is done: Agent search 2-2
2026-10-09 15:46:14,743 INFO o.a.j.t.JMeterThread: Thread finished: Agent search 2-2
2026-10-09 15:46:16,661 INFO o.a.j.t.JMeterThread: Thread started: Agent search 2-3
2026-10-09 15:46:16,707 INFO o.a.j.t.JMeterThread: Thread is done: Agent search 2-3
2026-10-09 15:46:16,707 INFO o.a.j.t.JMeterThread: Thread finished: Agent search 2-3
2026-10-09 15:46:16,898 INFO o.a.j.t.JMeterThread: Thread started: Agent search 2-4
2026-10-09 15:46:16,941 INFO o.a.j.t.JMeterThread: Thread is done: Agent search 2-4
2026-10-09 15:46:16,941 INFO o.a.j.t.JMeterThread: Thread finished: Agent search 2-4
2026-10-09 15:46:18,882 INFO o.a.j.t.JMeterThread: Thread started: Agent search 2-5
2026-10-09 15:46:18,909 INFO o.a.j.t.JMeterThread: Thread is done: Agent search 2-5
2026-10-09 15:46:18,909 INFO o.a.j.t.JMeterThread: Thread finished: Agent search 2-5
2026-10-09 15:46:27,502 INFO o.a.j.t.JMeterThread: Thread started: Agent search 2-6
2026-10-09 15:46:27,538 INFO o.a.j.t.JMeterThread: Thread is done: Agent search 2-6
2026-10-09 15:46:27,538 INFO o.a.j.t.JMeterThread: Thread finished: Agent search 2-6
2026-10-09 15:46:29,294 INFO o.a.j.t.JMeterThread: Thread started: Agent search 2-7
2026-10-09 15:46:29,322 INFO o.a.j.t.JMeterThread: Thread is done: Agent search 2-7
2026-10-09 15:46:29,322 INFO o.a.j.t.JMeterThread: Thread finished: Agent search 2-7
2026-10-09 15:46:30,301 INFO o.a.j.t.JMeterThread: Thread started: Agent search 2-8
2026-10-09 15:46:30,355 INFO o.a.j.r.Summariser: summary +      8 in 00:00:27 =    0.3/s Avg:    36 Min:    20 Max:    52 Err:     0 (0.00%) Active: 4 Started: 11 Finished: 7
2026-10-09 15:46:30,356 INFO o.a.j.t.JMeterThread: Thread is done: Agent search 2-8
2026-10-09 15:46:30,356 INFO o.a.j.t.JMeterThread: Thread finished: Agent search 2-8
2026-10-09 15:46:30,731 INFO o.a.j.t.JMeterThread: Thread started: Agent search 2-9
2026-10-09 15:46:30,757 INFO o.a.j.t.JMeterThread: Thread is done: Agent search 2-9
2026-10-09 15:46:30,757 INFO o.a.j.t.JMeterThread: Thread finished: Agent search 2-9
2026-10-09 15:46:30,936 INFO o.a.j.t.JMeterThread: Thread started: Agent search 2-10
2026-10-09 15:46:30,960 INFO o.a.j.t.JMeterThread: Thread is done: Agent search 2-10
2026-10-09 15:46:30,960 INFO o.a.j.t.JMeterThread: Thread finished: Agent search 2-10
2026-10-09 15:46:43,965 INFO o.a.j.t.JMeterThread: Thread started: Agent search 2-11
2026-10-09 15:46:43,994 INFO o.a.j.t.JMeterThread: Thread is done: Agent search 2-11
2026-10-09 15:46:43,994 INFO o.a.j.t.JMeterThread: Thread finished: Agent search 2-11
2026-10-09 15:46:50,175 INFO o.a.j.t.JMeterThread: Thread started: Agent search 2-12
2026-10-09 15:46:50,211 INFO o.a.j.t.JMeterThread: Thread is done: Agent search 2-12
2026-10-09 15:46:50,211 INFO o.a.j.t.JMeterThread: Thread finished: Agent search 2-12
2026-10-09 15:46:50,642 INFO o.a.j.t.JMeterThread: Thread started: Ticket intake 1-4
2026-10-09 15:46:56,717 INFO o.a.j.t.JMeterThread: Thread started: Agent search 2-13
2026-10-09 15:46:56,746 INFO o.a.j.t.JMeterThread: Thread is done: Agent search 2-13
2026-10-09 15:46:56,746 INFO o.a.j.t.JMeterThread: Thread finished: Agent search 2-13
2026-10-09 15:46:58,318 INFO o.a.j.t.JMeterThread: Thread started: Agent search 2-14
2026-10-09 15:46:58,344 INFO o.a.j.t.JMeterThread: Thread is done: Agent search 2-14
2026-10-09 15:46:58,344 INFO o.a.j.t.JMeterThread: Thread finished: Agent search 2-14
2026-10-09 15:47:00,178 INFO o.a.j.r.Summariser: summary +      7 in 00:00:30 =    0.2/s Avg:  7569 Min:    23 Max: 52825 Err:     0 (0.00%) Active: 4 Started: 18 Finished: 14
2026-10-09 15:47:00,179 INFO o.a.j.r.Summariser: summary =     15 in 00:00:57 =    0.3/s Avg:  3551 Min:    20 Max: 52825 Err:     0 (0.00%)
2026-10-09 15:47:00,179 INFO o.a.j.t.JMeterThread: Thread is done: Ticket intake 1-1
2026-10-09 15:47:00,179 INFO o.a.j.t.JMeterThread: Thread finished: Ticket intake 1-1
2026-10-09 15:47:02,841 INFO o.a.j.t.JMeterThread: Thread started: Agent search 2-15
2026-10-09 15:47:02,869 INFO o.a.j.t.JMeterThread: Thread is done: Agent search 2-15
2026-10-09 15:47:02,870 INFO o.a.j.t.JMeterThread: Thread finished: Agent search 2-15
2026-10-09 15:47:07,230 INFO o.a.j.t.JMeterThread: Thread started: Agent search 2-16
2026-10-09 15:47:07,345 INFO o.a.j.t.JMeterThread: Thread is done: Agent search 2-16
2026-10-09 15:47:07,345 INFO o.a.j.t.JMeterThread: Thread finished: Agent search 2-16
2026-10-09 15:47:13,804 INFO o.a.j.t.JMeterThread: Thread started: Agent search 2-17
2026-10-09 15:47:13,830 INFO o.a.j.t.JMeterThread: Thread is done: Agent search 2-17
2026-10-09 15:47:13,831 INFO o.a.j.t.JMeterThread: Thread finished: Agent search 2-17
2026-10-09 15:47:15,711 INFO o.a.j.t.JMeterThread: Thread started: Ticket intake 1-5
2026-10-09 15:47:16,201 INFO o.a.j.t.JMeterThread: Thread started: Agent search 2-18
2026-10-09 15:47:16,226 INFO o.a.j.t.JMeterThread: Thread is done: Agent search 2-18
2026-10-09 15:47:16,226 INFO o.a.j.t.JMeterThread: Thread finished: Agent search 2-18
2026-10-09 15:47:17,355 INFO o.a.j.t.JMeterThread: Thread started: Ticket intake 1-6
2026-10-09 15:47:19,340 INFO o.a.j.t.JMeterThread: Thread started: Ticket intake 1-7
2026-10-09 15:47:23,717 INFO o.a.j.t.JMeterThread: Thread started: Agent search 2-19
2026-10-09 15:47:23,777 INFO o.a.j.t.JMeterThread: Thread is done: Agent search 2-19
2026-10-09 15:47:23,777 INFO o.a.j.t.JMeterThread: Thread finished: Agent search 2-19
2026-10-09 15:47:24,482 INFO o.a.j.t.JMeterThread: Thread started: Agent search 2-20
2026-10-09 15:47:24,513 INFO o.a.j.t.JMeterThread: Thread is done: Agent search 2-20
2026-10-09 15:47:24,513 INFO o.a.j.t.JMeterThread: Thread finished: Agent search 2-20
2026-10-09 15:47:29,211 INFO o.a.j.t.JMeterThread: Thread started: Agent search 2-21
2026-10-09 15:47:29,249 INFO o.a.j.t.JMeterThread: Thread is done: Agent search 2-21
2026-10-09 15:47:29,249 INFO o.a.j.t.JMeterThread: Thread finished: Agent search 2-21
2026-10-09 15:47:29,256 INFO o.a.j.t.JMeterThread: Thread started: Agent search 2-22
2026-10-09 15:47:29,291 INFO o.a.j.t.JMeterThread: Thread is done: Agent search 2-22
2026-10-09 15:47:29,291 INFO o.a.j.t.JMeterThread: Thread finished: Agent search 2-22
2026-10-09 15:47:34,654 INFO o.a.j.t.JMeterThread: Thread started: Agent search 2-23
2026-10-09 15:47:34,682 INFO o.a.j.r.Summariser: summary +      9 in 00:00:35 =    0.3/s Avg:    41 Min:    24 Max:   113 Err:     0 (0.00%) Active: 7 Started: 30 Finished: 23
2026-10-09 15:47:34,682 INFO o.a.j.r.Summariser: summary =     24 in 00:01:32 =    0.3/s Avg:  2235 Min:    20 Max: 52825 Err:     0 (0.00%)
2026-10-09 15:47:34,683 INFO o.a.j.t.JMeterThread: Thread is done: Agent search 2-23
2026-10-09 15:47:34,683 INFO o.a.j.t.JMeterThread: Thread finished: Agent search 2-23
2026-10-09 15:47:37,328 INFO o.a.j.t.JMeterThread: Thread started: Agent search 2-24
2026-10-09 15:47:37,355 INFO o.a.j.t.JMeterThread: Thread is done: Agent search 2-24
2026-10-09 15:47:37,355 INFO o.a.j.t.JMeterThread: Thread finished: Agent search 2-24
2026-10-09 15:47:38,833 INFO o.a.j.t.JMeterThread: Thread started: Agent search 2-25
2026-10-09 15:47:38,859 INFO o.a.j.t.JMeterThread: Thread is done: Agent search 2-25
2026-10-09 15:47:38,859 INFO o.a.j.t.JMeterThread: Thread finished: Agent search 2-25
2026-10-09 15:47:39,523 INFO o.a.j.t.JMeterThread: Thread started: Agent search 2-26
2026-10-09 15:47:39,550 INFO o.a.j.t.JMeterThread: Thread is done: Agent search 2-26
2026-10-09 15:47:39,551 INFO o.a.j.t.JMeterThread: Thread finished: Agent search 2-26
2026-10-09 15:47:40,649 INFO o.a.j.t.JMeterThread: Thread started: Ticket intake 1-8
2026-10-09 15:47:42,428 INFO o.a.j.t.JMeterThread: Thread started: Agent search 2-27
2026-10-09 15:47:42,456 INFO o.a.j.t.JMeterThread: Thread is done: Agent search 2-27
2026-10-09 15:47:42,456 INFO o.a.j.t.JMeterThread: Thread finished: Agent search 2-27
2026-10-09 15:47:52,198 INFO o.a.j.t.JMeterThread: Thread started: Ticket intake 1-9
2026-10-09 15:47:53,489 INFO o.a.j.t.JMeterThread: Thread started: Agent search 2-28
2026-10-09 15:47:53,524 INFO o.a.j.t.JMeterThread: Thread is done: Agent search 2-28
2026-10-09 15:47:53,525 INFO o.a.j.t.JMeterThread: Thread finished: Agent search 2-28
2026-10-09 15:48:09,969 INFO o.a.j.t.JMeterThread: Thread started: Agent search 2-29
2026-10-09 15:48:09,997 INFO o.a.j.t.JMeterThread: Thread is done: Agent search 2-29
2026-10-09 15:48:09,997 INFO o.a.j.t.JMeterThread: Thread finished: Agent search 2-29
2026-10-09 15:48:13,855 INFO o.a.j.t.JMeterThread: Thread started: Agent search 2-30
2026-10-09 15:48:13,883 INFO o.a.j.t.JMeterThread: Thread is done: Agent search 2-30
2026-10-09 15:48:13,883 INFO o.a.j.t.JMeterThread: Thread finished: Agent search 2-30
2026-10-09 15:48:21,164 INFO o.a.j.t.JMeterThread: Thread started: Ticket intake 1-10
2026-10-09 15:48:22,020 INFO o.a.j.t.JMeterThread: Thread started: Agent search 2-31
2026-10-09 15:48:22,050 INFO o.a.j.t.JMeterThread: Thread is done: Agent search 2-31
2026-10-09 15:48:22,050 INFO o.a.j.t.JMeterThread: Thread finished: Agent search 2-31
2026-10-09 15:48:25,319 INFO o.a.j.t.JMeterThread: Thread started: Agent search 2-32
2026-10-09 15:48:25,345 INFO o.a.j.t.JMeterThread: Thread is done: Agent search 2-32
2026-10-09 15:48:25,345 INFO o.a.j.t.JMeterThread: Thread finished: Agent search 2-32
2026-10-09 15:48:27,366 INFO o.a.j.t.JMeterThread: Thread started: Agent search 2-33
2026-10-09 15:48:27,394 INFO o.a.j.t.JMeterThread: Thread is done: Agent search 2-33
2026-10-09 15:48:27,394 INFO o.a.j.t.JMeterThread: Thread finished: Agent search 2-33
2026-10-09 15:48:29,253 INFO o.a.j.t.JMeterThread: Thread started: Agent search 2-34
2026-10-09 15:48:29,284 INFO o.a.j.t.JMeterThread: Thread is done: Agent search 2-34
2026-10-09 15:48:29,284 INFO o.a.j.t.JMeterThread: Thread finished: Agent search 2-34
2026-10-09 15:48:29,315 INFO o.a.j.t.JMeterThread: Thread started: Agent search 2-35
2026-10-09 15:48:29,342 INFO o.a.j.t.JMeterThread: Thread is done: Agent search 2-35
2026-10-09 15:48:29,342 INFO o.a.j.t.JMeterThread: Thread finished: Agent search 2-35
2026-10-09 15:48:34,207 INFO o.a.j.t.JMeterThread: Thread started: Agent search 2-36
2026-10-09 15:48:34,229 INFO o.a.j.r.Summariser: summary +     13 in 00:01:00 =    0.2/s Avg:    25 Min:    20 Max:    33 Err:     0 (0.00%) Active: 10 Started: 46 Finished: 36
2026-10-09 15:48:34,229 INFO o.a.j.r.Summariser: summary =     37 in 00:02:31 =    0.2/s Avg:  1458 Min:    20 Max: 52825 Err:     0 (0.00%)
2026-10-09 15:48:34,229 INFO o.a.j.t.JMeterThread: Thread is done: Agent search 2-36
2026-10-09 15:48:34,229 INFO o.a.j.t.JMeterThread: Thread finished: Agent search 2-36
2026-10-09 15:48:34,366 INFO o.a.j.t.JMeterThread: Thread started: Agent search 2-37
2026-10-09 15:48:34,393 INFO o.a.j.t.JMeterThread: Thread is done: Agent search 2-37
2026-10-09 15:48:34,393 INFO o.a.j.t.JMeterThread: Thread finished: Agent search 2-37
2026-10-09 15:48:35,642 INFO o.a.j.t.JMeterThread: Thread started: Agent search 2-38
2026-10-09 15:48:35,671 INFO o.a.j.t.JMeterThread: Thread is done: Agent search 2-38
2026-10-09 15:48:35,671 INFO o.a.j.t.JMeterThread: Thread finished: Agent search 2-38
2026-10-09 15:48:38,066 INFO o.a.j.t.JMeterThread: Thread is done: Ticket intake 1-2
2026-10-09 15:48:38,066 INFO o.a.j.t.JMeterThread: Thread finished: Ticket intake 1-2
2026-10-09 15:48:49,441 INFO o.a.j.t.JMeterThread: Thread started: Ticket intake 1-11
2026-10-09 15:48:59,090 INFO o.a.j.t.JMeterThread: Thread started: Agent search 2-39
2026-10-09 15:48:59,158 INFO o.a.j.t.JMeterThread: Thread is done: Agent search 2-39
2026-10-09 15:48:59,158 INFO o.a.j.t.JMeterThread: Thread finished: Agent search 2-39
2026-10-09 15:49:00,919 INFO o.a.j.t.JMeterThread: Thread started: Agent search 2-40
2026-10-09 15:49:00,944 INFO o.a.j.r.Summariser: summary +      5 in 00:00:27 =    0.2/s Avg: 29968 Min:    23 Max: 149703 Err:     0 (0.00%) Active: 10 Started: 51 Finished: 41
2026-10-09 15:49:00,944 INFO o.a.j.r.Summariser: summary =     42 in 00:02:58 =    0.2/s Avg:  4852 Min:    20 Max: 149703 Err:     0 (0.00%)
2026-10-09 15:49:00,944 INFO o.a.j.t.JMeterThread: Thread is done: Agent search 2-40
2026-10-09 15:49:00,944 INFO o.a.j.t.JMeterThread: Thread finished: Agent search 2-40
2026-10-09 15:49:07,593 INFO o.a.j.t.JMeterThread: Thread started: Agent search 2-41
2026-10-09 15:49:07,621 INFO o.a.j.t.JMeterThread: Thread is done: Agent search 2-41
2026-10-09 15:49:07,621 INFO o.a.j.t.JMeterThread: Thread finished: Agent search 2-41
2026-10-09 15:49:09,997 INFO o.a.j.t.JMeterThread: Thread started: Ticket intake 1-12
2026-10-09 15:49:11,236 INFO o.a.j.t.JMeterThread: Thread started: Agent search 2-42
2026-10-09 15:49:11,289 INFO o.a.j.t.JMeterThread: Thread is done: Agent search 2-42
2026-10-09 15:49:11,289 INFO o.a.j.t.JMeterThread: Thread finished: Agent search 2-42
2026-10-09 15:49:12,934 INFO o.a.j.t.JMeterThread: Thread started: Agent search 2-43
2026-10-09 15:49:12,944 INFO o.a.j.t.JMeterThread: Thread is done: Ticket intake 1-3
2026-10-09 15:49:12,945 INFO o.a.j.t.JMeterThread: Thread finished: Ticket intake 1-3
2026-10-09 15:49:12,960 INFO o.a.j.t.JMeterThread: Thread is done: Agent search 2-43
2026-10-09 15:49:12,960 INFO o.a.j.t.JMeterThread: Thread finished: Agent search 2-43
2026-10-09 15:49:20,066 INFO o.a.j.t.JMeterThread: Thread started: Agent search 2-44
2026-10-09 15:49:20,095 INFO o.a.j.t.JMeterThread: Thread is done: Agent search 2-44
2026-10-09 15:49:20,095 INFO o.a.j.t.JMeterThread: Thread finished: Agent search 2-44
2026-10-09 15:49:22,756 INFO o.a.j.t.JMeterThread: Thread started: Agent search 2-45
2026-10-09 15:49:22,788 INFO o.a.j.t.JMeterThread: Thread is done: Agent search 2-45
2026-10-09 15:49:22,788 INFO o.a.j.t.JMeterThread: Thread finished: Agent search 2-45
2026-10-09 15:49:23,401 INFO o.a.j.t.JMeterThread: Thread started: Ticket intake 1-13
2026-10-09 15:49:23,622 INFO o.a.j.t.JMeterThread: Thread started: Agent search 2-46
2026-10-09 15:49:23,679 INFO o.a.j.t.JMeterThread: Thread is done: Agent search 2-46
2026-10-09 15:49:23,679 INFO o.a.j.t.JMeterThread: Thread finished: Agent search 2-46
2026-10-09 15:49:28,775 INFO o.a.j.t.JMeterThread: Thread started: Agent search 2-47
2026-10-09 15:49:28,804 INFO o.a.j.t.JMeterThread: Thread is done: Agent search 2-47
2026-10-09 15:49:28,804 INFO o.a.j.t.JMeterThread: Thread finished: Agent search 2-47
2026-10-09 15:49:33,898 INFO o.a.j.t.JMeterThread: Thread started: Agent search 2-48
2026-10-09 15:49:33,920 INFO o.a.j.r.Summariser: summary +      9 in 00:00:33 =    0.3/s Avg: 20136 Min:    20 Max: 180969 Err:     0 (0.00%) Active: 11 Started: 61 Finished: 50
2026-10-09 15:49:33,920 INFO o.a.j.r.Summariser: summary =     51 in 00:03:31 =    0.2/s Avg:  7550 Min:    20 Max: 180969 Err:     0 (0.00%)
2026-10-09 15:49:33,920 INFO o.a.j.t.JMeterThread: Thread is done: Agent search 2-48
2026-10-09 15:49:33,920 INFO o.a.j.t.JMeterThread: Thread finished: Agent search 2-48
2026-10-09 15:49:41,102 INFO o.a.j.t.JMeterThread: Thread started: Ticket intake 1-14
2026-10-09 15:49:43,294 INFO o.a.j.t.JMeterThread: Thread started: Agent search 2-49
2026-10-09 15:49:43,320 INFO o.a.j.t.JMeterThread: Thread is done: Agent search 2-49
2026-10-09 15:49:43,320 INFO o.a.j.t.JMeterThread: Thread finished: Agent search 2-49
2026-10-09 15:49:47,744 INFO o.a.j.t.JMeterThread: Thread started: Agent search 2-50
2026-10-09 15:49:47,770 INFO o.a.j.t.JMeterThread: Thread is done: Agent search 2-50
2026-10-09 15:49:47,770 INFO o.a.j.t.JMeterThread: Thread finished: Agent search 2-50
2026-10-09 15:49:48,796 INFO o.a.j.t.JMeterThread: Thread started: Agent search 2-51
2026-10-09 15:49:48,829 INFO o.a.j.t.JMeterThread: Thread is done: Agent search 2-51
2026-10-09 15:49:48,829 INFO o.a.j.t.JMeterThread: Thread finished: Agent search 2-51
2026-10-09 15:49:50,131 INFO o.a.j.t.JMeterThread: Thread started: Agent search 2-52
2026-10-09 15:49:50,164 INFO o.a.j.t.JMeterThread: Thread is done: Agent search 2-52
2026-10-09 15:49:50,164 INFO o.a.j.t.JMeterThread: Thread finished: Agent search 2-52
2026-10-09 15:49:53,186 INFO o.a.j.t.JMeterThread: Thread started: Agent search 2-53
2026-10-09 15:49:53,227 INFO o.a.j.t.JMeterThread: Thread is done: Agent search 2-53
2026-10-09 15:49:53,227 INFO o.a.j.t.JMeterThread: Thread finished: Agent search 2-53
2026-10-09 15:49:55,768 INFO o.a.j.t.JMeterThread: Thread started: Ticket intake 1-15
2026-10-09 15:50:01,006 INFO o.a.j.r.Summariser: summary +      6 in 00:00:27 =    0.2/s Avg: 31754 Min:    24 Max: 190378 Err:     0 (0.00%) Active: 12 Started: 68 Finished: 56
2026-10-09 15:50:01,006 INFO o.a.j.r.Summariser: summary =     57 in 00:03:58 =    0.2/s Avg: 10097 Min:    20 Max: 190378 Err:     0 (0.00%)
2026-10-09 15:50:01,007 INFO o.a.j.t.JMeterThread: Thread is done: Ticket intake 1-4
2026-10-09 15:50:01,007 INFO o.a.j.t.JMeterThread: Thread finished: Ticket intake 1-4
2026-10-09 15:50:01,115 INFO o.a.j.t.JMeterThread: Thread started: Agent search 2-54
2026-10-09 15:50:01,151 INFO o.a.j.t.JMeterThread: Thread is done: Agent search 2-54
2026-10-09 15:50:01,151 INFO o.a.j.t.JMeterThread: Thread finished: Agent search 2-54
2026-10-09 15:50:02,212 INFO o.a.j.t.JMeterThread: Thread started: Agent search 2-55
2026-10-09 15:50:02,248 INFO o.a.j.t.JMeterThread: Thread is done: Agent search 2-55
2026-10-09 15:50:02,248 INFO o.a.j.t.JMeterThread: Thread finished: Agent search 2-55
2026-10-09 15:50:05,941 INFO o.a.j.t.JMeterThread: Thread started: Ticket intake 1-16
2026-10-09 15:50:10,046 INFO o.a.j.t.JMeterThread: Thread started: Agent search 2-56
2026-10-09 15:50:10,082 INFO o.a.j.t.JMeterThread: Thread is done: Agent search 2-56
2026-10-09 15:50:10,082 INFO o.a.j.t.JMeterThread: Thread finished: Agent search 2-56
2026-10-09 15:50:12,044 INFO o.a.j.t.JMeterThread: Thread started: Ticket intake 1-17
2026-10-09 15:50:13,044 INFO o.a.j.t.JMeterThread: Thread started: Agent search 2-57
2026-10-09 15:50:13,074 INFO o.a.j.t.JMeterThread: Thread is done: Agent search 2-57
2026-10-09 15:50:13,074 INFO o.a.j.t.JMeterThread: Thread finished: Agent search 2-57
2026-10-09 15:50:13,597 INFO o.a.j.t.JMeterThread: Thread started: Agent search 2-58
2026-10-09 15:50:13,621 INFO o.a.j.t.JMeterThread: Thread is done: Agent search 2-58
2026-10-09 15:50:13,621 INFO o.a.j.t.JMeterThread: Thread finished: Agent search 2-58
2026-10-09 15:50:17,862 INFO o.a.j.t.JMeterThread: Thread started: Agent search 2-59
2026-10-09 15:50:17,890 INFO o.a.j.t.JMeterThread: Thread is done: Agent search 2-59
2026-10-09 15:50:17,890 INFO o.a.j.t.JMeterThread: Thread finished: Agent search 2-59
2026-10-09 15:50:28,216 INFO o.a.j.t.JMeterThread: Thread started: Agent search 2-60
2026-10-09 15:50:28,239 INFO o.a.j.t.JMeterThread: Thread is done: Agent search 2-60
2026-10-09 15:50:28,239 INFO o.a.j.t.JMeterThread: Thread finished: Agent search 2-60
2026-10-09 15:50:31,371 INFO o.a.j.t.JMeterThread: Thread started: Agent search 2-61
2026-10-09 15:50:31,419 INFO o.a.j.r.Summariser: summary +      8 in 00:00:30 =    0.3/s Avg:    30 Min:    22 Max:    44 Err:     0 (0.00%) Active: 14 Started: 78 Finished: 64
2026-10-09 15:50:31,419 INFO o.a.j.r.Summariser: summary =     65 in 00:04:28 =    0.2/s Avg:  8858 Min:    20 Max: 190378 Err:     0 (0.00%)
2026-10-09 15:50:31,419 INFO o.a.j.t.JMeterThread: Thread is done: Agent search 2-61
2026-10-09 15:50:31,419 INFO o.a.j.t.JMeterThread: Thread finished: Agent search 2-61
2026-10-09 15:50:32,421 INFO o.a.j.t.JMeterThread: Thread started: Agent search 2-62
2026-10-09 15:50:32,448 INFO o.a.j.t.JMeterThread: Thread is done: Agent search 2-62
2026-10-09 15:50:32,448 INFO o.a.j.t.JMeterThread: Thread finished: Agent search 2-62
2026-10-09 15:50:33,598 INFO o.a.j.t.JMeterThread: Thread started: Ticket intake 1-18
2026-10-09 15:50:35,260 INFO o.a.j.t.JMeterThread: Thread started: Agent search 2-63
2026-10-09 15:50:35,290 INFO o.a.j.t.JMeterThread: Thread is done: Agent search 2-63
2026-10-09 15:50:35,290 INFO o.a.j.t.JMeterThread: Thread finished: Agent search 2-63
2026-10-09 15:50:37,123 INFO o.a.j.t.JMeterThread: Thread started: Agent search 2-64
2026-10-09 15:50:37,150 INFO o.a.j.t.JMeterThread: Thread is done: Agent search 2-64
2026-10-09 15:50:37,150 INFO o.a.j.t.JMeterThread: Thread finished: Agent search 2-64
2026-10-09 15:50:40,870 INFO o.a.j.t.JMeterThread: Thread started: Agent search 2-65
2026-10-09 15:50:40,897 INFO o.a.j.t.JMeterThread: Thread is done: Agent search 2-65
2026-10-09 15:50:40,897 INFO o.a.j.t.JMeterThread: Thread finished: Agent search 2-65
2026-10-09 15:50:42,923 INFO o.a.j.t.JMeterThread: Thread started: Agent search 2-66
2026-10-09 15:50:42,947 INFO o.a.j.t.JMeterThread: Thread is done: Agent search 2-66
2026-10-09 15:50:42,947 INFO o.a.j.t.JMeterThread: Thread finished: Agent search 2-66
2026-10-09 15:50:48,586 INFO o.a.j.t.JMeterThread: Thread started: Agent search 2-67
2026-10-09 15:50:48,622 INFO o.a.j.t.JMeterThread: Thread is done: Agent search 2-67
2026-10-09 15:50:48,622 INFO o.a.j.t.JMeterThread: Thread finished: Agent search 2-67
2026-10-09 15:50:54,354 INFO o.a.j.t.JMeterThread: Thread started: Ticket intake 1-19
2026-10-09 15:50:56,373 INFO o.a.j.t.JMeterThread: Thread started: Ticket intake 1-20
2026-10-09 15:51:00,083 INFO o.a.j.t.JMeterThread: Thread started: Agent search 2-68
2026-10-09 15:51:00,113 INFO o.a.j.r.Summariser: summary +      7 in 00:00:29 =    0.2/s Avg:    26 Min:    21 Max:    34 Err:     0 (0.00%) Active: 17 Started: 88 Finished: 71
2026-10-09 15:51:00,113 INFO o.a.j.r.Summariser: summary =     72 in 00:04:57 =    0.2/s Avg:  8000 Min:    20 Max: 190378 Err:     0 (0.00%)
2026-10-09 15:51:00,113 INFO o.a.j.t.JMeterThread: Thread is done: Agent search 2-68
2026-10-09 15:51:00,113 INFO o.a.j.t.JMeterThread: Thread finished: Agent search 2-68
2026-10-09 15:51:04,899 INFO o.a.j.t.JMeterThread: Thread started: Agent search 2-69
2026-10-09 15:51:04,925 INFO o.a.j.t.JMeterThread: Thread is done: Agent search 2-69
2026-10-09 15:51:04,925 INFO o.a.j.t.JMeterThread: Thread finished: Agent search 2-69
2026-10-09 15:51:07,101 INFO o.a.j.t.JMeterThread: Thread started: Agent search 2-70
2026-10-09 15:51:07,131 INFO o.a.j.t.JMeterThread: Thread is done: Agent search 2-70
2026-10-09 15:51:07,131 INFO o.a.j.t.JMeterThread: Thread finished: Agent search 2-70
2026-10-09 15:51:07,727 INFO o.a.j.t.JMeterThread: Thread started: Ticket intake 1-21
2026-10-09 15:51:09,048 INFO o.a.j.t.JMeterThread: Thread started: Agent search 2-71
2026-10-09 15:51:09,074 INFO o.a.j.t.JMeterThread: Thread is done: Agent search 2-71
2026-10-09 15:51:09,074 INFO o.a.j.t.JMeterThread: Thread finished: Agent search 2-71
2026-10-09 15:51:11,082 INFO o.a.j.t.JMeterThread: Thread started: Agent search 2-72
2026-10-09 15:51:11,105 INFO o.a.j.t.JMeterThread: Thread is done: Agent search 2-72
2026-10-09 15:51:11,105 INFO o.a.j.t.JMeterThread: Thread finished: Agent search 2-72
2026-10-09 15:51:11,608 INFO o.a.j.t.JMeterThread: Thread started: Agent search 2-73
2026-10-09 15:51:11,635 INFO o.a.j.t.JMeterThread: Thread is done: Agent search 2-73
2026-10-09 15:51:11,635 INFO o.a.j.t.JMeterThread: Thread finished: Agent search 2-73
2026-10-09 15:51:14,634 INFO o.a.j.t.JMeterThread: Thread started: Ticket intake 1-22
2026-10-09 15:51:18,285 INFO o.a.j.t.JMeterThread: Thread started: Agent search 2-74
2026-10-09 15:51:18,314 INFO o.a.j.t.JMeterThread: Thread is done: Agent search 2-74
2026-10-09 15:51:18,314 INFO o.a.j.t.JMeterThread: Thread finished: Agent search 2-74
2026-10-09 15:51:19,061 INFO o.a.j.t.JMeterThread: Thread started: Ticket intake 1-23
2026-10-09 15:51:19,892 INFO o.a.j.t.JMeterThread: Thread started: Agent search 2-75
2026-10-09 15:51:19,922 INFO o.a.j.t.JMeterThread: Thread is done: Agent search 2-75
2026-10-09 15:51:19,922 INFO o.a.j.t.JMeterThread: Thread finished: Agent search 2-75
2026-10-09 15:51:22,866 INFO o.a.j.t.JMeterThread: Thread started: Agent search 2-76
2026-10-09 15:51:22,896 INFO o.a.j.t.JMeterThread: Thread is done: Agent search 2-76
2026-10-09 15:51:22,896 INFO o.a.j.t.JMeterThread: Thread finished: Agent search 2-76
2026-10-09 15:51:25,599 INFO o.a.j.t.JMeterThread: Thread started: Agent search 2-77
2026-10-09 15:51:25,655 INFO o.a.j.t.JMeterThread: Thread is done: Agent search 2-77
2026-10-09 15:51:25,655 INFO o.a.j.t.JMeterThread: Thread finished: Agent search 2-77
2026-10-09 15:51:27,521 INFO o.a.j.t.JMeterThread: Thread started: Agent search 2-78
2026-10-09 15:51:27,546 INFO o.a.j.t.JMeterThread: Thread is done: Agent search 2-78
2026-10-09 15:51:27,546 INFO o.a.j.t.JMeterThread: Thread finished: Agent search 2-78
2026-10-09 15:51:28,240 INFO o.a.j.t.JMeterThread: Thread started: Agent search 2-79
2026-10-09 15:51:28,265 INFO o.a.j.t.JMeterThread: Thread is done: Agent search 2-79
2026-10-09 15:51:28,265 INFO o.a.j.t.JMeterThread: Thread finished: Agent search 2-79
2026-10-09 15:51:36,082 INFO o.a.j.t.JMeterThread: Thread started: Agent search 2-80
2026-10-09 15:51:36,105 INFO o.a.j.t.JMeterThread: Thread is done: Agent search 2-80
2026-10-09 15:51:36,105 INFO o.a.j.t.JMeterThread: Thread finished: Agent search 2-80
2026-10-09 15:51:37,005 INFO o.a.j.t.JMeterThread: Thread started: Ticket intake 1-24
2026-10-09 15:51:37,919 INFO o.a.j.t.JMeterThread: Thread started: Agent search 2-81
2026-10-09 15:51:37,960 INFO o.a.j.t.JMeterThread: Thread is done: Agent search 2-81
2026-10-09 15:51:37,960 INFO o.a.j.t.JMeterThread: Thread finished: Agent search 2-81
2026-10-09 15:51:43,234 INFO o.a.j.t.JMeterThread: Thread started: Ticket intake 1-25
2026-10-09 15:51:45,199 INFO o.a.j.t.JMeterThread: Thread started: Agent search 2-82
2026-10-09 15:51:45,244 INFO o.a.j.t.JMeterThread: Thread is done: Agent search 2-82
2026-10-09 15:51:45,244 INFO o.a.j.t.JMeterThread: Thread finished: Agent search 2-82
2026-10-09 15:51:58,931 INFO o.a.j.t.JMeterThread: Thread started: Agent search 2-83
2026-10-09 15:51:58,964 INFO o.a.j.t.JMeterThread: Thread is done: Agent search 2-83
2026-10-09 15:51:58,964 INFO o.a.j.t.JMeterThread: Thread finished: Agent search 2-83
2026-10-09 15:52:02,857 INFO o.a.j.t.JMeterThread: Thread started: Agent search 2-84
2026-10-09 15:52:02,882 INFO o.a.j.r.Summariser: summary +     16 in 00:01:03 =    0.3/s Avg:    29 Min:    20 Max:    54 Err:     0 (0.00%) Active: 22 Started: 109 Finished: 87
2026-10-09 15:52:02,883 INFO o.a.j.r.Summariser: summary =     88 in 00:06:00 =    0.2/s Avg:  6550 Min:    20 Max: 190378 Err:     0 (0.00%)
2026-10-09 15:52:02,883 INFO o.a.j.t.JMeterThread: Thread is done: Agent search 2-84
2026-10-09 15:52:02,883 INFO o.a.j.t.JMeterThread: Thread finished: Agent search 2-84
2026-10-09 15:52:06,129 INFO o.a.j.t.JMeterThread: Thread is done: Ticket intake 1-5
2026-10-09 15:52:06,129 INFO o.a.j.t.JMeterThread: Thread finished: Ticket intake 1-5
2026-10-09 15:52:08,830 INFO o.a.j.t.JMeterThread: Thread started: Agent search 2-85
2026-10-09 15:52:08,864 INFO o.a.j.t.JMeterThread: Thread is done: Agent search 2-85
2026-10-09 15:52:08,864 INFO o.a.j.t.JMeterThread: Thread finished: Agent search 2-85
2026-10-09 15:52:11,910 INFO o.a.j.t.JMeterThread: Thread started: Ticket intake 1-26
2026-10-09 15:52:14,190 INFO o.a.j.t.JMeterThread: Thread started: Ticket intake 1-27
2026-10-09 15:52:14,669 INFO o.a.j.t.JMeterThread: Thread started: Ticket intake 1-28
2026-10-09 15:52:17,597 INFO o.a.j.t.JMeterThread: Thread started: Agent search 2-86
2026-10-09 15:52:17,623 INFO o.a.j.t.JMeterThread: Thread is done: Agent search 2-86
2026-10-09 15:52:17,624 INFO o.a.j.t.JMeterThread: Thread finished: Agent search 2-86
2026-10-09 15:52:18,445 INFO o.a.j.t.JMeterThread: Thread started: Agent search 2-87
2026-10-09 15:52:18,482 INFO o.a.j.t.JMeterThread: Thread is done: Agent search 2-87
2026-10-09 15:52:18,482 INFO o.a.j.t.JMeterThread: Thread finished: Agent search 2-87
2026-10-09 15:52:18,909 INFO o.a.j.t.JMeterThread: Thread started: Agent search 2-88
2026-10-09 15:52:18,934 INFO o.a.j.t.JMeterThread: Thread is done: Agent search 2-88
2026-10-09 15:52:18,935 INFO o.a.j.t.JMeterThread: Thread finished: Agent search 2-88
2026-10-09 15:52:21,694 INFO o.a.j.t.JMeterThread: Thread started: Agent search 2-89
2026-10-09 15:52:21,717 INFO o.a.j.t.JMeterThread: Thread is done: Agent search 2-89
2026-10-09 15:52:21,717 INFO o.a.j.t.JMeterThread: Thread finished: Agent search 2-89
2026-10-09 15:52:24,704 INFO o.a.j.t.JMeterThread: Thread started: Agent search 2-90
2026-10-09 15:52:24,738 INFO o.a.j.t.JMeterThread: Thread is done: Agent search 2-90
2026-10-09 15:52:24,738 INFO o.a.j.t.JMeterThread: Thread finished: Agent search 2-90
2026-10-09 15:52:26,941 INFO o.a.j.t.JMeterThread: Thread started: Agent search 2-91
2026-10-09 15:52:26,967 INFO o.a.j.t.JMeterThread: Thread is done: Agent search 2-91
2026-10-09 15:52:26,968 INFO o.a.j.t.JMeterThread: Thread finished: Agent search 2-91
2026-10-09 15:52:27,505 INFO o.a.j.t.JMeterThread: Thread started: Ticket intake 1-29
2026-10-09 15:52:28,808 INFO o.a.j.t.JMeterThread: Thread started: Ticket intake 1-30
2026-10-09 15:52:32,441 INFO o.a.j.t.JMeterThread: Thread started: Ticket intake 1-31
2026-10-09 15:52:33,609 INFO o.a.j.t.JMeterThread: Thread started: Agent search 2-92
2026-10-09 15:52:33,635 INFO o.a.j.r.Summariser: summary +      9 in 00:00:31 =    0.3/s Avg: 32295 Min:    21 Max: 290442 Err:     0 (0.00%) Active: 27 Started: 123 Finished: 96
2026-10-09 15:52:33,635 INFO o.a.j.r.Summariser: summary =     97 in 00:06:31 =    0.2/s Avg:  8939 Min:    20 Max: 290442 Err:     0 (0.00%)
2026-10-09 15:52:33,635 INFO o.a.j.t.JMeterThread: Thread is done: Agent search 2-92
2026-10-09 15:52:33,635 INFO o.a.j.t.JMeterThread: Thread finished: Agent search 2-92
2026-10-09 15:52:38,055 INFO o.a.j.t.JMeterThread: Thread started: Agent search 2-93
2026-10-09 15:52:38,087 INFO o.a.j.t.JMeterThread: Thread is done: Agent search 2-93
2026-10-09 15:52:38,087 INFO o.a.j.t.JMeterThread: Thread finished: Agent search 2-93
2026-10-09 15:52:45,195 INFO o.a.j.t.JMeterThread: Thread started: Agent search 2-94
2026-10-09 15:52:45,222 INFO o.a.j.t.JMeterThread: Thread is done: Agent search 2-94
2026-10-09 15:52:45,224 INFO o.a.j.t.JMeterThread: Thread finished: Agent search 2-94
2026-10-09 15:52:48,525 INFO o.a.j.t.JMeterThread: Thread started: Agent search 2-95
2026-10-09 15:52:48,624 INFO o.a.j.t.JMeterThread: Thread is done: Agent search 2-95
2026-10-09 15:52:48,624 INFO o.a.j.t.JMeterThread: Thread finished: Agent search 2-95
2026-10-09 15:52:49,376 INFO o.a.j.t.JMeterThread: Thread started: Agent search 2-96
2026-10-09 15:52:49,413 INFO o.a.j.t.JMeterThread: Thread is done: Agent search 2-96
2026-10-09 15:52:49,413 INFO o.a.j.t.JMeterThread: Thread finished: Agent search 2-96
2026-10-09 15:52:52,449 INFO o.a.j.t.JMeterThread: Thread started: Agent search 2-97
2026-10-09 15:52:52,473 INFO o.a.j.t.JMeterThread: Thread is done: Agent search 2-97
2026-10-09 15:52:52,473 INFO o.a.j.t.JMeterThread: Thread finished: Agent search 2-97
2026-10-09 15:53:05,169 INFO o.a.j.t.JMeterThread: Thread started: Agent search 2-98
2026-10-09 15:53:05,198 INFO o.a.j.r.Summariser: summary +      6 in 00:00:32 =    0.2/s Avg:    39 Min:    23 Max:    97 Err:     0 (0.00%) Active: 27 Started: 129 Finished: 102
2026-10-09 15:53:05,199 INFO o.a.j.r.Summariser: summary =    103 in 00:07:02 =    0.2/s Avg:  8421 Min:    20 Max: 290442 Err:     0 (0.00%)
2026-10-09 15:53:05,199 INFO o.a.j.t.JMeterThread: Thread is done: Agent search 2-98
2026-10-09 15:53:05,199 INFO o.a.j.t.JMeterThread: Thread finished: Agent search 2-98
2026-10-09 15:53:08,570 INFO o.a.j.t.JMeterThread: Thread started: Agent search 2-99
2026-10-09 15:53:08,599 INFO o.a.j.t.JMeterThread: Thread is done: Agent search 2-99
2026-10-09 15:53:08,599 INFO o.a.j.t.JMeterThread: Thread finished: Agent search 2-99
2026-10-09 15:53:12,854 INFO o.a.j.t.JMeterThread: Thread started: Ticket intake 1-32
2026-10-09 15:53:13,833 INFO o.a.j.t.JMeterThread: Thread started: Ticket intake 1-33
2026-10-09 15:53:14,099 INFO o.a.j.t.JMeterThread: Thread started: Agent search 2-100
2026-10-09 15:53:14,122 INFO o.a.j.t.JMeterThread: Thread is done: Agent search 2-100
2026-10-09 15:53:14,122 INFO o.a.j.t.JMeterThread: Thread finished: Agent search 2-100
2026-10-09 15:53:16,006 INFO o.a.j.t.JMeterThread: Thread started: Agent search 2-101
2026-10-09 15:53:16,042 INFO o.a.j.t.JMeterThread: Thread is done: Agent search 2-101
2026-10-09 15:53:16,042 INFO o.a.j.t.JMeterThread: Thread finished: Agent search 2-101
2026-10-09 15:53:19,971 INFO o.a.j.t.JMeterThread: Thread started: Agent search 2-102
2026-10-09 15:53:19,994 INFO o.a.j.t.JMeterThread: Thread is done: Agent search 2-102
2026-10-09 15:53:19,994 INFO o.a.j.t.JMeterThread: Thread finished: Agent search 2-102
2026-10-09 15:53:21,774 INFO o.a.j.t.JMeterThread: Thread started: Agent search 2-103
2026-10-09 15:53:21,801 INFO o.a.j.t.JMeterThread: Thread is done: Agent search 2-103
2026-10-09 15:53:21,801 INFO o.a.j.t.JMeterThread: Thread finished: Agent search 2-103
2026-10-09 15:53:26,488 INFO o.a.j.t.JMeterThread: Thread started: Agent search 2-104
2026-10-09 15:53:26,517 INFO o.a.j.t.JMeterThread: Thread is done: Agent search 2-104
2026-10-09 15:53:26,517 INFO o.a.j.t.JMeterThread: Thread finished: Agent search 2-104
2026-10-09 15:53:28,201 INFO o.a.j.t.JMeterThread: Thread is done: Ticket intake 1-6
2026-10-09 15:53:28,201 INFO o.a.j.t.JMeterThread: Thread finished: Ticket intake 1-6
2026-10-09 15:53:30,083 INFO o.a.j.t.JMeterThread: Thread started: Agent search 2-105
2026-10-09 15:53:30,122 INFO o.a.j.r.Summariser: summary +      8 in 00:00:25 =    0.3/s Avg: 46383 Min:    22 Max: 370876 Err:     0 (0.00%) Active: 28 Started: 138 Finished: 110
2026-10-09 15:53:30,123 INFO o.a.j.r.Summariser: summary =    111 in 00:07:27 =    0.2/s Avg: 11157 Min:    20 Max: 370876 Err:     0 (0.00%)
2026-10-09 15:53:30,123 INFO o.a.j.t.JMeterThread: Thread is done: Agent search 2-105
2026-10-09 15:53:30,123 INFO o.a.j.t.JMeterThread: Thread finished: Agent search 2-105
2026-10-09 15:53:42,826 INFO o.a.j.t.JMeterThread: Thread started: Agent search 2-106
2026-10-09 15:53:42,850 INFO o.a.j.t.JMeterThread: Thread is done: Agent search 2-106
2026-10-09 15:53:42,850 INFO o.a.j.t.JMeterThread: Thread finished: Agent search 2-106
2026-10-09 15:53:45,327 INFO o.a.j.t.JMeterThread: Thread started: Agent search 2-107
2026-10-09 15:53:45,349 INFO o.a.j.t.JMeterThread: Thread is done: Agent search 2-107
2026-10-09 15:53:45,349 INFO o.a.j.t.JMeterThread: Thread finished: Agent search 2-107
2026-10-09 15:53:49,116 INFO o.a.j.t.JMeterThread: Thread started: Agent search 2-108
2026-10-09 15:53:49,140 INFO o.a.j.t.JMeterThread: Thread is done: Agent search 2-108
2026-10-09 15:53:49,140 INFO o.a.j.t.JMeterThread: Thread finished: Agent search 2-108
2026-10-09 15:53:49,362 INFO o.a.j.t.JMeterThread: Thread started: Agent search 2-109
2026-10-09 15:53:49,389 INFO o.a.j.t.JMeterThread: Thread is done: Agent search 2-109
2026-10-09 15:53:49,389 INFO o.a.j.t.JMeterThread: Thread finished: Agent search 2-109
2026-10-09 15:53:52,544 INFO o.a.j.t.JMeterThread: Thread started: Ticket intake 1-34
2026-10-09 15:53:52,646 INFO o.a.j.t.JMeterThread: Thread started: Agent search 2-110
2026-10-09 15:53:52,677 INFO o.a.j.t.JMeterThread: Thread is done: Agent search 2-110
2026-10-09 15:53:52,677 INFO o.a.j.t.JMeterThread: Thread finished: Agent search 2-110
2026-10-09 15:53:57,070 INFO o.a.j.t.JMeterThread: Thread is done: Ticket intake 1-7
2026-10-09 15:53:57,070 INFO o.a.j.t.JMeterThread: Thread finished: Ticket intake 1-7
2026-10-09 15:53:57,494 INFO o.a.j.t.JMeterThread: Thread started: Agent search 2-111
2026-10-09 15:53:57,532 INFO o.a.j.t.JMeterThread: Thread is done: Agent search 2-111
2026-10-09 15:53:57,532 INFO o.a.j.t.JMeterThread: Thread finished: Agent search 2-111
2026-10-09 15:53:58,479 INFO o.a.j.t.JMeterThread: Thread started: Agent search 2-112
2026-10-09 15:53:58,503 INFO o.a.j.t.JMeterThread: Thread is done: Agent search 2-112
2026-10-09 15:53:58,503 INFO o.a.j.t.JMeterThread: Thread finished: Agent search 2-112
2026-10-09 15:54:13,959 INFO o.a.j.t.JMeterThread: Thread started: Agent search 2-113
2026-10-09 15:54:13,987 INFO o.a.j.t.JMeterThread: Thread is done: Agent search 2-113
2026-10-09 15:54:13,987 INFO o.a.j.t.JMeterThread: Thread finished: Agent search 2-113
2026-10-09 15:54:14,282 INFO o.a.j.t.JMeterThread: Thread started: Ticket intake 1-35
2026-10-09 15:54:20,686 INFO o.a.j.t.JMeterThread: Thread started: Agent search 2-114
2026-10-09 15:54:20,711 INFO o.a.j.t.JMeterThread: Thread is done: Agent search 2-114
2026-10-09 15:54:20,711 INFO o.a.j.t.JMeterThread: Thread finished: Agent search 2-114
2026-10-09 15:54:20,890 INFO o.a.j.t.JMeterThread: Thread started: Agent search 2-115
2026-10-09 15:54:20,916 INFO o.a.j.t.JMeterThread: Thread is done: Agent search 2-115
2026-10-09 15:54:20,916 INFO o.a.j.t.JMeterThread: Thread finished: Agent search 2-115
2026-10-09 15:54:22,327 INFO o.a.j.t.JMeterThread: Thread started: Agent search 2-116
2026-10-09 15:54:22,350 INFO o.a.j.t.JMeterThread: Thread is done: Agent search 2-116
2026-10-09 15:54:22,350 INFO o.a.j.t.JMeterThread: Thread finished: Agent search 2-116
2026-10-09 15:54:22,731 INFO o.a.j.t.JMeterThread: Thread started: Ticket intake 1-36
2026-10-09 15:54:25,034 INFO o.a.j.t.JMeterThread: Thread started: Ticket intake 1-37
2026-10-09 15:54:25,569 INFO o.a.j.t.JMeterThread: Thread started: Agent search 2-117
2026-10-09 15:54:25,595 INFO o.a.j.t.JMeterThread: Thread is done: Agent search 2-117
2026-10-09 15:54:25,596 INFO o.a.j.t.JMeterThread: Thread finished: Agent search 2-117
2026-10-09 15:54:27,785 INFO o.a.j.t.JMeterThread: Thread started: Agent search 2-118
2026-10-09 15:54:27,812 INFO o.a.j.t.JMeterThread: Thread is done: Agent search 2-118
2026-10-09 15:54:27,812 INFO o.a.j.t.JMeterThread: Thread finished: Agent search 2-118
2026-10-09 15:54:32,199 INFO o.a.j.t.JMeterThread: Thread started: Agent search 2-119
2026-10-09 15:54:32,218 INFO o.a.j.r.Summariser: summary +     15 in 00:01:02 =    0.2/s Avg: 26540 Min:    18 Max: 397761 Err:     0 (0.00%) Active: 31 Started: 156 Finished: 125
2026-10-09 15:54:32,219 INFO o.a.j.r.Summariser: summary =    126 in 00:08:29 =    0.2/s Avg: 12988 Min:    18 Max: 397761 Err:     0 (0.00%)
2026-10-09 15:54:32,219 INFO o.a.j.t.JMeterThread: Thread is done: Agent search 2-119
2026-10-09 15:54:32,219 INFO o.a.j.t.JMeterThread: Thread finished: Agent search 2-119
2026-10-09 15:54:38,780 INFO o.a.j.t.JMeterThread: Thread started: Agent search 2-120
2026-10-09 15:54:38,809 INFO o.a.j.t.JMeterThread: Thread is done: Agent search 2-120
2026-10-09 15:54:38,809 INFO o.a.j.t.JMeterThread: Thread finished: Agent search 2-120
2026-10-09 15:54:41,574 INFO o.a.j.t.JMeterThread: Thread started: Agent search 2-121
2026-10-09 15:54:41,598 INFO o.a.j.t.JMeterThread: Thread is done: Agent search 2-121
2026-10-09 15:54:41,598 INFO o.a.j.t.JMeterThread: Thread finished: Agent search 2-121
2026-10-09 15:54:42,555 INFO o.a.j.t.JMeterThread: Thread is done: Ticket intake 1-8
2026-10-09 15:54:42,555 INFO o.a.j.t.JMeterThread: Thread finished: Ticket intake 1-8
2026-10-09 15:54:44,889 INFO o.a.j.t.JMeterThread: Thread started: Agent search 2-122
2026-10-09 15:54:44,917 INFO o.a.j.t.JMeterThread: Thread is done: Agent search 2-122
2026-10-09 15:54:44,917 INFO o.a.j.t.JMeterThread: Thread finished: Agent search 2-122
2026-10-09 15:54:45,983 INFO o.a.j.t.JMeterThread: Thread started: Agent search 2-123
2026-10-09 15:54:46,020 INFO o.a.j.t.JMeterThread: Thread is done: Agent search 2-123
2026-10-09 15:54:46,020 INFO o.a.j.t.JMeterThread: Thread finished: Agent search 2-123
2026-10-09 15:54:50,837 INFO o.a.j.t.JMeterThread: Thread started: Agent search 2-124
2026-10-09 15:54:50,858 INFO o.a.j.t.JMeterThread: Thread is done: Agent search 2-124
2026-10-09 15:54:50,858 INFO o.a.j.t.JMeterThread: Thread finished: Agent search 2-124
2026-10-09 15:54:50,907 INFO o.a.j.t.JMeterThread: Thread started: Agent search 2-125
2026-10-09 15:54:50,932 INFO o.a.j.t.JMeterThread: Thread is done: Agent search 2-125
2026-10-09 15:54:50,932 INFO o.a.j.t.JMeterThread: Thread finished: Agent search 2-125
2026-10-09 15:54:53,089 INFO o.a.j.t.JMeterThread: Thread started: Agent search 2-126
2026-10-09 15:54:53,110 INFO o.a.j.t.JMeterThread: Thread is done: Agent search 2-126
2026-10-09 15:54:53,110 INFO o.a.j.t.JMeterThread: Thread finished: Agent search 2-126
2026-10-09 15:54:57,864 INFO o.a.j.t.JMeterThread: Thread started: Agent search 2-127
2026-10-09 15:54:57,948 INFO o.a.j.t.JMeterThread: Thread is done: Agent search 2-127
2026-10-09 15:54:57,948 INFO o.a.j.t.JMeterThread: Thread finished: Agent search 2-127
2026-10-09 15:54:59,002 INFO o.a.j.t.JMeterThread: Thread started: Agent search 2-128
2026-10-09 15:54:59,040 INFO o.a.j.t.JMeterThread: Thread is done: Agent search 2-128
2026-10-09 15:54:59,040 INFO o.a.j.t.JMeterThread: Thread finished: Agent search 2-128
2026-10-09 15:55:00,679 INFO o.a.j.t.JMeterThread: Thread started: Agent search 2-129
2026-10-09 15:55:00,709 INFO o.a.j.r.Summariser: summary +     11 in 00:00:28 =    0.4/s Avg: 38387 Min:    20 Max: 421940 Err:     0 (0.00%) Active: 30 Started: 166 Finished: 136
2026-10-09 15:55:00,709 INFO o.a.j.r.Summariser: summary =    137 in 00:08:58 =    0.3/s Avg: 15027 Min:    18 Max: 421940 Err:     0 (0.00%)
2026-10-09 15:55:00,710 INFO o.a.j.t.JMeterThread: Thread is done: Agent search 2-129
2026-10-09 15:55:00,710 INFO o.a.j.t.JMeterThread: Thread finished: Agent search 2-129
2026-10-09 15:55:02,955 INFO o.a.j.t.JMeterThread: Thread started: Agent search 2-130
2026-10-09 15:55:02,995 INFO o.a.j.t.JMeterThread: Thread is done: Agent search 2-130
2026-10-09 15:55:02,995 INFO o.a.j.t.JMeterThread: Thread finished: Agent search 2-130
2026-10-09 15:55:05,494 INFO o.a.j.t.JMeterThread: Thread started: Ticket intake 1-38
2026-10-09 15:55:09,534 INFO o.a.j.t.JMeterThread: Thread started: Ticket intake 1-39
2026-10-09 15:55:11,515 INFO o.a.j.t.JMeterThread: Thread started: Agent search 2-131
2026-10-09 15:55:11,540 INFO o.a.j.t.JMeterThread: Thread is done: Agent search 2-131
2026-10-09 15:55:11,540 INFO o.a.j.t.JMeterThread: Thread finished: Agent search 2-131
2026-10-09 15:55:13,516 INFO o.a.j.t.JMeterThread: Thread started: Agent search 2-132
2026-10-09 15:55:13,544 INFO o.a.j.t.JMeterThread: Thread is done: Agent search 2-132
2026-10-09 15:55:13,544 INFO o.a.j.t.JMeterThread: Thread finished: Agent search 2-132
2026-10-09 15:55:18,322 INFO o.a.j.t.JMeterThread: Thread is done: Ticket intake 1-9
2026-10-09 15:55:18,322 INFO o.a.j.t.JMeterThread: Thread finished: Ticket intake 1-9
2026-10-09 15:55:19,527 INFO o.a.j.t.JMeterThread: Thread started: Agent search 2-133
2026-10-09 15:55:19,560 INFO o.a.j.t.JMeterThread: Thread is done: Agent search 2-133
2026-10-09 15:55:19,560 INFO o.a.j.t.JMeterThread: Thread finished: Agent search 2-133
2026-10-09 15:55:20,158 INFO o.a.j.t.JMeterThread: Thread started: Agent search 2-134
2026-10-09 15:55:20,180 INFO o.a.j.t.JMeterThread: Thread is done: Agent search 2-134
2026-10-09 15:55:20,181 INFO o.a.j.t.JMeterThread: Thread finished: Agent search 2-134
2026-10-09 15:55:20,839 INFO o.a.j.t.JMeterThread: Thread started: Agent search 2-135
2026-10-09 15:55:20,878 INFO o.a.j.t.JMeterThread: Thread is done: Agent search 2-135
2026-10-09 15:55:20,878 INFO o.a.j.t.JMeterThread: Thread finished: Agent search 2-135
2026-10-09 15:55:22,140 INFO o.a.j.t.JMeterThread: Thread started: Agent search 2-136
2026-10-09 15:55:22,180 INFO o.a.j.t.JMeterThread: Thread is done: Agent search 2-136
2026-10-09 15:55:22,180 INFO o.a.j.t.JMeterThread: Thread finished: Agent search 2-136
2026-10-09 15:55:23,243 INFO o.a.j.t.JMeterThread: Thread started: Agent search 2-137
2026-10-09 15:55:23,264 INFO o.a.j.t.JMeterThread: Thread is done: Agent search 2-137
2026-10-09 15:55:23,264 INFO o.a.j.t.JMeterThread: Thread finished: Agent search 2-137
2026-10-09 15:55:24,487 INFO o.a.j.t.JMeterThread: Thread started: Ticket intake 1-40
2026-10-09 15:55:34,480 INFO o.a.j.t.JMeterThread: Thread started: Agent search 2-138
2026-10-09 15:55:34,508 INFO o.a.j.r.Summariser: summary +     10 in 00:00:34 =    0.3/s Avg: 44642 Min:    19 Max: 446159 Err:     0 (0.00%) Active: 32 Started: 178 Finished: 146
2026-10-09 15:55:34,508 INFO o.a.j.r.Summariser: summary =    147 in 00:09:32 =    0.3/s Avg: 17042 Min:    18 Max: 446159 Err:     0 (0.00%)
2026-10-09 15:55:34,508 INFO o.a.j.t.JMeterThread: Thread is done: Agent search 2-138
2026-10-09 15:55:34,509 INFO o.a.j.t.JMeterThread: Thread finished: Agent search 2-138
2026-10-09 15:55:38,183 INFO o.a.j.t.JMeterThread: Thread started: Ticket intake 1-41
2026-10-09 15:55:40,460 INFO o.a.j.t.JMeterThread: Thread started: Agent search 2-139
2026-10-09 15:55:40,492 INFO o.a.j.t.JMeterThread: Thread is done: Agent search 2-139
2026-10-09 15:55:40,492 INFO o.a.j.t.JMeterThread: Thread finished: Agent search 2-139
2026-10-09 15:55:42,864 INFO o.a.j.t.JMeterThread: Thread started: Agent search 2-140
2026-10-09 15:55:42,900 INFO o.a.j.t.JMeterThread: Thread is done: Agent search 2-140
2026-10-09 15:55:42,900 INFO o.a.j.t.JMeterThread: Thread finished: Agent search 2-140
2026-10-09 15:55:46,734 INFO o.a.j.t.JMeterThread: Thread started: Agent search 2-141
2026-10-09 15:55:46,762 INFO o.a.j.t.JMeterThread: Thread is done: Agent search 2-141
2026-10-09 15:55:46,762 INFO o.a.j.t.JMeterThread: Thread finished: Agent search 2-141
2026-10-09 15:55:50,303 INFO o.a.j.t.JMeterThread: Thread started: Agent search 2-142
2026-10-09 15:55:50,332 INFO o.a.j.t.JMeterThread: Thread is done: Agent search 2-142
2026-10-09 15:55:50,332 INFO o.a.j.t.JMeterThread: Thread finished: Agent search 2-142
2026-10-09 15:55:52,708 INFO o.a.j.t.JMeterThread: Thread started: Ticket intake 1-42
2026-10-09 15:55:54,727 INFO o.a.j.t.JMeterThread: Thread started: Ticket intake 1-43
2026-10-09 15:55:55,147 INFO o.a.j.t.JMeterThread: Thread started: Agent search 2-143
2026-10-09 15:55:55,179 INFO o.a.j.t.JMeterThread: Thread is done: Agent search 2-143
2026-10-09 15:55:55,179 INFO o.a.j.t.JMeterThread: Thread finished: Agent search 2-143
2026-10-09 15:55:56,979 INFO o.a.j.t.JMeterThread: Thread started: Ticket intake 1-44
2026-10-09 15:55:58,128 INFO o.a.j.t.JMeterThread: Thread started: Agent search 2-144
2026-10-09 15:55:58,252 INFO o.a.j.t.JMeterThread: Thread is done: Agent search 2-144
2026-10-09 15:55:58,252 INFO o.a.j.t.JMeterThread: Thread finished: Agent search 2-144
2026-10-09 15:56:02,539 INFO o.a.j.t.JMeterThread: Thread started: Agent search 2-145
2026-10-09 15:56:02,572 INFO o.a.j.r.Summariser: summary +      7 in 00:00:28 =    0.2/s Avg:    43 Min:    27 Max:   121 Err:     0 (0.00%) Active: 36 Started: 189 Finished: 153
2026-10-09 15:56:02,573 INFO o.a.j.r.Summariser: summary =    154 in 00:10:00 =    0.3/s Avg: 16269 Min:    18 Max: 446159 Err:     0 (0.00%)
2026-10-09 15:56:02,573 INFO o.a.j.t.JMeterThread: Thread is done: Agent search 2-145
2026-10-09 15:56:02,573 INFO o.a.j.t.JMeterThread: Thread finished: Agent search 2-145
2026-10-09 15:56:05,725 INFO o.a.j.t.JMeterThread: Thread started: Agent search 2-146
2026-10-09 15:56:05,752 INFO o.a.j.t.JMeterThread: Thread is done: Agent search 2-146
2026-10-09 15:56:05,752 INFO o.a.j.t.JMeterThread: Thread finished: Agent search 2-146
2026-10-09 15:56:12,366 INFO o.a.j.t.JMeterThread: Thread started: Agent search 2-147
2026-10-09 15:56:12,403 INFO o.a.j.t.JMeterThread: Thread is done: Agent search 2-147
2026-10-09 15:56:12,403 INFO o.a.j.t.JMeterThread: Thread finished: Agent search 2-147
2026-10-09 15:56:12,612 INFO o.a.j.t.JMeterThread: Thread started: Agent search 2-148
2026-10-09 15:56:12,632 INFO o.a.j.t.JMeterThread: Thread is done: Agent search 2-148
2026-10-09 15:56:12,632 INFO o.a.j.t.JMeterThread: Thread finished: Agent search 2-148
2026-10-09 15:56:14,026 INFO o.a.j.t.JMeterThread: Thread is done: Ticket intake 1-10
2026-10-09 15:56:14,026 INFO o.a.j.t.JMeterThread: Thread finished: Ticket intake 1-10
2026-10-09 15:56:15,863 INFO o.a.j.t.JMeterThread: Thread started: Agent search 2-149
2026-10-09 15:56:15,893 INFO o.a.j.t.JMeterThread: Thread is done: Agent search 2-149
2026-10-09 15:56:15,893 INFO o.a.j.t.JMeterThread: Thread finished: Agent search 2-149
2026-10-09 15:56:16,150 INFO o.a.j.t.JMeterThread: Thread started: Agent search 2-150
2026-10-09 15:56:16,187 INFO o.a.j.t.JMeterThread: Thread is done: Agent search 2-150
2026-10-09 15:56:16,187 INFO o.a.j.t.JMeterThread: Thread finished: Agent search 2-150
2026-10-09 15:56:18,487 INFO o.a.j.t.JMeterThread: Thread started: Agent search 2-151
2026-10-09 15:56:18,523 INFO o.a.j.t.JMeterThread: Thread is done: Agent search 2-151
2026-10-09 15:56:18,523 INFO o.a.j.t.JMeterThread: Thread finished: Agent search 2-151
2026-10-09 15:56:24,296 INFO o.a.j.t.JMeterThread: Thread started: Agent search 2-152
2026-10-09 15:56:24,322 INFO o.a.j.t.JMeterThread: Thread is done: Agent search 2-152
2026-10-09 15:56:24,323 INFO o.a.j.t.JMeterThread: Thread finished: Agent search 2-152
2026-10-09 15:56:25,322 INFO o.a.j.t.JMeterThread: Thread started: Agent search 2-153
2026-10-09 15:56:25,354 INFO o.a.j.t.JMeterThread: Thread is done: Agent search 2-153
2026-10-09 15:56:25,354 INFO o.a.j.t.JMeterThread: Thread finished: Agent search 2-153
2026-10-09 15:56:25,462 INFO o.a.j.t.JMeterThread: Thread started: Agent search 2-154
2026-10-09 15:56:25,501 INFO o.a.j.t.JMeterThread: Thread is done: Agent search 2-154
2026-10-09 15:56:25,501 INFO o.a.j.t.JMeterThread: Thread finished: Agent search 2-154
2026-10-09 15:56:30,401 INFO o.a.j.t.JMeterThread: Thread started: Agent search 2-155
2026-10-09 15:56:30,434 INFO o.a.j.r.Summariser: summary +     11 in 00:00:28 =    0.4/s Avg: 43018 Min:    19 Max: 472901 Err:     0 (0.00%) Active: 35 Started: 199 Finished: 164
2026-10-09 15:56:30,434 INFO o.a.j.r.Summariser: summary =    165 in 00:10:27 =    0.3/s Avg: 18052 Min:    18 Max: 472901 Err:     0 (0.00%)
2026-10-09 15:56:30,434 INFO o.a.j.t.JMeterThread: Thread is done: Agent search 2-155
2026-10-09 15:56:30,434 INFO o.a.j.t.JMeterThread: Thread finished: Agent search 2-155
2026-10-09 15:56:35,173 INFO o.a.j.t.JMeterThread: Thread started: Agent search 2-156
2026-10-09 15:56:35,203 INFO o.a.j.t.JMeterThread: Thread is done: Agent search 2-156
2026-10-09 15:56:35,203 INFO o.a.j.t.JMeterThread: Thread finished: Agent search 2-156
2026-10-09 15:56:38,656 INFO o.a.j.t.JMeterThread: Thread started: Agent search 2-157
2026-10-09 15:56:38,688 INFO o.a.j.t.JMeterThread: Thread is done: Agent search 2-157
2026-10-09 15:56:38,688 INFO o.a.j.t.JMeterThread: Thread finished: Agent search 2-157
2026-10-09 15:56:38,895 INFO o.a.j.t.JMeterThread: Thread started: Ticket intake 1-45
2026-10-09 15:56:39,638 INFO o.a.j.t.JMeterThread: Thread started: Agent search 2-158
2026-10-09 15:56:39,670 INFO o.a.j.t.JMeterThread: Thread is done: Agent search 2-158
2026-10-09 15:56:39,670 INFO o.a.j.t.JMeterThread: Thread finished: Agent search 2-158
2026-10-09 15:56:47,086 INFO o.a.j.t.JMeterThread: Thread started: Agent search 2-159
2026-10-09 15:56:47,116 INFO o.a.j.t.JMeterThread: Thread is done: Agent search 2-159
2026-10-09 15:56:47,116 INFO o.a.j.t.JMeterThread: Thread finished: Agent search 2-159
2026-10-09 15:56:47,849 INFO o.a.j.t.JMeterThread: Thread started: Ticket intake 1-46
2026-10-09 15:56:47,885 INFO o.a.j.t.JMeterThread: Thread started: Agent search 2-160
2026-10-09 15:56:47,905 INFO o.a.j.t.JMeterThread: Thread is done: Agent search 2-160
2026-10-09 15:56:47,905 INFO o.a.j.t.JMeterThread: Thread finished: Agent search 2-160
2026-10-09 15:56:48,626 INFO o.a.j.t.JMeterThread: Thread started: Agent search 2-161
2026-10-09 15:56:48,664 INFO o.a.j.t.JMeterThread: Thread is done: Agent search 2-161
2026-10-09 15:56:48,664 INFO o.a.j.t.JMeterThread: Thread finished: Agent search 2-161
2026-10-09 15:56:49,508 INFO o.a.j.t.JMeterThread: Thread started: Agent search 2-162
2026-10-09 15:56:49,531 INFO o.a.j.t.JMeterThread: Thread is done: Agent search 2-162
2026-10-09 15:56:49,531 INFO o.a.j.t.JMeterThread: Thread finished: Agent search 2-162
2026-10-09 15:56:55,061 INFO o.a.j.t.JMeterThread: Thread started: Agent search 2-163
2026-10-09 15:56:55,094 INFO o.a.j.t.JMeterThread: Thread is done: Agent search 2-163
2026-10-09 15:56:55,094 INFO o.a.j.t.JMeterThread: Thread finished: Agent search 2-163
2026-10-09 15:57:00,363 INFO o.a.j.t.JMeterThread: Thread started: Agent search 2-164
2026-10-09 15:57:00,390 INFO o.a.j.r.Summariser: summary +      9 in 00:00:30 =    0.3/s Avg:    28 Min:    19 Max:    36 Err:     0 (0.00%) Active: 37 Started: 210 Finished: 173
2026-10-09 15:57:00,390 INFO o.a.j.r.Summariser: summary =    174 in 00:10:57 =    0.3/s Avg: 17120 Min:    18 Max: 472901 Err:     0 (0.00%)
2026-10-09 15:57:00,391 INFO o.a.j.t.JMeterThread: Thread is done: Agent search 2-164
2026-10-09 15:57:00,391 INFO o.a.j.t.JMeterThread: Thread finished: Agent search 2-164
2026-10-09 15:57:09,893 INFO o.a.j.t.JMeterThread: Thread started: Agent search 2-165
2026-10-09 15:57:09,934 INFO o.a.j.t.JMeterThread: Thread is done: Agent search 2-165
2026-10-09 15:57:09,934 INFO o.a.j.t.JMeterThread: Thread finished: Agent search 2-165
2026-10-09 15:57:10,544 INFO o.a.j.t.JMeterThread: Thread started: Agent search 2-166
2026-10-09 15:57:10,582 INFO o.a.j.t.JMeterThread: Thread is done: Agent search 2-166
2026-10-09 15:57:10,582 INFO o.a.j.t.JMeterThread: Thread finished: Agent search 2-166
2026-10-09 15:57:15,603 INFO o.a.j.t.JMeterThread: Thread started: Ticket intake 1-47
2026-10-09 15:57:15,757 INFO o.a.j.t.JMeterThread: Thread started: Agent search 2-167
2026-10-09 15:57:15,813 INFO o.a.j.t.JMeterThread: Thread is done: Agent search 2-167
2026-10-09 15:57:15,813 INFO o.a.j.t.JMeterThread: Thread finished: Agent search 2-167
2026-10-09 15:57:16,456 INFO o.a.j.t.JMeterThread: Thread started: Agent search 2-168
2026-10-09 15:57:16,485 INFO o.a.j.t.JMeterThread: Thread is done: Agent search 2-168
2026-10-09 15:57:16,485 INFO o.a.j.t.JMeterThread: Thread finished: Agent search 2-168
2026-10-09 15:57:22,242 INFO o.a.j.t.JMeterThread: Thread started: Agent search 2-169
2026-10-09 15:57:22,273 INFO o.a.j.t.JMeterThread: Thread is done: Agent search 2-169
2026-10-09 15:57:22,273 INFO o.a.j.t.JMeterThread: Thread finished: Agent search 2-169
2026-10-09 15:57:24,332 INFO o.a.j.t.JMeterThread: Thread started: Agent search 2-170
2026-10-09 15:57:24,359 INFO o.a.j.t.JMeterThread: Thread is done: Agent search 2-170
2026-10-09 15:57:24,359 INFO o.a.j.t.JMeterThread: Thread finished: Agent search 2-170
2026-10-09 15:57:24,950 INFO o.a.j.t.JMeterThread: Thread started: Ticket intake 1-48
2026-10-09 15:57:26,111 INFO o.a.j.t.JMeterThread: Thread is done: Ticket intake 1-11
2026-10-09 15:57:26,111 INFO o.a.j.t.JMeterThread: Thread finished: Ticket intake 1-11
2026-10-09 15:57:32,059 INFO o.a.j.t.JMeterThread: Thread started: Ticket intake 1-49
2026-10-09 15:57:44,757 INFO o.a.j.t.JMeterThread: Thread started: Ticket intake 1-50
2026-10-09 15:57:47,317 INFO o.a.j.t.JMeterThread: Thread started: Agent search 2-171
2026-10-09 15:57:47,362 INFO o.a.j.t.JMeterThread: Thread is done: Agent search 2-171
2026-10-09 15:57:47,362 INFO o.a.j.t.JMeterThread: Thread finished: Agent search 2-171
2026-10-09 15:57:47,512 INFO o.a.j.t.JMeterThread: Thread started: Ticket intake 1-51
2026-10-09 15:57:52,477 INFO o.a.j.t.JMeterThread: Thread started: Agent search 2-172
2026-10-09 15:57:54,585 INFO o.a.j.t.JMeterThread: Thread started: Agent search 2-173
2026-10-09 15:58:03,956 INFO o.a.j.t.JMeterThread: Thread started: Agent search 2-174
2026-10-09 15:58:04,955 INFO o.a.j.t.JMeterThread: Thread started: Agent search 2-175
2026-10-09 15:58:07,678 INFO o.a.j.t.JMeterThread: Thread started: Agent search 2-176
2026-10-09 15:58:08,379 INFO o.a.j.t.JMeterThread: Thread started: Agent search 2-177
2026-10-09 15:58:09,507 INFO o.a.j.t.JMeterThread: Thread started: Agent search 2-178
2026-10-09 15:58:15,215 INFO o.a.j.t.JMeterThread: Thread started: Agent search 2-179
2026-10-09 15:58:16,377 INFO o.a.j.t.JMeterThread: Thread started: Agent search 2-180
2026-10-09 15:58:16,854 INFO o.a.j.t.JMeterThread: Thread started: Agent search 2-181
2026-10-09 15:58:18,153 INFO o.a.j.t.JMeterThread: Thread started: Agent search 2-182
2026-10-09 15:58:18,762 INFO o.a.j.t.JMeterThread: Thread started: Ticket intake 1-52
2026-10-09 15:58:24,476 INFO o.a.j.t.JMeterThread: Thread is done: Ticket intake 1-12
2026-10-09 15:58:24,476 INFO o.a.j.t.JMeterThread: Thread finished: Ticket intake 1-12
2026-10-09 15:58:24,476 INFO o.a.j.t.JMeterThread: Thread is done: Agent search 2-172
2026-10-09 15:58:24,476 INFO o.a.j.t.JMeterThread: Thread finished: Agent search 2-172
2026-10-09 15:58:24,476 INFO o.a.j.t.JMeterThread: Thread is done: Agent search 2-173
2026-10-09 15:58:24,476 INFO o.a.j.t.JMeterThread: Thread is done: Agent search 2-176
2026-10-09 15:58:24,476 INFO o.a.j.t.JMeterThread: Thread is done: Agent search 2-175
2026-10-09 15:58:24,476 INFO o.a.j.t.JMeterThread: Thread finished: Agent search 2-173
2026-10-09 15:58:24,476 INFO o.a.j.t.JMeterThread: Thread is done: Agent search 2-177
2026-10-09 15:58:24,476 INFO o.a.j.t.JMeterThread: Thread finished: Agent search 2-177
2026-10-09 15:58:24,476 INFO o.a.j.t.JMeterThread: Thread finished: Agent search 2-176
2026-10-09 15:58:24,476 INFO o.a.j.t.JMeterThread: Thread finished: Agent search 2-175
2026-10-09 15:58:24,476 INFO o.a.j.t.JMeterThread: Thread is done: Agent search 2-180
2026-10-09 15:58:24,476 INFO o.a.j.t.JMeterThread: Thread is done: Agent search 2-178
2026-10-09 15:58:24,476 INFO o.a.j.t.JMeterThread: Thread finished: Agent search 2-180
2026-10-09 15:58:24,476 INFO o.a.j.t.JMeterThread: Thread is done: Agent search 2-179
2026-10-09 15:58:24,476 INFO o.a.j.t.JMeterThread: Thread is done: Agent search 2-174
2026-10-09 15:58:24,476 INFO o.a.j.t.JMeterThread: Thread finished: Agent search 2-174
2026-10-09 15:58:24,476 INFO o.a.j.t.JMeterThread: Thread finished: Agent search 2-178
2026-10-09 15:58:24,476 INFO o.a.j.t.JMeterThread: Thread is done: Agent search 2-181
2026-10-09 15:58:24,477 INFO o.a.j.t.JMeterThread: Thread finished: Agent search 2-179
2026-10-09 15:58:24,477 INFO o.a.j.t.JMeterThread: Thread finished: Agent search 2-181
2026-10-09 15:58:24,478 INFO o.a.j.t.JMeterThread: Thread is done: Agent search 2-182
2026-10-09 15:58:24,478 INFO o.a.j.t.JMeterThread: Thread finished: Agent search 2-182
2026-10-09 15:58:27,125 INFO o.a.j.t.JMeterThread: Thread started: Agent search 2-183
2026-10-09 15:58:32,530 INFO o.a.j.t.JMeterThread: Thread started: Ticket intake 1-53
2026-10-09 15:58:32,730 INFO o.a.j.t.JMeterThread: Thread started: Ticket intake 1-54
2026-10-09 15:58:35,382 INFO o.a.j.t.JMeterThread: Thread started: Agent search 2-184
2026-10-09 15:58:35,608 INFO o.a.j.t.JMeterThread: Thread started: Agent search 2-185
2026-10-09 15:58:50,432 INFO o.a.j.t.JMeterThread: Thread started: Ticket intake 1-55
2026-10-09 15:58:54,477 INFO o.a.j.t.JMeterThread: Thread is done: Ticket intake 1-13
2026-10-09 15:58:54,477 INFO o.a.j.t.JMeterThread: Thread finished: Ticket intake 1-13
2026-10-09 15:58:54,477 INFO o.a.j.t.JMeterThread: Thread is done: Agent search 2-183
2026-10-09 15:58:54,477 INFO o.a.j.t.JMeterThread: Thread finished: Agent search 2-183
2026-10-09 15:58:59,584 INFO o.a.j.t.JMeterThread: Thread started: Agent search 2-186
2026-10-09 15:59:04,183 INFO o.a.j.t.JMeterThread: Thread started: Agent search 2-187
2026-10-09 15:59:04,481 INFO o.a.j.t.JMeterThread: Thread started: Agent search 2-188
2026-10-09 15:59:04,851 INFO o.a.j.t.JMeterThread: Thread started: Agent search 2-189
2026-10-09 15:59:18,356 INFO o.a.j.t.JMeterThread: Thread started: Ticket intake 1-56
2026-10-09 15:59:19,655 INFO o.a.j.t.JMeterThread: Thread started: Agent search 2-190
2026-10-09 15:59:20,003 INFO o.a.j.t.JMeterThread: Thread started: Agent search 2-191
2026-10-09 15:59:24,143 INFO o.a.j.t.JMeterThread: Thread started: Agent search 2-192
2026-10-09 15:59:26,387 INFO o.a.j.t.JMeterThread: Thread started: Agent search 2-193
2026-10-09 15:59:33,025 INFO o.a.j.t.JMeterThread: Thread started: Agent search 2-194
2026-10-09 15:59:37,445 INFO o.a.j.t.JMeterThread: Thread started: Agent search 2-195
2026-10-09 15:59:41,164 INFO o.a.j.t.JMeterThread: Thread is done: Ticket intake 1-14
2026-10-09 15:59:41,164 INFO o.a.j.t.JMeterThread: Thread finished: Ticket intake 1-14
2026-10-09 15:59:41,355 INFO o.a.j.t.JMeterThread: Thread started: Agent search 2-196
2026-10-09 15:59:41,631 INFO o.a.j.t.JMeterThread: Thread started: Agent search 2-197
2026-10-09 15:59:45,095 INFO o.a.j.t.JMeterThread: Thread started: Ticket intake 1-57
2026-10-09 15:59:48,967 INFO o.a.j.t.JMeterThread: Thread started: Agent search 2-198
2026-10-09 15:59:52,822 INFO o.a.j.t.JMeterThread: Thread started: Agent search 2-199
2026-10-09 15:59:55,834 INFO o.a.j.t.JMeterThread: Thread is done: Ticket intake 1-15
2026-10-09 15:59:55,834 INFO o.a.j.t.JMeterThread: Thread finished: Ticket intake 1-15
2026-10-09 15:59:55,837 INFO o.a.j.t.JMeterThread: Thread is done: Agent search 2-184
2026-10-09 15:59:55,837 INFO o.a.j.t.JMeterThread: Thread finished: Agent search 2-184
2026-10-09 15:59:55,841 INFO o.a.j.t.JMeterThread: Thread is done: Agent search 2-185
2026-10-09 15:59:55,841 INFO o.a.j.t.JMeterThread: Thread finished: Agent search 2-185
2026-10-09 15:59:58,180 INFO o.a.j.t.JMeterThread: Thread started: Agent search 2-200
2026-10-09 15:59:59,700 INFO o.a.j.t.JMeterThread: Thread started: Ticket intake 1-58
2026-10-09 16:00:01,727 INFO o.a.j.t.JMeterThread: Thread started: Ticket intake 1-59
2026-10-09 16:00:02,249 INFO o.a.j.t.JMeterThread: Thread started: Agent search 2-201
2026-10-09 16:00:04,903 INFO o.a.j.t.JMeterThread: Thread started: Agent search 2-202
2026-10-09 16:00:06,014 INFO o.a.j.t.JMeterThread: Thread is done: Ticket intake 1-16
2026-10-09 16:00:06,015 INFO o.a.j.t.JMeterThread: Thread finished: Ticket intake 1-16
2026-10-09 16:00:06,018 INFO o.a.j.t.JMeterThread: Thread is done: Agent search 2-186
2026-10-09 16:00:06,018 INFO o.a.j.t.JMeterThread: Thread finished: Agent search 2-186
2026-10-09 16:00:06,023 INFO o.a.j.t.JMeterThread: Thread is done: Agent search 2-187
2026-10-09 16:00:06,023 INFO o.a.j.t.JMeterThread: Thread finished: Agent search 2-187
2026-10-09 16:00:06,029 INFO o.a.j.t.JMeterThread: Thread is done: Agent search 2-189
2026-10-09 16:00:06,029 INFO o.a.j.t.JMeterThread: Thread is done: Agent search 2-188
2026-10-09 16:00:06,029 INFO o.a.j.t.JMeterThread: Thread finished: Agent search 2-189
2026-10-09 16:00:06,029 INFO o.a.j.t.JMeterThread: Thread finished: Agent search 2-188
2026-10-09 16:00:07,718 INFO o.a.j.t.JMeterThread: Thread started: Agent search 2-203
2026-10-09 16:00:07,924 INFO o.a.j.t.JMeterThread: Thread started: Agent search 2-204
2026-10-09 16:00:09,641 INFO o.a.j.t.JMeterThread: Thread started: Ticket intake 1-60
2026-10-09 16:00:12,123 INFO o.a.j.t.JMeterThread: Thread is done: Ticket intake 1-17
2026-10-09 16:00:12,123 INFO o.a.j.t.JMeterThread: Thread finished: Ticket intake 1-17
2026-10-09 16:00:12,126 INFO o.a.j.t.JMeterThread: Thread is done: Agent search 2-190
2026-10-09 16:00:12,126 INFO o.a.j.t.JMeterThread: Thread finished: Agent search 2-190
2026-10-09 16:00:12,131 INFO o.a.j.t.JMeterThread: Thread is done: Agent search 2-191
2026-10-09 16:00:12,131 INFO o.a.j.t.JMeterThread: Thread finished: Agent search 2-191
2026-10-09 16:00:12,131 INFO o.a.j.t.JMeterThread: Thread is done: Agent search 2-192
2026-10-09 16:00:12,131 INFO o.a.j.t.JMeterThread: Thread finished: Agent search 2-192
2026-10-09 16:00:12,134 INFO o.a.j.t.JMeterThread: Thread is done: Agent search 2-193
2026-10-09 16:00:12,134 INFO o.a.j.t.JMeterThread: Thread finished: Agent search 2-193
2026-10-09 16:00:12,137 INFO o.a.j.t.JMeterThread: Thread is done: Agent search 2-194
2026-10-09 16:00:12,137 INFO o.a.j.t.JMeterThread: Thread finished: Agent search 2-194
2026-10-09 16:00:12,138 INFO o.a.j.t.JMeterThread: Thread is done: Agent search 2-195
2026-10-09 16:00:12,138 INFO o.a.j.t.JMeterThread: Thread finished: Agent search 2-195
2026-10-09 16:00:12,145 INFO o.a.j.t.JMeterThread: Thread is done: Agent search 2-196
2026-10-09 16:00:12,145 INFO o.a.j.t.JMeterThread: Thread finished: Agent search 2-196
2026-10-09 16:00:12,148 INFO o.a.j.t.JMeterThread: Thread is done: Agent search 2-197
2026-10-09 16:00:12,148 INFO o.a.j.t.JMeterThread: Thread finished: Agent search 2-197
2026-10-09 16:00:18,106 INFO o.a.j.t.JMeterThread: Thread started: Agent search 2-205
2026-10-09 16:00:21,922 INFO o.a.j.t.JMeterThread: Thread started: Agent search 2-206
2026-10-09 16:00:22,532 INFO o.a.j.t.JMeterThread: Thread started: Agent search 2-207
2026-10-09 16:00:23,274 INFO o.a.j.t.JMeterThread: Thread started: Agent search 2-208
2026-10-09 16:00:27,104 INFO o.a.j.t.JMeterThread: Thread started: Agent search 2-209
2026-10-09 16:00:27,340 INFO o.a.j.t.JMeterThread: Thread started: Agent search 2-210
2026-10-09 16:00:31,131 INFO o.a.j.t.JMeterThread: Thread started: Agent search 2-211
2026-10-09 16:00:31,880 INFO o.a.j.t.JMeterThread: Thread started: Agent search 2-212
2026-10-09 16:00:33,661 INFO o.a.j.r.Summariser: summary +     41 in 00:03:33 =    0.2/s Avg: 136508 Min:    25 Max: 600126 Err:     5 (12.20%) Active: 58 Started: 272 Finished: 214
2026-10-09 16:00:33,662 INFO o.a.j.r.Summariser: summary =    215 in 00:14:31 =    0.2/s Avg: 39887 Min:    18 Max: 600126 Err:     5 (2.33%)
2026-10-09 16:00:33,662 INFO o.a.j.t.JMeterThread: Thread is done: Ticket intake 1-18
2026-10-09 16:00:33,662 INFO o.a.j.t.JMeterThread: Thread finished: Ticket intake 1-18
2026-10-09 16:00:33,672 INFO o.a.j.t.JMeterThread: Thread is done: Agent search 2-198
2026-10-09 16:00:33,672 INFO o.a.j.t.JMeterThread: Thread finished: Agent search 2-198
2026-10-09 16:00:33,673 INFO o.a.j.t.JMeterThread: Thread is done: Agent search 2-199
2026-10-09 16:00:33,673 INFO o.a.j.t.JMeterThread: Thread finished: Agent search 2-199
2026-10-09 16:00:33,673 INFO o.a.j.t.JMeterThread: Thread is done: Agent search 2-200
2026-10-09 16:00:33,673 INFO o.a.j.t.JMeterThread: Thread finished: Agent search 2-200
2026-10-09 16:00:43,608 INFO o.a.j.t.JMeterThread: Thread started: Agent search 2-213
2026-10-09 16:00:45,522 INFO o.a.j.t.JMeterThread: Thread started: Ticket intake 1-61
2026-10-09 16:00:54,419 INFO o.a.j.t.JMeterThread: Thread is done: Ticket intake 1-19
2026-10-09 16:00:54,419 INFO o.a.j.t.JMeterThread: Thread finished: Ticket intake 1-19
2026-10-09 16:00:56,434 INFO o.a.j.t.JMeterThread: Thread is done: Ticket intake 1-20
2026-10-09 16:00:56,434 INFO o.a.j.t.JMeterThread: Thread finished: Ticket intake 1-20
2026-10-09 16:00:56,436 INFO o.a.j.t.JMeterThread: Thread is done: Agent search 2-201
2026-10-09 16:00:56,436 INFO o.a.j.t.JMeterThread: Thread finished: Agent search 2-201
2026-10-09 16:00:56,440 INFO o.a.j.t.JMeterThread: Thread is done: Agent search 2-202
2026-10-09 16:00:56,440 INFO o.a.j.t.JMeterThread: Thread finished: Agent search 2-202
2026-10-09 16:00:56,446 INFO o.a.j.t.JMeterThread: Thread is done: Agent search 2-203
2026-10-09 16:00:56,446 INFO o.a.j.t.JMeterThread: Thread finished: Agent search 2-203
2026-10-09 16:00:56,449 INFO o.a.j.t.JMeterThread: Thread is done: Agent search 2-204
2026-10-09 16:00:56,449 INFO o.a.j.t.JMeterThread: Thread finished: Agent search 2-204
2026-10-09 16:00:57,221 INFO o.a.j.t.JMeterThread: Thread started: Ticket intake 1-62
2026-10-09 16:00:59,469 INFO o.a.j.t.JMeterThread: Thread started: Agent search 2-214
2026-10-09 16:01:06,534 INFO o.a.j.t.JMeterThread: Thread started: Agent search 2-215
2026-10-09 16:01:07,898 INFO o.a.j.t.JMeterThread: Thread is done: Agent search 2-205
2026-10-09 16:01:07,898 INFO o.a.j.t.JMeterThread: Thread is done: Agent search 2-208
2026-10-09 16:01:07,898 INFO o.a.j.t.JMeterThread: Thread is done: Agent search 2-213
2026-10-09 16:01:07,898 INFO o.a.j.t.JMeterThread: Thread is done: Agent search 2-209
2026-10-09 16:01:07,898 INFO o.a.j.t.JMeterThread: Thread finished: Agent search 2-213
2026-10-09 16:01:07,898 INFO o.a.j.t.JMeterThread: Thread is done: Ticket intake 1-21
2026-10-09 16:01:07,898 INFO o.a.j.t.JMeterThread: Thread finished: Ticket intake 1-21
2026-10-09 16:01:07,898 INFO o.a.j.t.JMeterThread: Thread is done: Agent search 2-210
2026-10-09 16:01:07,898 INFO o.a.j.t.JMeterThread: Thread is done: Agent search 2-206
2026-10-09 16:01:07,898 INFO o.a.j.t.JMeterThread: Thread is done: Agent search 2-211
2026-10-09 16:01:07,898 INFO o.a.j.t.JMeterThread: Thread is done: Agent search 2-212
2026-10-09 16:01:07,899 INFO o.a.j.t.JMeterThread: Thread finished: Agent search 2-211
2026-10-09 16:01:07,898 INFO o.a.j.t.JMeterThread: Thread finished: Agent search 2-205
2026-10-09 16:01:07,899 INFO o.a.j.t.JMeterThread: Thread finished: Agent search 2-206
2026-10-09 16:01:07,899 INFO o.a.j.t.JMeterThread: Thread finished: Agent search 2-209
2026-10-09 16:01:07,898 INFO o.a.j.t.JMeterThread: Thread finished: Agent search 2-208
2026-10-09 16:01:07,898 INFO o.a.j.t.JMeterThread: Thread is done: Agent search 2-207
2026-10-09 16:01:07,898 INFO o.a.j.t.JMeterThread: Thread finished: Agent search 2-210
2026-10-09 16:01:07,899 INFO o.a.j.t.JMeterThread: Thread finished: Agent search 2-212
2026-10-09 16:01:07,899 INFO o.a.j.t.JMeterThread: Thread finished: Agent search 2-207
2026-10-09 16:01:14,755 INFO o.a.j.t.JMeterThread: Thread is done: Ticket intake 1-22
2026-10-09 16:01:14,756 INFO o.a.j.t.JMeterThread: Thread finished: Ticket intake 1-22
2026-10-09 16:01:15,603 INFO o.a.j.t.JMeterThread: Thread started: Agent search 2-216
2026-10-09 16:01:16,878 INFO o.a.j.t.JMeterThread: Thread started: Agent search 2-217
2026-10-09 16:01:18,333 INFO o.a.j.t.JMeterThread: Thread started: Agent search 2-218
2026-10-09 16:01:19,132 INFO o.a.j.t.JMeterThread: Thread is done: Ticket intake 1-23
2026-10-09 16:01:19,132 INFO o.a.j.t.JMeterThread: Thread finished: Ticket intake 1-23
2026-10-09 16:01:19,133 INFO o.a.j.t.JMeterThread: Thread is done: Agent search 2-214
2026-10-09 16:01:19,133 INFO o.a.j.t.JMeterThread: Thread finished: Agent search 2-214
2026-10-09 16:01:19,136 INFO o.a.j.t.JMeterThread: Thread is done: Agent search 2-215
2026-10-09 16:01:19,136 INFO o.a.j.t.JMeterThread: Thread finished: Agent search 2-215
2026-10-09 16:01:19,139 INFO o.a.j.t.JMeterThread: Thread is done: Agent search 2-216
2026-10-09 16:01:19,139 INFO o.a.j.t.JMeterThread: Thread finished: Agent search 2-216
2026-10-09 16:01:19,144 INFO o.a.j.t.JMeterThread: Thread is done: Agent search 2-217
2026-10-09 16:01:19,144 INFO o.a.j.t.JMeterThread: Thread finished: Agent search 2-217
2026-10-09 16:01:19,147 INFO o.a.j.t.JMeterThread: Thread is done: Agent search 2-218
2026-10-09 16:01:19,147 INFO o.a.j.t.JMeterThread: Thread finished: Agent search 2-218
2026-10-09 16:01:25,218 INFO o.a.j.t.JMeterThread: Thread started: Agent search 2-219
2026-10-09 16:01:25,284 INFO o.a.j.t.JMeterThread: Thread is done: Agent search 2-219
2026-10-09 16:01:25,284 INFO o.a.j.t.JMeterThread: Thread finished: Agent search 2-219
2026-10-09 16:01:29,257 INFO o.a.j.t.JMeterThread: Thread started: Agent search 2-220
2026-10-09 16:01:29,292 INFO o.a.j.t.JMeterThread: Thread is done: Agent search 2-220
2026-10-09 16:01:29,292 INFO o.a.j.t.JMeterThread: Thread finished: Agent search 2-220
2026-10-09 16:01:30,634 INFO o.a.j.t.JMeterThread: Thread started: Agent search 2-221
2026-10-09 16:01:30,654 INFO o.a.j.r.Summariser: summary +     29 in 00:00:57 =    0.5/s Avg: 128550 Min:    17 Max: 600220 Err:     5 (17.24%) Active: 40 Started: 283 Finished: 243
2026-10-09 16:01:30,654 INFO o.a.j.r.Summariser: summary =    244 in 00:15:28 =    0.3/s Avg: 50425 Min:    17 Max: 600220 Err:    10 (4.10%)
2026-10-09 16:01:30,654 INFO o.a.j.t.JMeterThread: Thread is done: Agent search 2-221
2026-10-09 16:01:30,654 INFO o.a.j.t.JMeterThread: Thread finished: Agent search 2-221
2026-10-09 16:01:33,075 INFO o.a.j.t.JMeterThread: Thread started: Agent search 2-222
2026-10-09 16:01:33,095 INFO o.a.j.t.JMeterThread: Thread is done: Agent search 2-222
2026-10-09 16:01:33,095 INFO o.a.j.t.JMeterThread: Thread finished: Agent search 2-222
2026-10-09 16:01:37,066 INFO o.a.j.t.JMeterThread: Thread is done: Ticket intake 1-24
2026-10-09 16:01:37,066 INFO o.a.j.t.JMeterThread: Thread finished: Ticket intake 1-24
2026-10-09 16:01:42,311 INFO o.a.j.t.JMeterThread: Thread started: Ticket intake 1-63
2026-10-09 16:01:43,292 INFO o.a.j.t.JMeterThread: Thread is done: Ticket intake 1-25
2026-10-09 16:01:43,292 INFO o.a.j.t.JMeterThread: Thread finished: Ticket intake 1-25
2026-10-09 16:01:44,427 INFO o.a.j.t.JMeterThread: Thread started: Agent search 2-223
2026-10-09 16:01:44,448 INFO o.a.j.t.JMeterThread: Thread is done: Agent search 2-223
2026-10-09 16:01:44,448 INFO o.a.j.t.JMeterThread: Thread finished: Agent search 2-223
2026-10-09 16:01:44,891 INFO o.a.j.t.JMeterThread: Thread started: Agent search 2-224
2026-10-09 16:01:44,914 INFO o.a.j.t.JMeterThread: Thread is done: Agent search 2-224
2026-10-09 16:01:44,914 INFO o.a.j.t.JMeterThread: Thread finished: Agent search 2-224
2026-10-09 16:01:45,186 INFO o.a.j.t.JMeterThread: Thread started: Ticket intake 1-64
2026-10-09 16:01:48,818 INFO o.a.j.t.JMeterThread: Thread started: Ticket intake 1-65
2026-10-09 16:02:01,251 INFO o.a.j.t.JMeterThread: Thread started: Agent search 2-225
2026-10-09 16:02:01,961 INFO o.a.j.t.JMeterThread: Thread is done: Agent search 2-225
2026-10-09 16:02:01,961 INFO o.a.j.t.JMeterThread: Thread finished: Agent search 2-225
2026-10-09 16:02:01,961 INFO o.a.j.r.Summariser: summary +      6 in 00:00:31 =    0.2/s Avg: 298395 Min:    19 Max: 600110 Err:     2 (33.33%) Active: 41 Started: 290 Finished: 249
2026-10-09 16:02:01,961 INFO o.a.j.r.Summariser: summary =    250 in 00:15:59 =    0.3/s Avg: 56376 Min:    17 Max: 600220 Err:    12 (4.80%)
2026-10-09 16:02:01,961 INFO o.a.j.t.JMeterThread: Thread is done: Ticket intake 1-26
2026-10-09 16:02:01,962 INFO o.a.j.t.JMeterThread: Thread finished: Ticket intake 1-26
2026-10-09 16:02:06,846 INFO o.a.j.t.JMeterThread: Thread started: Ticket intake 1-66
2026-10-09 16:02:06,970 INFO o.a.j.t.JMeterThread: Thread started: Agent search 2-226
2026-10-09 16:02:14,255 INFO o.a.j.t.JMeterThread: Thread is done: Ticket intake 1-27
2026-10-09 16:02:14,255 INFO o.a.j.t.JMeterThread: Thread finished: Ticket intake 1-27
2026-10-09 16:02:14,257 INFO o.a.j.t.JMeterThread: Thread is done: Agent search 2-226
2026-10-09 16:02:14,257 INFO o.a.j.t.JMeterThread: Thread finished: Agent search 2-226
2026-10-09 16:02:14,752 INFO o.a.j.t.JMeterThread: Thread is done: Ticket intake 1-28
2026-10-09 16:02:14,752 INFO o.a.j.t.JMeterThread: Thread finished: Ticket intake 1-28
2026-10-09 16:02:19,680 INFO o.a.j.t.JMeterThread: Thread started: Agent search 2-227
2026-10-09 16:02:19,701 INFO o.a.j.t.JMeterThread: Thread is done: Agent search 2-227
2026-10-09 16:02:19,701 INFO o.a.j.t.JMeterThread: Thread finished: Agent search 2-227
2026-10-09 16:02:27,566 INFO o.a.j.t.JMeterThread: Thread is done: Ticket intake 1-29
2026-10-09 16:02:27,566 INFO o.a.j.t.JMeterThread: Thread finished: Ticket intake 1-29
2026-10-09 16:02:28,874 INFO o.a.j.t.JMeterThread: Thread is done: Ticket intake 1-30
2026-10-09 16:02:28,874 INFO o.a.j.t.JMeterThread: Thread finished: Ticket intake 1-30
2026-10-09 16:02:30,949 INFO o.a.j.t.JMeterThread: Thread started: Agent search 2-228
2026-10-09 16:02:30,988 INFO o.a.j.r.Summariser: summary +      8 in 00:00:29 =    0.3/s Avg: 301064 Min:    19 Max: 600131 Err:     4 (50.00%) Active: 37 Started: 294 Finished: 257
2026-10-09 16:02:30,988 INFO o.a.j.r.Summariser: summary =    258 in 00:16:28 =    0.3/s Avg: 63963 Min:    17 Max: 600220 Err:    16 (6.20%)
2026-10-09 16:02:30,988 INFO o.a.j.t.JMeterThread: Thread is done: Agent search 2-228
2026-10-09 16:02:30,988 INFO o.a.j.t.JMeterThread: Thread finished: Agent search 2-228
2026-10-09 16:02:31,590 INFO o.a.j.t.JMeterThread: Thread started: Ticket intake 1-67
2026-10-09 16:02:32,523 INFO o.a.j.t.JMeterThread: Thread is done: Ticket intake 1-31
2026-10-09 16:02:32,523 INFO o.a.j.t.JMeterThread: Thread finished: Ticket intake 1-31
2026-10-09 16:02:33,577 INFO o.a.j.t.JMeterThread: Thread started: Agent search 2-229
2026-10-09 16:02:33,613 INFO o.a.j.t.JMeterThread: Thread is done: Agent search 2-229
2026-10-09 16:02:33,613 INFO o.a.j.t.JMeterThread: Thread finished: Agent search 2-229
2026-10-09 16:02:39,754 INFO o.a.j.t.JMeterThread: Thread started: Agent search 2-230
2026-10-09 16:02:39,775 INFO o.a.j.t.JMeterThread: Thread is done: Agent search 2-230
2026-10-09 16:02:39,776 INFO o.a.j.t.JMeterThread: Thread finished: Agent search 2-230
2026-10-09 16:02:40,257 INFO o.a.j.t.JMeterThread: Thread started: Agent search 2-231
2026-10-09 16:02:40,283 INFO o.a.j.t.JMeterThread: Thread is done: Agent search 2-231
2026-10-09 16:02:40,284 INFO o.a.j.t.JMeterThread: Thread finished: Agent search 2-231
2026-10-09 16:02:52,088 INFO o.a.j.t.JMeterThread: Thread started: Agent search 2-232
2026-10-09 16:02:52,123 INFO o.a.j.t.JMeterThread: Thread is done: Agent search 2-232
2026-10-09 16:02:52,123 INFO o.a.j.t.JMeterThread: Thread finished: Agent search 2-232
2026-10-09 16:02:55,814 INFO o.a.j.t.JMeterThread: Thread is done: Ticket intake 1-32
2026-10-09 16:02:55,814 INFO o.a.j.t.JMeterThread: Thread finished: Ticket intake 1-32
2026-10-09 16:02:57,850 INFO o.a.j.t.JMeterThread: Thread started: Agent search 2-233
2026-10-09 16:02:57,884 INFO o.a.j.t.JMeterThread: Thread is done: Agent search 2-233
2026-10-09 16:02:57,884 INFO o.a.j.t.JMeterThread: Thread finished: Agent search 2-233
2026-10-09 16:02:59,184 INFO o.a.j.t.JMeterThread: Thread started: Agent search 2-234
2026-10-09 16:02:59,208 INFO o.a.j.t.JMeterThread: Thread is done: Agent search 2-234
2026-10-09 16:02:59,208 INFO o.a.j.t.JMeterThread: Thread finished: Agent search 2-234
2026-10-09 16:03:03,427 INFO o.a.j.t.JMeterThread: Thread started: Agent search 2-235
2026-10-09 16:03:03,471 INFO o.a.j.r.Summariser: summary +      9 in 00:00:32 =    0.3/s Avg: 131483 Min:    20 Max: 600131 Err:     1 (11.11%) Active: 36 Started: 302 Finished: 266
2026-10-09 16:03:03,472 INFO o.a.j.r.Summariser: summary =    267 in 00:17:00 =    0.3/s Avg: 66239 Min:    17 Max: 600220 Err:    17 (6.37%)
2026-10-09 16:03:03,472 INFO o.a.j.t.JMeterThread: Thread is done: Agent search 2-235
2026-10-09 16:03:03,472 INFO o.a.j.t.JMeterThread: Thread finished: Agent search 2-235
2026-10-09 16:03:03,650 INFO o.a.j.t.JMeterThread: Thread started: Agent search 2-236
2026-10-09 16:03:03,675 INFO o.a.j.t.JMeterThread: Thread is done: Agent search 2-236
2026-10-09 16:03:03,675 INFO o.a.j.t.JMeterThread: Thread finished: Agent search 2-236
2026-10-09 16:03:06,826 INFO o.a.j.t.JMeterThread: Thread started: Agent search 2-237
2026-10-09 16:03:06,849 INFO o.a.j.t.JMeterThread: Thread is done: Agent search 2-237
2026-10-09 16:03:06,849 INFO o.a.j.t.JMeterThread: Thread finished: Agent search 2-237
2026-10-09 16:03:10,152 INFO o.a.j.t.JMeterThread: Thread started: Ticket intake 1-68
2026-10-09 16:03:13,900 INFO o.a.j.t.JMeterThread: Thread is done: Ticket intake 1-33
2026-10-09 16:03:13,900 INFO o.a.j.t.JMeterThread: Thread finished: Ticket intake 1-33
2026-10-09 16:03:18,052 INFO o.a.j.t.JMeterThread: Thread started: Agent search 2-238
2026-10-09 16:03:18,079 INFO o.a.j.t.JMeterThread: Thread is done: Agent search 2-238
2026-10-09 16:03:18,079 INFO o.a.j.t.JMeterThread: Thread finished: Agent search 2-238
2026-10-09 16:03:26,747 INFO o.a.j.t.JMeterThread: Thread started: Agent search 2-239
2026-10-09 16:03:26,774 INFO o.a.j.t.JMeterThread: Thread is done: Agent search 2-239
2026-10-09 16:03:26,775 INFO o.a.j.t.JMeterThread: Thread finished: Agent search 2-239
2026-10-09 16:03:30,818 INFO o.a.j.t.JMeterThread: Thread started: Agent search 2-240
2026-10-09 16:03:30,846 INFO o.a.j.r.Summariser: summary +      6 in 00:00:27 =    0.2/s Avg: 100040 Min:    22 Max: 600114 Err:     1 (16.67%) Active: 36 Started: 308 Finished: 272
2026-10-09 16:03:30,846 INFO o.a.j.r.Summariser: summary =    273 in 00:17:28 =    0.3/s Avg: 66982 Min:    17 Max: 600220 Err:    18 (6.59%)
2026-10-09 16:03:30,846 INFO o.a.j.t.JMeterThread: Thread is done: Agent search 2-240
2026-10-09 16:03:30,847 INFO o.a.j.t.JMeterThread: Thread finished: Agent search 2-240
2026-10-09 16:03:32,007 INFO o.a.j.t.JMeterThread: Thread started: Agent search 2-241
2026-10-09 16:03:32,039 INFO o.a.j.t.JMeterThread: Thread is done: Agent search 2-241
2026-10-09 16:03:32,039 INFO o.a.j.t.JMeterThread: Thread finished: Agent search 2-241
2026-10-09 16:03:40,264 INFO o.a.j.t.JMeterThread: Thread started: Agent search 2-242
2026-10-09 16:03:40,294 INFO o.a.j.t.JMeterThread: Thread is done: Agent search 2-242
2026-10-09 16:03:40,294 INFO o.a.j.t.JMeterThread: Thread finished: Agent search 2-242
2026-10-09 16:03:48,547 INFO o.a.j.t.JMeterThread: Thread started: Agent search 2-243
2026-10-09 16:03:48,581 INFO o.a.j.t.JMeterThread: Thread is done: Agent search 2-243
2026-10-09 16:03:48,581 INFO o.a.j.t.JMeterThread: Thread finished: Agent search 2-243
2026-10-09 16:03:49,638 INFO o.a.j.t.JMeterThread: Thread started: Ticket intake 1-69
2026-10-09 16:03:52,750 INFO o.a.j.t.JMeterThread: Thread is done: Ticket intake 1-34
2026-10-09 16:03:52,750 INFO o.a.j.t.JMeterThread: Thread finished: Ticket intake 1-34
2026-10-09 16:03:58,815 INFO o.a.j.t.JMeterThread: Thread started: Ticket intake 1-70
2026-10-09 16:04:01,972 INFO o.a.j.t.JMeterThread: Thread started: Agent search 2-244
2026-10-09 16:04:02,002 INFO o.a.j.r.Summariser: summary +      5 in 00:00:31 =    0.2/s Avg: 120074 Min:    28 Max: 600252 Err:     1 (20.00%) Active: 37 Started: 314 Finished: 277
2026-10-09 16:04:02,003 INFO o.a.j.r.Summariser: summary =    278 in 00:17:59 =    0.3/s Avg: 67937 Min:    17 Max: 600252 Err:    19 (6.83%)
2026-10-09 16:04:02,003 INFO o.a.j.t.JMeterThread: Thread is done: Agent search 2-244
2026-10-09 16:04:02,003 INFO o.a.j.t.JMeterThread: Thread finished: Agent search 2-244
2026-10-09 16:04:03,201 INFO o.a.j.t.JMeterThread: Thread started: Agent search 2-245
2026-10-09 16:04:03,221 INFO o.a.j.t.JMeterThread: Thread is done: Agent search 2-245
2026-10-09 16:04:03,222 INFO o.a.j.t.JMeterThread: Thread finished: Agent search 2-245
2026-10-09 16:04:04,507 INFO o.a.j.t.JMeterThread: Thread started: Agent search 2-246
2026-10-09 16:04:04,533 INFO o.a.j.t.JMeterThread: Thread is done: Agent search 2-246
2026-10-09 16:04:04,534 INFO o.a.j.t.JMeterThread: Thread finished: Agent search 2-246
2026-10-09 16:04:05,854 INFO o.a.j.t.JMeterThread: Thread started: Ticket intake 1-71
2026-10-09 16:04:09,572 INFO o.a.j.t.JMeterThread: Thread started: Ticket intake 1-72
2026-10-09 16:04:10,876 INFO o.a.j.t.JMeterThread: Thread is done: Ticket intake 1-35
2026-10-09 16:04:10,876 INFO o.a.j.t.JMeterThread: Thread finished: Ticket intake 1-35
2026-10-09 16:04:10,952 INFO o.a.j.t.JMeterThread: Thread started: Agent search 2-247
2026-10-09 16:04:10,977 INFO o.a.j.t.JMeterThread: Thread is done: Agent search 2-247
2026-10-09 16:04:10,977 INFO o.a.j.t.JMeterThread: Thread finished: Agent search 2-247
2026-10-09 16:04:12,968 INFO o.a.j.t.JMeterThread: Thread started: Agent search 2-248
2026-10-09 16:04:13,003 INFO o.a.j.t.JMeterThread: Thread is done: Agent search 2-248
2026-10-09 16:04:13,003 INFO o.a.j.t.JMeterThread: Thread finished: Agent search 2-248
2026-10-09 16:04:22,958 INFO o.a.j.t.JMeterThread: Thread is done: Ticket intake 1-36
2026-10-09 16:04:22,958 INFO o.a.j.t.JMeterThread: Thread finished: Ticket intake 1-36
2026-10-09 16:04:23,765 INFO o.a.j.t.JMeterThread: Thread started: Agent search 2-249
2026-10-09 16:04:23,795 INFO o.a.j.t.JMeterThread: Thread is done: Agent search 2-249
2026-10-09 16:04:23,795 INFO o.a.j.t.JMeterThread: Thread finished: Agent search 2-249
2026-10-09 16:04:25,108 INFO o.a.j.t.JMeterThread: Thread is done: Ticket intake 1-37
2026-10-09 16:04:25,108 INFO o.a.j.t.JMeterThread: Thread finished: Ticket intake 1-37
2026-10-09 16:04:33,859 INFO o.a.j.t.JMeterThread: Thread started: Agent search 2-250
2026-10-09 16:04:33,882 INFO o.a.j.r.Summariser: summary +      9 in 00:00:32 =    0.3/s Avg: 199687 Min:    20 Max: 600273 Err:     2 (22.22%) Active: 36 Started: 322 Finished: 286
2026-10-09 16:04:33,883 INFO o.a.j.r.Summariser: summary =    287 in 00:18:31 =    0.3/s Avg: 72069 Min:    17 Max: 600273 Err:    21 (7.32%)
2026-10-09 16:04:33,883 INFO o.a.j.t.JMeterThread: Thread is done: Agent search 2-250
2026-10-09 16:04:33,883 INFO o.a.j.t.JMeterThread: Thread finished: Agent search 2-250
2026-10-09 16:04:40,288 INFO o.a.j.t.JMeterThread: Thread started: Agent search 2-251
2026-10-09 16:04:40,314 INFO o.a.j.t.JMeterThread: Thread is done: Agent search 2-251
2026-10-09 16:04:40,315 INFO o.a.j.t.JMeterThread: Thread finished: Agent search 2-251
2026-10-09 16:04:45,548 INFO o.a.j.t.JMeterThread: Thread started: Agent search 2-252
2026-10-09 16:04:45,574 INFO o.a.j.t.JMeterThread: Thread is done: Agent search 2-252
2026-10-09 16:04:45,574 INFO o.a.j.t.JMeterThread: Thread finished: Agent search 2-252
2026-10-09 16:04:46,484 INFO o.a.j.t.JMeterThread: Thread started: Agent search 2-253
2026-10-09 16:04:46,510 INFO o.a.j.t.JMeterThread: Thread is done: Agent search 2-253
2026-10-09 16:04:46,511 INFO o.a.j.t.JMeterThread: Thread finished: Agent search 2-253
2026-10-09 16:04:51,135 INFO o.a.j.t.JMeterThread: Thread is done: Ticket intake 1-38
2026-10-09 16:04:51,135 INFO o.a.j.t.JMeterThread: Thread finished: Ticket intake 1-38
2026-10-09 16:04:56,062 INFO o.a.j.t.JMeterThread: Thread started: Agent search 2-254
2026-10-09 16:04:56,095 INFO o.a.j.t.JMeterThread: Thread is done: Agent search 2-254
2026-10-09 16:04:56,095 INFO o.a.j.t.JMeterThread: Thread finished: Agent search 2-254
2026-10-09 16:05:09,652 INFO o.a.j.t.JMeterThread: Thread is done: Ticket intake 1-39
2026-10-09 16:05:09,652 INFO o.a.j.t.JMeterThread: Thread finished: Ticket intake 1-39
2026-10-09 16:05:14,012 INFO o.a.j.t.JMeterThread: Thread started: Agent search 2-255
2026-10-09 16:05:14,064 INFO o.a.j.t.JMeterThread: Thread is done: Agent search 2-255
2026-10-09 16:05:14,064 INFO o.a.j.t.JMeterThread: Thread finished: Agent search 2-255
2026-10-09 16:05:20,232 INFO o.a.j.t.JMeterThread: Thread started: Agent search 2-256
2026-10-09 16:05:20,266 INFO o.a.j.t.JMeterThread: Thread is done: Agent search 2-256
2026-10-09 16:05:20,266 INFO o.a.j.t.JMeterThread: Thread finished: Agent search 2-256
2026-10-09 16:05:24,601 INFO o.a.j.t.JMeterThread: Thread is done: Ticket intake 1-40
2026-10-09 16:05:24,601 INFO o.a.j.t.JMeterThread: Thread finished: Ticket intake 1-40
2026-10-09 16:05:28,663 INFO o.a.j.t.JMeterThread: Thread started: Agent search 2-257
2026-10-09 16:05:28,693 INFO o.a.j.t.JMeterThread: Thread is done: Agent search 2-257
2026-10-09 16:05:28,693 INFO o.a.j.t.JMeterThread: Thread finished: Agent search 2-257
2026-10-09 16:05:38,322 INFO o.a.j.t.JMeterThread: Thread is done: Ticket intake 1-41
2026-10-09 16:05:38,322 INFO o.a.j.t.JMeterThread: Thread finished: Ticket intake 1-41
2026-10-09 16:05:46,997 INFO o.a.j.t.JMeterThread: Thread started: Agent search 2-258
2026-10-09 16:05:47,019 INFO o.a.j.t.JMeterThread: Thread is done: Agent search 2-258
2026-10-09 16:05:47,019 INFO o.a.j.t.JMeterThread: Thread finished: Agent search 2-258
2026-10-09 16:05:47,574 INFO o.a.j.t.JMeterThread: Thread started: Agent search 2-259
2026-10-09 16:05:47,603 INFO o.a.j.t.JMeterThread: Thread is done: Agent search 2-259
2026-10-09 16:05:47,603 INFO o.a.j.t.JMeterThread: Thread finished: Agent search 2-259
2026-10-09 16:05:52,759 INFO o.a.j.t.JMeterThread: Thread is done: Ticket intake 1-42
2026-10-09 16:05:52,759 INFO o.a.j.t.JMeterThread: Thread finished: Ticket intake 1-42
2026-10-09 16:05:54,807 INFO o.a.j.t.JMeterThread: Thread is done: Ticket intake 1-43
2026-10-09 16:05:54,807 INFO o.a.j.t.JMeterThread: Thread finished: Ticket intake 1-43
2026-10-09 16:05:56,619 INFO o.a.j.t.JMeterThread: Thread started: Ticket intake 1-73
2026-10-09 16:05:56,631 INFO o.a.j.t.JMeterThread: Thread started: Agent search 2-260
2026-10-09 16:05:56,662 INFO o.a.j.t.JMeterThread: Thread is done: Agent search 2-260
2026-10-09 16:05:56,663 INFO o.a.j.t.JMeterThread: Thread finished: Agent search 2-260
2026-10-09 16:05:57,013 INFO o.a.j.t.JMeterThread: Thread is done: Ticket intake 1-44
2026-10-09 16:05:57,013 INFO o.a.j.t.JMeterThread: Thread finished: Ticket intake 1-44
2026-10-09 16:06:22,974 INFO o.a.j.t.JMeterThread: Thread started: Agent search 2-261
2026-10-09 16:06:23,002 INFO o.a.j.t.JMeterThread: Thread is done: Agent search 2-261
2026-10-09 16:06:23,002 INFO o.a.j.t.JMeterThread: Thread finished: Agent search 2-261
2026-10-09 16:06:25,094 INFO o.a.j.t.JMeterThread: Thread started: Agent search 2-262
2026-10-09 16:06:25,120 INFO o.a.j.t.JMeterThread: Thread is done: Agent search 2-262
2026-10-09 16:06:25,120 INFO o.a.j.t.JMeterThread: Thread finished: Agent search 2-262
2026-10-09 16:06:28,589 INFO o.a.j.t.JMeterThread: Thread started: Ticket intake 1-74
2026-10-09 16:06:31,347 INFO o.a.j.t.JMeterThread: Thread started: Agent search 2-263
2026-10-09 16:06:31,378 INFO o.a.j.r.Summariser: summary +     20 in 00:01:57 =    0.2/s Avg: 209343 Min:    20 Max: 600182 Err:     6 (30.00%) Active: 31 Started: 337 Finished: 306
2026-10-09 16:06:31,378 INFO o.a.j.r.Summariser: summary =    307 in 00:20:28 =    0.2/s Avg: 81012 Min:    17 Max: 600273 Err:    27 (8.79%)
2026-10-09 16:06:31,378 INFO o.a.j.t.JMeterThread: Thread is done: Agent search 2-263
2026-10-09 16:06:31,378 INFO o.a.j.t.JMeterThread: Thread finished: Agent search 2-263
2026-10-09 16:06:33,413 INFO o.a.j.t.JMeterThread: Thread is done: Ticket intake 1-45
2026-10-09 16:06:33,413 INFO o.a.j.t.JMeterThread: Thread finished: Ticket intake 1-45
2026-10-09 16:06:42,516 INFO o.a.j.t.JMeterThread: Thread started: Ticket intake 1-75
2026-10-09 16:06:44,177 INFO o.a.j.t.JMeterThread: Thread started: Agent search 2-264
2026-10-09 16:06:44,201 INFO o.a.j.t.JMeterThread: Thread is done: Agent search 2-264
2026-10-09 16:06:44,201 INFO o.a.j.t.JMeterThread: Thread finished: Agent search 2-264
2026-10-09 16:06:47,952 INFO o.a.j.t.JMeterThread: Thread is done: Ticket intake 1-46
2026-10-09 16:06:47,952 INFO o.a.j.t.JMeterThread: Thread finished: Ticket intake 1-46
2026-10-09 16:06:50,613 INFO o.a.j.t.JMeterThread: Thread started: Agent search 2-265
2026-10-09 16:06:50,650 INFO o.a.j.t.JMeterThread: Thread is done: Agent search 2-265
2026-10-09 16:06:50,650 INFO o.a.j.t.JMeterThread: Thread finished: Agent search 2-265
2026-10-09 16:07:05,682 INFO o.a.j.t.JMeterThread: Thread started: Agent search 2-266
2026-10-09 16:07:05,708 INFO o.a.j.r.Summariser: summary +      5 in 00:00:34 =    0.1/s Avg: 238954 Min:    23 Max: 600129 Err:     1 (20.00%) Active: 30 Started: 341 Finished: 311
2026-10-09 16:07:05,708 INFO o.a.j.r.Summariser: summary =    312 in 00:21:03 =    0.2/s Avg: 83543 Min:    17 Max: 600273 Err:    28 (8.97%)
2026-10-09 16:07:05,708 INFO o.a.j.t.JMeterThread: Thread is done: Agent search 2-266
2026-10-09 16:07:05,708 INFO o.a.j.t.JMeterThread: Thread finished: Agent search 2-266
2026-10-09 16:07:12,975 INFO o.a.j.t.JMeterThread: Thread started: Agent search 2-267
2026-10-09 16:07:13,027 INFO o.a.j.t.JMeterThread: Thread is done: Agent search 2-267
2026-10-09 16:07:13,027 INFO o.a.j.t.JMeterThread: Thread finished: Agent search 2-267
2026-10-09 16:07:15,699 INFO o.a.j.t.JMeterThread: Thread is done: Ticket intake 1-47
2026-10-09 16:07:15,699 INFO o.a.j.t.JMeterThread: Thread finished: Ticket intake 1-47
2026-10-09 16:07:18,527 INFO o.a.j.t.JMeterThread: Thread started: Ticket intake 1-76
2026-10-09 16:07:18,576 INFO o.a.j.t.JMeterThread: Thread started: Agent search 2-268
2026-10-09 16:07:18,610 INFO o.a.j.t.JMeterThread: Thread is done: Agent search 2-268
2026-10-09 16:07:18,610 INFO o.a.j.t.JMeterThread: Thread finished: Agent search 2-268
2026-10-09 16:07:19,788 INFO o.a.j.t.JMeterThread: Thread started: Ticket intake 1-77
2026-10-09 16:07:24,921 INFO o.a.j.t.JMeterThread: Thread started: Agent search 2-269
2026-10-09 16:07:24,947 INFO o.a.j.t.JMeterThread: Thread is done: Agent search 2-269
2026-10-09 16:07:24,947 INFO o.a.j.t.JMeterThread: Thread finished: Agent search 2-269
2026-10-09 16:07:24,951 INFO o.a.j.t.JMeterThread: Thread is done: Ticket intake 1-48
2026-10-09 16:07:24,951 INFO o.a.j.t.JMeterThread: Thread finished: Ticket intake 1-48
2026-10-09 16:07:28,309 INFO o.a.j.t.JMeterThread: Thread started: Agent search 2-270
2026-10-09 16:07:28,339 INFO o.a.j.t.JMeterThread: Thread is done: Agent search 2-270
2026-10-09 16:07:28,339 INFO o.a.j.t.JMeterThread: Thread finished: Agent search 2-270
2026-10-09 16:07:28,418 INFO o.a.j.t.JMeterThread: Thread started: Agent search 2-271
2026-10-09 16:07:28,446 INFO o.a.j.t.JMeterThread: Thread is done: Agent search 2-271
2026-10-09 16:07:28,447 INFO o.a.j.t.JMeterThread: Thread finished: Agent search 2-271
2026-10-09 16:07:28,622 INFO o.a.j.t.JMeterThread: Thread started: Agent search 2-272
2026-10-09 16:07:28,647 INFO o.a.j.t.JMeterThread: Thread is done: Agent search 2-272
2026-10-09 16:07:28,648 INFO o.a.j.t.JMeterThread: Thread finished: Agent search 2-272
2026-10-09 16:07:30,177 INFO o.a.j.t.JMeterThread: Thread started: Agent search 2-273
2026-10-09 16:07:30,205 INFO o.a.j.r.Summariser: summary +      9 in 00:00:24 =    0.4/s Avg: 133377 Min:    24 Max: 600138 Err:     2 (22.22%) Active: 30 Started: 350 Finished: 320
2026-10-09 16:07:30,206 INFO o.a.j.r.Summariser: summary =    321 in 00:21:27 =    0.2/s Avg: 84940 Min:    17 Max: 600273 Err:    30 (9.35%)
2026-10-09 16:07:30,206 INFO o.a.j.t.JMeterThread: Thread is done: Agent search 2-273
2026-10-09 16:07:30,206 INFO o.a.j.t.JMeterThread: Thread finished: Agent search 2-273
2026-10-09 16:07:32,185 INFO o.a.j.t.JMeterThread: Thread is done: Ticket intake 1-49
2026-10-09 16:07:32,185 INFO o.a.j.t.JMeterThread: Thread finished: Ticket intake 1-49
2026-10-09 16:07:32,394 INFO o.a.j.t.JMeterThread: Thread started: Agent search 2-274
2026-10-09 16:07:32,420 INFO o.a.j.t.JMeterThread: Thread is done: Agent search 2-274
2026-10-09 16:07:32,420 INFO o.a.j.t.JMeterThread: Thread finished: Agent search 2-274
2026-10-09 16:07:35,720 INFO o.a.j.t.JMeterThread: Thread started: Ticket intake 1-78
2026-10-09 16:07:43,105 INFO o.a.j.t.JMeterThread: Thread started: Agent search 2-275
2026-10-09 16:07:43,132 INFO o.a.j.t.JMeterThread: Thread is done: Agent search 2-275
2026-10-09 16:07:43,132 INFO o.a.j.t.JMeterThread: Thread finished: Agent search 2-275
2026-10-09 16:07:44,723 INFO o.a.j.t.JMeterThread: Thread started: Agent search 2-276
2026-10-09 16:07:44,752 INFO o.a.j.t.JMeterThread: Thread is done: Agent search 2-276
2026-10-09 16:07:44,752 INFO o.a.j.t.JMeterThread: Thread finished: Agent search 2-276
2026-10-09 16:07:44,883 INFO o.a.j.t.JMeterThread: Thread is done: Ticket intake 1-50
2026-10-09 16:07:44,883 INFO o.a.j.t.JMeterThread: Thread finished: Ticket intake 1-50
2026-10-09 16:07:47,750 INFO o.a.j.t.JMeterThread: Thread is done: Ticket intake 1-51
2026-10-09 16:07:47,750 INFO o.a.j.t.JMeterThread: Thread finished: Ticket intake 1-51
2026-10-09 16:07:52,301 INFO o.a.j.t.JMeterThread: Thread started: Agent search 2-277
2026-10-09 16:07:52,329 INFO o.a.j.t.JMeterThread: Thread is done: Agent search 2-277
2026-10-09 16:07:52,329 INFO o.a.j.t.JMeterThread: Thread finished: Agent search 2-277
2026-10-09 16:07:52,605 INFO o.a.j.t.JMeterThread: Thread started: Agent search 2-278
2026-10-09 16:07:52,629 INFO o.a.j.t.JMeterThread: Thread is done: Agent search 2-278
2026-10-09 16:07:52,629 INFO o.a.j.t.JMeterThread: Thread finished: Agent search 2-278
2026-10-09 16:07:52,714 INFO o.a.j.t.JMeterThread: Thread started: Ticket intake 1-79
2026-10-09 16:07:54,205 INFO o.a.j.t.JMeterThread: Thread started: Agent search 2-279
2026-10-09 16:07:54,228 INFO o.a.j.t.JMeterThread: Thread is done: Agent search 2-279
2026-10-09 16:07:54,228 INFO o.a.j.t.JMeterThread: Thread finished: Agent search 2-279
2026-10-09 16:07:54,863 INFO o.a.j.t.JMeterThread: Thread started: Ticket intake 1-80
2026-10-09 16:07:57,112 INFO o.a.j.t.JMeterThread: Thread started: Ticket intake 1-81
2026-10-09 16:07:58,175 INFO o.a.j.t.JMeterThread: Thread started: Agent search 2-280
2026-10-09 16:07:58,381 INFO o.a.j.t.JMeterThread: Thread is done: Agent search 2-280
2026-10-09 16:07:58,381 INFO o.a.j.t.JMeterThread: Thread finished: Agent search 2-280
2026-10-09 16:07:59,989 INFO o.a.j.t.JMeterThread: Thread started: Agent search 2-281
2026-10-09 16:08:00,016 INFO o.a.j.r.Summariser: summary +     11 in 00:00:30 =    0.4/s Avg: 163727 Min:    23 Max: 600279 Err:     3 (27.27%) Active: 31 Started: 362 Finished: 331
2026-10-09 16:08:00,017 INFO o.a.j.r.Summariser: summary =    332 in 00:21:57 =    0.3/s Avg: 87550 Min:    17 Max: 600279 Err:    33 (9.94%)
2026-10-09 16:08:00,017 INFO o.a.j.t.JMeterThread: Thread is done: Agent search 2-281
2026-10-09 16:08:00,017 INFO o.a.j.t.JMeterThread: Thread finished: Agent search 2-281
2026-10-09 16:08:07,487 INFO o.a.j.t.JMeterThread: Thread started: Ticket intake 1-82
2026-10-09 16:08:08,859 INFO o.a.j.t.JMeterThread: Thread started: Agent search 2-282
2026-10-09 16:08:08,883 INFO o.a.j.t.JMeterThread: Thread is done: Agent search 2-282
2026-10-09 16:08:08,883 INFO o.a.j.t.JMeterThread: Thread finished: Agent search 2-282
2026-10-09 16:08:09,748 INFO o.a.j.t.JMeterThread: Thread started: Agent search 2-283
2026-10-09 16:08:09,773 INFO o.a.j.t.JMeterThread: Thread is done: Agent search 2-283
2026-10-09 16:08:09,773 INFO o.a.j.t.JMeterThread: Thread finished: Agent search 2-283
2026-10-09 16:08:16,626 INFO o.a.j.t.JMeterThread: Thread started: Agent search 2-284
2026-10-09 16:08:16,643 INFO o.a.j.t.JMeterThread: Thread is done: Agent search 2-284
2026-10-09 16:08:16,643 INFO o.a.j.t.JMeterThread: Thread finished: Agent search 2-284
2026-10-09 16:08:19,109 INFO o.a.j.t.JMeterThread: Thread started: Agent search 2-285
2026-10-09 16:08:19,130 INFO o.a.j.t.JMeterThread: Thread is done: Agent search 2-285
2026-10-09 16:08:19,130 INFO o.a.j.t.JMeterThread: Thread finished: Agent search 2-285
2026-10-09 16:08:24,460 INFO o.a.j.t.JMeterThread: Thread is done: Ticket intake 1-52
2026-10-09 16:08:24,460 INFO o.a.j.t.JMeterThread: Thread finished: Ticket intake 1-52
2026-10-09 16:08:24,808 INFO o.a.j.t.JMeterThread: Thread started: Agent search 2-286
2026-10-09 16:08:24,845 INFO o.a.j.t.JMeterThread: Thread is done: Agent search 2-286
2026-10-09 16:08:24,845 INFO o.a.j.t.JMeterThread: Thread finished: Agent search 2-286
2026-10-09 16:08:28,517 INFO o.a.j.t.JMeterThread: Thread started: Agent search 2-287
2026-10-09 16:08:28,540 INFO o.a.j.t.JMeterThread: Thread is done: Agent search 2-287
2026-10-09 16:08:28,540 INFO o.a.j.t.JMeterThread: Thread finished: Agent search 2-287
2026-10-09 16:08:32,961 INFO o.a.j.t.JMeterThread: Thread started: Agent search 2-288
2026-10-09 16:08:32,985 INFO o.a.j.r.Summariser: summary +      8 in 00:00:33 =    0.2/s Avg: 75738 Min:    16 Max: 605739 Err:     1 (12.50%) Active: 31 Started: 370 Finished: 339
2026-10-09 16:08:32,985 INFO o.a.j.r.Summariser: summary =    340 in 00:22:30 =    0.3/s Avg: 87272 Min:    16 Max: 605739 Err:    34 (10.00%)
2026-10-09 16:08:32,986 INFO o.a.j.t.JMeterThread: Thread is done: Agent search 2-288
2026-10-09 16:08:32,986 INFO o.a.j.t.JMeterThread: Thread finished: Agent search 2-288
2026-10-09 16:08:36,927 INFO o.a.j.t.JMeterThread: Thread started: Agent search 2-289
2026-10-09 16:08:36,957 INFO o.a.j.t.JMeterThread: Thread is done: Agent search 2-289
2026-10-09 16:08:36,957 INFO o.a.j.t.JMeterThread: Thread finished: Agent search 2-289
2026-10-09 16:08:41,898 INFO o.a.j.t.JMeterThread: Thread started: Ticket intake 1-83
2026-10-09 16:08:42,321 INFO o.a.j.t.JMeterThread: Thread started: Agent search 2-290
2026-10-09 16:08:42,347 INFO o.a.j.t.JMeterThread: Thread is done: Agent search 2-290
2026-10-09 16:08:42,348 INFO o.a.j.t.JMeterThread: Thread finished: Agent search 2-290
2026-10-09 16:08:46,621 INFO o.a.j.t.JMeterThread: Thread started: Agent search 2-291
2026-10-09 16:08:46,649 INFO o.a.j.t.JMeterThread: Thread is done: Agent search 2-291
2026-10-09 16:08:46,649 INFO o.a.j.t.JMeterThread: Thread finished: Agent search 2-291
2026-10-09 16:08:50,141 INFO o.a.j.t.JMeterThread: Thread started: Agent search 2-292
2026-10-09 16:08:50,169 INFO o.a.j.t.JMeterThread: Thread is done: Agent search 2-292
2026-10-09 16:08:50,169 INFO o.a.j.t.JMeterThread: Thread finished: Agent search 2-292
2026-10-09 16:08:51,491 INFO o.a.j.t.JMeterThread: Thread started: Agent search 2-293
2026-10-09 16:08:51,517 INFO o.a.j.t.JMeterThread: Thread is done: Agent search 2-293
2026-10-09 16:08:51,517 INFO o.a.j.t.JMeterThread: Thread finished: Agent search 2-293
2026-10-09 16:08:52,771 INFO o.a.j.t.JMeterThread: Thread is done: Ticket intake 1-53
2026-10-09 16:08:52,771 INFO o.a.j.t.JMeterThread: Thread finished: Ticket intake 1-53
2026-10-09 16:08:53,903 INFO o.a.j.t.JMeterThread: Thread started: Agent search 2-294
2026-10-09 16:08:53,931 INFO o.a.j.t.JMeterThread: Thread is done: Agent search 2-294
2026-10-09 16:08:53,931 INFO o.a.j.t.JMeterThread: Thread finished: Agent search 2-294
2026-10-09 16:08:55,334 INFO o.a.j.t.JMeterThread: Thread started: Agent search 2-295
2026-10-09 16:08:55,357 INFO o.a.j.t.JMeterThread: Thread is done: Agent search 2-295
2026-10-09 16:08:55,357 INFO o.a.j.t.JMeterThread: Thread finished: Agent search 2-295
2026-10-09 16:09:00,715 INFO o.a.j.t.JMeterThread: Thread started: Agent search 2-296
2026-10-09 16:09:00,742 INFO o.a.j.r.Summariser: summary +      9 in 00:00:28 =    0.3/s Avg: 68943 Min:    22 Max: 620283 Err:     0 (0.00%) Active: 31 Started: 379 Finished: 348
2026-10-09 16:09:00,742 INFO o.a.j.r.Summariser: summary =    349 in 00:22:58 =    0.3/s Avg: 86800 Min:    16 Max: 620283 Err:    34 (9.74%)
2026-10-09 16:09:00,742 INFO o.a.j.t.JMeterThread: Thread is done: Agent search 2-296
2026-10-09 16:09:00,743 INFO o.a.j.t.JMeterThread: Thread finished: Agent search 2-296
2026-10-09 16:09:04,298 INFO o.a.j.t.JMeterThread: Thread started: Agent search 2-297
2026-10-09 16:09:04,320 INFO o.a.j.t.JMeterThread: Thread is done: Agent search 2-297
2026-10-09 16:09:04,320 INFO o.a.j.t.JMeterThread: Thread finished: Agent search 2-297
2026-10-09 16:09:05,486 INFO o.a.j.t.JMeterThread: Thread started: Agent search 2-298
2026-10-09 16:09:05,512 INFO o.a.j.t.JMeterThread: Thread is done: Agent search 2-298
2026-10-09 16:09:05,512 INFO o.a.j.t.JMeterThread: Thread finished: Agent search 2-298
2026-10-09 16:09:06,898 INFO o.a.j.t.JMeterThread: Thread started: Ticket intake 1-84
2026-10-09 16:09:09,218 INFO o.a.j.t.JMeterThread: Thread started: Agent search 2-299
2026-10-09 16:09:09,251 INFO o.a.j.t.JMeterThread: Thread is done: Agent search 2-299
2026-10-09 16:09:09,251 INFO o.a.j.t.JMeterThread: Thread finished: Agent search 2-299
2026-10-09 16:09:10,154 INFO o.a.j.t.JMeterThread: Thread started: Agent search 2-300
2026-10-09 16:09:10,193 INFO o.a.j.t.JMeterThread: Thread is done: Agent search 2-300
2026-10-09 16:09:10,193 INFO o.a.j.t.JMeterThread: Thread finished: Agent search 2-300
2026-10-09 16:09:10,637 INFO o.a.j.t.JMeterThread: Thread started: Agent search 2-301
2026-10-09 16:09:10,670 INFO o.a.j.t.JMeterThread: Thread is done: Agent search 2-301
2026-10-09 16:09:10,670 INFO o.a.j.t.JMeterThread: Thread finished: Agent search 2-301
2026-10-09 16:09:11,254 INFO o.a.j.t.JMeterThread: Thread started: Agent search 2-302
2026-10-09 16:09:11,303 INFO o.a.j.t.JMeterThread: Thread is done: Agent search 2-302
2026-10-09 16:09:11,304 INFO o.a.j.t.JMeterThread: Thread finished: Agent search 2-302
2026-10-09 16:09:12,075 INFO o.a.j.t.JMeterThread: Thread started: Agent search 2-303
2026-10-09 16:09:12,104 INFO o.a.j.t.JMeterThread: Thread is done: Agent search 2-303
2026-10-09 16:09:12,104 INFO o.a.j.t.JMeterThread: Thread finished: Agent search 2-303
2026-10-09 16:09:22,700 INFO o.a.j.t.JMeterThread: Thread is done: Ticket intake 1-54
2026-10-09 16:09:22,700 INFO o.a.j.t.JMeterThread: Thread finished: Ticket intake 1-54
2026-10-09 16:09:23,904 INFO o.a.j.t.JMeterThread: Thread started: Agent search 2-304
2026-10-09 16:09:23,931 INFO o.a.j.t.JMeterThread: Thread is done: Agent search 2-304
2026-10-09 16:09:23,931 INFO o.a.j.t.JMeterThread: Thread finished: Agent search 2-304
2026-10-09 16:09:24,987 INFO o.a.j.t.JMeterThread: Thread started: Agent search 2-305
2026-10-09 16:09:25,013 INFO o.a.j.t.JMeterThread: Thread is done: Agent search 2-305
2026-10-09 16:09:25,013 INFO o.a.j.t.JMeterThread: Thread finished: Agent search 2-305
2026-10-09 16:09:26,518 INFO o.a.j.t.JMeterThread: Thread started: Agent search 2-306
2026-10-09 16:09:26,542 INFO o.a.j.t.JMeterThread: Thread is done: Agent search 2-306
2026-10-09 16:09:26,542 INFO o.a.j.t.JMeterThread: Thread finished: Agent search 2-306
2026-10-09 16:09:30,039 INFO o.a.j.t.JMeterThread: Thread started: Agent search 2-307
2026-10-09 16:09:30,067 INFO o.a.j.r.Summariser: summary +     12 in 00:00:29 =    0.4/s Avg: 54194 Min:    20 Max: 650013 Err:     1 (8.33%) Active: 31 Started: 391 Finished: 360
2026-10-09 16:09:30,068 INFO o.a.j.r.Summariser: summary =    361 in 00:23:27 =    0.3/s Avg: 85716 Min:    16 Max: 650013 Err:    35 (9.70%)
2026-10-09 16:09:30,068 INFO o.a.j.t.JMeterThread: Thread is done: Agent search 2-307
2026-10-09 16:09:30,068 INFO o.a.j.t.JMeterThread: Thread finished: Agent search 2-307
2026-10-09 16:09:40,402 INFO o.a.j.t.JMeterThread: Thread is done: Ticket intake 1-55
2026-10-09 16:09:40,402 INFO o.a.j.t.JMeterThread: Thread finished: Ticket intake 1-55
2026-10-09 16:09:55,683 INFO o.a.j.t.JMeterThread: Thread started: Agent search 2-308
2026-10-09 16:09:55,713 INFO o.a.j.t.JMeterThread: Thread is done: Agent search 2-308
2026-10-09 16:09:55,713 INFO o.a.j.t.JMeterThread: Thread finished: Agent search 2-308
2026-10-09 16:09:55,936 INFO o.a.j.t.JMeterThread: Thread started: Agent search 2-309
2026-10-09 16:09:55,961 INFO o.a.j.t.JMeterThread: Thread is done: Agent search 2-309
2026-10-09 16:09:55,961 INFO o.a.j.t.JMeterThread: Thread finished: Agent search 2-309
2026-10-09 16:09:57,001 INFO o.a.j.t.JMeterThread: Thread started: Ticket intake 1-85
2026-10-09 16:10:04,272 INFO o.a.j.t.JMeterThread: Thread started: Agent search 2-310
2026-10-09 16:10:04,302 INFO o.a.j.r.Summariser: summary +      4 in 00:00:34 =    0.1/s Avg: 162523 Min:    24 Max: 650013 Err:     1 (25.00%) Active: 31 Started: 395 Finished: 364
2026-10-09 16:10:04,302 INFO o.a.j.r.Summariser: summary =    365 in 00:24:01 =    0.3/s Avg: 86558 Min:    16 Max: 650013 Err:    36 (9.86%)
2026-10-09 16:10:04,302 INFO o.a.j.t.JMeterThread: Thread is done: Agent search 2-310
2026-10-09 16:10:04,302 INFO o.a.j.t.JMeterThread: Thread finished: Agent search 2-310
2026-10-09 16:10:06,080 INFO o.a.j.t.JMeterThread: Thread is done: Ticket intake 1-56
2026-10-09 16:10:06,081 INFO o.a.j.t.JMeterThread: Thread finished: Ticket intake 1-56
2026-10-09 16:10:09,523 INFO o.a.j.t.JMeterThread: Thread started: Agent search 2-311
2026-10-09 16:10:09,561 INFO o.a.j.t.JMeterThread: Thread is done: Agent search 2-311
2026-10-09 16:10:09,561 INFO o.a.j.t.JMeterThread: Thread finished: Agent search 2-311
2026-10-09 16:10:10,279 INFO o.a.j.t.JMeterThread: Thread started: Agent search 2-312
2026-10-09 16:10:10,311 INFO o.a.j.t.JMeterThread: Thread is done: Agent search 2-312
2026-10-09 16:10:10,311 INFO o.a.j.t.JMeterThread: Thread finished: Agent search 2-312
2026-10-09 16:10:11,019 INFO o.a.j.t.JMeterThread: Thread started: Ticket intake 1-86
2026-10-09 16:10:12,205 INFO o.a.j.t.JMeterThread: Thread is done: Ticket intake 1-57
2026-10-09 16:10:12,205 INFO o.a.j.t.JMeterThread: Thread finished: Ticket intake 1-57
2026-10-09 16:10:14,177 INFO o.a.j.t.JMeterThread: Thread started: Agent search 2-313
2026-10-09 16:10:14,209 INFO o.a.j.t.JMeterThread: Thread is done: Agent search 2-313
2026-10-09 16:10:14,209 INFO o.a.j.t.JMeterThread: Thread finished: Agent search 2-313
2026-10-09 16:10:14,339 INFO o.a.j.t.JMeterThread: Thread started: Agent search 2-314
2026-10-09 16:10:14,360 INFO o.a.j.t.JMeterThread: Thread is done: Agent search 2-314
2026-10-09 16:10:14,360 INFO o.a.j.t.JMeterThread: Thread finished: Agent search 2-314
2026-10-09 16:10:18,244 INFO o.a.j.t.JMeterThread: Thread started: Agent search 2-315
2026-10-09 16:10:18,270 INFO o.a.j.t.JMeterThread: Thread is done: Agent search 2-315
2026-10-09 16:10:18,271 INFO o.a.j.t.JMeterThread: Thread finished: Agent search 2-315
2026-10-09 16:10:18,943 INFO o.a.j.t.JMeterThread: Thread started: Agent search 2-316
2026-10-09 16:10:18,964 INFO o.a.j.t.JMeterThread: Thread is done: Agent search 2-316
2026-10-09 16:10:18,964 INFO o.a.j.t.JMeterThread: Thread finished: Agent search 2-316
2026-10-09 16:10:19,935 INFO o.a.j.t.JMeterThread: Thread started: Agent search 2-317
2026-10-09 16:10:19,958 INFO o.a.j.t.JMeterThread: Thread is done: Agent search 2-317
2026-10-09 16:10:19,958 INFO o.a.j.t.JMeterThread: Thread finished: Agent search 2-317
2026-10-09 16:10:20,008 INFO o.a.j.t.JMeterThread: Thread started: Agent search 2-318
2026-10-09 16:10:20,030 INFO o.a.j.t.JMeterThread: Thread is done: Agent search 2-318
2026-10-09 16:10:20,030 INFO o.a.j.t.JMeterThread: Thread finished: Agent search 2-318
2026-10-09 16:10:24,106 INFO o.a.j.t.JMeterThread: Thread started: Agent search 2-319
2026-10-09 16:10:24,126 INFO o.a.j.t.JMeterThread: Thread is done: Agent search 2-319
2026-10-09 16:10:24,126 INFO o.a.j.t.JMeterThread: Thread finished: Agent search 2-319
2026-10-09 16:10:26,291 INFO o.a.j.t.JMeterThread: Thread started: Ticket intake 1-87
2026-10-09 16:10:27,779 INFO o.a.j.t.JMeterThread: Thread started: Agent search 2-320
2026-10-09 16:10:27,800 INFO o.a.j.t.JMeterThread: Thread is done: Agent search 2-320
2026-10-09 16:10:27,800 INFO o.a.j.t.JMeterThread: Thread finished: Agent search 2-320
2026-10-09 16:10:30,035 INFO o.a.j.t.JMeterThread: Thread started: Agent search 2-321
2026-10-09 16:10:30,059 INFO o.a.j.r.Summariser: summary +     13 in 00:00:26 =    0.5/s Avg: 98091 Min:    19 Max: 647767 Err:     2 (15.38%) Active: 31 Started: 408 Finished: 377
2026-10-09 16:10:30,059 INFO o.a.j.r.Summariser: summary =    378 in 00:24:27 =    0.3/s Avg: 86954 Min:    16 Max: 650013 Err:    38 (10.05%)
2026-10-09 16:10:30,059 INFO o.a.j.t.JMeterThread: Thread is done: Agent search 2-321
2026-10-09 16:10:30,059 INFO o.a.j.t.JMeterThread: Thread finished: Agent search 2-321
2026-10-09 16:10:31,047 INFO o.a.j.t.JMeterThread: Thread started: Agent search 2-322
2026-10-09 16:10:31,067 INFO o.a.j.t.JMeterThread: Thread is done: Agent search 2-322
2026-10-09 16:10:31,067 INFO o.a.j.t.JMeterThread: Thread finished: Agent search 2-322
2026-10-09 16:10:33,721 INFO o.a.j.t.JMeterThread: Thread is done: Ticket intake 1-58
2026-10-09 16:10:33,721 INFO o.a.j.t.JMeterThread: Thread finished: Ticket intake 1-58
2026-10-09 16:10:34,658 INFO o.a.j.t.JMeterThread: Thread started: Agent search 2-323
2026-10-09 16:10:34,680 INFO o.a.j.t.JMeterThread: Thread is done: Agent search 2-323
2026-10-09 16:10:34,680 INFO o.a.j.t.JMeterThread: Thread finished: Agent search 2-323
2026-10-09 16:10:38,588 INFO o.a.j.t.JMeterThread: Thread started: Agent search 2-324
2026-10-09 16:10:38,632 INFO o.a.j.t.JMeterThread: Thread is done: Agent search 2-324
2026-10-09 16:10:38,632 INFO o.a.j.t.JMeterThread: Thread finished: Agent search 2-324
2026-10-09 16:10:39,317 INFO o.a.j.t.JMeterThread: Thread started: Ticket intake 1-88
2026-10-09 16:10:40,424 INFO o.a.j.t.JMeterThread: Thread started: Agent search 2-325
2026-10-09 16:10:40,446 INFO o.a.j.t.JMeterThread: Thread is done: Agent search 2-325
2026-10-09 16:10:40,446 INFO o.a.j.t.JMeterThread: Thread finished: Agent search 2-325
2026-10-09 16:10:40,973 INFO o.a.j.t.JMeterThread: Thread started: Agent search 2-326
2026-10-09 16:10:41,002 INFO o.a.j.t.JMeterThread: Thread is done: Agent search 2-326
2026-10-09 16:10:41,002 INFO o.a.j.t.JMeterThread: Thread finished: Agent search 2-326
2026-10-09 16:10:41,462 INFO o.a.j.t.JMeterThread: Thread started: Agent search 2-327
2026-10-09 16:10:41,490 INFO o.a.j.t.JMeterThread: Thread is done: Agent search 2-327
2026-10-09 16:10:41,490 INFO o.a.j.t.JMeterThread: Thread finished: Agent search 2-327
2026-10-09 16:10:42,478 INFO o.a.j.t.JMeterThread: Thread started: Agent search 2-328
2026-10-09 16:10:42,511 INFO o.a.j.t.JMeterThread: Thread is done: Agent search 2-328
2026-10-09 16:10:42,511 INFO o.a.j.t.JMeterThread: Thread finished: Agent search 2-328
2026-10-09 16:10:42,906 INFO o.a.j.t.JMeterThread: Thread started: Agent search 2-329
2026-10-09 16:10:42,930 INFO o.a.j.t.JMeterThread: Thread is done: Agent search 2-329
2026-10-09 16:10:42,930 INFO o.a.j.t.JMeterThread: Thread finished: Agent search 2-329
2026-10-09 16:10:48,012 INFO o.a.j.t.JMeterThread: Thread started: Agent search 2-330
2026-10-09 16:10:48,037 INFO o.a.j.t.JMeterThread: Thread is done: Agent search 2-330
2026-10-09 16:10:48,037 INFO o.a.j.t.JMeterThread: Thread finished: Agent search 2-330
2026-10-09 16:10:51,703 INFO o.a.j.t.JMeterThread: Thread is done: Ticket intake 1-59
2026-10-09 16:10:51,703 INFO o.a.j.t.JMeterThread: Thread finished: Ticket intake 1-59
2026-10-09 16:10:52,524 INFO o.a.j.t.JMeterThread: Thread started: Agent search 2-331
2026-10-09 16:10:52,554 INFO o.a.j.t.JMeterThread: Thread is done: Agent search 2-331
2026-10-09 16:10:52,554 INFO o.a.j.t.JMeterThread: Thread finished: Agent search 2-331
2026-10-09 16:10:55,053 INFO o.a.j.t.JMeterThread: Thread started: Agent search 2-332
2026-10-09 16:10:55,079 INFO o.a.j.t.JMeterThread: Thread is done: Agent search 2-332
2026-10-09 16:10:55,079 INFO o.a.j.t.JMeterThread: Thread finished: Agent search 2-332
2026-10-09 16:10:56,464 INFO o.a.j.t.JMeterThread: Thread is done: Ticket intake 1-60
2026-10-09 16:10:56,464 INFO o.a.j.t.JMeterThread: Thread finished: Ticket intake 1-60
2026-10-09 16:11:07,290 INFO o.a.j.t.JMeterThread: Thread started: Ticket intake 1-89
2026-10-09 16:11:07,699 INFO o.a.j.t.JMeterThread: Thread started: Agent search 2-333
2026-10-09 16:11:07,720 INFO o.a.j.t.JMeterThread: Thread is done: Agent search 2-333
2026-10-09 16:11:07,720 INFO o.a.j.t.JMeterThread: Thread finished: Agent search 2-333
2026-10-09 16:11:07,923 INFO o.a.j.t.JMeterThread: Thread is done: Ticket intake 1-61
2026-10-09 16:11:07,923 INFO o.a.j.t.JMeterThread: Thread finished: Ticket intake 1-61
2026-10-09 16:11:09,259 INFO o.a.j.t.JMeterThread: Thread started: Agent search 2-334
2026-10-09 16:11:09,300 INFO o.a.j.t.JMeterThread: Thread is done: Agent search 2-334
2026-10-09 16:11:09,301 INFO o.a.j.t.JMeterThread: Thread finished: Agent search 2-334
2026-10-09 16:11:13,704 INFO o.a.j.t.JMeterThread: Thread started: Ticket intake 1-90
2026-10-09 16:11:14,756 INFO o.a.j.t.JMeterThread: Thread is done: Ticket intake 1-62
2026-10-09 16:11:14,756 INFO o.a.j.t.JMeterThread: Thread finished: Ticket intake 1-62
2026-10-09 16:11:14,886 INFO o.a.j.t.JMeterThread: Thread started: Agent search 2-335
2026-10-09 16:11:14,910 INFO o.a.j.t.JMeterThread: Thread is done: Agent search 2-335
2026-10-09 16:11:14,910 INFO o.a.j.t.JMeterThread: Thread finished: Agent search 2-335
2026-10-09 16:11:20,087 INFO o.a.j.t.JMeterThread: Thread started: Agent search 2-336
2026-10-09 16:11:20,123 INFO o.a.j.t.JMeterThread: Thread is done: Agent search 2-336
2026-10-09 16:11:20,123 INFO o.a.j.t.JMeterThread: Thread finished: Agent search 2-336
2026-10-09 16:11:21,174 INFO o.a.j.t.JMeterThread: Thread started: Agent search 2-337
2026-10-09 16:11:21,195 INFO o.a.j.t.JMeterThread: Thread is done: Agent search 2-337
2026-10-09 16:11:21,195 INFO o.a.j.t.JMeterThread: Thread finished: Agent search 2-337
2026-10-09 16:11:23,626 INFO o.a.j.t.JMeterThread: Thread started: Ticket intake 1-91
2026-10-09 16:11:24,038 INFO o.a.j.t.JMeterThread: Thread started: Agent search 2-338
2026-10-09 16:11:24,072 INFO o.a.j.t.JMeterThread: Thread is done: Agent search 2-338
2026-10-09 16:11:24,072 INFO o.a.j.t.JMeterThread: Thread finished: Agent search 2-338
2026-10-09 16:11:28,762 INFO o.a.j.t.JMeterThread: Thread started: Agent search 2-339
2026-10-09 16:11:28,798 INFO o.a.j.t.JMeterThread: Thread is done: Agent search 2-339
2026-10-09 16:11:28,798 INFO o.a.j.t.JMeterThread: Thread finished: Agent search 2-339
2026-10-09 16:11:28,961 INFO o.a.j.t.JMeterThread: Thread started: Agent search 2-340
2026-10-09 16:11:28,983 INFO o.a.j.t.JMeterThread: Thread is done: Agent search 2-340
2026-10-09 16:11:28,983 INFO o.a.j.t.JMeterThread: Thread finished: Agent search 2-340
2026-10-09 16:11:34,116 INFO o.a.j.t.JMeterThread: Thread started: Ticket intake 1-92
2026-10-09 16:11:34,469 INFO o.a.j.t.JMeterThread: Thread started: Agent search 2-341
2026-10-09 16:11:34,491 INFO o.a.j.r.Summariser: summary +     25 in 00:01:04 =    0.4/s Avg: 126859 Min:    19 Max: 650017 Err:     5 (20.00%) Active: 31 Started: 433 Finished: 402
2026-10-09 16:11:34,491 INFO o.a.j.r.Summariser: summary =    403 in 00:25:31 =    0.3/s Avg: 89430 Min:    16 Max: 650017 Err:    43 (10.67%)
2026-10-09 16:11:34,491 INFO o.a.j.t.JMeterThread: Thread is done: Agent search 2-341
2026-10-09 16:11:34,491 INFO o.a.j.t.JMeterThread: Thread finished: Agent search 2-341
2026-10-09 16:11:36,463 INFO o.a.j.t.JMeterThread: Thread started: Agent search 2-342
2026-10-09 16:11:36,485 INFO o.a.j.t.JMeterThread: Thread is done: Agent search 2-342
2026-10-09 16:11:36,485 INFO o.a.j.t.JMeterThread: Thread finished: Agent search 2-342
2026-10-09 16:11:37,469 INFO o.a.j.t.JMeterThread: Thread started: Ticket intake 1-93
2026-10-09 16:11:37,605 INFO o.a.j.t.JMeterThread: Thread started: Agent search 2-343
2026-10-09 16:11:37,632 INFO o.a.j.t.JMeterThread: Thread is done: Agent search 2-343
2026-10-09 16:11:37,632 INFO o.a.j.t.JMeterThread: Thread finished: Agent search 2-343
2026-10-09 16:11:40,149 INFO o.a.j.t.JMeterThread: Thread started: Ticket intake 1-94
2026-10-09 16:11:42,391 INFO o.a.j.t.JMeterThread: Thread is done: Ticket intake 1-63
2026-10-09 16:11:42,391 INFO o.a.j.t.JMeterThread: Thread finished: Ticket intake 1-63
2026-10-09 16:11:42,497 INFO o.a.j.t.JMeterThread: Thread started: Agent search 2-344
2026-10-09 16:11:42,548 INFO o.a.j.t.JMeterThread: Thread is done: Agent search 2-344
2026-10-09 16:11:42,548 INFO o.a.j.t.JMeterThread: Thread finished: Agent search 2-344
2026-10-09 16:11:42,980 INFO o.a.j.t.JMeterThread: Thread started: Agent search 2-345
2026-10-09 16:11:43,000 INFO o.a.j.t.JMeterThread: Thread is done: Agent search 2-345
2026-10-09 16:11:43,000 INFO o.a.j.t.JMeterThread: Thread finished: Agent search 2-345
2026-10-09 16:11:44,918 INFO o.a.j.t.JMeterThread: Thread started: Agent search 2-346
2026-10-09 16:11:44,946 INFO o.a.j.t.JMeterThread: Thread is done: Agent search 2-346
2026-10-09 16:11:44,946 INFO o.a.j.t.JMeterThread: Thread finished: Agent search 2-346
2026-10-09 16:11:45,270 INFO o.a.j.t.JMeterThread: Thread is done: Ticket intake 1-64
2026-10-09 16:11:45,270 INFO o.a.j.t.JMeterThread: Thread finished: Ticket intake 1-64
2026-10-09 16:11:48,900 INFO o.a.j.t.JMeterThread: Thread is done: Ticket intake 1-65
2026-10-09 16:11:48,900 INFO o.a.j.t.JMeterThread: Thread finished: Ticket intake 1-65
2026-10-09 16:11:56,941 INFO o.a.j.t.JMeterThread: Thread started: Agent search 2-347
2026-10-09 16:11:56,960 INFO o.a.j.t.JMeterThread: Thread is done: Agent search 2-347
2026-10-09 16:11:56,960 INFO o.a.j.t.JMeterThread: Thread finished: Agent search 2-347
2026-10-09 16:12:01,417 INFO o.a.j.t.JMeterThread: Thread started: Agent search 2-348
2026-10-09 16:12:01,456 INFO o.a.j.r.Summariser: summary +     10 in 00:00:27 =    0.4/s Avg: 180055 Min:    18 Max: 600121 Err:     3 (30.00%) Active: 30 Started: 442 Finished: 412
2026-10-09 16:12:01,457 INFO o.a.j.r.Summariser: summary =    413 in 00:25:58 =    0.3/s Avg: 91624 Min:    16 Max: 650017 Err:    46 (11.14%)
2026-10-09 16:12:01,457 INFO o.a.j.t.JMeterThread: Thread is done: Agent search 2-348
2026-10-09 16:12:01,457 INFO o.a.j.t.JMeterThread: Thread finished: Agent search 2-348
2026-10-09 16:12:04,772 INFO o.a.j.t.JMeterThread: Thread started: Agent search 2-349
2026-10-09 16:12:04,798 INFO o.a.j.t.JMeterThread: Thread is done: Agent search 2-349
2026-10-09 16:12:04,798 INFO o.a.j.t.JMeterThread: Thread finished: Agent search 2-349
2026-10-09 16:12:06,989 INFO o.a.j.t.JMeterThread: Thread is done: Ticket intake 1-66
2026-10-09 16:12:06,990 INFO o.a.j.t.JMeterThread: Thread finished: Ticket intake 1-66
2026-10-09 16:12:09,110 INFO o.a.j.t.JMeterThread: Thread started: Agent search 2-350
2026-10-09 16:12:09,134 INFO o.a.j.t.JMeterThread: Thread is done: Agent search 2-350
2026-10-09 16:12:09,134 INFO o.a.j.t.JMeterThread: Thread finished: Agent search 2-350
2026-10-09 16:12:18,514 INFO o.a.j.t.JMeterThread: Thread started: Agent search 2-351
2026-10-09 16:12:18,572 INFO o.a.j.t.JMeterThread: Thread is done: Agent search 2-351
2026-10-09 16:12:18,572 INFO o.a.j.t.JMeterThread: Thread finished: Agent search 2-351
2026-10-09 16:12:18,895 INFO o.a.j.t.JMeterThread: Thread started: Agent search 2-352
2026-10-09 16:12:18,933 INFO o.a.j.t.JMeterThread: Thread is done: Agent search 2-352
2026-10-09 16:12:18,934 INFO o.a.j.t.JMeterThread: Thread finished: Agent search 2-352
2026-10-09 16:12:26,496 INFO o.a.j.t.JMeterThread: Thread started: Agent search 2-353
2026-10-09 16:12:26,518 INFO o.a.j.t.JMeterThread: Thread is done: Agent search 2-353
2026-10-09 16:12:26,518 INFO o.a.j.t.JMeterThread: Thread finished: Agent search 2-353
2026-10-09 16:12:28,351 INFO o.a.j.t.JMeterThread: Thread started: Agent search 2-354
2026-10-09 16:12:28,377 INFO o.a.j.t.JMeterThread: Thread is done: Agent search 2-354
2026-10-09 16:12:28,377 INFO o.a.j.t.JMeterThread: Thread finished: Agent search 2-354
2026-10-09 16:12:29,608 INFO o.a.j.t.JMeterThread: Thread started: Agent search 2-355
2026-10-09 16:12:29,639 INFO o.a.j.t.JMeterThread: Thread is done: Agent search 2-355
2026-10-09 16:12:29,639 INFO o.a.j.t.JMeterThread: Thread finished: Agent search 2-355
2026-10-09 16:12:30,035 INFO o.a.j.t.JMeterThread: Thread started: Agent search 2-356
2026-10-09 16:12:30,061 INFO o.a.j.r.Summariser: summary +      9 in 00:00:29 =    0.3/s Avg: 66713 Min:    21 Max: 600179 Err:     1 (11.11%) Active: 29 Started: 450 Finished: 421
2026-10-09 16:12:30,061 INFO o.a.j.r.Summariser: summary =    422 in 00:26:27 =    0.3/s Avg: 91093 Min:    16 Max: 650017 Err:    47 (11.14%)
2026-10-09 16:12:30,061 INFO o.a.j.t.JMeterThread: Thread is done: Agent search 2-356
2026-10-09 16:12:30,061 INFO o.a.j.t.JMeterThread: Thread finished: Agent search 2-356
2026-10-09 16:12:31,693 INFO o.a.j.t.JMeterThread: Thread is done: Ticket intake 1-67
2026-10-09 16:12:31,693 INFO o.a.j.t.JMeterThread: Thread finished: Ticket intake 1-67
2026-10-09 16:12:33,658 INFO o.a.j.t.JMeterThread: Thread started: Agent search 2-357
2026-10-09 16:12:33,685 INFO o.a.j.t.JMeterThread: Thread is done: Agent search 2-357
2026-10-09 16:12:33,685 INFO o.a.j.t.JMeterThread: Thread finished: Agent search 2-357
2026-10-09 16:12:36,206 INFO o.a.j.t.JMeterThread: Thread started: Ticket intake 1-95
2026-10-09 16:12:36,905 INFO o.a.j.t.JMeterThread: Thread started: Agent search 2-358
2026-10-09 16:12:36,955 INFO o.a.j.t.JMeterThread: Thread is done: Agent search 2-358
2026-10-09 16:12:36,955 INFO o.a.j.t.JMeterThread: Thread finished: Agent search 2-358
2026-10-09 16:12:41,272 INFO o.a.j.t.JMeterThread: Thread started: Agent search 2-359
2026-10-09 16:12:41,297 INFO o.a.j.t.JMeterThread: Thread is done: Agent search 2-359
2026-10-09 16:12:41,297 INFO o.a.j.t.JMeterThread: Thread finished: Agent search 2-359
2026-10-09 16:12:42,655 INFO o.a.j.t.JMeterThread: Thread started: Ticket intake 1-96
2026-10-09 16:12:44,133 INFO o.a.j.t.JMeterThread: Thread started: Agent search 2-360
2026-10-09 16:12:44,155 INFO o.a.j.t.JMeterThread: Thread is done: Agent search 2-360
2026-10-09 16:12:44,155 INFO o.a.j.t.JMeterThread: Thread finished: Agent search 2-360
2026-10-09 16:12:48,856 INFO o.a.j.t.JMeterThread: Thread started: Agent search 2-361
2026-10-09 16:12:48,878 INFO o.a.j.t.JMeterThread: Thread is done: Agent search 2-361
2026-10-09 16:12:48,878 INFO o.a.j.t.JMeterThread: Thread finished: Agent search 2-361
2026-10-09 16:12:51,759 INFO o.a.j.t.JMeterThread: Thread started: Agent search 2-362
2026-10-09 16:12:51,782 INFO o.a.j.t.JMeterThread: Thread is done: Agent search 2-362
2026-10-09 16:12:51,782 INFO o.a.j.t.JMeterThread: Thread finished: Agent search 2-362
2026-10-09 16:12:55,812 INFO o.a.j.t.JMeterThread: Thread started: Agent search 2-363
2026-10-09 16:12:55,847 INFO o.a.j.t.JMeterThread: Thread is done: Agent search 2-363
2026-10-09 16:12:55,847 INFO o.a.j.t.JMeterThread: Thread finished: Agent search 2-363
2026-10-09 16:13:00,754 INFO o.a.j.t.JMeterThread: Thread started: Agent search 2-364
2026-10-09 16:13:00,777 INFO o.a.j.r.Summariser: summary +      9 in 00:00:31 =    0.3/s Avg: 66706 Min:    20 Max: 600139 Err:     1 (11.11%) Active: 30 Started: 460 Finished: 430
2026-10-09 16:13:00,777 INFO o.a.j.r.Summariser: summary =    431 in 00:26:58 =    0.3/s Avg: 90584 Min:    16 Max: 650017 Err:    48 (11.14%)
2026-10-09 16:13:00,777 INFO o.a.j.t.JMeterThread: Thread is done: Agent search 2-364
2026-10-09 16:13:00,777 INFO o.a.j.t.JMeterThread: Thread finished: Agent search 2-364
2026-10-09 16:13:09,108 INFO o.a.j.t.JMeterThread: Thread is done: Ticket intake 1-68
2026-10-09 16:13:09,108 INFO o.a.j.t.JMeterThread: Thread finished: Ticket intake 1-68
2026-10-09 16:13:13,395 INFO o.a.j.t.JMeterThread: Thread started: Ticket intake 1-97
2026-10-09 16:13:14,271 INFO o.a.j.t.JMeterThread: Thread started: Agent search 2-365
2026-10-09 16:13:14,295 INFO o.a.j.t.JMeterThread: Thread is done: Agent search 2-365
2026-10-09 16:13:14,296 INFO o.a.j.t.JMeterThread: Thread finished: Agent search 2-365
2026-10-09 16:13:15,053 INFO o.a.j.t.JMeterThread: Thread started: Agent search 2-366
2026-10-09 16:13:15,080 INFO o.a.j.t.JMeterThread: Thread is done: Agent search 2-366
2026-10-09 16:13:15,080 INFO o.a.j.t.JMeterThread: Thread finished: Agent search 2-366
2026-10-09 16:13:15,815 INFO o.a.j.t.JMeterThread: Thread started: Agent search 2-367
2026-10-09 16:13:15,838 INFO o.a.j.t.JMeterThread: Thread is done: Agent search 2-367
2026-10-09 16:13:15,838 INFO o.a.j.t.JMeterThread: Thread finished: Agent search 2-367
2026-10-09 16:13:33,528 INFO o.a.j.t.JMeterThread: Thread started: Agent search 2-368
2026-10-09 16:13:33,563 INFO o.a.j.r.Summariser: summary +      5 in 00:00:33 =    0.2/s Avg: 119819 Min:    22 Max: 598993 Err:     0 (0.00%) Active: 30 Started: 465 Finished: 435
2026-10-09 16:13:33,563 INFO o.a.j.r.Summariser: summary =    436 in 00:27:31 =    0.3/s Avg: 90919 Min:    16 Max: 650017 Err:    48 (11.01%)
2026-10-09 16:13:33,563 INFO o.a.j.t.JMeterThread: Thread is done: Agent search 2-368
2026-10-09 16:13:33,564 INFO o.a.j.t.JMeterThread: Thread finished: Agent search 2-368
2026-10-09 16:13:44,804 INFO o.a.j.t.JMeterThread: Thread started: Agent search 2-369
2026-10-09 16:13:44,827 INFO o.a.j.t.JMeterThread: Thread is done: Agent search 2-369
2026-10-09 16:13:44,827 INFO o.a.j.t.JMeterThread: Thread finished: Agent search 2-369
2026-10-09 16:13:45,773 INFO o.a.j.t.JMeterThread: Thread started: Agent search 2-370
2026-10-09 16:13:45,803 INFO o.a.j.t.JMeterThread: Thread is done: Agent search 2-370
2026-10-09 16:13:45,803 INFO o.a.j.t.JMeterThread: Thread finished: Agent search 2-370
2026-10-09 16:13:49,017 INFO o.a.j.t.JMeterThread: Thread started: Ticket intake 1-98
2026-10-09 16:13:49,736 INFO o.a.j.t.JMeterThread: Thread is done: Ticket intake 1-69
2026-10-09 16:13:49,736 INFO o.a.j.t.JMeterThread: Thread finished: Ticket intake 1-69
2026-10-09 16:13:52,117 INFO o.a.j.t.JMeterThread: Thread started: Agent search 2-371
2026-10-09 16:13:52,138 INFO o.a.j.t.JMeterThread: Thread is done: Agent search 2-371
2026-10-09 16:13:52,138 INFO o.a.j.t.JMeterThread: Thread finished: Agent search 2-371
2026-10-09 16:13:54,059 INFO o.a.j.t.JMeterThread: Thread started: Agent search 2-372
2026-10-09 16:13:54,086 INFO o.a.j.t.JMeterThread: Thread is done: Agent search 2-372
2026-10-09 16:13:54,086 INFO o.a.j.t.JMeterThread: Thread finished: Agent search 2-372
2026-10-09 16:13:58,913 INFO o.a.j.t.JMeterThread: Thread is done: Ticket intake 1-70
2026-10-09 16:13:58,913 INFO o.a.j.t.JMeterThread: Thread finished: Ticket intake 1-70
2026-10-09 16:14:00,034 INFO o.a.j.t.JMeterThread: Thread started: Agent search 2-373
2026-10-09 16:14:00,060 INFO o.a.j.r.Summariser: summary +      7 in 00:00:26 =    0.3/s Avg: 171483 Min:    19 Max: 600134 Err:     2 (28.57%) Active: 29 Started: 471 Finished: 442
2026-10-09 16:14:00,060 INFO o.a.j.r.Summariser: summary =    443 in 00:27:57 =    0.3/s Avg: 92192 Min:    16 Max: 650017 Err:    50 (11.29%)
2026-10-09 16:14:00,061 INFO o.a.j.t.JMeterThread: Thread is done: Agent search 2-373
2026-10-09 16:14:00,061 INFO o.a.j.t.JMeterThread: Thread finished: Agent search 2-373
2026-10-09 16:14:05,955 INFO o.a.j.t.JMeterThread: Thread is done: Ticket intake 1-71
2026-10-09 16:14:05,955 INFO o.a.j.t.JMeterThread: Thread finished: Ticket intake 1-71
2026-10-09 16:14:09,655 INFO o.a.j.t.JMeterThread: Thread is done: Ticket intake 1-72
2026-10-09 16:14:09,655 INFO o.a.j.t.JMeterThread: Thread finished: Ticket intake 1-72
2026-10-09 16:14:16,235 INFO o.a.j.t.JMeterThread: Thread started: Agent search 2-374
2026-10-09 16:14:16,268 INFO o.a.j.t.JMeterThread: Thread started: Agent search 2-375
2026-10-09 16:14:16,274 INFO o.a.j.t.JMeterThread: Thread is done: Agent search 2-374
2026-10-09 16:14:16,274 INFO o.a.j.t.JMeterThread: Thread finished: Agent search 2-374
2026-10-09 16:14:16,291 INFO o.a.j.t.JMeterThread: Thread is done: Agent search 2-375
2026-10-09 16:14:16,291 INFO o.a.j.t.JMeterThread: Thread finished: Agent search 2-375
2026-10-09 16:14:18,850 INFO o.a.j.t.JMeterThread: Thread started: Agent search 2-376
2026-10-09 16:14:18,873 INFO o.a.j.t.JMeterThread: Thread is done: Agent search 2-376
2026-10-09 16:14:18,873 INFO o.a.j.t.JMeterThread: Thread finished: Agent search 2-376
2026-10-09 16:14:25,522 INFO o.a.j.t.JMeterThread: Thread started: Agent search 2-377
2026-10-09 16:14:25,550 INFO o.a.j.t.JMeterThread: Thread is done: Agent search 2-377
2026-10-09 16:14:25,550 INFO o.a.j.t.JMeterThread: Thread finished: Agent search 2-377
2026-10-09 16:14:26,741 INFO o.a.j.t.JMeterThread: Thread started: Agent search 2-378
2026-10-09 16:14:26,763 INFO o.a.j.t.JMeterThread: Thread is done: Agent search 2-378
2026-10-09 16:14:26,763 INFO o.a.j.t.JMeterThread: Thread finished: Agent search 2-378
2026-10-09 16:14:31,567 INFO o.a.j.t.JMeterThread: Thread started: Agent search 2-379
2026-10-09 16:14:31,609 INFO o.a.j.r.Summariser: summary +      8 in 00:00:32 =    0.3/s Avg: 150053 Min:    20 Max: 600137 Err:     2 (25.00%) Active: 27 Started: 477 Finished: 450
2026-10-09 16:14:31,609 INFO o.a.j.r.Summariser: summary =    451 in 00:28:29 =    0.3/s Avg: 93218 Min:    16 Max: 650017 Err:    52 (11.53%)
2026-10-09 16:14:31,609 INFO o.a.j.t.JMeterThread: Thread is done: Agent search 2-379
2026-10-09 16:14:31,609 INFO o.a.j.t.JMeterThread: Thread finished: Agent search 2-379
2026-10-09 16:14:35,402 INFO o.a.j.t.JMeterThread: Thread started: Agent search 2-380
2026-10-09 16:14:35,424 INFO o.a.j.t.JMeterThread: Thread is done: Agent search 2-380
2026-10-09 16:14:35,424 INFO o.a.j.t.JMeterThread: Thread finished: Agent search 2-380
2026-10-09 16:14:49,903 INFO o.a.j.t.JMeterThread: Thread started: Agent search 2-381
2026-10-09 16:14:49,924 INFO o.a.j.t.JMeterThread: Thread is done: Agent search 2-381
2026-10-09 16:14:49,924 INFO o.a.j.t.JMeterThread: Thread finished: Agent search 2-381
2026-10-09 16:14:54,118 INFO o.a.j.t.JMeterThread: Thread started: Agent search 2-382
2026-10-09 16:14:54,141 INFO o.a.j.t.JMeterThread: Thread is done: Agent search 2-382
2026-10-09 16:14:54,141 INFO o.a.j.t.JMeterThread: Thread finished: Agent search 2-382
2026-10-09 16:14:54,627 INFO o.a.j.t.JMeterThread: Thread started: Ticket intake 1-99
2026-10-09 16:14:57,764 INFO o.a.j.t.JMeterThread: Thread started: Agent search 2-383
2026-10-09 16:14:57,792 INFO o.a.j.t.JMeterThread: Thread is done: Agent search 2-383
2026-10-09 16:14:57,792 INFO o.a.j.t.JMeterThread: Thread finished: Agent search 2-383
2026-10-09 16:14:59,084 INFO o.a.j.t.JMeterThread: Thread started: Agent search 2-384
2026-10-09 16:14:59,106 INFO o.a.j.t.JMeterThread: Thread is done: Agent search 2-384
2026-10-09 16:14:59,106 INFO o.a.j.t.JMeterThread: Thread finished: Agent search 2-384
2026-10-09 16:15:01,161 INFO o.a.j.t.JMeterThread: Thread started: Agent search 2-385
2026-10-09 16:15:01,184 INFO o.a.j.r.Summariser: summary +      6 in 00:00:30 =    0.2/s Avg:    22 Min:    20 Max:    27 Err:     0 (0.00%) Active: 28 Started: 484 Finished: 456
2026-10-09 16:15:01,184 INFO o.a.j.r.Summariser: summary =    457 in 00:28:58 =    0.3/s Avg: 91995 Min:    16 Max: 650017 Err:    52 (11.38%)
2026-10-09 16:15:01,184 INFO o.a.j.t.JMeterThread: Thread is done: Agent search 2-385
2026-10-09 16:15:01,184 INFO o.a.j.t.JMeterThread: Thread finished: Agent search 2-385
2026-10-09 16:15:06,638 INFO o.a.j.t.JMeterThread: Thread started: Agent search 2-386
2026-10-09 16:15:06,679 INFO o.a.j.t.JMeterThread: Thread is done: Agent search 2-386
2026-10-09 16:15:06,679 INFO o.a.j.t.JMeterThread: Thread finished: Agent search 2-386
2026-10-09 16:15:14,666 INFO o.a.j.t.JMeterThread: Thread started: Ticket intake 1-100
2026-10-09 16:15:17,109 INFO o.a.j.t.JMeterThread: Thread started: Ticket intake 1-101
2026-10-09 16:15:24,003 INFO o.a.j.t.JMeterThread: Thread started: Agent search 2-387
2026-10-09 16:15:24,032 INFO o.a.j.t.JMeterThread: Thread is done: Agent search 2-387
2026-10-09 16:15:24,032 INFO o.a.j.t.JMeterThread: Thread finished: Agent search 2-387
2026-10-09 16:15:27,109 INFO o.a.j.t.JMeterThread: Thread started: Agent search 2-388
2026-10-09 16:15:27,132 INFO o.a.j.t.JMeterThread: Thread is done: Agent search 2-388
2026-10-09 16:15:27,132 INFO o.a.j.t.JMeterThread: Thread finished: Agent search 2-388
2026-10-09 16:15:28,091 INFO o.a.j.t.JMeterThread: Thread started: Agent search 2-389
2026-10-09 16:15:28,113 INFO o.a.j.t.JMeterThread: Thread is done: Agent search 2-389
2026-10-09 16:15:28,113 INFO o.a.j.t.JMeterThread: Thread finished: Agent search 2-389
2026-10-09 16:15:32,173 INFO o.a.j.t.JMeterThread: Thread started: Agent search 2-390
2026-10-09 16:15:32,198 INFO o.a.j.r.Summariser: summary +      5 in 00:00:31 =    0.2/s Avg:    27 Min:    21 Max:    40 Err:     0 (0.00%) Active: 30 Started: 491 Finished: 461
2026-10-09 16:15:32,198 INFO o.a.j.r.Summariser: summary =    462 in 00:29:29 =    0.3/s Avg: 90999 Min:    16 Max: 650017 Err:    52 (11.26%)
2026-10-09 16:15:32,198 INFO o.a.j.t.JMeterThread: Thread is done: Agent search 2-390
2026-10-09 16:15:32,198 INFO o.a.j.t.JMeterThread: Thread finished: Agent search 2-390
2026-10-09 16:15:33,650 INFO o.a.j.t.JMeterThread: Thread is done: Ticket intake 1-73
2026-10-09 16:15:33,650 INFO o.a.j.t.JMeterThread: Thread finished: Ticket intake 1-73
2026-10-09 16:15:37,909 INFO o.a.j.t.JMeterThread: Thread started: Agent search 2-391
2026-10-09 16:15:37,930 INFO o.a.j.t.JMeterThread: Thread is done: Agent search 2-391
2026-10-09 16:15:37,930 INFO o.a.j.t.JMeterThread: Thread finished: Agent search 2-391
2026-10-09 16:15:37,995 INFO o.a.j.t.JMeterThread: Thread started: Agent search 2-392
2026-10-09 16:15:38,023 INFO o.a.j.t.JMeterThread: Thread is done: Agent search 2-392
2026-10-09 16:15:38,023 INFO o.a.j.t.JMeterThread: Thread finished: Agent search 2-392
2026-10-09 16:15:40,630 INFO o.a.j.t.JMeterThread: Thread started: Agent search 2-393
2026-10-09 16:15:40,664 INFO o.a.j.t.JMeterThread: Thread is done: Agent search 2-393
2026-10-09 16:15:40,664 INFO o.a.j.t.JMeterThread: Thread finished: Agent search 2-393
2026-10-09 16:15:41,650 INFO o.a.j.t.JMeterThread: Thread started: Agent search 2-394
2026-10-09 16:15:41,668 INFO o.a.j.t.JMeterThread: Thread is done: Agent search 2-394
2026-10-09 16:15:41,668 INFO o.a.j.t.JMeterThread: Thread finished: Agent search 2-394
2026-10-09 16:15:45,841 INFO o.a.j.t.JMeterThread: Thread started: Agent search 2-395
2026-10-09 16:15:45,864 INFO o.a.j.t.JMeterThread: Thread is done: Agent search 2-395
2026-10-09 16:15:45,864 INFO o.a.j.t.JMeterThread: Thread finished: Agent search 2-395
2026-10-09 16:15:50,893 INFO o.a.j.t.JMeterThread: Thread started: Agent search 2-396
2026-10-09 16:15:50,918 INFO o.a.j.t.JMeterThread: Thread is done: Agent search 2-396
2026-10-09 16:15:50,918 INFO o.a.j.t.JMeterThread: Thread finished: Agent search 2-396
2026-10-09 16:16:01,246 INFO o.a.j.t.JMeterThread: Thread started: Agent search 2-397
2026-10-09 16:16:01,270 INFO o.a.j.r.Summariser: summary +      8 in 00:00:29 =    0.3/s Avg: 72154 Min:    18 Max: 577066 Err:     0 (0.00%) Active: 29 Started: 498 Finished: 469
2026-10-09 16:16:01,270 INFO o.a.j.r.Summariser: summary =    470 in 00:29:58 =    0.3/s Avg: 90679 Min:    16 Max: 650017 Err:    52 (11.06%)
2026-10-09 16:16:01,271 INFO o.a.j.t.JMeterThread: Thread is done: Agent search 2-397
2026-10-09 16:16:01,271 INFO o.a.j.t.JMeterThread: Thread finished: Agent search 2-397
2026-10-09 16:16:01,765 INFO o.a.j.t.JMeterThread: Thread started: Ticket intake 1-102
2026-10-09 16:16:04,686 INFO o.a.j.t.JMeterThread: Thread started: Agent search 2-398
2026-10-09 16:16:04,713 INFO o.a.j.t.JMeterThread: Thread is done: Agent search 2-398
2026-10-09 16:16:04,713 INFO o.a.j.t.JMeterThread: Thread finished: Agent search 2-398
2026-10-09 16:16:04,977 INFO o.a.j.t.JMeterThread: Thread started: Agent search 2-399
2026-10-09 16:16:05,015 INFO o.a.j.t.JMeterThread: Thread is done: Agent search 2-399
2026-10-09 16:16:05,015 INFO o.a.j.t.JMeterThread: Thread finished: Agent search 2-399
2026-10-09 16:16:08,675 INFO o.a.j.t.JMeterThread: Thread started: Agent search 2-400
2026-10-09 16:16:08,701 INFO o.a.j.t.JMeterThread: Thread is done: Agent search 2-400
2026-10-09 16:16:08,701 INFO o.a.j.t.JMeterThread: Thread finished: Agent search 2-400
2026-10-09 16:16:14,407 INFO o.a.j.t.JMeterThread: Thread started: Ticket intake 1-103
2026-10-09 16:16:14,732 INFO o.a.j.t.JMeterThread: Thread started: Agent search 2-401
2026-10-09 16:16:14,758 INFO o.a.j.t.JMeterThread: Thread is done: Agent search 2-401
2026-10-09 16:16:14,758 INFO o.a.j.t.JMeterThread: Thread finished: Agent search 2-401
2026-10-09 16:16:18,625 INFO o.a.j.t.JMeterThread: Thread started: Agent search 2-402
2026-10-09 16:16:18,650 INFO o.a.j.t.JMeterThread: Thread is done: Agent search 2-402
2026-10-09 16:16:18,650 INFO o.a.j.t.JMeterThread: Thread finished: Agent search 2-402
2026-10-09 16:16:22,911 INFO o.a.j.t.JMeterThread: Thread started: Agent search 2-403
2026-10-09 16:16:22,930 INFO o.a.j.t.JMeterThread: Thread is done: Agent search 2-403
2026-10-09 16:16:22,930 INFO o.a.j.t.JMeterThread: Thread finished: Agent search 2-403
2026-10-09 16:16:24,136 INFO o.a.j.t.JMeterThread: Thread started: Agent search 2-404
2026-10-09 16:16:24,163 INFO o.a.j.t.JMeterThread: Thread is done: Agent search 2-404
2026-10-09 16:16:24,163 INFO o.a.j.t.JMeterThread: Thread finished: Agent search 2-404
2026-10-09 16:16:27,614 INFO o.a.j.t.JMeterThread: Thread is done: Ticket intake 1-74
2026-10-09 16:16:27,614 INFO o.a.j.t.JMeterThread: Thread finished: Ticket intake 1-74
2026-10-09 16:16:28,771 INFO o.a.j.t.JMeterThread: Thread started: Agent search 2-405
2026-10-09 16:16:28,802 INFO o.a.j.t.JMeterThread: Thread is done: Agent search 2-405
2026-10-09 16:16:28,802 INFO o.a.j.t.JMeterThread: Thread finished: Agent search 2-405
2026-10-09 16:16:29,276 INFO o.a.j.t.JMeterThread: Thread started: Agent search 2-406
2026-10-09 16:16:29,313 INFO o.a.j.t.JMeterThread: Thread is done: Agent search 2-406
2026-10-09 16:16:29,313 INFO o.a.j.t.JMeterThread: Thread finished: Agent search 2-406
2026-10-09 16:16:32,433 INFO o.a.j.t.JMeterThread: Thread started: Ticket intake 1-104
2026-10-09 16:16:42,665 INFO o.a.j.t.JMeterThread: Thread is done: Ticket intake 1-75
2026-10-09 16:16:42,665 INFO o.a.j.t.JMeterThread: Thread finished: Ticket intake 1-75
2026-10-09 16:16:44,633 INFO o.a.j.t.JMeterThread: Thread started: Agent search 2-407
2026-10-09 16:16:44,654 INFO o.a.j.t.JMeterThread: Thread is done: Agent search 2-407
2026-10-09 16:16:44,654 INFO o.a.j.t.JMeterThread: Thread finished: Agent search 2-407
2026-10-09 16:16:47,329 INFO o.a.j.t.JMeterThread: Thread started: Agent search 2-408
2026-10-09 16:16:47,362 INFO o.a.j.t.JMeterThread: Thread is done: Agent search 2-408
2026-10-09 16:16:47,362 INFO o.a.j.t.JMeterThread: Thread finished: Agent search 2-408
2026-10-09 16:16:58,527 INFO o.a.j.t.JMeterThread: Thread started: Agent search 2-409
2026-10-09 16:16:58,568 INFO o.a.j.t.JMeterThread: Thread is done: Agent search 2-409
2026-10-09 16:16:58,568 INFO o.a.j.t.JMeterThread: Thread finished: Agent search 2-409
2026-10-09 16:17:13,275 INFO o.a.j.t.JMeterThread: Thread started: Ticket intake 1-105
2026-10-09 16:17:16,520 INFO o.a.j.t.JMeterThread: Thread started: Agent search 2-410
2026-10-09 16:17:16,552 INFO o.a.j.t.JMeterThread: Thread is done: Agent search 2-410
2026-10-09 16:17:16,552 INFO o.a.j.t.JMeterThread: Thread finished: Agent search 2-410
2026-10-09 16:17:17,657 INFO o.a.j.t.JMeterThread: Thread started: Agent search 2-411
2026-10-09 16:17:17,701 INFO o.a.j.t.JMeterThread: Thread is done: Agent search 2-411
2026-10-09 16:17:17,701 INFO o.a.j.t.JMeterThread: Thread finished: Agent search 2-411
2026-10-09 16:17:18,708 INFO o.a.j.t.JMeterThread: Thread is done: Ticket intake 1-76
2026-10-09 16:17:18,708 INFO o.a.j.t.JMeterThread: Thread finished: Ticket intake 1-76
2026-10-09 16:17:19,664 INFO o.a.j.t.JMeterThread: Thread started: Agent search 2-412
2026-10-09 16:17:19,699 INFO o.a.j.t.JMeterThread: Thread is done: Agent search 2-412
2026-10-09 16:17:19,699 INFO o.a.j.t.JMeterThread: Thread finished: Agent search 2-412
2026-10-09 16:17:19,938 INFO o.a.j.t.JMeterThread: Thread is done: Ticket intake 1-77
2026-10-09 16:17:19,939 INFO o.a.j.t.JMeterThread: Thread finished: Ticket intake 1-77
2026-10-09 16:17:20,813 INFO o.a.j.t.JMeterThread: Thread started: Agent search 2-413
2026-10-09 16:17:20,842 INFO o.a.j.t.JMeterThread: Thread is done: Agent search 2-413
2026-10-09 16:17:20,842 INFO o.a.j.t.JMeterThread: Thread finished: Agent search 2-413
2026-10-09 16:17:22,238 INFO o.a.j.t.JMeterThread: Thread started: Agent search 2-414
2026-10-09 16:17:22,266 INFO o.a.j.t.JMeterThread: Thread is done: Agent search 2-414
2026-10-09 16:17:22,266 INFO o.a.j.t.JMeterThread: Thread finished: Agent search 2-414
2026-10-09 16:17:23,905 INFO o.a.j.t.JMeterThread: Thread started: Ticket intake 1-106
2026-10-09 16:17:26,010 INFO o.a.j.t.JMeterThread: Thread started: Agent search 2-415
2026-10-09 16:17:26,044 INFO o.a.j.t.JMeterThread: Thread is done: Agent search 2-415
2026-10-09 16:17:26,044 INFO o.a.j.t.JMeterThread: Thread finished: Agent search 2-415
2026-10-09 16:17:27,083 INFO o.a.j.t.JMeterThread: Thread started: Agent search 2-416
2026-10-09 16:17:27,115 INFO o.a.j.t.JMeterThread: Thread is done: Agent search 2-416
2026-10-09 16:17:27,115 INFO o.a.j.t.JMeterThread: Thread finished: Agent search 2-416
2026-10-09 16:17:33,589 INFO o.a.j.t.JMeterThread: Thread started: Agent search 2-417
2026-10-09 16:17:33,628 INFO o.a.j.r.Summariser: summary +     24 in 00:01:32 =    0.3/s Avg: 100010 Min:    18 Max: 600217 Err:     3 (12.50%) Active: 30 Started: 523 Finished: 493
2026-10-09 16:17:33,629 INFO o.a.j.r.Summariser: summary =    494 in 00:31:31 =    0.3/s Avg: 91132 Min:    16 Max: 650017 Err:    55 (11.13%)
2026-10-09 16:17:33,629 INFO o.a.j.t.JMeterThread: Thread is done: Agent search 2-417
2026-10-09 16:17:33,629 INFO o.a.j.t.JMeterThread: Thread finished: Agent search 2-417
2026-10-09 16:17:35,211 INFO o.a.j.t.JMeterThread: Thread started: Agent search 2-418
2026-10-09 16:17:35,235 INFO o.a.j.t.JMeterThread: Thread is done: Agent search 2-418
2026-10-09 16:17:35,235 INFO o.a.j.t.JMeterThread: Thread finished: Agent search 2-418
2026-10-09 16:17:35,808 INFO o.a.j.t.JMeterThread: Thread is done: Ticket intake 1-78
2026-10-09 16:17:35,808 INFO o.a.j.t.JMeterThread: Thread finished: Ticket intake 1-78
2026-10-09 16:17:38,717 INFO o.a.j.t.JMeterThread: Thread started: Agent search 2-419
2026-10-09 16:17:38,742 INFO o.a.j.t.JMeterThread: Thread is done: Agent search 2-419
2026-10-09 16:17:38,742 INFO o.a.j.t.JMeterThread: Thread finished: Agent search 2-419
2026-10-09 16:17:40,034 INFO o.a.j.t.JMeterThread: Thread started: Agent search 2-420
2026-10-09 16:17:40,067 INFO o.a.j.t.JMeterThread: Thread is done: Agent search 2-420
2026-10-09 16:17:40,068 INFO o.a.j.t.JMeterThread: Thread finished: Agent search 2-420
2026-10-09 16:17:44,846 INFO o.a.j.t.JMeterThread: Thread started: Agent search 2-421
2026-10-09 16:17:44,879 INFO o.a.j.t.JMeterThread: Thread is done: Agent search 2-421
2026-10-09 16:17:44,879 INFO o.a.j.t.JMeterThread: Thread finished: Agent search 2-421
2026-10-09 16:17:46,433 INFO o.a.j.t.JMeterThread: Thread started: Agent search 2-422
2026-10-09 16:17:46,466 INFO o.a.j.t.JMeterThread: Thread is done: Agent search 2-422
2026-10-09 16:17:46,466 INFO o.a.j.t.JMeterThread: Thread finished: Agent search 2-422
2026-10-09 16:17:51,336 INFO o.a.j.t.JMeterThread: Thread started: Agent search 2-423
2026-10-09 16:17:51,368 INFO o.a.j.t.JMeterThread: Thread is done: Agent search 2-423
2026-10-09 16:17:51,368 INFO o.a.j.t.JMeterThread: Thread finished: Agent search 2-423
2026-10-09 16:17:52,909 INFO o.a.j.t.JMeterThread: Thread is done: Ticket intake 1-79
2026-10-09 16:17:52,909 INFO o.a.j.t.JMeterThread: Thread finished: Ticket intake 1-79
2026-10-09 16:17:53,071 INFO o.a.j.t.JMeterThread: Thread started: Agent search 2-424
2026-10-09 16:17:53,093 INFO o.a.j.t.JMeterThread: Thread is done: Agent search 2-424
2026-10-09 16:17:53,093 INFO o.a.j.t.JMeterThread: Thread finished: Agent search 2-424
2026-10-09 16:17:54,958 INFO o.a.j.t.JMeterThread: Thread is done: Ticket intake 1-80
2026-10-09 16:17:54,958 INFO o.a.j.t.JMeterThread: Thread finished: Ticket intake 1-80
2026-10-09 16:17:57,210 INFO o.a.j.t.JMeterThread: Thread is done: Ticket intake 1-81
2026-10-09 16:17:57,210 INFO o.a.j.t.JMeterThread: Thread finished: Ticket intake 1-81
2026-10-09 16:18:01,981 INFO o.a.j.t.JMeterThread: Thread started: Ticket intake 1-107
2026-10-09 16:18:07,658 INFO o.a.j.t.JMeterThread: Thread is done: Ticket intake 1-82
2026-10-09 16:18:07,658 INFO o.a.j.t.JMeterThread: Thread finished: Ticket intake 1-82
2026-10-09 16:18:14,570 INFO o.a.j.t.JMeterThread: Thread started: Agent search 2-425
2026-10-09 16:18:14,595 INFO o.a.j.t.JMeterThread: Thread is done: Agent search 2-425
2026-10-09 16:18:14,595 INFO o.a.j.t.JMeterThread: Thread finished: Agent search 2-425
2026-10-09 16:18:22,338 INFO o.a.j.t.JMeterThread: Thread started: Ticket intake 1-108
2026-10-09 16:18:23,967 INFO o.a.j.t.JMeterThread: Thread started: Agent search 2-426
2026-10-09 16:18:24,037 INFO o.a.j.t.JMeterThread: Thread is done: Agent search 2-426
2026-10-09 16:18:24,037 INFO o.a.j.t.JMeterThread: Thread finished: Agent search 2-426
2026-10-09 16:18:26,313 INFO o.a.j.t.JMeterThread: Thread started: Agent search 2-427
2026-10-09 16:18:26,339 INFO o.a.j.t.JMeterThread: Thread is done: Agent search 2-427
2026-10-09 16:18:26,339 INFO o.a.j.t.JMeterThread: Thread finished: Agent search 2-427
2026-10-09 16:18:28,671 INFO o.a.j.t.JMeterThread: Thread started: Agent search 2-428
2026-10-09 16:18:28,702 INFO o.a.j.t.JMeterThread: Thread is done: Agent search 2-428
2026-10-09 16:18:28,702 INFO o.a.j.t.JMeterThread: Thread finished: Agent search 2-428
2026-10-09 16:18:36,131 INFO o.a.j.t.JMeterThread: Thread started: Agent search 2-429
2026-10-09 16:18:36,157 INFO o.a.j.t.JMeterThread: Thread is done: Agent search 2-429
2026-10-09 16:18:36,157 INFO o.a.j.t.JMeterThread: Thread finished: Agent search 2-429
2026-10-09 16:18:42,059 INFO o.a.j.t.JMeterThread: Thread is done: Ticket intake 1-83
2026-10-09 16:18:42,059 INFO o.a.j.t.JMeterThread: Thread finished: Ticket intake 1-83
2026-10-09 16:18:44,287 INFO o.a.j.t.JMeterThread: Thread started: Agent search 2-430
2026-10-09 16:18:44,311 INFO o.a.j.t.JMeterThread: Thread is done: Agent search 2-430
2026-10-09 16:18:44,311 INFO o.a.j.t.JMeterThread: Thread finished: Agent search 2-430
2026-10-09 16:18:44,982 INFO o.a.j.t.JMeterThread: Thread started: Agent search 2-431
2026-10-09 16:18:45,010 INFO o.a.j.t.JMeterThread: Thread is done: Agent search 2-431
2026-10-09 16:18:45,010 INFO o.a.j.t.JMeterThread: Thread finished: Agent search 2-431
2026-10-09 16:18:45,714 INFO o.a.j.t.JMeterThread: Thread started: Agent search 2-432
2026-10-09 16:18:45,736 INFO o.a.j.t.JMeterThread: Thread is done: Agent search 2-432
2026-10-09 16:18:45,736 INFO o.a.j.t.JMeterThread: Thread finished: Agent search 2-432
2026-10-09 16:18:52,463 INFO o.a.j.t.JMeterThread: Thread started: Agent search 2-433
2026-10-09 16:18:52,487 INFO o.a.j.t.JMeterThread: Thread is done: Agent search 2-433
2026-10-09 16:18:52,487 INFO o.a.j.t.JMeterThread: Thread finished: Agent search 2-433
2026-10-09 16:18:59,417 INFO o.a.j.t.JMeterThread: Thread started: Agent search 2-434
2026-10-09 16:18:59,450 INFO o.a.j.t.JMeterThread: Thread is done: Agent search 2-434
2026-10-09 16:18:59,450 INFO o.a.j.t.JMeterThread: Thread finished: Agent search 2-434
2026-10-09 16:19:00,626 INFO o.a.j.t.JMeterThread: Thread started: Agent search 2-435
2026-10-09 16:19:00,652 INFO o.a.j.r.Summariser: summary +     24 in 00:01:27 =    0.3/s Avg: 150064 Min:    21 Max: 600231 Err:     6 (25.00%) Active: 26 Started: 543 Finished: 517
2026-10-09 16:19:00,652 INFO o.a.j.r.Summariser: summary =    518 in 00:32:58 =    0.3/s Avg: 93862 Min:    16 Max: 650017 Err:    61 (11.78%)
2026-10-09 16:19:00,653 INFO o.a.j.t.JMeterThread: Thread is done: Agent search 2-435
2026-10-09 16:19:00,653 INFO o.a.j.t.JMeterThread: Thread finished: Agent search 2-435
2026-10-09 16:19:01,794 INFO o.a.j.t.JMeterThread: Thread started: Agent search 2-436
2026-10-09 16:19:01,815 INFO o.a.j.t.JMeterThread: Thread is done: Agent search 2-436
2026-10-09 16:19:01,815 INFO o.a.j.t.JMeterThread: Thread finished: Agent search 2-436
2026-10-09 16:19:03,632 INFO o.a.j.t.JMeterThread: Thread started: Agent search 2-437
2026-10-09 16:19:03,656 INFO o.a.j.t.JMeterThread: Thread is done: Agent search 2-437
2026-10-09 16:19:03,656 INFO o.a.j.t.JMeterThread: Thread finished: Agent search 2-437
2026-10-09 16:19:06,980 INFO o.a.j.t.JMeterThread: Thread is done: Ticket intake 1-84
2026-10-09 16:19:06,980 INFO o.a.j.t.JMeterThread: Thread finished: Ticket intake 1-84
2026-10-09 16:19:11,939 INFO o.a.j.t.JMeterThread: Thread started: Agent search 2-438
2026-10-09 16:19:11,971 INFO o.a.j.t.JMeterThread: Thread is done: Agent search 2-438
2026-10-09 16:19:11,971 INFO o.a.j.t.JMeterThread: Thread finished: Agent search 2-438
2026-10-09 16:19:21,821 INFO o.a.j.t.JMeterThread: Thread started: Ticket intake 1-109
2026-10-09 16:19:25,671 INFO o.a.j.t.JMeterThread: Thread started: Agent search 2-439
2026-10-09 16:19:25,708 INFO o.a.j.t.JMeterThread: Thread is done: Agent search 2-439
2026-10-09 16:19:25,708 INFO o.a.j.t.JMeterThread: Thread finished: Agent search 2-439
2026-10-09 16:19:28,533 INFO o.a.j.t.JMeterThread: Thread started: Agent search 2-440
2026-10-09 16:19:28,558 INFO o.a.j.t.JMeterThread: Thread is done: Agent search 2-440
2026-10-09 16:19:28,558 INFO o.a.j.t.JMeterThread: Thread finished: Agent search 2-440
2026-10-09 16:19:29,845 INFO o.a.j.t.JMeterThread: Thread started: Agent search 2-441
2026-10-09 16:19:29,871 INFO o.a.j.t.JMeterThread: Thread is done: Agent search 2-441
2026-10-09 16:19:29,871 INFO o.a.j.t.JMeterThread: Thread finished: Agent search 2-441
2026-10-09 16:19:33,916 INFO o.a.j.t.JMeterThread: Thread started: Ticket intake 1-110
2026-10-09 16:19:34,490 INFO o.a.j.t.JMeterThread: Thread started: Agent search 2-442
2026-10-09 16:19:34,515 INFO o.a.j.r.Summariser: summary +      8 in 00:00:34 =    0.2/s Avg: 75037 Min:    21 Max: 600118 Err:     1 (12.50%) Active: 27 Started: 552 Finished: 525
2026-10-09 16:19:34,515 INFO o.a.j.r.Summariser: summary =    526 in 00:33:32 =    0.3/s Avg: 93576 Min:    16 Max: 650017 Err:    62 (11.79%)
2026-10-09 16:19:34,515 INFO o.a.j.t.JMeterThread: Thread is done: Agent search 2-442
2026-10-09 16:19:34,516 INFO o.a.j.t.JMeterThread: Thread finished: Agent search 2-442
2026-10-09 16:19:35,952 INFO o.a.j.t.JMeterThread: Thread started: Ticket intake 1-111
2026-10-09 16:19:41,960 INFO o.a.j.t.JMeterThread: Thread is done: Ticket intake 1-85
2026-10-09 16:19:41,960 INFO o.a.j.t.JMeterThread: Thread finished: Ticket intake 1-85
2026-10-09 16:19:43,136 INFO o.a.j.t.JMeterThread: Thread started: Ticket intake 1-112
2026-10-09 16:19:43,264 INFO o.a.j.t.JMeterThread: Thread started: Agent search 2-443
2026-10-09 16:19:43,286 INFO o.a.j.t.JMeterThread: Thread is done: Agent search 2-443
2026-10-09 16:19:43,286 INFO o.a.j.t.JMeterThread: Thread finished: Agent search 2-443
2026-10-09 16:19:50,752 INFO o.a.j.t.JMeterThread: Thread started: Agent search 2-444
2026-10-09 16:19:50,773 INFO o.a.j.t.JMeterThread: Thread is done: Agent search 2-444
2026-10-09 16:19:50,773 INFO o.a.j.t.JMeterThread: Thread finished: Agent search 2-444
2026-10-09 16:19:52,008 INFO o.a.j.t.JMeterThread: Thread started: Agent search 2-445
2026-10-09 16:19:52,041 INFO o.a.j.t.JMeterThread: Thread is done: Agent search 2-445
2026-10-09 16:19:52,041 INFO o.a.j.t.JMeterThread: Thread finished: Agent search 2-445
2026-10-09 16:19:53,971 INFO o.a.j.t.JMeterThread: Thread started: Agent search 2-446
2026-10-09 16:19:54,004 INFO o.a.j.t.JMeterThread: Thread is done: Agent search 2-446
2026-10-09 16:19:54,004 INFO o.a.j.t.JMeterThread: Thread finished: Agent search 2-446
2026-10-09 16:19:54,957 INFO o.a.j.t.JMeterThread: Thread started: Agent search 2-447
2026-10-09 16:19:54,976 INFO o.a.j.t.JMeterThread: Thread is done: Agent search 2-447
2026-10-09 16:19:54,976 INFO o.a.j.t.JMeterThread: Thread finished: Agent search 2-447
2026-10-09 16:20:00,243 INFO o.a.j.t.JMeterThread: Thread started: Agent search 2-448
2026-10-09 16:20:00,270 INFO o.a.j.r.Summariser: summary +      7 in 00:00:26 =    0.3/s Avg: 83592 Min:    20 Max: 584994 Err:     0 (0.00%) Active: 28 Started: 560 Finished: 532
2026-10-09 16:20:00,270 INFO o.a.j.r.Summariser: summary =    533 in 00:33:57 =    0.3/s Avg: 93445 Min:    16 Max: 650017 Err:    62 (11.63%)
2026-10-09 16:20:00,271 INFO o.a.j.t.JMeterThread: Thread is done: Agent search 2-448
2026-10-09 16:20:00,271 INFO o.a.j.t.JMeterThread: Thread finished: Agent search 2-448
2026-10-09 16:20:00,397 INFO o.a.j.t.JMeterThread: Thread started: Agent search 2-449
2026-10-09 16:20:00,428 INFO o.a.j.t.JMeterThread: Thread is done: Agent search 2-449
2026-10-09 16:20:00,428 INFO o.a.j.t.JMeterThread: Thread finished: Agent search 2-449
2026-10-09 16:20:02,543 INFO o.a.j.t.JMeterThread: Thread started: Agent search 2-450
2026-10-09 16:20:02,574 INFO o.a.j.t.JMeterThread: Thread is done: Agent search 2-450
2026-10-09 16:20:02,574 INFO o.a.j.t.JMeterThread: Thread finished: Agent search 2-450
2026-10-09 16:20:07,049 INFO o.a.j.t.JMeterThread: Thread started: Agent search 2-451
2026-10-09 16:20:07,075 INFO o.a.j.t.JMeterThread: Thread is done: Agent search 2-451
2026-10-09 16:20:07,075 INFO o.a.j.t.JMeterThread: Thread finished: Agent search 2-451
2026-10-09 16:20:09,379 INFO o.a.j.t.JMeterThread: Thread started: Agent search 2-452
2026-10-09 16:20:09,405 INFO o.a.j.t.JMeterThread: Thread is done: Agent search 2-452
2026-10-09 16:20:09,405 INFO o.a.j.t.JMeterThread: Thread finished: Agent search 2-452
2026-10-09 16:20:11,144 INFO o.a.j.t.JMeterThread: Thread is done: Ticket intake 1-86
2026-10-09 16:20:11,145 INFO o.a.j.t.JMeterThread: Thread finished: Ticket intake 1-86
2026-10-09 16:20:13,926 INFO o.a.j.t.JMeterThread: Thread started: Agent search 2-453
2026-10-09 16:20:13,957 INFO o.a.j.t.JMeterThread: Thread is done: Agent search 2-453
2026-10-09 16:20:13,957 INFO o.a.j.t.JMeterThread: Thread finished: Agent search 2-453
2026-10-09 16:20:22,043 INFO o.a.j.t.JMeterThread: Thread started: Ticket intake 1-113
2026-10-09 16:20:26,401 INFO o.a.j.t.JMeterThread: Thread is done: Ticket intake 1-87
2026-10-09 16:20:26,401 INFO o.a.j.t.JMeterThread: Thread finished: Ticket intake 1-87
2026-10-09 16:20:31,298 INFO o.a.j.t.JMeterThread: Thread started: Agent search 2-454
2026-10-09 16:20:31,321 INFO o.a.j.r.Summariser: summary +      8 in 00:00:31 =    0.3/s Avg: 150058 Min:    22 Max: 600160 Err:     2 (25.00%) Active: 27 Started: 567 Finished: 540
2026-10-09 16:20:31,321 INFO o.a.j.r.Summariser: summary =    541 in 00:34:28 =    0.3/s Avg: 94282 Min:    16 Max: 650017 Err:    64 (11.83%)
2026-10-09 16:20:31,321 INFO o.a.j.t.JMeterThread: Thread is done: Agent search 2-454
2026-10-09 16:20:31,321 INFO o.a.j.t.JMeterThread: Thread finished: Agent search 2-454
2026-10-09 16:20:39,406 INFO o.a.j.t.JMeterThread: Thread is done: Ticket intake 1-88
2026-10-09 16:20:39,406 INFO o.a.j.t.JMeterThread: Thread finished: Ticket intake 1-88
2026-10-09 16:20:39,875 INFO o.a.j.t.JMeterThread: Thread started: Agent search 2-455
2026-10-09 16:20:39,899 INFO o.a.j.t.JMeterThread: Thread is done: Agent search 2-455
2026-10-09 16:20:39,899 INFO o.a.j.t.JMeterThread: Thread finished: Agent search 2-455
2026-10-09 16:20:42,139 INFO o.a.j.t.JMeterThread: Thread started: Agent search 2-456
2026-10-09 16:20:42,163 INFO o.a.j.t.JMeterThread: Thread is done: Agent search 2-456
2026-10-09 16:20:42,163 INFO o.a.j.t.JMeterThread: Thread finished: Agent search 2-456
2026-10-09 16:20:43,380 INFO o.a.j.t.JMeterThread: Thread started: Ticket intake 1-114
2026-10-09 16:20:46,957 INFO o.a.j.t.JMeterThread: Thread started: Agent search 2-457
2026-10-09 16:20:46,989 INFO o.a.j.t.JMeterThread: Thread is done: Agent search 2-457
2026-10-09 16:20:46,989 INFO o.a.j.t.JMeterThread: Thread finished: Agent search 2-457
2026-10-09 16:20:52,359 INFO o.a.j.t.JMeterThread: Thread started: Agent search 2-458
2026-10-09 16:20:52,390 INFO o.a.j.t.JMeterThread: Thread is done: Agent search 2-458
2026-10-09 16:20:52,390 INFO o.a.j.t.JMeterThread: Thread finished: Agent search 2-458
2026-10-09 16:20:53,390 INFO o.a.j.t.JMeterThread: Thread started: Agent search 2-459
2026-10-09 16:20:53,412 INFO o.a.j.t.JMeterThread: Thread is done: Agent search 2-459
2026-10-09 16:20:53,412 INFO o.a.j.t.JMeterThread: Thread finished: Agent search 2-459
2026-10-09 16:20:59,012 INFO o.a.j.t.JMeterThread: Thread started: Agent search 2-460
2026-10-09 16:20:59,035 INFO o.a.j.t.JMeterThread: Thread is done: Agent search 2-460
2026-10-09 16:20:59,035 INFO o.a.j.t.JMeterThread: Thread finished: Agent search 2-460
2026-10-09 16:21:00,295 INFO o.a.j.r.Summariser: summary +      8 in 00:00:29 =    0.3/s Avg: 149164 Min:    21 Max: 600124 Err:     1 (12.50%) Active: 26 Started: 574 Finished: 548
2026-10-09 16:21:00,295 INFO o.a.j.r.Summariser: summary =    549 in 00:34:57 =    0.3/s Avg: 95082 Min:    16 Max: 650017 Err:    65 (11.84%)
2026-10-09 16:21:00,295 INFO o.a.j.t.JMeterThread: Thread is done: Ticket intake 1-89
2026-10-09 16:21:00,295 INFO o.a.j.t.JMeterThread: Thread finished: Ticket intake 1-89
2026-10-09 16:21:02,642 INFO o.a.j.t.JMeterThread: Thread started: Agent search 2-461
2026-10-09 16:21:02,678 INFO o.a.j.t.JMeterThread: Thread is done: Agent search 2-461
2026-10-09 16:21:02,678 INFO o.a.j.t.JMeterThread: Thread finished: Agent search 2-461
2026-10-09 16:21:03,970 INFO o.a.j.t.JMeterThread: Thread started: Agent search 2-462
2026-10-09 16:21:03,995 INFO o.a.j.t.JMeterThread: Thread is done: Agent search 2-462
2026-10-09 16:21:03,995 INFO o.a.j.t.JMeterThread: Thread finished: Agent search 2-462
2026-10-09 16:21:06,018 INFO o.a.j.t.JMeterThread: Thread started: Ticket intake 1-115
2026-10-09 16:21:07,285 INFO o.a.j.t.JMeterThread: Thread started: Agent search 2-463
2026-10-09 16:21:07,316 INFO o.a.j.t.JMeterThread: Thread is done: Agent search 2-463
2026-10-09 16:21:07,316 INFO o.a.j.t.JMeterThread: Thread finished: Agent search 2-463
2026-10-09 16:21:07,816 INFO o.a.j.t.JMeterThread: Thread started: Agent search 2-464
2026-10-09 16:21:07,850 INFO o.a.j.t.JMeterThread: Thread is done: Agent search 2-464
2026-10-09 16:21:07,850 INFO o.a.j.t.JMeterThread: Thread finished: Agent search 2-464
2026-10-09 16:21:10,942 INFO o.a.j.t.JMeterThread: Thread started: Agent search 2-465
2026-10-09 16:21:10,974 INFO o.a.j.t.JMeterThread: Thread is done: Agent search 2-465
2026-10-09 16:21:10,975 INFO o.a.j.t.JMeterThread: Thread finished: Agent search 2-465
2026-10-09 16:21:13,811 INFO o.a.j.t.JMeterThread: Thread is done: Ticket intake 1-90
2026-10-09 16:21:13,811 INFO o.a.j.t.JMeterThread: Thread finished: Ticket intake 1-90
2026-10-09 16:21:14,153 INFO o.a.j.t.JMeterThread: Thread started: Agent search 2-466
2026-10-09 16:21:14,182 INFO o.a.j.t.JMeterThread: Thread is done: Agent search 2-466
2026-10-09 16:21:14,182 INFO o.a.j.t.JMeterThread: Thread finished: Agent search 2-466
2026-10-09 16:21:14,183 INFO o.a.j.t.JMeterThread: Thread started: Agent search 2-467
2026-10-09 16:21:14,203 INFO o.a.j.t.JMeterThread: Thread is done: Agent search 2-467
2026-10-09 16:21:14,203 INFO o.a.j.t.JMeterThread: Thread finished: Agent search 2-467
2026-10-09 16:21:18,208 INFO o.a.j.t.JMeterThread: Thread started: Agent search 2-468
2026-10-09 16:21:18,288 INFO o.a.j.t.JMeterThread: Thread is done: Agent search 2-468
2026-10-09 16:21:18,288 INFO o.a.j.t.JMeterThread: Thread finished: Agent search 2-468
2026-10-09 16:21:23,162 INFO o.a.j.t.JMeterThread: Thread started: Agent search 2-469
2026-10-09 16:21:23,204 INFO o.a.j.t.JMeterThread: Thread is done: Agent search 2-469
2026-10-09 16:21:23,204 INFO o.a.j.t.JMeterThread: Thread finished: Agent search 2-469
2026-10-09 16:21:23,744 INFO o.a.j.t.JMeterThread: Thread is done: Ticket intake 1-91
2026-10-09 16:21:23,744 INFO o.a.j.t.JMeterThread: Thread finished: Ticket intake 1-91
2026-10-09 16:21:24,306 INFO o.a.j.t.JMeterThread: Thread started: Agent search 2-470
2026-10-09 16:21:24,343 INFO o.a.j.t.JMeterThread: Thread is done: Agent search 2-470
2026-10-09 16:21:24,343 INFO o.a.j.t.JMeterThread: Thread finished: Agent search 2-470
2026-10-09 16:21:26,626 INFO o.a.j.t.JMeterThread: Thread started: Ticket intake 1-116
2026-10-09 16:21:27,997 INFO o.a.j.t.JMeterThread: Thread started: Ticket intake 1-117
2026-10-09 16:21:31,759 INFO o.a.j.t.JMeterThread: Thread started: Agent search 2-471
2026-10-09 16:21:31,793 INFO o.a.j.r.Summariser: summary +     13 in 00:00:31 =    0.4/s Avg: 92360 Min:    20 Max: 600152 Err:     2 (15.38%) Active: 27 Started: 588 Finished: 561
2026-10-09 16:21:31,793 INFO o.a.j.r.Summariser: summary =    562 in 00:35:29 =    0.3/s Avg: 95019 Min:    16 Max: 650017 Err:    67 (11.92%)
2026-10-09 16:21:31,793 INFO o.a.j.t.JMeterThread: Thread is done: Agent search 2-471
2026-10-09 16:21:31,793 INFO o.a.j.t.JMeterThread: Thread finished: Agent search 2-471
2026-10-09 16:21:34,103 INFO o.a.j.t.JMeterThread: Thread is done: Ticket intake 1-92
2026-10-09 16:21:34,103 INFO o.a.j.t.JMeterThread: Thread finished: Ticket intake 1-92
2026-10-09 16:21:35,645 INFO o.a.j.t.JMeterThread: Thread started: Agent search 2-472
2026-10-09 16:21:35,670 INFO o.a.j.t.JMeterThread: Thread is done: Agent search 2-472
2026-10-09 16:21:35,670 INFO o.a.j.t.JMeterThread: Thread finished: Agent search 2-472
2026-10-09 16:21:36,423 INFO o.a.j.t.JMeterThread: Thread started: Agent search 2-473
2026-10-09 16:21:36,457 INFO o.a.j.t.JMeterThread: Thread is done: Agent search 2-473
2026-10-09 16:21:36,457 INFO o.a.j.t.JMeterThread: Thread finished: Agent search 2-473
2026-10-09 16:21:37,465 INFO o.a.j.t.JMeterThread: Thread is done: Ticket intake 1-93
2026-10-09 16:21:37,465 INFO o.a.j.t.JMeterThread: Thread finished: Ticket intake 1-93
2026-10-09 16:21:38,053 INFO o.a.j.t.JMeterThread: Thread started: Ticket intake 1-118
2026-10-09 16:21:38,124 INFO o.a.j.t.JMeterThread: Thread started: Ticket intake 1-119
2026-10-09 16:21:40,332 INFO o.a.j.t.JMeterThread: Thread is done: Ticket intake 1-94
2026-10-09 16:21:40,332 INFO o.a.j.t.JMeterThread: Thread finished: Ticket intake 1-94
2026-10-09 16:21:40,673 INFO o.a.j.t.JMeterThread: Thread started: Agent search 2-474
2026-10-09 16:21:40,711 INFO o.a.j.t.JMeterThread: Thread started: Agent search 2-475
2026-10-09 16:21:40,717 INFO o.a.j.t.JMeterThread: Thread is done: Agent search 2-474
2026-10-09 16:21:40,717 INFO o.a.j.t.JMeterThread: Thread finished: Agent search 2-474
2026-10-09 16:21:40,728 INFO o.a.j.t.JMeterThread: Thread is done: Agent search 2-475
2026-10-09 16:21:40,728 INFO o.a.j.t.JMeterThread: Thread finished: Agent search 2-475
2026-10-09 16:21:50,845 INFO o.a.j.t.JMeterThread: Thread started: Agent search 2-476
2026-10-09 16:21:50,874 INFO o.a.j.t.JMeterThread: Thread is done: Agent search 2-476
2026-10-09 16:21:50,874 INFO o.a.j.t.JMeterThread: Thread finished: Agent search 2-476
2026-10-09 16:21:53,387 INFO o.a.j.t.JMeterThread: Thread started: Agent search 2-477
2026-10-09 16:21:53,418 INFO o.a.j.t.JMeterThread: Thread is done: Agent search 2-477
2026-10-09 16:21:53,418 INFO o.a.j.t.JMeterThread: Thread finished: Agent search 2-477
2026-10-09 16:21:54,407 INFO o.a.j.t.JMeterThread: Thread started: Agent search 2-478
2026-10-09 16:21:54,433 INFO o.a.j.t.JMeterThread: Thread is done: Agent search 2-478
2026-10-09 16:21:54,433 INFO o.a.j.t.JMeterThread: Thread finished: Agent search 2-478
2026-10-09 16:21:54,758 INFO o.a.j.t.JMeterThread: Thread started: Agent search 2-479
2026-10-09 16:21:54,784 INFO o.a.j.t.JMeterThread: Thread is done: Agent search 2-479
2026-10-09 16:21:54,784 INFO o.a.j.t.JMeterThread: Thread finished: Agent search 2-479
2026-10-09 16:21:55,363 INFO o.a.j.t.JMeterThread: Thread started: Agent search 2-480
2026-10-09 16:21:55,386 INFO o.a.j.t.JMeterThread: Thread is done: Agent search 2-480
2026-10-09 16:21:55,386 INFO o.a.j.t.JMeterThread: Thread finished: Agent search 2-480
2026-10-09 16:21:55,458 INFO o.a.j.t.JMeterThread: Thread started: Agent search 2-481
2026-10-09 16:21:55,484 INFO o.a.j.t.JMeterThread: Thread is done: Agent search 2-481
2026-10-09 16:21:55,484 INFO o.a.j.t.JMeterThread: Thread finished: Agent search 2-481
2026-10-09 16:21:58,926 INFO o.a.j.t.JMeterThread: Thread started: Agent search 2-482
2026-10-09 16:21:58,967 INFO o.a.j.t.JMeterThread: Thread is done: Agent search 2-482
2026-10-09 16:21:58,967 INFO o.a.j.t.JMeterThread: Thread finished: Agent search 2-482
2026-10-09 16:22:05,194 INFO o.a.j.t.JMeterThread: Thread started: Agent search 2-483
2026-10-09 16:22:05,224 INFO o.a.j.r.Summariser: summary +     15 in 00:00:33 =    0.4/s Avg: 120040 Min:    17 Max: 600217 Err:     3 (20.00%) Active: 26 Started: 602 Finished: 576
2026-10-09 16:22:05,224 INFO o.a.j.r.Summariser: summary =    577 in 00:36:02 =    0.3/s Avg: 95669 Min:    16 Max: 650017 Err:    70 (12.13%)
2026-10-09 16:22:05,224 INFO o.a.j.t.JMeterThread: Thread is done: Agent search 2-483
2026-10-09 16:22:05,224 INFO o.a.j.t.JMeterThread: Thread finished: Agent search 2-483
2026-10-09 16:22:14,033 INFO o.a.j.t.JMeterThread: Thread started: Agent search 2-484
2026-10-09 16:22:14,067 INFO o.a.j.t.JMeterThread: Thread is done: Agent search 2-484
2026-10-09 16:22:14,067 INFO o.a.j.t.JMeterThread: Thread finished: Agent search 2-484
2026-10-09 16:22:20,263 INFO o.a.j.t.JMeterThread: Thread started: Ticket intake 1-120
2026-10-09 16:22:21,446 INFO o.a.j.t.JMeterThread: Thread started: Agent search 2-485
2026-10-09 16:22:21,473 INFO o.a.j.t.JMeterThread: Thread is done: Agent search 2-485
2026-10-09 16:22:21,473 INFO o.a.j.t.JMeterThread: Thread finished: Agent search 2-485
2026-10-09 16:22:21,927 INFO o.a.j.t.JMeterThread: Thread started: Agent search 2-486
2026-10-09 16:22:21,954 INFO o.a.j.t.JMeterThread: Thread is done: Agent search 2-486
2026-10-09 16:22:21,954 INFO o.a.j.t.JMeterThread: Thread finished: Agent search 2-486
2026-10-09 16:22:24,298 INFO o.a.j.t.JMeterThread: Thread started: Agent search 2-487
2026-10-09 16:22:24,340 INFO o.a.j.t.JMeterThread: Thread is done: Agent search 2-487
2026-10-09 16:22:24,340 INFO o.a.j.t.JMeterThread: Thread finished: Agent search 2-487
2026-10-09 16:22:27,073 INFO o.a.j.t.JMeterThread: Thread started: Agent search 2-488
2026-10-09 16:22:27,115 INFO o.a.j.t.JMeterThread: Thread is done: Agent search 2-488
2026-10-09 16:22:27,115 INFO o.a.j.t.JMeterThread: Thread finished: Agent search 2-488
2026-10-09 16:22:28,417 INFO o.a.j.t.JMeterThread: Thread started: Agent search 2-489
2026-10-09 16:22:28,447 INFO o.a.j.t.JMeterThread: Thread is done: Agent search 2-489
2026-10-09 16:22:28,447 INFO o.a.j.t.JMeterThread: Thread finished: Agent search 2-489
2026-10-09 16:22:29,579 INFO o.a.j.t.JMeterThread: Thread started: Ticket intake 1-121
2026-10-09 16:22:32,573 INFO o.a.j.t.JMeterThread: Thread started: Agent search 2-490
2026-10-09 16:22:32,607 INFO o.a.j.r.Summariser: summary +      7 in 00:00:27 =    0.3/s Avg:    32 Min:    26 Max:    40 Err:     0 (0.00%) Active: 28 Started: 611 Finished: 583
2026-10-09 16:22:32,608 INFO o.a.j.r.Summariser: summary =    584 in 00:36:30 =    0.3/s Avg: 94523 Min:    16 Max: 650017 Err:    70 (11.99%)
2026-10-09 16:22:32,608 INFO o.a.j.t.JMeterThread: Thread is done: Agent search 2-490
2026-10-09 16:22:32,608 INFO o.a.j.t.JMeterThread: Thread finished: Agent search 2-490
2026-10-09 16:22:33,782 INFO o.a.j.t.JMeterThread: Thread is done: Ticket intake 1-95
2026-10-09 16:22:33,783 INFO o.a.j.t.JMeterThread: Thread finished: Ticket intake 1-95
2026-10-09 16:22:34,765 INFO o.a.j.t.JMeterThread: Thread started: Agent search 2-491
2026-10-09 16:22:34,793 INFO o.a.j.t.JMeterThread: Thread is done: Agent search 2-491
2026-10-09 16:22:34,793 INFO o.a.j.t.JMeterThread: Thread finished: Agent search 2-491
2026-10-09 16:22:41,518 INFO o.a.j.t.JMeterThread: Thread started: Agent search 2-492
2026-10-09 16:22:41,531 INFO o.a.j.t.JMeterThread: Thread started: Ticket intake 1-122
2026-10-09 16:22:41,565 INFO o.a.j.t.JMeterThread: Thread is done: Agent search 2-492
2026-10-09 16:22:41,565 INFO o.a.j.t.JMeterThread: Thread finished: Agent search 2-492
2026-10-09 16:22:42,692 INFO o.a.j.t.JMeterThread: Thread is done: Ticket intake 1-96
2026-10-09 16:22:42,693 INFO o.a.j.t.JMeterThread: Thread finished: Ticket intake 1-96
2026-10-09 16:22:46,756 INFO o.a.j.t.JMeterThread: Thread started: Agent search 2-493
2026-10-09 16:22:46,785 INFO o.a.j.t.JMeterThread: Thread is done: Agent search 2-493
2026-10-09 16:22:46,785 INFO o.a.j.t.JMeterThread: Thread finished: Agent search 2-493
2026-10-09 16:22:47,176 INFO o.a.j.t.JMeterThread: Thread started: Agent search 2-494
2026-10-09 16:22:47,219 INFO o.a.j.t.JMeterThread: Thread is done: Agent search 2-494
2026-10-09 16:22:47,219 INFO o.a.j.t.JMeterThread: Thread finished: Agent search 2-494
2026-10-09 16:22:50,871 INFO o.a.j.t.JMeterThread: Thread started: Ticket intake 1-123
2026-10-09 16:22:51,983 INFO o.a.j.t.JMeterThread: Thread started: Ticket intake 1-124
2026-10-09 16:22:54,720 INFO o.a.j.t.JMeterThread: Thread started: Agent search 2-495
2026-10-09 16:22:54,754 INFO o.a.j.t.JMeterThread: Thread is done: Agent search 2-495
2026-10-09 16:22:54,754 INFO o.a.j.t.JMeterThread: Thread finished: Agent search 2-495
2026-10-09 16:23:03,430 INFO o.a.j.t.JMeterThread: Thread started: Agent search 2-496
2026-10-09 16:23:03,460 INFO o.a.j.r.Summariser: summary +      8 in 00:00:31 =    0.3/s Avg: 149735 Min:    27 Max: 600071 Err:     1 (12.50%) Active: 29 Started: 620 Finished: 591
2026-10-09 16:23:03,460 INFO o.a.j.r.Summariser: summary =    592 in 00:37:00 =    0.3/s Avg: 95269 Min:    16 Max: 650017 Err:    71 (11.99%)
2026-10-09 16:23:03,460 INFO o.a.j.t.JMeterThread: Thread is done: Agent search 2-496
2026-10-09 16:23:03,460 INFO o.a.j.t.JMeterThread: Thread finished: Agent search 2-496
2026-10-09 16:23:03,502 INFO o.a.j.t.JMeterThread: Thread started: Agent search 2-497
2026-10-09 16:23:03,532 INFO o.a.j.t.JMeterThread: Thread is done: Agent search 2-497
2026-10-09 16:23:03,532 INFO o.a.j.t.JMeterThread: Thread finished: Agent search 2-497
2026-10-09 16:23:03,757 INFO o.a.j.t.JMeterThread: Thread started: Ticket intake 1-125
2026-10-09 16:23:07,162 INFO o.a.j.t.JMeterThread: Thread started: Agent search 2-498
2026-10-09 16:23:07,189 INFO o.a.j.t.JMeterThread: Thread is done: Agent search 2-498
2026-10-09 16:23:07,189 INFO o.a.j.t.JMeterThread: Thread finished: Agent search 2-498
2026-10-09 16:23:07,258 INFO o.a.j.t.JMeterThread: Thread started: Agent search 2-499
2026-10-09 16:23:07,305 INFO o.a.j.t.JMeterThread: Thread is done: Agent search 2-499
2026-10-09 16:23:07,305 INFO o.a.j.t.JMeterThread: Thread finished: Agent search 2-499
2026-10-09 16:23:13,487 INFO o.a.j.t.JMeterThread: Thread is done: Ticket intake 1-97
2026-10-09 16:23:13,487 INFO o.a.j.t.JMeterThread: Thread finished: Ticket intake 1-97
2026-10-09 16:23:19,150 INFO o.a.j.t.JMeterThread: Thread started: Agent search 2-500
2026-10-09 16:23:19,191 INFO o.a.j.t.JMeterThread: Thread is done: Agent search 2-500
2026-10-09 16:23:19,191 INFO o.a.j.t.JMeterThread: Thread finished: Agent search 2-500
2026-10-09 16:23:20,677 INFO o.a.j.t.JMeterThread: Thread started: Ticket intake 1-126
2026-10-09 16:23:35,391 INFO o.a.j.t.JMeterThread: Thread started: Agent search 2-501
2026-10-09 16:23:35,494 INFO o.a.j.r.Summariser: summary +      6 in 00:00:32 =    0.2/s Avg: 100061 Min:    26 Max: 600125 Err:     1 (16.67%) Active: 30 Started: 627 Finished: 597
2026-10-09 16:23:35,495 INFO o.a.j.r.Summariser: summary =    598 in 00:37:33 =    0.3/s Avg: 95317 Min:    16 Max: 650017 Err:    72 (12.04%)
2026-10-09 16:23:35,495 INFO o.a.j.t.JMeterThread: Thread is done: Agent search 2-501
2026-10-09 16:23:35,495 INFO o.a.j.t.JMeterThread: Thread finished: Agent search 2-501
2026-10-09 16:23:36,812 INFO o.a.j.t.JMeterThread: Thread started: Agent search 2-502
2026-10-09 16:23:36,905 INFO o.a.j.t.JMeterThread: Thread is done: Agent search 2-502
2026-10-09 16:23:36,905 INFO o.a.j.t.JMeterThread: Thread finished: Agent search 2-502
2026-10-09 16:23:37,176 INFO o.a.j.t.JMeterThread: Thread started: Agent search 2-503
2026-10-09 16:23:37,266 INFO o.a.j.t.JMeterThread: Thread is done: Agent search 2-503
2026-10-09 16:23:37,266 INFO o.a.j.t.JMeterThread: Thread finished: Agent search 2-503
2026-10-09 16:23:39,054 INFO o.a.j.t.JMeterThread: Thread started: Agent search 2-504
2026-10-09 16:23:39,141 INFO o.a.j.t.JMeterThread: Thread is done: Agent search 2-504
2026-10-09 16:23:39,141 INFO o.a.j.t.JMeterThread: Thread finished: Agent search 2-504
2026-10-09 16:23:41,013 INFO o.a.j.t.JMeterThread: Thread started: Agent search 2-505
2026-10-09 16:23:41,040 INFO o.a.j.t.JMeterThread: Thread is done: Agent search 2-505
2026-10-09 16:23:41,040 INFO o.a.j.t.JMeterThread: Thread finished: Agent search 2-505
2026-10-09 16:23:42,019 INFO o.a.j.t.JMeterThread: Thread started: Agent search 2-506
2026-10-09 16:23:42,041 INFO o.a.j.t.JMeterThread: Thread is done: Agent search 2-506
2026-10-09 16:23:42,041 INFO o.a.j.t.JMeterThread: Thread finished: Agent search 2-506
2026-10-09 16:23:45,729 INFO o.a.j.t.JMeterThread: Thread started: Agent search 2-507
2026-10-09 16:23:45,755 INFO o.a.j.t.JMeterThread: Thread is done: Agent search 2-507
2026-10-09 16:23:45,755 INFO o.a.j.t.JMeterThread: Thread finished: Agent search 2-507
2026-10-09 16:23:48,667 INFO o.a.j.t.JMeterThread: Thread started: Agent search 2-508
2026-10-09 16:23:48,693 INFO o.a.j.t.JMeterThread: Thread is done: Agent search 2-508
2026-10-09 16:23:48,693 INFO o.a.j.t.JMeterThread: Thread finished: Agent search 2-508
2026-10-09 16:23:48,744 INFO o.a.j.t.JMeterThread: Thread started: Agent search 2-509
2026-10-09 16:23:48,770 INFO o.a.j.t.JMeterThread: Thread is done: Agent search 2-509
2026-10-09 16:23:48,770 INFO o.a.j.t.JMeterThread: Thread finished: Agent search 2-509
2026-10-09 16:23:49,046 INFO o.a.j.t.JMeterThread: Thread is done: Ticket intake 1-98
2026-10-09 16:23:49,046 INFO o.a.j.t.JMeterThread: Thread finished: Ticket intake 1-98
2026-10-09 16:23:52,927 INFO o.a.j.t.JMeterThread: Thread started: Ticket intake 1-127
2026-10-09 16:24:04,186 INFO o.a.j.t.JMeterThread: Thread started: Agent search 2-510
2026-10-09 16:24:04,213 INFO o.a.j.r.Summariser: summary +     10 in 00:00:29 =    0.3/s Avg: 60047 Min:    21 Max: 600061 Err:     1 (10.00%) Active: 30 Started: 637 Finished: 607
2026-10-09 16:24:04,213 INFO o.a.j.r.Summariser: summary =    608 in 00:38:01 =    0.3/s Avg: 94737 Min:    16 Max: 650017 Err:    73 (12.01%)
2026-10-09 16:24:04,213 INFO o.a.j.t.JMeterThread: Thread is done: Agent search 2-510
2026-10-09 16:24:04,213 INFO o.a.j.t.JMeterThread: Thread finished: Agent search 2-510
2026-10-09 16:24:05,501 INFO o.a.j.t.JMeterThread: Thread started: Ticket intake 1-128
2026-10-09 16:24:05,942 INFO o.a.j.t.JMeterThread: Thread started: Ticket intake 1-129
2026-10-09 16:24:10,472 INFO o.a.j.t.JMeterThread: Thread started: Agent search 2-511
2026-10-09 16:24:10,502 INFO o.a.j.t.JMeterThread: Thread is done: Agent search 2-511
2026-10-09 16:24:10,502 INFO o.a.j.t.JMeterThread: Thread finished: Agent search 2-511
2026-10-09 16:24:11,907 INFO o.a.j.t.JMeterThread: Thread started: Agent search 2-512
2026-10-09 16:24:11,930 INFO o.a.j.t.JMeterThread: Thread is done: Agent search 2-512
2026-10-09 16:24:11,930 INFO o.a.j.t.JMeterThread: Thread finished: Agent search 2-512
2026-10-09 16:24:15,612 INFO o.a.j.t.JMeterThread: Thread started: Agent search 2-513
2026-10-09 16:24:15,649 INFO o.a.j.t.JMeterThread: Thread is done: Agent search 2-513
2026-10-09 16:24:15,649 INFO o.a.j.t.JMeterThread: Thread finished: Agent search 2-513
2026-10-09 16:24:17,335 INFO o.a.j.t.JMeterThread: Thread started: Agent search 2-514
2026-10-09 16:24:17,368 INFO o.a.j.t.JMeterThread: Thread is done: Agent search 2-514
2026-10-09 16:24:17,368 INFO o.a.j.t.JMeterThread: Thread finished: Agent search 2-514
2026-10-09 16:24:19,943 INFO o.a.j.t.JMeterThread: Thread started: Agent search 2-515
2026-10-09 16:24:19,973 INFO o.a.j.t.JMeterThread: Thread is done: Agent search 2-515
2026-10-09 16:24:19,973 INFO o.a.j.t.JMeterThread: Thread finished: Agent search 2-515
2026-10-09 16:24:24,624 INFO o.a.j.t.JMeterThread: Thread started: Ticket intake 1-130
2026-10-09 16:24:28,636 INFO o.a.j.t.JMeterThread: Thread started: Agent search 2-516
2026-10-09 16:24:28,664 INFO o.a.j.t.JMeterThread: Thread is done: Agent search 2-516
2026-10-09 16:24:28,665 INFO o.a.j.t.JMeterThread: Thread finished: Agent search 2-516
2026-10-09 16:24:33,733 INFO o.a.j.t.JMeterThread: Thread started: Ticket intake 1-131
2026-10-09 16:24:40,682 INFO o.a.j.t.JMeterThread: Thread started: Agent search 2-517
2026-10-09 16:24:40,709 INFO o.a.j.t.JMeterThread: Thread is done: Agent search 2-517
2026-10-09 16:24:40,709 INFO o.a.j.t.JMeterThread: Thread finished: Agent search 2-517
2026-10-09 16:24:42,737 INFO o.a.j.t.JMeterThread: Thread started: Ticket intake 1-132
2026-10-09 16:24:44,910 INFO o.a.j.t.JMeterThread: Thread started: Agent search 2-518
2026-10-09 16:24:44,941 INFO o.a.j.t.JMeterThread: Thread is done: Agent search 2-518
2026-10-09 16:24:44,941 INFO o.a.j.t.JMeterThread: Thread finished: Agent search 2-518
2026-10-09 16:24:45,405 INFO o.a.j.t.JMeterThread: Thread started: Agent search 2-519
2026-10-09 16:24:45,426 INFO o.a.j.t.JMeterThread: Thread is done: Agent search 2-519
2026-10-09 16:24:45,426 INFO o.a.j.t.JMeterThread: Thread finished: Agent search 2-519
2026-10-09 16:24:46,989 INFO o.a.j.t.JMeterThread: Thread started: Agent search 2-520
2026-10-09 16:24:47,013 INFO o.a.j.t.JMeterThread: Thread is done: Agent search 2-520
2026-10-09 16:24:47,013 INFO o.a.j.t.JMeterThread: Thread finished: Agent search 2-520
2026-10-09 16:24:54,787 INFO o.a.j.t.JMeterThread: Thread is done: Ticket intake 1-99
2026-10-09 16:24:54,787 INFO o.a.j.t.JMeterThread: Thread finished: Ticket intake 1-99
2026-10-09 16:24:55,642 INFO o.a.j.t.JMeterThread: Thread started: Agent search 2-521
2026-10-09 16:24:55,664 INFO o.a.j.t.JMeterThread: Thread is done: Agent search 2-521
2026-10-09 16:24:55,664 INFO o.a.j.t.JMeterThread: Thread finished: Agent search 2-521
2026-10-09 16:25:02,337 INFO o.a.j.t.JMeterThread: Thread started: Agent search 2-522
2026-10-09 16:25:02,358 INFO o.a.j.r.Summariser: summary +     13 in 00:00:58 =    0.2/s Avg: 46192 Min:    20 Max: 600192 Err:     1 (7.69%) Active: 34 Started: 654 Finished: 620
2026-10-09 16:25:02,359 INFO o.a.j.r.Summariser: summary =    621 in 00:38:59 =    0.3/s Avg: 93721 Min:    16 Max: 650017 Err:    74 (11.92%)
2026-10-09 16:25:02,359 INFO o.a.j.t.JMeterThread: Thread is done: Agent search 2-522
2026-10-09 16:25:02,359 INFO o.a.j.t.JMeterThread: Thread finished: Agent search 2-522
2026-10-09 16:25:14,754 INFO o.a.j.t.JMeterThread: Thread is done: Ticket intake 1-100
2026-10-09 16:25:14,754 INFO o.a.j.t.JMeterThread: Thread finished: Ticket intake 1-100
2026-10-09 16:25:15,368 INFO o.a.j.t.JMeterThread: Thread started: Agent search 2-523
2026-10-09 16:25:15,392 INFO o.a.j.t.JMeterThread: Thread is done: Agent search 2-523
2026-10-09 16:25:15,392 INFO o.a.j.t.JMeterThread: Thread finished: Agent search 2-523
2026-10-09 16:25:16,796 INFO o.a.j.t.JMeterThread: Thread started: Agent search 2-524
2026-10-09 16:25:16,832 INFO o.a.j.t.JMeterThread: Thread is done: Agent search 2-524
2026-10-09 16:25:16,832 INFO o.a.j.t.JMeterThread: Thread finished: Agent search 2-524
2026-10-09 16:25:17,210 INFO o.a.j.t.JMeterThread: Thread is done: Ticket intake 1-101
2026-10-09 16:25:17,210 INFO o.a.j.t.JMeterThread: Thread finished: Ticket intake 1-101
2026-10-09 16:25:17,626 INFO o.a.j.t.JMeterThread: Thread started: Agent search 2-525
2026-10-09 16:25:17,650 INFO o.a.j.t.JMeterThread: Thread is done: Agent search 2-525
2026-10-09 16:25:17,650 INFO o.a.j.t.JMeterThread: Thread finished: Agent search 2-525
2026-10-09 16:25:29,892 INFO o.a.j.t.JMeterThread: Thread started: Agent search 2-526
2026-10-09 16:25:29,918 INFO o.a.j.t.JMeterThread: Thread is done: Agent search 2-526
2026-10-09 16:25:29,918 INFO o.a.j.t.JMeterThread: Thread finished: Agent search 2-526
2026-10-09 16:25:33,238 INFO o.a.j.t.JMeterThread: Thread started: Agent search 2-527
2026-10-09 16:25:33,263 INFO o.a.j.r.Summariser: summary +      7 in 00:00:31 =    0.2/s Avg: 171483 Min:    23 Max: 600132 Err:     2 (28.57%) Active: 32 Started: 659 Finished: 627
2026-10-09 16:25:33,263 INFO o.a.j.r.Summariser: summary =    628 in 00:39:30 =    0.3/s Avg: 94588 Min:    16 Max: 650017 Err:    76 (12.10%)
2026-10-09 16:25:33,263 INFO o.a.j.t.JMeterThread: Thread is done: Agent search 2-527
2026-10-09 16:25:33,263 INFO o.a.j.t.JMeterThread: Thread finished: Agent search 2-527
2026-10-09 16:25:33,426 INFO o.a.j.t.JMeterThread: Thread started: Agent search 2-528
2026-10-09 16:25:33,452 INFO o.a.j.t.JMeterThread: Thread is done: Agent search 2-528
2026-10-09 16:25:33,452 INFO o.a.j.t.JMeterThread: Thread finished: Agent search 2-528
2026-10-09 16:25:35,586 INFO o.a.j.t.JMeterThread: Thread started: Agent search 2-529
2026-10-09 16:25:35,611 INFO o.a.j.t.JMeterThread: Thread is done: Agent search 2-529
2026-10-09 16:25:35,611 INFO o.a.j.t.JMeterThread: Thread finished: Agent search 2-529
2026-10-09 16:25:35,907 INFO o.a.j.t.JMeterThread: Thread started: Ticket intake 1-133
2026-10-09 16:25:39,220 INFO o.a.j.t.JMeterThread: Thread started: Agent search 2-530
2026-10-09 16:25:39,247 INFO o.a.j.t.JMeterThread: Thread is done: Agent search 2-530
2026-10-09 16:25:39,247 INFO o.a.j.t.JMeterThread: Thread finished: Agent search 2-530
2026-10-09 16:25:39,957 INFO o.a.j.t.JMeterThread: Thread started: Agent search 2-531
2026-10-09 16:25:39,984 INFO o.a.j.t.JMeterThread: Thread is done: Agent search 2-531
2026-10-09 16:25:39,984 INFO o.a.j.t.JMeterThread: Thread finished: Agent search 2-531
2026-10-09 16:25:43,980 INFO o.a.j.t.JMeterThread: Thread started: Agent search 2-532
2026-10-09 16:25:44,002 INFO o.a.j.t.JMeterThread: Thread is done: Agent search 2-532
2026-10-09 16:25:44,002 INFO o.a.j.t.JMeterThread: Thread finished: Agent search 2-532
2026-10-09 16:25:46,243 INFO o.a.j.t.JMeterThread: Thread started: Ticket intake 1-134
2026-10-09 16:25:47,139 INFO o.a.j.t.JMeterThread: Thread started: Agent search 2-533
2026-10-09 16:25:47,176 INFO o.a.j.t.JMeterThread: Thread is done: Agent search 2-533
2026-10-09 16:25:47,176 INFO o.a.j.t.JMeterThread: Thread finished: Agent search 2-533
2026-10-09 16:25:48,126 INFO o.a.j.t.JMeterThread: Thread started: Agent search 2-534
2026-10-09 16:25:48,163 INFO o.a.j.t.JMeterThread: Thread is done: Agent search 2-534
2026-10-09 16:25:48,163 INFO o.a.j.t.JMeterThread: Thread finished: Agent search 2-534
2026-10-09 16:25:50,420 INFO o.a.j.t.JMeterThread: Thread started: Agent search 2-535
2026-10-09 16:25:50,442 INFO o.a.j.t.JMeterThread: Thread is done: Agent search 2-535
2026-10-09 16:25:50,442 INFO o.a.j.t.JMeterThread: Thread finished: Agent search 2-535
2026-10-09 16:25:52,892 INFO o.a.j.t.JMeterThread: Thread started: Agent search 2-536
2026-10-09 16:25:52,915 INFO o.a.j.t.JMeterThread: Thread is done: Agent search 2-536
2026-10-09 16:25:52,915 INFO o.a.j.t.JMeterThread: Thread finished: Agent search 2-536
2026-10-09 16:25:54,302 INFO o.a.j.t.JMeterThread: Thread started: Agent search 2-537
2026-10-09 16:25:54,352 INFO o.a.j.t.JMeterThread: Thread is done: Agent search 2-537
2026-10-09 16:25:54,352 INFO o.a.j.t.JMeterThread: Thread finished: Agent search 2-537
2026-10-09 16:26:01,958 INFO o.a.j.r.Summariser: summary +     11 in 00:00:29 =    0.4/s Avg: 54591 Min:    21 Max: 600223 Err:     1 (9.09%) Active: 33 Started: 671 Finished: 638
2026-10-09 16:26:01,958 INFO o.a.j.r.Summariser: summary =    639 in 00:39:59 =    0.3/s Avg: 93899 Min:    16 Max: 650017 Err:    77 (12.05%)
2026-10-09 16:26:01,958 INFO o.a.j.t.JMeterThread: Thread is done: Ticket intake 1-102
2026-10-09 16:26:01,959 INFO o.a.j.t.JMeterThread: Thread finished: Ticket intake 1-102
2026-10-09 16:26:06,663 INFO o.a.j.t.JMeterThread: Thread started: Agent search 2-538
2026-10-09 16:26:06,682 INFO o.a.j.t.JMeterThread: Thread is done: Agent search 2-538
2026-10-09 16:26:06,682 INFO o.a.j.t.JMeterThread: Thread finished: Agent search 2-538
2026-10-09 16:26:07,969 INFO o.a.j.t.JMeterThread: Thread started: Agent search 2-539
2026-10-09 16:26:07,992 INFO o.a.j.t.JMeterThread: Thread is done: Agent search 2-539
2026-10-09 16:26:07,992 INFO o.a.j.t.JMeterThread: Thread finished: Agent search 2-539
2026-10-09 16:26:14,655 INFO o.a.j.t.JMeterThread: Thread is done: Ticket intake 1-103
2026-10-09 16:26:14,655 INFO o.a.j.t.JMeterThread: Thread finished: Ticket intake 1-103
2026-10-09 16:26:16,151 INFO o.a.j.t.JMeterThread: Thread started: Agent search 2-540
2026-10-09 16:26:16,174 INFO o.a.j.t.JMeterThread: Thread is done: Agent search 2-540
2026-10-09 16:26:16,174 INFO o.a.j.t.JMeterThread: Thread finished: Agent search 2-540
2026-10-09 16:26:16,364 INFO o.a.j.t.JMeterThread: Thread started: Ticket intake 1-135
2026-10-09 16:26:21,348 INFO o.a.j.t.JMeterThread: Thread started: Agent search 2-541
2026-10-09 16:26:21,373 INFO o.a.j.t.JMeterThread: Thread is done: Agent search 2-541
2026-10-09 16:26:21,374 INFO o.a.j.t.JMeterThread: Thread finished: Agent search 2-541
2026-10-09 16:26:26,029 INFO o.a.j.t.JMeterThread: Thread started: Agent search 2-542
2026-10-09 16:26:26,061 INFO o.a.j.t.JMeterThread: Thread is done: Agent search 2-542
2026-10-09 16:26:26,061 INFO o.a.j.t.JMeterThread: Thread finished: Agent search 2-542
2026-10-09 16:26:30,673 INFO o.a.j.t.JMeterThread: Thread started: Ticket intake 1-136
2026-10-09 16:26:32,574 INFO o.a.j.r.Summariser: summary +      7 in 00:00:31 =    0.2/s Avg: 171509 Min:    18 Max: 600277 Err:     2 (28.57%) Active: 33 Started: 678 Finished: 645
2026-10-09 16:26:32,575 INFO o.a.j.r.Summariser: summary =    646 in 00:40:30 =    0.3/s Avg: 94740 Min:    16 Max: 650017 Err:    79 (12.23%)
2026-10-09 16:26:32,575 INFO o.a.j.t.JMeterThread: Thread is done: Ticket intake 1-104
2026-10-09 16:26:32,575 INFO o.a.j.t.JMeterThread: Thread finished: Ticket intake 1-104
2026-10-09 16:26:33,844 INFO o.a.j.t.JMeterThread: Thread started: Agent search 2-543
2026-10-09 16:26:33,866 INFO o.a.j.t.JMeterThread: Thread is done: Agent search 2-543
2026-10-09 16:26:33,866 INFO o.a.j.t.JMeterThread: Thread finished: Agent search 2-543
2026-10-09 16:26:34,492 INFO o.a.j.t.JMeterThread: Thread started: Agent search 2-544
2026-10-09 16:26:34,525 INFO o.a.j.t.JMeterThread: Thread is done: Agent search 2-544
2026-10-09 16:26:34,525 INFO o.a.j.t.JMeterThread: Thread finished: Agent search 2-544
2026-10-09 16:26:35,287 INFO o.a.j.t.JMeterThread: Thread started: Ticket intake 1-137
2026-10-09 16:26:37,319 INFO o.a.j.t.JMeterThread: Thread started: Agent search 2-545
2026-10-09 16:26:37,342 INFO o.a.j.t.JMeterThread: Thread is done: Agent search 2-545
2026-10-09 16:26:37,342 INFO o.a.j.t.JMeterThread: Thread finished: Agent search 2-545
2026-10-09 16:26:41,919 INFO o.a.j.t.JMeterThread: Thread started: Agent search 2-546
2026-10-09 16:26:41,943 INFO o.a.j.t.JMeterThread: Thread is done: Agent search 2-546
2026-10-09 16:26:41,943 INFO o.a.j.t.JMeterThread: Thread finished: Agent search 2-546
2026-10-09 16:26:46,077 INFO o.a.j.t.JMeterThread: Thread started: Agent search 2-547
2026-10-09 16:26:46,102 INFO o.a.j.t.JMeterThread: Thread is done: Agent search 2-547
2026-10-09 16:26:46,102 INFO o.a.j.t.JMeterThread: Thread finished: Agent search 2-547
2026-10-09 16:26:47,376 INFO o.a.j.t.JMeterThread: Thread started: Agent search 2-548
2026-10-09 16:26:47,402 INFO o.a.j.t.JMeterThread: Thread is done: Agent search 2-548
2026-10-09 16:26:47,402 INFO o.a.j.t.JMeterThread: Thread finished: Agent search 2-548
2026-10-09 16:26:58,834 INFO o.a.j.t.JMeterThread: Thread started: Agent search 2-549
2026-10-09 16:26:58,857 INFO o.a.j.t.JMeterThread: Thread is done: Agent search 2-549
2026-10-09 16:26:58,857 INFO o.a.j.t.JMeterThread: Thread finished: Agent search 2-549
2026-10-09 16:26:59,881 INFO o.a.j.t.JMeterThread: Thread started: Ticket intake 1-138
2026-10-09 16:27:03,595 INFO o.a.j.t.JMeterThread: Thread started: Ticket intake 1-139
2026-10-09 16:27:05,240 INFO o.a.j.r.Summariser: summary +      8 in 00:00:33 =    0.2/s Avg: 74020 Min:    20 Max: 591994 Err:     0 (0.00%) Active: 35 Started: 688 Finished: 653
2026-10-09 16:27:05,241 INFO o.a.j.r.Summariser: summary =    654 in 00:41:02 =    0.3/s Avg: 94487 Min:    16 Max: 650017 Err:    79 (12.08%)
2026-10-09 16:27:05,241 INFO o.a.j.t.JMeterThread: Thread is done: Ticket intake 1-105
2026-10-09 16:27:05,241 INFO o.a.j.t.JMeterThread: Thread finished: Ticket intake 1-105
2026-10-09 16:27:13,636 INFO o.a.j.t.JMeterThread: Thread started: Agent search 2-550
2026-10-09 16:27:13,658 INFO o.a.j.t.JMeterThread: Thread is done: Agent search 2-550
2026-10-09 16:27:13,658 INFO o.a.j.t.JMeterThread: Thread finished: Agent search 2-550
2026-10-09 16:27:15,994 INFO o.a.j.t.JMeterThread: Thread started: Ticket intake 1-140
2026-10-09 16:27:19,569 INFO o.a.j.t.JMeterThread: Thread started: Agent search 2-551
2026-10-09 16:27:19,592 INFO o.a.j.t.JMeterThread: Thread is done: Agent search 2-551
2026-10-09 16:27:19,592 INFO o.a.j.t.JMeterThread: Thread finished: Agent search 2-551
2026-10-09 16:27:21,052 INFO o.a.j.t.JMeterThread: Thread started: Agent search 2-552
2026-10-09 16:27:21,076 INFO o.a.j.t.JMeterThread: Thread is done: Agent search 2-552
2026-10-09 16:27:21,076 INFO o.a.j.t.JMeterThread: Thread finished: Agent search 2-552
2026-10-09 16:27:22,966 INFO o.a.j.t.JMeterThread: Thread started: Agent search 2-553
2026-10-09 16:27:22,987 INFO o.a.j.t.JMeterThread: Thread is done: Agent search 2-553
2026-10-09 16:27:22,987 INFO o.a.j.t.JMeterThread: Thread finished: Agent search 2-553
2026-10-09 16:27:23,419 INFO o.a.j.t.JMeterThread: Thread started: Agent search 2-554
2026-10-09 16:27:23,444 INFO o.a.j.t.JMeterThread: Thread is done: Agent search 2-554
2026-10-09 16:27:23,444 INFO o.a.j.t.JMeterThread: Thread finished: Agent search 2-554
2026-10-09 16:27:23,997 INFO o.a.j.t.JMeterThread: Thread is done: Ticket intake 1-106
2026-10-09 16:27:23,997 INFO o.a.j.t.JMeterThread: Thread finished: Ticket intake 1-106
2026-10-09 16:27:24,390 INFO o.a.j.t.JMeterThread: Thread started: Ticket intake 1-141
2026-10-09 16:27:25,054 INFO o.a.j.t.JMeterThread: Thread started: Ticket intake 1-142
2026-10-09 16:27:25,701 INFO o.a.j.t.JMeterThread: Thread started: Agent search 2-555
2026-10-09 16:27:25,725 INFO o.a.j.t.JMeterThread: Thread is done: Agent search 2-555
2026-10-09 16:27:25,725 INFO o.a.j.t.JMeterThread: Thread finished: Agent search 2-555
2026-10-09 16:27:29,320 INFO o.a.j.t.JMeterThread: Thread started: Agent search 2-556
2026-10-09 16:27:29,347 INFO o.a.j.t.JMeterThread: Thread is done: Agent search 2-556
2026-10-09 16:27:29,347 INFO o.a.j.t.JMeterThread: Thread finished: Agent search 2-556
2026-10-09 16:27:31,047 INFO o.a.j.t.JMeterThread: Thread started: Agent search 2-557
2026-10-09 16:27:31,067 INFO o.a.j.r.Summariser: summary +      9 in 00:00:26 =    0.3/s Avg: 66700 Min:    19 Max: 600122 Err:     1 (11.11%) Active: 37 Started: 699 Finished: 662
2026-10-09 16:27:31,067 INFO o.a.j.r.Summariser: summary =    663 in 00:41:28 =    0.3/s Avg: 94109 Min:    16 Max: 650017 Err:    80 (12.07%)
2026-10-09 16:27:31,067 INFO o.a.j.t.JMeterThread: Thread is done: Agent search 2-557
2026-10-09 16:27:31,067 INFO o.a.j.t.JMeterThread: Thread finished: Agent search 2-557
2026-10-09 16:27:32,067 INFO o.a.j.t.JMeterThread: Thread started: Agent search 2-558
2026-10-09 16:27:32,093 INFO o.a.j.t.JMeterThread: Thread is done: Agent search 2-558
2026-10-09 16:27:32,093 INFO o.a.j.t.JMeterThread: Thread finished: Agent search 2-558
2026-10-09 16:27:34,176 INFO o.a.j.t.JMeterThread: Thread started: Agent search 2-559
2026-10-09 16:27:34,203 INFO o.a.j.t.JMeterThread: Thread is done: Agent search 2-559
2026-10-09 16:27:34,203 INFO o.a.j.t.JMeterThread: Thread finished: Agent search 2-559
2026-10-09 16:27:36,024 INFO o.a.j.t.JMeterThread: Thread started: Agent search 2-560
2026-10-09 16:27:36,047 INFO o.a.j.t.JMeterThread: Thread is done: Agent search 2-560
2026-10-09 16:27:36,047 INFO o.a.j.t.JMeterThread: Thread finished: Agent search 2-560
2026-10-09 16:27:47,301 INFO o.a.j.t.JMeterThread: Thread started: Ticket intake 1-143
2026-10-09 16:27:48,722 INFO o.a.j.t.JMeterThread: Thread started: Agent search 2-561
2026-10-09 16:27:48,749 INFO o.a.j.t.JMeterThread: Thread is done: Agent search 2-561
2026-10-09 16:27:48,749 INFO o.a.j.t.JMeterThread: Thread finished: Agent search 2-561
2026-10-09 16:27:49,462 INFO o.a.j.t.JMeterThread: Thread started: Agent search 2-562
2026-10-09 16:27:49,489 INFO o.a.j.t.JMeterThread: Thread is done: Agent search 2-562
2026-10-09 16:27:49,489 INFO o.a.j.t.JMeterThread: Thread finished: Agent search 2-562
2026-10-09 16:27:53,264 INFO o.a.j.t.JMeterThread: Thread is done: Ticket intake 1-107
2026-10-09 16:27:53,264 INFO o.a.j.t.JMeterThread: Thread finished: Ticket intake 1-107
2026-10-09 16:28:00,578 INFO o.a.j.t.JMeterThread: Thread started: Agent search 2-563
2026-10-09 16:28:00,603 INFO o.a.j.r.Summariser: summary +      7 in 00:00:30 =    0.2/s Avg: 84494 Min:    22 Max: 591311 Err:     0 (0.00%) Active: 37 Started: 706 Finished: 669
2026-10-09 16:28:00,603 INFO o.a.j.r.Summariser: summary =    670 in 00:41:58 =    0.3/s Avg: 94009 Min:    16 Max: 650017 Err:    80 (11.94%)
2026-10-09 16:28:00,603 INFO o.a.j.t.JMeterThread: Thread is done: Agent search 2-563
2026-10-09 16:28:00,603 INFO o.a.j.t.JMeterThread: Thread finished: Agent search 2-563
2026-10-09 16:28:03,151 INFO o.a.j.t.JMeterThread: Thread started: Ticket intake 1-144
2026-10-09 16:28:07,247 INFO o.a.j.t.JMeterThread: Thread started: Ticket intake 1-145
2026-10-09 16:28:07,975 INFO o.a.j.t.JMeterThread: Thread started: Agent search 2-564
2026-10-09 16:28:08,021 INFO o.a.j.t.JMeterThread: Thread is done: Agent search 2-564
2026-10-09 16:28:08,021 INFO o.a.j.t.JMeterThread: Thread finished: Agent search 2-564
2026-10-09 16:28:08,339 INFO o.a.j.t.JMeterThread: Thread started: Agent search 2-565
2026-10-09 16:28:08,363 INFO o.a.j.t.JMeterThread: Thread is done: Agent search 2-565
2026-10-09 16:28:08,363 INFO o.a.j.t.JMeterThread: Thread finished: Agent search 2-565
2026-10-09 16:28:10,673 INFO o.a.j.t.JMeterThread: Thread started: Agent search 2-566
2026-10-09 16:28:10,701 INFO o.a.j.t.JMeterThread: Thread is done: Agent search 2-566
2026-10-09 16:28:10,701 INFO o.a.j.t.JMeterThread: Thread finished: Agent search 2-566
2026-10-09 16:28:12,361 INFO o.a.j.t.JMeterThread: Thread started: Agent search 2-567
2026-10-09 16:28:12,386 INFO o.a.j.t.JMeterThread: Thread is done: Agent search 2-567
2026-10-09 16:28:12,386 INFO o.a.j.t.JMeterThread: Thread finished: Agent search 2-567
2026-10-09 16:28:17,662 INFO o.a.j.t.JMeterThread: Thread started: Agent search 2-568
2026-10-09 16:28:17,689 INFO o.a.j.t.JMeterThread: Thread is done: Agent search 2-568
2026-10-09 16:28:17,689 INFO o.a.j.t.JMeterThread: Thread finished: Agent search 2-568
2026-10-09 16:28:18,718 INFO o.a.j.t.JMeterThread: Thread started: Agent search 2-569
2026-10-09 16:28:18,776 INFO o.a.j.t.JMeterThread: Thread is done: Agent search 2-569
2026-10-09 16:28:18,776 INFO o.a.j.t.JMeterThread: Thread finished: Agent search 2-569
2026-10-09 16:28:20,614 INFO o.a.j.t.JMeterThread: Thread started: Agent search 2-570
2026-10-09 16:28:20,637 INFO o.a.j.t.JMeterThread: Thread is done: Agent search 2-570
2026-10-09 16:28:20,637 INFO o.a.j.t.JMeterThread: Thread finished: Agent search 2-570
2026-10-09 16:28:22,447 INFO o.a.j.t.JMeterThread: Thread is done: Ticket intake 1-108
2026-10-09 16:28:22,447 INFO o.a.j.t.JMeterThread: Thread finished: Ticket intake 1-108
2026-10-09 16:28:26,650 INFO o.a.j.t.JMeterThread: Thread started: Agent search 2-571
2026-10-09 16:28:26,685 INFO o.a.j.t.JMeterThread: Thread is done: Agent search 2-571
2026-10-09 16:28:26,685 INFO o.a.j.t.JMeterThread: Thread finished: Agent search 2-571
2026-10-09 16:28:27,070 INFO o.a.j.t.JMeterThread: Thread started: Ticket intake 1-146
2026-10-09 16:28:28,568 INFO o.a.j.t.JMeterThread: Thread started: Agent search 2-572
2026-10-09 16:28:28,594 INFO o.a.j.t.JMeterThread: Thread is done: Agent search 2-572
2026-10-09 16:28:28,594 INFO o.a.j.t.JMeterThread: Thread finished: Agent search 2-572
2026-10-09 16:28:36,857 INFO o.a.j.t.JMeterThread: Thread started: Agent search 2-573
2026-10-09 16:28:36,884 INFO o.a.j.t.JMeterThread: Thread is done: Agent search 2-573
2026-10-09 16:28:36,884 INFO o.a.j.t.JMeterThread: Thread finished: Agent search 2-573
2026-10-09 16:28:37,385 INFO o.a.j.t.JMeterThread: Thread started: Ticket intake 1-147
2026-10-09 16:28:42,431 INFO o.a.j.t.JMeterThread: Thread started: Agent search 2-574
2026-10-09 16:28:42,457 INFO o.a.j.t.JMeterThread: Thread is done: Agent search 2-574
2026-10-09 16:28:42,457 INFO o.a.j.t.JMeterThread: Thread finished: Agent search 2-574
2026-10-09 16:28:44,440 INFO o.a.j.t.JMeterThread: Thread started: Ticket intake 1-148
2026-10-09 16:28:48,632 INFO o.a.j.t.JMeterThread: Thread started: Agent search 2-575
2026-10-09 16:28:54,058 INFO o.a.j.t.JMeterThread: Thread started: Agent search 2-576
2026-10-09 16:28:55,218 INFO o.a.j.t.JMeterThread: Thread started: Ticket intake 1-149
2026-10-09 16:29:00,830 INFO o.a.j.t.JMeterThread: Thread started: Agent search 2-577
2026-10-09 16:29:02,450 INFO o.a.j.t.JMeterThread: Thread started: Agent search 2-578
2026-10-09 16:29:08,915 INFO o.a.j.t.JMeterThread: Thread started: Ticket intake 1-150
2026-10-09 16:29:11,967 INFO o.a.j.t.JMeterThread: Thread started: Agent search 2-579
2026-10-09 16:29:14,008 INFO o.a.j.t.JMeterThread: Thread started: Agent search 2-580
2026-10-09 16:29:16,265 INFO o.a.j.t.JMeterThread: Thread started: Agent search 2-581
2026-10-09 16:29:16,523 INFO o.a.j.t.JMeterThread: Thread started: Agent search 2-582
2026-10-09 16:29:21,837 INFO o.a.j.t.JMeterThread: Thread is done: Ticket intake 1-109
2026-10-09 16:29:21,838 INFO o.a.j.t.JMeterThread: Thread finished: Ticket intake 1-109
2026-10-09 16:29:21,837 INFO o.a.j.t.JMeterThread: Thread is done: Agent search 2-576
2026-10-09 16:29:21,837 INFO o.a.j.t.JMeterThread: Thread is done: Agent search 2-575
2026-10-09 16:29:21,838 INFO o.a.j.t.JMeterThread: Thread finished: Agent search 2-576
2026-10-09 16:29:21,838 INFO o.a.j.t.JMeterThread: Thread finished: Agent search 2-575
2026-10-09 16:29:26,273 INFO o.a.j.t.JMeterThread: Thread started: Agent search 2-583
2026-10-09 16:29:28,870 INFO o.a.j.t.JMeterThread: Thread started: Agent search 2-584
2026-10-09 16:29:34,022 INFO o.a.j.t.JMeterThread: Thread is done: Ticket intake 1-110
2026-10-09 16:29:34,023 INFO o.a.j.t.JMeterThread: Thread finished: Ticket intake 1-110
2026-10-09 16:29:34,023 INFO o.a.j.r.Summariser: summary +     16 in 00:01:33 =    0.2/s Avg: 80918 Min:    22 Max: 600137 Err:     2 (12.50%) Active: 48 Started: 734 Finished: 686
2026-10-09 16:29:34,023 INFO o.a.j.r.Summariser: summary =    686 in 00:43:31 =    0.3/s Avg: 93704 Min:    16 Max: 650017 Err:    82 (11.95%)
2026-10-09 16:29:34,023 INFO o.a.j.t.JMeterThread: Thread is done: Agent search 2-577
2026-10-09 16:29:34,023 INFO o.a.j.t.JMeterThread: Thread finished: Agent search 2-577
2026-10-09 16:29:34,023 INFO o.a.j.t.JMeterThread: Thread is done: Agent search 2-578
2026-10-09 16:29:34,023 INFO o.a.j.t.JMeterThread: Thread finished: Agent search 2-578
2026-10-09 16:29:36,050 INFO o.a.j.t.JMeterThread: Thread is done: Ticket intake 1-111
2026-10-09 16:29:36,050 INFO o.a.j.t.JMeterThread: Thread finished: Ticket intake 1-111
2026-10-09 16:29:36,054 INFO o.a.j.t.JMeterThread: Thread is done: Agent search 2-579
2026-10-09 16:29:36,055 INFO o.a.j.t.JMeterThread: Thread finished: Agent search 2-579
2026-10-09 16:29:36,056 INFO o.a.j.t.JMeterThread: Thread is done: Agent search 2-580
2026-10-09 16:29:36,056 INFO o.a.j.t.JMeterThread: Thread finished: Agent search 2-580
2026-10-09 16:29:36,061 INFO o.a.j.t.JMeterThread: Thread is done: Agent search 2-581
2026-10-09 16:29:36,061 INFO o.a.j.t.JMeterThread: Thread finished: Agent search 2-581
2026-10-09 16:29:36,063 INFO o.a.j.t.JMeterThread: Thread is done: Agent search 2-582
2026-10-09 16:29:36,063 INFO o.a.j.t.JMeterThread: Thread finished: Agent search 2-582
2026-10-09 16:29:36,067 INFO o.a.j.t.JMeterThread: Thread is done: Agent search 2-583
2026-10-09 16:29:36,067 INFO o.a.j.t.JMeterThread: Thread finished: Agent search 2-583
2026-10-09 16:29:36,068 INFO o.a.j.t.JMeterThread: Thread is done: Agent search 2-584
2026-10-09 16:29:36,068 INFO o.a.j.t.JMeterThread: Thread finished: Agent search 2-584
2026-10-09 16:29:41,594 INFO o.a.j.t.JMeterThread: Thread started: Agent search 2-585
2026-10-09 16:29:41,620 INFO o.a.j.t.JMeterThread: Thread is done: Agent search 2-585
2026-10-09 16:29:41,620 INFO o.a.j.t.JMeterThread: Thread finished: Agent search 2-585
2026-10-09 16:29:43,239 INFO o.a.j.t.JMeterThread: Thread is done: Ticket intake 1-112
2026-10-09 16:29:43,239 INFO o.a.j.t.JMeterThread: Thread finished: Ticket intake 1-112
2026-10-09 16:29:45,743 INFO o.a.j.t.JMeterThread: Thread started: Agent search 2-586
2026-10-09 16:29:45,766 INFO o.a.j.t.JMeterThread: Thread is done: Agent search 2-586
2026-10-09 16:29:45,766 INFO o.a.j.t.JMeterThread: Thread finished: Agent search 2-586
2026-10-09 16:29:52,289 INFO o.a.j.t.JMeterThread: Thread started: Agent search 2-587
2026-10-09 16:29:52,311 INFO o.a.j.t.JMeterThread: Thread is done: Agent search 2-587
2026-10-09 16:29:52,311 INFO o.a.j.t.JMeterThread: Thread finished: Agent search 2-587
2026-10-09 16:29:53,245 INFO o.a.j.t.JMeterThread: Thread started: Agent search 2-588
2026-10-09 16:29:53,266 INFO o.a.j.t.JMeterThread: Thread is done: Agent search 2-588
2026-10-09 16:29:53,266 INFO o.a.j.t.JMeterThread: Thread finished: Agent search 2-588
2026-10-09 16:29:55,561 INFO o.a.j.t.JMeterThread: Thread started: Agent search 2-589
2026-10-09 16:29:55,584 INFO o.a.j.t.JMeterThread: Thread is done: Agent search 2-589
2026-10-09 16:29:55,584 INFO o.a.j.t.JMeterThread: Thread finished: Agent search 2-589
2026-10-09 16:30:00,259 INFO o.a.j.t.JMeterThread: Thread started: Agent search 2-590
2026-10-09 16:30:00,287 INFO o.a.j.r.Summariser: summary +     16 in 00:00:26 =    0.6/s Avg: 120910 Min:    19 Max: 600134 Err:     3 (18.75%) Active: 39 Started: 740 Finished: 701
2026-10-09 16:30:00,288 INFO o.a.j.r.Summariser: summary =    702 in 00:43:57 =    0.3/s Avg: 94324 Min:    16 Max: 650017 Err:    85 (12.11%)
2026-10-09 16:30:00,288 INFO o.a.j.t.JMeterThread: Thread is done: Agent search 2-590
2026-10-09 16:30:00,288 INFO o.a.j.t.JMeterThread: Thread finished: Agent search 2-590
2026-10-09 16:30:00,590 INFO o.a.j.t.JMeterThread: Thread started: Agent search 2-591
2026-10-09 16:30:00,615 INFO o.a.j.t.JMeterThread: Thread is done: Agent search 2-591
2026-10-09 16:30:00,615 INFO o.a.j.t.JMeterThread: Thread finished: Agent search 2-591
2026-10-09 16:30:04,490 INFO o.a.j.t.JMeterThread: Thread started: Agent search 2-592
2026-10-09 16:30:04,519 INFO o.a.j.t.JMeterThread: Thread is done: Agent search 2-592
2026-10-09 16:30:04,519 INFO o.a.j.t.JMeterThread: Thread finished: Agent search 2-592
2026-10-09 16:30:09,966 INFO o.a.j.t.JMeterThread: Thread started: Agent search 2-593
2026-10-09 16:30:09,985 INFO o.a.j.t.JMeterThread: Thread is done: Agent search 2-593
2026-10-09 16:30:09,985 INFO o.a.j.t.JMeterThread: Thread finished: Agent search 2-593
2026-10-09 16:30:12,287 INFO o.a.j.t.JMeterThread: Thread started: Agent search 2-594
2026-10-09 16:30:12,312 INFO o.a.j.t.JMeterThread: Thread is done: Agent search 2-594
2026-10-09 16:30:12,312 INFO o.a.j.t.JMeterThread: Thread finished: Agent search 2-594
2026-10-09 16:30:15,813 INFO o.a.j.t.JMeterThread: Thread started: Agent search 2-595
2026-10-09 16:30:15,837 INFO o.a.j.t.JMeterThread: Thread is done: Agent search 2-595
2026-10-09 16:30:15,837 INFO o.a.j.t.JMeterThread: Thread finished: Agent search 2-595
2026-10-09 16:30:22,148 INFO o.a.j.t.JMeterThread: Thread is done: Ticket intake 1-113
2026-10-09 16:30:22,149 INFO o.a.j.t.JMeterThread: Thread finished: Ticket intake 1-113
2026-10-09 16:30:23,756 INFO o.a.j.t.JMeterThread: Thread started: Agent search 2-596
2026-10-09 16:30:23,778 INFO o.a.j.t.JMeterThread: Thread is done: Agent search 2-596
2026-10-09 16:30:23,778 INFO o.a.j.t.JMeterThread: Thread finished: Agent search 2-596
2026-10-09 16:30:30,714 INFO o.a.j.t.JMeterThread: Thread started: Agent search 2-597
2026-10-09 16:30:30,740 INFO o.a.j.r.Summariser: summary +      8 in 00:00:30 =    0.3/s Avg: 75037 Min:    19 Max: 600133 Err:     1 (12.50%) Active: 38 Started: 747 Finished: 709
2026-10-09 16:30:30,740 INFO o.a.j.r.Summariser: summary =    710 in 00:44:28 =    0.3/s Avg: 94106 Min:    16 Max: 650017 Err:    86 (12.11%)
2026-10-09 16:30:30,740 INFO o.a.j.t.JMeterThread: Thread is done: Agent search 2-597
2026-10-09 16:30:30,740 INFO o.a.j.t.JMeterThread: Thread finished: Agent search 2-597
2026-10-09 16:30:31,403 INFO o.a.j.t.JMeterThread: Thread started: Ticket intake 1-151
2026-10-09 16:30:31,922 INFO o.a.j.t.JMeterThread: Thread started: Agent search 2-598
2026-10-09 16:30:31,950 INFO o.a.j.t.JMeterThread: Thread is done: Agent search 2-598
2026-10-09 16:30:31,950 INFO o.a.j.t.JMeterThread: Thread finished: Agent search 2-598
2026-10-09 16:30:32,392 INFO o.a.j.t.JMeterThread: Thread started: Agent search 2-599
2026-10-09 16:30:32,416 INFO o.a.j.t.JMeterThread: Thread is done: Agent search 2-599
2026-10-09 16:30:32,416 INFO o.a.j.t.JMeterThread: Thread finished: Agent search 2-599
2026-10-09 16:30:34,407 INFO o.a.j.t.JMeterThread: Thread started: Agent search 2-600
2026-10-09 16:30:34,431 INFO o.a.j.t.JMeterThread: Thread is done: Agent search 2-600
2026-10-09 16:30:34,431 INFO o.a.j.t.JMeterThread: Thread finished: Agent search 2-600
2026-10-09 16:30:42,178 INFO o.a.j.t.JMeterThread: Thread started: Agent search 2-601
2026-10-09 16:30:42,205 INFO o.a.j.t.JMeterThread: Thread is done: Agent search 2-601
2026-10-09 16:30:42,205 INFO o.a.j.t.JMeterThread: Thread finished: Agent search 2-601
2026-10-09 16:30:43,545 INFO o.a.j.t.JMeterThread: Thread is done: Ticket intake 1-114
2026-10-09 16:30:43,545 INFO o.a.j.t.JMeterThread: Thread finished: Ticket intake 1-114
2026-10-09 16:30:47,069 INFO o.a.j.t.JMeterThread: Thread started: Agent search 2-602
2026-10-09 16:30:47,092 INFO o.a.j.t.JMeterThread: Thread is done: Agent search 2-602
2026-10-09 16:30:47,092 INFO o.a.j.t.JMeterThread: Thread finished: Agent search 2-602
2026-10-09 16:30:49,226 INFO o.a.j.t.JMeterThread: Thread started: Agent search 2-603
2026-10-09 16:30:49,251 INFO o.a.j.t.JMeterThread: Thread is done: Agent search 2-603
2026-10-09 16:30:49,251 INFO o.a.j.t.JMeterThread: Thread finished: Agent search 2-603
2026-10-09 16:30:50,660 INFO o.a.j.t.JMeterThread: Thread started: Ticket intake 1-152
2026-10-09 16:30:51,124 INFO o.a.j.t.JMeterThread: Thread started: Agent search 2-604
2026-10-09 16:30:51,154 INFO o.a.j.t.JMeterThread: Thread is done: Agent search 2-604
2026-10-09 16:30:51,154 INFO o.a.j.t.JMeterThread: Thread finished: Agent search 2-604
2026-10-09 16:31:06,180 INFO o.a.j.t.JMeterThread: Thread is done: Ticket intake 1-115
2026-10-09 16:31:06,180 INFO o.a.j.t.JMeterThread: Thread finished: Ticket intake 1-115
2026-10-09 16:31:11,338 INFO o.a.j.t.JMeterThread: Thread started: Agent search 2-605
2026-10-09 16:31:11,362 INFO o.a.j.t.JMeterThread: Thread is done: Agent search 2-605
2026-10-09 16:31:11,362 INFO o.a.j.t.JMeterThread: Thread finished: Agent search 2-605
2026-10-09 16:31:11,753 INFO o.a.j.t.JMeterThread: Thread started: Ticket intake 1-153
2026-10-09 16:31:21,745 INFO o.a.j.t.JMeterThread: Thread is done: Ticket intake 1-116
2026-10-09 16:31:21,745 INFO o.a.j.t.JMeterThread: Thread finished: Ticket intake 1-116
2026-10-09 16:31:22,933 INFO o.a.j.t.JMeterThread: Thread started: Agent search 2-606
2026-10-09 16:31:22,959 INFO o.a.j.t.JMeterThread: Thread is done: Agent search 2-606
2026-10-09 16:31:22,959 INFO o.a.j.t.JMeterThread: Thread finished: Agent search 2-606
2026-10-09 16:31:27,970 INFO o.a.j.t.JMeterThread: Thread started: Agent search 2-607
2026-10-09 16:31:28,093 INFO o.a.j.t.JMeterThread: Thread is done: Agent search 2-607
2026-10-09 16:31:28,093 INFO o.a.j.t.JMeterThread: Thread finished: Agent search 2-607
2026-10-09 16:31:28,105 INFO o.a.j.t.JMeterThread: Thread is done: Ticket intake 1-117
2026-10-09 16:31:28,105 INFO o.a.j.t.JMeterThread: Thread finished: Ticket intake 1-117
2026-10-09 16:31:30,459 INFO o.a.j.t.JMeterThread: Thread started: Agent search 2-608
2026-10-09 16:31:30,485 INFO o.a.j.r.Summariser: summary +     15 in 00:01:00 =    0.3/s Avg: 159735 Min:    22 Max: 600193 Err:     3 (20.00%) Active: 37 Started: 761 Finished: 724
2026-10-09 16:31:30,485 INFO o.a.j.r.Summariser: summary =    725 in 00:45:27 =    0.3/s Avg: 95464 Min:    16 Max: 650017 Err:    89 (12.28%)
2026-10-09 16:31:30,485 INFO o.a.j.t.JMeterThread: Thread is done: Agent search 2-608
2026-10-09 16:31:30,485 INFO o.a.j.t.JMeterThread: Thread finished: Agent search 2-608
2026-10-09 16:31:37,806 INFO o.a.j.t.JMeterThread: Thread started: Agent search 2-609
2026-10-09 16:31:37,823 INFO o.a.j.t.JMeterThread: Thread is done: Agent search 2-609
2026-10-09 16:31:37,823 INFO o.a.j.t.JMeterThread: Thread finished: Agent search 2-609
2026-10-09 16:31:38,127 INFO o.a.j.t.JMeterThread: Thread is done: Ticket intake 1-118
2026-10-09 16:31:38,128 INFO o.a.j.t.JMeterThread: Thread finished: Ticket intake 1-118
2026-10-09 16:31:38,230 INFO o.a.j.t.JMeterThread: Thread is done: Ticket intake 1-119
2026-10-09 16:31:38,230 INFO o.a.j.t.JMeterThread: Thread finished: Ticket intake 1-119
2026-10-09 16:31:38,591 INFO o.a.j.t.JMeterThread: Thread started: Agent search 2-610
2026-10-09 16:31:38,613 INFO o.a.j.t.JMeterThread: Thread is done: Agent search 2-610
2026-10-09 16:31:38,613 INFO o.a.j.t.JMeterThread: Thread finished: Agent search 2-610
2026-10-09 16:31:40,441 INFO o.a.j.t.JMeterThread: Thread started: Agent search 2-611
2026-10-09 16:31:40,464 INFO o.a.j.t.JMeterThread: Thread is done: Agent search 2-611
2026-10-09 16:31:40,464 INFO o.a.j.t.JMeterThread: Thread finished: Agent search 2-611
2026-10-09 16:31:40,965 INFO o.a.j.t.JMeterThread: Thread started: Agent search 2-612
2026-10-09 16:31:41,007 INFO o.a.j.t.JMeterThread: Thread is done: Agent search 2-612
2026-10-09 16:31:41,007 INFO o.a.j.t.JMeterThread: Thread finished: Agent search 2-612
2026-10-09 16:31:44,020 INFO o.a.j.t.JMeterThread: Thread started: Agent search 2-613
2026-10-09 16:31:44,070 INFO o.a.j.t.JMeterThread: Thread is done: Agent search 2-613
2026-10-09 16:31:44,070 INFO o.a.j.t.JMeterThread: Thread finished: Agent search 2-613
2026-10-09 16:31:45,495 INFO o.a.j.t.JMeterThread: Thread started: Agent search 2-614
2026-10-09 16:31:45,532 INFO o.a.j.t.JMeterThread: Thread is done: Agent search 2-614
2026-10-09 16:31:45,532 INFO o.a.j.t.JMeterThread: Thread finished: Agent search 2-614
2026-10-09 16:31:46,699 INFO o.a.j.t.JMeterThread: Thread started: Agent search 2-615
2026-10-09 16:31:46,734 INFO o.a.j.t.JMeterThread: Thread is done: Agent search 2-615
2026-10-09 16:31:46,734 INFO o.a.j.t.JMeterThread: Thread finished: Agent search 2-615
2026-10-09 16:32:01,464 INFO o.a.j.t.JMeterThread: Thread started: Agent search 2-616
2026-10-09 16:32:01,494 INFO o.a.j.r.Summariser: summary +     10 in 00:00:31 =    0.3/s Avg: 120048 Min:    16 Max: 600133 Err:     2 (20.00%) Active: 35 Started: 769 Finished: 734
2026-10-09 16:32:01,495 INFO o.a.j.r.Summariser: summary =    735 in 00:45:59 =    0.3/s Avg: 95799 Min:    16 Max: 650017 Err:    91 (12.38%)
2026-10-09 16:32:01,495 INFO o.a.j.t.JMeterThread: Thread is done: Agent search 2-616
2026-10-09 16:32:01,495 INFO o.a.j.t.JMeterThread: Thread finished: Agent search 2-616
2026-10-09 16:32:06,619 INFO o.a.j.t.JMeterThread: Thread started: Agent search 2-617
2026-10-09 16:32:06,647 INFO o.a.j.t.JMeterThread: Thread is done: Agent search 2-617
2026-10-09 16:32:06,647 INFO o.a.j.t.JMeterThread: Thread finished: Agent search 2-617
2026-10-09 16:32:07,978 INFO o.a.j.t.JMeterThread: Thread started: Agent search 2-618
2026-10-09 16:32:08,007 INFO o.a.j.t.JMeterThread: Thread is done: Agent search 2-618
2026-10-09 16:32:08,007 INFO o.a.j.t.JMeterThread: Thread finished: Agent search 2-618
2026-10-09 16:32:11,940 INFO o.a.j.t.JMeterThread: Thread started: Ticket intake 1-154
2026-10-09 16:32:15,171 INFO o.a.j.t.JMeterThread: Thread started: Agent search 2-619
2026-10-09 16:32:15,211 INFO o.a.j.t.JMeterThread: Thread is done: Agent search 2-619
2026-10-09 16:32:15,211 INFO o.a.j.t.JMeterThread: Thread finished: Agent search 2-619
2026-10-09 16:32:15,374 INFO o.a.j.t.JMeterThread: Thread started: Agent search 2-620
2026-10-09 16:32:15,399 INFO o.a.j.t.JMeterThread: Thread is done: Agent search 2-620
2026-10-09 16:32:15,399 INFO o.a.j.t.JMeterThread: Thread finished: Agent search 2-620
2026-10-09 16:32:20,214 INFO o.a.j.t.JMeterThread: Thread is done: Ticket intake 1-120
2026-10-09 16:32:20,214 INFO o.a.j.t.JMeterThread: Thread finished: Ticket intake 1-120
2026-10-09 16:32:27,025 INFO o.a.j.t.JMeterThread: Thread started: Ticket intake 1-155
2026-10-09 16:32:29,736 INFO o.a.j.t.JMeterThread: Thread is done: Ticket intake 1-121
2026-10-09 16:32:29,736 INFO o.a.j.t.JMeterThread: Thread finished: Ticket intake 1-121
2026-10-09 16:32:31,848 INFO o.a.j.t.JMeterThread: Thread started: Agent search 2-621
2026-10-09 16:32:31,874 INFO o.a.j.r.Summariser: summary +      7 in 00:00:30 =    0.2/s Avg: 171472 Min:    24 Max: 600184 Err:     1 (14.29%) Active: 35 Started: 776 Finished: 741
2026-10-09 16:32:31,874 INFO o.a.j.r.Summariser: summary =    742 in 00:46:29 =    0.3/s Avg: 96513 Min:    16 Max: 650017 Err:    92 (12.40%)
2026-10-09 16:32:31,874 INFO o.a.j.t.JMeterThread: Thread is done: Agent search 2-621
2026-10-09 16:32:31,875 INFO o.a.j.t.JMeterThread: Thread finished: Agent search 2-621
2026-10-09 16:32:34,268 INFO o.a.j.t.JMeterThread: Thread started: Agent search 2-622
2026-10-09 16:32:34,295 INFO o.a.j.t.JMeterThread: Thread is done: Agent search 2-622
2026-10-09 16:32:34,295 INFO o.a.j.t.JMeterThread: Thread finished: Agent search 2-622
2026-10-09 16:32:37,114 INFO o.a.j.t.JMeterThread: Thread started: Agent search 2-623
2026-10-09 16:32:37,141 INFO o.a.j.t.JMeterThread: Thread is done: Agent search 2-623
2026-10-09 16:32:37,141 INFO o.a.j.t.JMeterThread: Thread finished: Agent search 2-623
2026-10-09 16:32:41,634 INFO o.a.j.t.JMeterThread: Thread is done: Ticket intake 1-122
2026-10-09 16:32:41,634 INFO o.a.j.t.JMeterThread: Thread finished: Ticket intake 1-122
2026-10-09 16:32:45,453 INFO o.a.j.t.JMeterThread: Thread started: Agent search 2-624
2026-10-09 16:32:45,483 INFO o.a.j.t.JMeterThread: Thread is done: Agent search 2-624
2026-10-09 16:32:45,483 INFO o.a.j.t.JMeterThread: Thread finished: Agent search 2-624
2026-10-09 16:32:47,772 INFO o.a.j.t.JMeterThread: Thread started: Agent search 2-625
2026-10-09 16:32:47,794 INFO o.a.j.t.JMeterThread: Thread is done: Agent search 2-625
2026-10-09 16:32:47,794 INFO o.a.j.t.JMeterThread: Thread finished: Agent search 2-625
2026-10-09 16:32:48,397 INFO o.a.j.t.JMeterThread: Thread started: Agent search 2-626
2026-10-09 16:32:48,417 INFO o.a.j.t.JMeterThread: Thread is done: Agent search 2-626
2026-10-09 16:32:48,417 INFO o.a.j.t.JMeterThread: Thread finished: Agent search 2-626
2026-10-09 16:32:50,940 INFO o.a.j.t.JMeterThread: Thread is done: Ticket intake 1-123
2026-10-09 16:32:50,940 INFO o.a.j.t.JMeterThread: Thread finished: Ticket intake 1-123
2026-10-09 16:32:52,162 INFO o.a.j.t.JMeterThread: Thread is done: Ticket intake 1-124
2026-10-09 16:32:52,162 INFO o.a.j.t.JMeterThread: Thread finished: Ticket intake 1-124
2026-10-09 16:32:55,835 INFO o.a.j.t.JMeterThread: Thread started: Agent search 2-627
2026-10-09 16:32:55,861 INFO o.a.j.t.JMeterThread: Thread is done: Agent search 2-627
2026-10-09 16:32:55,861 INFO o.a.j.t.JMeterThread: Thread finished: Agent search 2-627
2026-10-09 16:32:57,483 INFO o.a.j.t.JMeterThread: Thread started: Agent search 2-628
2026-10-09 16:32:57,504 INFO o.a.j.t.JMeterThread: Thread is done: Agent search 2-628
2026-10-09 16:32:57,504 INFO o.a.j.t.JMeterThread: Thread finished: Agent search 2-628
2026-10-09 16:32:57,575 INFO o.a.j.t.JMeterThread: Thread started: Agent search 2-629
2026-10-09 16:32:57,600 INFO o.a.j.t.JMeterThread: Thread is done: Agent search 2-629
2026-10-09 16:32:57,600 INFO o.a.j.t.JMeterThread: Thread finished: Agent search 2-629
2026-10-09 16:32:58,257 INFO o.a.j.t.JMeterThread: Thread started: Agent search 2-630
2026-10-09 16:32:58,284 INFO o.a.j.t.JMeterThread: Thread is done: Agent search 2-630
2026-10-09 16:32:58,284 INFO o.a.j.t.JMeterThread: Thread finished: Agent search 2-630
2026-10-09 16:33:00,061 INFO o.a.j.t.JMeterThread: Thread started: Agent search 2-631
2026-10-09 16:33:00,084 INFO o.a.j.r.Summariser: summary +     13 in 00:00:28 =    0.5/s Avg: 138513 Min:    20 Max: 600206 Err:     3 (23.08%) Active: 32 Started: 786 Finished: 754
2026-10-09 16:33:00,084 INFO o.a.j.r.Summariser: summary =    755 in 00:46:57 =    0.3/s Avg: 97236 Min:    16 Max: 650017 Err:    95 (12.58%)
2026-10-09 16:33:00,084 INFO o.a.j.t.JMeterThread: Thread is done: Agent search 2-631
2026-10-09 16:33:00,084 INFO o.a.j.t.JMeterThread: Thread finished: Agent search 2-631
2026-10-09 16:33:00,591 INFO o.a.j.t.JMeterThread: Thread started: Ticket intake 1-156
2026-10-09 16:33:04,040 INFO o.a.j.t.JMeterThread: Thread is done: Ticket intake 1-125
2026-10-09 16:33:04,040 INFO o.a.j.t.JMeterThread: Thread finished: Ticket intake 1-125
2026-10-09 16:33:07,675 INFO o.a.j.t.JMeterThread: Thread started: Agent search 2-632
2026-10-09 16:33:07,700 INFO o.a.j.t.JMeterThread: Thread is done: Agent search 2-632
2026-10-09 16:33:07,700 INFO o.a.j.t.JMeterThread: Thread finished: Agent search 2-632
2026-10-09 16:33:19,808 INFO o.a.j.t.JMeterThread: Thread is done: Ticket intake 1-126
2026-10-09 16:33:19,808 INFO o.a.j.t.JMeterThread: Thread finished: Ticket intake 1-126
2026-10-09 16:33:21,035 INFO o.a.j.t.JMeterThread: Thread started: Agent search 2-633
2026-10-09 16:33:21,065 INFO o.a.j.t.JMeterThread: Thread is done: Agent search 2-633
2026-10-09 16:33:21,065 INFO o.a.j.t.JMeterThread: Thread finished: Agent search 2-633
2026-10-09 16:33:25,818 INFO o.a.j.t.JMeterThread: Thread started: Agent search 2-634
2026-10-09 16:33:25,845 INFO o.a.j.t.JMeterThread: Thread is done: Agent search 2-634
2026-10-09 16:33:25,845 INFO o.a.j.t.JMeterThread: Thread finished: Agent search 2-634
2026-10-09 16:33:28,486 INFO o.a.j.t.JMeterThread: Thread started: Agent search 2-635
2026-10-09 16:33:28,510 INFO o.a.j.t.JMeterThread: Thread is done: Agent search 2-635
2026-10-09 16:33:28,510 INFO o.a.j.t.JMeterThread: Thread finished: Agent search 2-635
2026-10-09 16:33:33,248 INFO o.a.j.t.JMeterThread: Thread started: Agent search 2-636
2026-10-09 16:33:33,280 INFO o.a.j.r.Summariser: summary +      7 in 00:00:33 =    0.2/s Avg: 171371 Min:    23 Max: 600311 Err:     1 (14.29%) Active: 31 Started: 792 Finished: 761
2026-10-09 16:33:33,281 INFO o.a.j.r.Summariser: summary =    762 in 00:47:30 =    0.3/s Avg: 97917 Min:    16 Max: 650017 Err:    96 (12.60%)
2026-10-09 16:33:33,281 INFO o.a.j.t.JMeterThread: Thread is done: Agent search 2-636
2026-10-09 16:33:33,281 INFO o.a.j.t.JMeterThread: Thread finished: Agent search 2-636
2026-10-09 16:33:34,938 INFO o.a.j.t.JMeterThread: Thread started: Agent search 2-637
2026-10-09 16:33:34,960 INFO o.a.j.t.JMeterThread: Thread is done: Agent search 2-637
2026-10-09 16:33:34,960 INFO o.a.j.t.JMeterThread: Thread finished: Agent search 2-637
2026-10-09 16:33:35,837 INFO o.a.j.t.JMeterThread: Thread started: Agent search 2-638
2026-10-09 16:33:35,871 INFO o.a.j.t.JMeterThread: Thread is done: Agent search 2-638
2026-10-09 16:33:35,871 INFO o.a.j.t.JMeterThread: Thread finished: Agent search 2-638
2026-10-09 16:33:36,108 INFO o.a.j.t.JMeterThread: Thread started: Agent search 2-639
2026-10-09 16:33:36,141 INFO o.a.j.t.JMeterThread: Thread is done: Agent search 2-639
2026-10-09 16:33:36,141 INFO o.a.j.t.JMeterThread: Thread finished: Agent search 2-639
2026-10-09 16:33:37,263 INFO o.a.j.t.JMeterThread: Thread started: Agent search 2-640
2026-10-09 16:33:37,287 INFO o.a.j.t.JMeterThread: Thread is done: Agent search 2-640
2026-10-09 16:33:37,287 INFO o.a.j.t.JMeterThread: Thread finished: Agent search 2-640
2026-10-09 16:33:38,092 INFO o.a.j.t.JMeterThread: Thread started: Agent search 2-641
2026-10-09 16:33:38,118 INFO o.a.j.t.JMeterThread: Thread is done: Agent search 2-641
2026-10-09 16:33:38,118 INFO o.a.j.t.JMeterThread: Thread finished: Agent search 2-641
2026-10-09 16:33:40,113 INFO o.a.j.t.JMeterThread: Thread started: Ticket intake 1-157
2026-10-09 16:33:46,128 INFO o.a.j.t.JMeterThread: Thread started: Agent search 2-642
2026-10-09 16:33:46,150 INFO o.a.j.t.JMeterThread: Thread is done: Agent search 2-642
2026-10-09 16:33:46,150 INFO o.a.j.t.JMeterThread: Thread finished: Agent search 2-642
2026-10-09 16:33:47,485 INFO o.a.j.t.JMeterThread: Thread started: Agent search 2-643
2026-10-09 16:33:47,508 INFO o.a.j.t.JMeterThread: Thread is done: Agent search 2-643
2026-10-09 16:33:47,508 INFO o.a.j.t.JMeterThread: Thread finished: Agent search 2-643
2026-10-09 16:33:49,577 INFO o.a.j.t.JMeterThread: Thread is done: Ticket intake 1-127
2026-10-09 16:33:49,577 INFO o.a.j.t.JMeterThread: Thread finished: Ticket intake 1-127
2026-10-09 16:33:53,251 INFO o.a.j.t.JMeterThread: Thread started: Ticket intake 1-158
2026-10-09 16:33:57,302 INFO o.a.j.t.JMeterThread: Thread started: Agent search 2-644
2026-10-09 16:33:57,327 INFO o.a.j.t.JMeterThread: Thread is done: Agent search 2-644
2026-10-09 16:33:57,327 INFO o.a.j.t.JMeterThread: Thread finished: Agent search 2-644
2026-10-09 16:33:58,329 INFO o.a.j.t.JMeterThread: Thread started: Agent search 2-645
2026-10-09 16:33:58,358 INFO o.a.j.t.JMeterThread: Thread is done: Agent search 2-645
2026-10-09 16:33:58,358 INFO o.a.j.t.JMeterThread: Thread finished: Agent search 2-645
2026-10-09 16:34:05,594 INFO o.a.j.r.Summariser: summary +     11 in 00:00:32 =    0.3/s Avg: 108820 Min:    22 Max: 600119 Err:     1 (9.09%) Active: 31 Started: 803 Finished: 772
2026-10-09 16:34:05,594 INFO o.a.j.r.Summariser: summary =    773 in 00:48:03 =    0.3/s Avg: 98072 Min:    16 Max: 650017 Err:    97 (12.55%)
2026-10-09 16:34:05,594 INFO o.a.j.t.JMeterThread: Thread is done: Ticket intake 1-128
2026-10-09 16:34:05,594 INFO o.a.j.t.JMeterThread: Thread finished: Ticket intake 1-128
2026-10-09 16:34:06,092 INFO o.a.j.t.JMeterThread: Thread is done: Ticket intake 1-129
2026-10-09 16:34:06,092 INFO o.a.j.t.JMeterThread: Thread finished: Ticket intake 1-129
2026-10-09 16:34:11,215 INFO o.a.j.t.JMeterThread: Thread started: Ticket intake 1-159
2026-10-09 16:34:15,917 INFO o.a.j.t.JMeterThread: Thread started: Agent search 2-646
2026-10-09 16:34:15,939 INFO o.a.j.t.JMeterThread: Thread is done: Agent search 2-646
2026-10-09 16:34:15,939 INFO o.a.j.t.JMeterThread: Thread finished: Agent search 2-646
2026-10-09 16:34:18,280 INFO o.a.j.t.JMeterThread: Thread started: Agent search 2-647
2026-10-09 16:34:18,307 INFO o.a.j.t.JMeterThread: Thread is done: Agent search 2-647
2026-10-09 16:34:18,307 INFO o.a.j.t.JMeterThread: Thread finished: Agent search 2-647
2026-10-09 16:34:24,017 INFO o.a.j.t.JMeterThread: Thread started: Agent search 2-648
2026-10-09 16:34:24,044 INFO o.a.j.t.JMeterThread: Thread is done: Agent search 2-648
2026-10-09 16:34:24,044 INFO o.a.j.t.JMeterThread: Thread finished: Agent search 2-648
2026-10-09 16:34:24,729 INFO o.a.j.t.JMeterThread: Thread is done: Ticket intake 1-130
2026-10-09 16:34:24,729 INFO o.a.j.t.JMeterThread: Thread finished: Ticket intake 1-130
2026-10-09 16:34:27,203 INFO o.a.j.t.JMeterThread: Thread started: Ticket intake 1-160
2026-10-09 16:34:32,065 INFO o.a.j.t.JMeterThread: Thread started: Agent search 2-649
2026-10-09 16:34:32,094 INFO o.a.j.r.Summariser: summary +      6 in 00:00:27 =    0.2/s Avg: 200068 Min:    22 Max: 600178 Err:     2 (33.33%) Active: 31 Started: 809 Finished: 778
2026-10-09 16:34:32,094 INFO o.a.j.r.Summariser: summary =    779 in 00:48:29 =    0.3/s Avg: 98858 Min:    16 Max: 650017 Err:    99 (12.71%)
2026-10-09 16:34:32,094 INFO o.a.j.t.JMeterThread: Thread is done: Agent search 2-649
2026-10-09 16:34:32,094 INFO o.a.j.t.JMeterThread: Thread finished: Agent search 2-649
2026-10-09 16:34:33,943 INFO o.a.j.t.JMeterThread: Thread is done: Ticket intake 1-131
2026-10-09 16:34:33,943 INFO o.a.j.t.JMeterThread: Thread finished: Ticket intake 1-131
2026-10-09 16:34:39,021 INFO o.a.j.t.JMeterThread: Thread started: Agent search 2-650
2026-10-09 16:34:39,046 INFO o.a.j.t.JMeterThread: Thread is done: Agent search 2-650
2026-10-09 16:34:39,046 INFO o.a.j.t.JMeterThread: Thread finished: Agent search 2-650
2026-10-09 16:34:40,346 INFO o.a.j.t.JMeterThread: Thread started: Ticket intake 1-161
2026-10-09 16:34:40,411 INFO o.a.j.t.JMeterThread: Thread started: Agent search 2-651
2026-10-09 16:34:40,442 INFO o.a.j.t.JMeterThread: Thread is done: Agent search 2-651
2026-10-09 16:34:40,442 INFO o.a.j.t.JMeterThread: Thread finished: Agent search 2-651
2026-10-09 16:34:42,852 INFO o.a.j.t.JMeterThread: Thread is done: Ticket intake 1-132
2026-10-09 16:34:42,853 INFO o.a.j.t.JMeterThread: Thread finished: Ticket intake 1-132
2026-10-09 16:34:45,766 INFO o.a.j.t.JMeterThread: Thread started: Ticket intake 1-162
2026-10-09 16:34:46,166 INFO o.a.j.t.JMeterThread: Thread started: Agent search 2-652
2026-10-09 16:34:46,189 INFO o.a.j.t.JMeterThread: Thread is done: Agent search 2-652
2026-10-09 16:34:46,189 INFO o.a.j.t.JMeterThread: Thread finished: Agent search 2-652
2026-10-09 16:34:47,036 INFO o.a.j.t.JMeterThread: Thread started: Agent search 2-653
2026-10-09 16:34:47,065 INFO o.a.j.t.JMeterThread: Thread is done: Agent search 2-653
2026-10-09 16:34:47,065 INFO o.a.j.t.JMeterThread: Thread finished: Agent search 2-653
2026-10-09 16:34:47,324 INFO o.a.j.t.JMeterThread: Thread started: Ticket intake 1-163
2026-10-09 16:34:50,650 INFO o.a.j.t.JMeterThread: Thread started: Agent search 2-654
2026-10-09 16:34:50,680 INFO o.a.j.t.JMeterThread: Thread is done: Agent search 2-654
2026-10-09 16:34:50,680 INFO o.a.j.t.JMeterThread: Thread finished: Agent search 2-654
2026-10-09 16:34:53,660 INFO o.a.j.t.JMeterThread: Thread started: Ticket intake 1-164
2026-10-09 16:34:54,500 INFO o.a.j.t.JMeterThread: Thread started: Ticket intake 1-165
2026-10-09 16:34:55,793 INFO o.a.j.t.JMeterThread: Thread started: Agent search 2-655
2026-10-09 16:34:55,819 INFO o.a.j.t.JMeterThread: Thread is done: Agent search 2-655
2026-10-09 16:34:55,819 INFO o.a.j.t.JMeterThread: Thread finished: Agent search 2-655
2026-10-09 16:34:57,308 INFO o.a.j.t.JMeterThread: Thread started: Agent search 2-656
2026-10-09 16:34:57,330 INFO o.a.j.t.JMeterThread: Thread is done: Agent search 2-656
2026-10-09 16:34:57,330 INFO o.a.j.t.JMeterThread: Thread finished: Agent search 2-656
2026-10-09 16:35:07,387 INFO o.a.j.t.JMeterThread: Thread started: Ticket intake 1-166
2026-10-09 16:35:08,214 INFO o.a.j.t.JMeterThread: Thread started: Agent search 2-657
2026-10-09 16:35:08,241 INFO o.a.j.t.JMeterThread: Thread is done: Agent search 2-657
2026-10-09 16:35:08,241 INFO o.a.j.t.JMeterThread: Thread finished: Agent search 2-657
2026-10-09 16:35:11,499 INFO o.a.j.t.JMeterThread: Thread started: Agent search 2-658
2026-10-09 16:35:11,522 INFO o.a.j.t.JMeterThread: Thread is done: Agent search 2-658
2026-10-09 16:35:11,522 INFO o.a.j.t.JMeterThread: Thread finished: Agent search 2-658
2026-10-09 16:35:13,138 INFO o.a.j.t.JMeterThread: Thread started: Agent search 2-659
2026-10-09 16:35:13,162 INFO o.a.j.t.JMeterThread: Thread is done: Agent search 2-659
2026-10-09 16:35:13,162 INFO o.a.j.t.JMeterThread: Thread finished: Agent search 2-659
2026-10-09 16:35:19,768 INFO o.a.j.t.JMeterThread: Thread started: Agent search 2-660
2026-10-09 16:35:19,794 INFO o.a.j.t.JMeterThread: Thread is done: Agent search 2-660
2026-10-09 16:35:19,794 INFO o.a.j.t.JMeterThread: Thread finished: Agent search 2-660
2026-10-09 16:35:22,890 INFO o.a.j.t.JMeterThread: Thread is done: Ticket intake 1-133
2026-10-09 16:35:22,890 INFO o.a.j.t.JMeterThread: Thread finished: Ticket intake 1-133
2026-10-09 16:35:23,438 INFO o.a.j.t.JMeterThread: Thread started: Agent search 2-661
2026-10-09 16:35:23,469 INFO o.a.j.t.JMeterThread: Thread is done: Agent search 2-661
2026-10-09 16:35:23,469 INFO o.a.j.t.JMeterThread: Thread finished: Agent search 2-661
2026-10-09 16:35:26,912 INFO o.a.j.t.JMeterThread: Thread started: Agent search 2-662
2026-10-09 16:35:26,940 INFO o.a.j.t.JMeterThread: Thread is done: Agent search 2-662
2026-10-09 16:35:26,940 INFO o.a.j.t.JMeterThread: Thread finished: Agent search 2-662
2026-10-09 16:35:29,660 INFO o.a.j.t.JMeterThread: Thread started: Ticket intake 1-167
2026-10-09 16:35:32,957 INFO o.a.j.t.JMeterThread: Thread started: Agent search 2-663
2026-10-09 16:35:32,981 INFO o.a.j.r.Summariser: summary +     17 in 00:01:01 =    0.3/s Avg: 105161 Min:    21 Max: 600239 Err:     2 (11.76%) Active: 35 Started: 830 Finished: 795
2026-10-09 16:35:32,981 INFO o.a.j.r.Summariser: summary =    796 in 00:49:30 =    0.3/s Avg: 98992 Min:    16 Max: 650017 Err:   101 (12.69%)
2026-10-09 16:35:32,981 INFO o.a.j.t.JMeterThread: Thread is done: Agent search 2-663
2026-10-09 16:35:32,981 INFO o.a.j.t.JMeterThread: Thread finished: Agent search 2-663
2026-10-09 16:35:39,584 INFO o.a.j.t.JMeterThread: Thread started: Agent search 2-664
2026-10-09 16:35:39,609 INFO o.a.j.t.JMeterThread: Thread is done: Agent search 2-664
2026-10-09 16:35:39,609 INFO o.a.j.t.JMeterThread: Thread finished: Agent search 2-664
2026-10-09 16:35:39,789 INFO o.a.j.t.JMeterThread: Thread started: Agent search 2-665
2026-10-09 16:35:39,816 INFO o.a.j.t.JMeterThread: Thread is done: Agent search 2-665
2026-10-09 16:35:39,816 INFO o.a.j.t.JMeterThread: Thread finished: Agent search 2-665
2026-10-09 16:35:39,907 INFO o.a.j.t.JMeterThread: Thread started: Agent search 2-666
2026-10-09 16:35:39,930 INFO o.a.j.t.JMeterThread: Thread is done: Agent search 2-666
2026-10-09 16:35:39,930 INFO o.a.j.t.JMeterThread: Thread finished: Agent search 2-666
2026-10-09 16:35:40,410 INFO o.a.j.t.JMeterThread: Thread started: Agent search 2-667
2026-10-09 16:35:40,439 INFO o.a.j.t.JMeterThread: Thread is done: Agent search 2-667
2026-10-09 16:35:40,439 INFO o.a.j.t.JMeterThread: Thread finished: Agent search 2-667
2026-10-09 16:35:45,010 INFO o.a.j.t.JMeterThread: Thread started: Ticket intake 1-168
2026-10-09 16:35:46,339 INFO o.a.j.t.JMeterThread: Thread is done: Ticket intake 1-134
2026-10-09 16:35:46,339 INFO o.a.j.t.JMeterThread: Thread finished: Ticket intake 1-134
2026-10-09 16:35:50,835 INFO o.a.j.t.JMeterThread: Thread started: Agent search 2-668
2026-10-09 16:35:50,873 INFO o.a.j.t.JMeterThread: Thread is done: Agent search 2-668
2026-10-09 16:35:50,873 INFO o.a.j.t.JMeterThread: Thread finished: Agent search 2-668
2026-10-09 16:35:53,412 INFO o.a.j.t.JMeterThread: Thread started: Agent search 2-669
2026-10-09 16:35:53,438 INFO o.a.j.t.JMeterThread: Thread is done: Agent search 2-669
2026-10-09 16:35:53,438 INFO o.a.j.t.JMeterThread: Thread finished: Agent search 2-669
2026-10-09 16:35:55,152 INFO o.a.j.t.JMeterThread: Thread started: Ticket intake 1-169
2026-10-09 16:36:02,605 INFO o.a.j.t.JMeterThread: Thread started: Agent search 2-670
2026-10-09 16:36:02,640 INFO o.a.j.r.Summariser: summary +      8 in 00:00:30 =    0.3/s Avg: 75039 Min:    22 Max: 600123 Err:     1 (12.50%) Active: 36 Started: 839 Finished: 803
2026-10-09 16:36:02,641 INFO o.a.j.r.Summariser: summary =    804 in 00:50:00 =    0.3/s Avg: 98754 Min:    16 Max: 650017 Err:   102 (12.69%)
2026-10-09 16:36:02,641 INFO o.a.j.t.JMeterThread: Thread is done: Agent search 2-670
2026-10-09 16:36:02,641 INFO o.a.j.t.JMeterThread: Thread finished: Agent search 2-670
2026-10-09 16:36:05,595 INFO o.a.j.t.JMeterThread: Thread started: Agent search 2-671
2026-10-09 16:36:05,626 INFO o.a.j.t.JMeterThread: Thread is done: Agent search 2-671
2026-10-09 16:36:05,626 INFO o.a.j.t.JMeterThread: Thread finished: Agent search 2-671
2026-10-09 16:36:06,037 INFO o.a.j.t.JMeterThread: Thread started: Ticket intake 1-170
2026-10-09 16:36:06,720 INFO o.a.j.t.JMeterThread: Thread started: Ticket intake 1-171
2026-10-09 16:36:07,442 INFO o.a.j.t.JMeterThread: Thread started: Ticket intake 1-172
2026-10-09 16:36:09,891 INFO o.a.j.t.JMeterThread: Thread is done: Ticket intake 1-135
2026-10-09 16:36:09,891 INFO o.a.j.t.JMeterThread: Thread finished: Ticket intake 1-135
2026-10-09 16:36:13,820 INFO o.a.j.t.JMeterThread: Thread started: Agent search 2-672
2026-10-09 16:36:13,864 INFO o.a.j.t.JMeterThread: Thread is done: Agent search 2-672
2026-10-09 16:36:13,864 INFO o.a.j.t.JMeterThread: Thread finished: Agent search 2-672
2026-10-09 16:36:21,789 INFO o.a.j.t.JMeterThread: Thread started: Agent search 2-673
2026-10-09 16:36:21,814 INFO o.a.j.t.JMeterThread: Thread is done: Agent search 2-673
2026-10-09 16:36:21,815 INFO o.a.j.t.JMeterThread: Thread finished: Agent search 2-673
2026-10-09 16:36:26,537 INFO o.a.j.t.JMeterThread: Thread started: Ticket intake 1-173
2026-10-09 16:36:30,780 INFO o.a.j.r.Summariser: summary +      5 in 00:00:28 =    0.2/s Avg: 238757 Min:    24 Max: 600135 Err:     1 (20.00%) Active: 38 Started: 846 Finished: 808
2026-10-09 16:36:30,781 INFO o.a.j.r.Summariser: summary =    809 in 00:50:28 =    0.3/s Avg: 99619 Min:    16 Max: 650017 Err:   103 (12.73%)
2026-10-09 16:36:30,781 INFO o.a.j.t.JMeterThread: Thread is done: Ticket intake 1-136
2026-10-09 16:36:30,781 INFO o.a.j.t.JMeterThread: Thread finished: Ticket intake 1-136
2026-10-09 16:36:35,388 INFO o.a.j.t.JMeterThread: Thread is done: Ticket intake 1-137
2026-10-09 16:36:35,389 INFO o.a.j.t.JMeterThread: Thread finished: Ticket intake 1-137
2026-10-09 16:36:36,148 INFO o.a.j.t.JMeterThread: Thread started: Agent search 2-674
2026-10-09 16:36:36,176 INFO o.a.j.t.JMeterThread: Thread is done: Agent search 2-674
2026-10-09 16:36:36,176 INFO o.a.j.t.JMeterThread: Thread finished: Agent search 2-674
2026-10-09 16:36:38,166 INFO o.a.j.t.JMeterThread: Thread started: Agent search 2-675
2026-10-09 16:36:38,194 INFO o.a.j.t.JMeterThread: Thread is done: Agent search 2-675
2026-10-09 16:36:38,194 INFO o.a.j.t.JMeterThread: Thread finished: Agent search 2-675
2026-10-09 16:36:38,539 INFO o.a.j.t.JMeterThread: Thread started: Agent search 2-676
2026-10-09 16:36:38,565 INFO o.a.j.t.JMeterThread: Thread is done: Agent search 2-676
2026-10-09 16:36:38,565 INFO o.a.j.t.JMeterThread: Thread finished: Agent search 2-676
2026-10-09 16:36:40,615 INFO o.a.j.t.JMeterThread: Thread started: Ticket intake 1-174
2026-10-09 16:36:46,151 INFO o.a.j.t.JMeterThread: Thread started: Agent search 2-677
2026-10-09 16:36:46,176 INFO o.a.j.t.JMeterThread: Thread is done: Agent search 2-677
2026-10-09 16:36:46,176 INFO o.a.j.t.JMeterThread: Thread finished: Agent search 2-677
2026-10-09 16:36:46,749 INFO o.a.j.t.JMeterThread: Thread started: Agent search 2-678
2026-10-09 16:36:46,792 INFO o.a.j.t.JMeterThread: Thread is done: Agent search 2-678
2026-10-09 16:36:46,792 INFO o.a.j.t.JMeterThread: Thread finished: Agent search 2-678
2026-10-09 16:36:51,304 INFO o.a.j.t.JMeterThread: Thread started: Agent search 2-679
2026-10-09 16:36:51,335 INFO o.a.j.t.JMeterThread: Thread is done: Agent search 2-679
2026-10-09 16:36:51,335 INFO o.a.j.t.JMeterThread: Thread finished: Agent search 2-679
2026-10-09 16:36:52,304 INFO o.a.j.t.JMeterThread: Thread is done: Ticket intake 1-138
2026-10-09 16:36:52,304 INFO o.a.j.t.JMeterThread: Thread finished: Ticket intake 1-138
2026-10-09 16:37:03,650 INFO o.a.j.r.Summariser: summary +      9 in 00:00:33 =    0.3/s Avg: 199204 Min:    25 Max: 600128 Err:     2 (22.22%) Active: 36 Started: 853 Finished: 817
2026-10-09 16:37:03,650 INFO o.a.j.r.Summariser: summary =    818 in 00:51:01 =    0.3/s Avg: 100715 Min:    16 Max: 650017 Err:   105 (12.84%)
2026-10-09 16:37:03,650 INFO o.a.j.t.JMeterThread: Thread is done: Ticket intake 1-139
2026-10-09 16:37:03,650 INFO o.a.j.t.JMeterThread: Thread finished: Ticket intake 1-139
2026-10-09 16:37:04,348 INFO o.a.j.t.JMeterThread: Thread started: Agent search 2-680
2026-10-09 16:37:04,371 INFO o.a.j.t.JMeterThread: Thread is done: Agent search 2-680
2026-10-09 16:37:04,371 INFO o.a.j.t.JMeterThread: Thread finished: Agent search 2-680
2026-10-09 16:37:04,641 INFO o.a.j.t.JMeterThread: Thread started: Agent search 2-681
2026-10-09 16:37:04,666 INFO o.a.j.t.JMeterThread: Thread is done: Agent search 2-681
2026-10-09 16:37:04,666 INFO o.a.j.t.JMeterThread: Thread finished: Agent search 2-681
2026-10-09 16:37:08,960 INFO o.a.j.t.JMeterThread: Thread started: Agent search 2-682
2026-10-09 16:37:08,984 INFO o.a.j.t.JMeterThread: Thread is done: Agent search 2-682
2026-10-09 16:37:08,984 INFO o.a.j.t.JMeterThread: Thread finished: Agent search 2-682
2026-10-09 16:37:12,648 INFO o.a.j.t.JMeterThread: Thread started: Agent search 2-683
2026-10-09 16:37:12,680 INFO o.a.j.t.JMeterThread: Thread is done: Agent search 2-683
2026-10-09 16:37:12,680 INFO o.a.j.t.JMeterThread: Thread finished: Agent search 2-683
2026-10-09 16:37:16,040 INFO o.a.j.t.JMeterThread: Thread is done: Ticket intake 1-140
2026-10-09 16:37:16,040 INFO o.a.j.t.JMeterThread: Thread finished: Ticket intake 1-140
2026-10-09 16:37:17,732 INFO o.a.j.t.JMeterThread: Thread started: Agent search 2-684
2026-10-09 16:37:17,759 INFO o.a.j.t.JMeterThread: Thread is done: Agent search 2-684
2026-10-09 16:37:17,759 INFO o.a.j.t.JMeterThread: Thread finished: Agent search 2-684
2026-10-09 16:37:21,438 INFO o.a.j.t.JMeterThread: Thread started: Agent search 2-685
2026-10-09 16:37:21,466 INFO o.a.j.t.JMeterThread: Thread is done: Agent search 2-685
2026-10-09 16:37:21,466 INFO o.a.j.t.JMeterThread: Thread finished: Agent search 2-685
2026-10-09 16:37:23,417 INFO o.a.j.t.JMeterThread: Thread started: Agent search 2-686
2026-10-09 16:37:23,444 INFO o.a.j.t.JMeterThread: Thread is done: Agent search 2-686
2026-10-09 16:37:23,444 INFO o.a.j.t.JMeterThread: Thread finished: Agent search 2-686
2026-10-09 16:37:24,539 INFO o.a.j.t.JMeterThread: Thread is done: Ticket intake 1-141
2026-10-09 16:37:24,539 INFO o.a.j.t.JMeterThread: Thread finished: Ticket intake 1-141
2026-10-09 16:37:25,257 INFO o.a.j.t.JMeterThread: Thread is done: Ticket intake 1-142
2026-10-09 16:37:25,257 INFO o.a.j.t.JMeterThread: Thread finished: Ticket intake 1-142
2026-10-09 16:37:34,035 INFO o.a.j.t.JMeterThread: Thread started: Agent search 2-687
2026-10-09 16:37:34,058 INFO o.a.j.r.Summariser: summary +     11 in 00:00:30 =    0.4/s Avg: 163698 Min:    22 Max: 600229 Err:     3 (27.27%) Active: 33 Started: 861 Finished: 828
2026-10-09 16:37:34,059 INFO o.a.j.r.Summariser: summary =    829 in 00:51:31 =    0.3/s Avg: 101550 Min:    16 Max: 650017 Err:   108 (13.03%)
2026-10-09 16:37:34,059 INFO o.a.j.t.JMeterThread: Thread is done: Agent search 2-687
2026-10-09 16:37:34,059 INFO o.a.j.t.JMeterThread: Thread finished: Agent search 2-687
2026-10-09 16:37:34,217 INFO o.a.j.t.JMeterThread: Thread started: Agent search 2-688
2026-10-09 16:37:34,245 INFO o.a.j.t.JMeterThread: Thread is done: Agent search 2-688
2026-10-09 16:37:34,245 INFO o.a.j.t.JMeterThread: Thread finished: Agent search 2-688
2026-10-09 16:37:39,936 INFO o.a.j.t.JMeterThread: Thread started: Agent search 2-689
2026-10-09 16:37:39,960 INFO o.a.j.t.JMeterThread: Thread is done: Agent search 2-689
2026-10-09 16:37:39,960 INFO o.a.j.t.JMeterThread: Thread finished: Agent search 2-689
2026-10-09 16:37:44,557 INFO o.a.j.t.JMeterThread: Thread started: Ticket intake 1-175
2026-10-09 16:37:46,753 INFO o.a.j.t.JMeterThread: Thread started: Ticket intake 1-176
2026-10-09 16:37:47,477 INFO o.a.j.t.JMeterThread: Thread is done: Ticket intake 1-143
2026-10-09 16:37:47,477 INFO o.a.j.t.JMeterThread: Thread finished: Ticket intake 1-143
2026-10-09 16:37:50,299 INFO o.a.j.t.JMeterThread: Thread started: Ticket intake 1-177
2026-10-09 16:37:50,402 INFO o.a.j.t.JMeterThread: Thread started: Agent search 2-690
2026-10-09 16:37:50,430 INFO o.a.j.t.JMeterThread: Thread is done: Agent search 2-690
2026-10-09 16:37:50,430 INFO o.a.j.t.JMeterThread: Thread finished: Agent search 2-690
2026-10-09 16:37:57,216 INFO o.a.j.t.JMeterThread: Thread started: Agent search 2-691
2026-10-09 16:37:57,241 INFO o.a.j.t.JMeterThread: Thread is done: Agent search 2-691
2026-10-09 16:37:57,241 INFO o.a.j.t.JMeterThread: Thread finished: Agent search 2-691
2026-10-09 16:38:00,279 INFO o.a.j.t.JMeterThread: Thread started: Agent search 2-692
2026-10-09 16:38:00,303 INFO o.a.j.r.Summariser: summary +      6 in 00:00:26 =    0.2/s Avg: 100054 Min:    23 Max: 600202 Err:     1 (16.67%) Active: 35 Started: 869 Finished: 834
2026-10-09 16:38:00,303 INFO o.a.j.r.Summariser: summary =    835 in 00:51:57 =    0.3/s Avg: 101540 Min:    16 Max: 650017 Err:   109 (13.05%)
2026-10-09 16:38:00,303 INFO o.a.j.t.JMeterThread: Thread is done: Agent search 2-692
2026-10-09 16:38:00,303 INFO o.a.j.t.JMeterThread: Thread finished: Agent search 2-692
2026-10-09 16:38:03,250 INFO o.a.j.t.JMeterThread: Thread is done: Ticket intake 1-144
2026-10-09 16:38:03,251 INFO o.a.j.t.JMeterThread: Thread finished: Ticket intake 1-144
2026-10-09 16:38:07,445 INFO o.a.j.t.JMeterThread: Thread is done: Ticket intake 1-145
2026-10-09 16:38:07,445 INFO o.a.j.t.JMeterThread: Thread finished: Ticket intake 1-145
2026-10-09 16:38:09,201 INFO o.a.j.t.JMeterThread: Thread started: Agent search 2-693
2026-10-09 16:38:09,226 INFO o.a.j.t.JMeterThread: Thread is done: Agent search 2-693
2026-10-09 16:38:09,226 INFO o.a.j.t.JMeterThread: Thread finished: Agent search 2-693
2026-10-09 16:38:10,272 INFO o.a.j.t.JMeterThread: Thread started: Agent search 2-694
2026-10-09 16:38:10,297 INFO o.a.j.t.JMeterThread: Thread is done: Agent search 2-694
2026-10-09 16:38:10,297 INFO o.a.j.t.JMeterThread: Thread finished: Agent search 2-694
2026-10-09 16:38:16,359 INFO o.a.j.t.JMeterThread: Thread started: Agent search 2-695
2026-10-09 16:38:16,389 INFO o.a.j.t.JMeterThread: Thread is done: Agent search 2-695
2026-10-09 16:38:16,389 INFO o.a.j.t.JMeterThread: Thread finished: Agent search 2-695
2026-10-09 16:38:19,594 INFO o.a.j.t.JMeterThread: Thread started: Ticket intake 1-178
2026-10-09 16:38:20,515 INFO o.a.j.t.JMeterThread: Thread started: Agent search 2-696
2026-10-09 16:38:20,546 INFO o.a.j.t.JMeterThread: Thread is done: Agent search 2-696
2026-10-09 16:38:20,546 INFO o.a.j.t.JMeterThread: Thread finished: Agent search 2-696
2026-10-09 16:38:26,231 INFO o.a.j.t.JMeterThread: Thread started: Agent search 2-697
2026-10-09 16:38:26,256 INFO o.a.j.t.JMeterThread: Thread is done: Agent search 2-697
2026-10-09 16:38:26,256 INFO o.a.j.t.JMeterThread: Thread finished: Agent search 2-697
2026-10-09 16:38:27,213 INFO o.a.j.t.JMeterThread: Thread is done: Ticket intake 1-146
2026-10-09 16:38:27,213 INFO o.a.j.t.JMeterThread: Thread finished: Ticket intake 1-146
2026-10-09 16:38:35,521 INFO o.a.j.t.JMeterThread: Thread started: Agent search 2-698
2026-10-09 16:38:35,551 INFO o.a.j.r.Summariser: summary +      9 in 00:00:35 =    0.3/s Avg: 200075 Min:    24 Max: 600225 Err:     3 (33.33%) Active: 33 Started: 876 Finished: 843
2026-10-09 16:38:35,551 INFO o.a.j.r.Summariser: summary =    844 in 00:52:33 =    0.3/s Avg: 102590 Min:    16 Max: 650017 Err:   112 (13.27%)
2026-10-09 16:38:35,551 INFO o.a.j.t.JMeterThread: Thread is done: Agent search 2-698
2026-10-09 16:38:35,551 INFO o.a.j.t.JMeterThread: Thread finished: Agent search 2-698
2026-10-09 16:38:37,475 INFO o.a.j.t.JMeterThread: Thread is done: Ticket intake 1-147
2026-10-09 16:38:37,475 INFO o.a.j.t.JMeterThread: Thread finished: Ticket intake 1-147
2026-10-09 16:38:39,425 INFO o.a.j.t.JMeterThread: Thread started: Agent search 2-699
2026-10-09 16:38:39,450 INFO o.a.j.t.JMeterThread: Thread is done: Agent search 2-699
2026-10-09 16:38:39,450 INFO o.a.j.t.JMeterThread: Thread finished: Agent search 2-699
2026-10-09 16:38:43,425 INFO o.a.j.t.JMeterThread: Thread started: Agent search 2-700
2026-10-09 16:38:43,452 INFO o.a.j.t.JMeterThread: Thread is done: Agent search 2-700
2026-10-09 16:38:43,452 INFO o.a.j.t.JMeterThread: Thread finished: Agent search 2-700
2026-10-09 16:38:44,183 INFO o.a.j.t.JMeterThread: Thread started: Ticket intake 1-179
2026-10-09 16:38:44,614 INFO o.a.j.t.JMeterThread: Thread is done: Ticket intake 1-148
2026-10-09 16:38:44,614 INFO o.a.j.t.JMeterThread: Thread finished: Ticket intake 1-148
2026-10-09 16:38:46,815 INFO o.a.j.t.JMeterThread: Thread started: Agent search 2-701
2026-10-09 16:38:46,845 INFO o.a.j.t.JMeterThread: Thread is done: Agent search 2-701
2026-10-09 16:38:46,845 INFO o.a.j.t.JMeterThread: Thread finished: Agent search 2-701
2026-10-09 16:38:58,215 INFO o.a.j.t.JMeterThread: Thread started: Agent search 2-702
2026-10-09 16:38:58,238 INFO o.a.j.t.JMeterThread: Thread is done: Agent search 2-702
2026-10-09 16:38:58,238 INFO o.a.j.t.JMeterThread: Thread finished: Agent search 2-702
2026-10-09 16:39:02,720 INFO o.a.j.t.JMeterThread: Thread started: Agent search 2-703
2026-10-09 16:39:02,747 INFO o.a.j.r.Summariser: summary +      7 in 00:00:27 =    0.3/s Avg: 171491 Min:    23 Max: 600200 Err:     2 (28.57%) Active: 32 Started: 882 Finished: 850
2026-10-09 16:39:02,747 INFO o.a.j.r.Summariser: summary =    851 in 00:53:00 =    0.3/s Avg: 103157 Min:    16 Max: 650017 Err:   114 (13.40%)
2026-10-09 16:39:02,747 INFO o.a.j.t.JMeterThread: Thread is done: Agent search 2-703
2026-10-09 16:39:02,747 INFO o.a.j.t.JMeterThread: Thread finished: Agent search 2-703
2026-10-09 16:39:10,098 INFO o.a.j.t.JMeterThread: Thread started: Ticket intake 1-180
2026-10-09 16:39:11,728 INFO o.a.j.t.JMeterThread: Thread started: Agent search 2-704
2026-10-09 16:39:11,757 INFO o.a.j.t.JMeterThread: Thread is done: Agent search 2-704
2026-10-09 16:39:11,757 INFO o.a.j.t.JMeterThread: Thread finished: Agent search 2-704
2026-10-09 16:39:14,299 INFO o.a.j.t.JMeterThread: Thread started: Agent search 2-705
2026-10-09 16:39:14,323 INFO o.a.j.t.JMeterThread: Thread is done: Agent search 2-705
2026-10-09 16:39:14,323 INFO o.a.j.t.JMeterThread: Thread finished: Agent search 2-705
2026-10-09 16:39:14,948 INFO o.a.j.t.JMeterThread: Thread started: Agent search 2-706
2026-10-09 16:39:14,975 INFO o.a.j.t.JMeterThread: Thread is done: Agent search 2-706
2026-10-09 16:39:14,975 INFO o.a.j.t.JMeterThread: Thread finished: Agent search 2-706
2026-10-09 16:39:16,746 INFO o.a.j.t.JMeterThread: Thread started: Agent search 2-707
2026-10-09 16:39:16,769 INFO o.a.j.t.JMeterThread: Thread is done: Agent search 2-707
2026-10-09 16:39:16,769 INFO o.a.j.t.JMeterThread: Thread finished: Agent search 2-707
2026-10-09 16:39:18,435 INFO o.a.j.t.JMeterThread: Thread started: Agent search 2-708
2026-10-09 16:39:18,462 INFO o.a.j.t.JMeterThread: Thread is done: Agent search 2-708
2026-10-09 16:39:18,462 INFO o.a.j.t.JMeterThread: Thread finished: Agent search 2-708
2026-10-09 16:39:19,942 INFO o.a.j.t.JMeterThread: Thread started: Agent search 2-709
2026-10-09 16:39:19,968 INFO o.a.j.t.JMeterThread: Thread is done: Agent search 2-709
2026-10-09 16:39:19,968 INFO o.a.j.t.JMeterThread: Thread finished: Agent search 2-709
2026-10-09 16:39:20,352 INFO o.a.j.t.JMeterThread: Thread started: Agent search 2-710
2026-10-09 16:39:20,378 INFO o.a.j.t.JMeterThread: Thread is done: Agent search 2-710
2026-10-09 16:39:20,378 INFO o.a.j.t.JMeterThread: Thread finished: Agent search 2-710
2026-10-09 16:39:20,557 INFO o.a.j.t.JMeterThread: Thread is done: Ticket intake 1-149
2026-10-09 16:39:20,557 INFO o.a.j.t.JMeterThread: Thread finished: Ticket intake 1-149
2026-10-09 16:39:21,003 INFO o.a.j.t.JMeterThread: Thread started: Agent search 2-711
2026-10-09 16:39:21,032 INFO o.a.j.t.JMeterThread: Thread is done: Agent search 2-711
2026-10-09 16:39:21,032 INFO o.a.j.t.JMeterThread: Thread finished: Agent search 2-711
2026-10-09 16:39:23,384 INFO o.a.j.t.JMeterThread: Thread started: Agent search 2-712
2026-10-09 16:39:23,408 INFO o.a.j.t.JMeterThread: Thread is done: Agent search 2-712
2026-10-09 16:39:23,408 INFO o.a.j.t.JMeterThread: Thread finished: Agent search 2-712
2026-10-09 16:39:27,906 INFO o.a.j.t.JMeterThread: Thread started: Ticket intake 1-181
2026-10-09 16:39:29,948 INFO o.a.j.t.JMeterThread: Thread started: Agent search 2-713
2026-10-09 16:39:29,974 INFO o.a.j.t.JMeterThread: Thread is done: Agent search 2-713
2026-10-09 16:39:29,974 INFO o.a.j.t.JMeterThread: Thread finished: Agent search 2-713
2026-10-09 16:39:31,397 INFO o.a.j.t.JMeterThread: Thread started: Agent search 2-714
2026-10-09 16:39:31,422 INFO o.a.j.r.Summariser: summary +     12 in 00:00:29 =    0.4/s Avg: 52137 Min:    23 Max: 625365 Err:     0 (0.00%) Active: 33 Started: 895 Finished: 862
2026-10-09 16:39:31,423 INFO o.a.j.r.Summariser: summary =    863 in 00:53:28 =    0.3/s Avg: 102448 Min:    16 Max: 650017 Err:   114 (13.21%)
2026-10-09 16:39:31,423 INFO o.a.j.t.JMeterThread: Thread is done: Agent search 2-714
2026-10-09 16:39:31,423 INFO o.a.j.t.JMeterThread: Thread finished: Agent search 2-714
2026-10-09 16:39:34,177 INFO o.a.j.t.JMeterThread: Thread is done: Ticket intake 1-150
2026-10-09 16:39:34,177 INFO o.a.j.t.JMeterThread: Thread finished: Ticket intake 1-150
2026-10-09 16:39:38,059 INFO o.a.j.t.JMeterThread: Thread started: Agent search 2-715
2026-10-09 16:39:38,096 INFO o.a.j.t.JMeterThread: Thread is done: Agent search 2-715
2026-10-09 16:39:38,096 INFO o.a.j.t.JMeterThread: Thread finished: Agent search 2-715
2026-10-09 16:39:43,267 INFO o.a.j.t.JMeterThread: Thread started: Ticket intake 1-182
2026-10-09 16:39:43,276 INFO o.a.j.t.JMeterThread: Thread started: Agent search 2-716
2026-10-09 16:39:43,292 INFO o.a.j.t.JMeterThread: Thread is done: Agent search 2-716
2026-10-09 16:39:43,292 INFO o.a.j.t.JMeterThread: Thread finished: Agent search 2-716
2026-10-09 16:39:46,111 INFO o.a.j.t.JMeterThread: Thread started: Agent search 2-717
2026-10-09 16:39:46,138 INFO o.a.j.t.JMeterThread: Thread is done: Agent search 2-717
2026-10-09 16:39:46,138 INFO o.a.j.t.JMeterThread: Thread finished: Agent search 2-717
2026-10-09 16:39:50,309 INFO o.a.j.t.JMeterThread: Thread started: Agent search 2-718
2026-10-09 16:39:50,337 INFO o.a.j.t.JMeterThread: Thread is done: Agent search 2-718
2026-10-09 16:39:50,337 INFO o.a.j.t.JMeterThread: Thread finished: Agent search 2-718
2026-10-09 16:39:51,287 INFO o.a.j.t.JMeterThread: Thread started: Agent search 2-719
2026-10-09 16:39:51,309 INFO o.a.j.t.JMeterThread: Thread is done: Agent search 2-719
2026-10-09 16:39:51,309 INFO o.a.j.t.JMeterThread: Thread finished: Agent search 2-719
2026-10-09 16:39:54,654 INFO o.a.j.t.JMeterThread: Thread started: Agent search 2-720
2026-10-09 16:39:54,683 INFO o.a.j.t.JMeterThread: Thread is done: Agent search 2-720
2026-10-09 16:39:54,683 INFO o.a.j.t.JMeterThread: Thread finished: Agent search 2-720
2026-10-09 16:39:55,727 INFO o.a.j.t.JMeterThread: Thread started: Agent search 2-721
2026-10-09 16:39:55,755 INFO o.a.j.t.JMeterThread: Thread is done: Agent search 2-721
2026-10-09 16:39:55,755 INFO o.a.j.t.JMeterThread: Thread finished: Agent search 2-721
2026-10-09 16:39:56,935 INFO o.a.j.t.JMeterThread: Thread started: Agent search 2-722
2026-10-09 16:39:56,958 INFO o.a.j.t.JMeterThread: Thread is done: Agent search 2-722
2026-10-09 16:39:56,958 INFO o.a.j.t.JMeterThread: Thread finished: Agent search 2-722
2026-10-09 16:40:00,438 INFO o.a.j.t.JMeterThread: Thread started: Agent search 2-723
2026-10-09 16:40:00,476 INFO o.a.j.r.Summariser: summary +     10 in 00:00:29 =    0.3/s Avg: 62552 Min:    16 Max: 625287 Err:     1 (10.00%) Active: 33 Started: 905 Finished: 872
2026-10-09 16:40:00,476 INFO o.a.j.r.Summariser: summary =    873 in 00:53:57 =    0.3/s Avg: 101991 Min:    16 Max: 650017 Err:   115 (13.17%)
2026-10-09 16:40:00,476 INFO o.a.j.t.JMeterThread: Thread is done: Agent search 2-723
2026-10-09 16:40:00,476 INFO o.a.j.t.JMeterThread: Thread finished: Agent search 2-723
2026-10-09 16:40:04,098 INFO o.a.j.t.JMeterThread: Thread started: Agent search 2-724
2026-10-09 16:40:04,124 INFO o.a.j.t.JMeterThread: Thread is done: Agent search 2-724
2026-10-09 16:40:04,124 INFO o.a.j.t.JMeterThread: Thread finished: Agent search 2-724
2026-10-09 16:40:04,503 INFO o.a.j.t.JMeterThread: Thread started: Agent search 2-725
2026-10-09 16:40:04,536 INFO o.a.j.t.JMeterThread: Thread is done: Agent search 2-725
2026-10-09 16:40:04,536 INFO o.a.j.t.JMeterThread: Thread finished: Agent search 2-725
2026-10-09 16:40:04,821 INFO o.a.j.t.JMeterThread: Thread started: Agent search 2-726
2026-10-09 16:40:04,850 INFO o.a.j.t.JMeterThread: Thread is done: Agent search 2-726
2026-10-09 16:40:04,850 INFO o.a.j.t.JMeterThread: Thread finished: Agent search 2-726
2026-10-09 16:40:05,934 INFO o.a.j.t.JMeterThread: Thread started: Agent search 2-727
2026-10-09 16:40:05,970 INFO o.a.j.t.JMeterThread: Thread is done: Agent search 2-727
2026-10-09 16:40:05,970 INFO o.a.j.t.JMeterThread: Thread finished: Agent search 2-727
2026-10-09 16:40:10,134 INFO o.a.j.t.JMeterThread: Thread started: Agent search 2-728
2026-10-09 16:40:10,162 INFO o.a.j.t.JMeterThread: Thread is done: Agent search 2-728
2026-10-09 16:40:10,162 INFO o.a.j.t.JMeterThread: Thread finished: Agent search 2-728
2026-10-09 16:40:15,811 INFO o.a.j.t.JMeterThread: Thread started: Ticket intake 1-183
2026-10-09 16:40:17,695 INFO o.a.j.t.JMeterThread: Thread is done: Ticket intake 1-151
2026-10-09 16:40:17,695 INFO o.a.j.t.JMeterThread: Thread finished: Ticket intake 1-151
2026-10-09 16:40:29,831 INFO o.a.j.t.JMeterThread: Thread started: Agent search 2-729
2026-10-09 16:40:29,856 INFO o.a.j.t.JMeterThread: Thread is done: Agent search 2-729
2026-10-09 16:40:29,856 INFO o.a.j.t.JMeterThread: Thread finished: Agent search 2-729
2026-10-09 16:40:30,872 INFO o.a.j.t.JMeterThread: Thread started: Agent search 2-730
2026-10-09 16:40:30,897 INFO o.a.j.r.Summariser: summary +      8 in 00:00:30 =    0.3/s Avg: 73313 Min:    24 Max: 586316 Err:     0 (0.00%) Active: 33 Started: 913 Finished: 880
2026-10-09 16:40:30,897 INFO o.a.j.r.Summariser: summary =    881 in 00:54:28 =    0.3/s Avg: 101730 Min:    16 Max: 650017 Err:   115 (13.05%)
2026-10-09 16:40:30,897 INFO o.a.j.t.JMeterThread: Thread is done: Agent search 2-730
2026-10-09 16:40:30,897 INFO o.a.j.t.JMeterThread: Thread finished: Agent search 2-730
2026-10-09 16:40:34,046 INFO o.a.j.t.JMeterThread: Thread started: Ticket intake 1-184
2026-10-09 16:40:36,997 INFO o.a.j.t.JMeterThread: Thread started: Agent search 2-731
2026-10-09 16:40:37,024 INFO o.a.j.t.JMeterThread: Thread is done: Agent search 2-731
2026-10-09 16:40:37,024 INFO o.a.j.t.JMeterThread: Thread finished: Agent search 2-731
2026-10-09 16:40:37,735 INFO o.a.j.t.JMeterThread: Thread started: Agent search 2-732
2026-10-09 16:40:37,763 INFO o.a.j.t.JMeterThread: Thread is done: Agent search 2-732
2026-10-09 16:40:37,763 INFO o.a.j.t.JMeterThread: Thread finished: Agent search 2-732
2026-10-09 16:40:44,361 INFO o.a.j.t.JMeterThread: Thread started: Agent search 2-733
2026-10-09 16:40:44,390 INFO o.a.j.t.JMeterThread: Thread is done: Agent search 2-733
2026-10-09 16:40:44,390 INFO o.a.j.t.JMeterThread: Thread finished: Agent search 2-733
2026-10-09 16:40:50,239 INFO o.a.j.t.JMeterThread: Thread started: Agent search 2-734
2026-10-09 16:40:50,265 INFO o.a.j.t.JMeterThread: Thread is done: Agent search 2-734
2026-10-09 16:40:50,265 INFO o.a.j.t.JMeterThread: Thread finished: Agent search 2-734
2026-10-09 16:40:50,770 INFO o.a.j.t.JMeterThread: Thread is done: Ticket intake 1-152
2026-10-09 16:40:50,770 INFO o.a.j.t.JMeterThread: Thread finished: Ticket intake 1-152
2026-10-09 16:40:52,776 INFO o.a.j.t.JMeterThread: Thread started: Ticket intake 1-185
2026-10-09 16:40:57,166 INFO o.a.j.t.JMeterThread: Thread started: Agent search 2-735
2026-10-09 16:40:57,186 INFO o.a.j.t.JMeterThread: Thread is done: Agent search 2-735
2026-10-09 16:40:57,186 INFO o.a.j.t.JMeterThread: Thread finished: Agent search 2-735
2026-10-09 16:41:01,576 INFO o.a.j.t.JMeterThread: Thread started: Agent search 2-736
2026-10-09 16:41:01,606 INFO o.a.j.r.Summariser: summary +      7 in 00:00:31 =    0.2/s Avg: 85755 Min:    20 Max: 600135 Err:     1 (14.29%) Active: 34 Started: 921 Finished: 887
2026-10-09 16:41:01,606 INFO o.a.j.r.Summariser: summary =    888 in 00:54:59 =    0.3/s Avg: 101604 Min:    16 Max: 650017 Err:   116 (13.06%)
2026-10-09 16:41:01,606 INFO o.a.j.t.JMeterThread: Thread is done: Agent search 2-736
2026-10-09 16:41:01,606 INFO o.a.j.t.JMeterThread: Thread finished: Agent search 2-736
2026-10-09 16:41:03,817 INFO o.a.j.t.JMeterThread: Thread started: Agent search 2-737
2026-10-09 16:41:03,842 INFO o.a.j.t.JMeterThread: Thread is done: Agent search 2-737
2026-10-09 16:41:03,842 INFO o.a.j.t.JMeterThread: Thread finished: Agent search 2-737
2026-10-09 16:41:06,779 INFO o.a.j.t.JMeterThread: Thread started: Ticket intake 1-186
2026-10-09 16:41:11,863 INFO o.a.j.t.JMeterThread: Thread is done: Ticket intake 1-153
2026-10-09 16:41:11,864 INFO o.a.j.t.JMeterThread: Thread finished: Ticket intake 1-153
2026-10-09 16:41:18,745 INFO o.a.j.t.JMeterThread: Thread started: Agent search 2-738
2026-10-09 16:41:18,766 INFO o.a.j.t.JMeterThread: Thread is done: Agent search 2-738
2026-10-09 16:41:18,766 INFO o.a.j.t.JMeterThread: Thread finished: Agent search 2-738
2026-10-09 16:41:19,167 INFO o.a.j.t.JMeterThread: Thread started: Agent search 2-739
2026-10-09 16:41:19,188 INFO o.a.j.t.JMeterThread: Thread is done: Agent search 2-739
2026-10-09 16:41:19,188 INFO o.a.j.t.JMeterThread: Thread finished: Agent search 2-739
2026-10-09 16:41:19,969 INFO o.a.j.t.JMeterThread: Thread started: Agent search 2-740
2026-10-09 16:41:19,994 INFO o.a.j.t.JMeterThread: Thread is done: Agent search 2-740
2026-10-09 16:41:19,994 INFO o.a.j.t.JMeterThread: Thread finished: Agent search 2-740
2026-10-09 16:41:23,557 INFO o.a.j.t.JMeterThread: Thread started: Ticket intake 1-187
2026-10-09 16:41:26,547 INFO o.a.j.t.JMeterThread: Thread started: Agent search 2-741
2026-10-09 16:41:26,573 INFO o.a.j.t.JMeterThread: Thread is done: Agent search 2-741
2026-10-09 16:41:26,573 INFO o.a.j.t.JMeterThread: Thread finished: Agent search 2-741
2026-10-09 16:41:27,705 INFO o.a.j.t.JMeterThread: Thread started: Agent search 2-742
2026-10-09 16:41:27,734 INFO o.a.j.t.JMeterThread: Thread is done: Agent search 2-742
2026-10-09 16:41:27,734 INFO o.a.j.t.JMeterThread: Thread finished: Agent search 2-742
2026-10-09 16:41:35,150 INFO o.a.j.t.JMeterThread: Thread started: Agent search 2-743
2026-10-09 16:41:35,178 INFO o.a.j.r.Summariser: summary +      8 in 00:00:34 =    0.2/s Avg: 75038 Min:    20 Max: 600135 Err:     1 (12.50%) Active: 35 Started: 930 Finished: 895
2026-10-09 16:41:35,178 INFO o.a.j.r.Summariser: summary =    896 in 00:55:32 =    0.3/s Avg: 101367 Min:    16 Max: 650017 Err:   117 (13.06%)
2026-10-09 16:41:35,179 INFO o.a.j.t.JMeterThread: Thread is done: Agent search 2-743
2026-10-09 16:41:35,179 INFO o.a.j.t.JMeterThread: Thread finished: Agent search 2-743
2026-10-09 16:41:44,635 INFO o.a.j.t.JMeterThread: Thread started: Ticket intake 1-188
2026-10-09 16:41:44,915 INFO o.a.j.t.JMeterThread: Thread started: Agent search 2-744
2026-10-09 16:41:44,941 INFO o.a.j.t.JMeterThread: Thread is done: Agent search 2-744
2026-10-09 16:41:44,941 INFO o.a.j.t.JMeterThread: Thread finished: Agent search 2-744
2026-10-09 16:41:46,259 INFO o.a.j.t.JMeterThread: Thread started: Ticket intake 1-189
2026-10-09 16:41:46,505 INFO o.a.j.t.JMeterThread: Thread started: Agent search 2-745
2026-10-09 16:41:46,531 INFO o.a.j.t.JMeterThread: Thread is done: Agent search 2-745
2026-10-09 16:41:46,531 INFO o.a.j.t.JMeterThread: Thread finished: Agent search 2-745
2026-10-09 16:41:50,556 INFO o.a.j.t.JMeterThread: Thread started: Ticket intake 1-190
2026-10-09 16:41:50,869 INFO o.a.j.t.JMeterThread: Thread started: Agent search 2-746
2026-10-09 16:41:50,906 INFO o.a.j.t.JMeterThread: Thread is done: Agent search 2-746
2026-10-09 16:41:50,906 INFO o.a.j.t.JMeterThread: Thread finished: Agent search 2-746
2026-10-09 16:41:55,286 INFO o.a.j.t.JMeterThread: Thread started: Agent search 2-747
2026-10-09 16:41:55,310 INFO o.a.j.t.JMeterThread: Thread is done: Agent search 2-747
2026-10-09 16:41:55,310 INFO o.a.j.t.JMeterThread: Thread finished: Agent search 2-747
2026-10-09 16:41:55,521 INFO o.a.j.t.JMeterThread: Thread started: Agent search 2-748
2026-10-09 16:41:55,552 INFO o.a.j.t.JMeterThread: Thread is done: Agent search 2-748
2026-10-09 16:41:55,552 INFO o.a.j.t.JMeterThread: Thread finished: Agent search 2-748
2026-10-09 16:41:57,226 INFO o.a.j.t.JMeterThread: Thread is done: Ticket intake 1-154
2026-10-09 16:41:57,226 INFO o.a.j.t.JMeterThread: Thread finished: Ticket intake 1-154
2026-10-09 16:42:00,118 INFO o.a.j.t.JMeterThread: Thread started: Agent search 2-749
2026-10-09 16:42:00,139 INFO o.a.j.r.Summariser: summary +      7 in 00:00:25 =    0.3/s Avg: 83638 Min:    20 Max: 585310 Err:     0 (0.00%) Active: 37 Started: 939 Finished: 902
2026-10-09 16:42:00,140 INFO o.a.j.r.Summariser: summary =    903 in 00:55:57 =    0.3/s Avg: 101230 Min:    16 Max: 650017 Err:   117 (12.96%)
2026-10-09 16:42:00,140 INFO o.a.j.t.JMeterThread: Thread is done: Agent search 2-749
2026-10-09 16:42:00,140 INFO o.a.j.t.JMeterThread: Thread finished: Agent search 2-749
2026-10-09 16:42:05,397 INFO o.a.j.t.JMeterThread: Thread started: Agent search 2-750
2026-10-09 16:42:05,427 INFO o.a.j.t.JMeterThread: Thread is done: Agent search 2-750
2026-10-09 16:42:05,427 INFO o.a.j.t.JMeterThread: Thread finished: Agent search 2-750
2026-10-09 16:42:07,086 INFO o.a.j.t.JMeterThread: Thread started: Ticket intake 1-191
2026-10-09 16:42:09,868 INFO o.a.j.t.JMeterThread: Thread started: Agent search 2-751
2026-10-09 16:42:09,894 INFO o.a.j.t.JMeterThread: Thread is done: Agent search 2-751
2026-10-09 16:42:09,894 INFO o.a.j.t.JMeterThread: Thread finished: Agent search 2-751
2026-10-09 16:42:13,172 INFO o.a.j.t.JMeterThread: Thread started: Agent search 2-752
2026-10-09 16:42:13,197 INFO o.a.j.t.JMeterThread: Thread is done: Agent search 2-752
2026-10-09 16:42:13,197 INFO o.a.j.t.JMeterThread: Thread finished: Agent search 2-752
2026-10-09 16:42:19,925 INFO o.a.j.t.JMeterThread: Thread started: Agent search 2-753
2026-10-09 16:42:19,950 INFO o.a.j.t.JMeterThread: Thread is done: Agent search 2-753
2026-10-09 16:42:19,950 INFO o.a.j.t.JMeterThread: Thread finished: Agent search 2-753
2026-10-09 16:42:22,624 INFO o.a.j.t.JMeterThread: Thread started: Agent search 2-754
2026-10-09 16:42:22,647 INFO o.a.j.t.JMeterThread: Thread is done: Agent search 2-754
2026-10-09 16:42:22,647 INFO o.a.j.t.JMeterThread: Thread finished: Agent search 2-754
2026-10-09 16:42:23,587 INFO o.a.j.t.JMeterThread: Thread started: Agent search 2-755
2026-10-09 16:42:23,616 INFO o.a.j.t.JMeterThread: Thread is done: Agent search 2-755
2026-10-09 16:42:23,616 INFO o.a.j.t.JMeterThread: Thread finished: Agent search 2-755
2026-10-09 16:42:24,296 INFO o.a.j.t.JMeterThread: Thread started: Agent search 2-756
2026-10-09 16:42:24,320 INFO o.a.j.t.JMeterThread: Thread is done: Agent search 2-756
2026-10-09 16:42:24,320 INFO o.a.j.t.JMeterThread: Thread finished: Agent search 2-756
2026-10-09 16:42:27,130 INFO o.a.j.t.JMeterThread: Thread is done: Ticket intake 1-155
2026-10-09 16:42:27,130 INFO o.a.j.t.JMeterThread: Thread finished: Ticket intake 1-155
2026-10-09 16:42:39,978 INFO o.a.j.t.JMeterThread: Thread started: Agent search 2-757
2026-10-09 16:42:40,003 INFO o.a.j.t.JMeterThread: Thread is done: Agent search 2-757
2026-10-09 16:42:40,003 INFO o.a.j.t.JMeterThread: Thread finished: Agent search 2-757
2026-10-09 16:42:50,003 INFO o.a.j.t.JMeterThread: Thread started: Agent search 2-758
2026-10-09 16:42:50,028 INFO o.a.j.t.JMeterThread: Thread is done: Agent search 2-758
2026-10-09 16:42:50,028 INFO o.a.j.t.JMeterThread: Thread finished: Agent search 2-758
2026-10-09 16:42:59,347 INFO o.a.j.t.JMeterThread: Thread started: Agent search 2-759
2026-10-09 16:42:59,381 INFO o.a.j.t.JMeterThread: Thread is done: Agent search 2-759
2026-10-09 16:42:59,381 INFO o.a.j.t.JMeterThread: Thread finished: Agent search 2-759
2026-10-09 16:43:00,691 INFO o.a.j.r.Summariser: summary +     12 in 00:01:01 =    0.2/s Avg: 100042 Min:    22 Max: 600128 Err:     2 (16.67%) Active: 36 Started: 950 Finished: 914
2026-10-09 16:43:00,691 INFO o.a.j.r.Summariser: summary =    915 in 00:56:58 =    0.3/s Avg: 101214 Min:    16 Max: 650017 Err:   119 (13.01%)
2026-10-09 16:43:00,691 INFO o.a.j.t.JMeterThread: Thread is done: Ticket intake 1-156
2026-10-09 16:43:00,691 INFO o.a.j.t.JMeterThread: Thread finished: Ticket intake 1-156
2026-10-09 16:43:00,759 INFO o.a.j.t.JMeterThread: Thread started: Agent search 2-760
2026-10-09 16:43:00,780 INFO o.a.j.t.JMeterThread: Thread is done: Agent search 2-760
2026-10-09 16:43:00,780 INFO o.a.j.t.JMeterThread: Thread finished: Agent search 2-760
2026-10-09 16:43:01,836 INFO o.a.j.t.JMeterThread: Thread started: Ticket intake 1-192
2026-10-09 16:43:05,025 INFO o.a.j.t.JMeterThread: Thread started: Agent search 2-761
2026-10-09 16:43:05,051 INFO o.a.j.t.JMeterThread: Thread is done: Agent search 2-761
2026-10-09 16:43:05,051 INFO o.a.j.t.JMeterThread: Thread finished: Agent search 2-761
2026-10-09 16:43:07,639 INFO o.a.j.t.JMeterThread: Thread started: Agent search 2-762
2026-10-09 16:43:07,665 INFO o.a.j.t.JMeterThread: Thread is done: Agent search 2-762
2026-10-09 16:43:07,665 INFO o.a.j.t.JMeterThread: Thread finished: Agent search 2-762
2026-10-09 16:43:07,723 INFO o.a.j.t.JMeterThread: Thread started: Agent search 2-763
2026-10-09 16:43:07,746 INFO o.a.j.t.JMeterThread: Thread is done: Agent search 2-763
2026-10-09 16:43:07,746 INFO o.a.j.t.JMeterThread: Thread finished: Agent search 2-763
2026-10-09 16:43:09,592 INFO o.a.j.t.JMeterThread: Thread started: Agent search 2-764
2026-10-09 16:43:09,615 INFO o.a.j.t.JMeterThread: Thread is done: Agent search 2-764
2026-10-09 16:43:09,615 INFO o.a.j.t.JMeterThread: Thread finished: Agent search 2-764
2026-10-09 16:43:13,655 INFO o.a.j.t.JMeterThread: Thread started: Agent search 2-765
2026-10-09 16:43:13,680 INFO o.a.j.t.JMeterThread: Thread is done: Agent search 2-765
2026-10-09 16:43:13,680 INFO o.a.j.t.JMeterThread: Thread finished: Agent search 2-765
2026-10-09 16:43:14,310 INFO o.a.j.t.JMeterThread: Thread started: Agent search 2-766
2026-10-09 16:43:14,332 INFO o.a.j.t.JMeterThread: Thread is done: Agent search 2-766
2026-10-09 16:43:14,332 INFO o.a.j.t.JMeterThread: Thread finished: Agent search 2-766
2026-10-09 16:43:16,022 INFO o.a.j.t.JMeterThread: Thread started: Agent search 2-767
2026-10-09 16:43:16,047 INFO o.a.j.t.JMeterThread: Thread is done: Agent search 2-767
2026-10-09 16:43:16,047 INFO o.a.j.t.JMeterThread: Thread finished: Agent search 2-767
2026-10-09 16:43:17,330 INFO o.a.j.t.JMeterThread: Thread started: Agent search 2-768
2026-10-09 16:43:17,358 INFO o.a.j.t.JMeterThread: Thread is done: Agent search 2-768
2026-10-09 16:43:17,358 INFO o.a.j.t.JMeterThread: Thread finished: Agent search 2-768
2026-10-09 16:43:19,775 INFO o.a.j.t.JMeterThread: Thread started: Agent search 2-769
2026-10-09 16:43:19,797 INFO o.a.j.t.JMeterThread: Thread is done: Agent search 2-769
2026-10-09 16:43:19,797 INFO o.a.j.t.JMeterThread: Thread finished: Agent search 2-769
2026-10-09 16:43:20,172 INFO o.a.j.t.JMeterThread: Thread started: Agent search 2-770
2026-10-09 16:43:20,195 INFO o.a.j.t.JMeterThread: Thread is done: Agent search 2-770
2026-10-09 16:43:20,195 INFO o.a.j.t.JMeterThread: Thread finished: Agent search 2-770
2026-10-09 16:43:25,432 INFO o.a.j.t.JMeterThread: Thread started: Ticket intake 1-193
2026-10-09 16:43:31,796 INFO o.a.j.t.JMeterThread: Thread started: Ticket intake 1-194
2026-10-09 16:43:34,441 INFO o.a.j.t.JMeterThread: Thread started: Agent search 2-771
2026-10-09 16:43:34,463 INFO o.a.j.r.Summariser: summary +     12 in 00:00:34 =    0.4/s Avg:    23 Min:    21 Max:    27 Err:     0 (0.00%) Active: 39 Started: 965 Finished: 926
2026-10-09 16:43:34,463 INFO o.a.j.r.Summariser: summary =    927 in 00:57:31 =    0.3/s Avg: 99904 Min:    16 Max: 650017 Err:   119 (12.84%)
2026-10-09 16:43:34,463 INFO o.a.j.t.JMeterThread: Thread is done: Agent search 2-771
2026-10-09 16:43:34,463 INFO o.a.j.t.JMeterThread: Thread finished: Agent search 2-771
2026-10-09 16:43:35,481 INFO o.a.j.t.JMeterThread: Thread started: Ticket intake 1-195
2026-10-09 16:43:39,975 INFO o.a.j.t.JMeterThread: Thread is done: Ticket intake 1-157
2026-10-09 16:43:39,975 INFO o.a.j.t.JMeterThread: Thread finished: Ticket intake 1-157
2026-10-09 16:43:40,882 INFO o.a.j.t.JMeterThread: Thread started: Agent search 2-772
2026-10-09 16:43:40,903 INFO o.a.j.t.JMeterThread: Thread is done: Agent search 2-772
2026-10-09 16:43:40,903 INFO o.a.j.t.JMeterThread: Thread finished: Agent search 2-772
2026-10-09 16:43:41,068 INFO o.a.j.t.JMeterThread: Thread started: Agent search 2-773
2026-10-09 16:43:41,090 INFO o.a.j.t.JMeterThread: Thread is done: Agent search 2-773
2026-10-09 16:43:41,090 INFO o.a.j.t.JMeterThread: Thread finished: Agent search 2-773
2026-10-09 16:43:44,547 INFO o.a.j.t.JMeterThread: Thread started: Agent search 2-774
2026-10-09 16:43:44,567 INFO o.a.j.t.JMeterThread: Thread is done: Agent search 2-774
2026-10-09 16:43:44,567 INFO o.a.j.t.JMeterThread: Thread finished: Agent search 2-774
2026-10-09 16:43:48,728 INFO o.a.j.t.JMeterThread: Thread started: Agent search 2-775
2026-10-09 16:43:48,753 INFO o.a.j.t.JMeterThread: Thread is done: Agent search 2-775
2026-10-09 16:43:48,753 INFO o.a.j.t.JMeterThread: Thread finished: Agent search 2-775
2026-10-09 16:43:49,993 INFO o.a.j.t.JMeterThread: Thread started: Ticket intake 1-196
2026-10-09 16:43:52,493 INFO o.a.j.t.JMeterThread: Thread started: Agent search 2-776
2026-10-09 16:43:52,519 INFO o.a.j.t.JMeterThread: Thread is done: Agent search 2-776
2026-10-09 16:43:52,519 INFO o.a.j.t.JMeterThread: Thread finished: Agent search 2-776
2026-10-09 16:43:53,339 INFO o.a.j.t.JMeterThread: Thread is done: Ticket intake 1-158
2026-10-09 16:43:53,339 INFO o.a.j.t.JMeterThread: Thread finished: Ticket intake 1-158
2026-10-09 16:43:58,477 INFO o.a.j.t.JMeterThread: Thread started: Agent search 2-777
2026-10-09 16:43:58,500 INFO o.a.j.t.JMeterThread: Thread is done: Agent search 2-777
2026-10-09 16:43:58,500 INFO o.a.j.t.JMeterThread: Thread finished: Agent search 2-777
2026-10-09 16:44:04,989 INFO o.a.j.t.JMeterThread: Thread started: Agent search 2-778
2026-10-09 16:44:05,014 INFO o.a.j.r.Summariser: summary +      9 in 00:00:31 =    0.3/s Avg: 133350 Min:    19 Max: 600110 Err:     1 (11.11%) Active: 39 Started: 974 Finished: 935
2026-10-09 16:44:05,014 INFO o.a.j.r.Summariser: summary =    936 in 00:58:02 =    0.3/s Avg: 100226 Min:    16 Max: 650017 Err:   120 (12.82%)
2026-10-09 16:44:05,014 INFO o.a.j.t.JMeterThread: Thread is done: Agent search 2-778
2026-10-09 16:44:05,014 INFO o.a.j.t.JMeterThread: Thread finished: Agent search 2-778
2026-10-09 16:44:07,375 INFO o.a.j.t.JMeterThread: Thread started: Agent search 2-779
2026-10-09 16:44:07,409 INFO o.a.j.t.JMeterThread: Thread is done: Agent search 2-779
2026-10-09 16:44:07,409 INFO o.a.j.t.JMeterThread: Thread finished: Agent search 2-779
2026-10-09 16:44:10,514 INFO o.a.j.t.JMeterThread: Thread started: Agent search 2-780
2026-10-09 16:44:10,543 INFO o.a.j.t.JMeterThread: Thread is done: Agent search 2-780
2026-10-09 16:44:10,543 INFO o.a.j.t.JMeterThread: Thread finished: Agent search 2-780
2026-10-09 16:44:11,368 INFO o.a.j.t.JMeterThread: Thread is done: Ticket intake 1-159
2026-10-09 16:44:11,368 INFO o.a.j.t.JMeterThread: Thread finished: Ticket intake 1-159
2026-10-09 16:44:14,504 INFO o.a.j.t.JMeterThread: Thread started: Agent search 2-781
2026-10-09 16:44:14,532 INFO o.a.j.t.JMeterThread: Thread is done: Agent search 2-781
2026-10-09 16:44:14,532 INFO o.a.j.t.JMeterThread: Thread finished: Agent search 2-781
2026-10-09 16:44:15,163 INFO o.a.j.t.JMeterThread: Thread started: Agent search 2-782
2026-10-09 16:44:15,182 INFO o.a.j.t.JMeterThread: Thread is done: Agent search 2-782
2026-10-09 16:44:15,182 INFO o.a.j.t.JMeterThread: Thread finished: Agent search 2-782
2026-10-09 16:44:23,497 INFO o.a.j.t.JMeterThread: Thread started: Agent search 2-783
2026-10-09 16:44:23,520 INFO o.a.j.t.JMeterThread: Thread is done: Agent search 2-783
2026-10-09 16:44:23,520 INFO o.a.j.t.JMeterThread: Thread finished: Agent search 2-783
2026-10-09 16:44:26,421 INFO o.a.j.t.JMeterThread: Thread is done: Ticket intake 1-160
2026-10-09 16:44:26,421 INFO o.a.j.t.JMeterThread: Thread finished: Ticket intake 1-160
2026-10-09 16:44:27,548 INFO o.a.j.t.JMeterThread: Thread started: Agent search 2-784
2026-10-09 16:44:27,581 INFO o.a.j.t.JMeterThread: Thread is done: Agent search 2-784
2026-10-09 16:44:27,581 INFO o.a.j.t.JMeterThread: Thread finished: Agent search 2-784
2026-10-09 16:44:39,814 INFO o.a.j.t.JMeterThread: Thread started: Agent search 2-785
2026-10-09 16:44:39,844 INFO o.a.j.t.JMeterThread: Thread is done: Agent search 2-785
2026-10-09 16:44:39,844 INFO o.a.j.t.JMeterThread: Thread finished: Agent search 2-785
2026-10-09 16:44:40,451 INFO o.a.j.t.JMeterThread: Thread is done: Ticket intake 1-161
2026-10-09 16:44:40,451 INFO o.a.j.t.JMeterThread: Thread finished: Ticket intake 1-161
2026-10-09 16:44:45,074 INFO o.a.j.t.JMeterThread: Thread started: Agent search 2-786
2026-10-09 16:44:45,100 INFO o.a.j.t.JMeterThread: Thread is done: Agent search 2-786
2026-10-09 16:44:45,100 INFO o.a.j.t.JMeterThread: Thread finished: Agent search 2-786
2026-10-09 16:44:45,878 INFO o.a.j.t.JMeterThread: Thread is done: Ticket intake 1-162
2026-10-09 16:44:45,878 INFO o.a.j.t.JMeterThread: Thread finished: Ticket intake 1-162
2026-10-09 16:44:47,322 INFO o.a.j.t.JMeterThread: Thread started: Agent search 2-787
2026-10-09 16:44:47,344 INFO o.a.j.t.JMeterThread: Thread is done: Agent search 2-787
2026-10-09 16:44:47,344 INFO o.a.j.t.JMeterThread: Thread finished: Agent search 2-787
2026-10-09 16:44:47,516 INFO o.a.j.t.JMeterThread: Thread is done: Ticket intake 1-163
2026-10-09 16:44:47,517 INFO o.a.j.t.JMeterThread: Thread finished: Ticket intake 1-163
2026-10-09 16:44:49,074 INFO o.a.j.t.JMeterThread: Thread started: Agent search 2-788
2026-10-09 16:44:49,105 INFO o.a.j.t.JMeterThread: Thread is done: Agent search 2-788
2026-10-09 16:44:49,105 INFO o.a.j.t.JMeterThread: Thread finished: Agent search 2-788
2026-10-09 16:44:50,216 INFO o.a.j.t.JMeterThread: Thread started: Agent search 2-789
2026-10-09 16:44:50,241 INFO o.a.j.t.JMeterThread: Thread is done: Agent search 2-789
2026-10-09 16:44:50,241 INFO o.a.j.t.JMeterThread: Thread finished: Agent search 2-789
2026-10-09 16:44:53,864 INFO o.a.j.t.JMeterThread: Thread is done: Ticket intake 1-164
2026-10-09 16:44:53,864 INFO o.a.j.t.JMeterThread: Thread finished: Ticket intake 1-164
2026-10-09 16:44:54,580 INFO o.a.j.t.JMeterThread: Thread is done: Ticket intake 1-165
2026-10-09 16:44:54,581 INFO o.a.j.t.JMeterThread: Thread finished: Ticket intake 1-165
2026-10-09 16:44:57,110 INFO o.a.j.t.JMeterThread: Thread started: Agent search 2-790
2026-10-09 16:44:57,141 INFO o.a.j.t.JMeterThread: Thread is done: Agent search 2-790
2026-10-09 16:44:57,141 INFO o.a.j.t.JMeterThread: Thread finished: Agent search 2-790
2026-10-09 16:45:01,960 INFO o.a.j.t.JMeterThread: Thread started: Agent search 2-791
2026-10-09 16:45:01,992 INFO o.a.j.r.Summariser: summary +     20 in 00:00:57 =    0.4/s Avg: 210028 Min:    19 Max: 600225 Err:     6 (30.00%) Active: 32 Started: 987 Finished: 955
2026-10-09 16:45:01,993 INFO o.a.j.r.Summariser: summary =    956 in 00:58:59 =    0.3/s Avg: 102523 Min:    16 Max: 650017 Err:   126 (13.18%)
2026-10-09 16:45:01,993 INFO o.a.j.t.JMeterThread: Thread is done: Agent search 2-791
2026-10-09 16:45:01,993 INFO o.a.j.t.JMeterThread: Thread finished: Agent search 2-791
2026-10-09 16:45:02,531 INFO o.a.j.t.JMeterThread: Thread started: Agent search 2-792
2026-10-09 16:45:02,557 INFO o.a.j.t.JMeterThread: Thread is done: Agent search 2-792
2026-10-09 16:45:02,557 INFO o.a.j.t.JMeterThread: Thread finished: Agent search 2-792
2026-10-09 16:45:07,492 INFO o.a.j.t.JMeterThread: Thread is done: Ticket intake 1-166
2026-10-09 16:45:07,492 INFO o.a.j.t.JMeterThread: Thread finished: Ticket intake 1-166
2026-10-09 16:45:10,499 INFO o.a.j.t.JMeterThread: Thread started: Agent search 2-793
2026-10-09 16:45:10,523 INFO o.a.j.t.JMeterThread: Thread is done: Agent search 2-793
2026-10-09 16:45:10,523 INFO o.a.j.t.JMeterThread: Thread finished: Agent search 2-793
2026-10-09 16:45:11,672 INFO o.a.j.t.JMeterThread: Thread started: Agent search 2-794
2026-10-09 16:45:11,706 INFO o.a.j.t.JMeterThread: Thread is done: Agent search 2-794
2026-10-09 16:45:11,706 INFO o.a.j.t.JMeterThread: Thread finished: Agent search 2-794
2026-10-09 16:45:17,765 INFO o.a.j.t.JMeterThread: Thread started: Agent search 2-795
2026-10-09 16:45:17,788 INFO o.a.j.t.JMeterThread: Thread is done: Agent search 2-795
2026-10-09 16:45:17,789 INFO o.a.j.t.JMeterThread: Thread finished: Agent search 2-795
2026-10-09 16:45:19,531 INFO o.a.j.t.JMeterThread: Thread started: Agent search 2-796
2026-10-09 16:45:19,558 INFO o.a.j.t.JMeterThread: Thread is done: Agent search 2-796
2026-10-09 16:45:19,558 INFO o.a.j.t.JMeterThread: Thread finished: Agent search 2-796
2026-10-09 16:45:20,049 INFO o.a.j.t.JMeterThread: Thread started: Agent search 2-797
2026-10-09 16:45:20,077 INFO o.a.j.t.JMeterThread: Thread is done: Agent search 2-797
2026-10-09 16:45:20,077 INFO o.a.j.t.JMeterThread: Thread finished: Agent search 2-797
2026-10-09 16:45:26,588 INFO o.a.j.t.JMeterThread: Thread started: Agent search 2-798
2026-10-09 16:45:26,613 INFO o.a.j.t.JMeterThread: Thread is done: Agent search 2-798
2026-10-09 16:45:26,613 INFO o.a.j.t.JMeterThread: Thread finished: Agent search 2-798
2026-10-09 16:45:26,754 INFO o.a.j.t.JMeterThread: Thread started: Agent search 2-799
2026-10-09 16:45:26,781 INFO o.a.j.t.JMeterThread: Thread is done: Agent search 2-799
2026-10-09 16:45:26,781 INFO o.a.j.t.JMeterThread: Thread finished: Agent search 2-799
2026-10-09 16:45:28,259 INFO o.a.j.t.JMeterThread: Thread started: Ticket intake 1-197
2026-10-09 16:45:29,682 INFO o.a.j.t.JMeterThread: Thread is done: Ticket intake 1-167
2026-10-09 16:45:29,682 INFO o.a.j.t.JMeterThread: Thread finished: Ticket intake 1-167
2026-10-09 16:45:37,628 INFO o.a.j.t.JMeterThread: Thread started: Agent search 2-800
2026-10-09 16:45:37,628 INFO o.a.j.t.o.OpenModelThreadGroup: There will be no more events, so will wait for 25 sec till the end of the schedule
2026-10-09 16:45:37,653 INFO o.a.j.t.JMeterThread: Thread is done: Agent search 2-800
2026-10-09 16:45:37,653 INFO o.a.j.t.JMeterThread: Thread finished: Agent search 2-800
2026-10-09 16:45:43,372 INFO o.a.j.t.JMeterThread: Thread started: Ticket intake 1-198
2026-10-09 16:45:43,372 INFO o.a.j.t.o.OpenModelThreadGroup: There will be no more events, so will wait for 19 sec till the end of the schedule
2026-10-09 16:45:45,165 INFO o.a.j.t.JMeterThread: Thread is done: Ticket intake 1-168
2026-10-09 16:45:45,165 INFO o.a.j.t.JMeterThread: Thread finished: Ticket intake 1-168
2026-10-09 16:45:55,303 INFO o.a.j.t.JMeterThread: Thread is done: Ticket intake 1-169
2026-10-09 16:45:55,303 INFO o.a.j.t.JMeterThread: Thread finished: Ticket intake 1-169
2026-10-09 16:46:02,954 INFO o.a.j.t.o.OpenModelThreadGroup: There will be no more events, will shutdown the thread pool
2026-10-09 16:46:02,954 INFO o.a.j.t.o.OpenModelThreadGroup: Thread starting done
2026-10-09 16:46:02,955 INFO o.a.j.t.o.OpenModelThreadGroup: Test schedule finished, however, there are 29 thread(s) still running. Will interrupt the threads. If you want to keep some time for the threads to complete, consider adding pause(10 min) at the end of the schedule.
2026-10-09 16:46:02,956 INFO o.a.j.t.o.OpenModelThreadGroup: Terminating thread org.apache.jmeter.threads.JMeterThread@7951e8d3
2026-10-09 16:46:02,956 INFO o.a.j.t.JMeterThread: Stopping: Ticket intake 1-176
2026-10-09 16:46:02,956 WARN o.a.j.t.JMeterThread: Interrupting: Ticket intake 1-176 sampler: POST /tickets
2026-10-09 16:46:02,957 INFO o.a.j.t.o.OpenModelThreadGroup: Terminating thread org.apache.jmeter.threads.JMeterThread@6204c646
2026-10-09 16:46:02,957 INFO o.a.j.t.JMeterThread: Stopping: Ticket intake 1-195
2026-10-09 16:46:02,957 WARN o.a.j.t.JMeterThread: Interrupting: Ticket intake 1-195 sampler: POST /tickets
2026-10-09 16:46:02,957 INFO o.a.j.t.o.OpenModelThreadGroup: Terminating thread org.apache.jmeter.threads.JMeterThread@76040aa
2026-10-09 16:46:02,957 INFO o.a.j.t.JMeterThread: Stopping: Ticket intake 1-183
2026-10-09 16:46:02,957 WARN o.a.j.t.JMeterThread: Interrupting: Ticket intake 1-183 sampler: POST /tickets
2026-10-09 16:46:02,957 INFO o.a.j.t.o.OpenModelThreadGroup: Terminating thread org.apache.jmeter.threads.JMeterThread@1a5dad96
2026-10-09 16:46:02,957 INFO o.a.j.t.JMeterThread: Stopping: Ticket intake 1-180
2026-10-09 16:46:02,957 WARN o.a.j.t.JMeterThread: Interrupting: Ticket intake 1-180 sampler: POST /tickets
2026-10-09 16:46:02,957 INFO o.a.j.t.o.OpenModelThreadGroup: Terminating thread org.apache.jmeter.threads.JMeterThread@76a46fe8
2026-10-09 16:46:02,957 INFO o.a.j.t.JMeterThread: Stopping: Ticket intake 1-181
2026-10-09 16:46:02,957 WARN o.a.j.t.JMeterThread: Interrupting: Ticket intake 1-181 sampler: POST /tickets
2026-10-09 16:46:02,957 INFO o.a.j.t.o.OpenModelThreadGroup: Terminating thread org.apache.jmeter.threads.JMeterThread@50014f8d
2026-10-09 16:46:02,957 INFO o.a.j.t.JMeterThread: Stopping: Ticket intake 1-192
2026-10-09 16:46:02,957 WARN o.a.j.t.JMeterThread: Interrupting: Ticket intake 1-192 sampler: POST /tickets
2026-10-09 16:46:02,957 INFO o.a.j.t.o.OpenModelThreadGroup: Terminating thread org.apache.jmeter.threads.JMeterThread@1cae4d21
2026-10-09 16:46:02,957 INFO o.a.j.t.JMeterThread: Stopping: Ticket intake 1-172
2026-10-09 16:46:02,957 WARN o.a.j.t.JMeterThread: Interrupting: Ticket intake 1-172 sampler: POST /tickets
2026-10-09 16:46:02,957 INFO o.a.j.t.o.OpenModelThreadGroup: Terminating thread org.apache.jmeter.threads.JMeterThread@767345a3
2026-10-09 16:46:02,957 INFO o.a.j.t.JMeterThread: Stopping: Ticket intake 1-186
2026-10-09 16:46:02,957 WARN o.a.j.t.JMeterThread: Interrupting: Ticket intake 1-186 sampler: POST /tickets
2026-10-09 16:46:02,957 INFO o.a.j.t.o.OpenModelThreadGroup: Terminating thread org.apache.jmeter.threads.JMeterThread@2d15042
2026-10-09 16:46:02,957 INFO o.a.j.t.JMeterThread: Stopping: Ticket intake 1-174
2026-10-09 16:46:02,957 WARN o.a.j.t.JMeterThread: Interrupting: Ticket intake 1-174 sampler: POST /tickets
2026-10-09 16:46:02,957 INFO o.a.j.t.o.OpenModelThreadGroup: Terminating thread org.apache.jmeter.threads.JMeterThread@1a181ecb
2026-10-09 16:46:02,957 INFO o.a.j.t.JMeterThread: Stopping: Ticket intake 1-184
2026-10-09 16:46:02,957 WARN o.a.j.t.JMeterThread: Interrupting: Ticket intake 1-184 sampler: POST /tickets
2026-10-09 16:46:02,957 INFO o.a.j.t.o.OpenModelThreadGroup: Terminating thread org.apache.jmeter.threads.JMeterThread@41476054
2026-10-09 16:46:02,957 INFO o.a.j.t.JMeterThread: Stopping: Ticket intake 1-198
2026-10-09 16:46:02,957 WARN o.a.j.t.JMeterThread: Interrupting: Ticket intake 1-198 sampler: POST /tickets
2026-10-09 16:46:02,957 INFO o.a.j.t.o.OpenModelThreadGroup: Terminating thread org.apache.jmeter.threads.JMeterThread@4ddde089
2026-10-09 16:46:02,957 INFO o.a.j.t.JMeterThread: Thread is done: Ticket intake 1-184
2026-10-09 16:46:02,957 INFO o.a.j.t.JMeterThread: Thread is done: Ticket intake 1-180
2026-10-09 16:46:02,957 INFO o.a.j.t.JMeterThread: Thread finished: Ticket intake 1-184
2026-10-09 16:46:02,957 INFO o.a.j.t.JMeterThread: Thread is done: Ticket intake 1-181
2026-10-09 16:46:02,957 INFO o.a.j.r.Summariser: summary +     14 in 00:01:01 =    0.2/s Avg: 196279 Min:    22 Max: 600176 Err:     5 (35.71%) Active: 29 Started: 998 Finished: 969
2026-10-09 16:46:02,957 INFO o.a.j.t.JMeterThread: Thread finished: Ticket intake 1-180
2026-10-09 16:46:02,957 INFO o.a.j.t.JMeterThread: Thread is done: Ticket intake 1-192
2026-10-09 16:46:02,957 INFO o.a.j.t.JMeterThread: Stopping: Ticket intake 1-193
2026-10-09 16:46:02,957 INFO o.a.j.t.JMeterThread: Thread finished: Ticket intake 1-192
2026-10-09 16:46:02,957 WARN o.a.j.t.JMeterThread: Interrupting: Ticket intake 1-193 sampler: POST /tickets
2026-10-09 16:46:02,957 INFO o.a.j.t.JMeterThread: Thread finished: Ticket intake 1-181
2026-10-09 16:46:02,957 INFO o.a.j.t.JMeterThread: Thread is done: Ticket intake 1-176
2026-10-09 16:46:02,957 INFO o.a.j.t.JMeterThread: Thread is done: Ticket intake 1-195
2026-10-09 16:46:02,957 INFO o.a.j.t.JMeterThread: Thread finished: Ticket intake 1-195
2026-10-09 16:46:02,957 INFO o.a.j.t.o.OpenModelThreadGroup: Terminating thread org.apache.jmeter.threads.JMeterThread@20319ee9
2026-10-09 16:46:02,957 INFO o.a.j.t.JMeterThread: Thread finished: Ticket intake 1-176
2026-10-09 16:46:02,957 INFO o.a.j.t.JMeterThread: Stopping: Ticket intake 1-190
2026-10-09 16:46:02,957 WARN o.a.j.t.JMeterThread: Interrupting: Ticket intake 1-190 sampler: POST /tickets
2026-10-09 16:46:02,957 INFO o.a.j.r.Summariser: summary =    970 in 01:00:00 =    0.3/s Avg: 103876 Min:    16 Max: 650017 Err:   131 (13.51%)
2026-10-09 16:46:02,957 INFO o.a.j.t.JMeterThread: Thread is done: Ticket intake 1-174
2026-10-09 16:46:02,957 INFO o.a.j.t.JMeterThread: Thread is done: Ticket intake 1-172
2026-10-09 16:46:02,957 INFO o.a.j.t.o.OpenModelThreadGroup: Terminating thread org.apache.jmeter.threads.JMeterThread@435fd704
2026-10-09 16:46:02,957 INFO o.a.j.t.JMeterThread: Thread finished: Ticket intake 1-172
2026-10-09 16:46:02,957 INFO o.a.j.t.JMeterThread: Thread is done: Ticket intake 1-186
2026-10-09 16:46:02,957 INFO o.a.j.t.JMeterThread: Thread finished: Ticket intake 1-186
2026-10-09 16:46:02,957 INFO o.a.j.t.JMeterThread: Thread is done: Ticket intake 1-198
2026-10-09 16:46:02,957 INFO o.a.j.t.JMeterThread: Stopping: Ticket intake 1-196
2026-10-09 16:46:02,957 INFO o.a.j.t.JMeterThread: Thread finished: Ticket intake 1-198
2026-10-09 16:46:02,957 INFO o.a.j.t.JMeterThread: Thread is done: Ticket intake 1-183
2026-10-09 16:46:02,957 INFO o.a.j.t.JMeterThread: Thread finished: Ticket intake 1-174
2026-10-09 16:46:02,957 WARN o.a.j.t.JMeterThread: Interrupting: Ticket intake 1-196 sampler: POST /tickets
2026-10-09 16:46:02,957 INFO o.a.j.t.JMeterThread: Thread finished: Ticket intake 1-183
2026-10-09 16:46:02,957 INFO o.a.j.t.o.OpenModelThreadGroup: Terminating thread org.apache.jmeter.threads.JMeterThread@2de1923d
2026-10-09 16:46:02,957 INFO o.a.j.t.JMeterThread: Stopping: Ticket intake 1-175
2026-10-09 16:46:02,957 WARN o.a.j.t.JMeterThread: Interrupting: Ticket intake 1-175 sampler: POST /tickets
2026-10-09 16:46:02,957 INFO o.a.j.t.JMeterThread: Thread is done: Ticket intake 1-190
2026-10-09 16:46:02,957 INFO o.a.j.t.JMeterThread: Thread finished: Ticket intake 1-190
2026-10-09 16:46:02,958 INFO o.a.j.t.o.OpenModelThreadGroup: Terminating thread org.apache.jmeter.threads.JMeterThread@4b491417
2026-10-09 16:46:02,958 INFO o.a.j.t.JMeterThread: Thread is done: Ticket intake 1-193
2026-10-09 16:46:02,958 INFO o.a.j.t.JMeterThread: Stopping: Ticket intake 1-170
2026-10-09 16:46:02,958 INFO o.a.j.t.JMeterThread: Thread finished: Ticket intake 1-193
2026-10-09 16:46:02,958 WARN o.a.j.t.JMeterThread: Interrupting: Ticket intake 1-170 sampler: POST /tickets
2026-10-09 16:46:02,958 INFO o.a.j.t.JMeterThread: Thread is done: Ticket intake 1-196
2026-10-09 16:46:02,958 INFO o.a.j.t.JMeterThread: Thread finished: Ticket intake 1-196
2026-10-09 16:46:02,958 INFO o.a.j.t.o.OpenModelThreadGroup: Terminating thread org.apache.jmeter.threads.JMeterThread@3783cd5d
2026-10-09 16:46:02,958 INFO o.a.j.t.JMeterThread: Stopping: Ticket intake 1-171
2026-10-09 16:46:02,958 WARN o.a.j.t.JMeterThread: Interrupting: Ticket intake 1-171 sampler: POST /tickets
2026-10-09 16:46:02,958 INFO o.a.j.t.JMeterThread: Thread is done: Ticket intake 1-175
2026-10-09 16:46:02,958 INFO o.a.j.t.JMeterThread: Thread finished: Ticket intake 1-175
2026-10-09 16:46:02,958 INFO o.a.j.t.o.OpenModelThreadGroup: Terminating thread org.apache.jmeter.threads.JMeterThread@725227ba
2026-10-09 16:46:02,958 INFO o.a.j.t.JMeterThread: Stopping: Ticket intake 1-187
2026-10-09 16:46:02,958 WARN o.a.j.t.JMeterThread: Interrupting: Ticket intake 1-187 sampler: POST /tickets
2026-10-09 16:46:02,958 INFO o.a.j.t.o.OpenModelThreadGroup: Terminating thread org.apache.jmeter.threads.JMeterThread@55619ac8
2026-10-09 16:46:02,958 INFO o.a.j.t.JMeterThread: Stopping: Ticket intake 1-185
2026-10-09 16:46:02,958 WARN o.a.j.t.JMeterThread: Interrupting: Ticket intake 1-185 sampler: POST /tickets
2026-10-09 16:46:02,958 INFO o.a.j.t.JMeterThread: Thread is done: Ticket intake 1-170
2026-10-09 16:46:02,958 INFO o.a.j.t.JMeterThread: Thread finished: Ticket intake 1-170
2026-10-09 16:46:02,958 INFO o.a.j.t.o.OpenModelThreadGroup: Terminating thread org.apache.jmeter.threads.JMeterThread@656d4904
2026-10-09 16:46:02,958 INFO o.a.j.t.JMeterThread: Stopping: Ticket intake 1-188
2026-10-09 16:46:02,958 INFO o.a.j.t.JMeterThread: Thread is done: Ticket intake 1-171
2026-10-09 16:46:02,958 WARN o.a.j.t.JMeterThread: Interrupting: Ticket intake 1-188 sampler: POST /tickets
2026-10-09 16:46:02,958 INFO o.a.j.t.JMeterThread: Thread finished: Ticket intake 1-171
2026-10-09 16:46:02,958 INFO o.a.j.t.o.OpenModelThreadGroup: Terminating thread org.apache.jmeter.threads.JMeterThread@2053b2ff
2026-10-09 16:46:02,958 INFO o.a.j.t.JMeterThread: Stopping: Ticket intake 1-177
2026-10-09 16:46:02,958 INFO o.a.j.t.JMeterThread: Thread is done: Ticket intake 1-187
2026-10-09 16:46:02,958 INFO o.a.j.t.JMeterThread: Thread is done: Ticket intake 1-185
2026-10-09 16:46:02,958 INFO o.a.j.t.JMeterThread: Thread finished: Ticket intake 1-185
2026-10-09 16:46:02,958 WARN o.a.j.t.JMeterThread: Interrupting: Ticket intake 1-177 sampler: POST /tickets
2026-10-09 16:46:02,958 INFO o.a.j.t.JMeterThread: Thread finished: Ticket intake 1-187
2026-10-09 16:46:02,958 INFO o.a.j.t.o.OpenModelThreadGroup: Terminating thread org.apache.jmeter.threads.JMeterThread@53d335fe
2026-10-09 16:46:02,958 INFO o.a.j.t.JMeterThread: Stopping: Ticket intake 1-197
2026-10-09 16:46:02,958 WARN o.a.j.t.JMeterThread: Interrupting: Ticket intake 1-197 sampler: POST /tickets
2026-10-09 16:46:02,958 INFO o.a.j.t.o.OpenModelThreadGroup: Terminating thread org.apache.jmeter.threads.JMeterThread@68e1644e
2026-10-09 16:46:02,958 INFO o.a.j.t.JMeterThread: Stopping: Ticket intake 1-178
2026-10-09 16:46:02,958 INFO o.a.j.t.JMeterThread: Thread is done: Ticket intake 1-188
2026-10-09 16:46:02,958 INFO o.a.j.t.JMeterThread: Thread finished: Ticket intake 1-188
2026-10-09 16:46:02,958 WARN o.a.j.t.JMeterThread: Interrupting: Ticket intake 1-178 sampler: POST /tickets
2026-10-09 16:46:02,958 INFO o.a.j.t.JMeterThread: Thread is done: Ticket intake 1-177
2026-10-09 16:46:02,958 INFO o.a.j.t.JMeterThread: Thread finished: Ticket intake 1-177
2026-10-09 16:46:02,958 INFO o.a.j.t.o.OpenModelThreadGroup: Terminating thread org.apache.jmeter.threads.JMeterThread@194e6861
2026-10-09 16:46:02,958 INFO o.a.j.t.JMeterThread: Stopping: Ticket intake 1-189
2026-10-09 16:46:02,958 WARN o.a.j.t.JMeterThread: Interrupting: Ticket intake 1-189 sampler: POST /tickets
2026-10-09 16:46:02,958 INFO o.a.j.t.o.OpenModelThreadGroup: Terminating thread org.apache.jmeter.threads.JMeterThread@64b8b94d
2026-10-09 16:46:02,958 INFO o.a.j.t.JMeterThread: Stopping: Ticket intake 1-182
2026-10-09 16:46:02,958 INFO o.a.j.t.JMeterThread: Thread is done: Ticket intake 1-197
2026-10-09 16:46:02,958 WARN o.a.j.t.JMeterThread: Interrupting: Ticket intake 1-182 sampler: POST /tickets
2026-10-09 16:46:02,958 INFO o.a.j.t.JMeterThread: Thread finished: Ticket intake 1-197
2026-10-09 16:46:02,958 INFO o.a.j.t.o.OpenModelThreadGroup: Terminating thread org.apache.jmeter.threads.JMeterThread@64444bf3
2026-10-09 16:46:02,958 INFO o.a.j.t.JMeterThread: Stopping: Ticket intake 1-194
2026-10-09 16:46:02,959 INFO o.a.j.t.JMeterThread: Thread is done: Ticket intake 1-178
2026-10-09 16:46:02,959 WARN o.a.j.t.JMeterThread: Interrupting: Ticket intake 1-194 sampler: POST /tickets
2026-10-09 16:46:02,959 INFO o.a.j.t.JMeterThread: Thread finished: Ticket intake 1-178
2026-10-09 16:46:02,959 INFO o.a.j.t.JMeterThread: Thread is done: Ticket intake 1-189
2026-10-09 16:46:02,959 INFO o.a.j.t.JMeterThread: Thread finished: Ticket intake 1-189
2026-10-09 16:46:02,959 INFO o.a.j.t.o.OpenModelThreadGroup: Terminating thread org.apache.jmeter.threads.JMeterThread@5f4fe476
2026-10-09 16:46:02,959 INFO o.a.j.t.JMeterThread: Stopping: Ticket intake 1-179
2026-10-09 16:46:02,959 WARN o.a.j.t.JMeterThread: Interrupting: Ticket intake 1-179 sampler: POST /tickets
2026-10-09 16:46:02,959 INFO o.a.j.t.JMeterThread: Thread is done: Ticket intake 1-182
2026-10-09 16:46:02,959 INFO o.a.j.t.JMeterThread: Thread finished: Ticket intake 1-182
2026-10-09 16:46:02,959 INFO o.a.j.t.o.OpenModelThreadGroup: Terminating thread org.apache.jmeter.threads.JMeterThread@67b6300c
2026-10-09 16:46:02,959 INFO o.a.j.t.JMeterThread: Stopping: Ticket intake 1-191
2026-10-09 16:46:02,959 WARN o.a.j.t.JMeterThread: Interrupting: Ticket intake 1-191 sampler: POST /tickets
2026-10-09 16:46:02,959 INFO o.a.j.t.o.OpenModelThreadGroup: Terminating thread org.apache.jmeter.threads.JMeterThread@6a3cc201
2026-10-09 16:46:02,959 INFO o.a.j.t.JMeterThread: Stopping: Ticket intake 1-173
2026-10-09 16:46:02,959 WARN o.a.j.t.JMeterThread: Interrupting: Ticket intake 1-173 sampler: POST /tickets
2026-10-09 16:46:02,959 INFO o.a.j.t.JMeterThread: Thread is done: Ticket intake 1-194
2026-10-09 16:46:02,959 INFO o.a.j.t.JMeterThread: Thread finished: Ticket intake 1-194
2026-10-09 16:46:02,959 INFO o.a.j.t.JMeterThread: Thread is done: Ticket intake 1-191
2026-10-09 16:46:02,959 INFO o.a.j.t.JMeterThread: Thread finished: Ticket intake 1-191
2026-10-09 16:46:02,959 INFO o.a.j.t.JMeterThread: Thread is done: Ticket intake 1-179
2026-10-09 16:46:02,959 INFO o.a.j.t.JMeterThread: Thread finished: Ticket intake 1-179
2026-10-09 16:46:02,959 INFO o.a.j.t.JMeterThread: Thread is done: Ticket intake 1-173
2026-10-09 16:46:02,959 INFO o.a.j.t.JMeterThread: Thread finished: Ticket intake 1-173
2026-10-09 16:46:02,959 INFO o.a.j.t.o.OpenModelThreadGroup: Thread starting done
2026-10-09 16:46:02,959 INFO o.a.j.e.StandardJMeterEngine: Notifying test listeners of end of test
2026-10-09 16:46:02,960 INFO o.a.j.s.FileServer: Close: search_terms.txt
2026-10-09 16:46:02,960 INFO o.a.j.s.FileServer: Close: tickets.tsv
2026-10-09 16:46:02,960 INFO o.a.j.r.Summariser: summary +     28 in 00:00:00 = 9333.3/s Avg: 340973 Min: 19584 Max: 596942 Err:    28 (100.00%) Active: 0 Started: 998 Finished: 998
2026-10-09 16:46:02,960 INFO o.a.j.r.Summariser: summary =    998 in 01:00:00 =    0.3/s Avg: 110528 Min:    16 Max: 650017 Err:   159 (15.93%)
