2026-10-09 13:42:08,779 INFO o.a.j.u.JMeterUtils: Setting Locale to en_EN
2026-10-09 13:42:08,788 INFO o.a.j.JMeter: Loading user properties from: C:\apache-jmeter-5.6.3\bin\user.properties
2026-10-09 13:42:08,788 INFO o.a.j.JMeter: Loading system properties from: C:\apache-jmeter-5.6.3\bin\system.properties
2026-10-09 13:42:08,789 INFO o.a.j.JMeter: Loading additional properties from: C:\Users\josep\Downloads\results\qwen3.8-27b\mixed\run1\run.properties
2026-10-09 13:42:08,792 INFO o.a.j.JMeter: Copyright (c) 1998-2024 The Apache Software Foundation
2026-10-09 13:42:08,792 INFO o.a.j.JMeter: Version 5.6.3
2026-10-09 13:42:08,792 INFO o.a.j.JMeter: java.version=25.0.1
2026-10-09 13:42:08,792 INFO o.a.j.JMeter: java.vm.name=Java HotSpot(TM) 64-Bit Server VM
2026-10-09 13:42:08,793 INFO o.a.j.JMeter: os.name=Windows 11
2026-10-09 13:42:08,793 INFO o.a.j.JMeter: os.arch=amd64
2026-10-09 13:42:08,793 INFO o.a.j.JMeter: os.version=10.0
2026-10-09 13:42:08,793 INFO o.a.j.JMeter: file.encoding=UTF-8
2026-10-09 13:42:08,793 INFO o.a.j.JMeter: java.awt.headless=true
2026-10-09 13:42:08,793 INFO o.a.j.JMeter: Max memory     =1073741824
2026-10-09 13:42:08,793 INFO o.a.j.JMeter: Available Processors =16
2026-10-09 13:42:08,802 INFO o.a.j.JMeter: Default Locale=English (EN)
2026-10-09 13:42:08,803 INFO o.a.j.JMeter: JMeter  Locale=English (EN)
2026-10-09 13:42:08,803 INFO o.a.j.JMeter: JMeterHome=C:\apache-jmeter-5.6.3
2026-10-09 13:42:08,803 INFO o.a.j.JMeter: user.dir  =C:\Users\josep\Downloads
2026-10-09 13:42:08,803 INFO o.a.j.JMeter: PWD       =C:\Users\josep\Downloads
2026-10-09 13:42:08,804 INFO o.a.j.JMeter: IP: 172.20.10.7 Name: LAPTOP-JVTGMMI4 FullName: LAPTOP-JVTGMMI4
2026-10-09 13:42:08,810 INFO o.a.j.s.FileServer: Default base='C:\Users\josep\Downloads'
2026-10-09 13:42:08,810 INFO o.a.j.s.FileServer: Set new base='C:\Users\josep\Downloads\loadtest'
2026-10-09 13:42:08,934 INFO o.a.j.s.SaveService: Testplan (JMX) version: 2.2. Testlog (JTL) version: 2.2
2026-10-09 13:42:08,947 INFO o.a.j.s.SaveService: Using SaveService properties version 5.0
2026-10-09 13:42:08,948 INFO o.a.j.s.SaveService: Using SaveService properties file encoding UTF-8
2026-10-09 13:42:08,950 INFO o.a.j.s.SaveService: Loading file: C:\Users\josep\Downloads\loadtest\triage.jmx
2026-10-09 13:42:08,979 INFO o.a.j.p.h.s.HTTPSamplerBase: Parser for text/html is org.apache.jmeter.protocol.http.parser.LagartoBasedHtmlParser
2026-10-09 13:42:08,979 INFO o.a.j.p.h.s.HTTPSamplerBase: Parser for application/xhtml+xml is org.apache.jmeter.protocol.http.parser.LagartoBasedHtmlParser
2026-10-09 13:42:08,979 INFO o.a.j.p.h.s.HTTPSamplerBase: Parser for application/xml is org.apache.jmeter.protocol.http.parser.LagartoBasedHtmlParser
2026-10-09 13:42:08,979 INFO o.a.j.p.h.s.HTTPSamplerBase: Parser for text/xml is org.apache.jmeter.protocol.http.parser.LagartoBasedHtmlParser
2026-10-09 13:42:08,979 INFO o.a.j.p.h.s.HTTPSamplerBase: Parser for text/vnd.wap.wml is org.apache.jmeter.protocol.http.parser.RegexpHTMLParser
2026-10-09 13:42:08,979 INFO o.a.j.p.h.s.HTTPSamplerBase: Parser for text/css is org.apache.jmeter.protocol.http.parser.CssParser
2026-10-09 13:42:08,985 INFO o.a.j.JMeter: Creating summariser <summary>
2026-10-09 13:42:08,995 INFO o.a.j.e.StandardJMeterEngine: Running the test!
2026-10-09 13:42:08,996 INFO o.a.j.s.SampleEvent: List of sample_variables: [req_id, row, term]
2026-10-09 13:42:08,996 INFO o.a.j.s.SampleEvent: List of sample_variables: [req_id, row, term]
2026-10-09 13:42:08,997 INFO o.a.j.e.u.CompoundVariable: Note: Function class names must contain the string: '.functions.'
2026-10-09 13:42:08,997 INFO o.a.j.e.u.CompoundVariable: Note: Function class names must not contain the string: '.gui.'
2026-10-09 13:42:09,032 INFO o.a.j.JMeter: Running test (1791524529032)
2026-10-09 13:42:09,043 INFO o.a.j.e.StandardJMeterEngine: Starting ThreadGroup: 1 : Ticket intake
2026-10-09 13:42:09,044 INFO o.a.j.e.StandardJMeterEngine: Starting 0 threads for group Ticket intake.
2026-10-09 13:42:09,044 INFO o.a.j.e.StandardJMeterEngine: Thread will continue on error
2026-10-09 13:42:09,044 INFO o.a.j.t.o.OpenModelThreadGroup: Starting OpenModelThreadGroup#1 with schedule rate(198/hour) random_arrivals(60 min) rate(198/hour)
2026-10-09 13:42:09,061 INFO o.a.j.e.StandardJMeterEngine: Starting ThreadGroup: 2 : Agent search
2026-10-09 13:42:09,061 INFO o.a.j.e.StandardJMeterEngine: Starting 0 threads for group Agent search.
2026-10-09 13:42:09,061 INFO o.a.j.e.StandardJMeterEngine: Thread will continue on error
2026-10-09 13:42:09,061 INFO o.a.j.t.o.OpenModelThreadGroup: Starting OpenModelThreadGroup#2 with schedule rate(800/hour) random_arrivals(60 min) rate(800/hour)
2026-10-09 13:42:09,061 INFO o.a.j.e.StandardJMeterEngine: All thread groups have been started
2026-10-09 13:42:09,061 INFO o.a.j.t.o.OpenModelThreadGroup: Thread starting init
2026-10-09 13:42:09,061 INFO o.a.j.t.o.OpenModelThreadGroup: Thread starting init
2026-10-09 13:42:09,065 INFO o.a.j.t.o.PoissonArrivalsRamp: Generating 800 events, beginRate = 0.2222222222222222 / sec, endRate = 0.2222222222222222 / sec, duration = 3600.0 sec
2026-10-09 13:42:09,065 INFO o.a.j.t.o.PoissonArrivalsRamp: Generating 198 events, beginRate = 0.055 / sec, endRate = 0.055 / sec, duration = 3600.0 sec
2026-10-09 13:42:09,946 INFO o.a.j.t.JMeterThread: Thread started: Agent search 2-1
2026-10-09 13:42:09,947 INFO o.a.j.s.FileServer: Stored: search_terms.txt
2026-10-09 13:42:09,959 INFO o.a.j.p.h.s.HTTPHCAbstractImpl: Local host = LAPTOP-JVTGMMI4
2026-10-09 13:42:09,961 INFO o.a.j.p.h.s.HTTPHC4Impl: HTTP request retry count = 0
2026-10-09 13:42:09,962 INFO o.a.j.s.SampleResult: Note: Sample TimeStamps are START times
2026-10-09 13:42:09,962 INFO o.a.j.s.SampleResult: sampleresult.default.encoding is set to UTF-8
2026-10-09 13:42:09,962 INFO o.a.j.s.SampleResult: sampleresult.useNanoTime=true
2026-10-09 13:42:09,962 INFO o.a.j.s.SampleResult: sampleresult.nanoThreadSleep=5000
2026-10-09 13:42:10,033 INFO o.a.j.t.JMeterThread: Thread is done: Agent search 2-1
2026-10-09 13:42:10,033 INFO o.a.j.t.JMeterThread: Thread finished: Agent search 2-1
2026-10-09 13:42:18,945 INFO o.a.j.t.JMeterThread: Thread started: Ticket intake 1-1
2026-10-09 13:42:18,945 INFO o.a.j.s.FileServer: Stored: tickets.tsv
2026-10-09 13:42:21,250 INFO o.a.j.t.JMeterThread: Thread started: Agent search 2-2
2026-10-09 13:42:21,292 INFO o.a.j.t.JMeterThread: Thread is done: Agent search 2-2
2026-10-09 13:42:21,292 INFO o.a.j.t.JMeterThread: Thread finished: Agent search 2-2
2026-10-09 13:42:26,005 INFO o.a.j.t.JMeterThread: Thread started: Agent search 2-3
2026-10-09 13:42:26,027 INFO o.a.j.t.JMeterThread: Thread is done: Agent search 2-3
2026-10-09 13:42:26,027 INFO o.a.j.t.JMeterThread: Thread finished: Agent search 2-3
2026-10-09 13:42:29,955 INFO o.a.j.t.JMeterThread: Thread started: Agent search 2-4
2026-10-09 13:42:29,980 INFO o.a.j.t.JMeterThread: Thread is done: Agent search 2-4
2026-10-09 13:42:29,980 INFO o.a.j.t.JMeterThread: Thread finished: Agent search 2-4
2026-10-09 13:42:36,119 INFO o.a.j.t.JMeterThread: Thread started: Agent search 2-5
2026-10-09 13:42:36,156 INFO o.a.j.t.JMeterThread: Thread is done: Agent search 2-5
2026-10-09 13:42:36,156 INFO o.a.j.t.JMeterThread: Thread finished: Agent search 2-5
2026-10-09 13:42:36,440 INFO o.a.j.t.JMeterThread: Thread started: Agent search 2-6
2026-10-09 13:42:36,472 INFO o.a.j.t.JMeterThread: Thread is done: Agent search 2-6
2026-10-09 13:42:36,472 INFO o.a.j.t.JMeterThread: Thread finished: Agent search 2-6
2026-10-09 13:42:39,884 INFO o.a.j.t.JMeterThread: Thread started: Agent search 2-7
2026-10-09 13:42:39,925 INFO o.a.j.t.JMeterThread: Thread is done: Agent search 2-7
2026-10-09 13:42:39,925 INFO o.a.j.t.JMeterThread: Thread finished: Agent search 2-7
2026-10-09 13:42:43,502 INFO o.a.j.t.JMeterThread: Thread started: Agent search 2-8
2026-10-09 13:42:43,536 INFO o.a.j.t.JMeterThread: Thread is done: Agent search 2-8
2026-10-09 13:42:43,536 INFO o.a.j.t.JMeterThread: Thread finished: Agent search 2-8
2026-10-09 13:42:47,700 INFO o.a.j.t.JMeterThread: Thread started: Agent search 2-9
2026-10-09 13:42:47,732 INFO o.a.j.t.JMeterThread: Thread is done: Agent search 2-9
2026-10-09 13:42:47,732 INFO o.a.j.t.JMeterThread: Thread finished: Agent search 2-9
2026-10-09 13:42:49,349 INFO o.a.j.t.JMeterThread: Thread started: Ticket intake 1-2
2026-10-09 13:42:54,493 INFO o.a.j.t.JMeterThread: Thread started: Agent search 2-10
2026-10-09 13:42:54,528 INFO o.a.j.t.JMeterThread: Thread is done: Agent search 2-10
2026-10-09 13:42:54,528 INFO o.a.j.t.JMeterThread: Thread finished: Agent search 2-10
2026-10-09 13:42:57,530 INFO o.a.j.t.JMeterThread: Thread started: Agent search 2-11
2026-10-09 13:42:57,578 INFO o.a.j.t.JMeterThread: Thread is done: Agent search 2-11
2026-10-09 13:42:57,578 INFO o.a.j.t.JMeterThread: Thread finished: Agent search 2-11
2026-10-09 13:43:03,358 INFO o.a.j.t.JMeterThread: Thread started: Agent search 2-12
2026-10-09 13:43:03,388 INFO o.a.j.r.Summariser: summary +     12 in 00:00:54 =    0.2/s Avg:    32 Min:    21 Max:    46 Err:     0 (0.00%) Active: 3 Started: 14 Finished: 11
2026-10-09 13:43:03,388 INFO o.a.j.t.JMeterThread: Thread is done: Agent search 2-12
2026-10-09 13:43:03,389 INFO o.a.j.t.JMeterThread: Thread finished: Agent search 2-12
2026-10-09 13:43:05,019 INFO o.a.j.t.JMeterThread: Thread started: Agent search 2-13
2026-10-09 13:43:05,051 INFO o.a.j.t.JMeterThread: Thread is done: Agent search 2-13
2026-10-09 13:43:05,051 INFO o.a.j.t.JMeterThread: Thread finished: Agent search 2-13
2026-10-09 13:43:11,886 INFO o.a.j.t.JMeterThread: Thread is done: Ticket intake 1-1
2026-10-09 13:43:11,886 INFO o.a.j.t.JMeterThread: Thread finished: Ticket intake 1-1
2026-10-09 13:43:19,331 INFO o.a.j.t.JMeterThread: Thread started: Agent search 2-14
2026-10-09 13:43:19,387 INFO o.a.j.t.JMeterThread: Thread is done: Agent search 2-14
2026-10-09 13:43:19,387 INFO o.a.j.t.JMeterThread: Thread finished: Agent search 2-14
2026-10-09 13:43:34,511 INFO o.a.j.t.JMeterThread: Thread started: Agent search 2-15
2026-10-09 13:43:34,550 INFO o.a.j.r.Summariser: summary +      4 in 00:00:31 =    0.1/s Avg: 13265 Min:    30 Max: 52939 Err:     0 (0.00%) Active: 2 Started: 17 Finished: 15
2026-10-09 13:43:34,550 INFO o.a.j.r.Summariser: summary =     16 in 00:01:26 =    0.2/s Avg:  3340 Min:    21 Max: 52939 Err:     0 (0.00%)
2026-10-09 13:43:34,551 INFO o.a.j.t.JMeterThread: Thread is done: Agent search 2-15
2026-10-09 13:43:34,551 INFO o.a.j.t.JMeterThread: Thread finished: Agent search 2-15
2026-10-09 13:43:37,167 INFO o.a.j.t.JMeterThread: Thread started: Agent search 2-16
2026-10-09 13:43:37,197 INFO o.a.j.t.JMeterThread: Thread is done: Agent search 2-16
2026-10-09 13:43:37,197 INFO o.a.j.t.JMeterThread: Thread finished: Agent search 2-16
2026-10-09 13:43:39,879 INFO o.a.j.t.JMeterThread: Thread started: Agent search 2-17
2026-10-09 13:43:39,914 INFO o.a.j.t.JMeterThread: Thread is done: Agent search 2-17
2026-10-09 13:43:39,915 INFO o.a.j.t.JMeterThread: Thread finished: Agent search 2-17
2026-10-09 13:43:42,571 INFO o.a.j.t.JMeterThread: Thread started: Agent search 2-18
2026-10-09 13:43:42,827 INFO o.a.j.t.JMeterThread: Thread is done: Agent search 2-18
2026-10-09 13:43:42,827 INFO o.a.j.t.JMeterThread: Thread finished: Agent search 2-18
2026-10-09 13:43:46,476 INFO o.a.j.t.JMeterThread: Thread started: Agent search 2-19
2026-10-09 13:43:46,517 INFO o.a.j.t.JMeterThread: Thread is done: Agent search 2-19
2026-10-09 13:43:46,517 INFO o.a.j.t.JMeterThread: Thread finished: Agent search 2-19
2026-10-09 13:43:52,592 INFO o.a.j.t.JMeterThread: Thread started: Agent search 2-20
2026-10-09 13:43:52,620 INFO o.a.j.t.JMeterThread: Thread is done: Agent search 2-20
2026-10-09 13:43:52,620 INFO o.a.j.t.JMeterThread: Thread finished: Agent search 2-20
2026-10-09 13:43:54,266 INFO o.a.j.t.JMeterThread: Thread started: Agent search 2-21
2026-10-09 13:43:54,296 INFO o.a.j.t.JMeterThread: Thread is done: Agent search 2-21
2026-10-09 13:43:54,296 INFO o.a.j.t.JMeterThread: Thread finished: Agent search 2-21
2026-10-09 13:43:57,308 INFO o.a.j.t.JMeterThread: Thread started: Agent search 2-22
2026-10-09 13:43:57,337 INFO o.a.j.t.JMeterThread: Thread is done: Agent search 2-22
2026-10-09 13:43:57,337 INFO o.a.j.t.JMeterThread: Thread finished: Agent search 2-22
2026-10-09 13:43:57,415 INFO o.a.j.t.JMeterThread: Thread started: Ticket intake 1-3
2026-10-09 13:44:07,126 INFO o.a.j.t.JMeterThread: Thread started: Ticket intake 1-4
2026-10-09 13:44:14,444 INFO o.a.j.t.JMeterThread: Thread started: Agent search 2-23
2026-10-09 13:44:14,476 INFO o.a.j.t.JMeterThread: Thread is done: Agent search 2-23
2026-10-09 13:44:14,476 INFO o.a.j.t.JMeterThread: Thread finished: Agent search 2-23
2026-10-09 13:44:18,344 INFO o.a.j.t.JMeterThread: Thread started: Ticket intake 1-5
2026-10-09 13:44:19,043 INFO o.a.j.t.JMeterThread: Thread started: Agent search 2-24
2026-10-09 13:44:19,076 INFO o.a.j.t.JMeterThread: Thread is done: Agent search 2-24
2026-10-09 13:44:19,076 INFO o.a.j.t.JMeterThread: Thread finished: Agent search 2-24
2026-10-09 13:44:20,633 INFO o.a.j.t.JMeterThread: Thread started: Agent search 2-25
2026-10-09 13:44:20,666 INFO o.a.j.t.JMeterThread: Thread is done: Agent search 2-25
2026-10-09 13:44:20,666 INFO o.a.j.t.JMeterThread: Thread finished: Agent search 2-25
2026-10-09 13:44:21,344 INFO o.a.j.t.JMeterThread: Thread started: Agent search 2-26
2026-10-09 13:44:21,382 INFO o.a.j.t.JMeterThread: Thread is done: Agent search 2-26
2026-10-09 13:44:21,382 INFO o.a.j.t.JMeterThread: Thread finished: Agent search 2-26
2026-10-09 13:44:23,191 INFO o.a.j.t.JMeterThread: Thread started: Agent search 2-27
2026-10-09 13:44:23,224 INFO o.a.j.t.JMeterThread: Thread is done: Agent search 2-27
2026-10-09 13:44:23,224 INFO o.a.j.t.JMeterThread: Thread finished: Agent search 2-27
2026-10-09 13:44:24,682 INFO o.a.j.t.JMeterThread: Thread started: Ticket intake 1-6
2026-10-09 13:44:26,331 INFO o.a.j.t.JMeterThread: Thread is done: Ticket intake 1-2
2026-10-09 13:44:26,331 INFO o.a.j.t.JMeterThread: Thread finished: Ticket intake 1-2
2026-10-09 13:44:26,851 INFO o.a.j.t.JMeterThread: Thread started: Ticket intake 1-7
2026-10-09 13:44:28,560 INFO o.a.j.t.JMeterThread: Thread started: Agent search 2-28
2026-10-09 13:44:28,686 INFO o.a.j.t.JMeterThread: Thread is done: Agent search 2-28
2026-10-09 13:44:28,686 INFO o.a.j.t.JMeterThread: Thread finished: Agent search 2-28
2026-10-09 13:44:32,164 INFO o.a.j.t.JMeterThread: Thread started: Agent search 2-29
2026-10-09 13:44:32,201 INFO o.a.j.r.Summariser: summary +     15 in 00:00:58 =    0.3/s Avg:  6516 Min:    26 Max: 96982 Err:     0 (0.00%) Active: 6 Started: 36 Finished: 30
2026-10-09 13:44:32,201 INFO o.a.j.r.Summariser: summary =     31 in 00:02:23 =    0.2/s Avg:  4877 Min:    21 Max: 96982 Err:     0 (0.00%)
2026-10-09 13:44:32,201 INFO o.a.j.t.JMeterThread: Thread is done: Agent search 2-29
2026-10-09 13:44:32,201 INFO o.a.j.t.JMeterThread: Thread finished: Agent search 2-29
2026-10-09 13:44:33,048 INFO o.a.j.t.JMeterThread: Thread started: Agent search 2-30
2026-10-09 13:44:33,083 INFO o.a.j.t.JMeterThread: Thread is done: Agent search 2-30
2026-10-09 13:44:33,083 INFO o.a.j.t.JMeterThread: Thread finished: Agent search 2-30
2026-10-09 13:44:36,139 INFO o.a.j.t.JMeterThread: Thread started: Agent search 2-31
2026-10-09 13:44:36,169 INFO o.a.j.t.JMeterThread: Thread is done: Agent search 2-31
2026-10-09 13:44:36,169 INFO o.a.j.t.JMeterThread: Thread finished: Agent search 2-31
2026-10-09 13:44:45,819 INFO o.a.j.t.JMeterThread: Thread started: Ticket intake 1-8
2026-10-09 13:44:47,755 INFO o.a.j.t.JMeterThread: Thread started: Agent search 2-32
2026-10-09 13:44:47,786 INFO o.a.j.t.JMeterThread: Thread is done: Agent search 2-32
2026-10-09 13:44:47,786 INFO o.a.j.t.JMeterThread: Thread finished: Agent search 2-32
2026-10-09 13:45:02,013 INFO o.a.j.t.JMeterThread: Thread started: Agent search 2-33
2026-10-09 13:45:02,043 INFO o.a.j.r.Summariser: summary +      4 in 00:00:30 =    0.1/s Avg:    29 Min:    27 Max:    33 Err:     0 (0.00%) Active: 7 Started: 41 Finished: 34
2026-10-09 13:45:02,043 INFO o.a.j.r.Summariser: summary =     35 in 00:02:53 =    0.2/s Avg:  4323 Min:    21 Max: 96982 Err:     0 (0.00%)
2026-10-09 13:45:02,044 INFO o.a.j.t.JMeterThread: Thread is done: Agent search 2-33
2026-10-09 13:45:02,044 INFO o.a.j.t.JMeterThread: Thread finished: Agent search 2-33
2026-10-09 13:45:02,375 INFO o.a.j.t.JMeterThread: Thread is done: Ticket intake 1-3
2026-10-09 13:45:02,376 INFO o.a.j.t.JMeterThread: Thread finished: Ticket intake 1-3
2026-10-09 13:45:04,543 INFO o.a.j.t.JMeterThread: Thread started: Agent search 2-34
2026-10-09 13:45:04,586 INFO o.a.j.t.JMeterThread: Thread is done: Agent search 2-34
2026-10-09 13:45:04,586 INFO o.a.j.t.JMeterThread: Thread finished: Agent search 2-34
2026-10-09 13:45:06,804 INFO o.a.j.t.JMeterThread: Thread started: Agent search 2-35
2026-10-09 13:45:06,851 INFO o.a.j.t.JMeterThread: Thread is done: Agent search 2-35
2026-10-09 13:45:06,851 INFO o.a.j.t.JMeterThread: Thread finished: Agent search 2-35
2026-10-09 13:45:14,212 INFO o.a.j.t.JMeterThread: Thread started: Agent search 2-36
2026-10-09 13:45:14,277 INFO o.a.j.t.JMeterThread: Thread is done: Agent search 2-36
2026-10-09 13:45:14,277 INFO o.a.j.t.JMeterThread: Thread finished: Agent search 2-36
2026-10-09 13:45:16,720 INFO o.a.j.t.JMeterThread: Thread started: Agent search 2-37
2026-10-09 13:45:16,857 INFO o.a.j.t.JMeterThread: Thread is done: Agent search 2-37
2026-10-09 13:45:16,858 INFO o.a.j.t.JMeterThread: Thread finished: Agent search 2-37
2026-10-09 13:45:22,532 INFO o.a.j.t.JMeterThread: Thread started: Agent search 2-38
2026-10-09 13:45:22,564 INFO o.a.j.t.JMeterThread: Thread is done: Agent search 2-38
2026-10-09 13:45:22,564 INFO o.a.j.t.JMeterThread: Thread finished: Agent search 2-38
2026-10-09 13:45:23,594 INFO o.a.j.t.JMeterThread: Thread started: Agent search 2-39
2026-10-09 13:45:23,633 INFO o.a.j.t.JMeterThread: Thread is done: Agent search 2-39
2026-10-09 13:45:23,634 INFO o.a.j.t.JMeterThread: Thread finished: Agent search 2-39
2026-10-09 13:45:26,962 INFO o.a.j.t.JMeterThread: Thread started: Agent search 2-40
2026-10-09 13:45:26,992 INFO o.a.j.t.JMeterThread: Thread is done: Agent search 2-40
2026-10-09 13:45:26,992 INFO o.a.j.t.JMeterThread: Thread finished: Agent search 2-40
2026-10-09 13:45:28,861 INFO o.a.j.t.JMeterThread: Thread started: Agent search 2-41
2026-10-09 13:45:28,892 INFO o.a.j.t.JMeterThread: Thread is done: Agent search 2-41
2026-10-09 13:45:28,892 INFO o.a.j.t.JMeterThread: Thread finished: Agent search 2-41
2026-10-09 13:45:43,831 INFO o.a.j.t.JMeterThread: Thread started: Agent search 2-42
2026-10-09 13:45:43,877 INFO o.a.j.t.JMeterThread: Thread is done: Agent search 2-42
2026-10-09 13:45:43,877 INFO o.a.j.t.JMeterThread: Thread finished: Agent search 2-42
2026-10-09 13:45:44,519 INFO o.a.j.t.JMeterThread: Thread started: Agent search 2-43
2026-10-09 13:45:44,543 INFO o.a.j.t.JMeterThread: Thread is done: Agent search 2-43
2026-10-09 13:45:44,543 INFO o.a.j.t.JMeterThread: Thread finished: Agent search 2-43
2026-10-09 13:45:50,100 INFO o.a.j.t.JMeterThread: Thread started: Agent search 2-44
2026-10-09 13:45:50,129 INFO o.a.j.t.JMeterThread: Thread is done: Agent search 2-44
2026-10-09 13:45:50,130 INFO o.a.j.t.JMeterThread: Thread finished: Agent search 2-44
2026-10-09 13:45:53,889 INFO o.a.j.t.JMeterThread: Thread is done: Ticket intake 1-4
2026-10-09 13:45:53,889 INFO o.a.j.t.JMeterThread: Thread finished: Ticket intake 1-4
2026-10-09 13:46:03,511 INFO o.a.j.t.JMeterThread: Thread started: Agent search 2-45
2026-10-09 13:46:03,568 INFO o.a.j.r.Summariser: summary +     14 in 00:01:02 =    0.2/s Avg: 12306 Min:    22 Max: 106763 Err:     0 (0.00%) Active: 5 Started: 53 Finished: 48
2026-10-09 13:46:03,568 INFO o.a.j.r.Summariser: summary =     49 in 00:03:55 =    0.2/s Avg:  6604 Min:    21 Max: 106763 Err:     0 (0.00%)
2026-10-09 13:46:03,569 INFO o.a.j.t.JMeterThread: Thread is done: Agent search 2-45
2026-10-09 13:46:03,569 INFO o.a.j.t.JMeterThread: Thread finished: Agent search 2-45
2026-10-09 13:46:04,406 INFO o.a.j.t.JMeterThread: Thread started: Ticket intake 1-9
2026-10-09 13:46:05,707 INFO o.a.j.t.JMeterThread: Thread started: Ticket intake 1-10
2026-10-09 13:46:08,966 INFO o.a.j.t.JMeterThread: Thread started: Agent search 2-46
2026-10-09 13:46:09,027 INFO o.a.j.t.JMeterThread: Thread is done: Agent search 2-46
2026-10-09 13:46:09,028 INFO o.a.j.t.JMeterThread: Thread finished: Agent search 2-46
2026-10-09 13:46:10,470 INFO o.a.j.t.JMeterThread: Thread started: Ticket intake 1-11
2026-10-09 13:46:20,563 INFO o.a.j.t.JMeterThread: Thread started: Agent search 2-47
2026-10-09 13:46:20,599 INFO o.a.j.t.JMeterThread: Thread is done: Agent search 2-47
2026-10-09 13:46:20,599 INFO o.a.j.t.JMeterThread: Thread finished: Agent search 2-47
2026-10-09 13:46:23,342 INFO o.a.j.t.JMeterThread: Thread started: Agent search 2-48
2026-10-09 13:46:23,374 INFO o.a.j.t.JMeterThread: Thread is done: Agent search 2-48
2026-10-09 13:46:23,374 INFO o.a.j.t.JMeterThread: Thread finished: Agent search 2-48
2026-10-09 13:46:33,227 INFO o.a.j.t.JMeterThread: Thread started: Agent search 2-49
2026-10-09 13:46:33,264 INFO o.a.j.r.Summariser: summary +      4 in 00:00:30 =    0.1/s Avg:    39 Min:    30 Max:    59 Err:     0 (0.00%) Active: 8 Started: 60 Finished: 52
2026-10-09 13:46:33,264 INFO o.a.j.r.Summariser: summary =     53 in 00:04:24 =    0.2/s Avg:  6108 Min:    21 Max: 106763 Err:     0 (0.00%)
2026-10-09 13:46:33,264 INFO o.a.j.t.JMeterThread: Thread is done: Agent search 2-49
2026-10-09 13:46:33,264 INFO o.a.j.t.JMeterThread: Thread finished: Agent search 2-49
2026-10-09 13:46:36,412 INFO o.a.j.t.JMeterThread: Thread started: Agent search 2-50
2026-10-09 13:46:36,446 INFO o.a.j.t.JMeterThread: Thread is done: Agent search 2-50
2026-10-09 13:46:36,447 INFO o.a.j.t.JMeterThread: Thread finished: Agent search 2-50
2026-10-09 13:46:36,805 INFO o.a.j.t.JMeterThread: Thread started: Ticket intake 1-12
2026-10-09 13:46:40,540 INFO o.a.j.t.JMeterThread: Thread started: Ticket intake 1-13
2026-10-09 13:46:48,513 INFO o.a.j.t.JMeterThread: Thread started: Ticket intake 1-14
2026-10-09 13:46:48,574 INFO o.a.j.t.JMeterThread: Thread started: Agent search 2-51
2026-10-09 13:46:48,614 INFO o.a.j.t.JMeterThread: Thread is done: Agent search 2-51
2026-10-09 13:46:48,614 INFO o.a.j.t.JMeterThread: Thread finished: Agent search 2-51
2026-10-09 13:46:58,166 INFO o.a.j.t.JMeterThread: Thread started: Agent search 2-52
2026-10-09 13:46:58,204 INFO o.a.j.t.JMeterThread: Thread is done: Agent search 2-52
2026-10-09 13:46:58,205 INFO o.a.j.t.JMeterThread: Thread finished: Agent search 2-52
2026-10-09 13:46:59,527 INFO o.a.j.t.JMeterThread: Thread started: Agent search 2-53
2026-10-09 13:46:59,565 INFO o.a.j.t.JMeterThread: Thread is done: Agent search 2-53
2026-10-09 13:46:59,565 INFO o.a.j.t.JMeterThread: Thread finished: Agent search 2-53
2026-10-09 13:47:00,338 INFO o.a.j.t.JMeterThread: Thread started: Ticket intake 1-15
2026-10-09 13:47:11,963 INFO o.a.j.t.JMeterThread: Thread started: Agent search 2-54
2026-10-09 13:47:12,002 INFO o.a.j.t.JMeterThread: Thread is done: Agent search 2-54
2026-10-09 13:47:12,003 INFO o.a.j.t.JMeterThread: Thread finished: Agent search 2-54
2026-10-09 13:47:16,548 INFO o.a.j.t.JMeterThread: Thread started: Ticket intake 1-16
2026-10-09 13:47:21,032 INFO o.a.j.t.JMeterThread: Thread started: Agent search 2-55
2026-10-09 13:47:21,072 INFO o.a.j.t.JMeterThread: Thread is done: Agent search 2-55
2026-10-09 13:47:21,072 INFO o.a.j.t.JMeterThread: Thread finished: Agent search 2-55
2026-10-09 13:47:21,233 INFO o.a.j.t.JMeterThread: Thread started: Agent search 2-56
2026-10-09 13:47:21,267 INFO o.a.j.t.JMeterThread: Thread is done: Agent search 2-56
2026-10-09 13:47:21,267 INFO o.a.j.t.JMeterThread: Thread finished: Agent search 2-56
2026-10-09 13:47:27,618 INFO o.a.j.t.JMeterThread: Thread started: Agent search 2-57
2026-10-09 13:47:27,654 INFO o.a.j.t.JMeterThread: Thread is done: Agent search 2-57
2026-10-09 13:47:27,674 INFO o.a.j.t.JMeterThread: Thread finished: Agent search 2-57
2026-10-09 13:47:33,190 INFO o.a.j.t.JMeterThread: Thread started: Ticket intake 1-17
2026-10-09 13:47:33,417 INFO o.a.j.r.Summariser: summary +      9 in 00:01:00 =    0.1/s Avg: 21706 Min:    32 Max: 195073 Err:     0 (0.00%) Active: 13 Started: 74 Finished: 61
2026-10-09 13:47:33,417 INFO o.a.j.r.Summariser: summary =     62 in 00:05:24 =    0.2/s Avg:  8372 Min:    21 Max: 195073 Err:     0 (0.00%)
2026-10-09 13:47:33,418 INFO o.a.j.t.JMeterThread: Thread is done: Ticket intake 1-5
2026-10-09 13:47:33,418 INFO o.a.j.t.JMeterThread: Thread finished: Ticket intake 1-5
2026-10-09 13:47:40,815 INFO o.a.j.t.JMeterThread: Thread started: Agent search 2-58
2026-10-09 13:47:40,868 INFO o.a.j.t.JMeterThread: Thread is done: Agent search 2-58
2026-10-09 13:47:40,868 INFO o.a.j.t.JMeterThread: Thread finished: Agent search 2-58
2026-10-09 13:47:49,623 INFO o.a.j.t.JMeterThread: Thread started: Agent search 2-59
2026-10-09 13:47:49,656 INFO o.a.j.t.JMeterThread: Thread is done: Agent search 2-59
2026-10-09 13:47:49,656 INFO o.a.j.t.JMeterThread: Thread finished: Agent search 2-59
2026-10-09 13:47:51,261 INFO o.a.j.t.JMeterThread: Thread started: Agent search 2-60
2026-10-09 13:47:51,294 INFO o.a.j.t.JMeterThread: Thread is done: Agent search 2-60
2026-10-09 13:47:51,295 INFO o.a.j.t.JMeterThread: Thread finished: Agent search 2-60
2026-10-09 13:47:54,171 INFO o.a.j.t.JMeterThread: Thread started: Agent search 2-61
2026-10-09 13:47:54,205 INFO o.a.j.t.JMeterThread: Thread is done: Agent search 2-61
2026-10-09 13:47:54,206 INFO o.a.j.t.JMeterThread: Thread finished: Agent search 2-61
2026-10-09 13:47:54,536 INFO o.a.j.t.JMeterThread: Thread started: Agent search 2-62
2026-10-09 13:47:54,578 INFO o.a.j.t.JMeterThread: Thread is done: Agent search 2-62
2026-10-09 13:47:54,578 INFO o.a.j.t.JMeterThread: Thread finished: Agent search 2-62
2026-10-09 13:48:02,603 INFO o.a.j.t.JMeterThread: Thread started: Agent search 2-63
2026-10-09 13:48:02,633 INFO o.a.j.r.Summariser: summary +      6 in 00:00:29 =    0.2/s Avg:    35 Min:    29 Max:    50 Err:     0 (0.00%) Active: 13 Started: 80 Finished: 67
2026-10-09 13:48:02,633 INFO o.a.j.r.Summariser: summary =     68 in 00:05:54 =    0.2/s Avg:  7637 Min:    21 Max: 195073 Err:     0 (0.00%)
2026-10-09 13:48:02,633 INFO o.a.j.t.JMeterThread: Thread is done: Agent search 2-63
2026-10-09 13:48:02,633 INFO o.a.j.t.JMeterThread: Thread finished: Agent search 2-63
2026-10-09 13:48:03,894 INFO o.a.j.t.JMeterThread: Thread started: Agent search 2-64
2026-10-09 13:48:03,937 INFO o.a.j.t.JMeterThread: Thread is done: Agent search 2-64
2026-10-09 13:48:03,937 INFO o.a.j.t.JMeterThread: Thread finished: Agent search 2-64
2026-10-09 13:48:06,821 INFO o.a.j.t.JMeterThread: Thread started: Agent search 2-65
2026-10-09 13:48:06,854 INFO o.a.j.t.JMeterThread: Thread is done: Agent search 2-65
2026-10-09 13:48:06,854 INFO o.a.j.t.JMeterThread: Thread finished: Agent search 2-65
2026-10-09 13:48:09,373 INFO o.a.j.t.JMeterThread: Thread started: Agent search 2-66
2026-10-09 13:48:09,404 INFO o.a.j.t.JMeterThread: Thread is done: Agent search 2-66
2026-10-09 13:48:09,404 INFO o.a.j.t.JMeterThread: Thread finished: Agent search 2-66
2026-10-09 13:48:10,860 INFO o.a.j.t.JMeterThread: Thread started: Agent search 2-67
2026-10-09 13:48:10,902 INFO o.a.j.t.JMeterThread: Thread is done: Agent search 2-67
2026-10-09 13:48:10,903 INFO o.a.j.t.JMeterThread: Thread finished: Agent search 2-67
2026-10-09 13:48:23,064 INFO o.a.j.t.JMeterThread: Thread started: Agent search 2-68
2026-10-09 13:48:23,101 INFO o.a.j.t.JMeterThread: Thread is done: Agent search 2-68
2026-10-09 13:48:23,101 INFO o.a.j.t.JMeterThread: Thread finished: Agent search 2-68
2026-10-09 13:48:27,782 INFO o.a.j.t.JMeterThread: Thread started: Agent search 2-69
2026-10-09 13:48:27,841 INFO o.a.j.t.JMeterThread: Thread is done: Agent search 2-69
2026-10-09 13:48:27,841 INFO o.a.j.t.JMeterThread: Thread finished: Agent search 2-69
2026-10-09 13:48:30,760 INFO o.a.j.t.JMeterThread: Thread started: Agent search 2-70
2026-10-09 13:48:30,792 INFO o.a.j.r.Summariser: summary +      7 in 00:00:28 =    0.2/s Avg:    37 Min:    29 Max:    57 Err:     0 (0.00%) Active: 13 Started: 87 Finished: 74
2026-10-09 13:48:30,793 INFO o.a.j.r.Summariser: summary =     75 in 00:06:22 =    0.2/s Avg:  6927 Min:    21 Max: 195073 Err:     0 (0.00%)
2026-10-09 13:48:30,794 INFO o.a.j.t.JMeterThread: Thread is done: Agent search 2-70
2026-10-09 13:48:30,794 INFO o.a.j.t.JMeterThread: Thread finished: Agent search 2-70
2026-10-09 13:48:31,292 INFO o.a.j.t.JMeterThread: Thread started: Agent search 2-71
2026-10-09 13:48:31,331 INFO o.a.j.t.JMeterThread: Thread is done: Agent search 2-71
2026-10-09 13:48:31,332 INFO o.a.j.t.JMeterThread: Thread finished: Agent search 2-71
2026-10-09 13:48:31,877 INFO o.a.j.t.JMeterThread: Thread started: Ticket intake 1-18
2026-10-09 13:48:32,293 INFO o.a.j.t.JMeterThread: Thread started: Agent search 2-72
2026-10-09 13:48:32,331 INFO o.a.j.t.JMeterThread: Thread is done: Agent search 2-72
2026-10-09 13:48:32,331 INFO o.a.j.t.JMeterThread: Thread finished: Agent search 2-72
2026-10-09 13:48:35,150 INFO o.a.j.t.JMeterThread: Thread started: Agent search 2-73
2026-10-09 13:48:35,192 INFO o.a.j.t.JMeterThread: Thread is done: Agent search 2-73
2026-10-09 13:48:35,192 INFO o.a.j.t.JMeterThread: Thread finished: Agent search 2-73
2026-10-09 13:48:39,997 INFO o.a.j.t.JMeterThread: Thread started: Ticket intake 1-19
2026-10-09 13:48:46,397 INFO o.a.j.t.JMeterThread: Thread started: Agent search 2-74
2026-10-09 13:48:46,433 INFO o.a.j.t.JMeterThread: Thread is done: Agent search 2-74
2026-10-09 13:48:46,433 INFO o.a.j.t.JMeterThread: Thread finished: Agent search 2-74
2026-10-09 13:48:46,556 INFO o.a.j.t.JMeterThread: Thread started: Agent search 2-75
2026-10-09 13:48:46,587 INFO o.a.j.t.JMeterThread: Thread is done: Agent search 2-75
2026-10-09 13:48:46,587 INFO o.a.j.t.JMeterThread: Thread finished: Agent search 2-75
2026-10-09 13:48:47,180 INFO o.a.j.t.JMeterThread: Thread started: Agent search 2-76
2026-10-09 13:48:47,225 INFO o.a.j.t.JMeterThread: Thread is done: Agent search 2-76
2026-10-09 13:48:47,226 INFO o.a.j.t.JMeterThread: Thread finished: Agent search 2-76
2026-10-09 13:48:52,293 INFO o.a.j.t.JMeterThread: Thread started: Agent search 2-77
2026-10-09 13:48:52,325 INFO o.a.j.t.JMeterThread: Thread is done: Agent search 2-77
2026-10-09 13:48:52,325 INFO o.a.j.t.JMeterThread: Thread finished: Agent search 2-77
2026-10-09 13:48:58,180 INFO o.a.j.t.JMeterThread: Thread started: Agent search 2-78
2026-10-09 13:48:58,226 INFO o.a.j.t.JMeterThread: Thread is done: Agent search 2-78
2026-10-09 13:48:58,226 INFO o.a.j.t.JMeterThread: Thread finished: Agent search 2-78
2026-10-09 13:48:59,293 INFO o.a.j.t.JMeterThread: Thread started: Agent search 2-79
2026-10-09 13:48:59,343 INFO o.a.j.t.JMeterThread: Thread is done: Agent search 2-79
2026-10-09 13:48:59,343 INFO o.a.j.t.JMeterThread: Thread finished: Agent search 2-79
2026-10-09 13:49:01,482 INFO o.a.j.r.Summariser: summary +     10 in 00:00:31 =    0.3/s Avg: 27714 Min:    29 Max: 276802 Err:     0 (0.00%) Active: 14 Started: 98 Finished: 84
2026-10-09 13:49:01,482 INFO o.a.j.r.Summariser: summary =     85 in 00:06:52 =    0.2/s Avg:  9373 Min:    21 Max: 276802 Err:     0 (0.00%)
2026-10-09 13:49:01,482 INFO o.a.j.t.JMeterThread: Thread is done: Ticket intake 1-6
2026-10-09 13:49:01,482 INFO o.a.j.t.JMeterThread: Thread finished: Ticket intake 1-6
2026-10-09 13:49:10,540 INFO o.a.j.t.JMeterThread: Thread started: Agent search 2-80
2026-10-09 13:49:10,583 INFO o.a.j.t.JMeterThread: Thread is done: Agent search 2-80
2026-10-09 13:49:10,583 INFO o.a.j.t.JMeterThread: Thread finished: Agent search 2-80
2026-10-09 13:49:21,696 INFO o.a.j.t.JMeterThread: Thread started: Ticket intake 1-20
2026-10-09 13:49:25,932 INFO o.a.j.t.JMeterThread: Thread started: Agent search 2-81
2026-10-09 13:49:25,970 INFO o.a.j.t.JMeterThread: Thread is done: Agent search 2-81
2026-10-09 13:49:25,970 INFO o.a.j.t.JMeterThread: Thread finished: Agent search 2-81
2026-10-09 13:49:26,685 INFO o.a.j.t.JMeterThread: Thread is done: Ticket intake 1-7
2026-10-09 13:49:26,686 INFO o.a.j.t.JMeterThread: Thread finished: Ticket intake 1-7
2026-10-09 13:49:26,759 INFO o.a.j.t.JMeterThread: Thread started: Agent search 2-82
2026-10-09 13:49:26,798 INFO o.a.j.t.JMeterThread: Thread is done: Agent search 2-82
2026-10-09 13:49:26,799 INFO o.a.j.t.JMeterThread: Thread finished: Agent search 2-82
2026-10-09 13:49:32,293 INFO o.a.j.t.JMeterThread: Thread started: Ticket intake 1-21
2026-10-09 13:49:35,319 INFO o.a.j.t.JMeterThread: Thread started: Agent search 2-83
2026-10-09 13:49:35,480 INFO o.a.j.r.Summariser: summary +      5 in 00:00:34 =    0.1/s Avg: 60022 Min:    36 Max: 299836 Err:     0 (0.00%) Active: 15 Started: 104 Finished: 89
2026-10-09 13:49:35,481 INFO o.a.j.r.Summariser: summary =     90 in 00:07:26 =    0.2/s Avg: 12187 Min:    21 Max: 299836 Err:     0 (0.00%)
2026-10-09 13:49:35,481 INFO o.a.j.t.JMeterThread: Thread is done: Agent search 2-83
2026-10-09 13:49:35,481 INFO o.a.j.t.JMeterThread: Thread finished: Agent search 2-83
2026-10-09 13:49:37,380 INFO o.a.j.t.JMeterThread: Thread started: Agent search 2-84
2026-10-09 13:49:37,424 INFO o.a.j.t.JMeterThread: Thread is done: Agent search 2-84
2026-10-09 13:49:37,424 INFO o.a.j.t.JMeterThread: Thread finished: Agent search 2-84
2026-10-09 13:49:44,533 INFO o.a.j.t.JMeterThread: Thread started: Agent search 2-85
2026-10-09 13:49:44,578 INFO o.a.j.t.JMeterThread: Thread is done: Agent search 2-85
2026-10-09 13:49:44,578 INFO o.a.j.t.JMeterThread: Thread finished: Agent search 2-85
2026-10-09 13:49:48,278 INFO o.a.j.t.JMeterThread: Thread started: Agent search 2-86
2026-10-09 13:49:48,323 INFO o.a.j.t.JMeterThread: Thread is done: Agent search 2-86
2026-10-09 13:49:48,323 INFO o.a.j.t.JMeterThread: Thread finished: Agent search 2-86
2026-10-09 13:49:50,072 INFO o.a.j.t.JMeterThread: Thread started: Agent search 2-87
2026-10-09 13:49:50,104 INFO o.a.j.t.JMeterThread: Thread is done: Agent search 2-87
2026-10-09 13:49:50,104 INFO o.a.j.t.JMeterThread: Thread finished: Agent search 2-87
2026-10-09 13:49:52,247 INFO o.a.j.t.JMeterThread: Thread started: Agent search 2-88
2026-10-09 13:49:52,284 INFO o.a.j.t.JMeterThread: Thread is done: Agent search 2-88
2026-10-09 13:49:52,284 INFO o.a.j.t.JMeterThread: Thread finished: Agent search 2-88
2026-10-09 13:49:54,168 INFO o.a.j.t.JMeterThread: Thread started: Agent search 2-89
2026-10-09 13:49:54,203 INFO o.a.j.t.JMeterThread: Thread is done: Agent search 2-89
2026-10-09 13:49:54,204 INFO o.a.j.t.JMeterThread: Thread finished: Agent search 2-89
2026-10-09 13:49:56,293 INFO o.a.j.t.JMeterThread: Thread started: Agent search 2-90
2026-10-09 13:49:56,333 INFO o.a.j.t.JMeterThread: Thread is done: Agent search 2-90
2026-10-09 13:49:56,333 INFO o.a.j.t.JMeterThread: Thread finished: Agent search 2-90
2026-10-09 13:49:58,117 INFO o.a.j.t.JMeterThread: Thread started: Agent search 2-91
2026-10-09 13:49:58,153 INFO o.a.j.t.JMeterThread: Thread is done: Agent search 2-91
2026-10-09 13:49:58,154 INFO o.a.j.t.JMeterThread: Thread finished: Agent search 2-91
2026-10-09 13:50:05,139 INFO o.a.j.t.JMeterThread: Thread started: Agent search 2-92
2026-10-09 13:50:05,175 INFO o.a.j.r.Summariser: summary +      9 in 00:00:30 =    0.3/s Avg:    36 Min:    29 Max:    44 Err:     0 (0.00%) Active: 15 Started: 113 Finished: 98
2026-10-09 13:50:05,175 INFO o.a.j.r.Summariser: summary =     99 in 00:07:56 =    0.2/s Avg: 11082 Min:    21 Max: 299836 Err:     0 (0.00%)
2026-10-09 13:50:05,175 INFO o.a.j.t.JMeterThread: Thread is done: Agent search 2-92
2026-10-09 13:50:05,175 INFO o.a.j.t.JMeterThread: Thread finished: Agent search 2-92
2026-10-09 13:50:05,182 INFO o.a.j.t.JMeterThread: Thread started: Agent search 2-93
2026-10-09 13:50:05,220 INFO o.a.j.t.JMeterThread: Thread is done: Agent search 2-93
2026-10-09 13:50:05,220 INFO o.a.j.t.JMeterThread: Thread finished: Agent search 2-93
2026-10-09 13:50:06,128 INFO o.a.j.t.JMeterThread: Thread started: Agent search 2-94
2026-10-09 13:50:06,166 INFO o.a.j.t.JMeterThread: Thread is done: Agent search 2-94
2026-10-09 13:50:06,166 INFO o.a.j.t.JMeterThread: Thread finished: Agent search 2-94
2026-10-09 13:50:08,253 INFO o.a.j.t.JMeterThread: Thread started: Ticket intake 1-22
2026-10-09 13:50:11,553 INFO o.a.j.t.JMeterThread: Thread started: Agent search 2-95
2026-10-09 13:50:11,595 INFO o.a.j.t.JMeterThread: Thread is done: Agent search 2-95
2026-10-09 13:50:11,595 INFO o.a.j.t.JMeterThread: Thread finished: Agent search 2-95
2026-10-09 13:50:14,904 INFO o.a.j.t.JMeterThread: Thread is done: Ticket intake 1-8
2026-10-09 13:50:14,904 INFO o.a.j.t.JMeterThread: Thread finished: Ticket intake 1-8
2026-10-09 13:50:20,534 INFO o.a.j.t.JMeterThread: Thread started: Agent search 2-96
2026-10-09 13:50:20,567 INFO o.a.j.t.JMeterThread: Thread is done: Agent search 2-96
2026-10-09 13:50:20,568 INFO o.a.j.t.JMeterThread: Thread finished: Agent search 2-96
2026-10-09 13:50:25,877 INFO o.a.j.t.JMeterThread: Thread started: Agent search 2-97
2026-10-09 13:50:25,911 INFO o.a.j.t.JMeterThread: Thread is done: Agent search 2-97
2026-10-09 13:50:25,911 INFO o.a.j.t.JMeterThread: Thread finished: Agent search 2-97
2026-10-09 13:50:28,254 INFO o.a.j.t.JMeterThread: Thread started: Agent search 2-98
2026-10-09 13:50:28,313 INFO o.a.j.t.JMeterThread: Thread is done: Agent search 2-98
2026-10-09 13:50:28,313 INFO o.a.j.t.JMeterThread: Thread finished: Agent search 2-98
2026-10-09 13:50:33,656 INFO o.a.j.t.JMeterThread: Thread started: Ticket intake 1-23
2026-10-09 13:50:34,562 INFO o.a.j.t.JMeterThread: Thread started: Agent search 2-99
2026-10-09 13:50:34,597 INFO o.a.j.r.Summariser: summary +      8 in 00:00:29 =    0.3/s Avg: 41169 Min:    31 Max: 329087 Err:     0 (0.00%) Active: 16 Started: 122 Finished: 106
2026-10-09 13:50:34,597 INFO o.a.j.r.Summariser: summary =    107 in 00:08:26 =    0.2/s Avg: 13332 Min:    21 Max: 329087 Err:     0 (0.00%)
2026-10-09 13:50:34,598 INFO o.a.j.t.JMeterThread: Thread is done: Agent search 2-99
2026-10-09 13:50:34,598 INFO o.a.j.t.JMeterThread: Thread finished: Agent search 2-99
2026-10-09 13:50:36,497 INFO o.a.j.t.JMeterThread: Thread started: Ticket intake 1-24
2026-10-09 13:50:38,100 INFO o.a.j.t.JMeterThread: Thread started: Agent search 2-100
2026-10-09 13:50:38,135 INFO o.a.j.t.JMeterThread: Thread is done: Agent search 2-100
2026-10-09 13:50:38,135 INFO o.a.j.t.JMeterThread: Thread finished: Agent search 2-100
2026-10-09 13:50:38,674 INFO o.a.j.t.JMeterThread: Thread started: Agent search 2-101
2026-10-09 13:50:38,716 INFO o.a.j.t.JMeterThread: Thread is done: Agent search 2-101
2026-10-09 13:50:38,716 INFO o.a.j.t.JMeterThread: Thread finished: Agent search 2-101
2026-10-09 13:50:43,011 INFO o.a.j.t.JMeterThread: Thread started: Ticket intake 1-25
2026-10-09 13:50:45,385 INFO o.a.j.t.JMeterThread: Thread started: Agent search 2-102
2026-10-09 13:50:45,418 INFO o.a.j.t.JMeterThread: Thread is done: Agent search 2-102
2026-10-09 13:50:45,418 INFO o.a.j.t.JMeterThread: Thread finished: Agent search 2-102
2026-10-09 13:50:45,671 INFO o.a.j.t.JMeterThread: Thread started: Agent search 2-103
2026-10-09 13:50:45,707 INFO o.a.j.t.JMeterThread: Thread is done: Agent search 2-103
2026-10-09 13:50:45,707 INFO o.a.j.t.JMeterThread: Thread finished: Agent search 2-103
2026-10-09 13:50:49,619 INFO o.a.j.t.JMeterThread: Thread is done: Ticket intake 1-9
2026-10-09 13:50:49,619 INFO o.a.j.t.JMeterThread: Thread finished: Ticket intake 1-9
2026-10-09 13:50:57,067 INFO o.a.j.t.JMeterThread: Thread started: Agent search 2-104
2026-10-09 13:50:57,111 INFO o.a.j.t.JMeterThread: Thread is done: Agent search 2-104
2026-10-09 13:50:57,111 INFO o.a.j.t.JMeterThread: Thread finished: Agent search 2-104
2026-10-09 13:51:16,775 INFO o.a.j.t.JMeterThread: Thread started: Agent search 2-105
2026-10-09 13:51:16,814 INFO o.a.j.t.JMeterThread: Thread is done: Agent search 2-105
2026-10-09 13:51:16,815 INFO o.a.j.t.JMeterThread: Thread finished: Agent search 2-105
2026-10-09 13:51:23,169 INFO o.a.j.t.JMeterThread: Thread started: Agent search 2-106
2026-10-09 13:51:23,225 INFO o.a.j.t.JMeterThread: Thread is done: Agent search 2-106
2026-10-09 13:51:23,226 INFO o.a.j.t.JMeterThread: Thread finished: Agent search 2-106
2026-10-09 13:51:26,070 INFO o.a.j.t.JMeterThread: Thread started: Agent search 2-107
2026-10-09 13:51:26,108 INFO o.a.j.t.JMeterThread: Thread is done: Agent search 2-107
2026-10-09 13:51:26,108 INFO o.a.j.t.JMeterThread: Thread finished: Agent search 2-107
2026-10-09 13:51:29,329 INFO o.a.j.t.JMeterThread: Thread started: Agent search 2-108
2026-10-09 13:51:29,376 INFO o.a.j.t.JMeterThread: Thread is done: Agent search 2-108
2026-10-09 13:51:29,376 INFO o.a.j.t.JMeterThread: Thread finished: Agent search 2-108
2026-10-09 13:51:44,802 INFO o.a.j.t.JMeterThread: Thread started: Ticket intake 1-26
2026-10-09 13:51:45,105 INFO o.a.j.t.JMeterThread: Thread started: Agent search 2-109
2026-10-09 13:51:45,160 INFO o.a.j.t.JMeterThread: Thread is done: Agent search 2-109
2026-10-09 13:51:45,160 INFO o.a.j.t.JMeterThread: Thread finished: Agent search 2-109
2026-10-09 13:51:45,734 INFO o.a.j.t.JMeterThread: Thread is done: Ticket intake 1-10
2026-10-09 13:51:45,734 INFO o.a.j.t.JMeterThread: Thread finished: Ticket intake 1-10
2026-10-09 13:51:47,710 INFO o.a.j.t.JMeterThread: Thread started: Ticket intake 1-27
2026-10-09 13:51:49,882 INFO o.a.j.t.JMeterThread: Thread started: Ticket intake 1-28
2026-10-09 13:51:53,214 INFO o.a.j.t.JMeterThread: Thread started: Agent search 2-110
2026-10-09 13:51:53,256 INFO o.a.j.t.JMeterThread: Thread is done: Agent search 2-110
2026-10-09 13:51:53,256 INFO o.a.j.t.JMeterThread: Thread finished: Agent search 2-110
2026-10-09 13:51:57,423 INFO o.a.j.t.JMeterThread: Thread started: Agent search 2-111
2026-10-09 13:51:57,454 INFO o.a.j.t.JMeterThread: Thread is done: Agent search 2-111
2026-10-09 13:51:57,454 INFO o.a.j.t.JMeterThread: Thread finished: Agent search 2-111
2026-10-09 13:52:14,820 INFO o.a.j.t.JMeterThread: Thread started: Agent search 2-112
2026-10-09 13:52:14,867 INFO o.a.j.t.JMeterThread: Thread is done: Agent search 2-112
2026-10-09 13:52:14,867 INFO o.a.j.t.JMeterThread: Thread finished: Agent search 2-112
2026-10-09 13:52:17,160 INFO o.a.j.t.JMeterThread: Thread started: Agent search 2-113
2026-10-09 13:52:17,201 INFO o.a.j.t.JMeterThread: Thread is done: Agent search 2-113
2026-10-09 13:52:17,201 INFO o.a.j.t.JMeterThread: Thread finished: Agent search 2-113
2026-10-09 13:52:18,075 INFO o.a.j.t.JMeterThread: Thread started: Ticket intake 1-29
2026-10-09 13:52:21,902 INFO o.a.j.t.JMeterThread: Thread started: Agent search 2-114
2026-10-09 13:52:21,942 INFO o.a.j.t.JMeterThread: Thread is done: Agent search 2-114
2026-10-09 13:52:21,942 INFO o.a.j.t.JMeterThread: Thread finished: Agent search 2-114
2026-10-09 13:52:23,703 INFO o.a.j.t.JMeterThread: Thread started: Agent search 2-115
2026-10-09 13:52:23,745 INFO o.a.j.t.JMeterThread: Thread is done: Agent search 2-115
2026-10-09 13:52:23,746 INFO o.a.j.t.JMeterThread: Thread finished: Agent search 2-115
2026-10-09 13:52:32,873 INFO o.a.j.t.JMeterThread: Thread started: Agent search 2-116
2026-10-09 13:52:32,919 INFO o.a.j.r.Summariser: summary +     19 in 00:01:58 =    0.2/s Avg: 32943 Min:    29 Max: 340029 Err:     0 (0.00%) Active: 20 Started: 145 Finished: 125
2026-10-09 13:52:32,919 INFO o.a.j.r.Summariser: summary =    126 in 00:10:24 =    0.2/s Avg: 16289 Min:    21 Max: 340029 Err:     0 (0.00%)
2026-10-09 13:52:32,919 INFO o.a.j.t.JMeterThread: Thread is done: Agent search 2-116
2026-10-09 13:52:32,919 INFO o.a.j.t.JMeterThread: Thread finished: Agent search 2-116
2026-10-09 13:52:36,934 INFO o.a.j.t.JMeterThread: Thread is done: Ticket intake 1-11
2026-10-09 13:52:36,935 INFO o.a.j.t.JMeterThread: Thread finished: Ticket intake 1-11
2026-10-09 13:52:42,736 INFO o.a.j.t.JMeterThread: Thread started: Agent search 2-117
2026-10-09 13:52:42,784 INFO o.a.j.t.JMeterThread: Thread is done: Agent search 2-117
2026-10-09 13:52:42,784 INFO o.a.j.t.JMeterThread: Thread finished: Agent search 2-117
2026-10-09 13:52:47,450 INFO o.a.j.t.JMeterThread: Thread started: Agent search 2-118
2026-10-09 13:52:47,492 INFO o.a.j.t.JMeterThread: Thread is done: Agent search 2-118
2026-10-09 13:52:47,492 INFO o.a.j.t.JMeterThread: Thread finished: Agent search 2-118
2026-10-09 13:52:48,154 INFO o.a.j.t.JMeterThread: Thread started: Agent search 2-119
2026-10-09 13:52:48,194 INFO o.a.j.t.JMeterThread: Thread is done: Agent search 2-119
2026-10-09 13:52:48,194 INFO o.a.j.t.JMeterThread: Thread finished: Agent search 2-119
2026-10-09 13:52:49,896 INFO o.a.j.t.JMeterThread: Thread started: Agent search 2-120
2026-10-09 13:52:49,932 INFO o.a.j.t.JMeterThread: Thread is done: Agent search 2-120
2026-10-09 13:52:49,932 INFO o.a.j.t.JMeterThread: Thread finished: Agent search 2-120
2026-10-09 13:53:03,964 INFO o.a.j.t.JMeterThread: Thread started: Agent search 2-121
2026-10-09 13:53:04,002 INFO o.a.j.r.Summariser: summary +      6 in 00:00:31 =    0.2/s Avg: 64444 Min:    36 Max: 386468 Err:     0 (0.00%) Active: 19 Started: 150 Finished: 131
2026-10-09 13:53:04,003 INFO o.a.j.r.Summariser: summary =    132 in 00:10:55 =    0.2/s Avg: 18478 Min:    21 Max: 386468 Err:     0 (0.00%)
2026-10-09 13:53:04,003 INFO o.a.j.t.JMeterThread: Thread is done: Agent search 2-121
2026-10-09 13:53:04,003 INFO o.a.j.t.JMeterThread: Thread finished: Agent search 2-121
2026-10-09 13:53:04,778 INFO o.a.j.t.JMeterThread: Thread started: Agent search 2-122
2026-10-09 13:53:04,825 INFO o.a.j.t.JMeterThread: Thread is done: Agent search 2-122
2026-10-09 13:53:04,825 INFO o.a.j.t.JMeterThread: Thread finished: Agent search 2-122
2026-10-09 13:53:06,940 INFO o.a.j.t.JMeterThread: Thread started: Agent search 2-123
2026-10-09 13:53:06,987 INFO o.a.j.t.JMeterThread: Thread is done: Agent search 2-123
2026-10-09 13:53:06,987 INFO o.a.j.t.JMeterThread: Thread finished: Agent search 2-123
2026-10-09 13:53:08,547 INFO o.a.j.t.JMeterThread: Thread started: Agent search 2-124
2026-10-09 13:53:08,595 INFO o.a.j.t.JMeterThread: Thread is done: Agent search 2-124
2026-10-09 13:53:08,595 INFO o.a.j.t.JMeterThread: Thread finished: Agent search 2-124
2026-10-09 13:53:09,718 INFO o.a.j.t.JMeterThread: Thread started: Ticket intake 1-30
2026-10-09 13:53:09,811 INFO o.a.j.t.JMeterThread: Thread started: Agent search 2-125
2026-10-09 13:53:09,844 INFO o.a.j.t.JMeterThread: Thread is done: Agent search 2-125
2026-10-09 13:53:09,844 INFO o.a.j.t.JMeterThread: Thread finished: Agent search 2-125
2026-10-09 13:53:10,381 INFO o.a.j.t.JMeterThread: Thread started: Agent search 2-126
2026-10-09 13:53:10,426 INFO o.a.j.t.JMeterThread: Thread is done: Agent search 2-126
2026-10-09 13:53:10,426 INFO o.a.j.t.JMeterThread: Thread finished: Agent search 2-126
2026-10-09 13:53:11,551 INFO o.a.j.t.JMeterThread: Thread started: Ticket intake 1-31
2026-10-09 13:53:11,667 INFO o.a.j.t.JMeterThread: Thread started: Ticket intake 1-32
2026-10-09 13:53:21,145 INFO o.a.j.t.JMeterThread: Thread started: Agent search 2-127
2026-10-09 13:53:21,186 INFO o.a.j.t.JMeterThread: Thread is done: Agent search 2-127
2026-10-09 13:53:21,186 INFO o.a.j.t.JMeterThread: Thread finished: Agent search 2-127
2026-10-09 13:53:21,592 INFO o.a.j.t.JMeterThread: Thread started: Agent search 2-128
2026-10-09 13:53:21,638 INFO o.a.j.t.JMeterThread: Thread is done: Agent search 2-128
2026-10-09 13:53:21,638 INFO o.a.j.t.JMeterThread: Thread finished: Agent search 2-128
2026-10-09 13:53:38,068 INFO o.a.j.t.JMeterThread: Thread is done: Ticket intake 1-12
2026-10-09 13:53:38,068 INFO o.a.j.t.JMeterThread: Thread finished: Ticket intake 1-12
2026-10-09 13:53:40,502 INFO o.a.j.t.JMeterThread: Thread started: Agent search 2-129
2026-10-09 13:53:40,544 INFO o.a.j.t.JMeterThread: Thread is done: Agent search 2-129
2026-10-09 13:53:40,544 INFO o.a.j.t.JMeterThread: Thread finished: Agent search 2-129
2026-10-09 13:53:51,109 INFO o.a.j.t.JMeterThread: Thread started: Agent search 2-130
2026-10-09 13:53:51,157 INFO o.a.j.t.JMeterThread: Thread is done: Agent search 2-130
2026-10-09 13:53:51,157 INFO o.a.j.t.JMeterThread: Thread finished: Agent search 2-130
2026-10-09 13:53:55,460 INFO o.a.j.t.JMeterThread: Thread started: Ticket intake 1-33
2026-10-09 13:54:00,345 INFO o.a.j.t.JMeterThread: Thread started: Ticket intake 1-34
2026-10-09 13:54:09,565 INFO o.a.j.t.JMeterThread: Thread is done: Ticket intake 1-13
2026-10-09 13:54:09,565 INFO o.a.j.t.JMeterThread: Thread finished: Ticket intake 1-13
2026-10-09 13:54:14,399 INFO o.a.j.t.JMeterThread: Thread started: Agent search 2-131
2026-10-09 13:54:14,435 INFO o.a.j.t.JMeterThread: Thread is done: Agent search 2-131
2026-10-09 13:54:14,435 INFO o.a.j.t.JMeterThread: Thread finished: Agent search 2-131
2026-10-09 13:54:19,240 INFO o.a.j.t.JMeterThread: Thread started: Agent search 2-132
2026-10-09 13:54:19,326 INFO o.a.j.t.JMeterThread: Thread is done: Agent search 2-132
2026-10-09 13:54:19,326 INFO o.a.j.t.JMeterThread: Thread finished: Agent search 2-132
2026-10-09 13:54:21,541 INFO o.a.j.t.JMeterThread: Thread started: Agent search 2-133
2026-10-09 13:54:21,565 INFO o.a.j.t.JMeterThread: Thread is done: Agent search 2-133
2026-10-09 13:54:21,566 INFO o.a.j.t.JMeterThread: Thread finished: Agent search 2-133
2026-10-09 13:54:22,205 INFO o.a.j.t.JMeterThread: Thread started: Agent search 2-134
2026-10-09 13:54:22,258 INFO o.a.j.t.JMeterThread: Thread is done: Agent search 2-134
2026-10-09 13:54:22,258 INFO o.a.j.t.JMeterThread: Thread finished: Agent search 2-134
2026-10-09 13:54:31,528 INFO o.a.j.t.JMeterThread: Thread started: Ticket intake 1-35
2026-10-09 13:54:33,327 INFO o.a.j.t.JMeterThread: Thread started: Agent search 2-135
2026-10-09 13:54:33,371 INFO o.a.j.r.Summariser: summary +     16 in 00:01:29 =    0.2/s Avg: 54432 Min:    22 Max: 449029 Err:     0 (0.00%) Active: 23 Started: 170 Finished: 147
2026-10-09 13:54:33,371 INFO o.a.j.r.Summariser: summary =    148 in 00:12:24 =    0.2/s Avg: 22365 Min:    21 Max: 449029 Err:     0 (0.00%)
2026-10-09 13:54:33,371 INFO o.a.j.t.JMeterThread: Thread is done: Agent search 2-135
2026-10-09 13:54:33,371 INFO o.a.j.t.JMeterThread: Thread finished: Agent search 2-135
2026-10-09 13:54:36,575 INFO o.a.j.t.JMeterThread: Thread started: Agent search 2-136
2026-10-09 13:54:36,626 INFO o.a.j.t.JMeterThread: Thread is done: Agent search 2-136
2026-10-09 13:54:36,626 INFO o.a.j.t.JMeterThread: Thread finished: Agent search 2-136
2026-10-09 13:54:37,349 INFO o.a.j.t.JMeterThread: Thread started: Agent search 2-137
2026-10-09 13:54:37,402 INFO o.a.j.t.JMeterThread: Thread is done: Agent search 2-137
2026-10-09 13:54:37,402 INFO o.a.j.t.JMeterThread: Thread finished: Agent search 2-137
2026-10-09 13:54:39,044 INFO o.a.j.t.JMeterThread: Thread started: Ticket intake 1-36
2026-10-09 13:54:41,048 INFO o.a.j.t.JMeterThread: Thread started: Agent search 2-138
2026-10-09 13:54:41,078 INFO o.a.j.t.JMeterThread: Thread is done: Agent search 2-138
2026-10-09 13:54:41,078 INFO o.a.j.t.JMeterThread: Thread finished: Agent search 2-138
2026-10-09 13:54:53,215 INFO o.a.j.t.JMeterThread: Thread started: Ticket intake 1-37
2026-10-09 13:54:54,318 INFO o.a.j.t.JMeterThread: Thread started: Agent search 2-139
2026-10-09 13:54:54,345 INFO o.a.j.t.JMeterThread: Thread started: Agent search 2-140
2026-10-09 13:54:54,360 INFO o.a.j.t.JMeterThread: Thread is done: Agent search 2-139
2026-10-09 13:54:54,360 INFO o.a.j.t.JMeterThread: Thread finished: Agent search 2-139
2026-10-09 13:54:54,378 INFO o.a.j.t.JMeterThread: Thread is done: Agent search 2-140
2026-10-09 13:54:54,378 INFO o.a.j.t.JMeterThread: Thread finished: Agent search 2-140
2026-10-09 13:54:58,839 INFO o.a.j.t.JMeterThread: Thread started: Agent search 2-141
2026-10-09 13:54:58,879 INFO o.a.j.t.JMeterThread: Thread is done: Agent search 2-141
2026-10-09 13:54:58,879 INFO o.a.j.t.JMeterThread: Thread finished: Agent search 2-141
2026-10-09 13:55:02,193 INFO o.a.j.t.JMeterThread: Thread started: Agent search 2-142
2026-10-09 13:55:02,225 INFO o.a.j.r.Summariser: summary +      7 in 00:00:29 =    0.2/s Avg:    38 Min:    29 Max:    52 Err:     0 (0.00%) Active: 25 Started: 179 Finished: 154
2026-10-09 13:55:02,226 INFO o.a.j.r.Summariser: summary =    155 in 00:12:53 =    0.2/s Avg: 21356 Min:    21 Max: 449029 Err:     0 (0.00%)
2026-10-09 13:55:02,226 INFO o.a.j.t.JMeterThread: Thread is done: Agent search 2-142
2026-10-09 13:55:02,226 INFO o.a.j.t.JMeterThread: Thread finished: Agent search 2-142
2026-10-09 13:55:02,723 INFO o.a.j.t.JMeterThread: Thread started: Agent search 2-143
2026-10-09 13:55:02,755 INFO o.a.j.t.JMeterThread: Thread is done: Agent search 2-143
2026-10-09 13:55:02,755 INFO o.a.j.t.JMeterThread: Thread finished: Agent search 2-143
2026-10-09 13:55:03,092 INFO o.a.j.t.JMeterThread: Thread started: Agent search 2-144
2026-10-09 13:55:03,124 INFO o.a.j.t.JMeterThread: Thread is done: Agent search 2-144
2026-10-09 13:55:03,124 INFO o.a.j.t.JMeterThread: Thread finished: Agent search 2-144
2026-10-09 13:55:03,982 INFO o.a.j.t.JMeterThread: Thread is done: Ticket intake 1-14
2026-10-09 13:55:03,982 INFO o.a.j.t.JMeterThread: Thread finished: Ticket intake 1-14
2026-10-09 13:55:05,619 INFO o.a.j.t.JMeterThread: Thread started: Ticket intake 1-38
2026-10-09 13:55:06,552 INFO o.a.j.t.JMeterThread: Thread started: Ticket intake 1-39
2026-10-09 13:55:11,742 INFO o.a.j.t.JMeterThread: Thread started: Agent search 2-145
2026-10-09 13:55:11,789 INFO o.a.j.t.JMeterThread: Thread is done: Agent search 2-145
2026-10-09 13:55:11,789 INFO o.a.j.t.JMeterThread: Thread finished: Agent search 2-145
2026-10-09 13:55:12,721 INFO o.a.j.t.JMeterThread: Thread started: Agent search 2-146
2026-10-09 13:55:12,758 INFO o.a.j.t.JMeterThread: Thread is done: Agent search 2-146
2026-10-09 13:55:12,758 INFO o.a.j.t.JMeterThread: Thread finished: Agent search 2-146
2026-10-09 13:55:23,008 INFO o.a.j.t.JMeterThread: Thread started: Agent search 2-147
2026-10-09 13:55:23,040 INFO o.a.j.t.JMeterThread: Thread is done: Agent search 2-147
2026-10-09 13:55:23,040 INFO o.a.j.t.JMeterThread: Thread finished: Agent search 2-147
2026-10-09 13:55:25,488 INFO o.a.j.t.JMeterThread: Thread is done: Ticket intake 1-15
2026-10-09 13:55:25,488 INFO o.a.j.t.JMeterThread: Thread finished: Ticket intake 1-15
2026-10-09 13:55:27,956 INFO o.a.j.t.JMeterThread: Thread started: Agent search 2-148
2026-10-09 13:55:27,965 INFO o.a.j.t.JMeterThread: Thread started: Ticket intake 1-40
2026-10-09 13:55:27,985 INFO o.a.j.t.JMeterThread: Thread is done: Agent search 2-148
2026-10-09 13:55:27,985 INFO o.a.j.t.JMeterThread: Thread finished: Agent search 2-148
2026-10-09 13:55:33,929 INFO o.a.j.t.JMeterThread: Thread started: Agent search 2-149
2026-10-09 13:55:33,953 INFO o.a.j.r.Summariser: summary +      9 in 00:00:32 =    0.3/s Avg: 111205 Min:    23 Max: 505153 Err:     0 (0.00%) Active: 26 Started: 189 Finished: 163
2026-10-09 13:55:33,954 INFO o.a.j.r.Summariser: summary =    164 in 00:13:25 =    0.2/s Avg: 26287 Min:    21 Max: 505153 Err:     0 (0.00%)
2026-10-09 13:55:33,954 INFO o.a.j.t.JMeterThread: Thread is done: Agent search 2-149
2026-10-09 13:55:33,954 INFO o.a.j.t.JMeterThread: Thread finished: Agent search 2-149
2026-10-09 13:55:36,374 INFO o.a.j.t.JMeterThread: Thread started: Agent search 2-150
2026-10-09 13:55:36,397 INFO o.a.j.t.JMeterThread: Thread is done: Agent search 2-150
2026-10-09 13:55:36,397 INFO o.a.j.t.JMeterThread: Thread finished: Agent search 2-150
2026-10-09 13:55:40,846 INFO o.a.j.t.JMeterThread: Thread started: Agent search 2-151
2026-10-09 13:55:40,869 INFO o.a.j.t.JMeterThread: Thread is done: Agent search 2-151
2026-10-09 13:55:40,869 INFO o.a.j.t.JMeterThread: Thread finished: Agent search 2-151
2026-10-09 13:55:46,990 INFO o.a.j.t.JMeterThread: Thread is done: Ticket intake 1-16
2026-10-09 13:55:46,990 INFO o.a.j.t.JMeterThread: Thread finished: Ticket intake 1-16
2026-10-09 13:55:47,116 INFO o.a.j.t.JMeterThread: Thread started: Ticket intake 1-41
2026-10-09 13:55:49,340 INFO o.a.j.t.JMeterThread: Thread started: Ticket intake 1-42
2026-10-09 13:55:49,399 INFO o.a.j.t.JMeterThread: Thread started: Agent search 2-152
2026-10-09 13:55:49,551 INFO o.a.j.t.JMeterThread: Thread is done: Agent search 2-152
2026-10-09 13:55:49,551 INFO o.a.j.t.JMeterThread: Thread finished: Agent search 2-152
2026-10-09 13:55:49,643 INFO o.a.j.t.JMeterThread: Thread started: Agent search 2-153
2026-10-09 13:55:49,696 INFO o.a.j.t.JMeterThread: Thread is done: Agent search 2-153
2026-10-09 13:55:49,696 INFO o.a.j.t.JMeterThread: Thread finished: Agent search 2-153
2026-10-09 13:56:01,801 INFO o.a.j.t.JMeterThread: Thread started: Ticket intake 1-43
2026-10-09 13:56:06,258 INFO o.a.j.t.JMeterThread: Thread started: Agent search 2-154
2026-10-09 13:56:06,289 INFO o.a.j.t.JMeterThread: Thread is done: Agent search 2-154
2026-10-09 13:56:06,289 INFO o.a.j.t.JMeterThread: Thread finished: Agent search 2-154
2026-10-09 13:56:12,819 INFO o.a.j.t.JMeterThread: Thread started: Agent search 2-155
2026-10-09 13:56:12,842 INFO o.a.j.t.JMeterThread: Thread is done: Agent search 2-155
2026-10-09 13:56:12,843 INFO o.a.j.t.JMeterThread: Thread finished: Agent search 2-155
2026-10-09 13:56:16,693 INFO o.a.j.t.JMeterThread: Thread started: Agent search 2-156
2026-10-09 13:56:16,719 INFO o.a.j.t.JMeterThread: Thread is done: Agent search 2-156
2026-10-09 13:56:16,719 INFO o.a.j.t.JMeterThread: Thread finished: Agent search 2-156
2026-10-09 13:56:26,235 INFO o.a.j.t.JMeterThread: Thread started: Agent search 2-157
2026-10-09 13:56:26,262 INFO o.a.j.t.JMeterThread: Thread is done: Agent search 2-157
2026-10-09 13:56:26,262 INFO o.a.j.t.JMeterThread: Thread finished: Agent search 2-157
2026-10-09 13:56:40,524 INFO o.a.j.t.JMeterThread: Thread started: Agent search 2-158
2026-10-09 13:56:40,553 INFO o.a.j.t.JMeterThread: Thread is done: Agent search 2-158
2026-10-09 13:56:40,553 INFO o.a.j.t.JMeterThread: Thread finished: Agent search 2-158
2026-10-09 13:56:44,090 INFO o.a.j.t.JMeterThread: Thread started: Agent search 2-159
2026-10-09 13:56:44,129 INFO o.a.j.t.JMeterThread: Thread is done: Agent search 2-159
2026-10-09 13:56:44,129 INFO o.a.j.t.JMeterThread: Thread finished: Agent search 2-159
2026-10-09 13:56:45,705 INFO o.a.j.t.JMeterThread: Thread started: Agent search 2-160
2026-10-09 13:56:45,744 INFO o.a.j.t.JMeterThread: Thread is done: Agent search 2-160
2026-10-09 13:56:45,744 INFO o.a.j.t.JMeterThread: Thread finished: Agent search 2-160
2026-10-09 13:56:47,922 INFO o.a.j.t.JMeterThread: Thread started: Ticket intake 1-44
2026-10-09 13:56:51,197 INFO o.a.j.t.JMeterThread: Thread is done: Ticket intake 1-17
2026-10-09 13:56:51,198 INFO o.a.j.t.JMeterThread: Thread finished: Ticket intake 1-17
2026-10-09 13:56:52,010 INFO o.a.j.t.JMeterThread: Thread started: Ticket intake 1-45
2026-10-09 13:56:52,331 INFO o.a.j.t.JMeterThread: Thread started: Ticket intake 1-46
2026-10-09 13:56:56,943 INFO o.a.j.t.JMeterThread: Thread started: Agent search 2-161
2026-10-09 13:56:56,984 INFO o.a.j.t.JMeterThread: Thread is done: Agent search 2-161
2026-10-09 13:56:56,984 INFO o.a.j.t.JMeterThread: Thread finished: Agent search 2-161
2026-10-09 13:57:02,144 INFO o.a.j.t.JMeterThread: Thread started: Agent search 2-162
2026-10-09 13:57:02,178 INFO o.a.j.r.Summariser: summary +     15 in 00:01:28 =    0.2/s Avg: 71265 Min:    22 Max: 558011 Err:     0 (0.00%) Active: 30 Started: 208 Finished: 178
2026-10-09 13:57:02,178 INFO o.a.j.r.Summariser: summary =    179 in 00:14:53 =    0.2/s Avg: 30056 Min:    21 Max: 558011 Err:     0 (0.00%)
2026-10-09 13:57:02,178 INFO o.a.j.t.JMeterThread: Thread is done: Agent search 2-162
2026-10-09 13:57:02,178 INFO o.a.j.t.JMeterThread: Thread finished: Agent search 2-162
2026-10-09 13:57:10,433 INFO o.a.j.t.JMeterThread: Thread started: Agent search 2-163
2026-10-09 13:57:10,463 INFO o.a.j.t.JMeterThread: Thread is done: Agent search 2-163
2026-10-09 13:57:10,463 INFO o.a.j.t.JMeterThread: Thread finished: Agent search 2-163
2026-10-09 13:57:11,666 INFO o.a.j.t.JMeterThread: Thread started: Agent search 2-164
2026-10-09 13:57:11,704 INFO o.a.j.t.JMeterThread: Thread is done: Agent search 2-164
2026-10-09 13:57:11,704 INFO o.a.j.t.JMeterThread: Thread finished: Agent search 2-164
2026-10-09 13:57:12,086 INFO o.a.j.t.JMeterThread: Thread started: Agent search 2-165
2026-10-09 13:57:12,107 INFO o.a.j.t.JMeterThread: Thread is done: Agent search 2-165
2026-10-09 13:57:12,107 INFO o.a.j.t.JMeterThread: Thread finished: Agent search 2-165
2026-10-09 13:57:15,408 INFO o.a.j.t.JMeterThread: Thread started: Agent search 2-166
2026-10-09 13:57:15,443 INFO o.a.j.t.JMeterThread: Thread is done: Agent search 2-166
2026-10-09 13:57:15,443 INFO o.a.j.t.JMeterThread: Thread finished: Agent search 2-166
2026-10-09 13:57:16,894 INFO o.a.j.t.JMeterThread: Thread started: Agent search 2-167
2026-10-09 13:57:16,926 INFO o.a.j.t.JMeterThread: Thread is done: Agent search 2-167
2026-10-09 13:57:16,926 INFO o.a.j.t.JMeterThread: Thread finished: Agent search 2-167
2026-10-09 13:57:17,489 INFO o.a.j.t.JMeterThread: Thread started: Agent search 2-168
2026-10-09 13:57:17,518 INFO o.a.j.t.JMeterThread: Thread is done: Agent search 2-168
2026-10-09 13:57:17,518 INFO o.a.j.t.JMeterThread: Thread finished: Agent search 2-168
2026-10-09 13:57:18,415 INFO o.a.j.t.JMeterThread: Thread started: Agent search 2-169
2026-10-09 13:57:18,443 INFO o.a.j.t.JMeterThread: Thread is done: Agent search 2-169
2026-10-09 13:57:18,443 INFO o.a.j.t.JMeterThread: Thread finished: Agent search 2-169
2026-10-09 13:57:28,710 INFO o.a.j.t.JMeterThread: Thread started: Agent search 2-170
2026-10-09 13:57:28,737 INFO o.a.j.t.JMeterThread: Thread is done: Agent search 2-170
2026-10-09 13:57:28,737 INFO o.a.j.t.JMeterThread: Thread finished: Agent search 2-170
2026-10-09 13:57:28,975 INFO o.a.j.t.JMeterThread: Thread started: Agent search 2-171
2026-10-09 13:57:29,028 INFO o.a.j.t.JMeterThread: Thread is done: Agent search 2-171
2026-10-09 13:57:29,028 INFO o.a.j.t.JMeterThread: Thread finished: Agent search 2-171
2026-10-09 13:57:33,198 INFO o.a.j.t.JMeterThread: Thread started: Agent search 2-172
2026-10-09 13:57:33,225 INFO o.a.j.r.Summariser: summary +     10 in 00:00:31 =    0.3/s Avg:    30 Min:    21 Max:    52 Err:     0 (0.00%) Active: 30 Started: 218 Finished: 188
2026-10-09 13:57:33,225 INFO o.a.j.r.Summariser: summary =    189 in 00:15:24 =    0.2/s Avg: 28467 Min:    21 Max: 558011 Err:     0 (0.00%)
2026-10-09 13:57:33,225 INFO o.a.j.t.JMeterThread: Thread is done: Agent search 2-172
2026-10-09 13:57:33,225 INFO o.a.j.t.JMeterThread: Thread finished: Agent search 2-172
2026-10-09 13:57:35,930 INFO o.a.j.t.JMeterThread: Thread started: Ticket intake 1-47
2026-10-09 13:57:43,626 INFO o.a.j.t.JMeterThread: Thread is done: Ticket intake 1-18
2026-10-09 13:57:43,626 INFO o.a.j.t.JMeterThread: Thread finished: Ticket intake 1-18
2026-10-09 13:57:57,154 INFO o.a.j.t.JMeterThread: Thread started: Agent search 2-173
2026-10-09 13:57:57,178 INFO o.a.j.t.JMeterThread: Thread is done: Agent search 2-173
2026-10-09 13:57:57,178 INFO o.a.j.t.JMeterThread: Thread finished: Agent search 2-173
2026-10-09 13:58:02,330 INFO o.a.j.t.JMeterThread: Thread started: Agent search 2-174
2026-10-09 13:58:02,356 INFO o.a.j.r.Summariser: summary +      3 in 00:00:29 =    0.1/s Avg: 183933 Min:    23 Max: 551753 Err:     0 (0.00%) Active: 30 Started: 221 Finished: 191
2026-10-09 13:58:02,357 INFO o.a.j.r.Summariser: summary =    192 in 00:15:53 =    0.2/s Avg: 30897 Min:    21 Max: 558011 Err:     0 (0.00%)
2026-10-09 13:58:02,357 INFO o.a.j.t.JMeterThread: Thread is done: Agent search 2-174
2026-10-09 13:58:02,357 INFO o.a.j.t.JMeterThread: Thread finished: Agent search 2-174
2026-10-09 13:58:07,280 INFO o.a.j.t.JMeterThread: Thread is done: Ticket intake 1-19
2026-10-09 13:58:07,280 INFO o.a.j.t.JMeterThread: Thread finished: Ticket intake 1-19
2026-10-09 13:58:08,282 INFO o.a.j.t.JMeterThread: Thread started: Agent search 2-175
2026-10-09 13:58:08,306 INFO o.a.j.t.JMeterThread: Thread is done: Agent search 2-175
2026-10-09 13:58:08,307 INFO o.a.j.t.JMeterThread: Thread finished: Agent search 2-175
2026-10-09 13:58:12,914 INFO o.a.j.t.JMeterThread: Thread started: Agent search 2-176
2026-10-09 13:58:12,938 INFO o.a.j.t.JMeterThread: Thread is done: Agent search 2-176
2026-10-09 13:58:12,938 INFO o.a.j.t.JMeterThread: Thread finished: Agent search 2-176
2026-10-09 13:58:17,846 INFO o.a.j.t.JMeterThread: Thread started: Ticket intake 1-48
2026-10-09 13:58:23,956 INFO o.a.j.t.JMeterThread: Thread started: Agent search 2-177
2026-10-09 13:58:23,991 INFO o.a.j.t.JMeterThread: Thread is done: Agent search 2-177
2026-10-09 13:58:23,991 INFO o.a.j.t.JMeterThread: Thread finished: Agent search 2-177
2026-10-09 13:58:34,383 INFO o.a.j.t.JMeterThread: Thread started: Agent search 2-178
2026-10-09 13:58:34,412 INFO o.a.j.r.Summariser: summary +      5 in 00:00:32 =    0.2/s Avg: 113478 Min:    22 Max: 567288 Err:     0 (0.00%) Active: 30 Started: 226 Finished: 196
2026-10-09 13:58:34,413 INFO o.a.j.r.Summariser: summary =    197 in 00:16:25 =    0.2/s Avg: 32993 Min:    21 Max: 567288 Err:     0 (0.00%)
2026-10-09 13:58:34,413 INFO o.a.j.t.JMeterThread: Thread is done: Agent search 2-178
2026-10-09 13:58:34,413 INFO o.a.j.t.JMeterThread: Thread finished: Agent search 2-178
2026-10-09 13:58:38,557 INFO o.a.j.t.JMeterThread: Thread started: Ticket intake 1-49
2026-10-09 13:58:40,964 INFO o.a.j.t.JMeterThread: Thread started: Agent search 2-179
2026-10-09 13:58:40,989 INFO o.a.j.t.JMeterThread: Thread is done: Agent search 2-179
2026-10-09 13:58:40,989 INFO o.a.j.t.JMeterThread: Thread finished: Agent search 2-179
2026-10-09 13:58:43,494 INFO o.a.j.t.JMeterThread: Thread started: Agent search 2-180
2026-10-09 13:58:43,519 INFO o.a.j.t.JMeterThread: Thread is done: Agent search 2-180
2026-10-09 13:58:43,520 INFO o.a.j.t.JMeterThread: Thread finished: Agent search 2-180
2026-10-09 13:58:44,643 INFO o.a.j.t.JMeterThread: Thread started: Agent search 2-181
2026-10-09 13:58:44,675 INFO o.a.j.t.JMeterThread: Thread is done: Agent search 2-181
2026-10-09 13:58:44,675 INFO o.a.j.t.JMeterThread: Thread finished: Agent search 2-181
2026-10-09 13:58:48,345 INFO o.a.j.t.JMeterThread: Thread started: Agent search 2-182
2026-10-09 13:58:48,368 INFO o.a.j.t.JMeterThread: Thread is done: Agent search 2-182
2026-10-09 13:58:48,368 INFO o.a.j.t.JMeterThread: Thread finished: Agent search 2-182
2026-10-09 13:58:49,518 INFO o.a.j.t.JMeterThread: Thread started: Agent search 2-183
2026-10-09 13:58:49,549 INFO o.a.j.t.JMeterThread: Thread is done: Agent search 2-183
2026-10-09 13:58:49,549 INFO o.a.j.t.JMeterThread: Thread finished: Agent search 2-183
2026-10-09 13:58:51,517 INFO o.a.j.t.JMeterThread: Thread is done: Ticket intake 1-20
2026-10-09 13:58:51,517 INFO o.a.j.t.JMeterThread: Thread finished: Ticket intake 1-20
2026-10-09 13:58:51,978 INFO o.a.j.t.JMeterThread: Thread started: Agent search 2-184
2026-10-09 13:58:52,011 INFO o.a.j.t.JMeterThread: Thread is done: Agent search 2-184
2026-10-09 13:58:52,011 INFO o.a.j.t.JMeterThread: Thread finished: Agent search 2-184
2026-10-09 13:59:01,070 INFO o.a.j.t.JMeterThread: Thread started: Agent search 2-185
2026-10-09 13:59:01,107 INFO o.a.j.r.Summariser: summary +      8 in 00:00:27 =    0.3/s Avg: 71252 Min:    22 Max: 569826 Err:     0 (0.00%) Active: 30 Started: 234 Finished: 204
2026-10-09 13:59:01,107 INFO o.a.j.r.Summariser: summary =    205 in 00:16:52 =    0.2/s Avg: 34486 Min:    21 Max: 569826 Err:     0 (0.00%)
2026-10-09 13:59:01,107 INFO o.a.j.t.JMeterThread: Thread is done: Agent search 2-185
2026-10-09 13:59:01,107 INFO o.a.j.t.JMeterThread: Thread finished: Agent search 2-185
2026-10-09 13:59:02,013 INFO o.a.j.t.JMeterThread: Thread started: Ticket intake 1-50
2026-10-09 13:59:09,961 INFO o.a.j.t.JMeterThread: Thread started: Agent search 2-186
2026-10-09 13:59:09,995 INFO o.a.j.t.JMeterThread: Thread is done: Agent search 2-186
2026-10-09 13:59:09,995 INFO o.a.j.t.JMeterThread: Thread finished: Agent search 2-186
2026-10-09 13:59:15,755 INFO o.a.j.t.JMeterThread: Thread started: Agent search 2-187
2026-10-09 13:59:15,781 INFO o.a.j.t.JMeterThread: Thread is done: Agent search 2-187
2026-10-09 13:59:15,781 INFO o.a.j.t.JMeterThread: Thread finished: Agent search 2-187
2026-10-09 13:59:16,506 INFO o.a.j.t.JMeterThread: Thread started: Ticket intake 1-51
2026-10-09 13:59:22,341 INFO o.a.j.t.JMeterThread: Thread is done: Ticket intake 1-21
2026-10-09 13:59:22,341 INFO o.a.j.t.JMeterThread: Thread finished: Ticket intake 1-21
2026-10-09 13:59:22,529 INFO o.a.j.t.JMeterThread: Thread started: Agent search 2-188
2026-10-09 13:59:22,570 INFO o.a.j.t.JMeterThread: Thread is done: Agent search 2-188
2026-10-09 13:59:22,570 INFO o.a.j.t.JMeterThread: Thread finished: Agent search 2-188
2026-10-09 13:59:23,567 INFO o.a.j.t.JMeterThread: Thread started: Agent search 2-189
2026-10-09 13:59:23,602 INFO o.a.j.t.JMeterThread: Thread is done: Agent search 2-189
2026-10-09 13:59:23,602 INFO o.a.j.t.JMeterThread: Thread finished: Agent search 2-189
2026-10-09 13:59:32,547 INFO o.a.j.t.JMeterThread: Thread started: Ticket intake 1-52
2026-10-09 13:59:35,092 INFO o.a.j.t.JMeterThread: Thread started: Agent search 2-190
2026-10-09 13:59:35,126 INFO o.a.j.r.Summariser: summary +      6 in 00:00:34 =    0.2/s Avg: 98369 Min:    25 Max: 590053 Err:     0 (0.00%) Active: 32 Started: 242 Finished: 210
2026-10-09 13:59:35,127 INFO o.a.j.r.Summariser: summary =    211 in 00:17:26 =    0.2/s Avg: 36302 Min:    21 Max: 590053 Err:     0 (0.00%)
2026-10-09 13:59:35,127 INFO o.a.j.t.JMeterThread: Thread is done: Agent search 2-190
2026-10-09 13:59:35,127 INFO o.a.j.t.JMeterThread: Thread finished: Agent search 2-190
2026-10-09 13:59:35,413 INFO o.a.j.t.JMeterThread: Thread started: Agent search 2-191
2026-10-09 13:59:35,441 INFO o.a.j.t.JMeterThread: Thread is done: Agent search 2-191
2026-10-09 13:59:35,441 INFO o.a.j.t.JMeterThread: Thread finished: Agent search 2-191
2026-10-09 13:59:43,833 INFO o.a.j.t.JMeterThread: Thread started: Ticket intake 1-53
2026-10-09 13:59:44,952 INFO o.a.j.t.JMeterThread: Thread started: Agent search 2-192
2026-10-09 13:59:44,979 INFO o.a.j.t.JMeterThread: Thread is done: Agent search 2-192
2026-10-09 13:59:44,980 INFO o.a.j.t.JMeterThread: Thread finished: Agent search 2-192
2026-10-09 13:59:48,400 INFO o.a.j.t.JMeterThread: Thread started: Agent search 2-193
2026-10-09 13:59:48,454 INFO o.a.j.t.JMeterThread: Thread is done: Agent search 2-193
2026-10-09 13:59:48,454 INFO o.a.j.t.JMeterThread: Thread finished: Agent search 2-193
2026-10-09 13:59:50,852 INFO o.a.j.t.JMeterThread: Thread started: Agent search 2-194
2026-10-09 13:59:50,883 INFO o.a.j.t.JMeterThread: Thread is done: Agent search 2-194
2026-10-09 13:59:50,883 INFO o.a.j.t.JMeterThread: Thread finished: Agent search 2-194
2026-10-09 13:59:51,139 INFO o.a.j.t.JMeterThread: Thread started: Agent search 2-195
2026-10-09 13:59:51,171 INFO o.a.j.t.JMeterThread: Thread is done: Agent search 2-195
2026-10-09 13:59:51,171 INFO o.a.j.t.JMeterThread: Thread finished: Agent search 2-195
2026-10-09 13:59:53,973 INFO o.a.j.t.JMeterThread: Thread started: Agent search 2-196
2026-10-09 13:59:54,020 INFO o.a.j.t.JMeterThread: Thread is done: Agent search 2-196
2026-10-09 13:59:54,021 INFO o.a.j.t.JMeterThread: Thread finished: Agent search 2-196
2026-10-09 13:59:54,355 INFO o.a.j.t.JMeterThread: Thread started: Ticket intake 1-54
2026-10-09 13:59:56,634 INFO o.a.j.t.JMeterThread: Thread started: Agent search 2-197
2026-10-09 13:59:56,675 INFO o.a.j.t.JMeterThread: Thread is done: Agent search 2-197
2026-10-09 13:59:56,675 INFO o.a.j.t.JMeterThread: Thread finished: Agent search 2-197
2026-10-09 13:59:57,976 INFO o.a.j.t.JMeterThread: Thread is done: Ticket intake 1-22
2026-10-09 13:59:57,976 INFO o.a.j.t.JMeterThread: Thread finished: Ticket intake 1-22
2026-10-09 14:00:05,473 INFO o.a.j.t.JMeterThread: Thread started: Agent search 2-198
2026-10-09 14:00:05,510 INFO o.a.j.r.Summariser: summary +      9 in 00:00:30 =    0.3/s Avg: 65556 Min:    25 Max: 589728 Err:     0 (0.00%) Active: 33 Started: 252 Finished: 219
2026-10-09 14:00:05,510 INFO o.a.j.r.Summariser: summary =    220 in 00:17:56 =    0.2/s Avg: 37499 Min:    21 Max: 590053 Err:     0 (0.00%)
2026-10-09 14:00:05,510 INFO o.a.j.t.JMeterThread: Thread is done: Agent search 2-198
2026-10-09 14:00:05,510 INFO o.a.j.t.JMeterThread: Thread finished: Agent search 2-198
2026-10-09 14:00:09,434 INFO o.a.j.t.JMeterThread: Thread started: Agent search 2-199
2026-10-09 14:00:09,476 INFO o.a.j.t.JMeterThread: Thread is done: Agent search 2-199
2026-10-09 14:00:09,476 INFO o.a.j.t.JMeterThread: Thread finished: Agent search 2-199
2026-10-09 14:00:10,057 INFO o.a.j.t.JMeterThread: Thread started: Ticket intake 1-55
2026-10-09 14:00:12,761 INFO o.a.j.t.JMeterThread: Thread started: Agent search 2-200
2026-10-09 14:00:12,787 INFO o.a.j.t.JMeterThread: Thread is done: Agent search 2-200
2026-10-09 14:00:12,787 INFO o.a.j.t.JMeterThread: Thread finished: Agent search 2-200
2026-10-09 14:00:13,229 INFO o.a.j.t.JMeterThread: Thread started: Agent search 2-201
2026-10-09 14:00:13,255 INFO o.a.j.t.JMeterThread: Thread is done: Agent search 2-201
2026-10-09 14:00:13,255 INFO o.a.j.t.JMeterThread: Thread finished: Agent search 2-201
2026-10-09 14:00:18,393 INFO o.a.j.t.JMeterThread: Thread started: Agent search 2-202
2026-10-09 14:00:18,434 INFO o.a.j.t.JMeterThread: Thread is done: Agent search 2-202
2026-10-09 14:00:18,434 INFO o.a.j.t.JMeterThread: Thread finished: Agent search 2-202
2026-10-09 14:00:20,928 INFO o.a.j.t.JMeterThread: Thread started: Agent search 2-203
2026-10-09 14:00:20,952 INFO o.a.j.t.JMeterThread: Thread is done: Agent search 2-203
2026-10-09 14:00:20,952 INFO o.a.j.t.JMeterThread: Thread finished: Agent search 2-203
2026-10-09 14:00:32,563 INFO o.a.j.t.JMeterThread: Thread started: Agent search 2-204
2026-10-09 14:00:32,585 INFO o.a.j.r.Summariser: summary +      6 in 00:00:27 =    0.2/s Avg:    28 Min:    22 Max:    40 Err:     0 (0.00%) Active: 34 Started: 259 Finished: 225
2026-10-09 14:00:32,586 INFO o.a.j.r.Summariser: summary =    226 in 00:18:24 =    0.2/s Avg: 36504 Min:    21 Max: 590053 Err:     0 (0.00%)
2026-10-09 14:00:32,586 INFO o.a.j.t.JMeterThread: Thread is done: Agent search 2-204
2026-10-09 14:00:32,586 INFO o.a.j.t.JMeterThread: Thread finished: Agent search 2-204
2026-10-09 14:00:33,600 INFO o.a.j.t.JMeterThread: Thread started: Agent search 2-205
2026-10-09 14:00:33,645 INFO o.a.j.t.JMeterThread: Thread is done: Agent search 2-205
2026-10-09 14:00:33,645 INFO o.a.j.t.JMeterThread: Thread finished: Agent search 2-205
2026-10-09 14:00:33,817 INFO o.a.j.t.JMeterThread: Thread is done: Ticket intake 1-23
2026-10-09 14:00:33,817 INFO o.a.j.t.JMeterThread: Thread finished: Ticket intake 1-23
2026-10-09 14:00:34,552 INFO o.a.j.t.JMeterThread: Thread started: Agent search 2-206
2026-10-09 14:00:34,579 INFO o.a.j.t.JMeterThread: Thread is done: Agent search 2-206
2026-10-09 14:00:34,580 INFO o.a.j.t.JMeterThread: Thread finished: Agent search 2-206
2026-10-09 14:00:36,683 INFO o.a.j.t.JMeterThread: Thread is done: Ticket intake 1-24
2026-10-09 14:00:36,683 INFO o.a.j.t.JMeterThread: Thread finished: Ticket intake 1-24
2026-10-09 14:00:36,919 INFO o.a.j.t.JMeterThread: Thread started: Agent search 2-207
2026-10-09 14:00:36,940 INFO o.a.j.t.JMeterThread: Thread is done: Agent search 2-207
2026-10-09 14:00:36,941 INFO o.a.j.t.JMeterThread: Thread finished: Agent search 2-207
2026-10-09 14:00:37,216 INFO o.a.j.t.JMeterThread: Thread started: Agent search 2-208
2026-10-09 14:00:37,249 INFO o.a.j.t.JMeterThread: Thread is done: Agent search 2-208
2026-10-09 14:00:37,249 INFO o.a.j.t.JMeterThread: Thread finished: Agent search 2-208
2026-10-09 14:00:43,133 INFO o.a.j.t.JMeterThread: Thread started: Agent search 2-209
2026-10-09 14:00:43,141 INFO o.a.j.t.JMeterThread: Thread is done: Ticket intake 1-25
2026-10-09 14:00:43,141 INFO o.a.j.t.JMeterThread: Thread finished: Ticket intake 1-25
2026-10-09 14:00:43,156 INFO o.a.j.t.JMeterThread: Thread is done: Agent search 2-209
2026-10-09 14:00:43,156 INFO o.a.j.t.JMeterThread: Thread finished: Agent search 2-209
2026-10-09 14:00:55,368 INFO o.a.j.t.JMeterThread: Thread started: Ticket intake 1-56
2026-10-09 14:01:00,851 INFO o.a.j.r.Summariser: summary +      9 in 00:00:28 =    0.3/s Avg: 261854 Min:    20 Max: 600190 Err:     3 (33.33%) Active: 31 Started: 265 Finished: 234
2026-10-09 14:01:00,851 INFO o.a.j.r.Summariser: summary =    235 in 00:18:52 =    0.2/s Avg: 45135 Min:    20 Max: 600190 Err:     3 (1.28%)
2026-10-09 14:01:00,851 INFO o.a.j.t.JMeterThread: Thread is done: Ticket intake 1-26
2026-10-09 14:01:00,851 INFO o.a.j.t.JMeterThread: Thread finished: Ticket intake 1-26
2026-10-09 14:01:03,325 INFO o.a.j.t.JMeterThread: Thread started: Agent search 2-210
2026-10-09 14:01:03,352 INFO o.a.j.t.JMeterThread: Thread is done: Agent search 2-210
2026-10-09 14:01:03,352 INFO o.a.j.t.JMeterThread: Thread finished: Agent search 2-210
2026-10-09 14:01:03,844 INFO o.a.j.t.JMeterThread: Thread started: Agent search 2-211
2026-10-09 14:01:03,872 INFO o.a.j.t.JMeterThread: Thread is done: Agent search 2-211
2026-10-09 14:01:03,872 INFO o.a.j.t.JMeterThread: Thread finished: Agent search 2-211
2026-10-09 14:01:05,972 INFO o.a.j.t.JMeterThread: Thread started: Agent search 2-212
2026-10-09 14:01:05,995 INFO o.a.j.t.JMeterThread: Thread is done: Agent search 2-212
2026-10-09 14:01:05,995 INFO o.a.j.t.JMeterThread: Thread finished: Agent search 2-212
2026-10-09 14:01:10,047 INFO o.a.j.t.JMeterThread: Thread started: Ticket intake 1-57
2026-10-09 14:01:12,804 INFO o.a.j.t.JMeterThread: Thread started: Agent search 2-213
2026-10-09 14:01:12,835 INFO o.a.j.t.JMeterThread: Thread is done: Agent search 2-213
2026-10-09 14:01:12,835 INFO o.a.j.t.JMeterThread: Thread finished: Agent search 2-213
2026-10-09 14:01:15,673 INFO o.a.j.t.JMeterThread: Thread started: Agent search 2-214
2026-10-09 14:01:15,704 INFO o.a.j.t.JMeterThread: Thread is done: Agent search 2-214
2026-10-09 14:01:15,704 INFO o.a.j.t.JMeterThread: Thread finished: Agent search 2-214
2026-10-09 14:01:15,967 INFO o.a.j.t.JMeterThread: Thread started: Agent search 2-215
2026-10-09 14:01:16,010 INFO o.a.j.t.JMeterThread: Thread is done: Agent search 2-215
2026-10-09 14:01:16,010 INFO o.a.j.t.JMeterThread: Thread finished: Agent search 2-215
2026-10-09 14:01:18,826 INFO o.a.j.t.JMeterThread: Thread started: Agent search 2-216
2026-10-09 14:01:18,852 INFO o.a.j.t.JMeterThread: Thread is done: Agent search 2-216
2026-10-09 14:01:18,852 INFO o.a.j.t.JMeterThread: Thread finished: Agent search 2-216
2026-10-09 14:01:20,370 INFO o.a.j.t.JMeterThread: Thread started: Agent search 2-217
2026-10-09 14:01:20,414 INFO o.a.j.t.JMeterThread: Thread is done: Agent search 2-217
2026-10-09 14:01:20,414 INFO o.a.j.t.JMeterThread: Thread finished: Agent search 2-217
2026-10-09 14:01:21,310 INFO o.a.j.t.JMeterThread: Thread started: Agent search 2-218
2026-10-09 14:01:21,348 INFO o.a.j.t.JMeterThread: Thread is done: Agent search 2-218
2026-10-09 14:01:21,348 INFO o.a.j.t.JMeterThread: Thread finished: Agent search 2-218
2026-10-09 14:01:26,674 INFO o.a.j.t.JMeterThread: Thread started: Agent search 2-219
2026-10-09 14:01:26,701 INFO o.a.j.t.JMeterThread: Thread is done: Agent search 2-219
2026-10-09 14:01:26,702 INFO o.a.j.t.JMeterThread: Thread finished: Agent search 2-219
2026-10-09 14:01:28,442 INFO o.a.j.t.JMeterThread: Thread started: Agent search 2-220
2026-10-09 14:01:28,470 INFO o.a.j.t.JMeterThread: Thread is done: Agent search 2-220
2026-10-09 14:01:28,470 INFO o.a.j.t.JMeterThread: Thread finished: Agent search 2-220
2026-10-09 14:01:34,437 INFO o.a.j.t.JMeterThread: Thread started: Agent search 2-221
2026-10-09 14:01:34,465 INFO o.a.j.r.Summariser: summary +     12 in 00:00:34 =    0.4/s Avg:    29 Min:    21 Max:    43 Err:     0 (0.00%) Active: 32 Started: 278 Finished: 246
2026-10-09 14:01:34,465 INFO o.a.j.r.Summariser: summary =    247 in 00:19:25 =    0.2/s Avg: 42943 Min:    20 Max: 600190 Err:     3 (1.21%)
2026-10-09 14:01:34,465 INFO o.a.j.t.JMeterThread: Thread is done: Agent search 2-221
2026-10-09 14:01:34,465 INFO o.a.j.t.JMeterThread: Thread finished: Agent search 2-221
2026-10-09 14:01:34,684 INFO o.a.j.t.JMeterThread: Thread started: Agent search 2-222
2026-10-09 14:01:34,709 INFO o.a.j.t.JMeterThread: Thread is done: Agent search 2-222
2026-10-09 14:01:34,709 INFO o.a.j.t.JMeterThread: Thread finished: Agent search 2-222
2026-10-09 14:01:35,687 INFO o.a.j.t.JMeterThread: Thread is done: Ticket intake 1-27
2026-10-09 14:01:35,687 INFO o.a.j.t.JMeterThread: Thread finished: Ticket intake 1-27
2026-10-09 14:01:45,875 INFO o.a.j.t.JMeterThread: Thread started: Ticket intake 1-58
2026-10-09 14:01:50,106 INFO o.a.j.t.JMeterThread: Thread is done: Ticket intake 1-28
2026-10-09 14:01:50,106 INFO o.a.j.t.JMeterThread: Thread finished: Ticket intake 1-28
2026-10-09 14:01:56,300 INFO o.a.j.t.JMeterThread: Thread started: Agent search 2-223
2026-10-09 14:01:56,346 INFO o.a.j.t.JMeterThread: Thread is done: Agent search 2-223
2026-10-09 14:01:56,346 INFO o.a.j.t.JMeterThread: Thread finished: Agent search 2-223
2026-10-09 14:01:59,894 INFO o.a.j.t.JMeterThread: Thread started: Agent search 2-224
2026-10-09 14:01:59,932 INFO o.a.j.t.JMeterThread: Thread is done: Agent search 2-224
2026-10-09 14:01:59,933 INFO o.a.j.t.JMeterThread: Thread finished: Agent search 2-224
2026-10-09 14:02:03,868 INFO o.a.j.t.JMeterThread: Thread started: Agent search 2-225
2026-10-09 14:02:03,904 INFO o.a.j.r.Summariser: summary +      6 in 00:00:29 =    0.2/s Avg: 198058 Min:    24 Max: 600228 Err:     1 (16.67%) Active: 31 Started: 283 Finished: 252
2026-10-09 14:02:03,904 INFO o.a.j.r.Summariser: summary =    253 in 00:19:55 =    0.2/s Avg: 46622 Min:    20 Max: 600228 Err:     4 (1.58%)
2026-10-09 14:02:03,904 INFO o.a.j.t.JMeterThread: Thread is done: Agent search 2-225
2026-10-09 14:02:03,904 INFO o.a.j.t.JMeterThread: Thread finished: Agent search 2-225
2026-10-09 14:02:08,722 INFO o.a.j.t.JMeterThread: Thread started: Agent search 2-226
2026-10-09 14:02:08,758 INFO o.a.j.t.JMeterThread: Thread is done: Agent search 2-226
2026-10-09 14:02:08,758 INFO o.a.j.t.JMeterThread: Thread finished: Agent search 2-226
2026-10-09 14:02:14,333 INFO o.a.j.t.JMeterThread: Thread started: Agent search 2-227
2026-10-09 14:02:14,362 INFO o.a.j.t.JMeterThread: Thread is done: Agent search 2-227
2026-10-09 14:02:14,362 INFO o.a.j.t.JMeterThread: Thread finished: Agent search 2-227
2026-10-09 14:02:14,708 INFO o.a.j.t.JMeterThread: Thread started: Agent search 2-228
2026-10-09 14:02:14,744 INFO o.a.j.t.JMeterThread: Thread is done: Agent search 2-228
2026-10-09 14:02:14,745 INFO o.a.j.t.JMeterThread: Thread finished: Agent search 2-228
2026-10-09 14:02:17,963 INFO o.a.j.t.JMeterThread: Thread started: Ticket intake 1-59
2026-10-09 14:02:18,266 INFO o.a.j.t.JMeterThread: Thread is done: Ticket intake 1-29
2026-10-09 14:02:18,266 INFO o.a.j.t.JMeterThread: Thread finished: Ticket intake 1-29
2026-10-09 14:02:24,248 INFO o.a.j.t.JMeterThread: Thread started: Agent search 2-229
2026-10-09 14:02:24,278 INFO o.a.j.t.JMeterThread: Thread is done: Agent search 2-229
2026-10-09 14:02:24,279 INFO o.a.j.t.JMeterThread: Thread finished: Agent search 2-229
2026-10-09 14:02:24,562 INFO o.a.j.t.JMeterThread: Thread started: Agent search 2-230
2026-10-09 14:02:24,589 INFO o.a.j.t.JMeterThread: Thread is done: Agent search 2-230
2026-10-09 14:02:24,589 INFO o.a.j.t.JMeterThread: Thread finished: Agent search 2-230
2026-10-09 14:02:24,666 INFO o.a.j.t.JMeterThread: Thread started: Agent search 2-231
2026-10-09 14:02:24,709 INFO o.a.j.t.JMeterThread: Thread is done: Agent search 2-231
2026-10-09 14:02:24,709 INFO o.a.j.t.JMeterThread: Thread finished: Agent search 2-231
2026-10-09 14:02:29,201 INFO o.a.j.t.JMeterThread: Thread started: Ticket intake 1-60
2026-10-09 14:02:33,906 INFO o.a.j.t.JMeterThread: Thread started: Agent search 2-232
2026-10-09 14:02:33,931 INFO o.a.j.r.Summariser: summary +      8 in 00:00:30 =    0.3/s Avg: 75052 Min:    24 Max: 600196 Err:     1 (12.50%) Active: 32 Started: 292 Finished: 260
2026-10-09 14:02:33,932 INFO o.a.j.r.Summariser: summary =    261 in 00:20:25 =    0.2/s Avg: 47493 Min:    20 Max: 600228 Err:     5 (1.92%)
2026-10-09 14:02:33,932 INFO o.a.j.t.JMeterThread: Thread is done: Agent search 2-232
2026-10-09 14:02:33,932 INFO o.a.j.t.JMeterThread: Thread finished: Agent search 2-232
2026-10-09 14:02:36,074 INFO o.a.j.t.JMeterThread: Thread started: Agent search 2-233
2026-10-09 14:02:36,111 INFO o.a.j.t.JMeterThread: Thread is done: Agent search 2-233
2026-10-09 14:02:36,112 INFO o.a.j.t.JMeterThread: Thread finished: Agent search 2-233
2026-10-09 14:02:38,315 INFO o.a.j.t.JMeterThread: Thread started: Agent search 2-234
2026-10-09 14:02:38,342 INFO o.a.j.t.JMeterThread: Thread is done: Agent search 2-234
2026-10-09 14:02:38,342 INFO o.a.j.t.JMeterThread: Thread finished: Agent search 2-234
2026-10-09 14:02:40,396 INFO o.a.j.t.JMeterThread: Thread started: Ticket intake 1-61
2026-10-09 14:02:45,811 INFO o.a.j.t.JMeterThread: Thread is done: Ticket intake 1-30
2026-10-09 14:02:45,811 INFO o.a.j.t.JMeterThread: Thread finished: Ticket intake 1-30
2026-10-09 14:02:50,269 INFO o.a.j.t.JMeterThread: Thread started: Agent search 2-235
2026-10-09 14:02:50,305 INFO o.a.j.t.JMeterThread: Thread is done: Agent search 2-235
2026-10-09 14:02:50,305 INFO o.a.j.t.JMeterThread: Thread finished: Agent search 2-235
2026-10-09 14:02:56,572 INFO o.a.j.t.JMeterThread: Thread started: Agent search 2-236
2026-10-09 14:02:56,596 INFO o.a.j.t.JMeterThread: Thread is done: Agent search 2-236
2026-10-09 14:02:56,596 INFO o.a.j.t.JMeterThread: Thread finished: Agent search 2-236
2026-10-09 14:02:58,268 INFO o.a.j.t.JMeterThread: Thread started: Agent search 2-237
2026-10-09 14:02:58,294 INFO o.a.j.t.JMeterThread: Thread is done: Agent search 2-237
2026-10-09 14:02:58,294 INFO o.a.j.t.JMeterThread: Thread finished: Agent search 2-237
2026-10-09 14:03:02,131 INFO o.a.j.t.JMeterThread: Thread started: Agent search 2-238
2026-10-09 14:03:02,155 INFO o.a.j.r.Summariser: summary +      7 in 00:00:28 =    0.2/s Avg: 82323 Min:    22 Max: 576098 Err:     0 (0.00%) Active: 32 Started: 299 Finished: 267
2026-10-09 14:03:02,155 INFO o.a.j.r.Summariser: summary =    268 in 00:20:53 =    0.2/s Avg: 48403 Min:    20 Max: 600228 Err:     5 (1.87%)
2026-10-09 14:03:02,156 INFO o.a.j.t.JMeterThread: Thread is done: Agent search 2-238
2026-10-09 14:03:02,156 INFO o.a.j.t.JMeterThread: Thread finished: Agent search 2-238
2026-10-09 14:03:02,757 INFO o.a.j.t.JMeterThread: Thread started: Agent search 2-239
2026-10-09 14:03:02,790 INFO o.a.j.t.JMeterThread: Thread is done: Agent search 2-239
2026-10-09 14:03:02,792 INFO o.a.j.t.JMeterThread: Thread finished: Agent search 2-239
2026-10-09 14:03:03,456 INFO o.a.j.t.JMeterThread: Thread started: Ticket intake 1-62
2026-10-09 14:03:03,671 INFO o.a.j.t.JMeterThread: Thread started: Agent search 2-240
2026-10-09 14:03:03,695 INFO o.a.j.t.JMeterThread: Thread is done: Agent search 2-240
2026-10-09 14:03:03,695 INFO o.a.j.t.JMeterThread: Thread finished: Agent search 2-240
2026-10-09 14:03:11,719 INFO o.a.j.t.JMeterThread: Thread is done: Ticket intake 1-31
2026-10-09 14:03:11,719 INFO o.a.j.t.JMeterThread: Thread finished: Ticket intake 1-31
2026-10-09 14:03:11,821 INFO o.a.j.t.JMeterThread: Thread is done: Ticket intake 1-32
2026-10-09 14:03:11,821 INFO o.a.j.t.JMeterThread: Thread finished: Ticket intake 1-32
2026-10-09 14:03:12,570 INFO o.a.j.t.JMeterThread: Thread started: Agent search 2-241
2026-10-09 14:03:12,606 INFO o.a.j.t.JMeterThread: Thread is done: Agent search 2-241
2026-10-09 14:03:12,606 INFO o.a.j.t.JMeterThread: Thread finished: Agent search 2-241
2026-10-09 14:03:18,414 INFO o.a.j.t.JMeterThread: Thread started: Agent search 2-242
2026-10-09 14:03:18,449 INFO o.a.j.t.JMeterThread: Thread is done: Agent search 2-242
2026-10-09 14:03:18,449 INFO o.a.j.t.JMeterThread: Thread finished: Agent search 2-242
2026-10-09 14:03:18,557 INFO o.a.j.t.JMeterThread: Thread started: Agent search 2-243
2026-10-09 14:03:18,583 INFO o.a.j.t.JMeterThread: Thread is done: Agent search 2-243
2026-10-09 14:03:18,583 INFO o.a.j.t.JMeterThread: Thread finished: Agent search 2-243
2026-10-09 14:03:19,081 INFO o.a.j.t.JMeterThread: Thread started: Agent search 2-244
2026-10-09 14:03:19,122 INFO o.a.j.t.JMeterThread: Thread is done: Agent search 2-244
2026-10-09 14:03:19,122 INFO o.a.j.t.JMeterThread: Thread finished: Agent search 2-244
2026-10-09 14:03:20,504 INFO o.a.j.t.JMeterThread: Thread started: Agent search 2-245
2026-10-09 14:03:20,535 INFO o.a.j.t.JMeterThread: Thread is done: Agent search 2-245
2026-10-09 14:03:20,535 INFO o.a.j.t.JMeterThread: Thread finished: Agent search 2-245
2026-10-09 14:03:22,979 INFO o.a.j.t.JMeterThread: Thread started: Ticket intake 1-63
2026-10-09 14:03:23,505 INFO o.a.j.t.JMeterThread: Thread started: Agent search 2-246
2026-10-09 14:03:23,532 INFO o.a.j.t.JMeterThread: Thread is done: Agent search 2-246
2026-10-09 14:03:23,532 INFO o.a.j.t.JMeterThread: Thread finished: Agent search 2-246
2026-10-09 14:03:25,281 INFO o.a.j.t.JMeterThread: Thread started: Agent search 2-247
2026-10-09 14:03:25,327 INFO o.a.j.t.JMeterThread: Thread is done: Agent search 2-247
2026-10-09 14:03:25,327 INFO o.a.j.t.JMeterThread: Thread finished: Agent search 2-247
2026-10-09 14:03:29,396 INFO o.a.j.t.JMeterThread: Thread started: Agent search 2-248
2026-10-09 14:03:29,429 INFO o.a.j.t.JMeterThread: Thread is done: Agent search 2-248
2026-10-09 14:03:29,429 INFO o.a.j.t.JMeterThread: Thread finished: Agent search 2-248
2026-10-09 14:03:29,627 INFO o.a.j.t.JMeterThread: Thread started: Ticket intake 1-64
2026-10-09 14:03:36,393 INFO o.a.j.t.JMeterThread: Thread started: Agent search 2-249
2026-10-09 14:03:36,418 INFO o.a.j.t.JMeterThread: Thread is done: Agent search 2-249
2026-10-09 14:03:36,418 INFO o.a.j.t.JMeterThread: Thread finished: Agent search 2-249
2026-10-09 14:03:39,058 INFO o.a.j.t.JMeterThread: Thread started: Agent search 2-250
2026-10-09 14:03:39,091 INFO o.a.j.t.JMeterThread: Thread is done: Agent search 2-250
2026-10-09 14:03:39,091 INFO o.a.j.t.JMeterThread: Thread finished: Agent search 2-250
2026-10-09 14:03:42,616 INFO o.a.j.t.JMeterThread: Thread started: Agent search 2-251
2026-10-09 14:03:42,644 INFO o.a.j.t.JMeterThread: Thread is done: Agent search 2-251
2026-10-09 14:03:42,644 INFO o.a.j.t.JMeterThread: Thread finished: Agent search 2-251
2026-10-09 14:03:45,231 INFO o.a.j.t.JMeterThread: Thread started: Agent search 2-252
2026-10-09 14:03:45,254 INFO o.a.j.t.JMeterThread: Thread is done: Agent search 2-252
2026-10-09 14:03:45,254 INFO o.a.j.t.JMeterThread: Thread finished: Agent search 2-252
2026-10-09 14:03:48,091 INFO o.a.j.t.JMeterThread: Thread started: Agent search 2-253
2026-10-09 14:03:48,117 INFO o.a.j.t.JMeterThread: Thread is done: Agent search 2-253
2026-10-09 14:03:48,117 INFO o.a.j.t.JMeterThread: Thread finished: Agent search 2-253
2026-10-09 14:03:50,743 INFO o.a.j.t.JMeterThread: Thread started: Agent search 2-254
2026-10-09 14:03:50,771 INFO o.a.j.t.JMeterThread: Thread is done: Agent search 2-254
2026-10-09 14:03:50,771 INFO o.a.j.t.JMeterThread: Thread finished: Agent search 2-254
2026-10-09 14:03:51,654 INFO o.a.j.t.JMeterThread: Thread started: Agent search 2-255
2026-10-09 14:03:51,686 INFO o.a.j.t.JMeterThread: Thread is done: Agent search 2-255
2026-10-09 14:03:51,686 INFO o.a.j.t.JMeterThread: Thread finished: Agent search 2-255
2026-10-09 14:03:55,247 INFO o.a.j.t.JMeterThread: Thread is done: Ticket intake 1-33
2026-10-09 14:03:55,247 INFO o.a.j.t.JMeterThread: Thread finished: Ticket intake 1-33
2026-10-09 14:03:55,288 INFO o.a.j.t.JMeterThread: Thread started: Agent search 2-256
2026-10-09 14:03:55,310 INFO o.a.j.t.JMeterThread: Thread is done: Agent search 2-256
2026-10-09 14:03:55,310 INFO o.a.j.t.JMeterThread: Thread finished: Agent search 2-256
2026-10-09 14:03:55,865 INFO o.a.j.t.JMeterThread: Thread started: Ticket intake 1-65
2026-10-09 14:03:57,191 INFO o.a.j.t.JMeterThread: Thread started: Agent search 2-257
2026-10-09 14:03:57,224 INFO o.a.j.t.JMeterThread: Thread is done: Agent search 2-257
2026-10-09 14:03:57,224 INFO o.a.j.t.JMeterThread: Thread finished: Agent search 2-257
2026-10-09 14:04:00,192 INFO o.a.j.t.JMeterThread: Thread started: Agent search 2-258
2026-10-09 14:04:00,217 INFO o.a.j.r.Summariser: summary +     23 in 00:00:58 =    0.4/s Avg: 78291 Min:    21 Max: 600173 Err:     2 (8.70%) Active: 33 Started: 323 Finished: 290
2026-10-09 14:04:00,218 INFO o.a.j.r.Summariser: summary =    291 in 00:21:51 =    0.2/s Avg: 50765 Min:    20 Max: 600228 Err:     7 (2.41%)
2026-10-09 14:04:00,218 INFO o.a.j.t.JMeterThread: Thread is done: Agent search 2-258
2026-10-09 14:04:00,218 INFO o.a.j.t.JMeterThread: Thread finished: Agent search 2-258
2026-10-09 14:04:00,564 INFO o.a.j.t.JMeterThread: Thread is done: Ticket intake 1-34
2026-10-09 14:04:00,564 INFO o.a.j.t.JMeterThread: Thread finished: Ticket intake 1-34
2026-10-09 14:04:03,351 INFO o.a.j.t.JMeterThread: Thread started: Ticket intake 1-66
2026-10-09 14:04:04,238 INFO o.a.j.t.JMeterThread: Thread started: Agent search 2-259
2026-10-09 14:04:04,267 INFO o.a.j.t.JMeterThread: Thread is done: Agent search 2-259
2026-10-09 14:04:04,267 INFO o.a.j.t.JMeterThread: Thread finished: Agent search 2-259
2026-10-09 14:04:11,410 INFO o.a.j.t.JMeterThread: Thread started: Agent search 2-260
2026-10-09 14:04:11,441 INFO o.a.j.t.JMeterThread: Thread is done: Agent search 2-260
2026-10-09 14:04:11,441 INFO o.a.j.t.JMeterThread: Thread finished: Agent search 2-260
2026-10-09 14:04:14,670 INFO o.a.j.t.JMeterThread: Thread started: Agent search 2-261
2026-10-09 14:04:14,699 INFO o.a.j.t.JMeterThread: Thread is done: Agent search 2-261
2026-10-09 14:04:14,699 INFO o.a.j.t.JMeterThread: Thread finished: Agent search 2-261
2026-10-09 14:04:17,099 INFO o.a.j.t.JMeterThread: Thread started: Agent search 2-262
2026-10-09 14:04:17,135 INFO o.a.j.t.JMeterThread: Thread is done: Agent search 2-262
2026-10-09 14:04:17,136 INFO o.a.j.t.JMeterThread: Thread finished: Agent search 2-262
2026-10-09 14:04:20,954 INFO o.a.j.t.JMeterThread: Thread started: Agent search 2-263
2026-10-09 14:04:20,981 INFO o.a.j.t.JMeterThread: Thread is done: Agent search 2-263
2026-10-09 14:04:20,981 INFO o.a.j.t.JMeterThread: Thread finished: Agent search 2-263
2026-10-09 14:04:23,502 INFO o.a.j.t.JMeterThread: Thread is done: Ticket intake 1-35
2026-10-09 14:04:23,502 INFO o.a.j.t.JMeterThread: Thread finished: Ticket intake 1-35
2026-10-09 14:04:23,617 INFO o.a.j.t.JMeterThread: Thread started: Agent search 2-264
2026-10-09 14:04:23,642 INFO o.a.j.t.JMeterThread: Thread is done: Agent search 2-264
2026-10-09 14:04:23,642 INFO o.a.j.t.JMeterThread: Thread finished: Agent search 2-264
2026-10-09 14:04:37,674 INFO o.a.j.t.JMeterThread: Thread started: Agent search 2-265
2026-10-09 14:04:37,707 INFO o.a.j.t.JMeterThread: Thread is done: Agent search 2-265
2026-10-09 14:04:37,707 INFO o.a.j.t.JMeterThread: Thread finished: Agent search 2-265
2026-10-09 14:04:39,177 INFO o.a.j.t.JMeterThread: Thread is done: Ticket intake 1-36
2026-10-09 14:04:39,177 INFO o.a.j.t.JMeterThread: Thread finished: Ticket intake 1-36
2026-10-09 14:04:41,339 INFO o.a.j.t.JMeterThread: Thread started: Agent search 2-266
2026-10-09 14:04:41,372 INFO o.a.j.t.JMeterThread: Thread is done: Agent search 2-266
2026-10-09 14:04:41,372 INFO o.a.j.t.JMeterThread: Thread finished: Agent search 2-266
2026-10-09 14:04:52,781 INFO o.a.j.t.JMeterThread: Thread started: Agent search 2-267
2026-10-09 14:04:52,826 INFO o.a.j.t.JMeterThread: Thread is done: Agent search 2-267
2026-10-09 14:04:52,826 INFO o.a.j.t.JMeterThread: Thread finished: Agent search 2-267
2026-10-09 14:04:53,403 INFO o.a.j.t.JMeterThread: Thread is done: Ticket intake 1-37
2026-10-09 14:04:53,403 INFO o.a.j.t.JMeterThread: Thread finished: Ticket intake 1-37
2026-10-09 14:04:55,160 INFO o.a.j.t.JMeterThread: Thread started: Agent search 2-268
2026-10-09 14:04:55,185 INFO o.a.j.t.JMeterThread: Thread is done: Agent search 2-268
2026-10-09 14:04:55,185 INFO o.a.j.t.JMeterThread: Thread finished: Agent search 2-268
2026-10-09 14:04:59,187 INFO o.a.j.t.JMeterThread: Thread started: Agent search 2-269
2026-10-09 14:04:59,227 INFO o.a.j.t.JMeterThread: Thread is done: Agent search 2-269
2026-10-09 14:04:59,227 INFO o.a.j.t.JMeterThread: Thread finished: Agent search 2-269
2026-10-09 14:05:05,766 INFO o.a.j.r.Summariser: summary +     16 in 00:01:06 =    0.2/s Avg: 187064 Min:    24 Max: 600224 Err:     4 (25.00%) Active: 29 Started: 335 Finished: 306
2026-10-09 14:05:05,767 INFO o.a.j.r.Summariser: summary =    307 in 00:22:57 =    0.2/s Avg: 57869 Min:    20 Max: 600228 Err:    11 (3.58%)
2026-10-09 14:05:05,767 INFO o.a.j.t.JMeterThread: Thread is done: Ticket intake 1-38
2026-10-09 14:05:05,767 INFO o.a.j.t.JMeterThread: Thread finished: Ticket intake 1-38
2026-10-09 14:05:06,715 INFO o.a.j.t.JMeterThread: Thread is done: Ticket intake 1-39
2026-10-09 14:05:06,715 INFO o.a.j.t.JMeterThread: Thread finished: Ticket intake 1-39
2026-10-09 14:05:09,854 INFO o.a.j.t.JMeterThread: Thread started: Agent search 2-270
2026-10-09 14:05:09,894 INFO o.a.j.t.JMeterThread: Thread is done: Agent search 2-270
2026-10-09 14:05:09,894 INFO o.a.j.t.JMeterThread: Thread finished: Agent search 2-270
2026-10-09 14:05:13,043 INFO o.a.j.t.JMeterThread: Thread started: Agent search 2-271
2026-10-09 14:05:13,088 INFO o.a.j.t.JMeterThread: Thread is done: Agent search 2-271
2026-10-09 14:05:13,088 INFO o.a.j.t.JMeterThread: Thread finished: Agent search 2-271
2026-10-09 14:05:16,855 INFO o.a.j.t.JMeterThread: Thread started: Agent search 2-272
2026-10-09 14:05:16,879 INFO o.a.j.t.JMeterThread: Thread is done: Agent search 2-272
2026-10-09 14:05:16,879 INFO o.a.j.t.JMeterThread: Thread finished: Agent search 2-272
2026-10-09 14:05:17,381 INFO o.a.j.t.JMeterThread: Thread started: Agent search 2-273
2026-10-09 14:05:17,417 INFO o.a.j.t.JMeterThread: Thread is done: Agent search 2-273
2026-10-09 14:05:17,417 INFO o.a.j.t.JMeterThread: Thread finished: Agent search 2-273
2026-10-09 14:05:19,409 INFO o.a.j.t.JMeterThread: Thread started: Ticket intake 1-67
2026-10-09 14:05:28,117 INFO o.a.j.t.JMeterThread: Thread is done: Ticket intake 1-40
2026-10-09 14:05:28,117 INFO o.a.j.t.JMeterThread: Thread finished: Ticket intake 1-40
2026-10-09 14:05:34,744 INFO o.a.j.t.JMeterThread: Thread started: Agent search 2-274
2026-10-09 14:05:34,781 INFO o.a.j.r.Summariser: summary +      7 in 00:00:29 =    0.2/s Avg: 171499 Min:    22 Max: 600166 Err:     2 (28.57%) Active: 28 Started: 341 Finished: 313
2026-10-09 14:05:34,782 INFO o.a.j.r.Summariser: summary =    314 in 00:23:26 =    0.2/s Avg: 60402 Min:    20 Max: 600228 Err:    13 (4.14%)
2026-10-09 14:05:34,782 INFO o.a.j.t.JMeterThread: Thread is done: Agent search 2-274
2026-10-09 14:05:34,782 INFO o.a.j.t.JMeterThread: Thread finished: Agent search 2-274
2026-10-09 14:05:46,164 INFO o.a.j.t.JMeterThread: Thread started: Agent search 2-275
2026-10-09 14:05:46,210 INFO o.a.j.t.JMeterThread: Thread is done: Agent search 2-275
2026-10-09 14:05:46,210 INFO o.a.j.t.JMeterThread: Thread finished: Agent search 2-275
2026-10-09 14:05:46,247 INFO o.a.j.t.JMeterThread: Thread started: Agent search 2-276
2026-10-09 14:05:46,282 INFO o.a.j.t.JMeterThread: Thread is done: Agent search 2-276
2026-10-09 14:05:46,282 INFO o.a.j.t.JMeterThread: Thread finished: Agent search 2-276
2026-10-09 14:05:47,239 INFO o.a.j.t.JMeterThread: Thread is done: Ticket intake 1-41
2026-10-09 14:05:47,239 INFO o.a.j.t.JMeterThread: Thread finished: Ticket intake 1-41
2026-10-09 14:05:49,465 INFO o.a.j.t.JMeterThread: Thread is done: Ticket intake 1-42
2026-10-09 14:05:49,465 INFO o.a.j.t.JMeterThread: Thread finished: Ticket intake 1-42
2026-10-09 14:05:57,245 INFO o.a.j.t.JMeterThread: Thread started: Agent search 2-277
2026-10-09 14:05:57,271 INFO o.a.j.t.JMeterThread: Thread is done: Agent search 2-277
2026-10-09 14:05:57,272 INFO o.a.j.t.JMeterThread: Thread finished: Agent search 2-277
2026-10-09 14:06:01,918 INFO o.a.j.r.Summariser: summary +      6 in 00:00:27 =    0.2/s Avg: 300080 Min:    26 Max: 600130 Err:     3 (50.00%) Active: 25 Started: 344 Finished: 319
2026-10-09 14:06:01,918 INFO o.a.j.r.Summariser: summary =    320 in 00:23:53 =    0.2/s Avg: 64896 Min:    20 Max: 600228 Err:    16 (5.00%)
2026-10-09 14:06:01,918 INFO o.a.j.t.JMeterThread: Thread is done: Ticket intake 1-43
2026-10-09 14:06:01,918 INFO o.a.j.t.JMeterThread: Thread finished: Ticket intake 1-43
2026-10-09 14:06:06,209 INFO o.a.j.t.JMeterThread: Thread started: Agent search 2-278
2026-10-09 14:06:06,267 INFO o.a.j.t.JMeterThread: Thread is done: Agent search 2-278
2026-10-09 14:06:06,268 INFO o.a.j.t.JMeterThread: Thread finished: Agent search 2-278
2026-10-09 14:06:07,158 INFO o.a.j.t.JMeterThread: Thread started: Agent search 2-279
2026-10-09 14:06:07,201 INFO o.a.j.t.JMeterThread: Thread is done: Agent search 2-279
2026-10-09 14:06:07,201 INFO o.a.j.t.JMeterThread: Thread finished: Agent search 2-279
2026-10-09 14:06:11,681 INFO o.a.j.t.JMeterThread: Thread started: Agent search 2-280
2026-10-09 14:06:11,701 INFO o.a.j.t.JMeterThread: Thread is done: Agent search 2-280
2026-10-09 14:06:11,701 INFO o.a.j.t.JMeterThread: Thread finished: Agent search 2-280
2026-10-09 14:06:16,208 INFO o.a.j.t.JMeterThread: Thread started: Agent search 2-281
2026-10-09 14:06:16,236 INFO o.a.j.t.JMeterThread: Thread is done: Agent search 2-281
2026-10-09 14:06:16,236 INFO o.a.j.t.JMeterThread: Thread finished: Agent search 2-281
2026-10-09 14:06:16,897 INFO o.a.j.t.JMeterThread: Thread started: Ticket intake 1-68
2026-10-09 14:06:17,013 INFO o.a.j.t.JMeterThread: Thread started: Agent search 2-282
2026-10-09 14:06:17,037 INFO o.a.j.t.JMeterThread: Thread is done: Agent search 2-282
2026-10-09 14:06:17,037 INFO o.a.j.t.JMeterThread: Thread finished: Agent search 2-282
2026-10-09 14:06:17,443 INFO o.a.j.t.JMeterThread: Thread started: Agent search 2-283
2026-10-09 14:06:17,444 INFO o.a.j.t.JMeterThread: Thread started: Agent search 2-284
2026-10-09 14:06:17,464 INFO o.a.j.t.JMeterThread: Thread is done: Agent search 2-283
2026-10-09 14:06:17,464 INFO o.a.j.t.JMeterThread: Thread finished: Agent search 2-283
2026-10-09 14:06:17,466 INFO o.a.j.t.JMeterThread: Thread is done: Agent search 2-284
2026-10-09 14:06:17,466 INFO o.a.j.t.JMeterThread: Thread finished: Agent search 2-284
2026-10-09 14:06:20,325 INFO o.a.j.t.JMeterThread: Thread started: Ticket intake 1-69
2026-10-09 14:06:20,511 INFO o.a.j.t.JMeterThread: Thread started: Agent search 2-285
2026-10-09 14:06:20,532 INFO o.a.j.t.JMeterThread: Thread is done: Agent search 2-285
2026-10-09 14:06:20,532 INFO o.a.j.t.JMeterThread: Thread finished: Agent search 2-285
2026-10-09 14:06:24,877 INFO o.a.j.t.JMeterThread: Thread started: Agent search 2-286
2026-10-09 14:06:24,896 INFO o.a.j.t.JMeterThread: Thread is done: Agent search 2-286
2026-10-09 14:06:24,896 INFO o.a.j.t.JMeterThread: Thread finished: Agent search 2-286
2026-10-09 14:06:26,775 INFO o.a.j.t.JMeterThread: Thread started: Ticket intake 1-70
2026-10-09 14:06:28,066 INFO o.a.j.t.JMeterThread: Thread started: Agent search 2-287
2026-10-09 14:06:28,087 INFO o.a.j.t.JMeterThread: Thread is done: Agent search 2-287
2026-10-09 14:06:28,087 INFO o.a.j.t.JMeterThread: Thread finished: Agent search 2-287
2026-10-09 14:06:28,276 INFO o.a.j.t.JMeterThread: Thread started: Ticket intake 1-71
2026-10-09 14:06:29,224 INFO o.a.j.t.JMeterThread: Thread started: Agent search 2-288
2026-10-09 14:06:29,258 INFO o.a.j.t.JMeterThread: Thread is done: Agent search 2-288
2026-10-09 14:06:29,258 INFO o.a.j.t.JMeterThread: Thread finished: Agent search 2-288
2026-10-09 14:06:29,576 INFO o.a.j.t.JMeterThread: Thread started: Agent search 2-289
2026-10-09 14:06:29,598 INFO o.a.j.t.JMeterThread: Thread is done: Agent search 2-289
2026-10-09 14:06:29,598 INFO o.a.j.t.JMeterThread: Thread finished: Agent search 2-289
2026-10-09 14:06:31,315 INFO o.a.j.t.JMeterThread: Thread started: Ticket intake 1-72
2026-10-09 14:06:48,016 INFO o.a.j.t.JMeterThread: Thread is done: Ticket intake 1-44
2026-10-09 14:06:48,016 INFO o.a.j.t.JMeterThread: Thread finished: Ticket intake 1-44
2026-10-09 14:06:48,419 INFO o.a.j.t.JMeterThread: Thread started: Agent search 2-290
2026-10-09 14:06:48,440 INFO o.a.j.t.JMeterThread: Thread is done: Agent search 2-290
2026-10-09 14:06:48,440 INFO o.a.j.t.JMeterThread: Thread finished: Agent search 2-290
2026-10-09 14:06:50,633 INFO o.a.j.t.JMeterThread: Thread started: Agent search 2-291
2026-10-09 14:06:50,661 INFO o.a.j.t.JMeterThread: Thread is done: Agent search 2-291
2026-10-09 14:06:50,661 INFO o.a.j.t.JMeterThread: Thread finished: Agent search 2-291
2026-10-09 14:06:52,138 INFO o.a.j.t.JMeterThread: Thread is done: Ticket intake 1-45
2026-10-09 14:06:52,138 INFO o.a.j.t.JMeterThread: Thread finished: Ticket intake 1-45
2026-10-09 14:06:52,365 INFO o.a.j.t.JMeterThread: Thread is done: Ticket intake 1-46
2026-10-09 14:06:52,365 INFO o.a.j.t.JMeterThread: Thread finished: Ticket intake 1-46
2026-10-09 14:06:53,284 INFO o.a.j.t.JMeterThread: Thread started: Agent search 2-292
2026-10-09 14:06:53,318 INFO o.a.j.t.JMeterThread: Thread is done: Agent search 2-292
2026-10-09 14:06:53,318 INFO o.a.j.t.JMeterThread: Thread finished: Agent search 2-292
2026-10-09 14:06:53,808 INFO o.a.j.t.JMeterThread: Thread started: Agent search 2-293
2026-10-09 14:06:53,830 INFO o.a.j.t.JMeterThread: Thread is done: Agent search 2-293
2026-10-09 14:06:53,830 INFO o.a.j.t.JMeterThread: Thread finished: Agent search 2-293
2026-10-09 14:06:53,983 INFO o.a.j.t.JMeterThread: Thread started: Ticket intake 1-73
2026-10-09 14:06:54,424 INFO o.a.j.t.JMeterThread: Thread started: Agent search 2-294
2026-10-09 14:06:54,448 INFO o.a.j.t.JMeterThread: Thread is done: Agent search 2-294
2026-10-09 14:06:54,448 INFO o.a.j.t.JMeterThread: Thread finished: Agent search 2-294
2026-10-09 14:06:55,134 INFO o.a.j.t.JMeterThread: Thread started: Agent search 2-295
2026-10-09 14:06:55,169 INFO o.a.j.t.JMeterThread: Thread is done: Agent search 2-295
2026-10-09 14:06:55,169 INFO o.a.j.t.JMeterThread: Thread finished: Agent search 2-295
2026-10-09 14:06:55,225 INFO o.a.j.t.JMeterThread: Thread started: Agent search 2-296
2026-10-09 14:06:55,252 INFO o.a.j.t.JMeterThread: Thread is done: Agent search 2-296
2026-10-09 14:06:55,252 INFO o.a.j.t.JMeterThread: Thread finished: Agent search 2-296
2026-10-09 14:06:56,774 INFO o.a.j.t.JMeterThread: Thread started: Agent search 2-297
2026-10-09 14:06:56,815 INFO o.a.j.t.JMeterThread: Thread is done: Agent search 2-297
2026-10-09 14:06:56,815 INFO o.a.j.t.JMeterThread: Thread finished: Agent search 2-297
2026-10-09 14:06:59,572 INFO o.a.j.t.JMeterThread: Thread started: Agent search 2-298
2026-10-09 14:06:59,598 INFO o.a.j.t.JMeterThread: Thread is done: Agent search 2-298
2026-10-09 14:06:59,598 INFO o.a.j.t.JMeterThread: Thread finished: Agent search 2-298
2026-10-09 14:07:02,527 INFO o.a.j.t.JMeterThread: Thread started: Agent search 2-299
2026-10-09 14:07:02,555 INFO o.a.j.r.Summariser: summary +     25 in 00:01:01 =    0.4/s Avg: 72034 Min:    18 Max: 600132 Err:     3 (12.00%) Active: 28 Started: 372 Finished: 344
2026-10-09 14:07:02,556 INFO o.a.j.r.Summariser: summary =    345 in 00:24:54 =    0.2/s Avg: 65413 Min:    18 Max: 600228 Err:    19 (5.51%)
2026-10-09 14:07:02,556 INFO o.a.j.t.JMeterThread: Thread is done: Agent search 2-299
2026-10-09 14:07:02,556 INFO o.a.j.t.JMeterThread: Thread finished: Agent search 2-299
2026-10-09 14:07:06,463 INFO o.a.j.t.JMeterThread: Thread started: Agent search 2-300
2026-10-09 14:07:06,493 INFO o.a.j.t.JMeterThread: Thread is done: Agent search 2-300
2026-10-09 14:07:06,493 INFO o.a.j.t.JMeterThread: Thread finished: Agent search 2-300
2026-10-09 14:07:16,871 INFO o.a.j.t.JMeterThread: Thread started: Agent search 2-301
2026-10-09 14:07:16,900 INFO o.a.j.t.JMeterThread: Thread is done: Agent search 2-301
2026-10-09 14:07:16,901 INFO o.a.j.t.JMeterThread: Thread finished: Agent search 2-301
2026-10-09 14:07:18,984 INFO o.a.j.t.JMeterThread: Thread started: Agent search 2-302
2026-10-09 14:07:19,005 INFO o.a.j.t.JMeterThread: Thread is done: Agent search 2-302
2026-10-09 14:07:19,005 INFO o.a.j.t.JMeterThread: Thread finished: Agent search 2-302
2026-10-09 14:07:19,317 INFO o.a.j.t.JMeterThread: Thread started: Agent search 2-303
2026-10-09 14:07:19,339 INFO o.a.j.t.JMeterThread: Thread is done: Agent search 2-303
2026-10-09 14:07:19,339 INFO o.a.j.t.JMeterThread: Thread finished: Agent search 2-303
2026-10-09 14:07:19,967 INFO o.a.j.t.JMeterThread: Thread started: Ticket intake 1-74
2026-10-09 14:07:20,098 INFO o.a.j.t.JMeterThread: Thread started: Agent search 2-304
2026-10-09 14:07:20,135 INFO o.a.j.t.JMeterThread: Thread is done: Agent search 2-304
2026-10-09 14:07:20,135 INFO o.a.j.t.JMeterThread: Thread finished: Agent search 2-304
2026-10-09 14:07:20,991 INFO o.a.j.t.JMeterThread: Thread started: Ticket intake 1-75
2026-10-09 14:07:21,647 INFO o.a.j.t.JMeterThread: Thread started: Agent search 2-305
2026-10-09 14:07:21,670 INFO o.a.j.t.JMeterThread: Thread is done: Agent search 2-305
2026-10-09 14:07:21,670 INFO o.a.j.t.JMeterThread: Thread finished: Agent search 2-305
2026-10-09 14:07:25,977 INFO o.a.j.t.JMeterThread: Thread started: Agent search 2-306
2026-10-09 14:07:26,007 INFO o.a.j.t.JMeterThread: Thread is done: Agent search 2-306
2026-10-09 14:07:26,007 INFO o.a.j.t.JMeterThread: Thread finished: Agent search 2-306
2026-10-09 14:07:28,160 INFO o.a.j.t.JMeterThread: Thread started: Agent search 2-307
2026-10-09 14:07:28,184 INFO o.a.j.t.JMeterThread: Thread is done: Agent search 2-307
2026-10-09 14:07:28,184 INFO o.a.j.t.JMeterThread: Thread finished: Agent search 2-307
2026-10-09 14:07:29,758 INFO o.a.j.t.JMeterThread: Thread started: Agent search 2-308
2026-10-09 14:07:29,784 INFO o.a.j.t.JMeterThread: Thread is done: Agent search 2-308
2026-10-09 14:07:29,784 INFO o.a.j.t.JMeterThread: Thread finished: Agent search 2-308
2026-10-09 14:07:30,401 INFO o.a.j.r.Summariser: summary +     10 in 00:00:28 =    0.4/s Avg: 59470 Min:    19 Max: 594476 Err:     0 (0.00%) Active: 29 Started: 383 Finished: 354
2026-10-09 14:07:30,401 INFO o.a.j.r.Summariser: summary =    355 in 00:25:21 =    0.2/s Avg: 65246 Min:    18 Max: 600228 Err:    19 (5.35%)
2026-10-09 14:07:30,401 INFO o.a.j.t.JMeterThread: Thread is done: Ticket intake 1-47
2026-10-09 14:07:30,401 INFO o.a.j.t.JMeterThread: Thread finished: Ticket intake 1-47
2026-10-09 14:07:39,783 INFO o.a.j.t.JMeterThread: Thread started: Agent search 2-309
2026-10-09 14:07:39,804 INFO o.a.j.t.JMeterThread: Thread is done: Agent search 2-309
2026-10-09 14:07:39,804 INFO o.a.j.t.JMeterThread: Thread finished: Agent search 2-309
2026-10-09 14:07:40,461 INFO o.a.j.t.JMeterThread: Thread started: Agent search 2-310
2026-10-09 14:07:40,482 INFO o.a.j.t.JMeterThread: Thread is done: Agent search 2-310
2026-10-09 14:07:40,482 INFO o.a.j.t.JMeterThread: Thread finished: Agent search 2-310
2026-10-09 14:07:49,526 INFO o.a.j.t.JMeterThread: Thread started: Agent search 2-311
2026-10-09 14:07:49,562 INFO o.a.j.t.JMeterThread: Thread is done: Agent search 2-311
2026-10-09 14:07:49,562 INFO o.a.j.t.JMeterThread: Thread finished: Agent search 2-311
2026-10-09 14:07:52,246 INFO o.a.j.t.JMeterThread: Thread started: Agent search 2-312
2026-10-09 14:07:52,273 INFO o.a.j.t.JMeterThread: Thread is done: Agent search 2-312
2026-10-09 14:07:52,273 INFO o.a.j.t.JMeterThread: Thread finished: Agent search 2-312
2026-10-09 14:07:56,047 INFO o.a.j.t.JMeterThread: Thread started: Agent search 2-313
2026-10-09 14:07:56,069 INFO o.a.j.t.JMeterThread: Thread is done: Agent search 2-313
2026-10-09 14:07:56,069 INFO o.a.j.t.JMeterThread: Thread finished: Agent search 2-313
2026-10-09 14:07:58,487 INFO o.a.j.t.JMeterThread: Thread started: Ticket intake 1-76
2026-10-09 14:08:04,050 INFO o.a.j.t.JMeterThread: Thread started: Agent search 2-314
2026-10-09 14:08:04,084 INFO o.a.j.r.Summariser: summary +      6 in 00:00:34 =    0.2/s Avg:    26 Min:    20 Max:    36 Err:     0 (0.00%) Active: 30 Started: 390 Finished: 360
2026-10-09 14:08:04,100 INFO o.a.j.r.Summariser: summary =    361 in 00:25:55 =    0.2/s Avg: 64162 Min:    18 Max: 600228 Err:    19 (5.26%)
2026-10-09 14:08:04,100 INFO o.a.j.t.JMeterThread: Thread is done: Agent search 2-314
2026-10-09 14:08:04,100 INFO o.a.j.t.JMeterThread: Thread finished: Agent search 2-314
2026-10-09 14:08:04,381 INFO o.a.j.t.JMeterThread: Thread is done: Ticket intake 1-48
2026-10-09 14:08:04,381 INFO o.a.j.t.JMeterThread: Thread finished: Ticket intake 1-48
2026-10-09 14:08:05,260 INFO o.a.j.t.JMeterThread: Thread started: Agent search 2-315
2026-10-09 14:08:05,297 INFO o.a.j.t.JMeterThread: Thread is done: Agent search 2-315
2026-10-09 14:08:05,297 INFO o.a.j.t.JMeterThread: Thread finished: Agent search 2-315
2026-10-09 14:08:12,384 INFO o.a.j.t.JMeterThread: Thread started: Agent search 2-316
2026-10-09 14:08:12,409 INFO o.a.j.t.JMeterThread: Thread is done: Agent search 2-316
2026-10-09 14:08:12,409 INFO o.a.j.t.JMeterThread: Thread finished: Agent search 2-316
2026-10-09 14:08:12,973 INFO o.a.j.t.JMeterThread: Thread started: Agent search 2-317
2026-10-09 14:08:13,026 INFO o.a.j.t.JMeterThread: Thread is done: Agent search 2-317
2026-10-09 14:08:13,026 INFO o.a.j.t.JMeterThread: Thread finished: Agent search 2-317
2026-10-09 14:08:18,335 INFO o.a.j.t.JMeterThread: Thread started: Agent search 2-318
2026-10-09 14:08:18,374 INFO o.a.j.t.JMeterThread: Thread is done: Agent search 2-318
2026-10-09 14:08:18,374 INFO o.a.j.t.JMeterThread: Thread finished: Agent search 2-318
2026-10-09 14:08:22,871 INFO o.a.j.t.JMeterThread: Thread started: Agent search 2-319
2026-10-09 14:08:22,891 INFO o.a.j.t.JMeterThread: Thread is done: Agent search 2-319
2026-10-09 14:08:22,891 INFO o.a.j.t.JMeterThread: Thread finished: Agent search 2-319
2026-10-09 14:08:23,224 INFO o.a.j.t.JMeterThread: Thread started: Agent search 2-320
2026-10-09 14:08:23,253 INFO o.a.j.t.JMeterThread: Thread is done: Agent search 2-320
2026-10-09 14:08:23,253 INFO o.a.j.t.JMeterThread: Thread finished: Agent search 2-320
2026-10-09 14:08:27,295 INFO o.a.j.t.JMeterThread: Thread started: Agent search 2-321
2026-10-09 14:08:27,320 INFO o.a.j.t.JMeterThread: Thread is done: Agent search 2-321
2026-10-09 14:08:27,320 INFO o.a.j.t.JMeterThread: Thread finished: Agent search 2-321
2026-10-09 14:08:28,952 INFO o.a.j.t.JMeterThread: Thread started: Agent search 2-322
2026-10-09 14:08:28,982 INFO o.a.j.t.JMeterThread: Thread is done: Agent search 2-322
2026-10-09 14:08:28,982 INFO o.a.j.t.JMeterThread: Thread finished: Agent search 2-322
2026-10-09 14:08:33,050 INFO o.a.j.t.JMeterThread: Thread started: Ticket intake 1-77
2026-10-09 14:08:33,317 INFO o.a.j.t.JMeterThread: Thread started: Agent search 2-323
2026-10-09 14:08:33,351 INFO o.a.j.r.Summariser: summary +     10 in 00:00:29 =    0.3/s Avg: 58682 Min:    20 Max: 586538 Err:     0 (0.00%) Active: 30 Started: 400 Finished: 370
2026-10-09 14:08:33,351 INFO o.a.j.r.Summariser: summary =    371 in 00:26:24 =    0.2/s Avg: 64014 Min:    18 Max: 600228 Err:    19 (5.12%)
2026-10-09 14:08:33,351 INFO o.a.j.t.JMeterThread: Thread is done: Agent search 2-323
2026-10-09 14:08:33,351 INFO o.a.j.t.JMeterThread: Thread finished: Agent search 2-323
2026-10-09 14:08:36,305 INFO o.a.j.t.JMeterThread: Thread started: Agent search 2-324
2026-10-09 14:08:36,332 INFO o.a.j.t.JMeterThread: Thread is done: Agent search 2-324
2026-10-09 14:08:36,332 INFO o.a.j.t.JMeterThread: Thread finished: Agent search 2-324
2026-10-09 14:08:38,686 INFO o.a.j.t.JMeterThread: Thread is done: Ticket intake 1-49
2026-10-09 14:08:38,686 INFO o.a.j.t.JMeterThread: Thread finished: Ticket intake 1-49
2026-10-09 14:08:39,992 INFO o.a.j.t.JMeterThread: Thread started: Ticket intake 1-78
2026-10-09 14:08:40,988 INFO o.a.j.t.JMeterThread: Thread started: Ticket intake 1-79
2026-10-09 14:08:44,275 INFO o.a.j.t.JMeterThread: Thread started: Agent search 2-325
2026-10-09 14:08:44,321 INFO o.a.j.t.JMeterThread: Thread is done: Agent search 2-325
2026-10-09 14:08:44,321 INFO o.a.j.t.JMeterThread: Thread finished: Agent search 2-325
2026-10-09 14:08:48,402 INFO o.a.j.t.JMeterThread: Thread started: Agent search 2-326
2026-10-09 14:08:48,422 INFO o.a.j.t.JMeterThread: Thread is done: Agent search 2-326
2026-10-09 14:08:48,422 INFO o.a.j.t.JMeterThread: Thread finished: Agent search 2-326
2026-10-09 14:08:56,023 INFO o.a.j.t.JMeterThread: Thread started: Agent search 2-327
2026-10-09 14:08:56,049 INFO o.a.j.t.JMeterThread: Thread is done: Agent search 2-327
2026-10-09 14:08:56,049 INFO o.a.j.t.JMeterThread: Thread finished: Agent search 2-327
2026-10-09 14:08:57,005 INFO o.a.j.t.JMeterThread: Thread started: Agent search 2-328
2026-10-09 14:08:57,027 INFO o.a.j.t.JMeterThread: Thread is done: Agent search 2-328
2026-10-09 14:08:57,027 INFO o.a.j.t.JMeterThread: Thread finished: Agent search 2-328
2026-10-09 14:08:57,193 INFO o.a.j.t.JMeterThread: Thread started: Agent search 2-329
2026-10-09 14:08:57,209 INFO o.a.j.t.JMeterThread: Thread started: Agent search 2-330
2026-10-09 14:08:57,223 INFO o.a.j.t.JMeterThread: Thread is done: Agent search 2-329
2026-10-09 14:08:57,223 INFO o.a.j.t.JMeterThread: Thread finished: Agent search 2-329
2026-10-09 14:08:57,233 INFO o.a.j.t.JMeterThread: Thread is done: Agent search 2-330
2026-10-09 14:08:57,233 INFO o.a.j.t.JMeterThread: Thread finished: Agent search 2-330
2026-10-09 14:08:57,379 INFO o.a.j.t.JMeterThread: Thread started: Ticket intake 1-80
2026-10-09 14:08:57,844 INFO o.a.j.t.JMeterThread: Thread started: Ticket intake 1-81
2026-10-09 14:09:00,241 INFO o.a.j.t.JMeterThread: Thread started: Ticket intake 1-82
2026-10-09 14:09:02,136 INFO o.a.j.r.Summariser: summary +      9 in 00:00:29 =    0.3/s Avg: 133383 Min:    19 Max: 600133 Err:     2 (22.22%) Active: 33 Started: 412 Finished: 379
2026-10-09 14:09:02,137 INFO o.a.j.r.Summariser: summary =    380 in 00:26:53 =    0.2/s Avg: 65657 Min:    18 Max: 600228 Err:    21 (5.53%)
2026-10-09 14:09:02,137 INFO o.a.j.t.JMeterThread: Thread is done: Ticket intake 1-50
2026-10-09 14:09:02,137 INFO o.a.j.t.JMeterThread: Thread finished: Ticket intake 1-50
2026-10-09 14:09:03,065 INFO o.a.j.t.JMeterThread: Thread started: Ticket intake 1-83
2026-10-09 14:09:07,684 INFO o.a.j.t.JMeterThread: Thread started: Agent search 2-331
2026-10-09 14:09:07,717 INFO o.a.j.t.JMeterThread: Thread is done: Agent search 2-331
2026-10-09 14:09:07,718 INFO o.a.j.t.JMeterThread: Thread finished: Agent search 2-331
2026-10-09 14:09:16,677 INFO o.a.j.t.JMeterThread: Thread is done: Ticket intake 1-51
2026-10-09 14:09:16,677 INFO o.a.j.t.JMeterThread: Thread finished: Ticket intake 1-51
2026-10-09 14:09:18,271 INFO o.a.j.t.JMeterThread: Thread started: Agent search 2-332
2026-10-09 14:09:18,311 INFO o.a.j.t.JMeterThread: Thread is done: Agent search 2-332
2026-10-09 14:09:18,311 INFO o.a.j.t.JMeterThread: Thread finished: Agent search 2-332
2026-10-09 14:09:23,833 INFO o.a.j.t.JMeterThread: Thread started: Agent search 2-333
2026-10-09 14:09:23,882 INFO o.a.j.t.JMeterThread: Thread is done: Agent search 2-333
2026-10-09 14:09:23,882 INFO o.a.j.t.JMeterThread: Thread finished: Agent search 2-333
2026-10-09 14:09:23,917 INFO o.a.j.t.JMeterThread: Thread started: Agent search 2-334
2026-10-09 14:09:23,947 INFO o.a.j.t.JMeterThread: Thread is done: Agent search 2-334
2026-10-09 14:09:23,947 INFO o.a.j.t.JMeterThread: Thread finished: Agent search 2-334
2026-10-09 14:09:24,564 INFO o.a.j.t.JMeterThread: Thread started: Agent search 2-335
2026-10-09 14:09:24,615 INFO o.a.j.t.JMeterThread: Thread is done: Agent search 2-335
2026-10-09 14:09:24,615 INFO o.a.j.t.JMeterThread: Thread finished: Agent search 2-335
2026-10-09 14:09:26,113 INFO o.a.j.t.JMeterThread: Thread started: Agent search 2-336
2026-10-09 14:09:26,161 INFO o.a.j.t.JMeterThread: Thread is done: Agent search 2-336
2026-10-09 14:09:26,162 INFO o.a.j.t.JMeterThread: Thread finished: Agent search 2-336
2026-10-09 14:09:26,256 INFO o.a.j.t.JMeterThread: Thread started: Agent search 2-337
2026-10-09 14:09:26,277 INFO o.a.j.t.JMeterThread: Thread is done: Agent search 2-337
2026-10-09 14:09:26,277 INFO o.a.j.t.JMeterThread: Thread finished: Agent search 2-337
2026-10-09 14:09:27,752 INFO o.a.j.t.JMeterThread: Thread started: Agent search 2-338
2026-10-09 14:09:27,787 INFO o.a.j.t.JMeterThread: Thread is done: Agent search 2-338
2026-10-09 14:09:27,787 INFO o.a.j.t.JMeterThread: Thread finished: Agent search 2-338
2026-10-09 14:09:28,884 INFO o.a.j.t.JMeterThread: Thread started: Ticket intake 1-84
2026-10-09 14:09:30,149 INFO o.a.j.t.JMeterThread: Thread started: Agent search 2-339
2026-10-09 14:09:30,181 INFO o.a.j.r.Summariser: summary +     10 in 00:00:28 =    0.4/s Avg: 60050 Min:    20 Max: 600174 Err:     1 (10.00%) Active: 34 Started: 423 Finished: 389
2026-10-09 14:09:30,181 INFO o.a.j.r.Summariser: summary =    390 in 00:27:21 =    0.2/s Avg: 65513 Min:    18 Max: 600228 Err:    22 (5.64%)
2026-10-09 14:09:30,182 INFO o.a.j.t.JMeterThread: Thread is done: Agent search 2-339
2026-10-09 14:09:30,182 INFO o.a.j.t.JMeterThread: Thread finished: Agent search 2-339
2026-10-09 14:09:31,421 INFO o.a.j.t.JMeterThread: Thread started: Agent search 2-340
2026-10-09 14:09:31,446 INFO o.a.j.t.JMeterThread: Thread is done: Agent search 2-340
2026-10-09 14:09:31,446 INFO o.a.j.t.JMeterThread: Thread finished: Agent search 2-340
2026-10-09 14:09:32,651 INFO o.a.j.t.JMeterThread: Thread is done: Ticket intake 1-52
2026-10-09 14:09:32,651 INFO o.a.j.t.JMeterThread: Thread finished: Ticket intake 1-52
2026-10-09 14:09:33,858 INFO o.a.j.t.JMeterThread: Thread started: Agent search 2-341
2026-10-09 14:09:33,898 INFO o.a.j.t.JMeterThread: Thread is done: Agent search 2-341
2026-10-09 14:09:33,898 INFO o.a.j.t.JMeterThread: Thread finished: Agent search 2-341
2026-10-09 14:09:38,448 INFO o.a.j.t.JMeterThread: Thread started: Agent search 2-342
2026-10-09 14:09:38,474 INFO o.a.j.t.JMeterThread: Thread is done: Agent search 2-342
2026-10-09 14:09:38,474 INFO o.a.j.t.JMeterThread: Thread finished: Agent search 2-342
2026-10-09 14:09:44,019 INFO o.a.j.t.JMeterThread: Thread is done: Ticket intake 1-53
2026-10-09 14:09:44,019 INFO o.a.j.t.JMeterThread: Thread finished: Ticket intake 1-53
2026-10-09 14:09:46,428 INFO o.a.j.t.JMeterThread: Thread started: Agent search 2-343
2026-10-09 14:09:46,463 INFO o.a.j.t.JMeterThread: Thread is done: Agent search 2-343
2026-10-09 14:09:46,463 INFO o.a.j.t.JMeterThread: Thread finished: Agent search 2-343
2026-10-09 14:09:47,015 INFO o.a.j.t.JMeterThread: Thread started: Agent search 2-344
2026-10-09 14:09:47,072 INFO o.a.j.t.JMeterThread: Thread is done: Agent search 2-344
2026-10-09 14:09:47,073 INFO o.a.j.t.JMeterThread: Thread finished: Agent search 2-344
2026-10-09 14:09:50,105 INFO o.a.j.t.JMeterThread: Thread started: Ticket intake 1-85
2026-10-09 14:09:53,990 INFO o.a.j.t.JMeterThread: Thread started: Agent search 2-345
2026-10-09 14:09:54,033 INFO o.a.j.t.JMeterThread: Thread is done: Agent search 2-345
2026-10-09 14:09:54,033 INFO o.a.j.t.JMeterThread: Thread finished: Agent search 2-345
2026-10-09 14:09:54,464 INFO o.a.j.t.JMeterThread: Thread is done: Ticket intake 1-54
2026-10-09 14:09:54,464 INFO o.a.j.t.JMeterThread: Thread finished: Ticket intake 1-54
2026-10-09 14:09:55,426 INFO o.a.j.t.JMeterThread: Thread started: Agent search 2-346
2026-10-09 14:09:55,449 INFO o.a.j.t.JMeterThread: Thread is done: Agent search 2-346
2026-10-09 14:09:55,449 INFO o.a.j.t.JMeterThread: Thread finished: Agent search 2-346
2026-10-09 14:09:56,989 INFO o.a.j.t.JMeterThread: Thread started: Agent search 2-347
2026-10-09 14:09:57,021 INFO o.a.j.t.JMeterThread: Thread is done: Agent search 2-347
2026-10-09 14:09:57,021 INFO o.a.j.t.JMeterThread: Thread finished: Agent search 2-347
2026-10-09 14:09:59,678 INFO o.a.j.t.JMeterThread: Thread started: Agent search 2-348
2026-10-09 14:09:59,723 INFO o.a.j.t.JMeterThread: Thread is done: Agent search 2-348
2026-10-09 14:09:59,723 INFO o.a.j.t.JMeterThread: Thread finished: Agent search 2-348
2026-10-09 14:10:00,252 INFO o.a.j.t.JMeterThread: Thread started: Agent search 2-349
2026-10-09 14:10:00,516 INFO o.a.j.r.Summariser: summary +     13 in 00:00:30 =    0.4/s Avg: 138538 Min:    23 Max: 600191 Err:     3 (23.08%) Active: 32 Started: 434 Finished: 402
2026-10-09 14:10:00,517 INFO o.a.j.r.Summariser: summary =    403 in 00:27:51 =    0.2/s Avg: 67869 Min:    18 Max: 600228 Err:    25 (6.20%)
2026-10-09 14:10:00,517 INFO o.a.j.t.JMeterThread: Thread is done: Agent search 2-349
2026-10-09 14:10:00,517 INFO o.a.j.t.JMeterThread: Thread finished: Agent search 2-349
2026-10-09 14:10:02,944 INFO o.a.j.t.JMeterThread: Thread started: Ticket intake 1-86
2026-10-09 14:10:05,684 INFO o.a.j.t.JMeterThread: Thread started: Agent search 2-350
2026-10-09 14:10:05,721 INFO o.a.j.t.JMeterThread: Thread is done: Agent search 2-350
2026-10-09 14:10:05,721 INFO o.a.j.t.JMeterThread: Thread finished: Agent search 2-350
2026-10-09 14:10:10,235 INFO o.a.j.t.JMeterThread: Thread is done: Ticket intake 1-55
2026-10-09 14:10:10,235 INFO o.a.j.t.JMeterThread: Thread finished: Ticket intake 1-55
2026-10-09 14:10:17,390 INFO o.a.j.t.JMeterThread: Thread started: Agent search 2-351
2026-10-09 14:10:17,431 INFO o.a.j.t.JMeterThread: Thread is done: Agent search 2-351
2026-10-09 14:10:17,431 INFO o.a.j.t.JMeterThread: Thread finished: Agent search 2-351
2026-10-09 14:10:19,514 INFO o.a.j.t.JMeterThread: Thread started: Agent search 2-352
2026-10-09 14:10:19,550 INFO o.a.j.t.JMeterThread: Thread is done: Agent search 2-352
2026-10-09 14:10:19,550 INFO o.a.j.t.JMeterThread: Thread finished: Agent search 2-352
2026-10-09 14:10:23,226 INFO o.a.j.t.JMeterThread: Thread started: Agent search 2-353
2026-10-09 14:10:23,277 INFO o.a.j.t.JMeterThread: Thread is done: Agent search 2-353
2026-10-09 14:10:23,277 INFO o.a.j.t.JMeterThread: Thread finished: Agent search 2-353
2026-10-09 14:10:25,075 INFO o.a.j.t.JMeterThread: Thread started: Agent search 2-354
2026-10-09 14:10:25,112 INFO o.a.j.t.JMeterThread: Thread started: Agent search 2-355
2026-10-09 14:10:25,120 INFO o.a.j.t.JMeterThread: Thread is done: Agent search 2-354
2026-10-09 14:10:25,120 INFO o.a.j.t.JMeterThread: Thread finished: Agent search 2-354
2026-10-09 14:10:25,141 INFO o.a.j.t.JMeterThread: Thread is done: Agent search 2-355
2026-10-09 14:10:25,141 INFO o.a.j.t.JMeterThread: Thread finished: Agent search 2-355
2026-10-09 14:10:25,907 INFO o.a.j.t.JMeterThread: Thread started: Agent search 2-356
2026-10-09 14:10:25,927 INFO o.a.j.t.JMeterThread: Thread is done: Agent search 2-356
2026-10-09 14:10:25,927 INFO o.a.j.t.JMeterThread: Thread finished: Agent search 2-356
2026-10-09 14:10:31,333 INFO o.a.j.t.JMeterThread: Thread started: Agent search 2-357
2026-10-09 14:10:31,359 INFO o.a.j.r.Summariser: summary +      9 in 00:00:31 =    0.3/s Avg: 66717 Min:    19 Max: 600181 Err:     1 (11.11%) Active: 32 Started: 443 Finished: 411
2026-10-09 14:10:31,359 INFO o.a.j.r.Summariser: summary =    412 in 00:28:22 =    0.2/s Avg: 67844 Min:    18 Max: 600228 Err:    26 (6.31%)
2026-10-09 14:10:31,359 INFO o.a.j.t.JMeterThread: Thread is done: Agent search 2-357
2026-10-09 14:10:31,359 INFO o.a.j.t.JMeterThread: Thread finished: Agent search 2-357
2026-10-09 14:10:36,846 INFO o.a.j.t.JMeterThread: Thread started: Ticket intake 1-87
2026-10-09 14:10:44,326 INFO o.a.j.t.JMeterThread: Thread started: Ticket intake 1-88
2026-10-09 14:10:44,841 INFO o.a.j.t.JMeterThread: Thread started: Agent search 2-358
2026-10-09 14:10:44,866 INFO o.a.j.t.JMeterThread: Thread is done: Agent search 2-358
2026-10-09 14:10:44,866 INFO o.a.j.t.JMeterThread: Thread finished: Agent search 2-358
2026-10-09 14:10:47,307 INFO o.a.j.t.JMeterThread: Thread started: Agent search 2-359
2026-10-09 14:10:47,326 INFO o.a.j.t.JMeterThread: Thread is done: Agent search 2-359
2026-10-09 14:10:47,326 INFO o.a.j.t.JMeterThread: Thread finished: Agent search 2-359
2026-10-09 14:10:51,957 INFO o.a.j.t.JMeterThread: Thread started: Agent search 2-360
2026-10-09 14:10:51,981 INFO o.a.j.t.JMeterThread: Thread is done: Agent search 2-360
2026-10-09 14:10:51,981 INFO o.a.j.t.JMeterThread: Thread finished: Agent search 2-360
2026-10-09 14:10:52,005 INFO o.a.j.t.JMeterThread: Thread started: Agent search 2-361
2026-10-09 14:10:52,026 INFO o.a.j.t.JMeterThread: Thread is done: Agent search 2-361
2026-10-09 14:10:52,026 INFO o.a.j.t.JMeterThread: Thread finished: Agent search 2-361
2026-10-09 14:10:52,900 INFO o.a.j.t.JMeterThread: Thread started: Agent search 2-362
2026-10-09 14:10:52,940 INFO o.a.j.t.JMeterThread: Thread is done: Agent search 2-362
2026-10-09 14:10:52,940 INFO o.a.j.t.JMeterThread: Thread finished: Agent search 2-362
2026-10-09 14:10:52,986 INFO o.a.j.t.JMeterThread: Thread started: Agent search 2-363
2026-10-09 14:10:53,016 INFO o.a.j.t.JMeterThread: Thread is done: Agent search 2-363
2026-10-09 14:10:53,016 INFO o.a.j.t.JMeterThread: Thread finished: Agent search 2-363
2026-10-09 14:10:55,068 INFO o.a.j.t.JMeterThread: Thread started: Agent search 2-364
2026-10-09 14:10:55,105 INFO o.a.j.t.JMeterThread: Thread is done: Agent search 2-364
2026-10-09 14:10:55,105 INFO o.a.j.t.JMeterThread: Thread finished: Agent search 2-364
2026-10-09 14:10:55,596 INFO o.a.j.t.JMeterThread: Thread is done: Ticket intake 1-56
2026-10-09 14:10:55,596 INFO o.a.j.t.JMeterThread: Thread finished: Ticket intake 1-56
2026-10-09 14:10:56,005 INFO o.a.j.t.JMeterThread: Thread started: Agent search 2-365
2026-10-09 14:10:56,030 INFO o.a.j.t.JMeterThread: Thread is done: Agent search 2-365
2026-10-09 14:10:56,030 INFO o.a.j.t.JMeterThread: Thread finished: Agent search 2-365
2026-10-09 14:11:00,381 INFO o.a.j.t.JMeterThread: Thread started: Agent search 2-366
2026-10-09 14:11:00,405 INFO o.a.j.r.Summariser: summary +     10 in 00:00:29 =    0.3/s Avg: 60046 Min:    19 Max: 600232 Err:     1 (10.00%) Active: 33 Started: 454 Finished: 421
2026-10-09 14:11:00,405 INFO o.a.j.r.Summariser: summary =    422 in 00:28:51 =    0.2/s Avg: 67659 Min:    18 Max: 600232 Err:    27 (6.40%)
2026-10-09 14:11:00,405 INFO o.a.j.t.JMeterThread: Thread is done: Agent search 2-366
2026-10-09 14:11:00,405 INFO o.a.j.t.JMeterThread: Thread finished: Agent search 2-366
2026-10-09 14:11:09,124 INFO o.a.j.t.JMeterThread: Thread started: Agent search 2-367
2026-10-09 14:11:09,166 INFO o.a.j.t.JMeterThread: Thread is done: Agent search 2-367
2026-10-09 14:11:09,166 INFO o.a.j.t.JMeterThread: Thread finished: Agent search 2-367
2026-10-09 14:11:09,666 INFO o.a.j.t.JMeterThread: Thread started: Agent search 2-368
2026-10-09 14:11:09,716 INFO o.a.j.t.JMeterThread: Thread is done: Agent search 2-368
2026-10-09 14:11:09,716 INFO o.a.j.t.JMeterThread: Thread finished: Agent search 2-368
2026-10-09 14:11:10,138 INFO o.a.j.t.JMeterThread: Thread is done: Ticket intake 1-57
2026-10-09 14:11:10,138 INFO o.a.j.t.JMeterThread: Thread finished: Ticket intake 1-57
2026-10-09 14:11:26,753 INFO o.a.j.t.JMeterThread: Thread started: Agent search 2-369
2026-10-09 14:11:26,784 INFO o.a.j.t.JMeterThread: Thread is done: Agent search 2-369
2026-10-09 14:11:26,784 INFO o.a.j.t.JMeterThread: Thread finished: Agent search 2-369
2026-10-09 14:11:29,626 INFO o.a.j.t.JMeterThread: Thread started: Ticket intake 1-89
2026-10-09 14:11:30,247 INFO o.a.j.t.JMeterThread: Thread started: Agent search 2-370
2026-10-09 14:11:30,276 INFO o.a.j.r.Summariser: summary +      5 in 00:00:30 =    0.2/s Avg: 120049 Min:    29 Max: 600096 Err:     1 (20.00%) Active: 33 Started: 459 Finished: 426
2026-10-09 14:11:30,276 INFO o.a.j.r.Summariser: summary =    427 in 00:29:21 =    0.2/s Avg: 68272 Min:    18 Max: 600232 Err:    28 (6.56%)
2026-10-09 14:11:30,277 INFO o.a.j.t.JMeterThread: Thread is done: Agent search 2-370
2026-10-09 14:11:30,277 INFO o.a.j.t.JMeterThread: Thread finished: Agent search 2-370
2026-10-09 14:11:35,410 INFO o.a.j.t.JMeterThread: Thread started: Agent search 2-371
2026-10-09 14:11:35,455 INFO o.a.j.t.JMeterThread: Thread is done: Agent search 2-371
2026-10-09 14:11:35,455 INFO o.a.j.t.JMeterThread: Thread finished: Agent search 2-371
2026-10-09 14:11:38,046 INFO o.a.j.t.JMeterThread: Thread started: Agent search 2-372
2026-10-09 14:11:38,083 INFO o.a.j.t.JMeterThread: Thread is done: Agent search 2-372
2026-10-09 14:11:38,083 INFO o.a.j.t.JMeterThread: Thread finished: Agent search 2-372
2026-10-09 14:11:43,639 INFO o.a.j.t.JMeterThread: Thread started: Agent search 2-373
2026-10-09 14:11:43,663 INFO o.a.j.t.JMeterThread: Thread is done: Agent search 2-373
2026-10-09 14:11:43,663 INFO o.a.j.t.JMeterThread: Thread finished: Agent search 2-373
2026-10-09 14:11:46,082 INFO o.a.j.t.JMeterThread: Thread is done: Ticket intake 1-58
2026-10-09 14:11:46,082 INFO o.a.j.t.JMeterThread: Thread finished: Ticket intake 1-58
2026-10-09 14:11:46,491 INFO o.a.j.t.JMeterThread: Thread started: Agent search 2-374
2026-10-09 14:11:46,523 INFO o.a.j.t.JMeterThread: Thread is done: Agent search 2-374
2026-10-09 14:11:46,523 INFO o.a.j.t.JMeterThread: Thread finished: Agent search 2-374
2026-10-09 14:11:48,245 INFO o.a.j.t.JMeterThread: Thread started: Agent search 2-375
2026-10-09 14:11:48,279 INFO o.a.j.t.JMeterThread: Thread is done: Agent search 2-375
2026-10-09 14:11:48,280 INFO o.a.j.t.JMeterThread: Thread finished: Agent search 2-375
2026-10-09 14:11:52,757 INFO o.a.j.t.JMeterThread: Thread started: Agent search 2-376
2026-10-09 14:11:52,787 INFO o.a.j.t.JMeterThread: Thread is done: Agent search 2-376
2026-10-09 14:11:52,788 INFO o.a.j.t.JMeterThread: Thread finished: Agent search 2-376
2026-10-09 14:11:55,437 INFO o.a.j.t.JMeterThread: Thread started: Agent search 2-377
2026-10-09 14:11:55,458 INFO o.a.j.t.JMeterThread: Thread is done: Agent search 2-377
2026-10-09 14:11:55,458 INFO o.a.j.t.JMeterThread: Thread finished: Agent search 2-377
2026-10-09 14:11:56,056 INFO o.a.j.t.JMeterThread: Thread started: Agent search 2-378
2026-10-09 14:11:56,096 INFO o.a.j.t.JMeterThread: Thread is done: Agent search 2-378
2026-10-09 14:11:56,096 INFO o.a.j.t.JMeterThread: Thread finished: Agent search 2-378
2026-10-09 14:12:01,669 INFO o.a.j.t.JMeterThread: Thread started: Agent search 2-379
2026-10-09 14:12:01,696 INFO o.a.j.r.Summariser: summary +     10 in 00:00:31 =    0.3/s Avg: 60049 Min:    20 Max: 600211 Err:     1 (10.00%) Active: 32 Started: 468 Finished: 436
2026-10-09 14:12:01,696 INFO o.a.j.r.Summariser: summary =    437 in 00:29:53 =    0.2/s Avg: 68084 Min:    18 Max: 600232 Err:    29 (6.64%)
2026-10-09 14:12:01,696 INFO o.a.j.t.JMeterThread: Thread is done: Agent search 2-379
2026-10-09 14:12:01,696 INFO o.a.j.t.JMeterThread: Thread finished: Agent search 2-379
2026-10-09 14:12:03,258 INFO o.a.j.t.JMeterThread: Thread started: Agent search 2-380
2026-10-09 14:12:03,284 INFO o.a.j.t.JMeterThread: Thread is done: Agent search 2-380
2026-10-09 14:12:03,284 INFO o.a.j.t.JMeterThread: Thread finished: Agent search 2-380
2026-10-09 14:12:07,722 INFO o.a.j.t.JMeterThread: Thread started: Ticket intake 1-90
2026-10-09 14:12:13,946 INFO o.a.j.t.JMeterThread: Thread started: Agent search 2-381
2026-10-09 14:12:13,975 INFO o.a.j.t.JMeterThread: Thread is done: Agent search 2-381
2026-10-09 14:12:13,975 INFO o.a.j.t.JMeterThread: Thread finished: Agent search 2-381
2026-10-09 14:12:13,983 INFO o.a.j.t.JMeterThread: Thread started: Agent search 2-382
2026-10-09 14:12:14,014 INFO o.a.j.t.JMeterThread: Thread is done: Agent search 2-382
2026-10-09 14:12:14,014 INFO o.a.j.t.JMeterThread: Thread finished: Agent search 2-382
2026-10-09 14:12:18,235 INFO o.a.j.t.JMeterThread: Thread is done: Ticket intake 1-59
2026-10-09 14:12:18,235 INFO o.a.j.t.JMeterThread: Thread finished: Ticket intake 1-59
2026-10-09 14:12:28,482 INFO o.a.j.t.JMeterThread: Thread started: Agent search 2-383
2026-10-09 14:12:28,522 INFO o.a.j.t.JMeterThread: Thread is done: Agent search 2-383
2026-10-09 14:12:28,522 INFO o.a.j.t.JMeterThread: Thread finished: Agent search 2-383
2026-10-09 14:12:29,397 INFO o.a.j.t.JMeterThread: Thread is done: Ticket intake 1-60
2026-10-09 14:12:29,397 INFO o.a.j.t.JMeterThread: Thread finished: Ticket intake 1-60
2026-10-09 14:12:29,793 INFO o.a.j.t.JMeterThread: Thread started: Agent search 2-384
2026-10-09 14:12:29,815 INFO o.a.j.t.JMeterThread: Thread is done: Agent search 2-384
2026-10-09 14:12:29,815 INFO o.a.j.t.JMeterThread: Thread finished: Agent search 2-384
2026-10-09 14:12:31,090 INFO o.a.j.t.JMeterThread: Thread started: Ticket intake 1-91
2026-10-09 14:12:31,366 INFO o.a.j.t.JMeterThread: Thread started: Agent search 2-385
2026-10-09 14:12:31,407 INFO o.a.j.r.Summariser: summary +      8 in 00:00:30 =    0.3/s Avg: 150083 Min:    21 Max: 600277 Err:     2 (25.00%) Active: 32 Started: 476 Finished: 444
2026-10-09 14:12:31,407 INFO o.a.j.r.Summariser: summary =    445 in 00:30:22 =    0.2/s Avg: 69558 Min:    18 Max: 600277 Err:    31 (6.97%)
2026-10-09 14:12:31,407 INFO o.a.j.t.JMeterThread: Thread is done: Agent search 2-385
2026-10-09 14:12:31,407 INFO o.a.j.t.JMeterThread: Thread finished: Agent search 2-385
2026-10-09 14:12:34,697 INFO o.a.j.t.JMeterThread: Thread started: Agent search 2-386
2026-10-09 14:12:34,721 INFO o.a.j.t.JMeterThread: Thread is done: Agent search 2-386
2026-10-09 14:12:34,721 INFO o.a.j.t.JMeterThread: Thread finished: Agent search 2-386
2026-10-09 14:12:34,919 INFO o.a.j.t.JMeterThread: Thread started: Agent search 2-387
2026-10-09 14:12:34,964 INFO o.a.j.t.JMeterThread: Thread is done: Agent search 2-387
2026-10-09 14:12:34,964 INFO o.a.j.t.JMeterThread: Thread finished: Agent search 2-387
2026-10-09 14:12:39,421 INFO o.a.j.t.JMeterThread: Thread started: Ticket intake 1-92
2026-10-09 14:12:39,739 INFO o.a.j.t.JMeterThread: Thread started: Agent search 2-388
2026-10-09 14:12:39,763 INFO o.a.j.t.JMeterThread: Thread is done: Agent search 2-388
2026-10-09 14:12:39,763 INFO o.a.j.t.JMeterThread: Thread finished: Agent search 2-388
2026-10-09 14:12:39,942 INFO o.a.j.t.JMeterThread: Thread started: Agent search 2-389
2026-10-09 14:12:39,965 INFO o.a.j.t.JMeterThread: Thread is done: Agent search 2-389
2026-10-09 14:12:39,965 INFO o.a.j.t.JMeterThread: Thread finished: Agent search 2-389
2026-10-09 14:12:40,558 INFO o.a.j.t.JMeterThread: Thread is done: Ticket intake 1-61
2026-10-09 14:12:40,558 INFO o.a.j.t.JMeterThread: Thread finished: Ticket intake 1-61
2026-10-09 14:12:41,502 INFO o.a.j.t.JMeterThread: Thread started: Agent search 2-390
2026-10-09 14:12:41,520 INFO o.a.j.t.JMeterThread: Thread is done: Agent search 2-390
2026-10-09 14:12:41,520 INFO o.a.j.t.JMeterThread: Thread finished: Agent search 2-390
2026-10-09 14:12:44,079 INFO o.a.j.t.JMeterThread: Thread started: Agent search 2-391
2026-10-09 14:12:44,124 INFO o.a.j.t.JMeterThread: Thread is done: Agent search 2-391
2026-10-09 14:12:44,124 INFO o.a.j.t.JMeterThread: Thread finished: Agent search 2-391
2026-10-09 14:12:47,462 INFO o.a.j.t.JMeterThread: Thread started: Agent search 2-392
2026-10-09 14:12:47,501 INFO o.a.j.t.JMeterThread: Thread is done: Agent search 2-392
2026-10-09 14:12:47,501 INFO o.a.j.t.JMeterThread: Thread finished: Agent search 2-392
2026-10-09 14:12:53,377 INFO o.a.j.t.JMeterThread: Thread started: Ticket intake 1-93
2026-10-09 14:12:54,394 INFO o.a.j.t.JMeterThread: Thread started: Agent search 2-393
2026-10-09 14:12:54,431 INFO o.a.j.t.JMeterThread: Thread is done: Agent search 2-393
2026-10-09 14:12:54,431 INFO o.a.j.t.JMeterThread: Thread finished: Agent search 2-393
2026-10-09 14:12:55,340 INFO o.a.j.t.JMeterThread: Thread started: Agent search 2-394
2026-10-09 14:12:55,370 INFO o.a.j.t.JMeterThread: Thread is done: Agent search 2-394
2026-10-09 14:12:55,370 INFO o.a.j.t.JMeterThread: Thread finished: Agent search 2-394
2026-10-09 14:12:55,515 INFO o.a.j.t.JMeterThread: Thread started: Ticket intake 1-94
2026-10-09 14:12:58,916 INFO o.a.j.t.JMeterThread: Thread started: Agent search 2-395
2026-10-09 14:12:58,940 INFO o.a.j.t.JMeterThread: Thread is done: Agent search 2-395
2026-10-09 14:12:58,940 INFO o.a.j.t.JMeterThread: Thread finished: Agent search 2-395
2026-10-09 14:13:03,512 INFO o.a.j.t.JMeterThread: Thread started: Ticket intake 1-95
2026-10-09 14:13:03,549 INFO o.a.j.r.Summariser: summary +     12 in 00:00:32 =    0.4/s Avg: 100046 Min:    17 Max: 600166 Err:     2 (16.67%) Active: 34 Started: 490 Finished: 456
2026-10-09 14:13:03,549 INFO o.a.j.r.Summariser: summary =    457 in 00:30:55 =    0.2/s Avg: 70359 Min:    17 Max: 600277 Err:    33 (7.22%)
2026-10-09 14:13:03,549 INFO o.a.j.t.JMeterThread: Thread is done: Ticket intake 1-62
2026-10-09 14:13:03,549 INFO o.a.j.t.JMeterThread: Thread finished: Ticket intake 1-62
2026-10-09 14:13:03,874 INFO o.a.j.t.JMeterThread: Thread started: Agent search 2-396
2026-10-09 14:13:03,902 INFO o.a.j.t.JMeterThread: Thread is done: Agent search 2-396
2026-10-09 14:13:03,902 INFO o.a.j.t.JMeterThread: Thread finished: Agent search 2-396
2026-10-09 14:13:08,764 INFO o.a.j.t.JMeterThread: Thread started: Agent search 2-397
2026-10-09 14:13:08,789 INFO o.a.j.t.JMeterThread: Thread is done: Agent search 2-397
2026-10-09 14:13:08,789 INFO o.a.j.t.JMeterThread: Thread finished: Agent search 2-397
2026-10-09 14:13:09,064 INFO o.a.j.t.JMeterThread: Thread started: Agent search 2-398
2026-10-09 14:13:09,104 INFO o.a.j.t.JMeterThread: Thread is done: Agent search 2-398
2026-10-09 14:13:09,104 INFO o.a.j.t.JMeterThread: Thread finished: Agent search 2-398
2026-10-09 14:13:17,653 INFO o.a.j.t.JMeterThread: Thread started: Agent search 2-399
2026-10-09 14:13:17,689 INFO o.a.j.t.JMeterThread: Thread is done: Agent search 2-399
2026-10-09 14:13:17,689 INFO o.a.j.t.JMeterThread: Thread finished: Agent search 2-399
2026-10-09 14:13:23,000 INFO o.a.j.t.JMeterThread: Thread started: Ticket intake 1-96
2026-10-09 14:13:23,026 INFO o.a.j.t.JMeterThread: Thread is done: Ticket intake 1-63
2026-10-09 14:13:23,026 INFO o.a.j.t.JMeterThread: Thread finished: Ticket intake 1-63
2026-10-09 14:13:26,233 INFO o.a.j.t.JMeterThread: Thread started: Agent search 2-400
2026-10-09 14:13:26,265 INFO o.a.j.t.JMeterThread: Thread is done: Agent search 2-400
2026-10-09 14:13:26,265 INFO o.a.j.t.JMeterThread: Thread finished: Agent search 2-400
2026-10-09 14:13:29,712 INFO o.a.j.t.JMeterThread: Thread is done: Ticket intake 1-64
2026-10-09 14:13:29,712 INFO o.a.j.t.JMeterThread: Thread finished: Ticket intake 1-64
2026-10-09 14:13:30,502 INFO o.a.j.t.JMeterThread: Thread started: Agent search 2-401
2026-10-09 14:13:30,527 INFO o.a.j.r.Summariser: summary +      8 in 00:00:27 =    0.3/s Avg: 150040 Min:    23 Max: 600090 Err:     2 (25.00%) Active: 33 Started: 497 Finished: 464
2026-10-09 14:13:30,527 INFO o.a.j.r.Summariser: summary =    465 in 00:31:21 =    0.2/s Avg: 71730 Min:    17 Max: 600277 Err:    35 (7.53%)
2026-10-09 14:13:30,527 INFO o.a.j.t.JMeterThread: Thread is done: Agent search 2-401
2026-10-09 14:13:30,527 INFO o.a.j.t.JMeterThread: Thread finished: Agent search 2-401
2026-10-09 14:13:30,638 INFO o.a.j.t.JMeterThread: Thread started: Agent search 2-402
2026-10-09 14:13:30,660 INFO o.a.j.t.JMeterThread: Thread is done: Agent search 2-402
2026-10-09 14:13:30,660 INFO o.a.j.t.JMeterThread: Thread finished: Agent search 2-402
2026-10-09 14:13:34,831 INFO o.a.j.t.JMeterThread: Thread started: Agent search 2-403
2026-10-09 14:13:34,855 INFO o.a.j.t.JMeterThread: Thread is done: Agent search 2-403
2026-10-09 14:13:34,855 INFO o.a.j.t.JMeterThread: Thread finished: Agent search 2-403
2026-10-09 14:13:35,875 INFO o.a.j.t.JMeterThread: Thread started: Ticket intake 1-97
2026-10-09 14:13:39,697 INFO o.a.j.t.JMeterThread: Thread started: Agent search 2-404
2026-10-09 14:13:39,723 INFO o.a.j.t.JMeterThread: Thread is done: Agent search 2-404
2026-10-09 14:13:39,723 INFO o.a.j.t.JMeterThread: Thread finished: Agent search 2-404
2026-10-09 14:13:41,452 INFO o.a.j.t.JMeterThread: Thread started: Ticket intake 1-98
2026-10-09 14:13:42,846 INFO o.a.j.t.JMeterThread: Thread started: Agent search 2-405
2026-10-09 14:13:42,870 INFO o.a.j.t.JMeterThread: Thread is done: Agent search 2-405
2026-10-09 14:13:42,870 INFO o.a.j.t.JMeterThread: Thread finished: Agent search 2-405
2026-10-09 14:13:47,887 INFO o.a.j.t.JMeterThread: Thread started: Agent search 2-406
2026-10-09 14:13:47,915 INFO o.a.j.t.JMeterThread: Thread is done: Agent search 2-406
2026-10-09 14:13:47,915 INFO o.a.j.t.JMeterThread: Thread finished: Agent search 2-406
2026-10-09 14:13:56,028 INFO o.a.j.t.JMeterThread: Thread is done: Ticket intake 1-65
2026-10-09 14:13:56,028 INFO o.a.j.t.JMeterThread: Thread finished: Ticket intake 1-65
2026-10-09 14:13:57,994 INFO o.a.j.t.JMeterThread: Thread started: Agent search 2-407
2026-10-09 14:13:58,021 INFO o.a.j.t.JMeterThread: Thread is done: Agent search 2-407
2026-10-09 14:13:58,021 INFO o.a.j.t.JMeterThread: Thread finished: Agent search 2-407
2026-10-09 14:13:59,097 INFO o.a.j.t.JMeterThread: Thread started: Agent search 2-408
2026-10-09 14:13:59,120 INFO o.a.j.t.JMeterThread: Thread is done: Agent search 2-408
2026-10-09 14:13:59,120 INFO o.a.j.t.JMeterThread: Thread finished: Agent search 2-408
2026-10-09 14:14:03,505 INFO o.a.j.r.Summariser: summary +      9 in 00:00:33 =    0.3/s Avg: 133388 Min:    21 Max: 600168 Err:     2 (22.22%) Active: 33 Started: 506 Finished: 473
2026-10-09 14:14:03,506 INFO o.a.j.r.Summariser: summary =    474 in 00:31:54 =    0.2/s Avg: 72900 Min:    17 Max: 600277 Err:    37 (7.81%)
2026-10-09 14:14:03,506 INFO o.a.j.t.JMeterThread: Thread is done: Ticket intake 1-66
2026-10-09 14:14:03,506 INFO o.a.j.t.JMeterThread: Thread finished: Ticket intake 1-66
2026-10-09 14:14:03,633 INFO o.a.j.t.JMeterThread: Thread started: Agent search 2-409
2026-10-09 14:14:03,656 INFO o.a.j.t.JMeterThread: Thread is done: Agent search 2-409
2026-10-09 14:14:03,656 INFO o.a.j.t.JMeterThread: Thread finished: Agent search 2-409
2026-10-09 14:14:04,712 INFO o.a.j.t.JMeterThread: Thread started: Agent search 2-410
2026-10-09 14:14:04,737 INFO o.a.j.t.JMeterThread: Thread is done: Agent search 2-410
2026-10-09 14:14:04,737 INFO o.a.j.t.JMeterThread: Thread finished: Agent search 2-410
2026-10-09 14:14:10,074 INFO o.a.j.t.JMeterThread: Thread started: Agent search 2-411
2026-10-09 14:14:10,098 INFO o.a.j.t.JMeterThread: Thread is done: Agent search 2-411
2026-10-09 14:14:10,098 INFO o.a.j.t.JMeterThread: Thread finished: Agent search 2-411
2026-10-09 14:14:10,700 INFO o.a.j.t.JMeterThread: Thread started: Agent search 2-412
2026-10-09 14:14:10,730 INFO o.a.j.t.JMeterThread: Thread is done: Agent search 2-412
2026-10-09 14:14:10,730 INFO o.a.j.t.JMeterThread: Thread finished: Agent search 2-412
2026-10-09 14:14:15,905 INFO o.a.j.t.JMeterThread: Thread started: Agent search 2-413
2026-10-09 14:14:15,929 INFO o.a.j.t.JMeterThread: Thread is done: Agent search 2-413
2026-10-09 14:14:15,929 INFO o.a.j.t.JMeterThread: Thread finished: Agent search 2-413
2026-10-09 14:14:18,479 INFO o.a.j.t.JMeterThread: Thread started: Ticket intake 1-99
2026-10-09 14:14:25,567 INFO o.a.j.t.JMeterThread: Thread started: Agent search 2-414
2026-10-09 14:14:25,597 INFO o.a.j.t.JMeterThread: Thread is done: Agent search 2-414
2026-10-09 14:14:25,597 INFO o.a.j.t.JMeterThread: Thread finished: Agent search 2-414
2026-10-09 14:14:28,299 INFO o.a.j.t.JMeterThread: Thread started: Agent search 2-415
2026-10-09 14:14:28,323 INFO o.a.j.t.JMeterThread: Thread is done: Agent search 2-415
2026-10-09 14:14:28,323 INFO o.a.j.t.JMeterThread: Thread finished: Agent search 2-415
2026-10-09 14:14:30,298 INFO o.a.j.t.JMeterThread: Thread started: Ticket intake 1-100
2026-10-09 14:14:34,028 INFO o.a.j.t.JMeterThread: Thread started: Agent search 2-416
2026-10-09 14:14:34,051 INFO o.a.j.r.Summariser: summary +      8 in 00:00:31 =    0.3/s Avg:    24 Min:    22 Max:    29 Err:     0 (0.00%) Active: 35 Started: 516 Finished: 481
2026-10-09 14:14:34,051 INFO o.a.j.r.Summariser: summary =    482 in 00:32:25 =    0.2/s Avg: 71691 Min:    17 Max: 600277 Err:    37 (7.68%)
2026-10-09 14:14:34,051 INFO o.a.j.t.JMeterThread: Thread is done: Agent search 2-416
2026-10-09 14:14:34,052 INFO o.a.j.t.JMeterThread: Thread finished: Agent search 2-416
2026-10-09 14:14:37,589 INFO o.a.j.t.JMeterThread: Thread started: Agent search 2-417
2026-10-09 14:14:37,613 INFO o.a.j.t.JMeterThread: Thread is done: Agent search 2-417
2026-10-09 14:14:37,613 INFO o.a.j.t.JMeterThread: Thread finished: Agent search 2-417
2026-10-09 14:14:38,651 INFO o.a.j.t.JMeterThread: Thread started: Agent search 2-418
2026-10-09 14:14:38,681 INFO o.a.j.t.JMeterThread: Thread is done: Agent search 2-418
2026-10-09 14:14:38,681 INFO o.a.j.t.JMeterThread: Thread finished: Agent search 2-418
2026-10-09 14:14:40,589 INFO o.a.j.t.JMeterThread: Thread started: Agent search 2-419
2026-10-09 14:14:40,609 INFO o.a.j.t.JMeterThread: Thread is done: Agent search 2-419
2026-10-09 14:14:40,609 INFO o.a.j.t.JMeterThread: Thread finished: Agent search 2-419
2026-10-09 14:14:48,425 INFO o.a.j.t.JMeterThread: Thread started: Agent search 2-420
2026-10-09 14:14:48,451 INFO o.a.j.t.JMeterThread: Thread is done: Agent search 2-420
2026-10-09 14:14:48,451 INFO o.a.j.t.JMeterThread: Thread finished: Agent search 2-420
2026-10-09 14:15:00,137 INFO o.a.j.t.JMeterThread: Thread started: Agent search 2-421
2026-10-09 14:15:00,157 INFO o.a.j.r.Summariser: summary +      5 in 00:00:26 =    0.2/s Avg:    23 Min:    19 Max:    29 Err:     0 (0.00%) Active: 35 Started: 521 Finished: 486
2026-10-09 14:15:00,158 INFO o.a.j.r.Summariser: summary =    487 in 00:32:51 =    0.2/s Avg: 70955 Min:    17 Max: 600277 Err:    37 (7.60%)
2026-10-09 14:15:00,158 INFO o.a.j.t.JMeterThread: Thread is done: Agent search 2-421
2026-10-09 14:15:00,158 INFO o.a.j.t.JMeterThread: Thread finished: Agent search 2-421
2026-10-09 14:15:04,831 INFO o.a.j.t.JMeterThread: Thread started: Agent search 2-422
2026-10-09 14:15:04,873 INFO o.a.j.t.JMeterThread: Thread is done: Agent search 2-422
2026-10-09 14:15:04,873 INFO o.a.j.t.JMeterThread: Thread finished: Agent search 2-422
2026-10-09 14:15:07,147 INFO o.a.j.t.JMeterThread: Thread started: Ticket intake 1-101
2026-10-09 14:15:07,988 INFO o.a.j.t.JMeterThread: Thread started: Agent search 2-423
2026-10-09 14:15:08,016 INFO o.a.j.t.JMeterThread: Thread is done: Agent search 2-423
2026-10-09 14:15:08,016 INFO o.a.j.t.JMeterThread: Thread finished: Agent search 2-423
2026-10-09 14:15:08,537 INFO o.a.j.t.JMeterThread: Thread started: Agent search 2-424
2026-10-09 14:15:08,560 INFO o.a.j.t.JMeterThread: Thread is done: Agent search 2-424
2026-10-09 14:15:08,560 INFO o.a.j.t.JMeterThread: Thread finished: Agent search 2-424
2026-10-09 14:15:09,469 INFO o.a.j.t.JMeterThread: Thread started: Agent search 2-425
2026-10-09 14:15:09,492 INFO o.a.j.t.JMeterThread: Thread is done: Agent search 2-425
2026-10-09 14:15:09,492 INFO o.a.j.t.JMeterThread: Thread finished: Agent search 2-425
2026-10-09 14:15:12,595 INFO o.a.j.t.JMeterThread: Thread started: Agent search 2-426
2026-10-09 14:15:12,625 INFO o.a.j.t.JMeterThread: Thread is done: Agent search 2-426
2026-10-09 14:15:12,625 INFO o.a.j.t.JMeterThread: Thread finished: Agent search 2-426
2026-10-09 14:15:14,378 INFO o.a.j.t.JMeterThread: Thread started: Agent search 2-427
2026-10-09 14:15:14,406 INFO o.a.j.t.JMeterThread: Thread is done: Agent search 2-427
2026-10-09 14:15:14,406 INFO o.a.j.t.JMeterThread: Thread finished: Agent search 2-427
2026-10-09 14:15:16,003 INFO o.a.j.t.JMeterThread: Thread started: Agent search 2-428
2026-10-09 14:15:16,042 INFO o.a.j.t.JMeterThread: Thread is done: Agent search 2-428
2026-10-09 14:15:16,042 INFO o.a.j.t.JMeterThread: Thread finished: Agent search 2-428
2026-10-09 14:15:18,636 INFO o.a.j.t.JMeterThread: Thread started: Ticket intake 1-102
2026-10-09 14:15:19,546 INFO o.a.j.t.JMeterThread: Thread is done: Ticket intake 1-67
2026-10-09 14:15:19,546 INFO o.a.j.t.JMeterThread: Thread finished: Ticket intake 1-67
2026-10-09 14:15:24,389 INFO o.a.j.t.JMeterThread: Thread started: Agent search 2-429
2026-10-09 14:15:24,420 INFO o.a.j.t.JMeterThread: Thread is done: Agent search 2-429
2026-10-09 14:15:24,420 INFO o.a.j.t.JMeterThread: Thread finished: Agent search 2-429
2026-10-09 14:15:24,615 INFO o.a.j.t.JMeterThread: Thread started: Agent search 2-430
2026-10-09 14:15:24,644 INFO o.a.j.t.JMeterThread: Thread is done: Agent search 2-430
2026-10-09 14:15:24,644 INFO o.a.j.t.JMeterThread: Thread finished: Agent search 2-430
2026-10-09 14:15:24,965 INFO o.a.j.t.JMeterThread: Thread started: Ticket intake 1-103
2026-10-09 14:15:27,892 INFO o.a.j.t.JMeterThread: Thread started: Agent search 2-431
2026-10-09 14:15:27,914 INFO o.a.j.t.JMeterThread: Thread is done: Agent search 2-431
2026-10-09 14:15:27,914 INFO o.a.j.t.JMeterThread: Thread finished: Agent search 2-431
2026-10-09 14:15:28,854 INFO o.a.j.t.JMeterThread: Thread started: Agent search 2-432
2026-10-09 14:15:28,879 INFO o.a.j.t.JMeterThread: Thread is done: Agent search 2-432
2026-10-09 14:15:28,879 INFO o.a.j.t.JMeterThread: Thread finished: Agent search 2-432
2026-10-09 14:15:32,735 INFO o.a.j.t.JMeterThread: Thread started: Agent search 2-433
2026-10-09 14:15:32,754 INFO o.a.j.r.Summariser: summary +     13 in 00:00:33 =    0.4/s Avg: 46190 Min:    18 Max: 600141 Err:     1 (7.69%) Active: 37 Started: 536 Finished: 499
2026-10-09 14:15:32,755 INFO o.a.j.r.Summariser: summary =    500 in 00:33:24 =    0.2/s Avg: 70311 Min:    17 Max: 600277 Err:    38 (7.60%)
2026-10-09 14:15:32,755 INFO o.a.j.t.JMeterThread: Thread is done: Agent search 2-433
2026-10-09 14:15:32,755 INFO o.a.j.t.JMeterThread: Thread finished: Agent search 2-433
2026-10-09 14:15:40,112 INFO o.a.j.t.JMeterThread: Thread started: Agent search 2-434
2026-10-09 14:15:40,139 INFO o.a.j.t.JMeterThread: Thread is done: Agent search 2-434
2026-10-09 14:15:40,139 INFO o.a.j.t.JMeterThread: Thread finished: Agent search 2-434
2026-10-09 14:15:43,631 INFO o.a.j.t.JMeterThread: Thread started: Ticket intake 1-104
2026-10-09 14:15:43,939 INFO o.a.j.t.JMeterThread: Thread started: Agent search 2-435
2026-10-09 14:15:43,964 INFO o.a.j.t.JMeterThread: Thread is done: Agent search 2-435
2026-10-09 14:15:43,964 INFO o.a.j.t.JMeterThread: Thread finished: Agent search 2-435
2026-10-09 14:15:59,020 INFO o.a.j.t.JMeterThread: Thread started: Agent search 2-436
2026-10-09 14:15:59,046 INFO o.a.j.t.JMeterThread: Thread is done: Agent search 2-436
2026-10-09 14:15:59,046 INFO o.a.j.t.JMeterThread: Thread finished: Agent search 2-436
2026-10-09 14:16:01,626 INFO o.a.j.t.JMeterThread: Thread started: Agent search 2-437
2026-10-09 14:16:01,659 INFO o.a.j.r.Summariser: summary +      4 in 00:00:29 =    0.1/s Avg:    27 Min:    24 Max:    32 Err:     0 (0.00%) Active: 38 Started: 541 Finished: 503
2026-10-09 14:16:01,659 INFO o.a.j.r.Summariser: summary =    504 in 00:33:53 =    0.2/s Avg: 69753 Min:    17 Max: 600277 Err:    38 (7.54%)
2026-10-09 14:16:01,660 INFO o.a.j.t.JMeterThread: Thread is done: Agent search 2-437
2026-10-09 14:16:01,660 INFO o.a.j.t.JMeterThread: Thread finished: Agent search 2-437
2026-10-09 14:16:02,014 INFO o.a.j.t.JMeterThread: Thread started: Agent search 2-438
2026-10-09 14:16:02,039 INFO o.a.j.t.JMeterThread: Thread is done: Agent search 2-438
2026-10-09 14:16:02,039 INFO o.a.j.t.JMeterThread: Thread finished: Agent search 2-438
2026-10-09 14:16:03,825 INFO o.a.j.t.JMeterThread: Thread is done: Ticket intake 1-68
2026-10-09 14:16:03,825 INFO o.a.j.t.JMeterThread: Thread finished: Ticket intake 1-68
2026-10-09 14:16:10,604 INFO o.a.j.t.JMeterThread: Thread started: Agent search 2-439
2026-10-09 14:16:10,629 INFO o.a.j.t.JMeterThread: Thread is done: Agent search 2-439
2026-10-09 14:16:10,629 INFO o.a.j.t.JMeterThread: Thread finished: Agent search 2-439
2026-10-09 14:16:15,274 INFO o.a.j.t.JMeterThread: Thread started: Agent search 2-440
2026-10-09 14:16:15,294 INFO o.a.j.t.JMeterThread: Thread started: Agent search 2-441
2026-10-09 14:16:15,301 INFO o.a.j.t.JMeterThread: Thread is done: Agent search 2-440
2026-10-09 14:16:15,301 INFO o.a.j.t.JMeterThread: Thread finished: Agent search 2-440
2026-10-09 14:16:15,319 INFO o.a.j.t.JMeterThread: Thread is done: Agent search 2-441
2026-10-09 14:16:15,319 INFO o.a.j.t.JMeterThread: Thread finished: Agent search 2-441
2026-10-09 14:16:16,643 INFO o.a.j.t.JMeterThread: Thread started: Agent search 2-442
2026-10-09 14:16:16,677 INFO o.a.j.t.JMeterThread: Thread is done: Agent search 2-442
2026-10-09 14:16:16,677 INFO o.a.j.t.JMeterThread: Thread finished: Agent search 2-442
2026-10-09 14:16:20,515 INFO o.a.j.t.JMeterThread: Thread is done: Ticket intake 1-69
2026-10-09 14:16:20,516 INFO o.a.j.t.JMeterThread: Thread finished: Ticket intake 1-69
2026-10-09 14:16:26,604 INFO o.a.j.t.JMeterThread: Thread started: Agent search 2-443
2026-10-09 14:16:26,653 INFO o.a.j.t.JMeterThread: Thread is done: Agent search 2-443
2026-10-09 14:16:26,653 INFO o.a.j.t.JMeterThread: Thread finished: Agent search 2-443
2026-10-09 14:16:26,865 INFO o.a.j.t.JMeterThread: Thread is done: Ticket intake 1-70
2026-10-09 14:16:26,865 INFO o.a.j.t.JMeterThread: Thread finished: Ticket intake 1-70
2026-10-09 14:16:27,317 INFO o.a.j.t.JMeterThread: Thread started: Agent search 2-444
2026-10-09 14:16:27,344 INFO o.a.j.t.JMeterThread: Thread is done: Agent search 2-444
2026-10-09 14:16:27,344 INFO o.a.j.t.JMeterThread: Thread finished: Agent search 2-444
2026-10-09 14:16:28,401 INFO o.a.j.t.JMeterThread: Thread is done: Ticket intake 1-71
2026-10-09 14:16:28,402 INFO o.a.j.t.JMeterThread: Thread finished: Ticket intake 1-71
2026-10-09 14:16:28,897 INFO o.a.j.t.JMeterThread: Thread started: Agent search 2-445
2026-10-09 14:16:28,930 INFO o.a.j.t.JMeterThread: Thread is done: Agent search 2-445
2026-10-09 14:16:28,930 INFO o.a.j.t.JMeterThread: Thread finished: Agent search 2-445
2026-10-09 14:16:31,446 INFO o.a.j.r.Summariser: summary +     13 in 00:00:30 =    0.4/s Avg: 229825 Min:    23 Max: 600196 Err:     4 (30.77%) Active: 33 Started: 549 Finished: 516
2026-10-09 14:16:31,447 INFO o.a.j.r.Summariser: summary =    517 in 00:34:22 =    0.3/s Avg: 73778 Min:    17 Max: 600277 Err:    42 (8.12%)
2026-10-09 14:16:31,447 INFO o.a.j.t.JMeterThread: Thread is done: Ticket intake 1-72
2026-10-09 14:16:31,447 INFO o.a.j.t.JMeterThread: Thread finished: Ticket intake 1-72
2026-10-09 14:16:32,166 INFO o.a.j.t.JMeterThread: Thread started: Agent search 2-446
2026-10-09 14:16:32,206 INFO o.a.j.t.JMeterThread: Thread is done: Agent search 2-446
2026-10-09 14:16:32,206 INFO o.a.j.t.JMeterThread: Thread finished: Agent search 2-446
2026-10-09 14:16:36,933 INFO o.a.j.t.JMeterThread: Thread started: Agent search 2-447
2026-10-09 14:16:36,959 INFO o.a.j.t.JMeterThread: Thread is done: Agent search 2-447
2026-10-09 14:16:36,959 INFO o.a.j.t.JMeterThread: Thread finished: Agent search 2-447
2026-10-09 14:16:39,136 INFO o.a.j.t.JMeterThread: Thread started: Agent search 2-448
2026-10-09 14:16:39,157 INFO o.a.j.t.JMeterThread: Thread is done: Agent search 2-448
2026-10-09 14:16:39,157 INFO o.a.j.t.JMeterThread: Thread finished: Agent search 2-448
2026-10-09 14:16:45,732 INFO o.a.j.t.JMeterThread: Thread started: Agent search 2-449
2026-10-09 14:16:45,753 INFO o.a.j.t.JMeterThread: Thread is done: Agent search 2-449
2026-10-09 14:16:45,753 INFO o.a.j.t.JMeterThread: Thread finished: Agent search 2-449
2026-10-09 14:16:45,956 INFO o.a.j.t.JMeterThread: Thread started: Agent search 2-450
2026-10-09 14:16:45,992 INFO o.a.j.t.JMeterThread: Thread is done: Agent search 2-450
2026-10-09 14:16:45,992 INFO o.a.j.t.JMeterThread: Thread finished: Agent search 2-450
2026-10-09 14:16:46,656 INFO o.a.j.t.JMeterThread: Thread started: Agent search 2-451
2026-10-09 14:16:46,680 INFO o.a.j.t.JMeterThread: Thread is done: Agent search 2-451
2026-10-09 14:16:46,680 INFO o.a.j.t.JMeterThread: Thread finished: Agent search 2-451
2026-10-09 14:16:50,955 INFO o.a.j.t.JMeterThread: Thread started: Agent search 2-452
2026-10-09 14:16:50,977 INFO o.a.j.t.JMeterThread: Thread is done: Agent search 2-452
2026-10-09 14:16:50,977 INFO o.a.j.t.JMeterThread: Thread finished: Agent search 2-452
2026-10-09 14:16:53,672 INFO o.a.j.t.JMeterThread: Thread started: Ticket intake 1-105
2026-10-09 14:16:54,115 INFO o.a.j.t.JMeterThread: Thread is done: Ticket intake 1-73
2026-10-09 14:16:54,115 INFO o.a.j.t.JMeterThread: Thread finished: Ticket intake 1-73
2026-10-09 14:16:54,705 INFO o.a.j.t.JMeterThread: Thread started: Agent search 2-453
2026-10-09 14:16:54,735 INFO o.a.j.t.JMeterThread: Thread is done: Agent search 2-453
2026-10-09 14:16:54,735 INFO o.a.j.t.JMeterThread: Thread finished: Agent search 2-453
2026-10-09 14:16:57,098 INFO o.a.j.t.JMeterThread: Thread started: Agent search 2-454
2026-10-09 14:16:57,124 INFO o.a.j.t.JMeterThread: Thread is done: Agent search 2-454
2026-10-09 14:16:57,124 INFO o.a.j.t.JMeterThread: Thread finished: Agent search 2-454
2026-10-09 14:17:05,483 INFO o.a.j.t.JMeterThread: Thread started: Agent search 2-455
2026-10-09 14:17:05,507 INFO o.a.j.r.Summariser: summary +     11 in 00:00:34 =    0.3/s Avg: 54581 Min:    20 Max: 600136 Err:     1 (9.09%) Active: 33 Started: 560 Finished: 527
2026-10-09 14:17:05,507 INFO o.a.j.r.Summariser: summary =    528 in 00:34:56 =    0.3/s Avg: 73378 Min:    17 Max: 600277 Err:    43 (8.14%)
2026-10-09 14:17:05,508 INFO o.a.j.t.JMeterThread: Thread is done: Agent search 2-455
2026-10-09 14:17:05,508 INFO o.a.j.t.JMeterThread: Thread finished: Agent search 2-455
2026-10-09 14:17:07,164 INFO o.a.j.t.JMeterThread: Thread started: Agent search 2-456
2026-10-09 14:17:07,198 INFO o.a.j.t.JMeterThread: Thread is done: Agent search 2-456
2026-10-09 14:17:07,198 INFO o.a.j.t.JMeterThread: Thread finished: Agent search 2-456
2026-10-09 14:17:07,242 INFO o.a.j.t.JMeterThread: Thread started: Agent search 2-457
2026-10-09 14:17:07,269 INFO o.a.j.t.JMeterThread: Thread is done: Agent search 2-457
2026-10-09 14:17:07,269 INFO o.a.j.t.JMeterThread: Thread finished: Agent search 2-457
2026-10-09 14:17:07,354 INFO o.a.j.t.JMeterThread: Thread started: Agent search 2-458
2026-10-09 14:17:07,387 INFO o.a.j.t.JMeterThread: Thread is done: Agent search 2-458
2026-10-09 14:17:07,387 INFO o.a.j.t.JMeterThread: Thread finished: Agent search 2-458
2026-10-09 14:17:12,372 INFO o.a.j.t.JMeterThread: Thread started: Ticket intake 1-106
2026-10-09 14:17:13,349 INFO o.a.j.t.JMeterThread: Thread started: Agent search 2-459
2026-10-09 14:17:13,373 INFO o.a.j.t.JMeterThread: Thread is done: Agent search 2-459
2026-10-09 14:17:13,373 INFO o.a.j.t.JMeterThread: Thread finished: Agent search 2-459
2026-10-09 14:17:20,010 INFO o.a.j.t.JMeterThread: Thread is done: Ticket intake 1-74
2026-10-09 14:17:20,011 INFO o.a.j.t.JMeterThread: Thread finished: Ticket intake 1-74
2026-10-09 14:17:21,112 INFO o.a.j.t.JMeterThread: Thread is done: Ticket intake 1-75
2026-10-09 14:17:21,112 INFO o.a.j.t.JMeterThread: Thread finished: Ticket intake 1-75
2026-10-09 14:17:28,174 INFO o.a.j.t.JMeterThread: Thread started: Agent search 2-460
2026-10-09 14:17:28,214 INFO o.a.j.t.JMeterThread: Thread is done: Agent search 2-460
2026-10-09 14:17:28,214 INFO o.a.j.t.JMeterThread: Thread finished: Agent search 2-460
2026-10-09 14:17:28,987 INFO o.a.j.t.JMeterThread: Thread started: Agent search 2-461
2026-10-09 14:17:29,013 INFO o.a.j.t.JMeterThread: Thread is done: Agent search 2-461
2026-10-09 14:17:29,013 INFO o.a.j.t.JMeterThread: Thread finished: Agent search 2-461
2026-10-09 14:17:30,904 INFO o.a.j.t.JMeterThread: Thread started: Ticket intake 1-107
2026-10-09 14:17:33,173 INFO o.a.j.t.JMeterThread: Thread started: Ticket intake 1-108
2026-10-09 14:17:42,642 INFO o.a.j.t.JMeterThread: Thread started: Agent search 2-462
2026-10-09 14:17:42,676 INFO o.a.j.t.JMeterThread: Thread is done: Agent search 2-462
2026-10-09 14:17:42,676 INFO o.a.j.t.JMeterThread: Thread finished: Agent search 2-462
2026-10-09 14:17:56,132 INFO o.a.j.t.JMeterThread: Thread started: Agent search 2-463
2026-10-09 14:17:56,157 INFO o.a.j.t.JMeterThread: Thread is done: Agent search 2-463
2026-10-09 14:17:56,157 INFO o.a.j.t.JMeterThread: Thread finished: Agent search 2-463
2026-10-09 14:17:57,965 INFO o.a.j.t.JMeterThread: Thread started: Ticket intake 1-109
2026-10-09 14:17:58,320 INFO o.a.j.t.JMeterThread: Thread started: Agent search 2-464
2026-10-09 14:17:58,351 INFO o.a.j.t.JMeterThread: Thread is done: Agent search 2-464
2026-10-09 14:17:58,351 INFO o.a.j.t.JMeterThread: Thread finished: Agent search 2-464
2026-10-09 14:17:58,618 INFO o.a.j.t.JMeterThread: Thread is done: Ticket intake 1-76
2026-10-09 14:17:58,618 INFO o.a.j.t.JMeterThread: Thread finished: Ticket intake 1-76
2026-10-09 14:18:09,895 INFO o.a.j.t.JMeterThread: Thread started: Agent search 2-465
2026-10-09 14:18:09,922 INFO o.a.j.t.JMeterThread: Thread is done: Agent search 2-465
2026-10-09 14:18:09,922 INFO o.a.j.t.JMeterThread: Thread finished: Agent search 2-465
2026-10-09 14:18:12,558 INFO o.a.j.t.JMeterThread: Thread started: Ticket intake 1-110
2026-10-09 14:18:13,932 INFO o.a.j.t.JMeterThread: Thread started: Agent search 2-466
2026-10-09 14:18:13,965 INFO o.a.j.t.JMeterThread: Thread is done: Agent search 2-466
2026-10-09 14:18:13,965 INFO o.a.j.t.JMeterThread: Thread finished: Agent search 2-466
2026-10-09 14:18:16,593 INFO o.a.j.t.JMeterThread: Thread started: Agent search 2-467
2026-10-09 14:18:16,617 INFO o.a.j.t.JMeterThread: Thread is done: Agent search 2-467
2026-10-09 14:18:16,617 INFO o.a.j.t.JMeterThread: Thread finished: Agent search 2-467
2026-10-09 14:18:17,184 INFO o.a.j.t.JMeterThread: Thread started: Agent search 2-468
2026-10-09 14:18:17,204 INFO o.a.j.t.JMeterThread: Thread is done: Agent search 2-468
2026-10-09 14:18:17,205 INFO o.a.j.t.JMeterThread: Thread finished: Agent search 2-468
2026-10-09 14:18:18,352 INFO o.a.j.t.JMeterThread: Thread started: Agent search 2-469
2026-10-09 14:18:18,376 INFO o.a.j.t.JMeterThread: Thread is done: Agent search 2-469
2026-10-09 14:18:18,376 INFO o.a.j.t.JMeterThread: Thread finished: Agent search 2-469
2026-10-09 14:18:19,513 INFO o.a.j.t.JMeterThread: Thread is done: Ticket intake 1-77
2026-10-09 14:18:19,514 INFO o.a.j.t.JMeterThread: Thread finished: Ticket intake 1-77
2026-10-09 14:18:21,417 INFO o.a.j.t.JMeterThread: Thread started: Agent search 2-470
2026-10-09 14:18:21,462 INFO o.a.j.t.JMeterThread: Thread is done: Agent search 2-470
2026-10-09 14:18:21,462 INFO o.a.j.t.JMeterThread: Thread finished: Agent search 2-470
2026-10-09 14:18:22,077 INFO o.a.j.t.JMeterThread: Thread started: Agent search 2-471
2026-10-09 14:18:22,099 INFO o.a.j.t.JMeterThread: Thread is done: Agent search 2-471
2026-10-09 14:18:22,099 INFO o.a.j.t.JMeterThread: Thread finished: Agent search 2-471
2026-10-09 14:18:23,101 INFO o.a.j.t.JMeterThread: Thread started: Ticket intake 1-111
2026-10-09 14:18:37,031 INFO o.a.j.t.JMeterThread: Thread started: Ticket intake 1-112
2026-10-09 14:18:40,191 INFO o.a.j.t.JMeterThread: Thread is done: Ticket intake 1-78
2026-10-09 14:18:40,191 INFO o.a.j.t.JMeterThread: Thread finished: Ticket intake 1-78
2026-10-09 14:18:41,112 INFO o.a.j.t.JMeterThread: Thread is done: Ticket intake 1-79
2026-10-09 14:18:41,113 INFO o.a.j.t.JMeterThread: Thread finished: Ticket intake 1-79
2026-10-09 14:18:51,158 INFO o.a.j.t.JMeterThread: Thread started: Agent search 2-472
2026-10-09 14:18:51,188 INFO o.a.j.t.JMeterThread: Thread is done: Agent search 2-472
2026-10-09 14:18:51,188 INFO o.a.j.t.JMeterThread: Thread finished: Agent search 2-472
2026-10-09 14:18:51,686 INFO o.a.j.t.JMeterThread: Thread started: Agent search 2-473
2026-10-09 14:18:51,734 INFO o.a.j.t.JMeterThread: Thread is done: Agent search 2-473
2026-10-09 14:18:51,734 INFO o.a.j.t.JMeterThread: Thread finished: Agent search 2-473
2026-10-09 14:18:54,878 INFO o.a.j.t.JMeterThread: Thread started: Agent search 2-474
2026-10-09 14:18:54,908 INFO o.a.j.t.JMeterThread: Thread is done: Agent search 2-474
2026-10-09 14:18:54,908 INFO o.a.j.t.JMeterThread: Thread finished: Agent search 2-474
2026-10-09 14:18:57,019 INFO o.a.j.t.JMeterThread: Thread started: Agent search 2-475
2026-10-09 14:18:57,042 INFO o.a.j.t.JMeterThread: Thread is done: Agent search 2-475
2026-10-09 14:18:57,042 INFO o.a.j.t.JMeterThread: Thread finished: Agent search 2-475
2026-10-09 14:18:57,419 INFO o.a.j.t.JMeterThread: Thread is done: Ticket intake 1-80
2026-10-09 14:18:57,419 INFO o.a.j.t.JMeterThread: Thread finished: Ticket intake 1-80
2026-10-09 14:18:57,974 INFO o.a.j.t.JMeterThread: Thread is done: Ticket intake 1-81
2026-10-09 14:18:57,974 INFO o.a.j.t.JMeterThread: Thread finished: Ticket intake 1-81
2026-10-09 14:18:58,950 INFO o.a.j.t.JMeterThread: Thread started: Ticket intake 1-113
2026-10-09 14:19:00,280 INFO o.a.j.r.Summariser: summary +     29 in 00:01:55 =    0.3/s Avg: 185789 Min:    20 Max: 600203 Err:     8 (27.59%) Active: 32 Started: 588 Finished: 556
2026-10-09 14:19:00,280 INFO o.a.j.r.Summariser: summary =    557 in 00:36:51 =    0.3/s Avg: 79231 Min:    17 Max: 600277 Err:    51 (9.16%)
2026-10-09 14:19:00,280 INFO o.a.j.t.JMeterThread: Thread is done: Ticket intake 1-82
2026-10-09 14:19:00,280 INFO o.a.j.t.JMeterThread: Thread finished: Ticket intake 1-82
2026-10-09 14:19:00,762 INFO o.a.j.t.JMeterThread: Thread started: Agent search 2-476
2026-10-09 14:19:00,802 INFO o.a.j.t.JMeterThread: Thread is done: Agent search 2-476
2026-10-09 14:19:00,802 INFO o.a.j.t.JMeterThread: Thread finished: Agent search 2-476
2026-10-09 14:19:03,097 INFO o.a.j.t.JMeterThread: Thread is done: Ticket intake 1-83
2026-10-09 14:19:03,097 INFO o.a.j.t.JMeterThread: Thread finished: Ticket intake 1-83
2026-10-09 14:19:03,821 INFO o.a.j.t.JMeterThread: Thread started: Agent search 2-477
2026-10-09 14:19:03,848 INFO o.a.j.t.JMeterThread: Thread is done: Agent search 2-477
2026-10-09 14:19:03,848 INFO o.a.j.t.JMeterThread: Thread finished: Agent search 2-477
2026-10-09 14:19:03,939 INFO o.a.j.t.JMeterThread: Thread started: Agent search 2-478
2026-10-09 14:19:03,963 INFO o.a.j.t.JMeterThread: Thread is done: Agent search 2-478
2026-10-09 14:19:03,963 INFO o.a.j.t.JMeterThread: Thread finished: Agent search 2-478
2026-10-09 14:19:10,992 INFO o.a.j.t.JMeterThread: Thread started: Agent search 2-479
2026-10-09 14:19:11,025 INFO o.a.j.t.JMeterThread: Thread is done: Agent search 2-479
2026-10-09 14:19:11,025 INFO o.a.j.t.JMeterThread: Thread finished: Agent search 2-479
2026-10-09 14:19:15,127 INFO o.a.j.t.JMeterThread: Thread started: Agent search 2-480
2026-10-09 14:19:15,156 INFO o.a.j.t.JMeterThread: Thread is done: Agent search 2-480
2026-10-09 14:19:15,156 INFO o.a.j.t.JMeterThread: Thread finished: Agent search 2-480
2026-10-09 14:19:21,363 INFO o.a.j.t.JMeterThread: Thread started: Ticket intake 1-114
2026-10-09 14:19:21,732 INFO o.a.j.t.JMeterThread: Thread started: Agent search 2-481
2026-10-09 14:19:21,764 INFO o.a.j.t.JMeterThread: Thread is done: Agent search 2-481
2026-10-09 14:19:21,765 INFO o.a.j.t.JMeterThread: Thread finished: Agent search 2-481
2026-10-09 14:19:22,167 INFO o.a.j.t.JMeterThread: Thread started: Agent search 2-482
2026-10-09 14:19:22,189 INFO o.a.j.t.JMeterThread: Thread is done: Agent search 2-482
2026-10-09 14:19:22,189 INFO o.a.j.t.JMeterThread: Thread finished: Agent search 2-482
2026-10-09 14:19:25,435 INFO o.a.j.t.JMeterThread: Thread started: Agent search 2-483
2026-10-09 14:19:25,473 INFO o.a.j.t.JMeterThread: Thread is done: Agent search 2-483
2026-10-09 14:19:25,473 INFO o.a.j.t.JMeterThread: Thread finished: Agent search 2-483
2026-10-09 14:19:27,417 INFO o.a.j.t.JMeterThread: Thread started: Agent search 2-484
2026-10-09 14:19:27,440 INFO o.a.j.t.JMeterThread: Thread is done: Agent search 2-484
2026-10-09 14:19:27,440 INFO o.a.j.t.JMeterThread: Thread finished: Agent search 2-484
2026-10-09 14:19:28,446 INFO o.a.j.t.JMeterThread: Thread started: Agent search 2-485
2026-10-09 14:19:28,477 INFO o.a.j.t.JMeterThread: Thread is done: Agent search 2-485
2026-10-09 14:19:28,477 INFO o.a.j.t.JMeterThread: Thread finished: Agent search 2-485
2026-10-09 14:19:28,936 INFO o.a.j.t.JMeterThread: Thread is done: Ticket intake 1-84
2026-10-09 14:19:28,936 INFO o.a.j.t.JMeterThread: Thread finished: Ticket intake 1-84
2026-10-09 14:19:30,393 INFO o.a.j.t.JMeterThread: Thread started: Agent search 2-486
2026-10-09 14:19:30,413 INFO o.a.j.r.Summariser: summary +     13 in 00:00:30 =    0.4/s Avg: 92338 Min:    20 Max: 600056 Err:     2 (15.38%) Active: 31 Started: 600 Finished: 569
2026-10-09 14:19:30,414 INFO o.a.j.r.Summariser: summary =    570 in 00:37:21 =    0.3/s Avg: 79530 Min:    17 Max: 600277 Err:    53 (9.30%)
2026-10-09 14:19:30,414 INFO o.a.j.t.JMeterThread: Thread is done: Agent search 2-486
2026-10-09 14:19:30,414 INFO o.a.j.t.JMeterThread: Thread finished: Agent search 2-486
2026-10-09 14:19:30,644 INFO o.a.j.t.JMeterThread: Thread started: Agent search 2-487
2026-10-09 14:19:30,725 INFO o.a.j.t.JMeterThread: Thread is done: Agent search 2-487
2026-10-09 14:19:30,725 INFO o.a.j.t.JMeterThread: Thread finished: Agent search 2-487
2026-10-09 14:19:33,999 INFO o.a.j.t.JMeterThread: Thread started: Ticket intake 1-115
2026-10-09 14:19:35,078 INFO o.a.j.t.JMeterThread: Thread started: Ticket intake 1-116
2026-10-09 14:19:48,717 INFO o.a.j.t.JMeterThread: Thread started: Agent search 2-488
2026-10-09 14:19:48,785 INFO o.a.j.t.JMeterThread: Thread is done: Agent search 2-488
2026-10-09 14:19:48,785 INFO o.a.j.t.JMeterThread: Thread finished: Agent search 2-488
2026-10-09 14:19:50,248 INFO o.a.j.t.JMeterThread: Thread is done: Ticket intake 1-85
2026-10-09 14:19:50,248 INFO o.a.j.t.JMeterThread: Thread finished: Ticket intake 1-85
2026-10-09 14:19:51,756 INFO o.a.j.t.JMeterThread: Thread started: Agent search 2-489
2026-10-09 14:19:51,783 INFO o.a.j.t.JMeterThread: Thread is done: Agent search 2-489
2026-10-09 14:19:51,783 INFO o.a.j.t.JMeterThread: Thread finished: Agent search 2-489
2026-10-09 14:19:51,848 INFO o.a.j.t.JMeterThread: Thread started: Agent search 2-490
2026-10-09 14:19:51,873 INFO o.a.j.t.JMeterThread: Thread is done: Agent search 2-490
2026-10-09 14:19:51,873 INFO o.a.j.t.JMeterThread: Thread finished: Agent search 2-490
2026-10-09 14:19:53,608 INFO o.a.j.t.JMeterThread: Thread started: Agent search 2-491
2026-10-09 14:19:53,631 INFO o.a.j.t.JMeterThread: Thread is done: Agent search 2-491
2026-10-09 14:19:53,631 INFO o.a.j.t.JMeterThread: Thread finished: Agent search 2-491
2026-10-09 14:19:56,598 INFO o.a.j.t.JMeterThread: Thread started: Ticket intake 1-117
2026-10-09 14:19:57,465 INFO o.a.j.t.JMeterThread: Thread started: Agent search 2-492
2026-10-09 14:19:57,486 INFO o.a.j.t.JMeterThread: Thread is done: Agent search 2-492
2026-10-09 14:19:57,486 INFO o.a.j.t.JMeterThread: Thread finished: Agent search 2-492
2026-10-09 14:20:03,000 INFO o.a.j.r.Summariser: summary +      8 in 00:00:33 =    0.2/s Avg: 150055 Min:    20 Max: 600147 Err:     2 (25.00%) Active: 32 Started: 609 Finished: 577
2026-10-09 14:20:03,001 INFO o.a.j.r.Summariser: summary =    578 in 00:37:54 =    0.3/s Avg: 80506 Min:    17 Max: 600277 Err:    55 (9.52%)
2026-10-09 14:20:03,001 INFO o.a.j.t.JMeterThread: Thread is done: Ticket intake 1-86
2026-10-09 14:20:03,001 INFO o.a.j.t.JMeterThread: Thread finished: Ticket intake 1-86
2026-10-09 14:20:12,076 INFO o.a.j.t.JMeterThread: Thread started: Agent search 2-493
2026-10-09 14:20:12,108 INFO o.a.j.t.JMeterThread: Thread is done: Agent search 2-493
2026-10-09 14:20:12,108 INFO o.a.j.t.JMeterThread: Thread finished: Agent search 2-493
2026-10-09 14:20:12,426 INFO o.a.j.t.JMeterThread: Thread started: Ticket intake 1-118
2026-10-09 14:20:14,889 INFO o.a.j.t.JMeterThread: Thread started: Agent search 2-494
2026-10-09 14:20:14,920 INFO o.a.j.t.JMeterThread: Thread is done: Agent search 2-494
2026-10-09 14:20:14,920 INFO o.a.j.t.JMeterThread: Thread finished: Agent search 2-494
2026-10-09 14:20:17,711 INFO o.a.j.t.JMeterThread: Thread started: Agent search 2-495
2026-10-09 14:20:17,734 INFO o.a.j.t.JMeterThread: Thread is done: Agent search 2-495
2026-10-09 14:20:17,734 INFO o.a.j.t.JMeterThread: Thread finished: Agent search 2-495
2026-10-09 14:20:27,172 INFO o.a.j.t.JMeterThread: Thread started: Agent search 2-496
2026-10-09 14:20:27,195 INFO o.a.j.t.JMeterThread: Thread is done: Agent search 2-496
2026-10-09 14:20:27,195 INFO o.a.j.t.JMeterThread: Thread finished: Agent search 2-496
2026-10-09 14:20:28,167 INFO o.a.j.t.JMeterThread: Thread started: Agent search 2-497
2026-10-09 14:20:28,191 INFO o.a.j.t.JMeterThread: Thread is done: Agent search 2-497
2026-10-09 14:20:28,191 INFO o.a.j.t.JMeterThread: Thread finished: Agent search 2-497
2026-10-09 14:20:36,978 INFO o.a.j.t.JMeterThread: Thread is done: Ticket intake 1-87
2026-10-09 14:20:36,978 INFO o.a.j.t.JMeterThread: Thread finished: Ticket intake 1-87
2026-10-09 14:20:38,554 INFO o.a.j.t.JMeterThread: Thread started: Agent search 2-498
2026-10-09 14:20:38,575 INFO o.a.j.t.JMeterThread: Thread is done: Agent search 2-498
2026-10-09 14:20:38,575 INFO o.a.j.t.JMeterThread: Thread finished: Agent search 2-498
2026-10-09 14:20:39,075 INFO o.a.j.t.JMeterThread: Thread started: Agent search 2-499
2026-10-09 14:20:39,100 INFO o.a.j.t.JMeterThread: Thread is done: Agent search 2-499
2026-10-09 14:20:39,100 INFO o.a.j.t.JMeterThread: Thread finished: Agent search 2-499
2026-10-09 14:20:41,463 INFO o.a.j.t.JMeterThread: Thread started: Agent search 2-500
2026-10-09 14:20:41,506 INFO o.a.j.t.JMeterThread: Thread is done: Agent search 2-500
2026-10-09 14:20:41,506 INFO o.a.j.t.JMeterThread: Thread finished: Agent search 2-500
2026-10-09 14:20:42,090 INFO o.a.j.t.JMeterThread: Thread started: Ticket intake 1-119
2026-10-09 14:20:44,451 INFO o.a.j.t.JMeterThread: Thread is done: Ticket intake 1-88
2026-10-09 14:20:44,451 INFO o.a.j.t.JMeterThread: Thread finished: Ticket intake 1-88
2026-10-09 14:20:47,210 INFO o.a.j.t.JMeterThread: Thread started: Agent search 2-501
2026-10-09 14:20:47,247 INFO o.a.j.t.JMeterThread: Thread is done: Agent search 2-501
2026-10-09 14:20:47,247 INFO o.a.j.t.JMeterThread: Thread finished: Agent search 2-501
2026-10-09 14:20:49,132 INFO o.a.j.t.JMeterThread: Thread started: Ticket intake 1-120
2026-10-09 14:20:56,056 INFO o.a.j.t.JMeterThread: Thread started: Agent search 2-502
2026-10-09 14:20:56,080 INFO o.a.j.t.JMeterThread: Thread is done: Agent search 2-502
2026-10-09 14:20:56,080 INFO o.a.j.t.JMeterThread: Thread finished: Agent search 2-502
2026-10-09 14:21:01,999 INFO o.a.j.t.JMeterThread: Thread started: Ticket intake 1-121
2026-10-09 14:21:02,615 INFO o.a.j.t.JMeterThread: Thread started: Agent search 2-503
2026-10-09 14:21:02,642 INFO o.a.j.r.Summariser: summary +     13 in 00:01:00 =    0.2/s Avg: 92351 Min:    21 Max: 600136 Err:     2 (15.38%) Active: 34 Started: 624 Finished: 590
2026-10-09 14:21:02,642 INFO o.a.j.r.Summariser: summary =    591 in 00:38:54 =    0.3/s Avg: 80767 Min:    17 Max: 600277 Err:    57 (9.64%)
2026-10-09 14:21:02,643 INFO o.a.j.t.JMeterThread: Thread is done: Agent search 2-503
2026-10-09 14:21:02,643 INFO o.a.j.t.JMeterThread: Thread finished: Agent search 2-503
2026-10-09 14:21:02,939 INFO o.a.j.t.JMeterThread: Thread started: Agent search 2-504
2026-10-09 14:21:02,964 INFO o.a.j.t.JMeterThread: Thread is done: Agent search 2-504
2026-10-09 14:21:02,964 INFO o.a.j.t.JMeterThread: Thread finished: Agent search 2-504
2026-10-09 14:21:03,362 INFO o.a.j.t.JMeterThread: Thread started: Agent search 2-505
2026-10-09 14:21:03,390 INFO o.a.j.t.JMeterThread: Thread is done: Agent search 2-505
2026-10-09 14:21:03,390 INFO o.a.j.t.JMeterThread: Thread finished: Agent search 2-505
2026-10-09 14:21:04,789 INFO o.a.j.t.JMeterThread: Thread started: Agent search 2-506
2026-10-09 14:21:04,815 INFO o.a.j.t.JMeterThread: Thread is done: Agent search 2-506
2026-10-09 14:21:04,815 INFO o.a.j.t.JMeterThread: Thread finished: Agent search 2-506
2026-10-09 14:21:06,728 INFO o.a.j.t.JMeterThread: Thread is done: Ticket intake 1-89
2026-10-09 14:21:06,728 INFO o.a.j.t.JMeterThread: Thread finished: Ticket intake 1-89
2026-10-09 14:21:10,701 INFO o.a.j.t.JMeterThread: Thread started: Agent search 2-507
2026-10-09 14:21:10,741 INFO o.a.j.t.JMeterThread: Thread is done: Agent search 2-507
2026-10-09 14:21:10,741 INFO o.a.j.t.JMeterThread: Thread finished: Agent search 2-507
2026-10-09 14:21:11,040 INFO o.a.j.t.JMeterThread: Thread started: Agent search 2-508
2026-10-09 14:21:11,066 INFO o.a.j.t.JMeterThread: Thread is done: Agent search 2-508
2026-10-09 14:21:11,066 INFO o.a.j.t.JMeterThread: Thread finished: Agent search 2-508
2026-10-09 14:21:16,539 INFO o.a.j.t.JMeterThread: Thread started: Ticket intake 1-122
2026-10-09 14:21:22,934 INFO o.a.j.t.JMeterThread: Thread started: Agent search 2-509
2026-10-09 14:21:22,968 INFO o.a.j.t.JMeterThread: Thread is done: Agent search 2-509
2026-10-09 14:21:22,968 INFO o.a.j.t.JMeterThread: Thread finished: Agent search 2-509
2026-10-09 14:21:27,687 INFO o.a.j.t.JMeterThread: Thread started: Ticket intake 1-123
2026-10-09 14:21:29,377 INFO o.a.j.t.JMeterThread: Thread started: Agent search 2-510
2026-10-09 14:21:29,405 INFO o.a.j.t.JMeterThread: Thread is done: Agent search 2-510
2026-10-09 14:21:29,405 INFO o.a.j.t.JMeterThread: Thread finished: Agent search 2-510
2026-10-09 14:21:31,329 INFO o.a.j.t.JMeterThread: Thread started: Agent search 2-511
2026-10-09 14:21:31,357 INFO o.a.j.r.Summariser: summary +      9 in 00:00:29 =    0.3/s Avg: 64148 Min:    24 Max: 577107 Err:     0 (0.00%) Active: 35 Started: 634 Finished: 599
2026-10-09 14:21:31,357 INFO o.a.j.r.Summariser: summary =    600 in 00:39:22 =    0.3/s Avg: 80517 Min:    17 Max: 600277 Err:    57 (9.50%)
2026-10-09 14:21:31,357 INFO o.a.j.t.JMeterThread: Thread is done: Agent search 2-511
2026-10-09 14:21:31,357 INFO o.a.j.t.JMeterThread: Thread finished: Agent search 2-511
2026-10-09 14:21:32,535 INFO o.a.j.t.JMeterThread: Thread is done: Ticket intake 1-90
2026-10-09 14:21:32,535 INFO o.a.j.t.JMeterThread: Thread finished: Ticket intake 1-90
2026-10-09 14:21:32,946 INFO o.a.j.t.JMeterThread: Thread started: Agent search 2-512
2026-10-09 14:21:32,982 INFO o.a.j.t.JMeterThread: Thread is done: Agent search 2-512
2026-10-09 14:21:32,982 INFO o.a.j.t.JMeterThread: Thread finished: Agent search 2-512
2026-10-09 14:21:35,204 INFO o.a.j.t.JMeterThread: Thread started: Agent search 2-513
2026-10-09 14:21:35,250 INFO o.a.j.t.JMeterThread: Thread is done: Agent search 2-513
2026-10-09 14:21:35,250 INFO o.a.j.t.JMeterThread: Thread finished: Agent search 2-513
2026-10-09 14:21:36,049 INFO o.a.j.t.JMeterThread: Thread started: Agent search 2-514
2026-10-09 14:21:36,089 INFO o.a.j.t.JMeterThread: Thread is done: Agent search 2-514
2026-10-09 14:21:36,089 INFO o.a.j.t.JMeterThread: Thread finished: Agent search 2-514
2026-10-09 14:21:37,432 INFO o.a.j.t.JMeterThread: Thread started: Agent search 2-515
2026-10-09 14:21:37,469 INFO o.a.j.t.JMeterThread: Thread is done: Agent search 2-515
2026-10-09 14:21:37,469 INFO o.a.j.t.JMeterThread: Thread finished: Agent search 2-515
2026-10-09 14:21:38,778 INFO o.a.j.t.JMeterThread: Thread started: Agent search 2-516
2026-10-09 14:21:38,807 INFO o.a.j.t.JMeterThread: Thread is done: Agent search 2-516
2026-10-09 14:21:38,807 INFO o.a.j.t.JMeterThread: Thread finished: Agent search 2-516
2026-10-09 14:21:40,418 INFO o.a.j.t.JMeterThread: Thread started: Agent search 2-517
2026-10-09 14:21:40,451 INFO o.a.j.t.JMeterThread: Thread is done: Agent search 2-517
2026-10-09 14:21:40,451 INFO o.a.j.t.JMeterThread: Thread finished: Agent search 2-517
2026-10-09 14:21:54,079 INFO o.a.j.t.JMeterThread: Thread started: Ticket intake 1-124
2026-10-09 14:21:58,844 INFO o.a.j.t.JMeterThread: Thread started: Agent search 2-518
2026-10-09 14:21:58,882 INFO o.a.j.t.JMeterThread: Thread is done: Agent search 2-518
2026-10-09 14:21:58,882 INFO o.a.j.t.JMeterThread: Thread finished: Agent search 2-518
2026-10-09 14:22:01,330 INFO o.a.j.t.JMeterThread: Thread started: Agent search 2-519
2026-10-09 14:22:01,360 INFO o.a.j.r.Summariser: summary +      9 in 00:00:30 =    0.3/s Avg: 62788 Min:    28 Max: 564816 Err:     0 (0.00%) Active: 35 Started: 643 Finished: 608
2026-10-09 14:22:01,360 INFO o.a.j.r.Summariser: summary =    609 in 00:39:52 =    0.3/s Avg: 80255 Min:    17 Max: 600277 Err:    57 (9.36%)
2026-10-09 14:22:01,360 INFO o.a.j.t.JMeterThread: Thread is done: Agent search 2-519
2026-10-09 14:22:01,360 INFO o.a.j.t.JMeterThread: Thread finished: Agent search 2-519
2026-10-09 14:22:06,307 INFO o.a.j.t.JMeterThread: Thread started: Agent search 2-520
2026-10-09 14:22:06,339 INFO o.a.j.t.JMeterThread: Thread is done: Agent search 2-520
2026-10-09 14:22:06,339 INFO o.a.j.t.JMeterThread: Thread finished: Agent search 2-520
2026-10-09 14:22:06,842 INFO o.a.j.t.JMeterThread: Thread started: Agent search 2-521
2026-10-09 14:22:06,874 INFO o.a.j.t.JMeterThread: Thread is done: Agent search 2-521
2026-10-09 14:22:06,874 INFO o.a.j.t.JMeterThread: Thread finished: Agent search 2-521
2026-10-09 14:22:09,115 INFO o.a.j.t.JMeterThread: Thread started: Agent search 2-522
2026-10-09 14:22:09,142 INFO o.a.j.t.JMeterThread: Thread is done: Agent search 2-522
2026-10-09 14:22:09,142 INFO o.a.j.t.JMeterThread: Thread finished: Agent search 2-522
2026-10-09 14:22:10,795 INFO o.a.j.t.JMeterThread: Thread started: Agent search 2-523
2026-10-09 14:22:10,821 INFO o.a.j.t.JMeterThread: Thread is done: Agent search 2-523
2026-10-09 14:22:10,821 INFO o.a.j.t.JMeterThread: Thread finished: Agent search 2-523
2026-10-09 14:22:11,711 INFO o.a.j.t.JMeterThread: Thread is done: Ticket intake 1-91
2026-10-09 14:22:11,712 INFO o.a.j.t.JMeterThread: Thread finished: Ticket intake 1-91
2026-10-09 14:22:14,942 INFO o.a.j.t.JMeterThread: Thread started: Agent search 2-524
2026-10-09 14:22:14,972 INFO o.a.j.t.JMeterThread: Thread is done: Agent search 2-524
2026-10-09 14:22:14,972 INFO o.a.j.t.JMeterThread: Thread finished: Agent search 2-524
2026-10-09 14:22:15,004 INFO o.a.j.t.JMeterThread: Thread started: Agent search 2-525
2026-10-09 14:22:15,049 INFO o.a.j.t.JMeterThread: Thread is done: Agent search 2-525
2026-10-09 14:22:15,049 INFO o.a.j.t.JMeterThread: Thread finished: Agent search 2-525
2026-10-09 14:22:15,907 INFO o.a.j.t.JMeterThread: Thread started: Agent search 2-526
2026-10-09 14:22:15,934 INFO o.a.j.t.JMeterThread: Thread is done: Agent search 2-526
2026-10-09 14:22:15,934 INFO o.a.j.t.JMeterThread: Thread finished: Agent search 2-526
2026-10-09 14:22:16,266 INFO o.a.j.t.JMeterThread: Thread started: Agent search 2-527
2026-10-09 14:22:16,292 INFO o.a.j.t.JMeterThread: Thread is done: Agent search 2-527
2026-10-09 14:22:16,292 INFO o.a.j.t.JMeterThread: Thread finished: Agent search 2-527
2026-10-09 14:22:16,830 INFO o.a.j.t.JMeterThread: Thread started: Agent search 2-528
2026-10-09 14:22:16,858 INFO o.a.j.t.JMeterThread: Thread is done: Agent search 2-528
2026-10-09 14:22:16,858 INFO o.a.j.t.JMeterThread: Thread finished: Agent search 2-528
2026-10-09 14:22:22,255 INFO o.a.j.t.JMeterThread: Thread started: Agent search 2-529
2026-10-09 14:22:22,279 INFO o.a.j.t.JMeterThread: Thread is done: Agent search 2-529
2026-10-09 14:22:22,279 INFO o.a.j.t.JMeterThread: Thread finished: Agent search 2-529
2026-10-09 14:22:23,259 INFO o.a.j.t.JMeterThread: Thread started: Agent search 2-530
2026-10-09 14:22:23,283 INFO o.a.j.t.JMeterThread: Thread is done: Agent search 2-530
2026-10-09 14:22:23,283 INFO o.a.j.t.JMeterThread: Thread finished: Agent search 2-530
2026-10-09 14:22:23,438 INFO o.a.j.t.JMeterThread: Thread started: Ticket intake 1-125
2026-10-09 14:22:24,000 INFO o.a.j.t.JMeterThread: Thread started: Ticket intake 1-126
2026-10-09 14:22:26,249 INFO o.a.j.t.JMeterThread: Thread started: Ticket intake 1-127
2026-10-09 14:22:29,213 INFO o.a.j.t.JMeterThread: Thread started: Agent search 2-531
2026-10-09 14:22:29,216 INFO o.a.j.t.JMeterThread: Thread started: Ticket intake 1-128
2026-10-09 14:22:29,251 INFO o.a.j.t.JMeterThread: Thread is done: Agent search 2-531
2026-10-09 14:22:29,251 INFO o.a.j.t.JMeterThread: Thread finished: Agent search 2-531
2026-10-09 14:22:39,561 INFO o.a.j.t.JMeterThread: Thread is done: Ticket intake 1-92
2026-10-09 14:22:39,561 INFO o.a.j.t.JMeterThread: Thread finished: Ticket intake 1-92
2026-10-09 14:22:43,916 INFO o.a.j.t.JMeterThread: Thread started: Agent search 2-532
2026-10-09 14:22:43,944 INFO o.a.j.t.JMeterThread: Thread is done: Agent search 2-532
2026-10-09 14:22:43,944 INFO o.a.j.t.JMeterThread: Thread finished: Agent search 2-532
2026-10-09 14:22:46,546 INFO o.a.j.t.JMeterThread: Thread started: Agent search 2-533
2026-10-09 14:22:46,587 INFO o.a.j.t.JMeterThread: Thread is done: Agent search 2-533
2026-10-09 14:22:46,587 INFO o.a.j.t.JMeterThread: Thread finished: Agent search 2-533
2026-10-09 14:22:52,644 INFO o.a.j.t.JMeterThread: Thread started: Agent search 2-534
2026-10-09 14:22:52,668 INFO o.a.j.t.JMeterThread: Thread is done: Agent search 2-534
2026-10-09 14:22:52,668 INFO o.a.j.t.JMeterThread: Thread finished: Agent search 2-534
2026-10-09 14:22:52,760 INFO o.a.j.t.JMeterThread: Thread started: Agent search 2-535
2026-10-09 14:22:52,807 INFO o.a.j.t.JMeterThread: Thread is done: Agent search 2-535
2026-10-09 14:22:52,807 INFO o.a.j.t.JMeterThread: Thread finished: Agent search 2-535
2026-10-09 14:22:53,532 INFO o.a.j.t.JMeterThread: Thread is done: Ticket intake 1-93
2026-10-09 14:22:53,532 INFO o.a.j.t.JMeterThread: Thread finished: Ticket intake 1-93
2026-10-09 14:22:55,581 INFO o.a.j.t.JMeterThread: Thread is done: Ticket intake 1-94
2026-10-09 14:22:55,581 INFO o.a.j.t.JMeterThread: Thread finished: Ticket intake 1-94
2026-10-09 14:22:57,827 INFO o.a.j.t.JMeterThread: Thread started: Ticket intake 1-129
2026-10-09 14:23:03,670 INFO o.a.j.r.Summariser: summary +     21 in 00:01:02 =    0.3/s Avg: 141983 Min:    22 Max: 600163 Err:     4 (19.05%) Active: 35 Started: 664 Finished: 629
2026-10-09 14:23:03,671 INFO o.a.j.r.Summariser: summary =    630 in 00:40:55 =    0.3/s Avg: 82313 Min:    17 Max: 600277 Err:    61 (9.68%)
2026-10-09 14:23:03,671 INFO o.a.j.t.JMeterThread: Thread is done: Ticket intake 1-95
2026-10-09 14:23:03,671 INFO o.a.j.t.JMeterThread: Thread finished: Ticket intake 1-95
2026-10-09 14:23:04,290 INFO o.a.j.t.JMeterThread: Thread started: Agent search 2-536
2026-10-09 14:23:04,316 INFO o.a.j.t.JMeterThread: Thread is done: Agent search 2-536
2026-10-09 14:23:04,316 INFO o.a.j.t.JMeterThread: Thread finished: Agent search 2-536
2026-10-09 14:23:11,089 INFO o.a.j.t.JMeterThread: Thread started: Agent search 2-537
2026-10-09 14:23:11,119 INFO o.a.j.t.JMeterThread: Thread is done: Agent search 2-537
2026-10-09 14:23:11,119 INFO o.a.j.t.JMeterThread: Thread finished: Agent search 2-537
2026-10-09 14:23:12,696 INFO o.a.j.t.JMeterThread: Thread started: Ticket intake 1-130
2026-10-09 14:23:17,577 INFO o.a.j.t.JMeterThread: Thread started: Agent search 2-538
2026-10-09 14:23:17,603 INFO o.a.j.t.JMeterThread: Thread is done: Agent search 2-538
2026-10-09 14:23:17,603 INFO o.a.j.t.JMeterThread: Thread finished: Agent search 2-538
2026-10-09 14:23:23,146 INFO o.a.j.t.JMeterThread: Thread is done: Ticket intake 1-96
2026-10-09 14:23:23,146 INFO o.a.j.t.JMeterThread: Thread finished: Ticket intake 1-96
2026-10-09 14:23:26,029 INFO o.a.j.t.JMeterThread: Thread started: Agent search 2-539
2026-10-09 14:23:26,072 INFO o.a.j.t.JMeterThread: Thread is done: Agent search 2-539
2026-10-09 14:23:26,072 INFO o.a.j.t.JMeterThread: Thread finished: Agent search 2-539
2026-10-09 14:23:26,606 INFO o.a.j.t.JMeterThread: Thread started: Ticket intake 1-131
2026-10-09 14:23:28,945 INFO o.a.j.t.JMeterThread: Thread started: Agent search 2-540
2026-10-09 14:23:28,986 INFO o.a.j.t.JMeterThread: Thread is done: Agent search 2-540
2026-10-09 14:23:28,986 INFO o.a.j.t.JMeterThread: Thread finished: Agent search 2-540
2026-10-09 14:23:30,981 INFO o.a.j.t.JMeterThread: Thread started: Agent search 2-541
2026-10-09 14:23:31,019 INFO o.a.j.r.Summariser: summary +      7 in 00:00:27 =    0.3/s Avg: 85764 Min:    25 Max: 600150 Err:     1 (14.29%) Active: 36 Started: 672 Finished: 636
2026-10-09 14:23:31,020 INFO o.a.j.r.Summariser: summary =    637 in 00:41:22 =    0.3/s Avg: 82351 Min:    17 Max: 600277 Err:    62 (9.73%)
2026-10-09 14:23:31,020 INFO o.a.j.t.JMeterThread: Thread is done: Agent search 2-541
2026-10-09 14:23:31,020 INFO o.a.j.t.JMeterThread: Thread finished: Agent search 2-541
2026-10-09 14:23:31,417 INFO o.a.j.t.JMeterThread: Thread started: Agent search 2-542
2026-10-09 14:23:31,445 INFO o.a.j.t.JMeterThread: Thread is done: Agent search 2-542
2026-10-09 14:23:31,445 INFO o.a.j.t.JMeterThread: Thread finished: Agent search 2-542
2026-10-09 14:23:35,849 INFO o.a.j.t.JMeterThread: Thread started: Agent search 2-543
2026-10-09 14:23:35,903 INFO o.a.j.t.JMeterThread: Thread is done: Agent search 2-543
2026-10-09 14:23:35,903 INFO o.a.j.t.JMeterThread: Thread finished: Agent search 2-543
2026-10-09 14:23:36,000 INFO o.a.j.t.JMeterThread: Thread started: Agent search 2-544
2026-10-09 14:23:36,009 INFO o.a.j.t.JMeterThread: Thread is done: Ticket intake 1-97
2026-10-09 14:23:36,009 INFO o.a.j.t.JMeterThread: Thread finished: Ticket intake 1-97
2026-10-09 14:23:36,050 INFO o.a.j.t.JMeterThread: Thread is done: Agent search 2-544
2026-10-09 14:23:36,050 INFO o.a.j.t.JMeterThread: Thread finished: Agent search 2-544
2026-10-09 14:23:40,984 INFO o.a.j.t.JMeterThread: Thread started: Agent search 2-545
2026-10-09 14:23:41,016 INFO o.a.j.t.JMeterThread: Thread is done: Agent search 2-545
2026-10-09 14:23:41,016 INFO o.a.j.t.JMeterThread: Thread finished: Agent search 2-545
2026-10-09 14:23:41,559 INFO o.a.j.t.JMeterThread: Thread is done: Ticket intake 1-98
2026-10-09 14:23:41,559 INFO o.a.j.t.JMeterThread: Thread finished: Ticket intake 1-98
2026-10-09 14:23:46,949 INFO o.a.j.t.JMeterThread: Thread started: Agent search 2-546
2026-10-09 14:23:46,983 INFO o.a.j.t.JMeterThread: Thread is done: Agent search 2-546
2026-10-09 14:23:46,983 INFO o.a.j.t.JMeterThread: Thread finished: Agent search 2-546
2026-10-09 14:23:49,887 INFO o.a.j.t.JMeterThread: Thread started: Agent search 2-547
2026-10-09 14:23:49,911 INFO o.a.j.t.JMeterThread: Thread is done: Agent search 2-547
2026-10-09 14:23:49,911 INFO o.a.j.t.JMeterThread: Thread finished: Agent search 2-547
2026-10-09 14:23:53,272 INFO o.a.j.t.JMeterThread: Thread started: Agent search 2-548
2026-10-09 14:23:53,314 INFO o.a.j.t.JMeterThread: Thread is done: Agent search 2-548
2026-10-09 14:23:53,314 INFO o.a.j.t.JMeterThread: Thread finished: Agent search 2-548
2026-10-09 14:23:55,891 INFO o.a.j.t.JMeterThread: Thread started: Ticket intake 1-132
2026-10-09 14:23:58,577 INFO o.a.j.t.JMeterThread: Thread started: Ticket intake 1-133
2026-10-09 14:23:59,760 INFO o.a.j.t.JMeterThread: Thread started: Agent search 2-549
2026-10-09 14:23:59,785 INFO o.a.j.t.JMeterThread: Thread is done: Agent search 2-549
2026-10-09 14:23:59,785 INFO o.a.j.t.JMeterThread: Thread finished: Agent search 2-549
2026-10-09 14:24:00,118 INFO o.a.j.t.JMeterThread: Thread started: Ticket intake 1-134
2026-10-09 14:24:02,271 INFO o.a.j.t.JMeterThread: Thread started: Ticket intake 1-135
2026-10-09 14:24:02,398 INFO o.a.j.t.JMeterThread: Thread started: Agent search 2-550
2026-10-09 14:24:02,420 INFO o.a.j.r.Summariser: summary +     11 in 00:00:31 =    0.4/s Avg: 109141 Min:    21 Max: 600138 Err:     2 (18.18%) Active: 38 Started: 685 Finished: 647
2026-10-09 14:24:02,421 INFO o.a.j.r.Summariser: summary =    648 in 00:41:53 =    0.3/s Avg: 82806 Min:    17 Max: 600277 Err:    64 (9.88%)
2026-10-09 14:24:02,421 INFO o.a.j.t.JMeterThread: Thread is done: Agent search 2-550
2026-10-09 14:24:02,421 INFO o.a.j.t.JMeterThread: Thread finished: Agent search 2-550
2026-10-09 14:24:05,220 INFO o.a.j.t.JMeterThread: Thread started: Agent search 2-551
2026-10-09 14:24:05,252 INFO o.a.j.t.JMeterThread: Thread is done: Agent search 2-551
2026-10-09 14:24:05,253 INFO o.a.j.t.JMeterThread: Thread finished: Agent search 2-551
2026-10-09 14:24:07,320 INFO o.a.j.t.JMeterThread: Thread started: Ticket intake 1-136
2026-10-09 14:24:14,727 INFO o.a.j.t.JMeterThread: Thread started: Agent search 2-552
2026-10-09 14:24:14,770 INFO o.a.j.t.JMeterThread: Thread is done: Agent search 2-552
2026-10-09 14:24:14,770 INFO o.a.j.t.JMeterThread: Thread finished: Agent search 2-552
2026-10-09 14:24:17,260 INFO o.a.j.t.JMeterThread: Thread started: Agent search 2-553
2026-10-09 14:24:17,281 INFO o.a.j.t.JMeterThread: Thread is done: Agent search 2-553
2026-10-09 14:24:17,281 INFO o.a.j.t.JMeterThread: Thread finished: Agent search 2-553
2026-10-09 14:24:18,628 INFO o.a.j.t.JMeterThread: Thread is done: Ticket intake 1-99
2026-10-09 14:24:18,628 INFO o.a.j.t.JMeterThread: Thread finished: Ticket intake 1-99
2026-10-09 14:24:21,156 INFO o.a.j.t.JMeterThread: Thread started: Ticket intake 1-137
2026-10-09 14:24:24,332 INFO o.a.j.t.JMeterThread: Thread started: Agent search 2-554
2026-10-09 14:24:24,360 INFO o.a.j.t.JMeterThread: Thread is done: Agent search 2-554
2026-10-09 14:24:24,360 INFO o.a.j.t.JMeterThread: Thread finished: Agent search 2-554
2026-10-09 14:24:25,465 INFO o.a.j.t.JMeterThread: Thread started: Agent search 2-555
2026-10-09 14:24:25,500 INFO o.a.j.t.JMeterThread: Thread is done: Agent search 2-555
2026-10-09 14:24:25,500 INFO o.a.j.t.JMeterThread: Thread finished: Agent search 2-555
2026-10-09 14:24:26,014 INFO o.a.j.t.JMeterThread: Thread started: Agent search 2-556
2026-10-09 14:24:26,039 INFO o.a.j.t.JMeterThread: Thread is done: Agent search 2-556
2026-10-09 14:24:26,039 INFO o.a.j.t.JMeterThread: Thread finished: Agent search 2-556
2026-10-09 14:24:30,405 INFO o.a.j.r.Summariser: summary +      8 in 00:00:28 =    0.3/s Avg: 150055 Min:    21 Max: 600153 Err:     2 (25.00%) Active: 38 Started: 693 Finished: 655
2026-10-09 14:24:30,405 INFO o.a.j.r.Summariser: summary =    656 in 00:42:21 =    0.3/s Avg: 83626 Min:    17 Max: 600277 Err:    66 (10.06%)
2026-10-09 14:24:30,405 INFO o.a.j.t.JMeterThread: Thread is done: Ticket intake 1-100
2026-10-09 14:24:30,405 INFO o.a.j.t.JMeterThread: Thread finished: Ticket intake 1-100
2026-10-09 14:24:37,726 INFO o.a.j.t.JMeterThread: Thread started: Agent search 2-557
2026-10-09 14:24:37,757 INFO o.a.j.t.JMeterThread: Thread is done: Agent search 2-557
2026-10-09 14:24:37,757 INFO o.a.j.t.JMeterThread: Thread finished: Agent search 2-557
2026-10-09 14:24:39,916 INFO o.a.j.t.JMeterThread: Thread started: Agent search 2-558
2026-10-09 14:24:39,940 INFO o.a.j.t.JMeterThread: Thread is done: Agent search 2-558
2026-10-09 14:24:39,940 INFO o.a.j.t.JMeterThread: Thread finished: Agent search 2-558
2026-10-09 14:24:46,429 INFO o.a.j.t.JMeterThread: Thread started: Agent search 2-559
2026-10-09 14:24:46,454 INFO o.a.j.t.JMeterThread: Thread is done: Agent search 2-559
2026-10-09 14:24:46,454 INFO o.a.j.t.JMeterThread: Thread finished: Agent search 2-559
2026-10-09 14:24:49,657 INFO o.a.j.t.JMeterThread: Thread started: Agent search 2-560
2026-10-09 14:24:49,681 INFO o.a.j.t.JMeterThread: Thread is done: Agent search 2-560
2026-10-09 14:24:49,681 INFO o.a.j.t.JMeterThread: Thread finished: Agent search 2-560
2026-10-09 14:24:52,847 INFO o.a.j.t.JMeterThread: Thread started: Agent search 2-561
2026-10-09 14:24:52,891 INFO o.a.j.t.JMeterThread: Thread is done: Agent search 2-561
2026-10-09 14:24:52,891 INFO o.a.j.t.JMeterThread: Thread finished: Agent search 2-561
2026-10-09 14:25:00,143 INFO o.a.j.t.JMeterThread: Thread started: Ticket intake 1-138
2026-10-09 14:25:07,371 INFO o.a.j.t.JMeterThread: Thread is done: Ticket intake 1-101
2026-10-09 14:25:07,371 INFO o.a.j.t.JMeterThread: Thread finished: Ticket intake 1-101
2026-10-09 14:25:09,701 INFO o.a.j.t.JMeterThread: Thread started: Agent search 2-562
2026-10-09 14:25:09,729 INFO o.a.j.t.JMeterThread: Thread is done: Agent search 2-562
2026-10-09 14:25:09,729 INFO o.a.j.t.JMeterThread: Thread finished: Agent search 2-562
2026-10-09 14:25:17,089 INFO o.a.j.t.JMeterThread: Thread started: Agent search 2-563
2026-10-09 14:25:17,128 INFO o.a.j.t.JMeterThread: Thread is done: Agent search 2-563
2026-10-09 14:25:17,128 INFO o.a.j.t.JMeterThread: Thread finished: Agent search 2-563
2026-10-09 14:25:18,840 INFO o.a.j.t.JMeterThread: Thread is done: Ticket intake 1-102
2026-10-09 14:25:18,840 INFO o.a.j.t.JMeterThread: Thread finished: Ticket intake 1-102
2026-10-09 14:25:18,910 INFO o.a.j.t.JMeterThread: Thread started: Ticket intake 1-139
2026-10-09 14:25:19,296 INFO o.a.j.t.JMeterThread: Thread started: Agent search 2-564
2026-10-09 14:25:19,320 INFO o.a.j.t.JMeterThread: Thread is done: Agent search 2-564
2026-10-09 14:25:19,320 INFO o.a.j.t.JMeterThread: Thread finished: Agent search 2-564
2026-10-09 14:25:21,855 INFO o.a.j.t.JMeterThread: Thread started: Agent search 2-565
2026-10-09 14:25:21,883 INFO o.a.j.t.JMeterThread: Thread is done: Agent search 2-565
2026-10-09 14:25:21,883 INFO o.a.j.t.JMeterThread: Thread finished: Agent search 2-565
2026-10-09 14:25:22,986 INFO o.a.j.t.JMeterThread: Thread started: Agent search 2-566
2026-10-09 14:25:23,010 INFO o.a.j.t.JMeterThread: Thread is done: Agent search 2-566
2026-10-09 14:25:23,010 INFO o.a.j.t.JMeterThread: Thread finished: Agent search 2-566
2026-10-09 14:25:25,086 INFO o.a.j.t.JMeterThread: Thread is done: Ticket intake 1-103
2026-10-09 14:25:25,086 INFO o.a.j.t.JMeterThread: Thread finished: Ticket intake 1-103
2026-10-09 14:25:25,422 INFO o.a.j.t.JMeterThread: Thread started: Agent search 2-567
2026-10-09 14:25:25,449 INFO o.a.j.t.JMeterThread: Thread is done: Agent search 2-567
2026-10-09 14:25:25,449 INFO o.a.j.t.JMeterThread: Thread finished: Agent search 2-567
2026-10-09 14:25:38,542 INFO o.a.j.t.JMeterThread: Thread started: Agent search 2-568
2026-10-09 14:25:38,574 INFO o.a.j.t.JMeterThread: Thread is done: Agent search 2-568
2026-10-09 14:25:38,574 INFO o.a.j.t.JMeterThread: Thread finished: Agent search 2-568
2026-10-09 14:25:42,340 INFO o.a.j.t.JMeterThread: Thread started: Agent search 2-569
2026-10-09 14:25:42,373 INFO o.a.j.t.JMeterThread: Thread is done: Agent search 2-569
2026-10-09 14:25:42,373 INFO o.a.j.t.JMeterThread: Thread finished: Agent search 2-569
2026-10-09 14:25:43,725 INFO o.a.j.t.JMeterThread: Thread is done: Ticket intake 1-104
2026-10-09 14:25:43,725 INFO o.a.j.t.JMeterThread: Thread finished: Ticket intake 1-104
2026-10-09 14:25:45,505 INFO o.a.j.t.JMeterThread: Thread started: Ticket intake 1-140
2026-10-09 14:25:48,992 INFO o.a.j.t.JMeterThread: Thread started: Agent search 2-570
2026-10-09 14:25:49,016 INFO o.a.j.t.JMeterThread: Thread is done: Agent search 2-570
2026-10-09 14:25:49,016 INFO o.a.j.t.JMeterThread: Thread finished: Agent search 2-570
2026-10-09 14:25:57,735 INFO o.a.j.t.JMeterThread: Thread started: Agent search 2-571
2026-10-09 14:25:57,758 INFO o.a.j.t.JMeterThread: Thread is done: Agent search 2-571
2026-10-09 14:25:57,758 INFO o.a.j.t.JMeterThread: Thread finished: Agent search 2-571
2026-10-09 14:25:59,997 INFO o.a.j.t.JMeterThread: Thread started: Agent search 2-572
2026-10-09 14:26:00,051 INFO o.a.j.r.Summariser: summary +     20 in 00:01:30 =    0.2/s Avg: 120056 Min:    22 Max: 600228 Err:     4 (20.00%) Active: 37 Started: 712 Finished: 675
2026-10-09 14:26:00,052 INFO o.a.j.r.Summariser: summary =    676 in 00:43:51 =    0.3/s Avg: 84704 Min:    17 Max: 600277 Err:    70 (10.36%)
2026-10-09 14:26:00,052 INFO o.a.j.t.JMeterThread: Thread is done: Agent search 2-572
2026-10-09 14:26:00,052 INFO o.a.j.t.JMeterThread: Thread finished: Agent search 2-572
2026-10-09 14:26:03,735 INFO o.a.j.t.JMeterThread: Thread started: Ticket intake 1-141
2026-10-09 14:26:03,814 INFO o.a.j.t.JMeterThread: Thread started: Ticket intake 1-142
2026-10-09 14:26:08,304 INFO o.a.j.t.JMeterThread: Thread started: Agent search 2-573
2026-10-09 14:26:08,335 INFO o.a.j.t.JMeterThread: Thread is done: Agent search 2-573
2026-10-09 14:26:08,335 INFO o.a.j.t.JMeterThread: Thread finished: Agent search 2-573
2026-10-09 14:26:09,571 INFO o.a.j.t.JMeterThread: Thread started: Ticket intake 1-143
2026-10-09 14:26:15,083 INFO o.a.j.t.JMeterThread: Thread is done: Ticket intake 1-105
2026-10-09 14:26:15,083 INFO o.a.j.t.JMeterThread: Thread finished: Ticket intake 1-105
2026-10-09 14:26:23,223 INFO o.a.j.t.JMeterThread: Thread started: Ticket intake 1-144
2026-10-09 14:26:40,556 INFO o.a.j.t.JMeterThread: Thread is done: Ticket intake 1-106
2026-10-09 14:26:40,556 INFO o.a.j.t.JMeterThread: Thread finished: Ticket intake 1-106
2026-10-09 14:26:40,752 INFO o.a.j.t.JMeterThread: Thread started: Agent search 2-574
2026-10-09 14:26:40,796 INFO o.a.j.t.JMeterThread: Thread is done: Agent search 2-574
2026-10-09 14:26:40,796 INFO o.a.j.t.JMeterThread: Thread finished: Agent search 2-574
2026-10-09 14:26:43,226 INFO o.a.j.t.JMeterThread: Thread started: Ticket intake 1-145
2026-10-09 14:26:50,198 INFO o.a.j.t.JMeterThread: Thread started: Agent search 2-575
2026-10-09 14:26:50,230 INFO o.a.j.t.JMeterThread: Thread is done: Agent search 2-575
2026-10-09 14:26:50,230 INFO o.a.j.t.JMeterThread: Thread finished: Agent search 2-575
2026-10-09 14:26:52,496 INFO o.a.j.t.JMeterThread: Thread started: Agent search 2-576
2026-10-09 14:26:52,521 INFO o.a.j.t.JMeterThread: Thread is done: Agent search 2-576
2026-10-09 14:26:52,521 INFO o.a.j.t.JMeterThread: Thread finished: Agent search 2-576
2026-10-09 14:26:53,546 INFO o.a.j.t.JMeterThread: Thread started: Ticket intake 1-146
2026-10-09 14:26:58,560 INFO o.a.j.t.JMeterThread: Thread started: Agent search 2-577
2026-10-09 14:27:00,438 INFO o.a.j.t.JMeterThread: Thread started: Agent search 2-578
2026-10-09 14:27:02,714 INFO o.a.j.t.JMeterThread: Thread started: Agent search 2-579
2026-10-09 14:27:06,460 INFO o.a.j.t.JMeterThread: Thread started: Agent search 2-580
2026-10-09 14:27:08,922 INFO o.a.j.t.JMeterThread: Thread is done: Agent search 2-577
2026-10-09 14:27:08,922 INFO o.a.j.t.JMeterThread: Thread is done: Agent search 2-580
2026-10-09 14:27:08,922 INFO o.a.j.t.JMeterThread: Thread is done: Ticket intake 1-107
2026-10-09 14:27:08,922 INFO o.a.j.t.JMeterThread: Thread is done: Agent search 2-579
2026-10-09 14:27:08,923 INFO o.a.j.t.JMeterThread: Thread finished: Agent search 2-577
2026-10-09 14:27:08,923 INFO o.a.j.t.JMeterThread: Thread finished: Agent search 2-580
2026-10-09 14:27:08,923 INFO o.a.j.t.JMeterThread: Thread finished: Ticket intake 1-107
2026-10-09 14:27:08,923 INFO o.a.j.t.JMeterThread: Thread finished: Agent search 2-579
2026-10-09 14:27:08,932 INFO o.a.j.t.JMeterThread: Thread is done: Agent search 2-578
2026-10-09 14:27:08,932 INFO o.a.j.t.JMeterThread: Thread finished: Agent search 2-578
2026-10-09 14:27:17,402 INFO o.a.j.t.JMeterThread: Thread started: Agent search 2-581
2026-10-09 14:27:17,430 INFO o.a.j.t.JMeterThread: Thread is done: Agent search 2-581
2026-10-09 14:27:17,430 INFO o.a.j.t.JMeterThread: Thread finished: Agent search 2-581
2026-10-09 14:27:19,596 INFO o.a.j.t.JMeterThread: Thread started: Agent search 2-582
2026-10-09 14:27:19,619 INFO o.a.j.t.JMeterThread: Thread is done: Agent search 2-582
2026-10-09 14:27:19,619 INFO o.a.j.t.JMeterThread: Thread finished: Agent search 2-582
2026-10-09 14:27:21,555 INFO o.a.j.t.JMeterThread: Thread started: Agent search 2-583
2026-10-09 14:27:21,579 INFO o.a.j.t.JMeterThread: Thread is done: Agent search 2-583
2026-10-09 14:27:21,579 INFO o.a.j.t.JMeterThread: Thread finished: Agent search 2-583
2026-10-09 14:27:22,668 INFO o.a.j.t.JMeterThread: Thread started: Agent search 2-584
2026-10-09 14:27:22,697 INFO o.a.j.t.JMeterThread: Thread is done: Agent search 2-584
2026-10-09 14:27:22,697 INFO o.a.j.t.JMeterThread: Thread finished: Agent search 2-584
2026-10-09 14:27:24,655 INFO o.a.j.t.JMeterThread: Thread started: Agent search 2-585
2026-10-09 14:27:24,687 INFO o.a.j.t.JMeterThread: Thread is done: Agent search 2-585
2026-10-09 14:27:24,687 INFO o.a.j.t.JMeterThread: Thread finished: Agent search 2-585
2026-10-09 14:27:25,835 INFO o.a.j.t.JMeterThread: Thread started: Agent search 2-586
2026-10-09 14:27:25,861 INFO o.a.j.t.JMeterThread: Thread is done: Agent search 2-586
2026-10-09 14:27:25,861 INFO o.a.j.t.JMeterThread: Thread finished: Agent search 2-586
2026-10-09 14:27:26,798 INFO o.a.j.t.JMeterThread: Thread started: Agent search 2-587
2026-10-09 14:27:26,826 INFO o.a.j.t.JMeterThread: Thread is done: Agent search 2-587
2026-10-09 14:27:26,826 INFO o.a.j.t.JMeterThread: Thread finished: Agent search 2-587
2026-10-09 14:27:27,968 INFO o.a.j.t.JMeterThread: Thread started: Agent search 2-588
2026-10-09 14:27:27,995 INFO o.a.j.t.JMeterThread: Thread is done: Agent search 2-588
2026-10-09 14:27:27,995 INFO o.a.j.t.JMeterThread: Thread finished: Agent search 2-588
2026-10-09 14:27:33,395 INFO o.a.j.r.Summariser: summary +     20 in 00:01:33 =    0.2/s Avg: 116785 Min:    21 Max: 600225 Err:     1 (5.00%) Active: 39 Started: 734 Finished: 695
2026-10-09 14:27:33,395 INFO o.a.j.r.Summariser: summary =    696 in 00:45:24 =    0.3/s Avg: 85625 Min:    17 Max: 600277 Err:    71 (10.20%)
2026-10-09 14:27:33,395 INFO o.a.j.t.JMeterThread: Thread is done: Ticket intake 1-108
2026-10-09 14:27:33,395 INFO o.a.j.t.JMeterThread: Thread finished: Ticket intake 1-108
2026-10-09 14:27:35,276 INFO o.a.j.t.JMeterThread: Thread started: Agent search 2-589
2026-10-09 14:27:35,298 INFO o.a.j.t.JMeterThread: Thread is done: Agent search 2-589
2026-10-09 14:27:35,298 INFO o.a.j.t.JMeterThread: Thread finished: Agent search 2-589
2026-10-09 14:27:35,769 INFO o.a.j.t.JMeterThread: Thread started: Agent search 2-590
2026-10-09 14:27:35,792 INFO o.a.j.t.JMeterThread: Thread is done: Agent search 2-590
2026-10-09 14:27:35,792 INFO o.a.j.t.JMeterThread: Thread finished: Agent search 2-590
2026-10-09 14:27:36,688 INFO o.a.j.t.JMeterThread: Thread started: Agent search 2-591
2026-10-09 14:27:36,718 INFO o.a.j.t.JMeterThread: Thread is done: Agent search 2-591
2026-10-09 14:27:36,718 INFO o.a.j.t.JMeterThread: Thread finished: Agent search 2-591
2026-10-09 14:27:37,271 INFO o.a.j.t.JMeterThread: Thread started: Ticket intake 1-147
2026-10-09 14:27:38,605 INFO o.a.j.t.JMeterThread: Thread started: Agent search 2-592
2026-10-09 14:27:38,630 INFO o.a.j.t.JMeterThread: Thread is done: Agent search 2-592
2026-10-09 14:27:38,630 INFO o.a.j.t.JMeterThread: Thread finished: Agent search 2-592
2026-10-09 14:27:39,914 INFO o.a.j.t.JMeterThread: Thread started: Ticket intake 1-148
2026-10-09 14:27:41,662 INFO o.a.j.t.JMeterThread: Thread started: Agent search 2-593
2026-10-09 14:27:42,795 INFO o.a.j.t.JMeterThread: Thread started: Agent search 2-594
2026-10-09 14:27:44,974 INFO o.a.j.t.JMeterThread: Thread started: Agent search 2-595
2026-10-09 14:27:46,486 INFO o.a.j.t.JMeterThread: Thread started: Agent search 2-596
2026-10-09 14:27:46,956 INFO o.a.j.t.JMeterThread: Thread started: Ticket intake 1-149
2026-10-09 14:27:54,075 INFO o.a.j.t.JMeterThread: Thread started: Agent search 2-597
2026-10-09 14:27:55,026 INFO o.a.j.t.JMeterThread: Thread started: Agent search 2-598
2026-10-09 14:27:56,814 INFO o.a.j.t.JMeterThread: Thread started: Agent search 2-599
2026-10-09 14:27:57,460 INFO o.a.j.t.JMeterThread: Thread started: Agent search 2-600
2026-10-09 14:27:58,075 INFO o.a.j.t.JMeterThread: Thread is done: Ticket intake 1-109
2026-10-09 14:27:58,076 INFO o.a.j.t.JMeterThread: Thread finished: Ticket intake 1-109
2026-10-09 14:27:58,075 INFO o.a.j.t.JMeterThread: Thread is done: Agent search 2-593
2026-10-09 14:27:58,076 INFO o.a.j.t.JMeterThread: Thread finished: Agent search 2-593
2026-10-09 14:27:58,076 INFO o.a.j.t.JMeterThread: Thread is done: Agent search 2-595
2026-10-09 14:27:58,076 INFO o.a.j.t.JMeterThread: Thread finished: Agent search 2-595
2026-10-09 14:27:58,076 INFO o.a.j.t.JMeterThread: Thread is done: Agent search 2-596
2026-10-09 14:27:58,076 INFO o.a.j.t.JMeterThread: Thread finished: Agent search 2-596
2026-10-09 14:27:58,076 INFO o.a.j.t.JMeterThread: Thread is done: Agent search 2-594
2026-10-09 14:27:58,077 INFO o.a.j.t.JMeterThread: Thread finished: Agent search 2-594
2026-10-09 14:27:58,867 INFO o.a.j.t.JMeterThread: Thread started: Agent search 2-601
2026-10-09 14:27:59,033 INFO o.a.j.t.JMeterThread: Thread started: Agent search 2-602
2026-10-09 14:28:01,597 INFO o.a.j.t.JMeterThread: Thread started: Agent search 2-603
2026-10-09 14:28:08,615 INFO o.a.j.t.JMeterThread: Thread started: Agent search 2-604
2026-10-09 14:28:10,193 INFO o.a.j.t.JMeterThread: Thread started: Ticket intake 1-150
2026-10-09 14:28:12,718 INFO o.a.j.t.JMeterThread: Thread is done: Agent search 2-599
2026-10-09 14:28:12,718 INFO o.a.j.t.JMeterThread: Thread is done: Agent search 2-597
2026-10-09 14:28:12,718 INFO o.a.j.t.JMeterThread: Thread is done: Ticket intake 1-110
2026-10-09 14:28:12,718 INFO o.a.j.t.JMeterThread: Thread finished: Agent search 2-597
2026-10-09 14:28:12,718 INFO o.a.j.t.JMeterThread: Thread finished: Ticket intake 1-110
2026-10-09 14:28:12,718 INFO o.a.j.t.JMeterThread: Thread is done: Agent search 2-603
2026-10-09 14:28:12,718 INFO o.a.j.t.JMeterThread: Thread finished: Agent search 2-603
2026-10-09 14:28:12,718 INFO o.a.j.t.JMeterThread: Thread finished: Agent search 2-599
2026-10-09 14:28:12,718 INFO o.a.j.t.JMeterThread: Thread is done: Agent search 2-601
2026-10-09 14:28:12,718 INFO o.a.j.t.JMeterThread: Thread is done: Agent search 2-600
2026-10-09 14:28:12,718 INFO o.a.j.t.JMeterThread: Thread finished: Agent search 2-601
2026-10-09 14:28:12,718 INFO o.a.j.t.JMeterThread: Thread is done: Agent search 2-602
2026-10-09 14:28:12,718 INFO o.a.j.t.JMeterThread: Thread finished: Agent search 2-600
2026-10-09 14:28:12,718 INFO o.a.j.t.JMeterThread: Thread is done: Agent search 2-598
2026-10-09 14:28:12,718 INFO o.a.j.t.JMeterThread: Thread is done: Agent search 2-604
2026-10-09 14:28:12,718 INFO o.a.j.t.JMeterThread: Thread finished: Agent search 2-602
2026-10-09 14:28:12,718 INFO o.a.j.t.JMeterThread: Thread finished: Agent search 2-604
2026-10-09 14:28:12,718 INFO o.a.j.t.JMeterThread: Thread finished: Agent search 2-598
2026-10-09 14:28:14,282 INFO o.a.j.t.JMeterThread: Thread started: Agent search 2-605
2026-10-09 14:28:17,799 INFO o.a.j.t.JMeterThread: Thread started: Ticket intake 1-151
2026-10-09 14:28:23,265 INFO o.a.j.t.JMeterThread: Thread is done: Ticket intake 1-111
2026-10-09 14:28:23,265 INFO o.a.j.t.JMeterThread: Thread finished: Ticket intake 1-111
2026-10-09 14:28:23,266 INFO o.a.j.t.JMeterThread: Thread is done: Agent search 2-605
2026-10-09 14:28:23,266 INFO o.a.j.t.JMeterThread: Thread finished: Agent search 2-605
2026-10-09 14:28:24,069 INFO o.a.j.t.JMeterThread: Thread started: Agent search 2-606
2026-10-09 14:28:28,121 INFO o.a.j.t.JMeterThread: Thread started: Agent search 2-607
2026-10-09 14:28:29,273 INFO o.a.j.t.JMeterThread: Thread started: Agent search 2-608
2026-10-09 14:28:33,072 INFO o.a.j.t.JMeterThread: Thread started: Agent search 2-609
2026-10-09 14:28:36,587 INFO o.a.j.t.JMeterThread: Thread started: Ticket intake 1-152
2026-10-09 14:28:37,157 INFO o.a.j.t.JMeterThread: Thread is done: Ticket intake 1-112
2026-10-09 14:28:37,157 INFO o.a.j.t.JMeterThread: Thread finished: Ticket intake 1-112
2026-10-09 14:28:37,162 INFO o.a.j.t.JMeterThread: Thread is done: Agent search 2-606
2026-10-09 14:28:37,162 INFO o.a.j.t.JMeterThread: Thread finished: Agent search 2-606
2026-10-09 14:28:37,166 INFO o.a.j.t.JMeterThread: Thread is done: Agent search 2-607
2026-10-09 14:28:37,166 INFO o.a.j.t.JMeterThread: Thread finished: Agent search 2-607
2026-10-09 14:28:37,171 INFO o.a.j.t.JMeterThread: Thread is done: Agent search 2-609
2026-10-09 14:28:37,171 INFO o.a.j.t.JMeterThread: Thread finished: Agent search 2-609
2026-10-09 14:28:37,178 INFO o.a.j.t.JMeterThread: Thread is done: Agent search 2-608
2026-10-09 14:28:37,178 INFO o.a.j.t.JMeterThread: Thread finished: Agent search 2-608
2026-10-09 14:28:42,531 INFO o.a.j.t.JMeterThread: Thread started: Agent search 2-610
2026-10-09 14:28:43,936 INFO o.a.j.t.JMeterThread: Thread started: Agent search 2-611
2026-10-09 14:28:45,849 INFO o.a.j.t.JMeterThread: Thread started: Ticket intake 1-153
2026-10-09 14:28:48,807 INFO o.a.j.t.JMeterThread: Thread started: Agent search 2-612
2026-10-09 14:28:52,063 INFO o.a.j.t.JMeterThread: Thread started: Agent search 2-613
2026-10-09 14:28:52,500 INFO o.a.j.t.JMeterThread: Thread started: Agent search 2-614
2026-10-09 14:28:54,098 INFO o.a.j.t.JMeterThread: Thread started: Agent search 2-615
2026-10-09 14:28:54,518 INFO o.a.j.t.JMeterThread: Thread started: Agent search 2-616
2026-10-09 14:28:59,040 INFO o.a.j.t.JMeterThread: Thread is done: Ticket intake 1-113
2026-10-09 14:28:59,040 INFO o.a.j.t.JMeterThread: Thread finished: Ticket intake 1-113
2026-10-09 14:28:59,044 INFO o.a.j.t.JMeterThread: Thread is done: Agent search 2-610
2026-10-09 14:28:59,044 INFO o.a.j.t.JMeterThread: Thread finished: Agent search 2-610
2026-10-09 14:28:59,051 INFO o.a.j.t.JMeterThread: Thread is done: Agent search 2-611
2026-10-09 14:28:59,051 INFO o.a.j.t.JMeterThread: Thread finished: Agent search 2-611
2026-10-09 14:29:00,784 INFO o.a.j.t.JMeterThread: Thread started: Agent search 2-617
2026-10-09 14:29:05,923 INFO o.a.j.t.JMeterThread: Thread started: Agent search 2-618
2026-10-09 14:29:07,153 INFO o.a.j.t.JMeterThread: Thread started: Agent search 2-619
2026-10-09 14:29:16,765 INFO o.a.j.t.JMeterThread: Thread started: Agent search 2-620
2026-10-09 14:29:17,537 INFO o.a.j.t.JMeterThread: Thread started: Ticket intake 1-154
2026-10-09 14:29:18,612 INFO o.a.j.t.JMeterThread: Thread started: Agent search 2-621
2026-10-09 14:29:21,431 INFO o.a.j.t.JMeterThread: Thread is done: Ticket intake 1-114
2026-10-09 14:29:21,431 INFO o.a.j.t.JMeterThread: Thread is done: Agent search 2-617
2026-10-09 14:29:21,431 INFO o.a.j.t.JMeterThread: Thread is done: Agent search 2-620
2026-10-09 14:29:21,431 INFO o.a.j.t.JMeterThread: Thread is done: Agent search 2-619
2026-10-09 14:29:21,431 INFO o.a.j.t.JMeterThread: Thread finished: Agent search 2-617
2026-10-09 14:29:21,431 INFO o.a.j.t.JMeterThread: Thread is done: Agent search 2-613
2026-10-09 14:29:21,431 INFO o.a.j.t.JMeterThread: Thread finished: Agent search 2-613
2026-10-09 14:29:21,431 INFO o.a.j.t.JMeterThread: Thread is done: Agent search 2-615
2026-10-09 14:29:21,431 INFO o.a.j.t.JMeterThread: Thread is done: Agent search 2-612
2026-10-09 14:29:21,431 INFO o.a.j.t.JMeterThread: Thread is done: Agent search 2-618
2026-10-09 14:29:21,431 INFO o.a.j.t.JMeterThread: Thread is done: Agent search 2-614
2026-10-09 14:29:21,431 INFO o.a.j.t.JMeterThread: Thread finished: Agent search 2-614
2026-10-09 14:29:21,431 INFO o.a.j.t.JMeterThread: Thread finished: Ticket intake 1-114
2026-10-09 14:29:21,431 INFO o.a.j.t.JMeterThread: Thread finished: Agent search 2-620
2026-10-09 14:29:21,431 INFO o.a.j.t.JMeterThread: Thread is done: Agent search 2-616
2026-10-09 14:29:21,431 INFO o.a.j.t.JMeterThread: Thread finished: Agent search 2-619
2026-10-09 14:29:21,431 INFO o.a.j.t.JMeterThread: Thread finished: Agent search 2-615
2026-10-09 14:29:21,431 INFO o.a.j.t.JMeterThread: Thread finished: Agent search 2-612
2026-10-09 14:29:21,431 INFO o.a.j.t.JMeterThread: Thread finished: Agent search 2-618
2026-10-09 14:29:21,431 INFO o.a.j.t.JMeterThread: Thread finished: Agent search 2-616
2026-10-09 14:29:23,734 INFO o.a.j.t.JMeterThread: Thread started: Ticket intake 1-155
2026-10-09 14:29:26,678 INFO o.a.j.t.JMeterThread: Thread started: Agent search 2-622
2026-10-09 14:29:34,230 INFO o.a.j.t.JMeterThread: Thread is done: Ticket intake 1-115
2026-10-09 14:29:34,230 INFO o.a.j.t.JMeterThread: Thread finished: Ticket intake 1-115
2026-10-09 14:29:34,230 INFO o.a.j.r.Summariser: summary +     39 in 00:02:01 =    0.3/s Avg: 104053 Min:    20 Max: 600169 Err:     6 (15.38%) Active: 43 Started: 777 Finished: 734
2026-10-09 14:29:34,230 INFO o.a.j.r.Summariser: summary =    735 in 00:47:25 =    0.3/s Avg: 86603 Min:    17 Max: 600277 Err:    77 (10.48%)
2026-10-09 14:29:34,230 INFO o.a.j.t.JMeterThread: Thread is done: Agent search 2-621
2026-10-09 14:29:34,230 INFO o.a.j.t.JMeterThread: Thread finished: Agent search 2-621
2026-10-09 14:29:35,147 INFO o.a.j.t.JMeterThread: Thread is done: Ticket intake 1-116
2026-10-09 14:29:35,147 INFO o.a.j.t.JMeterThread: Thread finished: Ticket intake 1-116
2026-10-09 14:29:35,150 INFO o.a.j.t.JMeterThread: Thread is done: Agent search 2-622
2026-10-09 14:29:35,150 INFO o.a.j.t.JMeterThread: Thread finished: Agent search 2-622
2026-10-09 14:29:37,278 INFO o.a.j.t.JMeterThread: Thread started: Agent search 2-623
2026-10-09 14:29:37,305 INFO o.a.j.t.JMeterThread: Thread is done: Agent search 2-623
2026-10-09 14:29:37,305 INFO o.a.j.t.JMeterThread: Thread finished: Agent search 2-623
2026-10-09 14:29:39,575 INFO o.a.j.t.JMeterThread: Thread started: Agent search 2-624
2026-10-09 14:29:39,601 INFO o.a.j.t.JMeterThread: Thread is done: Agent search 2-624
2026-10-09 14:29:39,601 INFO o.a.j.t.JMeterThread: Thread finished: Agent search 2-624
2026-10-09 14:29:48,346 INFO o.a.j.t.JMeterThread: Thread started: Ticket intake 1-156
2026-10-09 14:29:51,203 INFO o.a.j.t.JMeterThread: Thread started: Ticket intake 1-157
2026-10-09 14:29:56,758 INFO o.a.j.t.JMeterThread: Thread is done: Ticket intake 1-117
2026-10-09 14:29:56,758 INFO o.a.j.t.JMeterThread: Thread finished: Ticket intake 1-117
2026-10-09 14:29:57,062 INFO o.a.j.t.JMeterThread: Thread started: Agent search 2-625
2026-10-09 14:29:58,204 INFO o.a.j.t.JMeterThread: Thread started: Agent search 2-626
2026-10-09 14:30:03,520 INFO o.a.j.t.JMeterThread: Thread started: Agent search 2-627
2026-10-09 14:30:04,890 INFO o.a.j.t.JMeterThread: Thread started: Agent search 2-628
2026-10-09 14:30:06,679 INFO o.a.j.t.JMeterThread: Thread started: Ticket intake 1-158
2026-10-09 14:30:08,141 INFO o.a.j.t.JMeterThread: Thread started: Agent search 2-629
2026-10-09 14:30:10,686 INFO o.a.j.t.JMeterThread: Thread started: Agent search 2-630
2026-10-09 14:30:12,518 INFO o.a.j.t.JMeterThread: Thread started: Agent search 2-631
2026-10-09 14:30:12,557 INFO o.a.j.t.JMeterThread: Thread is done: Ticket intake 1-118
2026-10-09 14:30:12,557 INFO o.a.j.t.JMeterThread: Thread finished: Ticket intake 1-118
2026-10-09 14:30:12,559 INFO o.a.j.t.JMeterThread: Thread is done: Agent search 2-625
2026-10-09 14:30:12,559 INFO o.a.j.t.JMeterThread: Thread finished: Agent search 2-625
2026-10-09 14:30:12,559 INFO o.a.j.t.JMeterThread: Thread is done: Agent search 2-626
2026-10-09 14:30:12,559 INFO o.a.j.t.JMeterThread: Thread finished: Agent search 2-626
2026-10-09 14:30:12,562 INFO o.a.j.t.JMeterThread: Thread is done: Agent search 2-627
2026-10-09 14:30:12,562 INFO o.a.j.t.JMeterThread: Thread finished: Agent search 2-627
2026-10-09 14:30:12,566 INFO o.a.j.t.JMeterThread: Thread is done: Agent search 2-628
2026-10-09 14:30:12,566 INFO o.a.j.t.JMeterThread: Thread finished: Agent search 2-628
2026-10-09 14:30:13,439 INFO o.a.j.t.JMeterThread: Thread started: Agent search 2-632
2026-10-09 14:30:20,655 INFO o.a.j.t.JMeterThread: Thread started: Ticket intake 1-159
2026-10-09 14:30:21,060 INFO o.a.j.t.JMeterThread: Thread started: Agent search 2-633
2026-10-09 14:30:31,444 INFO o.a.j.t.JMeterThread: Thread started: Agent search 2-634
2026-10-09 14:30:34,503 INFO o.a.j.t.JMeterThread: Thread started: Agent search 2-635
2026-10-09 14:30:36,922 INFO o.a.j.t.JMeterThread: Thread started: Agent search 2-636
2026-10-09 14:30:37,166 INFO o.a.j.t.JMeterThread: Thread started: Agent search 2-637
2026-10-09 14:30:42,225 INFO o.a.j.t.JMeterThread: Thread is done: Ticket intake 1-119
2026-10-09 14:30:42,225 INFO o.a.j.t.JMeterThread: Thread finished: Ticket intake 1-119
2026-10-09 14:30:42,229 INFO o.a.j.t.JMeterThread: Thread is done: Agent search 2-629
2026-10-09 14:30:42,229 INFO o.a.j.t.JMeterThread: Thread finished: Agent search 2-629
2026-10-09 14:30:42,232 INFO o.a.j.t.JMeterThread: Thread is done: Agent search 2-630
2026-10-09 14:30:42,232 INFO o.a.j.t.JMeterThread: Thread finished: Agent search 2-630
2026-10-09 14:30:42,237 INFO o.a.j.t.JMeterThread: Thread is done: Agent search 2-631
2026-10-09 14:30:42,237 INFO o.a.j.t.JMeterThread: Thread finished: Agent search 2-631
2026-10-09 14:30:42,242 INFO o.a.j.t.JMeterThread: Thread is done: Agent search 2-632
2026-10-09 14:30:42,242 INFO o.a.j.t.JMeterThread: Thread finished: Agent search 2-632
2026-10-09 14:30:44,423 INFO o.a.j.t.JMeterThread: Thread started: Agent search 2-638
2026-10-09 14:30:45,570 INFO o.a.j.t.JMeterThread: Thread started: Agent search 2-639
2026-10-09 14:30:46,971 INFO o.a.j.t.JMeterThread: Thread started: Agent search 2-640
2026-10-09 14:30:49,290 INFO o.a.j.t.JMeterThread: Thread is done: Ticket intake 1-120
2026-10-09 14:30:49,290 INFO o.a.j.t.JMeterThread: Thread finished: Ticket intake 1-120
2026-10-09 14:30:49,290 INFO o.a.j.t.JMeterThread: Thread is done: Agent search 2-633
2026-10-09 14:30:49,290 INFO o.a.j.t.JMeterThread: Thread finished: Agent search 2-633
2026-10-09 14:30:49,290 INFO o.a.j.t.JMeterThread: Thread is done: Agent search 2-634
2026-10-09 14:30:49,290 INFO o.a.j.t.JMeterThread: Thread finished: Agent search 2-634
2026-10-09 14:30:49,290 INFO o.a.j.t.JMeterThread: Thread is done: Agent search 2-635
2026-10-09 14:30:49,290 INFO o.a.j.t.JMeterThread: Thread is done: Agent search 2-636
2026-10-09 14:30:49,291 INFO o.a.j.t.JMeterThread: Thread finished: Agent search 2-635
2026-10-09 14:30:49,291 INFO o.a.j.t.JMeterThread: Thread finished: Agent search 2-636
2026-10-09 14:30:49,291 INFO o.a.j.t.JMeterThread: Thread is done: Agent search 2-640
2026-10-09 14:30:49,291 INFO o.a.j.t.JMeterThread: Thread finished: Agent search 2-640
2026-10-09 14:30:49,291 INFO o.a.j.t.JMeterThread: Thread is done: Agent search 2-639
2026-10-09 14:30:49,291 INFO o.a.j.t.JMeterThread: Thread is done: Agent search 2-637
2026-10-09 14:30:49,291 INFO o.a.j.t.JMeterThread: Thread finished: Agent search 2-639
2026-10-09 14:30:49,291 INFO o.a.j.t.JMeterThread: Thread finished: Agent search 2-637
2026-10-09 14:30:49,300 INFO o.a.j.t.JMeterThread: Thread is done: Agent search 2-638
2026-10-09 14:30:49,300 INFO o.a.j.t.JMeterThread: Thread finished: Agent search 2-638
2026-10-09 14:30:52,258 INFO o.a.j.t.JMeterThread: Thread started: Agent search 2-641
2026-10-09 14:30:52,290 INFO o.a.j.t.JMeterThread: Thread is done: Agent search 2-641
2026-10-09 14:30:52,290 INFO o.a.j.t.JMeterThread: Thread finished: Agent search 2-641
2026-10-09 14:30:59,793 INFO o.a.j.t.JMeterThread: Thread started: Agent search 2-642
2026-10-09 14:30:59,819 INFO o.a.j.t.JMeterThread: Thread is done: Agent search 2-642
2026-10-09 14:30:59,819 INFO o.a.j.t.JMeterThread: Thread finished: Agent search 2-642
2026-10-09 14:31:02,089 INFO o.a.j.r.Summariser: summary +     28 in 00:01:28 =    0.3/s Avg: 159877 Min:    25 Max: 600234 Err:     7 (25.00%) Active: 39 Started: 801 Finished: 762
2026-10-09 14:31:02,089 INFO o.a.j.r.Summariser: summary =    763 in 00:48:53 =    0.3/s Avg: 89292 Min:    17 Max: 600277 Err:    84 (11.01%)
2026-10-09 14:31:02,090 INFO o.a.j.t.JMeterThread: Thread is done: Ticket intake 1-121
2026-10-09 14:31:02,090 INFO o.a.j.t.JMeterThread: Thread finished: Ticket intake 1-121
2026-10-09 14:31:02,101 INFO o.a.j.t.JMeterThread: Thread started: Agent search 2-643
2026-10-09 14:31:02,122 INFO o.a.j.t.JMeterThread: Thread is done: Agent search 2-643
2026-10-09 14:31:02,122 INFO o.a.j.t.JMeterThread: Thread finished: Agent search 2-643
2026-10-09 14:31:05,734 INFO o.a.j.t.JMeterThread: Thread started: Agent search 2-644
2026-10-09 14:31:05,782 INFO o.a.j.t.JMeterThread: Thread is done: Agent search 2-644
2026-10-09 14:31:05,782 INFO o.a.j.t.JMeterThread: Thread finished: Agent search 2-644
2026-10-09 14:31:12,784 INFO o.a.j.t.JMeterThread: Thread started: Agent search 2-645
2026-10-09 14:31:12,826 INFO o.a.j.t.JMeterThread: Thread is done: Agent search 2-645
2026-10-09 14:31:12,826 INFO o.a.j.t.JMeterThread: Thread finished: Agent search 2-645
2026-10-09 14:31:15,989 INFO o.a.j.t.JMeterThread: Thread started: Ticket intake 1-160
2026-10-09 14:31:16,733 INFO o.a.j.t.JMeterThread: Thread is done: Ticket intake 1-122
2026-10-09 14:31:16,733 INFO o.a.j.t.JMeterThread: Thread finished: Ticket intake 1-122
2026-10-09 14:31:21,456 INFO o.a.j.t.JMeterThread: Thread started: Agent search 2-646
2026-10-09 14:31:21,501 INFO o.a.j.t.JMeterThread: Thread is done: Agent search 2-646
2026-10-09 14:31:21,501 INFO o.a.j.t.JMeterThread: Thread finished: Agent search 2-646
2026-10-09 14:31:27,894 INFO o.a.j.t.JMeterThread: Thread is done: Ticket intake 1-123
2026-10-09 14:31:27,894 INFO o.a.j.t.JMeterThread: Thread finished: Ticket intake 1-123
2026-10-09 14:31:32,190 INFO o.a.j.t.JMeterThread: Thread started: Agent search 2-647
2026-10-09 14:31:32,212 INFO o.a.j.r.Summariser: summary +      7 in 00:00:30 =    0.2/s Avg: 171511 Min:    20 Max: 600211 Err:     2 (28.57%) Active: 38 Started: 807 Finished: 769
2026-10-09 14:31:32,212 INFO o.a.j.r.Summariser: summary =    770 in 00:49:23 =    0.3/s Avg: 90040 Min:    17 Max: 600277 Err:    86 (11.17%)
2026-10-09 14:31:32,213 INFO o.a.j.t.JMeterThread: Thread is done: Agent search 2-647
2026-10-09 14:31:32,213 INFO o.a.j.t.JMeterThread: Thread finished: Agent search 2-647
2026-10-09 14:31:33,474 INFO o.a.j.t.JMeterThread: Thread started: Agent search 2-648
2026-10-09 14:31:33,502 INFO o.a.j.t.JMeterThread: Thread is done: Agent search 2-648
2026-10-09 14:31:33,503 INFO o.a.j.t.JMeterThread: Thread finished: Agent search 2-648
2026-10-09 14:31:40,085 INFO o.a.j.t.JMeterThread: Thread started: Ticket intake 1-161
2026-10-09 14:31:40,927 INFO o.a.j.t.JMeterThread: Thread started: Agent search 2-649
2026-10-09 14:31:40,964 INFO o.a.j.t.JMeterThread: Thread is done: Agent search 2-649
2026-10-09 14:31:40,964 INFO o.a.j.t.JMeterThread: Thread finished: Agent search 2-649
2026-10-09 14:31:42,681 INFO o.a.j.t.JMeterThread: Thread started: Agent search 2-650
2026-10-09 14:31:42,710 INFO o.a.j.t.JMeterThread: Thread is done: Agent search 2-650
2026-10-09 14:31:42,710 INFO o.a.j.t.JMeterThread: Thread finished: Agent search 2-650
2026-10-09 14:31:42,804 INFO o.a.j.t.JMeterThread: Thread started: Agent search 2-651
2026-10-09 14:31:42,831 INFO o.a.j.t.JMeterThread: Thread is done: Agent search 2-651
2026-10-09 14:31:42,831 INFO o.a.j.t.JMeterThread: Thread finished: Agent search 2-651
2026-10-09 14:31:45,636 INFO o.a.j.t.JMeterThread: Thread started: Agent search 2-652
2026-10-09 14:31:45,665 INFO o.a.j.t.JMeterThread: Thread is done: Agent search 2-652
2026-10-09 14:31:45,665 INFO o.a.j.t.JMeterThread: Thread finished: Agent search 2-652
2026-10-09 14:31:48,417 INFO o.a.j.t.JMeterThread: Thread started: Agent search 2-653
2026-10-09 14:31:48,468 INFO o.a.j.t.JMeterThread: Thread is done: Agent search 2-653
2026-10-09 14:31:48,468 INFO o.a.j.t.JMeterThread: Thread finished: Agent search 2-653
2026-10-09 14:31:48,882 INFO o.a.j.t.JMeterThread: Thread started: Agent search 2-654
2026-10-09 14:31:48,910 INFO o.a.j.t.JMeterThread: Thread is done: Agent search 2-654
2026-10-09 14:31:48,910 INFO o.a.j.t.JMeterThread: Thread finished: Agent search 2-654
2026-10-09 14:31:53,340 INFO o.a.j.t.JMeterThread: Thread started: Ticket intake 1-162
2026-10-09 14:31:54,279 INFO o.a.j.t.JMeterThread: Thread is done: Ticket intake 1-124
2026-10-09 14:31:54,279 INFO o.a.j.t.JMeterThread: Thread finished: Ticket intake 1-124
2026-10-09 14:31:55,999 INFO o.a.j.t.JMeterThread: Thread started: Ticket intake 1-163
2026-10-09 14:31:58,895 INFO o.a.j.t.JMeterThread: Thread started: Ticket intake 1-164
2026-10-09 14:32:04,350 INFO o.a.j.t.JMeterThread: Thread started: Agent search 2-655
2026-10-09 14:32:06,865 INFO o.a.j.t.JMeterThread: Thread started: Agent search 2-656
2026-10-09 14:32:10,289 INFO o.a.j.t.JMeterThread: Thread is done: Ticket intake 1-125
2026-10-09 14:32:10,289 INFO o.a.j.t.JMeterThread: Thread is done: Agent search 2-655
2026-10-09 14:32:10,289 INFO o.a.j.t.JMeterThread: Thread finished: Ticket intake 1-125
2026-10-09 14:32:10,289 INFO o.a.j.t.JMeterThread: Thread is done: Agent search 2-656
2026-10-09 14:32:10,289 INFO o.a.j.t.JMeterThread: Thread finished: Agent search 2-656
2026-10-09 14:32:10,289 INFO o.a.j.t.JMeterThread: Thread finished: Agent search 2-655
2026-10-09 14:32:22,718 INFO o.a.j.t.JMeterThread: Thread started: Ticket intake 1-165
2026-10-09 14:32:23,806 INFO o.a.j.t.JMeterThread: Thread is done: Ticket intake 1-126
2026-10-09 14:32:23,807 INFO o.a.j.t.JMeterThread: Thread finished: Ticket intake 1-126
2026-10-09 14:32:24,842 INFO o.a.j.t.JMeterThread: Thread started: Ticket intake 1-166
2026-10-09 14:32:26,468 INFO o.a.j.t.JMeterThread: Thread is done: Ticket intake 1-127
2026-10-09 14:32:26,469 INFO o.a.j.t.JMeterThread: Thread finished: Ticket intake 1-127
2026-10-09 14:32:29,141 INFO o.a.j.t.JMeterThread: Thread started: Agent search 2-657
2026-10-09 14:32:29,207 INFO o.a.j.t.JMeterThread: Thread is done: Agent search 2-657
2026-10-09 14:32:29,208 INFO o.a.j.t.JMeterThread: Thread finished: Agent search 2-657
2026-10-09 14:32:29,335 INFO o.a.j.t.JMeterThread: Thread is done: Ticket intake 1-128
2026-10-09 14:32:29,335 INFO o.a.j.t.JMeterThread: Thread finished: Ticket intake 1-128
2026-10-09 14:32:32,356 INFO o.a.j.t.JMeterThread: Thread started: Ticket intake 1-167
2026-10-09 14:32:40,442 INFO o.a.j.t.JMeterThread: Thread started: Agent search 2-658
2026-10-09 14:32:40,472 INFO o.a.j.t.JMeterThread: Thread is done: Agent search 2-658
2026-10-09 14:32:40,472 INFO o.a.j.t.JMeterThread: Thread finished: Agent search 2-658
2026-10-09 14:32:43,757 INFO o.a.j.t.JMeterThread: Thread started: Agent search 2-659
2026-10-09 14:32:43,780 INFO o.a.j.t.JMeterThread: Thread is done: Agent search 2-659
2026-10-09 14:32:43,780 INFO o.a.j.t.JMeterThread: Thread finished: Agent search 2-659
2026-10-09 14:32:45,050 INFO o.a.j.t.JMeterThread: Thread started: Agent search 2-660
2026-10-09 14:32:45,077 INFO o.a.j.t.JMeterThread: Thread is done: Agent search 2-660
2026-10-09 14:32:45,077 INFO o.a.j.t.JMeterThread: Thread finished: Agent search 2-660
2026-10-09 14:32:51,260 INFO o.a.j.t.JMeterThread: Thread started: Agent search 2-661
2026-10-09 14:32:51,286 INFO o.a.j.t.JMeterThread: Thread is done: Agent search 2-661
2026-10-09 14:32:51,286 INFO o.a.j.t.JMeterThread: Thread finished: Agent search 2-661
2026-10-09 14:32:51,950 INFO o.a.j.t.JMeterThread: Thread started: Agent search 2-662
2026-10-09 14:32:51,975 INFO o.a.j.t.JMeterThread: Thread is done: Agent search 2-662
2026-10-09 14:32:51,975 INFO o.a.j.t.JMeterThread: Thread finished: Agent search 2-662
2026-10-09 14:32:54,768 INFO o.a.j.t.JMeterThread: Thread started: Agent search 2-663
2026-10-09 14:32:54,793 INFO o.a.j.t.JMeterThread: Thread is done: Agent search 2-663
2026-10-09 14:32:54,793 INFO o.a.j.t.JMeterThread: Thread finished: Agent search 2-663
2026-10-09 14:32:57,175 INFO o.a.j.t.JMeterThread: Thread started: Agent search 2-664
2026-10-09 14:32:57,211 INFO o.a.j.t.JMeterThread: Thread is done: Agent search 2-664
2026-10-09 14:32:57,211 INFO o.a.j.t.JMeterThread: Thread finished: Agent search 2-664
2026-10-09 14:32:58,009 INFO o.a.j.t.JMeterThread: Thread is done: Ticket intake 1-129
2026-10-09 14:32:58,009 INFO o.a.j.t.JMeterThread: Thread finished: Ticket intake 1-129
2026-10-09 14:33:02,640 INFO o.a.j.t.JMeterThread: Thread started: Agent search 2-665
2026-10-09 14:33:02,672 INFO o.a.j.r.Summariser: summary +     24 in 00:01:30 =    0.3/s Avg: 149886 Min:    22 Max: 600223 Err:     4 (16.67%) Active: 39 Started: 832 Finished: 793
2026-10-09 14:33:02,673 INFO o.a.j.r.Summariser: summary =    794 in 00:50:54 =    0.3/s Avg: 91849 Min:    17 Max: 600277 Err:    90 (11.34%)
2026-10-09 14:33:02,673 INFO o.a.j.t.JMeterThread: Thread is done: Agent search 2-665
2026-10-09 14:33:02,673 INFO o.a.j.t.JMeterThread: Thread finished: Agent search 2-665
2026-10-09 14:33:09,312 INFO o.a.j.t.JMeterThread: Thread started: Agent search 2-666
2026-10-09 14:33:09,336 INFO o.a.j.t.JMeterThread: Thread is done: Agent search 2-666
2026-10-09 14:33:09,336 INFO o.a.j.t.JMeterThread: Thread finished: Agent search 2-666
2026-10-09 14:33:12,857 INFO o.a.j.t.JMeterThread: Thread is done: Ticket intake 1-130
2026-10-09 14:33:12,857 INFO o.a.j.t.JMeterThread: Thread finished: Ticket intake 1-130
2026-10-09 14:33:15,045 INFO o.a.j.t.JMeterThread: Thread started: Ticket intake 1-168
2026-10-09 14:33:18,647 INFO o.a.j.t.JMeterThread: Thread started: Agent search 2-667
2026-10-09 14:33:18,669 INFO o.a.j.t.JMeterThread: Thread is done: Agent search 2-667
2026-10-09 14:33:18,669 INFO o.a.j.t.JMeterThread: Thread finished: Agent search 2-667
2026-10-09 14:33:19,264 INFO o.a.j.t.JMeterThread: Thread started: Agent search 2-668
2026-10-09 14:33:19,310 INFO o.a.j.t.JMeterThread: Thread is done: Agent search 2-668
2026-10-09 14:33:19,310 INFO o.a.j.t.JMeterThread: Thread finished: Agent search 2-668
2026-10-09 14:33:20,201 INFO o.a.j.t.JMeterThread: Thread started: Ticket intake 1-169
2026-10-09 14:33:24,871 INFO o.a.j.t.JMeterThread: Thread started: Agent search 2-669
2026-10-09 14:33:24,895 INFO o.a.j.t.JMeterThread: Thread is done: Agent search 2-669
2026-10-09 14:33:24,896 INFO o.a.j.t.JMeterThread: Thread finished: Agent search 2-669
2026-10-09 14:33:25,482 INFO o.a.j.t.JMeterThread: Thread started: Ticket intake 1-170
2026-10-09 14:33:26,501 INFO o.a.j.t.JMeterThread: Thread started: Agent search 2-670
2026-10-09 14:33:26,783 INFO o.a.j.t.JMeterThread: Thread is done: Ticket intake 1-131
2026-10-09 14:33:26,783 INFO o.a.j.t.JMeterThread: Thread finished: Ticket intake 1-131
2026-10-09 14:33:26,783 INFO o.a.j.t.JMeterThread: Thread is done: Agent search 2-670
2026-10-09 14:33:26,783 INFO o.a.j.t.JMeterThread: Thread finished: Agent search 2-670
2026-10-09 14:33:31,362 INFO o.a.j.t.JMeterThread: Thread started: Agent search 2-671
2026-10-09 14:33:31,388 INFO o.a.j.r.Summariser: summary +      8 in 00:00:29 =    0.3/s Avg: 150095 Min:    21 Max: 600181 Err:     2 (25.00%) Active: 40 Started: 841 Finished: 801
2026-10-09 14:33:31,389 INFO o.a.j.r.Summariser: summary =    802 in 00:51:22 =    0.3/s Avg: 92430 Min:    17 Max: 600277 Err:    92 (11.47%)
2026-10-09 14:33:31,389 INFO o.a.j.t.JMeterThread: Thread is done: Agent search 2-671
2026-10-09 14:33:31,389 INFO o.a.j.t.JMeterThread: Thread finished: Agent search 2-671
2026-10-09 14:33:37,104 INFO o.a.j.t.JMeterThread: Thread started: Agent search 2-672
2026-10-09 14:33:37,146 INFO o.a.j.t.JMeterThread: Thread is done: Agent search 2-672
2026-10-09 14:33:37,146 INFO o.a.j.t.JMeterThread: Thread finished: Agent search 2-672
2026-10-09 14:33:40,151 INFO o.a.j.t.JMeterThread: Thread started: Agent search 2-673
2026-10-09 14:33:40,178 INFO o.a.j.t.JMeterThread: Thread is done: Agent search 2-673
2026-10-09 14:33:40,178 INFO o.a.j.t.JMeterThread: Thread finished: Agent search 2-673
2026-10-09 14:33:42,245 INFO o.a.j.t.JMeterThread: Thread started: Agent search 2-674
2026-10-09 14:33:42,274 INFO o.a.j.t.JMeterThread: Thread is done: Agent search 2-674
2026-10-09 14:33:42,274 INFO o.a.j.t.JMeterThread: Thread finished: Agent search 2-674
2026-10-09 14:33:43,370 INFO o.a.j.t.JMeterThread: Thread started: Ticket intake 1-171
2026-10-09 14:33:47,969 INFO o.a.j.t.JMeterThread: Thread started: Agent search 2-675
2026-10-09 14:33:49,657 INFO o.a.j.t.JMeterThread: Thread started: Agent search 2-676
2026-10-09 14:33:51,975 INFO o.a.j.t.JMeterThread: Thread is done: Ticket intake 1-132
2026-10-09 14:33:51,975 INFO o.a.j.t.JMeterThread: Thread is done: Agent search 2-676
2026-10-09 14:33:51,975 INFO o.a.j.t.JMeterThread: Thread is done: Agent search 2-675
2026-10-09 14:33:51,975 INFO o.a.j.t.JMeterThread: Thread finished: Ticket intake 1-132
2026-10-09 14:33:51,975 INFO o.a.j.t.JMeterThread: Thread finished: Agent search 2-675
2026-10-09 14:33:51,975 INFO o.a.j.t.JMeterThread: Thread finished: Agent search 2-676
2026-10-09 14:33:54,090 INFO o.a.j.t.JMeterThread: Thread started: Agent search 2-677
2026-10-09 14:33:54,136 INFO o.a.j.t.JMeterThread: Thread is done: Agent search 2-677
2026-10-09 14:33:54,137 INFO o.a.j.t.JMeterThread: Thread finished: Agent search 2-677
2026-10-09 14:33:54,871 INFO o.a.j.t.JMeterThread: Thread started: Ticket intake 1-172
2026-10-09 14:33:55,777 INFO o.a.j.t.JMeterThread: Thread started: Ticket intake 1-173
2026-10-09 14:33:58,732 INFO o.a.j.t.JMeterThread: Thread is done: Ticket intake 1-133
2026-10-09 14:33:58,732 INFO o.a.j.t.JMeterThread: Thread finished: Ticket intake 1-133
2026-10-09 14:34:00,015 INFO o.a.j.t.JMeterThread: Thread started: Ticket intake 1-174
2026-10-09 14:34:00,201 INFO o.a.j.t.JMeterThread: Thread started: Agent search 2-678
2026-10-09 14:34:00,247 INFO o.a.j.r.Summariser: summary +      9 in 00:00:29 =    0.3/s Avg: 200315 Min:    26 Max: 600159 Err:     2 (22.22%) Active: 42 Started: 852 Finished: 810
2026-10-09 14:34:00,247 INFO o.a.j.r.Summariser: summary =    811 in 00:51:51 =    0.3/s Avg: 93627 Min:    17 Max: 600277 Err:    94 (11.59%)
2026-10-09 14:34:00,247 INFO o.a.j.t.JMeterThread: Thread is done: Ticket intake 1-134
2026-10-09 14:34:00,247 INFO o.a.j.t.JMeterThread: Thread finished: Ticket intake 1-134
2026-10-09 14:34:00,569 INFO o.a.j.t.JMeterThread: Thread started: Agent search 2-679
2026-10-09 14:34:02,420 INFO o.a.j.t.JMeterThread: Thread is done: Agent search 2-679
2026-10-09 14:34:02,420 INFO o.a.j.t.JMeterThread: Thread is done: Agent search 2-678
2026-10-09 14:34:02,420 INFO o.a.j.t.JMeterThread: Thread is done: Ticket intake 1-135
2026-10-09 14:34:02,420 INFO o.a.j.t.JMeterThread: Thread finished: Agent search 2-679
2026-10-09 14:34:02,420 INFO o.a.j.t.JMeterThread: Thread finished: Ticket intake 1-135
2026-10-09 14:34:02,420 INFO o.a.j.t.JMeterThread: Thread finished: Agent search 2-678
2026-10-09 14:34:02,649 INFO o.a.j.t.JMeterThread: Thread started: Agent search 2-680
2026-10-09 14:34:02,671 INFO o.a.j.t.JMeterThread: Thread is done: Agent search 2-680
2026-10-09 14:34:02,671 INFO o.a.j.t.JMeterThread: Thread finished: Agent search 2-680
2026-10-09 14:34:03,122 INFO o.a.j.t.JMeterThread: Thread started: Agent search 2-681
2026-10-09 14:34:03,149 INFO o.a.j.t.JMeterThread: Thread is done: Agent search 2-681
2026-10-09 14:34:03,149 INFO o.a.j.t.JMeterThread: Thread finished: Agent search 2-681
2026-10-09 14:34:04,889 INFO o.a.j.t.JMeterThread: Thread started: Agent search 2-682
2026-10-09 14:34:04,939 INFO o.a.j.t.JMeterThread: Thread is done: Agent search 2-682
2026-10-09 14:34:04,939 INFO o.a.j.t.JMeterThread: Thread finished: Agent search 2-682
2026-10-09 14:34:07,438 INFO o.a.j.t.JMeterThread: Thread is done: Ticket intake 1-136
2026-10-09 14:34:07,438 INFO o.a.j.t.JMeterThread: Thread finished: Ticket intake 1-136
2026-10-09 14:34:09,972 INFO o.a.j.t.JMeterThread: Thread started: Agent search 2-683
2026-10-09 14:34:09,999 INFO o.a.j.t.JMeterThread: Thread is done: Agent search 2-683
2026-10-09 14:34:09,999 INFO o.a.j.t.JMeterThread: Thread finished: Agent search 2-683
2026-10-09 14:34:18,765 INFO o.a.j.t.JMeterThread: Thread started: Agent search 2-684
2026-10-09 14:34:18,805 INFO o.a.j.t.JMeterThread: Thread is done: Agent search 2-684
2026-10-09 14:34:18,806 INFO o.a.j.t.JMeterThread: Thread finished: Agent search 2-684
2026-10-09 14:34:21,312 INFO o.a.j.t.JMeterThread: Thread is done: Ticket intake 1-137
2026-10-09 14:34:21,312 INFO o.a.j.t.JMeterThread: Thread finished: Ticket intake 1-137
2026-10-09 14:34:22,590 INFO o.a.j.t.JMeterThread: Thread started: Agent search 2-685
2026-10-09 14:34:22,618 INFO o.a.j.t.JMeterThread: Thread is done: Agent search 2-685
2026-10-09 14:34:22,618 INFO o.a.j.t.JMeterThread: Thread finished: Agent search 2-685
2026-10-09 14:34:26,076 INFO o.a.j.t.JMeterThread: Thread started: Agent search 2-686
2026-10-09 14:34:26,100 INFO o.a.j.t.JMeterThread: Thread is done: Agent search 2-686
2026-10-09 14:34:26,100 INFO o.a.j.t.JMeterThread: Thread finished: Agent search 2-686
2026-10-09 14:34:29,230 INFO o.a.j.t.JMeterThread: Thread started: Agent search 2-687
2026-10-09 14:34:29,257 INFO o.a.j.t.JMeterThread: Thread is done: Agent search 2-687
2026-10-09 14:34:29,257 INFO o.a.j.t.JMeterThread: Thread finished: Agent search 2-687
2026-10-09 14:34:29,465 INFO o.a.j.t.JMeterThread: Thread started: Agent search 2-688
2026-10-09 14:34:29,493 INFO o.a.j.t.JMeterThread: Thread is done: Agent search 2-688
2026-10-09 14:34:29,493 INFO o.a.j.t.JMeterThread: Thread finished: Agent search 2-688
2026-10-09 14:34:32,937 INFO o.a.j.t.JMeterThread: Thread started: Agent search 2-689
2026-10-09 14:34:32,956 INFO o.a.j.r.Summariser: summary +     15 in 00:00:33 =    0.5/s Avg: 120318 Min:    18 Max: 600160 Err:     3 (20.00%) Active: 38 Started: 863 Finished: 825
2026-10-09 14:34:32,957 INFO o.a.j.r.Summariser: summary =    826 in 00:52:24 =    0.3/s Avg: 94112 Min:    17 Max: 600277 Err:    97 (11.74%)
2026-10-09 14:34:32,957 INFO o.a.j.t.JMeterThread: Thread is done: Agent search 2-689
2026-10-09 14:34:32,957 INFO o.a.j.t.JMeterThread: Thread finished: Agent search 2-689
2026-10-09 14:34:33,163 INFO o.a.j.t.JMeterThread: Thread started: Ticket intake 1-175
2026-10-09 14:34:37,030 INFO o.a.j.t.JMeterThread: Thread is done: Ticket intake 1-138
2026-10-09 14:34:37,030 INFO o.a.j.t.JMeterThread: Thread finished: Ticket intake 1-138
2026-10-09 14:34:43,578 INFO o.a.j.t.JMeterThread: Thread started: Ticket intake 1-176
2026-10-09 14:34:45,682 INFO o.a.j.t.JMeterThread: Thread started: Agent search 2-690
2026-10-09 14:34:45,733 INFO o.a.j.t.JMeterThread: Thread is done: Agent search 2-690
2026-10-09 14:34:45,733 INFO o.a.j.t.JMeterThread: Thread finished: Agent search 2-690
2026-10-09 14:34:46,109 INFO o.a.j.t.JMeterThread: Thread started: Agent search 2-691
2026-10-09 14:34:46,136 INFO o.a.j.t.JMeterThread: Thread is done: Agent search 2-691
2026-10-09 14:34:46,136 INFO o.a.j.t.JMeterThread: Thread finished: Agent search 2-691
2026-10-09 14:34:47,193 INFO o.a.j.t.JMeterThread: Thread started: Ticket intake 1-177
2026-10-09 14:34:54,197 INFO o.a.j.t.JMeterThread: Thread started: Agent search 2-692
2026-10-09 14:34:54,223 INFO o.a.j.t.JMeterThread: Thread is done: Agent search 2-692
2026-10-09 14:34:54,223 INFO o.a.j.t.JMeterThread: Thread finished: Agent search 2-692
2026-10-09 14:35:00,891 INFO o.a.j.t.JMeterThread: Thread started: Agent search 2-693
2026-10-09 14:35:00,933 INFO o.a.j.r.Summariser: summary +      5 in 00:00:28 =    0.2/s Avg: 115406 Min:    25 Max: 576891 Err:     0 (0.00%) Active: 40 Started: 870 Finished: 830
2026-10-09 14:35:00,933 INFO o.a.j.r.Summariser: summary =    831 in 00:52:52 =    0.3/s Avg: 94240 Min:    17 Max: 600277 Err:    97 (11.67%)
2026-10-09 14:35:00,934 INFO o.a.j.t.JMeterThread: Thread is done: Agent search 2-693
2026-10-09 14:35:00,934 INFO o.a.j.t.JMeterThread: Thread finished: Agent search 2-693
2026-10-09 14:35:01,220 INFO o.a.j.t.JMeterThread: Thread started: Agent search 2-694
2026-10-09 14:35:01,244 INFO o.a.j.t.JMeterThread: Thread is done: Agent search 2-694
2026-10-09 14:35:01,244 INFO o.a.j.t.JMeterThread: Thread finished: Agent search 2-694
2026-10-09 14:35:19,220 INFO o.a.j.t.JMeterThread: Thread is done: Ticket intake 1-139
2026-10-09 14:35:19,221 INFO o.a.j.t.JMeterThread: Thread finished: Ticket intake 1-139
2026-10-09 14:35:20,236 INFO o.a.j.t.JMeterThread: Thread started: Agent search 2-695
2026-10-09 14:35:20,278 INFO o.a.j.t.JMeterThread: Thread is done: Agent search 2-695
2026-10-09 14:35:20,278 INFO o.a.j.t.JMeterThread: Thread finished: Agent search 2-695
2026-10-09 14:35:22,236 INFO o.a.j.t.JMeterThread: Thread started: Ticket intake 1-178
2026-10-09 14:35:30,359 INFO o.a.j.t.JMeterThread: Thread started: Agent search 2-696
2026-10-09 14:35:30,388 INFO o.a.j.r.Summariser: summary +      4 in 00:00:29 =    0.1/s Avg: 150101 Min:    24 Max: 600314 Err:     1 (25.00%) Active: 40 Started: 874 Finished: 834
2026-10-09 14:35:30,388 INFO o.a.j.r.Summariser: summary =    835 in 00:53:21 =    0.3/s Avg: 94507 Min:    17 Max: 600314 Err:    98 (11.74%)
2026-10-09 14:35:30,388 INFO o.a.j.t.JMeterThread: Thread is done: Agent search 2-696
2026-10-09 14:35:30,388 INFO o.a.j.t.JMeterThread: Thread finished: Agent search 2-696
2026-10-09 14:35:31,706 INFO o.a.j.t.JMeterThread: Thread started: Agent search 2-697
2026-10-09 14:35:31,731 INFO o.a.j.t.JMeterThread: Thread is done: Agent search 2-697
2026-10-09 14:35:31,731 INFO o.a.j.t.JMeterThread: Thread finished: Agent search 2-697
2026-10-09 14:35:35,052 INFO o.a.j.t.JMeterThread: Thread started: Agent search 2-698
2026-10-09 14:35:35,092 INFO o.a.j.t.JMeterThread: Thread is done: Agent search 2-698
2026-10-09 14:35:35,092 INFO o.a.j.t.JMeterThread: Thread finished: Agent search 2-698
2026-10-09 14:35:35,839 INFO o.a.j.t.JMeterThread: Thread started: Agent search 2-699
2026-10-09 14:35:35,866 INFO o.a.j.t.JMeterThread: Thread is done: Agent search 2-699
2026-10-09 14:35:35,866 INFO o.a.j.t.JMeterThread: Thread finished: Agent search 2-699
2026-10-09 14:35:37,988 INFO o.a.j.t.JMeterThread: Thread started: Ticket intake 1-179
2026-10-09 14:35:45,639 INFO o.a.j.t.JMeterThread: Thread is done: Ticket intake 1-140
2026-10-09 14:35:45,639 INFO o.a.j.t.JMeterThread: Thread finished: Ticket intake 1-140
2026-10-09 14:35:47,586 INFO o.a.j.t.JMeterThread: Thread started: Agent search 2-700
2026-10-09 14:35:47,605 INFO o.a.j.t.JMeterThread: Thread is done: Agent search 2-700
2026-10-09 14:35:47,605 INFO o.a.j.t.JMeterThread: Thread finished: Agent search 2-700
2026-10-09 14:35:48,561 INFO o.a.j.t.JMeterThread: Thread started: Agent search 2-701
2026-10-09 14:35:48,602 INFO o.a.j.t.JMeterThread: Thread is done: Agent search 2-701
2026-10-09 14:35:48,602 INFO o.a.j.t.JMeterThread: Thread finished: Agent search 2-701
2026-10-09 14:35:51,116 INFO o.a.j.t.JMeterThread: Thread started: Agent search 2-702
2026-10-09 14:35:51,159 INFO o.a.j.t.JMeterThread: Thread is done: Agent search 2-702
2026-10-09 14:35:51,159 INFO o.a.j.t.JMeterThread: Thread finished: Agent search 2-702
2026-10-09 14:35:55,757 INFO o.a.j.t.JMeterThread: Thread started: Agent search 2-703
2026-10-09 14:35:55,784 INFO o.a.j.t.JMeterThread: Thread is done: Agent search 2-703
2026-10-09 14:35:55,784 INFO o.a.j.t.JMeterThread: Thread finished: Agent search 2-703
2026-10-09 14:36:03,871 INFO o.a.j.r.Summariser: summary +      9 in 00:00:33 =    0.3/s Avg: 133387 Min:    19 Max: 600139 Err:     2 (22.22%) Active: 39 Started: 882 Finished: 843
2026-10-09 14:36:03,871 INFO o.a.j.r.Summariser: summary =    844 in 00:53:55 =    0.3/s Avg: 94922 Min:    17 Max: 600314 Err:   100 (11.85%)
2026-10-09 14:36:03,871 INFO o.a.j.t.JMeterThread: Thread is done: Ticket intake 1-141
2026-10-09 14:36:03,871 INFO o.a.j.t.JMeterThread: Thread finished: Ticket intake 1-141
2026-10-09 14:36:03,968 INFO o.a.j.t.JMeterThread: Thread is done: Ticket intake 1-142
2026-10-09 14:36:03,968 INFO o.a.j.t.JMeterThread: Thread finished: Ticket intake 1-142
2026-10-09 14:36:05,879 INFO o.a.j.t.JMeterThread: Thread started: Agent search 2-704
2026-10-09 14:36:05,904 INFO o.a.j.t.JMeterThread: Thread is done: Agent search 2-704
2026-10-09 14:36:05,904 INFO o.a.j.t.JMeterThread: Thread finished: Agent search 2-704
2026-10-09 14:36:06,744 INFO o.a.j.t.JMeterThread: Thread started: Agent search 2-705
2026-10-09 14:36:06,770 INFO o.a.j.t.JMeterThread: Thread is done: Agent search 2-705
2026-10-09 14:36:06,770 INFO o.a.j.t.JMeterThread: Thread finished: Agent search 2-705
2026-10-09 14:36:06,975 INFO o.a.j.t.JMeterThread: Thread started: Ticket intake 1-180
2026-10-09 14:36:09,704 INFO o.a.j.t.JMeterThread: Thread is done: Ticket intake 1-143
2026-10-09 14:36:09,704 INFO o.a.j.t.JMeterThread: Thread finished: Ticket intake 1-143
2026-10-09 14:36:10,954 INFO o.a.j.t.JMeterThread: Thread started: Agent search 2-706
2026-10-09 14:36:10,982 INFO o.a.j.t.JMeterThread: Thread is done: Agent search 2-706
2026-10-09 14:36:10,982 INFO o.a.j.t.JMeterThread: Thread finished: Agent search 2-706
2026-10-09 14:36:11,771 INFO o.a.j.t.JMeterThread: Thread started: Agent search 2-707
2026-10-09 14:36:11,800 INFO o.a.j.t.JMeterThread: Thread is done: Agent search 2-707
2026-10-09 14:36:11,800 INFO o.a.j.t.JMeterThread: Thread finished: Agent search 2-707
2026-10-09 14:36:23,427 INFO o.a.j.t.JMeterThread: Thread is done: Ticket intake 1-144
2026-10-09 14:36:23,427 INFO o.a.j.t.JMeterThread: Thread finished: Ticket intake 1-144
2026-10-09 14:36:24,749 INFO o.a.j.t.JMeterThread: Thread started: Agent search 2-708
2026-10-09 14:36:24,793 INFO o.a.j.t.JMeterThread: Thread is done: Agent search 2-708
2026-10-09 14:36:24,793 INFO o.a.j.t.JMeterThread: Thread finished: Agent search 2-708
2026-10-09 14:36:34,985 INFO o.a.j.t.JMeterThread: Thread started: Ticket intake 1-181
2026-10-09 14:36:38,984 INFO o.a.j.t.JMeterThread: Thread started: Agent search 2-709
2026-10-09 14:36:39,025 INFO o.a.j.t.JMeterThread: Thread is done: Agent search 2-709
2026-10-09 14:36:39,025 INFO o.a.j.t.JMeterThread: Thread finished: Agent search 2-709
2026-10-09 14:36:43,400 INFO o.a.j.t.JMeterThread: Thread is done: Ticket intake 1-145
2026-10-09 14:36:43,400 INFO o.a.j.t.JMeterThread: Thread finished: Ticket intake 1-145
2026-10-09 14:36:44,239 INFO o.a.j.t.JMeterThread: Thread started: Agent search 2-710
2026-10-09 14:36:44,266 INFO o.a.j.t.JMeterThread: Thread is done: Agent search 2-710
2026-10-09 14:36:44,266 INFO o.a.j.t.JMeterThread: Thread finished: Agent search 2-710
2026-10-09 14:36:44,666 INFO o.a.j.t.JMeterThread: Thread started: Ticket intake 1-182
2026-10-09 14:36:47,448 INFO o.a.j.t.JMeterThread: Thread started: Agent search 2-711
2026-10-09 14:36:47,472 INFO o.a.j.t.JMeterThread: Thread is done: Agent search 2-711
2026-10-09 14:36:47,472 INFO o.a.j.t.JMeterThread: Thread finished: Agent search 2-711
2026-10-09 14:36:53,638 INFO o.a.j.t.JMeterThread: Thread is done: Ticket intake 1-146
2026-10-09 14:36:53,638 INFO o.a.j.t.JMeterThread: Thread finished: Ticket intake 1-146
2026-10-09 14:36:56,163 INFO o.a.j.t.JMeterThread: Thread started: Ticket intake 1-183
2026-10-09 14:37:02,536 INFO o.a.j.t.JMeterThread: Thread started: Agent search 2-712
2026-10-09 14:37:02,561 INFO o.a.j.r.Summariser: summary +     14 in 00:00:59 =    0.2/s Avg: 214359 Min:    23 Max: 600207 Err:     5 (35.71%) Active: 38 Started: 895 Finished: 857
2026-10-09 14:37:02,561 INFO o.a.j.r.Summariser: summary =    858 in 00:54:54 =    0.3/s Avg: 96871 Min:    17 Max: 600314 Err:   105 (12.24%)
2026-10-09 14:37:02,562 INFO o.a.j.t.JMeterThread: Thread is done: Agent search 2-712
2026-10-09 14:37:02,562 INFO o.a.j.t.JMeterThread: Thread finished: Agent search 2-712
2026-10-09 14:37:03,929 INFO o.a.j.t.JMeterThread: Thread started: Ticket intake 1-184
2026-10-09 14:37:06,975 INFO o.a.j.t.JMeterThread: Thread started: Agent search 2-713
2026-10-09 14:37:07,001 INFO o.a.j.t.JMeterThread: Thread is done: Agent search 2-713
2026-10-09 14:37:07,001 INFO o.a.j.t.JMeterThread: Thread finished: Agent search 2-713
2026-10-09 14:37:10,010 INFO o.a.j.t.JMeterThread: Thread started: Agent search 2-714
2026-10-09 14:37:10,044 INFO o.a.j.t.JMeterThread: Thread is done: Agent search 2-714
2026-10-09 14:37:10,044 INFO o.a.j.t.JMeterThread: Thread finished: Agent search 2-714
2026-10-09 14:37:12,269 INFO o.a.j.t.JMeterThread: Thread started: Agent search 2-715
2026-10-09 14:37:12,289 INFO o.a.j.t.JMeterThread: Thread is done: Agent search 2-715
2026-10-09 14:37:12,289 INFO o.a.j.t.JMeterThread: Thread finished: Agent search 2-715
2026-10-09 14:37:14,957 INFO o.a.j.t.JMeterThread: Thread started: Ticket intake 1-185
2026-10-09 14:37:18,269 INFO o.a.j.t.JMeterThread: Thread started: Ticket intake 1-186
2026-10-09 14:37:20,651 INFO o.a.j.t.JMeterThread: Thread started: Agent search 2-716
2026-10-09 14:37:22,634 INFO o.a.j.t.JMeterThread: Thread started: Agent search 2-717
2026-10-09 14:37:25,378 INFO o.a.j.t.JMeterThread: Thread started: Agent search 2-718
2026-10-09 14:37:26,204 INFO o.a.j.t.JMeterThread: Thread started: Agent search 2-719
2026-10-09 14:37:29,126 INFO o.a.j.t.JMeterThread: Thread started: Agent search 2-720
2026-10-09 14:37:30,242 INFO o.a.j.t.JMeterThread: Thread started: Agent search 2-721
2026-10-09 14:37:35,051 INFO o.a.j.t.JMeterThread: Thread started: Agent search 2-722
2026-10-09 14:37:36,572 INFO o.a.j.t.JMeterThread: Thread started: Agent search 2-723
2026-10-09 14:37:36,965 INFO o.a.j.t.JMeterThread: Thread started: Ticket intake 1-187
2026-10-09 14:37:37,361 INFO o.a.j.t.JMeterThread: Thread is done: Agent search 2-720
2026-10-09 14:37:37,361 INFO o.a.j.t.JMeterThread: Thread is done: Agent search 2-716
2026-10-09 14:37:37,361 INFO o.a.j.t.JMeterThread: Thread is done: Agent search 2-721
2026-10-09 14:37:37,361 INFO o.a.j.t.JMeterThread: Thread finished: Agent search 2-721
2026-10-09 14:37:37,361 INFO o.a.j.t.JMeterThread: Thread is done: Agent search 2-717
2026-10-09 14:37:37,361 INFO o.a.j.t.JMeterThread: Thread is done: Agent search 2-719
2026-10-09 14:37:37,361 INFO o.a.j.t.JMeterThread: Thread finished: Agent search 2-717
2026-10-09 14:37:37,361 INFO o.a.j.t.JMeterThread: Thread finished: Agent search 2-716
2026-10-09 14:37:37,361 INFO o.a.j.t.JMeterThread: Thread is done: Agent search 2-718
2026-10-09 14:37:37,361 INFO o.a.j.t.JMeterThread: Thread is done: Ticket intake 1-147
2026-10-09 14:37:37,361 INFO o.a.j.t.JMeterThread: Thread finished: Agent search 2-720
2026-10-09 14:37:37,361 INFO o.a.j.t.JMeterThread: Thread finished: Agent search 2-719
2026-10-09 14:37:37,361 INFO o.a.j.t.JMeterThread: Thread finished: Agent search 2-718
2026-10-09 14:37:37,361 INFO o.a.j.t.JMeterThread: Thread finished: Ticket intake 1-147
2026-10-09 14:37:37,365 INFO o.a.j.t.JMeterThread: Thread is done: Agent search 2-722
2026-10-09 14:37:37,365 INFO o.a.j.t.JMeterThread: Thread finished: Agent search 2-722
2026-10-09 14:37:37,369 INFO o.a.j.t.JMeterThread: Thread is done: Agent search 2-723
2026-10-09 14:37:37,370 INFO o.a.j.t.JMeterThread: Thread finished: Agent search 2-723
2026-10-09 14:37:37,752 INFO o.a.j.t.JMeterThread: Thread started: Agent search 2-724
2026-10-09 14:37:38,298 INFO o.a.j.t.JMeterThread: Thread started: Agent search 2-725
2026-10-09 14:37:40,125 INFO o.a.j.t.JMeterThread: Thread is done: Agent search 2-724
2026-10-09 14:37:40,125 INFO o.a.j.t.JMeterThread: Thread finished: Agent search 2-724
2026-10-09 14:37:40,125 INFO o.a.j.t.JMeterThread: Thread is done: Ticket intake 1-148
2026-10-09 14:37:40,125 INFO o.a.j.t.JMeterThread: Thread is done: Agent search 2-725
2026-10-09 14:37:40,125 INFO o.a.j.t.JMeterThread: Thread finished: Ticket intake 1-148
2026-10-09 14:37:40,125 INFO o.a.j.t.JMeterThread: Thread finished: Agent search 2-725
2026-10-09 14:37:42,265 INFO o.a.j.t.JMeterThread: Thread started: Ticket intake 1-188
2026-10-09 14:37:45,716 INFO o.a.j.t.JMeterThread: Thread started: Agent search 2-726
2026-10-09 14:37:50,272 INFO o.a.j.t.JMeterThread: Thread started: Agent search 2-727
2026-10-09 14:37:52,509 INFO o.a.j.t.JMeterThread: Thread started: Agent search 2-728
2026-10-09 14:37:56,418 INFO o.a.j.t.JMeterThread: Thread started: Agent search 2-729
2026-10-09 14:37:58,148 INFO o.a.j.t.JMeterThread: Thread is done: Agent search 2-726
2026-10-09 14:37:58,148 INFO o.a.j.t.JMeterThread: Thread is done: Ticket intake 1-149
2026-10-09 14:37:58,148 INFO o.a.j.t.JMeterThread: Thread finished: Ticket intake 1-149
2026-10-09 14:37:58,148 INFO o.a.j.t.JMeterThread: Thread finished: Agent search 2-726
2026-10-09 14:37:58,149 INFO o.a.j.t.JMeterThread: Thread is done: Agent search 2-727
2026-10-09 14:37:58,149 INFO o.a.j.t.JMeterThread: Thread finished: Agent search 2-727
2026-10-09 14:37:58,151 INFO o.a.j.t.JMeterThread: Thread is done: Agent search 2-729
2026-10-09 14:37:58,151 INFO o.a.j.t.JMeterThread: Thread finished: Agent search 2-729
2026-10-09 14:37:58,159 INFO o.a.j.t.JMeterThread: Thread is done: Agent search 2-728
2026-10-09 14:37:58,159 INFO o.a.j.t.JMeterThread: Thread finished: Agent search 2-728
2026-10-09 14:38:00,301 INFO o.a.j.t.JMeterThread: Thread started: Agent search 2-730
2026-10-09 14:38:00,323 INFO o.a.j.r.Summariser: summary +     21 in 00:00:58 =    0.4/s Avg: 91262 Min:    19 Max: 611196 Err:     3 (14.29%) Active: 40 Started: 918 Finished: 878
2026-10-09 14:38:00,323 INFO o.a.j.r.Summariser: summary =    879 in 00:55:51 =    0.3/s Avg: 96737 Min:    17 Max: 611196 Err:   108 (12.29%)
2026-10-09 14:38:00,324 INFO o.a.j.t.JMeterThread: Thread is done: Agent search 2-730
2026-10-09 14:38:00,324 INFO o.a.j.t.JMeterThread: Thread finished: Agent search 2-730
2026-10-09 14:38:09,075 INFO o.a.j.t.JMeterThread: Thread started: Agent search 2-731
2026-10-09 14:38:09,119 INFO o.a.j.t.JMeterThread: Thread is done: Agent search 2-731
2026-10-09 14:38:09,119 INFO o.a.j.t.JMeterThread: Thread finished: Agent search 2-731
2026-10-09 14:38:12,789 INFO o.a.j.t.JMeterThread: Thread is done: Ticket intake 1-150
2026-10-09 14:38:12,790 INFO o.a.j.t.JMeterThread: Thread finished: Ticket intake 1-150
2026-10-09 14:38:14,303 INFO o.a.j.t.JMeterThread: Thread started: Agent search 2-732
2026-10-09 14:38:14,348 INFO o.a.j.t.JMeterThread: Thread is done: Agent search 2-732
2026-10-09 14:38:14,348 INFO o.a.j.t.JMeterThread: Thread finished: Agent search 2-732
2026-10-09 14:38:16,513 INFO o.a.j.t.JMeterThread: Thread started: Agent search 2-733
2026-10-09 14:38:16,545 INFO o.a.j.t.JMeterThread: Thread is done: Agent search 2-733
2026-10-09 14:38:16,545 INFO o.a.j.t.JMeterThread: Thread finished: Agent search 2-733
2026-10-09 14:38:23,439 INFO o.a.j.t.JMeterThread: Thread is done: Ticket intake 1-151
2026-10-09 14:38:23,440 INFO o.a.j.t.JMeterThread: Thread finished: Ticket intake 1-151
2026-10-09 14:38:29,165 INFO o.a.j.t.JMeterThread: Thread started: Agent search 2-734
2026-10-09 14:38:29,199 INFO o.a.j.t.JMeterThread: Thread is done: Agent search 2-734
2026-10-09 14:38:29,199 INFO o.a.j.t.JMeterThread: Thread finished: Agent search 2-734
2026-10-09 14:38:29,368 INFO o.a.j.t.JMeterThread: Thread started: Agent search 2-735
2026-10-09 14:38:29,392 INFO o.a.j.t.JMeterThread: Thread is done: Agent search 2-735
2026-10-09 14:38:29,392 INFO o.a.j.t.JMeterThread: Thread finished: Agent search 2-735
2026-10-09 14:38:29,633 INFO o.a.j.t.JMeterThread: Thread started: Agent search 2-736
2026-10-09 14:38:29,659 INFO o.a.j.t.JMeterThread: Thread is done: Agent search 2-736
2026-10-09 14:38:29,659 INFO o.a.j.t.JMeterThread: Thread finished: Agent search 2-736
2026-10-09 14:38:34,789 INFO o.a.j.t.JMeterThread: Thread started: Agent search 2-737
2026-10-09 14:38:34,816 INFO o.a.j.r.Summariser: summary +      9 in 00:00:34 =    0.3/s Avg: 134274 Min:    24 Max: 605644 Err:     2 (22.22%) Active: 38 Started: 925 Finished: 887
2026-10-09 14:38:34,816 INFO o.a.j.r.Summariser: summary =    888 in 00:56:26 =    0.3/s Avg: 97117 Min:    17 Max: 611196 Err:   110 (12.39%)
2026-10-09 14:38:34,816 INFO o.a.j.t.JMeterThread: Thread is done: Agent search 2-737
2026-10-09 14:38:34,816 INFO o.a.j.t.JMeterThread: Thread finished: Agent search 2-737
2026-10-09 14:38:37,278 INFO o.a.j.t.JMeterThread: Thread is done: Ticket intake 1-152
2026-10-09 14:38:37,279 INFO o.a.j.t.JMeterThread: Thread finished: Ticket intake 1-152
2026-10-09 14:38:38,521 INFO o.a.j.t.JMeterThread: Thread started: Agent search 2-738
2026-10-09 14:38:38,555 INFO o.a.j.t.JMeterThread: Thread is done: Agent search 2-738
2026-10-09 14:38:38,555 INFO o.a.j.t.JMeterThread: Thread finished: Agent search 2-738
2026-10-09 14:38:40,734 INFO o.a.j.t.JMeterThread: Thread started: Agent search 2-739
2026-10-09 14:38:40,768 INFO o.a.j.t.JMeterThread: Thread is done: Agent search 2-739
2026-10-09 14:38:40,768 INFO o.a.j.t.JMeterThread: Thread finished: Agent search 2-739
2026-10-09 14:38:40,815 INFO o.a.j.t.JMeterThread: Thread started: Agent search 2-740
2026-10-09 14:38:40,850 INFO o.a.j.t.JMeterThread: Thread is done: Agent search 2-740
2026-10-09 14:38:40,850 INFO o.a.j.t.JMeterThread: Thread finished: Agent search 2-740
2026-10-09 14:38:45,970 INFO o.a.j.t.JMeterThread: Thread started: Agent search 2-741
2026-10-09 14:38:46,000 INFO o.a.j.t.JMeterThread: Thread is done: Agent search 2-741
2026-10-09 14:38:46,000 INFO o.a.j.t.JMeterThread: Thread finished: Agent search 2-741
2026-10-09 14:38:46,010 INFO o.a.j.t.JMeterThread: Thread started: Agent search 2-742
2026-10-09 14:38:46,029 INFO o.a.j.t.JMeterThread: Thread is done: Agent search 2-742
2026-10-09 14:38:46,029 INFO o.a.j.t.JMeterThread: Thread finished: Agent search 2-742
2026-10-09 14:38:46,219 INFO o.a.j.t.JMeterThread: Thread started: Agent search 2-743
2026-10-09 14:38:46,249 INFO o.a.j.t.JMeterThread: Thread is done: Agent search 2-743
2026-10-09 14:38:46,250 INFO o.a.j.t.JMeterThread: Thread finished: Agent search 2-743
2026-10-09 14:38:49,781 INFO o.a.j.t.JMeterThread: Thread started: Agent search 2-744
2026-10-09 14:38:49,809 INFO o.a.j.t.JMeterThread: Thread is done: Agent search 2-744
2026-10-09 14:38:49,809 INFO o.a.j.t.JMeterThread: Thread finished: Agent search 2-744
2026-10-09 14:38:51,073 INFO o.a.j.t.JMeterThread: Thread started: Agent search 2-745
2026-10-09 14:38:51,096 INFO o.a.j.t.JMeterThread: Thread is done: Agent search 2-745
2026-10-09 14:38:51,096 INFO o.a.j.t.JMeterThread: Thread finished: Agent search 2-745
2026-10-09 14:38:54,111 INFO o.a.j.t.JMeterThread: Thread started: Ticket intake 1-189
2026-10-09 14:38:55,542 INFO o.a.j.t.JMeterThread: Thread started: Agent search 2-746
2026-10-09 14:38:55,568 INFO o.a.j.t.JMeterThread: Thread is done: Agent search 2-746
2026-10-09 14:38:55,568 INFO o.a.j.t.JMeterThread: Thread finished: Agent search 2-746
2026-10-09 14:38:55,769 INFO o.a.j.t.JMeterThread: Thread started: Agent search 2-747
2026-10-09 14:38:55,793 INFO o.a.j.t.JMeterThread: Thread is done: Agent search 2-747
2026-10-09 14:38:55,793 INFO o.a.j.t.JMeterThread: Thread finished: Agent search 2-747
2026-10-09 14:38:59,178 INFO o.a.j.t.JMeterThread: Thread is done: Ticket intake 1-153
2026-10-09 14:38:59,178 INFO o.a.j.t.JMeterThread: Thread finished: Ticket intake 1-153
2026-10-09 14:39:02,390 INFO o.a.j.t.JMeterThread: Thread started: Ticket intake 1-190
2026-10-09 14:39:09,690 INFO o.a.j.t.JMeterThread: Thread started: Agent search 2-748
2026-10-09 14:39:09,717 INFO o.a.j.t.JMeterThread: Thread is done: Agent search 2-748
2026-10-09 14:39:09,717 INFO o.a.j.t.JMeterThread: Thread finished: Agent search 2-748
2026-10-09 14:39:11,503 INFO o.a.j.t.JMeterThread: Thread started: Agent search 2-749
2026-10-09 14:39:11,526 INFO o.a.j.t.JMeterThread: Thread is done: Agent search 2-749
2026-10-09 14:39:11,526 INFO o.a.j.t.JMeterThread: Thread finished: Agent search 2-749
2026-10-09 14:39:11,696 INFO o.a.j.t.JMeterThread: Thread started: Agent search 2-750
2026-10-09 14:39:11,726 INFO o.a.j.t.JMeterThread: Thread is done: Agent search 2-750
2026-10-09 14:39:11,726 INFO o.a.j.t.JMeterThread: Thread finished: Agent search 2-750
2026-10-09 14:39:12,544 INFO o.a.j.t.JMeterThread: Thread started: Agent search 2-751
2026-10-09 14:39:12,575 INFO o.a.j.t.JMeterThread: Thread is done: Agent search 2-751
2026-10-09 14:39:12,575 INFO o.a.j.t.JMeterThread: Thread finished: Agent search 2-751
2026-10-09 14:39:21,603 INFO o.a.j.t.JMeterThread: Thread is done: Ticket intake 1-154
2026-10-09 14:39:21,604 INFO o.a.j.t.JMeterThread: Thread finished: Ticket intake 1-154
2026-10-09 14:39:25,002 INFO o.a.j.t.JMeterThread: Thread started: Agent search 2-752
2026-10-09 14:39:25,025 INFO o.a.j.t.JMeterThread: Thread is done: Agent search 2-752
2026-10-09 14:39:25,025 INFO o.a.j.t.JMeterThread: Thread finished: Agent search 2-752
2026-10-09 14:39:26,176 INFO o.a.j.t.JMeterThread: Thread started: Agent search 2-753
2026-10-09 14:39:26,205 INFO o.a.j.t.JMeterThread: Thread is done: Agent search 2-753
2026-10-09 14:39:26,205 INFO o.a.j.t.JMeterThread: Thread finished: Agent search 2-753
2026-10-09 14:39:34,133 INFO o.a.j.t.JMeterThread: Thread started: Agent search 2-754
2026-10-09 14:39:34,155 INFO o.a.j.r.Summariser: summary +     20 in 00:00:59 =    0.3/s Avg: 90927 Min:    19 Max: 613333 Err:     3 (15.00%) Active: 37 Started: 944 Finished: 907
2026-10-09 14:39:34,156 INFO o.a.j.r.Summariser: summary =    908 in 00:57:25 =    0.3/s Avg: 96981 Min:    17 Max: 613333 Err:   113 (12.44%)
2026-10-09 14:39:34,156 INFO o.a.j.t.JMeterThread: Thread is done: Agent search 2-754
2026-10-09 14:39:34,156 INFO o.a.j.t.JMeterThread: Thread finished: Agent search 2-754
2026-10-09 14:39:34,301 INFO o.a.j.t.JMeterThread: Thread is done: Ticket intake 1-155
2026-10-09 14:39:34,302 INFO o.a.j.t.JMeterThread: Thread finished: Ticket intake 1-155
2026-10-09 14:39:42,763 INFO o.a.j.t.JMeterThread: Thread started: Agent search 2-755
2026-10-09 14:39:42,794 INFO o.a.j.t.JMeterThread: Thread is done: Agent search 2-755
2026-10-09 14:39:42,795 INFO o.a.j.t.JMeterThread: Thread finished: Agent search 2-755
2026-10-09 14:39:44,509 INFO o.a.j.t.JMeterThread: Thread started: Agent search 2-756
2026-10-09 14:39:44,544 INFO o.a.j.t.JMeterThread: Thread is done: Agent search 2-756
2026-10-09 14:39:44,544 INFO o.a.j.t.JMeterThread: Thread finished: Agent search 2-756
2026-10-09 14:39:48,535 INFO o.a.j.t.JMeterThread: Thread is done: Ticket intake 1-156
2026-10-09 14:39:48,535 INFO o.a.j.t.JMeterThread: Thread finished: Ticket intake 1-156
2026-10-09 14:39:52,765 INFO o.a.j.t.JMeterThread: Thread started: Agent search 2-757
2026-10-09 14:39:52,793 INFO o.a.j.t.JMeterThread: Thread is done: Agent search 2-757
2026-10-09 14:39:52,793 INFO o.a.j.t.JMeterThread: Thread finished: Agent search 2-757
2026-10-09 14:39:54,479 INFO o.a.j.t.JMeterThread: Thread started: Agent search 2-758
2026-10-09 14:39:54,515 INFO o.a.j.t.JMeterThread: Thread is done: Agent search 2-758
2026-10-09 14:39:54,515 INFO o.a.j.t.JMeterThread: Thread finished: Agent search 2-758
2026-10-09 14:39:55,111 INFO o.a.j.t.JMeterThread: Thread started: Agent search 2-759
2026-10-09 14:39:55,121 INFO o.a.j.t.JMeterThread: Thread started: Agent search 2-760
2026-10-09 14:39:55,134 INFO o.a.j.t.JMeterThread: Thread is done: Agent search 2-759
2026-10-09 14:39:55,134 INFO o.a.j.t.JMeterThread: Thread finished: Agent search 2-759
2026-10-09 14:39:55,140 INFO o.a.j.t.JMeterThread: Thread is done: Agent search 2-760
2026-10-09 14:39:55,141 INFO o.a.j.t.JMeterThread: Thread finished: Agent search 2-760
2026-10-09 14:39:55,474 INFO o.a.j.t.JMeterThread: Thread started: Ticket intake 1-191
2026-10-09 14:39:55,820 INFO o.a.j.t.JMeterThread: Thread started: Agent search 2-761
2026-10-09 14:39:55,842 INFO o.a.j.t.JMeterThread: Thread started: Agent search 2-762
2026-10-09 14:39:55,860 INFO o.a.j.t.JMeterThread: Thread is done: Agent search 2-761
2026-10-09 14:39:55,860 INFO o.a.j.t.JMeterThread: Thread finished: Agent search 2-761
2026-10-09 14:39:55,888 INFO o.a.j.t.JMeterThread: Thread is done: Agent search 2-762
2026-10-09 14:39:55,888 INFO o.a.j.t.JMeterThread: Thread finished: Agent search 2-762
2026-10-09 14:39:56,296 INFO o.a.j.t.JMeterThread: Thread started: Agent search 2-763
2026-10-09 14:39:56,330 INFO o.a.j.t.JMeterThread: Thread is done: Agent search 2-763
2026-10-09 14:39:56,330 INFO o.a.j.t.JMeterThread: Thread finished: Agent search 2-763
2026-10-09 14:39:56,932 INFO o.a.j.t.JMeterThread: Thread is done: Ticket intake 1-157
2026-10-09 14:39:56,932 INFO o.a.j.t.JMeterThread: Thread finished: Ticket intake 1-157
2026-10-09 14:40:00,654 INFO o.a.j.t.JMeterThread: Thread started: Agent search 2-764
2026-10-09 14:40:00,679 INFO o.a.j.r.Summariser: summary +     13 in 00:00:27 =    0.5/s Avg: 139754 Min:    19 Max: 610570 Err:     3 (23.08%) Active: 35 Started: 955 Finished: 920
2026-10-09 14:40:00,679 INFO o.a.j.r.Summariser: summary =    921 in 00:57:52 =    0.3/s Avg: 97585 Min:    17 Max: 613333 Err:   116 (12.60%)
2026-10-09 14:40:00,679 INFO o.a.j.t.JMeterThread: Thread is done: Agent search 2-764
2026-10-09 14:40:00,679 INFO o.a.j.t.JMeterThread: Thread finished: Agent search 2-764
2026-10-09 14:40:07,990 INFO o.a.j.t.JMeterThread: Thread started: Agent search 2-765
2026-10-09 14:40:08,015 INFO o.a.j.t.JMeterThread: Thread is done: Agent search 2-765
2026-10-09 14:40:08,015 INFO o.a.j.t.JMeterThread: Thread finished: Agent search 2-765
2026-10-09 14:40:12,705 INFO o.a.j.t.JMeterThread: Thread is done: Ticket intake 1-158
2026-10-09 14:40:12,705 INFO o.a.j.t.JMeterThread: Thread finished: Ticket intake 1-158
2026-10-09 14:40:17,530 INFO o.a.j.t.JMeterThread: Thread started: Agent search 2-766
2026-10-09 14:40:17,556 INFO o.a.j.t.JMeterThread: Thread is done: Agent search 2-766
2026-10-09 14:40:17,556 INFO o.a.j.t.JMeterThread: Thread finished: Agent search 2-766
2026-10-09 14:40:18,951 INFO o.a.j.t.JMeterThread: Thread started: Agent search 2-767
2026-10-09 14:40:18,971 INFO o.a.j.t.JMeterThread: Thread is done: Agent search 2-767
2026-10-09 14:40:18,971 INFO o.a.j.t.JMeterThread: Thread finished: Agent search 2-767
2026-10-09 14:40:20,474 INFO o.a.j.t.JMeterThread: Thread started: Agent search 2-768
2026-10-09 14:40:20,531 INFO o.a.j.t.JMeterThread: Thread is done: Agent search 2-768
2026-10-09 14:40:20,531 INFO o.a.j.t.JMeterThread: Thread finished: Agent search 2-768
2026-10-09 14:40:28,220 INFO o.a.j.t.JMeterThread: Thread started: Agent search 2-769
2026-10-09 14:40:28,263 INFO o.a.j.t.JMeterThread: Thread is done: Agent search 2-769
2026-10-09 14:40:28,263 INFO o.a.j.t.JMeterThread: Thread finished: Agent search 2-769
2026-10-09 14:40:31,217 INFO o.a.j.t.JMeterThread: Thread started: Ticket intake 1-192
2026-10-09 14:40:31,554 INFO o.a.j.r.Summariser: summary +      7 in 00:00:31 =    0.2/s Avg: 173871 Min:    20 Max: 610902 Err:     1 (14.29%) Active: 34 Started: 961 Finished: 927
2026-10-09 14:40:31,554 INFO o.a.j.r.Summariser: summary =    928 in 00:58:23 =    0.3/s Avg: 98160 Min:    17 Max: 613333 Err:   117 (12.61%)
2026-10-09 14:40:31,554 INFO o.a.j.t.JMeterThread: Thread is done: Ticket intake 1-159
2026-10-09 14:40:31,554 INFO o.a.j.t.JMeterThread: Thread finished: Ticket intake 1-159
2026-10-09 14:40:43,245 INFO o.a.j.t.JMeterThread: Thread started: Ticket intake 1-193
2026-10-09 14:40:45,289 INFO o.a.j.t.JMeterThread: Thread started: Ticket intake 1-194
2026-10-09 14:40:45,413 INFO o.a.j.t.JMeterThread: Thread is done: Ticket intake 1-160
2026-10-09 14:40:45,414 INFO o.a.j.t.JMeterThread: Thread finished: Ticket intake 1-160
2026-10-09 14:40:45,465 INFO o.a.j.t.JMeterThread: Thread started: Agent search 2-770
2026-10-09 14:40:45,498 INFO o.a.j.t.JMeterThread: Thread is done: Agent search 2-770
2026-10-09 14:40:45,498 INFO o.a.j.t.JMeterThread: Thread finished: Agent search 2-770
2026-10-09 14:40:47,464 INFO o.a.j.t.JMeterThread: Thread started: Agent search 2-771
2026-10-09 14:40:47,488 INFO o.a.j.t.JMeterThread: Thread is done: Agent search 2-771
2026-10-09 14:40:47,488 INFO o.a.j.t.JMeterThread: Thread finished: Agent search 2-771
2026-10-09 14:40:52,286 INFO o.a.j.t.JMeterThread: Thread started: Agent search 2-772
2026-10-09 14:40:52,310 INFO o.a.j.t.JMeterThread: Thread is done: Agent search 2-772
2026-10-09 14:40:52,310 INFO o.a.j.t.JMeterThread: Thread finished: Agent search 2-772
2026-10-09 14:40:55,604 INFO o.a.j.t.JMeterThread: Thread started: Agent search 2-773
2026-10-09 14:40:55,637 INFO o.a.j.t.JMeterThread: Thread is done: Agent search 2-773
2026-10-09 14:40:55,637 INFO o.a.j.t.JMeterThread: Thread finished: Agent search 2-773
2026-10-09 14:40:56,092 INFO o.a.j.t.JMeterThread: Thread started: Agent search 2-774
2026-10-09 14:40:56,119 INFO o.a.j.t.JMeterThread: Thread is done: Agent search 2-774
2026-10-09 14:40:56,119 INFO o.a.j.t.JMeterThread: Thread finished: Agent search 2-774
2026-10-09 14:40:58,047 INFO o.a.j.t.JMeterThread: Thread started: Agent search 2-775
2026-10-09 14:40:58,072 INFO o.a.j.t.JMeterThread: Thread is done: Agent search 2-775
2026-10-09 14:40:58,072 INFO o.a.j.t.JMeterThread: Thread finished: Agent search 2-775
2026-10-09 14:40:59,860 INFO o.a.j.t.JMeterThread: Thread started: Agent search 2-776
2026-10-09 14:40:59,887 INFO o.a.j.t.JMeterThread: Thread is done: Agent search 2-776
2026-10-09 14:40:59,887 INFO o.a.j.t.JMeterThread: Thread finished: Agent search 2-776
2026-10-09 14:41:00,277 INFO o.a.j.t.JMeterThread: Thread started: Agent search 2-777
2026-10-09 14:41:00,311 INFO o.a.j.r.Summariser: summary +      9 in 00:00:29 =    0.3/s Avg: 63294 Min:    22 Max: 569429 Err:     0 (0.00%) Active: 35 Started: 971 Finished: 936
2026-10-09 14:41:00,311 INFO o.a.j.r.Summariser: summary =    937 in 00:58:51 =    0.3/s Avg: 97825 Min:    17 Max: 613333 Err:   117 (12.49%)
2026-10-09 14:41:00,311 INFO o.a.j.t.JMeterThread: Thread is done: Agent search 2-777
2026-10-09 14:41:00,311 INFO o.a.j.t.JMeterThread: Thread finished: Agent search 2-777
2026-10-09 14:41:02,367 INFO o.a.j.t.JMeterThread: Thread is done: Ticket intake 1-161
2026-10-09 14:41:02,367 INFO o.a.j.t.JMeterThread: Thread finished: Ticket intake 1-161
2026-10-09 14:41:03,130 INFO o.a.j.t.JMeterThread: Thread started: Agent search 2-778
2026-10-09 14:41:03,152 INFO o.a.j.t.JMeterThread: Thread is done: Agent search 2-778
2026-10-09 14:41:03,152 INFO o.a.j.t.JMeterThread: Thread finished: Agent search 2-778
2026-10-09 14:41:04,214 INFO o.a.j.t.JMeterThread: Thread started: Agent search 2-779
2026-10-09 14:41:04,243 INFO o.a.j.t.JMeterThread: Thread is done: Agent search 2-779
2026-10-09 14:41:04,243 INFO o.a.j.t.JMeterThread: Thread finished: Agent search 2-779
2026-10-09 14:41:09,151 INFO o.a.j.t.JMeterThread: Thread started: Agent search 2-780
2026-10-09 14:41:09,174 INFO o.a.j.t.JMeterThread: Thread is done: Agent search 2-780
2026-10-09 14:41:09,174 INFO o.a.j.t.JMeterThread: Thread finished: Agent search 2-780
2026-10-09 14:41:10,435 INFO o.a.j.t.JMeterThread: Thread started: Agent search 2-781
2026-10-09 14:41:10,461 INFO o.a.j.t.JMeterThread: Thread is done: Agent search 2-781
2026-10-09 14:41:10,461 INFO o.a.j.t.JMeterThread: Thread finished: Agent search 2-781
2026-10-09 14:41:13,007 INFO o.a.j.t.JMeterThread: Thread started: Agent search 2-782
2026-10-09 14:41:13,046 INFO o.a.j.t.JMeterThread: Thread is done: Agent search 2-782
2026-10-09 14:41:13,046 INFO o.a.j.t.JMeterThread: Thread finished: Agent search 2-782
2026-10-09 14:41:14,402 INFO o.a.j.t.JMeterThread: Thread started: Agent search 2-783
2026-10-09 14:41:14,428 INFO o.a.j.t.JMeterThread: Thread is done: Agent search 2-783
2026-10-09 14:41:14,428 INFO o.a.j.t.JMeterThread: Thread finished: Agent search 2-783
2026-10-09 14:41:16,339 INFO o.a.j.t.JMeterThread: Thread started: Agent search 2-784
2026-10-09 14:41:16,369 INFO o.a.j.t.JMeterThread: Thread is done: Agent search 2-784
2026-10-09 14:41:16,369 INFO o.a.j.t.JMeterThread: Thread finished: Agent search 2-784
2026-10-09 14:41:20,142 INFO o.a.j.t.JMeterThread: Thread started: Agent search 2-785
2026-10-09 14:41:20,166 INFO o.a.j.t.JMeterThread: Thread is done: Agent search 2-785
2026-10-09 14:41:20,166 INFO o.a.j.t.JMeterThread: Thread finished: Agent search 2-785
2026-10-09 14:41:21,986 INFO o.a.j.t.JMeterThread: Thread started: Agent search 2-786
2026-10-09 14:41:22,010 INFO o.a.j.t.JMeterThread: Thread is done: Agent search 2-786
2026-10-09 14:41:22,010 INFO o.a.j.t.JMeterThread: Thread finished: Agent search 2-786
2026-10-09 14:41:23,088 INFO o.a.j.t.JMeterThread: Thread started: Agent search 2-787
2026-10-09 14:41:23,120 INFO o.a.j.t.JMeterThread: Thread is done: Agent search 2-787
2026-10-09 14:41:23,120 INFO o.a.j.t.JMeterThread: Thread finished: Agent search 2-787
2026-10-09 14:41:24,179 INFO o.a.j.t.JMeterThread: Thread started: Ticket intake 1-195
2026-10-09 14:41:25,346 INFO o.a.j.t.JMeterThread: Thread started: Agent search 2-788
2026-10-09 14:41:25,387 INFO o.a.j.t.JMeterThread: Thread is done: Agent search 2-788
2026-10-09 14:41:25,387 INFO o.a.j.t.JMeterThread: Thread finished: Agent search 2-788
2026-10-09 14:41:26,664 INFO o.a.j.t.JMeterThread: Thread started: Agent search 2-789
2026-10-09 14:41:26,687 INFO o.a.j.t.JMeterThread: Thread is done: Agent search 2-789
2026-10-09 14:41:26,687 INFO o.a.j.t.JMeterThread: Thread finished: Agent search 2-789
2026-10-09 14:41:28,253 INFO o.a.j.t.JMeterThread: Thread started: Agent search 2-790
2026-10-09 14:41:28,276 INFO o.a.j.t.JMeterThread: Thread started: Agent search 2-791
2026-10-09 14:41:28,283 INFO o.a.j.t.JMeterThread: Thread is done: Agent search 2-790
2026-10-09 14:41:28,283 INFO o.a.j.t.JMeterThread: Thread finished: Agent search 2-790
2026-10-09 14:41:28,301 INFO o.a.j.t.JMeterThread: Thread is done: Agent search 2-791
2026-10-09 14:41:28,301 INFO o.a.j.t.JMeterThread: Thread finished: Agent search 2-791
2026-10-09 14:41:29,414 INFO o.a.j.t.JMeterThread: Thread started: Agent search 2-792
2026-10-09 14:41:29,438 INFO o.a.j.t.JMeterThread: Thread is done: Agent search 2-792
2026-10-09 14:41:29,438 INFO o.a.j.t.JMeterThread: Thread finished: Agent search 2-792
2026-10-09 14:41:30,703 INFO o.a.j.t.JMeterThread: Thread started: Agent search 2-793
2026-10-09 14:41:30,730 INFO o.a.j.r.Summariser: summary +     17 in 00:00:30 =    0.6/s Avg: 33100 Min:    22 Max: 562284 Err:     0 (0.00%) Active: 35 Started: 988 Finished: 953
2026-10-09 14:41:30,730 INFO o.a.j.r.Summariser: summary =    954 in 00:59:22 =    0.3/s Avg: 96672 Min:    17 Max: 613333 Err:   117 (12.26%)
2026-10-09 14:41:30,730 INFO o.a.j.t.JMeterThread: Thread is done: Agent search 2-793
2026-10-09 14:41:30,730 INFO o.a.j.t.JMeterThread: Thread finished: Agent search 2-793
2026-10-09 14:41:37,581 INFO o.a.j.t.JMeterThread: Thread started: Agent search 2-794
2026-10-09 14:41:37,605 INFO o.a.j.t.JMeterThread: Thread is done: Agent search 2-794
2026-10-09 14:41:37,605 INFO o.a.j.t.JMeterThread: Thread finished: Agent search 2-794
2026-10-09 14:41:47,320 INFO o.a.j.t.JMeterThread: Thread is done: Ticket intake 1-162
2026-10-09 14:41:47,321 INFO o.a.j.t.JMeterThread: Thread finished: Ticket intake 1-162
2026-10-09 14:41:48,014 INFO o.a.j.t.JMeterThread: Thread started: Agent search 2-795
2026-10-09 14:41:48,046 INFO o.a.j.t.JMeterThread: Thread is done: Agent search 2-795
2026-10-09 14:41:48,046 INFO o.a.j.t.JMeterThread: Thread finished: Agent search 2-795
2026-10-09 14:41:48,786 INFO o.a.j.t.JMeterThread: Thread started: Agent search 2-796
2026-10-09 14:41:48,823 INFO o.a.j.t.JMeterThread: Thread is done: Agent search 2-796
2026-10-09 14:41:48,823 INFO o.a.j.t.JMeterThread: Thread finished: Agent search 2-796
2026-10-09 14:41:56,128 INFO o.a.j.t.JMeterThread: Thread is done: Ticket intake 1-163
2026-10-09 14:41:56,128 INFO o.a.j.t.JMeterThread: Thread finished: Ticket intake 1-163
2026-10-09 14:41:56,600 INFO o.a.j.t.JMeterThread: Thread started: Agent search 2-797
2026-10-09 14:41:56,626 INFO o.a.j.t.JMeterThread: Thread is done: Agent search 2-797
2026-10-09 14:41:56,626 INFO o.a.j.t.JMeterThread: Thread finished: Agent search 2-797
2026-10-09 14:41:57,261 INFO o.a.j.t.JMeterThread: Thread started: Ticket intake 1-196
2026-10-09 14:41:59,104 INFO o.a.j.t.JMeterThread: Thread is done: Ticket intake 1-164
2026-10-09 14:41:59,104 INFO o.a.j.t.JMeterThread: Thread finished: Ticket intake 1-164
2026-10-09 14:41:59,246 INFO o.a.j.t.JMeterThread: Thread started: Agent search 2-798
2026-10-09 14:41:59,269 INFO o.a.j.t.JMeterThread: Thread is done: Agent search 2-798
2026-10-09 14:41:59,269 INFO o.a.j.t.JMeterThread: Thread finished: Agent search 2-798
2026-10-09 14:42:02,125 INFO o.a.j.t.JMeterThread: Thread started: Agent search 2-799
2026-10-09 14:42:02,148 INFO o.a.j.r.Summariser: summary +      9 in 00:00:31 =    0.3/s Avg: 199387 Min:    21 Max: 600212 Err:     2 (22.22%) Active: 33 Started: 995 Finished: 962
2026-10-09 14:42:02,149 INFO o.a.j.r.Summariser: summary =    963 in 00:59:53 =    0.3/s Avg: 97632 Min:    17 Max: 613333 Err:   119 (12.36%)
2026-10-09 14:42:02,149 INFO o.a.j.t.JMeterThread: Thread is done: Agent search 2-799
2026-10-09 14:42:02,149 INFO o.a.j.t.JMeterThread: Thread finished: Agent search 2-799
2026-10-09 14:42:04,430 INFO o.a.j.t.JMeterThread: Thread started: Ticket intake 1-197
2026-10-09 14:42:05,413 INFO o.a.j.t.o.OpenModelThreadGroup: There will be no more events, so will wait for 3 sec till the end of the schedule
2026-10-09 14:42:05,413 INFO o.a.j.t.JMeterThread: Thread started: Agent search 2-800
2026-10-09 14:42:05,443 INFO o.a.j.t.JMeterThread: Thread is done: Agent search 2-800
2026-10-09 14:42:05,443 INFO o.a.j.t.JMeterThread: Thread finished: Agent search 2-800
2026-10-09 14:42:08,162 INFO o.a.j.t.o.OpenModelThreadGroup: There will be no more events, so will wait for 0 sec till the end of the schedule
2026-10-09 14:42:08,162 INFO o.a.j.t.JMeterThread: Thread started: Ticket intake 1-198
2026-10-09 14:42:08,997 INFO o.a.j.t.o.OpenModelThreadGroup: There will be no more events, will shutdown the thread pool
2026-10-09 14:42:08,997 INFO o.a.j.t.o.OpenModelThreadGroup: Test schedule finished, however, there are 34 thread(s) still running. Will interrupt the threads. If you want to keep some time for the threads to complete, consider adding pause(10 min) at the end of the schedule.
2026-10-09 14:42:08,997 INFO o.a.j.t.o.OpenModelThreadGroup: Thread starting done
2026-10-09 14:42:08,998 INFO o.a.j.t.o.OpenModelThreadGroup: Terminating thread org.apache.jmeter.threads.JMeterThread@2a2f4bad
2026-10-09 14:42:08,998 INFO o.a.j.t.JMeterThread: Stopping: Ticket intake 1-168
2026-10-09 14:42:08,998 WARN o.a.j.t.JMeterThread: Interrupting: Ticket intake 1-168 sampler: POST /tickets
2026-10-09 14:42:08,998 INFO o.a.j.t.o.OpenModelThreadGroup: Terminating thread org.apache.jmeter.threads.JMeterThread@54c53c07
2026-10-09 14:42:08,998 INFO o.a.j.t.JMeterThread: Stopping: Ticket intake 1-195
2026-10-09 14:42:08,998 WARN o.a.j.t.JMeterThread: Interrupting: Ticket intake 1-195 sampler: POST /tickets
2026-10-09 14:42:08,998 INFO o.a.j.t.o.OpenModelThreadGroup: Terminating thread org.apache.jmeter.threads.JMeterThread@284b54cc
2026-10-09 14:42:08,998 INFO o.a.j.t.JMeterThread: Stopping: Ticket intake 1-190
2026-10-09 14:42:08,998 WARN o.a.j.t.JMeterThread: Interrupting: Ticket intake 1-190 sampler: POST /tickets
2026-10-09 14:42:08,998 INFO o.a.j.t.o.OpenModelThreadGroup: Terminating thread org.apache.jmeter.threads.JMeterThread@17a7526f
2026-10-09 14:42:08,998 INFO o.a.j.t.JMeterThread: Stopping: Ticket intake 1-165
2026-10-09 14:42:08,998 WARN o.a.j.t.JMeterThread: Interrupting: Ticket intake 1-165 sampler: POST /tickets
2026-10-09 14:42:08,998 INFO o.a.j.t.o.OpenModelThreadGroup: Terminating thread org.apache.jmeter.threads.JMeterThread@50402788
2026-10-09 14:42:08,998 INFO o.a.j.t.JMeterThread: Stopping: Ticket intake 1-183
2026-10-09 14:42:08,998 WARN o.a.j.t.JMeterThread: Interrupting: Ticket intake 1-183 sampler: POST /tickets
2026-10-09 14:42:08,998 INFO o.a.j.t.o.OpenModelThreadGroup: Terminating thread org.apache.jmeter.threads.JMeterThread@903158d
2026-10-09 14:42:08,998 INFO o.a.j.t.JMeterThread: Stopping: Ticket intake 1-181
2026-10-09 14:42:08,998 WARN o.a.j.t.JMeterThread: Interrupting: Ticket intake 1-181 sampler: POST /tickets
2026-10-09 14:42:08,998 INFO o.a.j.t.o.OpenModelThreadGroup: Terminating thread org.apache.jmeter.threads.JMeterThread@3143b693
2026-10-09 14:42:08,998 INFO o.a.j.t.JMeterThread: Stopping: Ticket intake 1-175
2026-10-09 14:42:08,998 WARN o.a.j.t.JMeterThread: Interrupting: Ticket intake 1-175 sampler: POST /tickets
2026-10-09 14:42:08,998 INFO o.a.j.t.o.OpenModelThreadGroup: Terminating thread org.apache.jmeter.threads.JMeterThread@5dc32212
2026-10-09 14:42:08,998 INFO o.a.j.t.JMeterThread: Stopping: Ticket intake 1-184
2026-10-09 14:42:08,998 WARN o.a.j.t.JMeterThread: Interrupting: Ticket intake 1-184 sampler: POST /tickets
2026-10-09 14:42:08,999 INFO o.a.j.t.o.OpenModelThreadGroup: Terminating thread org.apache.jmeter.threads.JMeterThread@15b6a0e4
2026-10-09 14:42:08,999 INFO o.a.j.t.JMeterThread: Stopping: Ticket intake 1-178
2026-10-09 14:42:08,999 WARN o.a.j.t.JMeterThread: Interrupting: Ticket intake 1-178 sampler: POST /tickets
2026-10-09 14:42:08,999 INFO o.a.j.t.o.OpenModelThreadGroup: Terminating thread org.apache.jmeter.threads.JMeterThread@187c8c2e
2026-10-09 14:42:08,999 INFO o.a.j.t.JMeterThread: Stopping: Ticket intake 1-187
2026-10-09 14:42:08,999 WARN o.a.j.t.JMeterThread: Interrupting: Ticket intake 1-187 sampler: POST /tickets
2026-10-09 14:42:08,999 INFO o.a.j.t.o.OpenModelThreadGroup: Terminating thread org.apache.jmeter.threads.JMeterThread@d2dda3f
2026-10-09 14:42:08,999 INFO o.a.j.t.JMeterThread: Stopping: Ticket intake 1-194
2026-10-09 14:42:08,999 WARN o.a.j.t.JMeterThread: Interrupting: Ticket intake 1-194 sampler: POST /tickets
2026-10-09 14:42:08,999 INFO o.a.j.t.o.OpenModelThreadGroup: Terminating thread org.apache.jmeter.threads.JMeterThread@7df67662
2026-10-09 14:42:08,999 INFO o.a.j.t.JMeterThread: Stopping: Ticket intake 1-182
2026-10-09 14:42:08,999 WARN o.a.j.t.JMeterThread: Interrupting: Ticket intake 1-182 sampler: POST /tickets
2026-10-09 14:42:08,999 INFO o.a.j.t.JMeterThread: Thread is done: Ticket intake 1-190
2026-10-09 14:42:08,999 INFO o.a.j.t.JMeterThread: Thread is done: Ticket intake 1-178
2026-10-09 14:42:08,999 INFO o.a.j.t.JMeterThread: Thread is done: Ticket intake 1-187
2026-10-09 14:42:08,999 INFO o.a.j.t.JMeterThread: Thread finished: Ticket intake 1-190
2026-10-09 14:42:08,999 INFO o.a.j.t.JMeterThread: Thread finished: Ticket intake 1-178
2026-10-09 14:42:08,999 INFO o.a.j.t.JMeterThread: Thread finished: Ticket intake 1-187
2026-10-09 14:42:08,999 INFO o.a.j.t.JMeterThread: Thread is done: Ticket intake 1-175
2026-10-09 14:42:08,999 INFO o.a.j.t.JMeterThread: Thread is done: Ticket intake 1-165
2026-10-09 14:42:08,999 INFO o.a.j.t.JMeterThread: Thread finished: Ticket intake 1-175
2026-10-09 14:42:08,999 INFO o.a.j.t.JMeterThread: Thread finished: Ticket intake 1-165
2026-10-09 14:42:08,999 INFO o.a.j.t.JMeterThread: Thread is done: Ticket intake 1-184
2026-10-09 14:42:08,999 INFO o.a.j.t.JMeterThread: Thread finished: Ticket intake 1-184
2026-10-09 14:42:08,999 INFO o.a.j.t.JMeterThread: Thread is done: Ticket intake 1-181
2026-10-09 14:42:08,999 INFO o.a.j.t.JMeterThread: Thread finished: Ticket intake 1-181
2026-10-09 14:42:08,999 INFO o.a.j.t.JMeterThread: Thread is done: Ticket intake 1-183
2026-10-09 14:42:08,999 INFO o.a.j.t.JMeterThread: Thread is done: Ticket intake 1-168
2026-10-09 14:42:08,999 INFO o.a.j.t.JMeterThread: Thread is done: Ticket intake 1-194
2026-10-09 14:42:08,999 INFO o.a.j.t.JMeterThread: Thread finished: Ticket intake 1-168
2026-10-09 14:42:08,999 INFO o.a.j.t.JMeterThread: Thread finished: Ticket intake 1-194
2026-10-09 14:42:08,999 INFO o.a.j.t.o.OpenModelThreadGroup: Terminating thread org.apache.jmeter.threads.JMeterThread@a73dea4
2026-10-09 14:42:08,999 INFO o.a.j.t.JMeterThread: Thread finished: Ticket intake 1-183
2026-10-09 14:42:08,999 INFO o.a.j.t.JMeterThread: Stopping: Ticket intake 1-174
2026-10-09 14:42:08,999 INFO o.a.j.t.JMeterThread: Thread is done: Ticket intake 1-195
2026-10-09 14:42:08,999 INFO o.a.j.t.JMeterThread: Thread finished: Ticket intake 1-195
2026-10-09 14:42:08,999 WARN o.a.j.t.JMeterThread: Interrupting: Ticket intake 1-174 sampler: POST /tickets
2026-10-09 14:42:08,999 INFO o.a.j.t.o.OpenModelThreadGroup: Terminating thread org.apache.jmeter.threads.JMeterThread@5ac61b4
2026-10-09 14:42:08,999 INFO o.a.j.t.JMeterThread: Stopping: Ticket intake 1-185
2026-10-09 14:42:08,999 WARN o.a.j.t.JMeterThread: Interrupting: Ticket intake 1-185 sampler: POST /tickets
2026-10-09 14:42:08,999 INFO o.a.j.t.o.OpenModelThreadGroup: Terminating thread org.apache.jmeter.threads.JMeterThread@20319ee9
2026-10-09 14:42:08,999 INFO o.a.j.t.JMeterThread: Stopping: Ticket intake 1-197
2026-10-09 14:42:08,999 WARN o.a.j.t.JMeterThread: Interrupting: Ticket intake 1-197 sampler: POST /tickets
2026-10-09 14:42:08,999 INFO o.a.j.t.JMeterThread: Thread is done: Ticket intake 1-182
2026-10-09 14:42:08,999 INFO o.a.j.t.JMeterThread: Thread finished: Ticket intake 1-182
2026-10-09 14:42:08,999 INFO o.a.j.t.o.OpenModelThreadGroup: Terminating thread org.apache.jmeter.threads.JMeterThread@6d02cd59
2026-10-09 14:42:08,999 INFO o.a.j.t.JMeterThread: Stopping: Ticket intake 1-176
2026-10-09 14:42:08,999 WARN o.a.j.t.JMeterThread: Interrupting: Ticket intake 1-176 sampler: POST /tickets
2026-10-09 14:42:08,999 INFO o.a.j.t.o.OpenModelThreadGroup: Terminating thread org.apache.jmeter.threads.JMeterThread@3742051e
2026-10-09 14:42:08,999 INFO o.a.j.t.JMeterThread: Stopping: Ticket intake 1-167
2026-10-09 14:42:08,999 WARN o.a.j.t.JMeterThread: Interrupting: Ticket intake 1-167 sampler: POST /tickets
2026-10-09 14:42:09,000 INFO o.a.j.t.o.OpenModelThreadGroup: Terminating thread org.apache.jmeter.threads.JMeterThread@77b540d4
2026-10-09 14:42:09,000 INFO o.a.j.t.JMeterThread: Stopping: Ticket intake 1-186
2026-10-09 14:42:09,000 WARN o.a.j.t.JMeterThread: Interrupting: Ticket intake 1-186 sampler: POST /tickets
2026-10-09 14:42:09,000 INFO o.a.j.t.JMeterThread: Thread is done: Ticket intake 1-197
2026-10-09 14:42:09,000 INFO o.a.j.t.JMeterThread: Thread finished: Ticket intake 1-197
2026-10-09 14:42:09,000 INFO o.a.j.t.o.OpenModelThreadGroup: Terminating thread org.apache.jmeter.threads.JMeterThread@473ce258
2026-10-09 14:42:09,000 INFO o.a.j.t.JMeterThread: Stopping: Ticket intake 1-171
2026-10-09 14:42:09,000 WARN o.a.j.t.JMeterThread: Interrupting: Ticket intake 1-171 sampler: POST /tickets
2026-10-09 14:42:09,000 INFO o.a.j.t.JMeterThread: Thread is done: Ticket intake 1-176
2026-10-09 14:42:09,000 INFO o.a.j.t.JMeterThread: Thread is done: Ticket intake 1-185
2026-10-09 14:42:09,000 INFO o.a.j.t.JMeterThread: Thread is done: Ticket intake 1-174
2026-10-09 14:42:09,000 INFO o.a.j.t.JMeterThread: Thread finished: Ticket intake 1-185
2026-10-09 14:42:09,000 INFO o.a.j.t.JMeterThread: Thread finished: Ticket intake 1-174
2026-10-09 14:42:09,000 INFO o.a.j.t.JMeterThread: Thread finished: Ticket intake 1-176
2026-10-09 14:42:09,000 INFO o.a.j.t.JMeterThread: Thread is done: Ticket intake 1-167
2026-10-09 14:42:09,000 INFO o.a.j.t.o.OpenModelThreadGroup: Terminating thread org.apache.jmeter.threads.JMeterThread@76d73af2
2026-10-09 14:42:09,000 INFO o.a.j.t.JMeterThread: Thread finished: Ticket intake 1-167
2026-10-09 14:42:09,000 INFO o.a.j.t.JMeterThread: Stopping: Ticket intake 1-189
2026-10-09 14:42:09,000 WARN o.a.j.t.JMeterThread: Interrupting: Ticket intake 1-189 sampler: POST /tickets
2026-10-09 14:42:09,000 INFO o.a.j.t.o.OpenModelThreadGroup: Terminating thread org.apache.jmeter.threads.JMeterThread@7bb0a016
2026-10-09 14:42:09,000 INFO o.a.j.t.JMeterThread: Stopping: Ticket intake 1-192
2026-10-09 14:42:09,000 WARN o.a.j.t.JMeterThread: Interrupting: Ticket intake 1-192 sampler: POST /tickets
2026-10-09 14:42:09,000 INFO o.a.j.t.o.OpenModelThreadGroup: Terminating thread org.apache.jmeter.threads.JMeterThread@5953dcf4
2026-10-09 14:42:09,000 INFO o.a.j.t.JMeterThread: Stopping: Ticket intake 1-191
2026-10-09 14:42:09,000 WARN o.a.j.t.JMeterThread: Interrupting: Ticket intake 1-191 sampler: POST /tickets
2026-10-09 14:42:09,000 INFO o.a.j.t.JMeterThread: Thread is done: Ticket intake 1-171
2026-10-09 14:42:09,000 INFO o.a.j.t.JMeterThread: Thread finished: Ticket intake 1-171
2026-10-09 14:42:09,000 INFO o.a.j.t.o.OpenModelThreadGroup: Terminating thread org.apache.jmeter.threads.JMeterThread@732aed9
2026-10-09 14:42:09,000 INFO o.a.j.t.JMeterThread: Thread is done: Ticket intake 1-186
2026-10-09 14:42:09,000 INFO o.a.j.t.JMeterThread: Stopping: Ticket intake 1-193
2026-10-09 14:42:09,001 INFO o.a.j.t.JMeterThread: Thread finished: Ticket intake 1-186
2026-10-09 14:42:09,001 WARN o.a.j.t.JMeterThread: Interrupting: Ticket intake 1-193 sampler: POST /tickets
2026-10-09 14:42:09,001 INFO o.a.j.t.JMeterThread: Thread is done: Ticket intake 1-189
2026-10-09 14:42:09,001 INFO o.a.j.t.JMeterThread: Thread finished: Ticket intake 1-189
2026-10-09 14:42:09,001 INFO o.a.j.t.o.OpenModelThreadGroup: Terminating thread org.apache.jmeter.threads.JMeterThread@3475df59
2026-10-09 14:42:09,001 INFO o.a.j.t.JMeterThread: Stopping: Ticket intake 1-169
2026-10-09 14:42:09,001 WARN o.a.j.t.JMeterThread: Interrupting: Ticket intake 1-169 sampler: POST /tickets
2026-10-09 14:42:09,001 INFO o.a.j.t.o.OpenModelThreadGroup: Terminating thread org.apache.jmeter.threads.JMeterThread@5cb41dd8
2026-10-09 14:42:09,001 INFO o.a.j.t.JMeterThread: Stopping: Ticket intake 1-196
2026-10-09 14:42:09,001 WARN o.a.j.t.JMeterThread: Interrupting: Ticket intake 1-196 sampler: POST /tickets
2026-10-09 14:42:09,001 INFO o.a.j.t.JMeterThread: Thread is done: Ticket intake 1-192
2026-10-09 14:42:09,001 INFO o.a.j.t.JMeterThread: Thread is done: Ticket intake 1-191
2026-10-09 14:42:09,001 INFO o.a.j.t.o.OpenModelThreadGroup: Terminating thread org.apache.jmeter.threads.JMeterThread@250d52a0
2026-10-09 14:42:09,001 INFO o.a.j.t.JMeterThread: Thread finished: Ticket intake 1-191
2026-10-09 14:42:09,001 INFO o.a.j.t.JMeterThread: Thread is done: Ticket intake 1-193
2026-10-09 14:42:09,001 INFO o.a.j.t.JMeterThread: Stopping: Ticket intake 1-188
2026-10-09 14:42:09,001 INFO o.a.j.t.JMeterThread: Thread is done: Ticket intake 1-169
2026-10-09 14:42:09,001 INFO o.a.j.t.JMeterThread: Thread finished: Ticket intake 1-193
2026-10-09 14:42:09,001 INFO o.a.j.t.JMeterThread: Thread finished: Ticket intake 1-192
2026-10-09 14:42:09,001 INFO o.a.j.t.JMeterThread: Thread finished: Ticket intake 1-169
2026-10-09 14:42:09,001 WARN o.a.j.t.JMeterThread: Interrupting: Ticket intake 1-188 sampler: POST /tickets
2026-10-09 14:42:09,001 INFO o.a.j.t.JMeterThread: Thread is done: Ticket intake 1-196
2026-10-09 14:42:09,001 INFO o.a.j.t.JMeterThread: Thread finished: Ticket intake 1-196
2026-10-09 14:42:09,001 INFO o.a.j.t.o.OpenModelThreadGroup: Terminating thread org.apache.jmeter.threads.JMeterThread@1de40e8a
2026-10-09 14:42:09,001 INFO o.a.j.t.JMeterThread: Stopping: Ticket intake 1-172
2026-10-09 14:42:09,001 WARN o.a.j.t.JMeterThread: Interrupting: Ticket intake 1-172 sampler: POST /tickets
2026-10-09 14:42:09,001 INFO o.a.j.t.o.OpenModelThreadGroup: Terminating thread org.apache.jmeter.threads.JMeterThread@401e046a
2026-10-09 14:42:09,001 INFO o.a.j.t.JMeterThread: Stopping: Ticket intake 1-170
2026-10-09 14:42:09,001 WARN o.a.j.t.JMeterThread: Interrupting: Ticket intake 1-170 sampler: POST /tickets
2026-10-09 14:42:09,001 INFO o.a.j.t.o.OpenModelThreadGroup: Terminating thread org.apache.jmeter.threads.JMeterThread@48eb775e
2026-10-09 14:42:09,001 INFO o.a.j.t.JMeterThread: Stopping: Ticket intake 1-180
2026-10-09 14:42:09,001 WARN o.a.j.t.JMeterThread: Interrupting: Ticket intake 1-180 sampler: POST /tickets
2026-10-09 14:42:09,001 INFO o.a.j.t.JMeterThread: Thread is done: Ticket intake 1-188
2026-10-09 14:42:09,001 INFO o.a.j.t.o.OpenModelThreadGroup: Terminating thread org.apache.jmeter.threads.JMeterThread@76335ac5
2026-10-09 14:42:09,001 INFO o.a.j.t.JMeterThread: Thread finished: Ticket intake 1-188
2026-10-09 14:42:09,001 INFO o.a.j.t.JMeterThread: Stopping: Ticket intake 1-177
2026-10-09 14:42:09,001 WARN o.a.j.t.JMeterThread: Interrupting: Ticket intake 1-177 sampler: POST /tickets
2026-10-09 14:42:09,001 INFO o.a.j.t.o.OpenModelThreadGroup: Terminating thread org.apache.jmeter.threads.JMeterThread@776c5055
2026-10-09 14:42:09,001 INFO o.a.j.t.JMeterThread: Stopping: Ticket intake 1-173
2026-10-09 14:42:09,001 WARN o.a.j.t.JMeterThread: Interrupting: Ticket intake 1-173 sampler: POST /tickets
2026-10-09 14:42:09,001 INFO o.a.j.t.JMeterThread: Thread is done: Ticket intake 1-172
2026-10-09 14:42:09,001 INFO o.a.j.t.o.OpenModelThreadGroup: Terminating thread org.apache.jmeter.threads.JMeterThread@67b6300c
2026-10-09 14:42:09,001 INFO o.a.j.t.JMeterThread: Thread finished: Ticket intake 1-172
2026-10-09 14:42:09,001 INFO o.a.j.t.JMeterThread: Stopping: Ticket intake 1-198
2026-10-09 14:42:09,001 WARN o.a.j.t.JMeterThread: Interrupting: Ticket intake 1-198 sampler: POST /tickets
2026-10-09 14:42:09,001 INFO o.a.j.t.JMeterThread: Thread is done: Ticket intake 1-170
2026-10-09 14:42:09,001 INFO o.a.j.t.JMeterThread: Thread finished: Ticket intake 1-170
2026-10-09 14:42:09,001 INFO o.a.j.t.JMeterThread: Thread is done: Ticket intake 1-180
2026-10-09 14:42:09,001 INFO o.a.j.t.o.OpenModelThreadGroup: Terminating thread org.apache.jmeter.threads.JMeterThread@6fd4746b
2026-10-09 14:42:09,001 INFO o.a.j.t.JMeterThread: Stopping: Ticket intake 1-166
2026-10-09 14:42:09,001 INFO o.a.j.t.JMeterThread: Thread finished: Ticket intake 1-180
2026-10-09 14:42:09,001 WARN o.a.j.t.JMeterThread: Interrupting: Ticket intake 1-166 sampler: POST /tickets
2026-10-09 14:42:09,001 INFO o.a.j.t.o.OpenModelThreadGroup: Terminating thread org.apache.jmeter.threads.JMeterThread@4395faaa
2026-10-09 14:42:09,002 INFO o.a.j.t.JMeterThread: Stopping: Ticket intake 1-179
2026-10-09 14:42:09,002 WARN o.a.j.t.JMeterThread: Interrupting: Ticket intake 1-179 sampler: POST /tickets
2026-10-09 14:42:09,002 INFO o.a.j.t.JMeterThread: Thread is done: Ticket intake 1-177
2026-10-09 14:42:09,002 INFO o.a.j.t.JMeterThread: Thread finished: Ticket intake 1-177
2026-10-09 14:42:09,002 INFO o.a.j.t.JMeterThread: Thread is done: Ticket intake 1-198
2026-10-09 14:42:09,002 INFO o.a.j.t.JMeterThread: Thread finished: Ticket intake 1-198
2026-10-09 14:42:09,002 INFO o.a.j.t.JMeterThread: Thread is done: Ticket intake 1-166
2026-10-09 14:42:09,002 INFO o.a.j.t.JMeterThread: Thread is done: Ticket intake 1-173
2026-10-09 14:42:09,002 INFO o.a.j.t.JMeterThread: Thread finished: Ticket intake 1-166
2026-10-09 14:42:09,002 INFO o.a.j.t.JMeterThread: Thread is done: Ticket intake 1-179
2026-10-09 14:42:09,002 INFO o.a.j.t.JMeterThread: Thread finished: Ticket intake 1-179
2026-10-09 14:42:09,002 INFO o.a.j.t.JMeterThread: Thread finished: Ticket intake 1-173
2026-10-09 14:42:09,002 INFO o.a.j.t.o.OpenModelThreadGroup: Thread starting done
2026-10-09 14:42:09,002 INFO o.a.j.e.StandardJMeterEngine: Notifying test listeners of end of test
2026-10-09 14:42:09,002 INFO o.a.j.s.FileServer: Close: search_terms.txt
2026-10-09 14:42:09,002 INFO o.a.j.s.FileServer: Close: tickets.tsv
2026-10-09 14:42:09,003 INFO o.a.j.r.Summariser: summary +     35 in 00:00:07 =    5.1/s Avg: 316066 Min:    30 Max: 586285 Err:    34 (97.14%) Active: 0 Started: 998 Finished: 998
2026-10-09 14:42:09,003 INFO o.a.j.r.Summariser: summary =    998 in 01:00:00 =    0.3/s Avg: 105292 Min:    17 Max: 613333 Err:   153 (15.33%)
