"(PDH-CSV 4.0) (Malay Peninsula Standard Time)(-480)","\\DESKTOP-PGFAHG3\Processor(_Total)\% Processor Time","\\DESKTOP-PGFAHG3\Process(ollama)\% Processor Time","\\DESKTOP-PGFAHG3\Process(vmmem)\% Processor Time","\\DESKTOP-PGFAHG3\Process(vmmemWSL)\% Processor Time"
"10/08/2026 19:11:04.736"," "," "," "," "
"10/08/2026 19:11:09.777","60.197980969169108789","0","0","1.246857171812728815"
"10/08/2026 19:11:14.787","59.560387954439363511","0","0","2.1832907028565209373"
"10/08/2026 19:11:19.816","57.728236333811899783","0","0.31067901089983257501","1.2427160435993303"
"10/08/2026 19:11:24.841","59.557403121621497633","0","0","4.0423163908750492368"
"10/08/2026 19:11:29.860","61.440456023940569708","0","0","1.5563892423013068189"
"10/08/2026 19:11:34.878","59.197659832042567984","0","0","1.2455758391768279036"
"10/08/2026 19:11:39.893","59.077549890239488661","0","0.31156754687705728868","2.4925403750164583094"
"10/08/2026 19:11:44.918","57.900642355054543486","0","0.31098324762601858851","1.865899485756111309"
"10/08/2026 19:11:49.931","58.434043445049134391","0","0","1.558236478007793302"
"10/08/2026 19:11:54.951","58.474108182690024194","0","0","2.4901916331951707839"
"10/08/2026 19:11:59.968","59.86925307304614563","0","0","1.5573416173608156665"
"10/08/2026 19:12:04.997","59.591913071690569836","0","0","1.5534104054219222135"
"10/08/2026 19:12:10.019","58.728326712621381489","0.31111744385828477011","0","2.1778221070079935018"
"10/08/2026 19:12:15.038","57.989937423213625323","0","0","0.62265954729363270914"
"10/08/2026 19:12:20.050","59.636672243184321474","0","0.31176116345395371576","1.2470446538158148631"
"10/08/2026 19:12:25.072","59.172989252899398593","0","0","4.3559182033632550812"
"10/08/2026 19:12:30.096","57.881674905126786257","0","0","1.2439191757445233755"
"10/08/2026 19:12:35.113","57.72772836545792785","0","0","1.2458785838096144705"
"10/08/2026 19:12:40.132","59.023531257897367652","0","0.31131220695310285462","1.8678732417186170167"
"10/08/2026 19:12:45.162","59.637984376874321413","0","0","4.9700222175897197374"
"10/08/2026 19:12:50.172","57.373302894410706188","0","0","1.5592756051615985768"
"10/08/2026 19:12:55.190","58.147575505186580358","0","0.31138748103550595303","4.3594247344970833424"
"10/08/2026 19:13:00.217","57.433645904605981514","0","0","2.4867610313564849633"
"10/08/2026 19:13:05.235","61.030581475721270124","0","0","2.8022952736233843751"
"10/08/2026 19:13:10.263","61.786471931587485074","0","0","2.1753063204208809012"
"10/08/2026 19:13:15.286","59.288694771387739024","0","0","2.4885611296825240757"
"10/08/2026 19:13:20.306","59.247499009870260522","0","0","3.4235990239391389522"
"10/08/2026 19:13:25.337","59.213067560655311183","0.62121934603076522929","0.93182901904614778843","4.03792574919997449"
"10/08/2026 19:13:30.349","58.543898742122394196","0","0","1.5585000472886318956"
"10/08/2026 19:13:35.368","59.08029399149399552","0","0","2.1792711158519653125"
"10/08/2026 19:13:40.383","58.151079540102188048","0","0","3.4273662376976745669"
"10/08/2026 19:13:45.400","59.66453049189562563","0.31147080701238893941","0","3.4261788771362788886"
"10/08/2026 19:13:50.424","58.25401341085667184","0","0.31095706215330154443","1.2438282486132061777"
"10/08/2026 19:13:55.440","58.868309036687740843","0","0","2.8037696780518754913"
"10/08/2026 19:14:00.456","59.388286439920200621","0","0","1.2459970103248694251"
"10/08/2026 19:14:05.471","59.459994093674183091","0","0","4.3616527320086708741"
"10/08/2026 19:14:10.494","61.120636081995897371","0","0.31111269250384071539","2.1777888475268851742"
"10/08/2026 19:14:15.517","60.797794749630455158","0.31105146443527137423","0","2.4884117154821709939"
"10/08/2026 19:14:20.537","58.319549316434148523","0","0.62253183558083602378","0.62253183558083602378"
"10/08/2026 19:14:25.554","58.33393879055699216","0","0","2.4915935129828068462"
"10/08/2026 19:14:30.583","58.759220909851769932","0","0","2.4853199605887903445"
"10/08/2026 19:14:35.604","59.35279145409029411","0","0","1.8670488364611395049"
"10/08/2026 19:14:40.629","58.932443172584058289","0","0","0.93291182768204039544"
"10/08/2026 19:14:45.650","58.527767246905405329","0","0","1.5558164923956367964"
"10/08/2026 19:14:50.671","58.269288406401663849","0","0","3.1120548476911560343"
"10/08/2026 19:14:55.692","57.4500374702042933","0","0","2.1785581516377656719"
"10/08/2026 19:15:00.713","57.864764012748182154","0","0","3.422940863331903838"
"10/08/2026 19:15:05.742","57.814918303291115365","0","0","0.93205245167673411721"
"10/08/2026 19:15:10.770","57.119033297290243922","0","0","2.7972182373258416277"
"10/08/2026 19:15:15.785","57.996831325490518338","0","0","1.8694039020311914445"
"10/08/2026 19:15:20.809","58.699775620589889513","0","0","2.1767646755086200727"
"10/08/2026 19:15:25.827","58.370184906133346203","0.31139647938428755003","0","2.8025683144585880058"
"10/08/2026 19:15:30.847","58.877645203896314285","0.31123824637396485526","0.31123824637396485526","3.1123824637396486636"
"10/08/2026 19:15:35.867","59.09628243048680929","0","0.31127681286171487995","1.2451072514468595198"
"10/08/2026 19:15:40.889","58.194266407935280938","0","0","2.4888994586364918682"
"10/08/2026 19:15:45.911","58.157913110696156878","0","0","3.1116588250208994104"
"10/08/2026 19:15:50.931","58.295135827489040992","0","0","1.8673819778736251429"
"10/08/2026 19:15:55.959","58.117192952980353482","0","0","2.485972354078195945"
"10/08/2026 19:16:00.979","59.269517861140542436","0.6225820035629222593","0.31129100178146112965","2.1790370124702280741"
"10/08/2026 19:16:05.995","58.756467178934833839","0","0","1.8689540085405316194"
"10/08/2026 19:16:11.022","57.42966258041401062","0","0","1.8648197253409963814"
"10/08/2026 19:16:16.052","58.334805042783358431","0","0.31064451410436433321","2.4851561128349146657"
"10/08/2026 19:16:21.082","58.229896507641853987","0","0","1.5531527539699478968"
"10/08/2026 19:16:26.093","58.245067377830025634","0","0","3.7418657078124146764"
"10/08/2026 19:16:31.118","60.071934879417341335","0","0","2.48760877293244409"
"10/08/2026 19:16:36.136","59.21889283955110983","0","0","1.5569022203428461992"
"10/08/2026 19:16:41.156","58.126169455830648758","0","0.31125727420700116665","2.4900581936560093332"
"10/08/2026 19:16:46.187","57.154516025644461763","0","0","1.5527242345462053397"
"10/08/2026 19:16:51.210","62.929630852820238829","0","0","1.8666432992791890388"
"10/08/2026 19:16:56.230","61.827463113533397632","0","0","1.8672935302173108152"
"10/08/2026 19:17:01.250","57.732170663307528002","0","0","4.3581099704849863841"
"10/08/2026 19:17:06.270","59.132229397478397459","0","0.31122528968302204389","2.4898023174641763511"
"10/08/2026 19:17:11.294","58.072471596025422969","0.62201244932539212495","0","2.4880497973015684998"
"10/08/2026 19:17:16.319","58.887081608684667344","0","0","1.2437848568218554668"
"10/08/2026 19:17:21.331","58.797097301829673199","0","0.62354830472081346215","2.8059673712436601356"
"10/08/2026 19:17:26.355","58.819651689723819743","0","0","2.7991361960247669316"
"10/08/2026 19:17:31.367","57.737737486087006289","0","0","1.2470192498869949738"
"10/08/2026 19:17:36.393","58.668825069707828845","0.31083375081207181845","0.31083375081207181845","0.93250125243621551085"
"10/08/2026 19:17:41.420","59.268345384441275314","0.31085450411663873016","0.31085450411663873016","0.62170900823327746032"
"10/08/2026 19:17:46.427","58.968933980179791376","0","0","2.4961865259206206247"
"10/08/2026 19:17:51.448","58.627284860072315098","0","0","1.5560965072629622252"
"10/08/2026 19:17:56.466","59.442270592996578671","0","0","4.3593721738812964972"
"10/08/2026 19:18:01.493","58.26094619773081007","0","0","2.1758314510940728326"
"10/08/2026 19:18:06.512","58.226399724527070134","0","0.31130768533899788597","1.8678461120339877599"
"10/08/2026 19:18:11.543","57.507408987247487175","0","0","3.7270797268867532637"
"10/08/2026 19:18:16.570","57.840460540742618889","0","0","2.7970392536439132591"
"10/08/2026 19:18:21.600","58.948065722095485341","0","0.31063180441452625802","1.5531590220726312346"
"10/08/2026 19:18:26.617","58.554346921454957453","0","0","1.5573754560618284781"
"10/08/2026 19:18:31.646","58.78119443724681048","0","0","1.5535944856891328314"
"10/08/2026 19:18:36.659","57.844548429570288306","0.62337083279590455032","0.31168541639795227516","0.93505624919385676996"
"10/08/2026 19:18:41.678","57.699455512565677395","0","0","2.4905564078350277413"
"10/08/2026 19:18:46.696","57.647397730605362653","0.62268929963932639904","0","1.2453785992786527981"
"10/08/2026 19:18:51.707","58.497933128658516466","0","0","3.1182582010390254013"
"10/08/2026 19:18:56.734","58.806943068364759597","0.31081768683728572267","0","2.4865414946982857813"
"10/08/2026 19:19:01.758","58.343951998597120223","0","0","2.4880887726188420928"
"10/08/2026 19:19:06.774","59.69692330936210567","0","0","1.869128171232636193"
"10/08/2026 19:19:11.802","58.260839541868456593","0","0","3.418377051831725133"
"10/08/2026 19:19:16.833","57.732200197040974388","0","0","2.1740498060648190126"
"10/08/2026 19:19:21.849","59.064266766813197762","0","0","1.2457855324594004909"
"10/08/2026 19:19:26.873","58.589769827489071474","0","0.3110627655978317474","1.8663765935869909285"
"10/08/2026 19:19:31.902","58.29908743760127976","0.62138727921414016464","0","3.7283236752848405438"
"10/08/2026 19:19:36.917","59.467860572449538381","0","0","1.5578050559662277585"
"10/08/2026 19:19:41.937","59.074947975451429727","0","0","1.8673027539717976797"
"10/08/2026 19:19:46.961","58.066933998148442697","0","0","2.4883785257710915317"
"10/08/2026 19:19:51.982","58.485980096709312193","0.6223699269258041733","0.31118496346290208665","1.8671097807774126309"
"10/08/2026 19:19:56.998","58.2318839302714224","0","0","1.2459377694153535021"
"10/08/2026 19:20:02.013","58.034575091767926835","0","0.62315247753460545344","2.8041861489057242629"
"10/08/2026 19:20:07.032","58.108814201830149671","0","0","2.4905116983418911225"
"10/08/2026 19:20:12.049","57.553007697309709556","0","0","2.4917290045767881423"
"10/08/2026 19:20:17.068","60.07794130406003319","0.62256620194672962487","0","3.1128310097336480133"
"10/08/2026 19:20:22.088","61.663211543994563613","0","0","2.1790004166547629616"
"10/08/2026 19:20:27.104","58.450249893787109556","0","0.31145280845120071334","4.6717921267680102559"
"10/08/2026 19:20:32.123","57.611161887242509749","0","0","1.8679497226438364077"
"10/08/2026 19:20:37.148","58.655642867496382564","0","0","1.865597240659297773"
"10/08/2026 19:20:42.170","57.903040488706189137","0.31118104048902484049","0","2.8006293644012232313"
"10/08/2026 19:20:47.187","58.703941349147335416","0","0","1.245792038400213908"
"10/08/2026 19:20:52.204","58.7747981910622741","0","0","3.1142739422590293152"
"10/08/2026 19:20:57.222","59.191400303504067892","0.62273493866230233973","0","1.2454698773246046795"
"10/08/2026 19:21:02.247","59.043212471558824461","0","0","0.62188244113434931748"
"10/08/2026 19:21:07.263","58.663800865498430426","0.31153046734076078605","0","1.8691828040445648274"
"10/08/2026 19:21:12.286","58.675899007375583949","0","0","0.62214595520218629598"
"10/08/2026 19:21:17.305","58.188990380510105638","0","0","0.93388947123745935652"
"10/08/2026 19:21:22.318","58.537038658687968962","0","0","2.1817484746710724686"
"10/08/2026 19:21:27.341","57.88134383926751525","0","0","2.1773779794394201303"
"10/08/2026 19:21:32.352","59.181054339339425496","0.31181816592566030666","0.31181816592566030666","0.93545449777698086447"
"10/08/2026 19:21:37.371","59.870921357505380911","0","0","3.4243479697785526028"
"10/08/2026 19:21:42.388","59.292987053944280262","0","0","1.5574179893589228385"
"10/08/2026 19:21:47.399","58.598059637071820305","0.62361125515145299225","0","2.1826393930300858059"
"10/08/2026 19:21:52.417","59.194412226240025632","0","0","3.1134448851908977929"
"10/08/2026 19:21:57.434","57.783383510953690632","0","0","1.55744959589739973"
"10/08/2026 19:22:02.451","58.86329662311749189","0","0","1.8685230265217858125"
"10/08/2026 19:22:07.466","58.74569951061297246","0","0.62314734555283068929","2.1810157094349071905"
"10/08/2026 19:22:12.483","58.086694281256058048","0","0","1.24562409763253501"
"10/08/2026 19:22:17.497","58.492654390202915238","0.93493785889397251765","0","1.2465838118586303196"
"10/08/2026 19:22:22.510","59.862607002173440662","0","0","1.5583554912368358103"
"10/08/2026 19:22:27.518","59.653336737043652249","0","0","2.496071981444240695"
"10/08/2026 19:22:32.541","57.967814162119843502","0","0","3.4216765934606048205"
"10/08/2026 19:22:37.557","58.735909833299857041","0","0.62300110096754568456","2.8035049543539551919"
"10/08/2026 19:22:42.578","58.35883915974975622","0","0","1.5559518389239621605"
"10/08/2026 19:22:47.588","58.134494257169258447","0.62383991976200903196","0","1.8715197592860266518"
"10/08/2026 19:22:52.602","58.35154790050921747","0","0","3.4276956934540989685"
"10/08/2026 19:22:57.619","58.392498315639528528","0","0","3.7373756682253280736"
"10/08/2026 19:23:02.638","58.174073885151322827","0.31133510855782003945","0","4.0473564112516609015"
"10/08/2026 19:23:07.653","58.684774770765770313","0.31151913838013078895","0.31151913838013078895","4.0497487989417004783"
"10/08/2026 19:23:12.660","58.973205710168251414","0","0","0.93619498164338832424"
"10/08/2026 19:23:17.679","58.435802312680529269","0","0.31134230477392860204","2.1793961334175002698"
"10/08/2026 19:23:22.692","58.788045968353387138","0","0","2.1818665950010349697"
"10/08/2026 19:23:27.714","58.505414367157840161","0","0.31111216596110741195","2.4888973276888592956"
"10/08/2026 19:23:32.725","57.802633090014211348","0","0.31185121226395756677","2.8066609103756179344"
"10/08/2026 19:23:37.740","57.798240022256663906","0","0.31152395184551473495","2.1806676629186032557"
"10/08/2026 19:23:42.761","58.439922008888615323","0.31123858735408438392","0.31123858735408438392","3.423624460894927779"
"10/08/2026 19:23:47.770","58.861232437802925688","0","0.31187884338278826224","1.5593942169139412002"
"10/08/2026 19:23:52.780","58.437273356039710848","0","0","2.8072385051593200522"
"10/08/2026 19:23:57.799","57.744014547688685468","0","0.31127798488693092516","2.1789458942085162541"
"10/08/2026 19:24:02.821","58.490107004526237233","0","0","0.93346208571732902648"
"10/08/2026 19:24:07.841","58.45950011348970321","0","0.31123765121045549042","1.8674259072627330536"
"10/08/2026 19:24:12.862","60.658062250248320879","0.31123411127453087799","0.31123411127453087799","1.5561705563726542234"
"10/08/2026 19:24:17.879","59.151124381568465083","0","0","1.8687119710884843027"
"10/08/2026 19:24:22.902","57.873078382166532663","0","0.31104326618800043347","0.9331297985640012449"
"10/08/2026 19:24:27.924","58.62148625110337008","0","0.31111664472854611008","2.8000498025569151572"
"10/08/2026 19:24:32.938","59.468420594854663364","0","0","2.1814208599758364571"
"10/08/2026 19:24:37.953","58.231933680479585291","0","0.31155668114310214323","2.4924534491448171458"
"10/08/2026 19:24:42.972","57.969016657011948723","0","0.31134061735546703087","1.8680437041328021852"
"10/08/2026 19:24:47.989","59.170610045540541932","0.31145183376959512112","0.31145183376959512112","1.5572591688479755501"
"10/08/2026 19:24:53.004","58.368973625582235343","0","0.31155118333320602764","2.4924094666656482211"
"10/08/2026 19:24:58.019","58.475469191898120869","0","0","1.8693341230464111113"
"10/08/2026 19:25:03.039","58.436220377980689022","0.62253261687432326354","0.62253261687432326354","1.5563315421858081589"
"10/08/2026 19:25:08.058","58.598152417212446608","0","0","1.245168348354513066"
"10/08/2026 19:25:13.182","59.55464640645487151","0.30496024226002610424","0","2.439681938080208834"
"10/08/2026 19:25:18.192","59.115407379614403283","0","0.3118729420253050777","2.8068564782277460878"
"10/08/2026 19:25:23.210","58.208716807884776756","0","0","1.8682016887825878548"
"10/08/2026 19:25:28.239","58.361151398734193663","0","0","4.0395897896750412315"
"10/08/2026 19:25:33.256","58.909162773977755023","0","0","2.8029752099391060938"
"10/08/2026 19:25:38.278","57.667634626965714517","0","0","1.8667464419514137042"
"10/08/2026 19:25:43.305","58.499260319690989718","0","0.31079422454623145677","1.8647653472773888517"
"10/08/2026 19:25:48.322","58.539874729751929294","0","0","2.8029379453756280149"
"10/08/2026 19:25:53.345","58.150529861811882881","0","0","0.93322859406041358543"
"10/08/2026 19:25:58.356","58.829880641294039378","0","0","1.5591051732137408692"
"10/08/2026 19:26:03.379","59.276326367855872945","0.31109036246238142009","0","1.5554518123119074335"
"10/08/2026 19:26:08.400","58.610955690236025362","0","0","2.1783707531454727935"
"10/08/2026 19:26:13.408","59.25882318693606976","0.31196881693478145658","0","2.4957505354782516527"
"10/08/2026 19:26:18.431","58.376067227533170012","0","0","1.2442464798525141312"
"10/08/2026 19:26:23.455","58.817864680271625843","0","0","2.1772004051314608475"
"10/08/2026 19:26:28.479","58.113208087944556723","0","0","2.1769469449119669413"
"10/08/2026 19:26:33.499","58.006469749781999212","0","0","1.2451174462509693175"
"10/08/2026 19:26:38.521","58.220812757472884869","0","0","2.177923582889093268"
"10/08/2026 19:26:43.543","57.588481369426602896","0","0","3.4224792860103860903"
"10/08/2026 19:26:48.561","58.726162679235912378","0","0.31135378839049498989","0.62270757678098997978"
"10/08/2026 19:26:53.589","58.787615451979270631","0","0","0.31074371381874216214"
"10/08/2026 19:26:58.619","57.855156135411078822","0.62134761927826320793","0","2.7960642867521845467"
"10/08/2026 19:27:03.630","58.489600648431959939","0","0","2.4945216811551476077"
"10/08/2026 19:27:08.646","57.703665972553807251","0","0","1.2460140012101288409"
"10/08/2026 19:27:13.674","58.044764523313197913","0","0","3.4177835585630327309"
"10/08/2026 19:27:18.691","57.579735935897204513","0","0","1.2459370739580473142"
"10/08/2026 19:27:23.719","57.906440102325149155","0","0","2.4858019444658721042"
"10/08/2026 19:27:28.738","58.200600487574838837","0","0","1.5567746188487674441"
"10/08/2026 19:27:33.761","59.075934870569838608","0","0","2.4884942973067443184"
"10/08/2026 19:27:38.786","58.109904985817230738","0","0","1.2437791886368652072"
"10/08/2026 19:27:43.808","58.152486529593439002","0.31113392914800419575","0","1.5556696457400209788"
"10/08/2026 19:27:48.834","57.870973572800508578","0.62168726480700409187","0.31084363240350204594","1.2433745296140081837"
"10/08/2026 19:27:53.851","58.058723299936723095","0","0","1.557346087710409499"
"10/08/2026 19:27:58.871","59.937044027349649866","0","0","1.5562206496785471188"
"10/08/2026 19:28:03.900","59.25875292450850651","0","0","2.4856433218757767456"
"10/08/2026 19:28:08.915","55.575674973288904823","0","0","1.5577234590939725845"
"10/08/2026 19:28:13.937","57.433618491082285118","0","0","1.5556466608614414326"
"10/08/2026 19:28:18.968","61.980522936013613844","0.62120155129830723073","0","2.1742054295440755851"
"10/08/2026 19:28:23.982","60.805341491039612833","0.6232194247104367868","0.3116097123552183934","1.558048561776091967"
"10/08/2026 19:28:29.013","59.778806618718583366","0","0","2.1741185611503470732"
"10/08/2026 19:28:34.041","58.456666275403954103","0","0","0.62149914503594416715"
"10/08/2026 19:28:39.058","59.15439898300788002","0.31142702800333899038","0","3.1142702800333896818"
"10/08/2026 19:28:44.080","57.971411300755704588","0","0","1.8670728567477348214"
"10/08/2026 19:28:49.113","58.564406389220181381","0","0","2.4836132193234328192"
"10/08/2026 19:28:54.140","57.511631278463369199","0","0.31077206381708805116","1.864632382902528196"
"10/08/2026 19:28:59.170","58.320062156292465261","0.31068204401942034476","0","2.1747743081359427464"
"10/08/2026 19:29:04.192","58.465984991952794303","0.31111621728874311321","0","2.4889297383099449057"
"10/08/2026 19:29:09.217","58.419846896044312246","0","0","1.5547614856574372144"
"10/08/2026 19:29:14.242","59.920303460771862092","0","0","1.8655277455613572535"
"10/08/2026 19:29:19.263","58.554030968625795595","0","0","2.1782958721875762542"
"10/08/2026 19:29:24.289","58.398226700840496051","0.62179203808129024367","0","2.7980641713658060965"
"10/08/2026 19:29:29.305","57.945444542893234541","0","0","1.8690913536491899904"
"10/08/2026 19:29:34.334","58.651847641697393954","0","0","2.7960243148835757232"
"10/08/2026 19:29:39.358","58.288704666187271641","0.31106070346144165661","0","1.5553035173072085051"
"10/08/2026 19:29:44.368","58.65745625073389391","0","0","1.5593604149277926485"
"10/08/2026 19:29:49.383","59.260198278118522808","0.62302206692325612369","0.31151103346162806185","0.93453310038488413003"
"10/08/2026 19:29:54.409","59.348722329472089143","0","0.31090844103583115121","1.554542205179155534"
"10/08/2026 19:29:59.428","58.875941209528150466","0","0","1.8679486805258826987"
"10/08/2026 19:30:04.454","57.612771176293399833","0","0","1.5544250726326878098"
"10/08/2026 19:30:09.469","58.52976156290681331","0","0","1.2463467085279626989"
"10/08/2026 19:30:14.492","58.386487145428326073","0","0","2.177394667798852268"
"10/08/2026 19:30:19.510","58.725117667815872835","0.31136168658278823296","0","8.0954038511524935018"
"10/08/2026 19:30:24.519","58.690112260207236261","0","0","1.559599301259587234"
"10/08/2026 19:30:29.538","59.048267045917036455","0","0.31134604569699136922","2.1794223198789399731"
"10/08/2026 19:30:34.554","57.926984019263763059","0","0","1.2460309925587826907"
"10/08/2026 19:30:39.578","59.414746740157632132","0","0","1.8659886556249367651"
"10/08/2026 19:30:44.598","58.505983552215944599","0","0","3.423791344882570975"
"10/08/2026 19:30:49.611","57.77548390247315524","0","0","1.5584596621566657593"
"10/08/2026 19:30:54.627","57.959316945131547527","0.31148457275221069773","0","3.1148457275221068663"
"10/08/2026 19:30:59.647","59.007990506253463536","0","0.3112824622285377818","1.2451298489141511272"
"10/08/2026 19:31:04.658","58.558573013033878851","0","0","3.1180946053251545891"
"10/08/2026 19:31:09.674","57.999499566306745635","0","0","2.1803272466371028671"
"10/08/2026 19:31:14.689","58.795084466134440504","0.31156836696320866498","0","3.1156836696320864277"
"10/08/2026 19:31:19.707","58.373333709040032602","0","0","2.4909832881525426629"
"10/08/2026 19:31:24.719","60.209711561899347032","0.31177503574488313332","0","1.2471001429795325333"
"10/08/2026 19:31:29.735","58.683767825209763203","0","0","2.1806870104145823497"
"10/08/2026 19:31:34.753","58.719287220650016934","0","0","1.2453290943526478252"
"10/08/2026 19:31:39.771","58.244451964322294657","0","0","2.179734912348250564"
"10/08/2026 19:31:44.797","58.356136961258755491","0","0","2.7982810942756572992"
"10/08/2026 19:31:49.820","62.424045454019761792","0","0.31102704434393685373","0.93308113303181061671"
"10/08/2026 19:31:54.835","62.55899684733922328","0.93480788416670379526","0","4.3624367927779506005"
"10/08/2026 19:31:59.847","63.091811253510456936","0","0.31170810555783035056","4.3639134778096240197"
"10/08/2026 19:32:04.870","60.328612957628301672","0","0.31107188762821214034","3.4217907639103333217"
"10/08/2026 19:32:09.893","64.05989988480776276","0","0","1.555427719030005429"
"10/08/2026 19:32:14.924","65.107542752759655968","0","0","2.4846923570207137821"
"10/08/2026 19:32:19.945","70.01195193044576115","0.31116002668428732747","0","1.8669601601057239648"
"10/08/2026 19:32:24.954","63.128012454231217987","0.62395747936432854885","0","4.6796810952324641164"
"10/08/2026 19:32:29.962","61.019130863386770613","0","0","3.4320325662000890077"
"10/08/2026 19:32:34.987","61.375127436618996057","0","0","2.1765965572063303846"
"10/08/2026 19:32:40.000","59.797547780558367947","0","0","1.5582345821489005377"
"10/08/2026 19:32:45.024","60.739280083835602397","0.62210597544435231043","0.31105298772217615522","2.4884239017774092417"
"10/08/2026 19:32:50.033","61.957667283032179739","0","0","2.495218363146335161"
"10/08/2026 19:32:55.043","60.488848779439940984","0","0","4.9900614941246121958"
"10/08/2026 19:33:00.060","60.616556239335103839","0","0","2.1803983118743266445"
"10/08/2026 19:33:05.077","60.730484402215331841","0","0.3114310937428121373","2.8028798436853095133"
"10/08/2026 19:33:10.091","57.34487651600754532","0.62327123258218686264","0","2.4930849303287474505"
"10/08/2026 19:33:15.111","58.029486221096284737","0","0","1.2450117607794959351"
"10/08/2026 19:33:20.133","58.658075373748545189","0","0","1.866803723579475438"
"10/08/2026 19:33:25.153","58.808126491953906623","0","0.31124910230778907172","4.0462383300012580989"
"10/08/2026 19:33:30.164","60.707917735329196773","0","0","2.182352180382825857"
"10/08/2026 19:33:35.183","59.397203995235337004","0","0","2.179493543288986146"
"10/08/2026 19:33:40.206","57.981486524719571207","0.31103224505622462104","0","1.5551612252811228831"
"10/08/2026 19:33:45.219","58.706803498273693265","0","0","1.8703217268581751043"
"10/08/2026 19:33:50.241","59.570330713770538011","0","0","2.4891764137670731039"
"10/08/2026 19:33:55.266","58.772880649132630992","0","0","1.2437122634068749072"
"10/08/2026 19:34:00.294","57.966122219047292674","0","0","2.4862922750739890887"
"10/08/2026 19:34:05.304","58.515505234644749066","0","0","1.5592011046707816568"
"10/08/2026 19:34:10.326","59.464322254540491031","0","0.31113977159214434298","2.1779784011450100678"
"10/08/2026 19:34:15.340","59.827124375243286636","0","0","2.1815088350260145589"
"10/08/2026 19:34:20.353","59.129783937004553707","0.31168897282515006797","0","1.5584448641257502288"
"10/08/2026 19:34:25.361","59.532922324625005217","0","0","2.1837208526923306273"
"10/08/2026 19:34:30.382","58.337084753983489804","0","0","4.3569061174467327291"
"10/08/2026 19:34:35.403","57.676830434760532285","0.31119977621499611553","0","1.5559988810749805221"
"10/08/2026 19:34:40.414","58.461449797032038589","0","0","1.8708425762102940393"
"10/08/2026 19:34:45.433","58.701329975065227984","0.31132095283458677271","0.31132095283458677271","3.7358514340150410504"
"10/08/2026 19:34:50.453","58.993070274129344455","0","0","1.5562401795019713546"
"10/08/2026 19:34:55.471","59.790753000460284738","0","0","4.3595699126340194951"
"10/08/2026 19:35:00.493","58.429416090048682975","0","0","1.8665931258840555707"
"10/08/2026 19:35:05.508","59.102133680366094381","0","0","1.558013917047809116"
"10/08/2026 19:35:10.532","59.912904073273544725","0.31097869223757379498","0.31097869223757379498","2.1768508456630164538"
"10/08/2026 19:35:15.552","58.353911998463523503","0","0","0.62259975343057438746"
"10/08/2026 19:35:20.576","58.116340877130070908","0","0","2.1767841270991161728"
"10/08/2026 19:35:25.593","59.167816276724202851","0","0","1.8688389612197673362"
"10/08/2026 19:35:30.611","58.987661319135106908","0","0","2.1795406227812899047"
"10/08/2026 19:35:35.631","59.352893576104094109","0.62249697700528039412","0","1.8674909310158411824"
"10/08/2026 19:35:40.650","62.943939084602995138","0","0","4.0470782844309134418"
"10/08/2026 19:35:45.671","62.440751945729466854","0","0","1.2448430137438237786"
"10/08/2026 19:35:50.689","62.667123513413180547","0","0.31135055601729533237","1.8681033361037719942"
"10/08/2026 19:35:55.704","59.803145546326128112","0","0","2.4928281831735734642"
"10/08/2026 19:36:00.717","59.217485700372222368","0.93506600448899512834","0","2.1818206771409882627"
"10/08/2026 19:36:05.727","59.057152874090547812","0","0","0.62374247280058670029"
"10/08/2026 19:36:10.746","59.397722272363104423","0.31127765002168289454","0","3.1127765002168286124"
"10/08/2026 19:36:15.771","59.304532273106588036","0","0.31094912878223346375","2.1766439014756340242"
"10/08/2026 19:36:20.791","59.021304001039041509","0","0","1.8675313685508911909"
"10/08/2026 19:36:25.812","59.044050179671955902","0","0","2.1786114830104659212"
"10/08/2026 19:36:30.831","59.498631925738962423","0","0","3.1132446373090916225"
"10/08/2026 19:36:35.853","60.566707481084712583","0","0","2.1777755787083936667"
"10/08/2026 19:36:40.864","59.409143118899109481","0","0","4.0532396444491203269"
"10/08/2026 19:36:45.876","58.645666944928784403","0.3117405563610265995","0","3.4291461199712927055"
"10/08/2026 19:36:50.889","58.953066986793899673","0","0","2.1818967582111081782"
"10/08/2026 19:36:55.909","60.799272949957341439","0","0","2.1788990140320101396"
"10/08/2026 19:37:00.931","58.431045190762830543","0","0","1.244637677707625123"
"10/08/2026 19:37:05.942","61.504040860169141069","0","0","1.8707224061461062981"
"10/08/2026 19:37:10.966","60.51084252261749441","0","0","0.93304434005848468914"
"10/08/2026 19:37:15.975","58.850857650477209404","0","0.31195748098397041437","0.93587244295191118759"
"10/08/2026 19:37:20.985","58.921907379712564534","0.31186216079700829207","0","1.5593108039850416269"
"10/08/2026 19:37:25.996","57.929852348721702526","0.31177505440798947145","0","2.4942004352639157716"
"10/08/2026 19:37:31.012","59.946582389731020157","0","0","0.93464467919794380624"
"10/08/2026 19:37:36.035","59.133593343404534437","0","0","1.8664010424611312544"
"10/08/2026 19:37:41.056","58.89942374578382811","0.62229401669779127459","0","1.5557350417444781865"
"10/08/2026 19:37:46.074","59.051953794889790572","0","0","2.802527877155831515"
"10/08/2026 19:37:51.097","59.499926413447170148","0","0","1.5554516884370837015"
"10/08/2026 19:37:56.117","58.965906058256955191","0.62246554439083645605","0","2.1786294053679275962"
"10/08/2026 19:38:01.138","59.634145367546551597","0","0","1.5558989741303341781"
"10/08/2026 19:38:06.158","60.215866250490535094","0","0","2.8014255725122785279"
"10/08/2026 19:38:11.175","58.846376689676603178","0","0","1.2458996197614031765"
"10/08/2026 19:38:16.197","58.866656488447489437","0","0","2.7999062456993439874"
"10/08/2026 19:38:21.211","59.486775985057228411","0","0.31164018473032900625","1.5582009236516451978"
"10/08/2026 19:38:26.230","59.477102772555397792","0","0","3.4247442660017348715"
"10/08/2026 19:38:31.242","59.046744204888227614","0","0","2.1820954296816732487"
"10/08/2026 19:38:36.253","59.466059497339230688","0.93539862698447939771","0","1.8707972539689587954"
"10/08/2026 19:38:41.274","59.725652299372633536","0","0","1.8673447455219431834"
"10/08/2026 19:38:46.289","61.83463607433117204","0","0","1.8693239473796974259"
"10/08/2026 19:38:51.311","61.11630586120347175","0","0","1.555736714665599818"
"10/08/2026 19:38:56.334","60.931596769000648806","0","0","2.1774875637837123321"
"10/08/2026 19:39:01.358","61.912831235800588559","0","0.31099500188736645123","1.8659700113241985964"
"10/08/2026 19:39:06.383","63.026520678974939926","0","0","0.93283940374139140417"
"10/08/2026 19:39:11.403","66.083497060696188896","0","0","1.5562490765840479856"
"10/08/2026 19:39:16.425","63.079441702590941077","0","0","1.5557780741373208322"
"10/08/2026 19:39:21.448","60.742471790981902302","0","0","1.5551385030735407344"
"10/08/2026 19:39:26.464","60.778685261986431954","0","0","2.4920965152695440104"
"10/08/2026 19:39:31.485","60.977640523724609523","0.62233514844764414864","0","3.4228433164620430951"
"10/08/2026 19:39:36.498","59.21323210810718507","0","0","2.8054905939705885309"
"10/08/2026 19:39:41.516","58.074367644471294625","0","0","1.8681182260787712046"
"10/08/2026 19:39:46.535","59.516400569943819221","0","0","1.5566872984936785951"
"10/08/2026 19:39:51.548","59.92151725409844687","0","0","1.8700045819600268349"
"10/08/2026 19:39:56.571","58.753173554654566146","0.62215338695027988525","0","2.488613547801119541"
"10/08/2026 19:40:01.586","59.872687460274406135","0","0","0"
"10/08/2026 19:40:06.599","57.671938390256102025","0","0","1.5583271738270130236"
"10/08/2026 19:40:11.617","57.839290928129848623","0","0","1.2454582620831571305"
"10/08/2026 19:40:16.633","60.446255912665449728","0","0","2.4921876894062644503"
"10/08/2026 19:40:21.651","60.10533911873937285","0","0","2.1796107680484029245"
"10/08/2026 19:40:26.681","58.955482874812560112","0","0","1.8638948399875603368"
"10/08/2026 19:40:31.705","59.793019658236026714","0.31100394661520219808","0","1.5550197330760111569"
"10/08/2026 19:40:36.736","62.630757515607051289","0","0","2.1742104862763138584"
"10/08/2026 19:40:41.756","63.558035864382866009","0.62244082211107387703","0.31122041105553693852","0.93366123316661087106"
"10/08/2026 19:40:46.783","59.503984411484303507","0","0","1.8650119286162953891"
"10/08/2026 19:40:51.809","58.615889155070256322","0","0","1.8651993844424226143"
"10/08/2026 19:40:56.831","63.219044103901865128","0","0","2.8001361667638242636"
"10/08/2026 19:41:01.851","59.575110810319166887","0.93109152052618315842","0","3.1036384017539440094"
"10/08/2026 19:41:06.886","59.810572599385203318","0","0","1.8674661559855536552"
"10/08/2026 19:41:11.895","58.931948193613045817","0","0.31193393349089409972","2.8074054014180465089"
"10/08/2026 19:41:16.926","58.975231968299077323","0.31057311124589709328","0.31057311124589709328","1.2422924449835883731"
"10/08/2026 19:41:21.955","58.968141297076456908","0","0","3.1070031194112468498"
"10/08/2026 19:41:26.974","58.672934647722144064","0","0.31131498573310661948","1.8678899143986398279"
"10/08/2026 19:41:32.004","59.114009365979271138","0","0","2.1743736973762053388"
"10/08/2026 19:41:37.021","58.38055019609509344","0.3114645485668713909","0","3.11464548566871402"
"10/08/2026 19:41:42.036","60.063808828493023384","0","0","1.869270759891761946"
"10/08/2026 19:41:47.051","59.164592992937969029","0","0","3.1157200770082371655"
"10/08/2026 19:41:52.078","58.094165462178345649","0","0","2.1759172443615049097"
"10/08/2026 19:41:57.105","58.867315471114167735","0","0","2.4864149250457292517"
"10/08/2026 19:42:02.120","59.517253018509563844","0","0","0.93466661423893160343"
"10/08/2026 19:42:07.144","59.790428152542162366","0.93307197630636151686","0","1.8661439526127230337"
"10/08/2026 19:42:12.155","58.38694823276109247","0","0","1.8706874294414115312"
"10/08/2026 19:42:17.167","58.611683316424581847","0","0","2.1824348306502403538"
"10/08/2026 19:42:22.185","59.381663540070285023","0.62280149825512942652","0","3.1140074912756472436"
"10/08/2026 19:42:27.199","59.425177287073552179","0","0","1.2463588871470885344"
"10/08/2026 19:42:32.227","59.279960777271455186","0.62153171628614578559","0","2.1753610070015101385"
"10/08/2026 19:42:37.251","58.373041303693739223","0","0","2.7991043821404781866"
"10/08/2026 19:42:42.280","58.58350799077817328","0","0","1.2426889378793319896"
"10/08/2026 19:42:47.301","59.378549309189644134","0","0","3.4232105606210110338"
"10/08/2026 19:42:52.332","58.036826580881687221","0","0","2.7956034287884712342"
"10/08/2026 19:42:57.348","57.957283660959845406","0","0","1.5574981880190681416"
"10/08/2026 19:43:02.378","58.999261529487178279","0.62122331015928522469","0","1.5530582753982131727"
"10/08/2026 19:43:07.396","58.381057394484784595","0","0","3.1138792783779578599"
"10/08/2026 19:43:12.419","58.519664702085826491","0","0","2.4886256865272136096"
"10/08/2026 19:43:17.438","60.419261508167089403","0","0.62255278236568745154","1.5563819559142184623"
"10/08/2026 19:43:22.453","58.311934199318194771","0","0","3.4277503810362111025"
"10/08/2026 19:43:27.481","57.091907775025063643","0","0","2.1750197800027395445"
"10/08/2026 19:43:32.499","58.613829819078354433","0","0","4.0481183309679371618"
"10/08/2026 19:43:37.516","59.271143215998264964","0","0.62285468913711128369","2.1799914119798891043"
"10/08/2026 19:43:42.542","58.786991695016801884","0","0","3.4198440972913859426"
"10/08/2026 19:43:47.571","58.290143401820351698","0","0","1.5534396872990035021"
"10/08/2026 19:43:52.598","58.408163299407711122","0","0","1.8649305684857409027"
"10/08/2026 19:43:57.618","59.1107673731167651","0.31124060225186012119","0","2.4899248180148809695"
"10/08/2026 19:44:02.631","59.523519951300741582","0","0","1.5586610801061417941"
"10/08/2026 19:44:07.651","58.828092544905217665","0","0","4.6686782237409882867"
"10/08/2026 19:44:12.663","58.884286348189050386","0","0","2.4942234781934429222"
"10/08/2026 19:44:17.677","58.615916303616174332","0","0","2.8043801416502631696"
"10/08/2026 19:44:22.700","58.575772806962788763","0","0","1.8665692665935769146"
"10/08/2026 19:44:27.722","58.234449264906373855","0","0","3.7332336742455960454"
"10/08/2026 19:44:32.751","58.489518148057939584","0","0","1.2428869085071374556"
"10/08/2026 19:44:37.774","58.676638131348177296","0","0.31106742872778275766","2.1774720010944794701"
"10/08/2026 19:44:42.794","58.116582461148546201","0.62251246508999891205","0","2.8013060929049955483"
"10/08/2026 19:44:47.812","59.318734070769131961","0.62272208262176953486","0","4.9817766609741562789"
"10/08/2026 19:44:52.824","59.479607220930844846","0","0","3.117702767257013452"
"10/08/2026 19:44:57.842","59.591554358054011686","0","0","2.1795067461886232785"
"10/08/2026 19:45:02.857","59.634605178762193134","0","0.31155153742359065205","1.8693092245415436903"
"10/08/2026 19:45:07.879","58.278612733913249144","0.31113594888648676839","0","2.8002235399783805825"
"10/08/2026 19:45:12.910","59.816268174732186935","0.62119780971814575476","0","1.8635934291544371533"
"10/08/2026 19:45:17.923","57.555140396895289712","0","0.31166486905019047393","0.93499460715057136628"
"10/08/2026 19:45:22.939","58.104835548976382142","0.31148821153177402854","0","3.4263703268495140364"
"10/08/2026 19:45:27.956","59.545243022261431065","0","0","1.8689396641087812068"
"10/08/2026 19:45:32.971","60.150545139315504173","0","0","2.1808643277273107586"
"10/08/2026 19:45:37.990","58.595494623974261117","0","0","2.8018086344679069555"
"10/08/2026 19:45:43.010","57.90349617831339657","0","0","1.2449982940535375686"
"10/08/2026 19:45:48.029","57.804211015308993638","0","0","3.1133623139377468725"
"10/08/2026 19:45:53.046","58.451447114487464773","0","0","1.5572190963118233142"
"10/08/2026 19:45:58.062","58.65987226233318097","0","0","3.1148672744588399297"
"10/08/2026 19:46:03.077","57.859739589111967462","0","0.31157308254235976941","2.8041577428812378692"
"10/08/2026 19:46:08.093","58.078789205167225873","0","0","1.868788632470711919"
"10/08/2026 19:46:13.107","58.736264611883207465","0.62328982983070702062","0","1.5582245745767677736"
"10/08/2026 19:46:18.131","58.428575105507675858","0","0.31103240603342752202","0.93309721810028256606"
"10/08/2026 19:46:23.140","59.940673414217606307","0","0.31189743909945499833","2.4951795127956399867"
"10/08/2026 19:46:28.170","58.49443663241735436","0.62136982080549374441","0","2.7961641936247216833"
"10/08/2026 19:46:33.197","58.405089876996484577","0.31077215035214317274","0","1.5538607517607156971"
"10/08/2026 19:46:38.212","58.750012639090073208","0.93484394009428295469","0","0.93484394009428295469"
"10/08/2026 19:46:43.218","58.010212380691307033","0","0.3121192083234611836","2.8090728749111506524"
"10/08/2026 19:46:48.236","58.307643821413336127","0","0","4.0476125572055927648"
"10/08/2026 19:46:53.258","58.762817639256546443","0","0.31115064544193776763","1.5557532272096890047"
"10/08/2026 19:46:58.279","58.469794888173588276","0","0","2.1781235267172465164"
"10/08/2026 19:47:03.298","59.603605800106137735","0","0","5.6041241890657946811"
"10/08/2026 19:47:08.312","62.696296799722198045","0","0","1.8695669263380461089"
"10/08/2026 19:47:13.329","58.004279751895737149","0","0.31143987113624704843","0.9343196134087411453"
"10/08/2026 19:47:18.355","58.923958351986605919","0.3108877362000664335","0","2.17621415340046509"
"10/08/2026 19:47:23.374","58.306804705204925199","0","0.31136107853803729473","1.8681664712282237684"
"10/08/2026 19:47:28.385","59.427223501299955899","0.31179847836755125723","0","4.0533802187781668991"
"10/08/2026 19:47:33.410","57.646113305598575494","0","0.62185104580023498055","0.9327765687003523043"
"10/08/2026 19:47:38.435","58.469729344211998523","0","0","1.2437704265660924907"
"10/08/2026 19:47:43.452","59.266656007535203798","0","0","1.5573082768129264952"
"10/08/2026 19:47:48.474","59.016739310319344725","0","0","2.1779953155626969874"
"10/08/2026 19:47:53.490","58.28429346884784934","0","0","2.4916520189088879889"
"10/08/2026 19:47:58.516","58.620660425935497528","0","0","3.4199407927911247285"
"10/08/2026 19:48:03.547","58.315524768185198923","0.93171351865530960268","0","2.795140555965928808"
"10/08/2026 19:48:08.558","59.2384581264486485","0","0","2.182784051401266634"
"10/08/2026 19:48:13.576","57.076415334185128359","0","0","0.9341791239992599527"
"10/08/2026 19:48:18.596","58.029083236050496453","0","0","1.2450237149129159686"
"10/08/2026 19:48:23.612","58.466819351974720576","0","0.31147451997889269437","1.8688471198733562773"
"10/08/2026 19:48:28.628","58.043635140038183806","0","0.31150897158796947428","2.80358074429172488"
"10/08/2026 19:48:33.647","58.085147672391954643","0","0","3.113452391885639603"
"10/08/2026 19:48:38.660","58.673087229062701908","0","0","1.5584034560032733463"
"10/08/2026 19:48:43.684","58.309918161336803166","0","0","2.4877998296354677521"
"10/08/2026 19:48:48.705","59.983012355695095152","0","0","1.244756810467811281"
"10/08/2026 19:48:53.731","59.578920304953541631","0.3109313822695881635","0","2.1765196758871172555"
"10/08/2026 19:48:58.756","58.507425807547704721","0","0","2.7985624314650721089"
"10/08/2026 19:49:03.783","57.849166796568418647","0.31078955724014656337","0","4.3510538013620516651"
"10/08/2026 19:49:08.804","59.066734456712957524","0","0","0.93361688199208092698"
"10/08/2026 19:49:13.820","58.530247121339648686","0","0.31150988452263783657","0.93452965356791362073"
"10/08/2026 19:49:18.846","57.874754490960299336","0","0","0.93266226219276093801"
"10/08/2026 19:49:23.863","57.422216930249049938","0","0","1.868556395383902391"
"10/08/2026 19:49:28.881","58.288076506324060233","0","0.31135562485507017882","1.2454224994202807153"
"10/08/2026 19:49:33.903","59.522026481325760017","0","0","2.8003017176995976811"
"10/08/2026 19:49:38.918","58.25791267119569028","0.62316156122530441674","0","1.5579039030632608753"
"10/08/2026 19:49:43.943","59.182492748083873835","0.62183301688168191035","0","3.420081592849250729"
"10/08/2026 19:49:48.965","58.526189384505165947","0","0","4.0452765876836824788"
"10/08/2026 19:49:53.983","58.498755512389791988","0","0.31138097151979104993","1.8682858291187462996"
"10/08/2026 19:49:58.999","59.382100877190978849","0","0","2.8032483274150985508"
"10/08/2026 19:50:04.027","57.465218702988153154","0","0","2.175294725834603593"
"10/08/2026 19:50:09.054","57.542574895935636903","0","0.31082991707216955923","0.62165983414433911847"
"10/08/2026 19:50:14.074","58.846110228161975897","0.31125608993705378147","0.31125608993705378147","0.93376826981116134441"
"10/08/2026 19:50:19.088","58.643773026835219753","0","0","4.3625122215156668659"
"10/08/2026 19:50:24.109","60.737055057935698699","0.31122473176362003278","0","1.2448989270544801311"
"10/08/2026 19:50:29.127","59.178846161932682435","0","0","2.1797230533070277581"
"10/08/2026 19:50:34.153","59.064021837698589934","0","0","1.5542849512330538797"
"10/08/2026 19:50:39.177","58.588602912227990771","0.3109985240059810474","0.3109985240059810474","1.554992620029905126"
"10/08/2026 19:50:44.197","58.366705377899698703","0.31127696168982449398","0.31127696168982449398","1.2451078467592979759"
"10/08/2026 19:50:49.223","59.02443443065912021","0","0","1.243450076981496899"
"10/08/2026 19:50:54.243","60.176434458818327755","0","0","1.5563680034484932424"
"10/08/2026 19:50:59.258","60.001970928367875047","0.62314358049647133875","0","3.1157179024823564717"
"10/08/2026 19:51:04.283","57.817324679700817569","0","0","1.5547634349571159973"
"10/08/2026 19:51:09.296","57.68912066840334063","0","0","2.805141105030706683"
"10/08/2026 19:51:14.320","59.804377825766309229","0","0","0.93297384532469940233"
"10/08/2026 19:51:19.341","57.962098493650415776","0","0.31117576043389749696","0.93352728130169249088"
"10/08/2026 19:51:24.368","58.164146004638283216","0","0","3.4191365016767942819"
"10/08/2026 19:51:29.393","57.610740620317955063","0.3109711848030004","0","1.865827108818002289"
"10/08/2026 19:51:34.403","58.857221717631034608","0","0.31183535412621538052","2.1828474788835077192"
"10/08/2026 19:51:39.411","59.252182005976358425","0","0","2.496157365428512076"
"10/08/2026 19:51:44.432","58.468203105092740657","0","0","2.4893795599832433396"
"10/08/2026 19:51:49.442","57.765826406533406612","0","0","1.5595355724025543598"
"10/08/2026 19:51:54.474","59.302585319831145227","0","0","3.1051914866758565381"
"10/08/2026 19:51:59.502","58.809180321244348022","0","0","2.4858202845003418702"
"10/08/2026 19:52:04.526","58.280113200336202794","0","0","2.4884182544550199623"
"10/08/2026 19:52:09.555","58.538868643250637547","0","0","1.2425719051510071278"
"10/08/2026 19:52:14.579","57.886632591238054601","0","0","1.2440598134403921815"
"10/08/2026 19:52:19.605","57.292957478916015646","0.31087928679655779662","0","3.1087928679655778552"
"10/08/2026 19:52:24.620","58.033986793808047366","0","0","2.8042254597668474503"
"10/08/2026 19:52:29.639","58.381301484497271304","0.31131331101600429045","0","1.5565665550800216188"
"10/08/2026 19:52:34.656","58.709072864749558107","0","0.31148272234743107356","1.2459308893897242942"
"10/08/2026 19:52:39.676","57.991349139368011834","0","0","1.244988969198534523"
"10/08/2026 19:52:44.705","58.77594816023915314","0","0.31068526870438156751","0.93205580611314464701"
"10/08/2026 19:52:49.724","58.524922051776641752","0","0","2.8019756673145401749"
"10/08/2026 19:52:54.752","58.072196971415912969","0","0","2.4857614095006952404"
"10/08/2026 19:52:59.768","57.867662178638148873","0","0","2.1806015362041257788"
"10/08/2026 19:53:04.798","58.085106581778411794","0","0","1.2424980206012534723"
"10/08/2026 19:53:09.816","57.990727273669385511","0","0","1.5569801938168803535"
"10/08/2026 19:53:14.840","58.23609994874023954","0","0","0.93305433200754350764"
"10/08/2026 19:53:19.865","58.457419112514649839","0","0","3.109620006027388861"
"10/08/2026 19:53:24.882","58.098305391383561869","0.62278414646256907705","0","1.8683524393877073422"
"10/08/2026 19:53:29.905","59.161069123481539123","0.31107969720487771426","0","3.1107969720487775867"
"10/08/2026 19:53:34.926","58.48100389925146203","0","0","0.31122226454402396323"
"10/08/2026 19:53:39.943","58.445754788523984757","0.31141355285334737513","0.31141355285334737513","1.2456542114133895005"
"10/08/2026 19:53:44.962","58.380399281076812201","0","0","1.2452802384625980547"
"10/08/2026 19:53:49.977","58.116762694089096897","0.62308858852230541991","0","0.93463288278345812987"
"10/08/2026 19:53:55.000","58.759433035858641858","0","0","1.5555141238492280475"
"10/08/2026 19:54:00.024","59.666731620787096801","0","0","1.8660210797683707273"
"10/08/2026 19:54:05.040","58.157852169611842896","0","0","1.2461132978571856089"
"10/08/2026 19:54:10.065","57.99824092603651593","0","0","3.7308986941018846828"
"10/08/2026 19:54:15.095","58.598025161190832932","0.62127231639981572719","0","2.1744531073993553782"
"10/08/2026 19:54:20.113","58.109261995701857018","0","0","3.1138295102913708945"
"10/08/2026 19:54:25.135","57.429782784476302027","0","0.31115736840164165411","2.1781015788114914677"
"10/08/2026 19:54:30.157","58.380451523873766462","0","0","2.488812092775587903"
"10/08/2026 19:54:35.166","58.160017037034570819","0.93584301507436962186","0","0.62389534338291308124"
"10/08/2026 19:54:40.193","57.980367765571585892","0","0.31082484678722188676","2.1757739275105532073"
"10/08/2026 19:54:45.208","61.807709081907148629","0.62307074865668943264","0","1.5576768716417233041"
"10/08/2026 19:54:50.229","59.567676931056979583","0","0","1.8674539919094921281"
"10/08/2026 19:54:55.248","58.233523025354273273","0","0.3113271062598765293","3.1132710625987654041"
"10/08/2026 19:55:00.271","57.677440577357728557","0.31105233753691619025","0","1.5552616876845810623"
"10/08/2026 19:55:05.291","58.592380632434085896","0","0","2.8013611158766065223"
"10/08/2026 19:55:10.312","57.213172743601845127","0","0.31117692550107750593","1.5558846275053874741"
"10/08/2026 19:55:15.331","57.863942733988892542","0.3113262130056291821","0","2.179283491039403664"
"10/08/2026 19:55:20.348","58.456903498114208162","0","0","2.8026264032339347487"
"10/08/2026 19:55:25.368","59.284085136065002075","0","0","1.8675239654121413846"
"10/08/2026 19:55:30.385","58.389675850868790974","0","0.31146909957422924675","1.245876398296916987"
"10/08/2026 19:55:35.398","58.547373502741109519","0","0","1.8700433006282208837"
"10/08/2026 19:55:40.415","58.400112505715981115","0","0","2.8031743994080491333"
"10/08/2026 19:55:45.438","58.008659189289971891","0","0.31104696896822248142","3.1104696896822248142"
"10/08/2026 19:55:50.454","58.432212692619970085","0","0","3.1151503928817705358"
"10/08/2026 19:55:55.464","57.396014218300763332","0","0.31190289932758524793","1.8714173959655115986"
"10/08/2026 19:56:00.485","57.965758392670295507","0","0","3.1114866888508529996"
"10/08/2026 19:56:05.505","57.060872169736541082","0","0","1.5564704513772278371"
"10/08/2026 19:56:10.531","57.40230817932476981","0","0","1.5543057312708548068"
"10/08/2026 19:56:15.565","56.871352766807369505","0","0.31041761927625671769","1.8625057156575401951"
"10/08/2026 19:56:20.591","58.416734983018223204","0.31083028189173400602","0","3.1083028189173398381"
"10/08/2026 19:56:25.614","61.162784113635382255","0","0.31108658432584723741","1.555432921629235965"
"10/08/2026 19:56:30.641","60.62330519909288995","0","0.31081751989938305458","0.93245255969814921926"
"10/08/2026 19:56:35.661","58.718682985597745017","0","0.31126346851968933471","0.93379040555906789312"
"10/08/2026 19:56:40.686","58.228055965285484774","0","0","2.7983995920396060875"
"10/08/2026 19:56:45.711","58.762722641563392756","0","0","2.7983826631731707479"
"10/08/2026 19:56:50.732","58.261407044783730669","0","0","2.8007257489514083559"
"10/08/2026 19:56:55.754","58.317721192723205093","0","0","1.8668060654729410341"
"10/08/2026 19:57:00.777","58.213816188155064424","0","0","2.1777814759410945022"
"10/08/2026 19:57:05.804","58.552520333872173808","0.62166365549369650978","0","2.4866546219747860391"
"10/08/2026 19:57:10.837","58.321837342500316481","0","0","1.2418074238824203803"
"10/08/2026 19:57:15.867","59.513660449601644586","0.31061205026058807954","0","1.5530602513029405642"
"10/08/2026 19:57:20.891","57.854618197253891765","0","0","0.62207205612909377557"
"10/08/2026 19:57:25.911","57.878701151427833338","0","0","2.4897373524280386192"
"10/08/2026 19:57:30.937","57.613023340471336553","0.62176633010571280558","0","0.93264949515856920836"
"10/08/2026 19:57:35.954","58.430499134593794963","0","0.31145493787236427918","3.1145493787236433469"
"10/08/2026 19:57:40.981","57.857199504793534572","0.31080194600010624395","0","2.1756136220007435966"
"10/08/2026 19:57:46.005","57.753631634417402552","0","0","2.1769465116230928281"
"10/08/2026 19:57:51.020","58.86954566552316237","0.31159435101876392649","0.31159435101876392649","1.5579717550938196879"
"10/08/2026 19:57:56.039","58.942220655444586441","0","0","2.8020474662955283662"
"10/08/2026 19:58:01.059","58.891320286456682709","0","0","1.2448334184832587912"
"10/08/2026 19:58:06.076","58.217312247919018375","0","0","2.803031471809486419"
"10/08/2026 19:58:11.105","58.151943515947898788","0","0","1.864229043853328438"
"10/08/2026 19:58:16.123","58.613224893533178772","0.31139825429241818622","0","2.802584288631763787"
"10/08/2026 19:58:21.138","58.37752733513099912","0","0","0.31156003583428942827"
"10/08/2026 19:58:26.155","58.631115785240915272","0.31141008959920996046","0","3.1141008959920992716"
"10/08/2026 19:58:31.181","58.423950813694283113","0","0","1.8655296387886890486"
"10/08/2026 19:58:36.204","61.665899764889331891","0","0","1.8661630461577465301"
"10/08/2026 19:58:41.221","59.116196828888554649","0","0.62299130160605764583","1.8689739048181730485"
"10/08/2026 19:58:46.243","58.553863771325751486","0","0","5.2889274618595907285"
"10/08/2026 19:58:51.269","58.391102174841371664","0","0","1.2435066321978565096"
"10/08/2026 19:58:56.292","57.676468581059857854","0","0.31105949591678916377","2.7995354632511024739"
"10/08/2026 19:59:01.317","58.922923625450373208","0","0","1.5548455265696083938"
"10/08/2026 19:59:06.339","58.907350103243061312","0","0","3.1108701787783745729"
"10/08/2026 19:59:11.359","57.5509264618589782","0","0","2.1788708434888635068"
"10/08/2026 19:59:16.380","58.131059483869627513","0","0","0.93366277670054942384"
"10/08/2026 19:59:21.409","57.847627158377925127","0","0","0.93197323098507689476"
"10/08/2026 19:59:26.433","58.136646303982651318","0.62206981478582912271","0","2.7993141665362308856"
"10/08/2026 19:59:31.460","59.64201537229276795","0","0","2.7973765431945274429"
"10/08/2026 19:59:36.481","58.483049758592052569","0.62241385797184978212","0","1.5560346449296245108"
"10/08/2026 19:59:41.503","58.094940038104383007","0","0.3111280683375428624","1.8667684100252572854"
"10/08/2026 19:59:46.531","58.433856829417038625","0.6215497895492081426","0","2.1754242634222284991"
"10/08/2026 19:59:51.561","58.425284352649867969","0","0","1.2424850775057221242"
"10/08/2026 19:59:56.592","57.800535788181420571","0.62115125983289898315","0.31057562991644949157","2.4846050393315959326"
"10/08/2026 20:00:01.612","58.21588772007880408","0.31124106723197469959","0","2.1786874706238230637"
"10/08/2026 20:00:06.637","58.097575048544250365","0","0","1.8657851112298489138"
"10/08/2026 20:00:11.663","59.041908397443208401","0","0","2.7978962685106578689"
"10/08/2026 20:00:16.682","58.868825770643773865","0","0","1.2452200485129760743"
"10/08/2026 20:00:21.703","57.408777471868752684","0","0","2.4893499634125300091"
"10/08/2026 20:00:26.724","57.692390431176299614","0","0","2.1785986815070983447"
"10/08/2026 20:00:31.744","57.432910405397819886","0.62255342728610829628","0","3.1127671364305413704"
"10/08/2026 20:00:36.774","57.987508504011465504","0","0","2.1743987690487518449"
"10/08/2026 20:00:41.802","58.327871098307412012","0.31076862099721064281","0","3.4184548309693174595"
"10/08/2026 20:00:46.812","57.952624625203782216","0","0.31182294507581581611","1.559114725379078914"
"10/08/2026 20:00:51.834","58.002361115019354543","0","0.31116565322253803005","2.1781595725577664879"
"10/08/2026 20:00:56.863","59.346111523650833419","0","0","3.107056191225558095"
"10/08/2026 20:01:01.878","58.438000857809427657","0","0.31154461106481640131","0.93463383319444914843"
"10/08/2026 20:01:06.895","58.007217644747321117","0","0","2.1799265862511099101"
"10/08/2026 20:01:11.923","57.68492134081490974","0.62156645447415570516","0","2.175482590659544968"
"10/08/2026 20:01:16.953","58.422925400879741176","0.31063889404521838333","0","3.1063889404521840554"
"10/08/2026 20:01:21.961","57.866528603702271027","0","0","1.5601378576752082949"
"10/08/2026 20:01:26.983","58.448381995625766194","0","0","1.8666145328694094818"
"10/08/2026 20:01:32.000","58.69896490589423621","0","0","2.8027092956176189453"
"10/08/2026 20:01:37.021","58.168890109149614887","0","0","1.2449155904404585193"
"10/08/2026 20:01:42.045","58.093460356918861009","0","0","1.8659684143197459161"
"10/08/2026 20:01:47.065","58.930063346990557704","0","0.31128326221033747467","3.1128326221033746357"
"10/08/2026 20:01:52.083","58.359726739677419971","0","0","1.8679749199211603816"
"10/08/2026 20:01:57.110","57.863028929703183678","0.62166115738944649483","0","0.93249173608416968673"
"10/08/2026 20:02:02.125","59.277130000700786638","0","0.3116049335247461638","4.9856789363959386208"
"10/08/2026 20:02:07.150","57.697136804713622382","0","0","1.8654455609260489624"
"10/08/2026 20:02:12.171","60.595010421874818007","0","0","0.62238875552840544625"
"10/08/2026 20:02:17.197","58.196797275474487776","0","0","2.4870137097327114084"
"10/08/2026 20:02:22.227","60.639878984698547981","0","0","2.7961802616735580429"
"10/08/2026 20:02:27.238","60.077696186302901538","0","0","4.3654363766035917394"
"10/08/2026 20:02:32.258","59.177409776482917891","0","0","1.8675094941194667619"
"10/08/2026 20:02:37.282","59.613488172214900374","0","0.62192895215002030884","4.0425381889751328401"
"10/08/2026 20:02:42.297","57.540877178510555723","0","0","0.62311024371506584796"
"10/08/2026 20:02:47.326","57.660135121630048616","0","0","1.553756545789876542"
"10/08/2026 20:02:52.356","58.58616047669237048","0","0.3105795314671727092","2.1740567202702090199"
"10/08/2026 20:02:57.374","57.864793928662550115","0","0.31139182500102285944","4.0480937250132971172"
"10/08/2026 20:03:02.399","58.186082793846381378","0.62191278760754886701","0","1.554781969018872223"
"10/08/2026 20:03:07.424","58.977463392653852736","0","0","1.5546200043069688945"
"10/08/2026 20:03:12.444","58.080061196621571185","0","0","2.490486044451868608"
"10/08/2026 20:03:17.453","57.796183415702920172","0.31189887729379167647","0","4.0546854048192919606"
"10/08/2026 20:03:22.463","58.990147136790497484","0","0","1.2474479958390722878"
"10/08/2026 20:03:27.483","58.933931790861635136","0","0","1.867523742202839232"
"10/08/2026 20:03:32.506","58.476809853383436177","0","0","1.5555397993892248198"
"10/08/2026 20:03:37.525","57.673312626941999781","0","0.31129716022477782467","2.801674442023000644"
"10/08/2026 20:03:42.548","57.800675494545707522","0","0","1.5553770884085496018"
"10/08/2026 20:03:47.566","58.925822734044388085","0.31138917516764097471","0","2.4911134013411277977"
"10/08/2026 20:03:52.586","59.336818336293248421","0","0.31122263028516278238","2.4897810422813022591"
"10/08/2026 20:03:57.602","58.493071965890663932","0","0","2.4919731054300990891"
"10/08/2026 20:04:02.626","58.287967272451091105","0","0","3.1106620255257442231"
"10/08/2026 20:04:07.653","58.337974598122286807","0","0","2.4861254806401533735"
"10/08/2026 20:04:12.679","57.907772518214308377","0","0","1.2437223116320372807"
"10/08/2026 20:04:17.698","58.35639056657093704","0","0","0.62256272917156618707"
"10/08/2026 20:04:22.720","58.066214043334205996","0.31112477869818944143","0","4.35574690177465218"
"10/08/2026 20:04:27.738","58.857828716975205907","0.31138824432352679716","0","3.4252706875587950464"
"10/08/2026 20:04:32.752","59.047579536661551458","0","0","1.8698845568179129906"
"10/08/2026 20:04:37.761","57.975841854500757222","0","0","2.4955194445684441007"
"10/08/2026 20:04:42.781","58.03875602487676133","0","0","1.8675379905036240125"
"10/08/2026 20:04:47.800","57.875132490861666668","0","0","4.0471004589855228417"
"10/08/2026 20:04:52.822","58.805955795078688197","0","0","3.1111857131962659118"
"10/08/2026 20:04:57.840","58.471740155003203654","0","0.31136465859079404117","2.1795526101355582327"
"10/08/2026 20:05:02.860","58.001862906740463188","0","0","1.5562069790938009017"
"10/08/2026 20:05:07.891","58.555199198679062533","0","0.3105933605376673956","1.2423734421506695824"
"10/08/2026 20:05:12.910","57.799397944874343125","0","0","3.1129996354453290941"
"10/08/2026 20:05:17.932","57.829697409821179122","0","0","1.5557409899248122453"
"10/08/2026 20:05:22.948","58.66443133756899897","0.31152571578491133897","0","2.4922057262792907117"
"10/08/2026 20:05:27.955","59.230527451721911802","0","0","1.8722168747270433453"
"10/08/2026 20:05:32.974","58.236892308378287453","0","0","1.5565099582070351936"
"10/08/2026 20:05:37.999","59.657227589544746138","0","0","2.1770129801525284208"
"10/08/2026 20:05:43.009","58.053869604566244789","0","0","0.93560142145948910208"
"10/08/2026 20:05:48.026","57.866023422906167184","0","0","1.8687280255025660036"
"10/08/2026 20:05:53.055","58.207813840549647466","0","0","2.795853543916591466"
"10/08/2026 20:05:58.084","57.894359083607824346","0","0.31074273739034807829","2.4859418991227846263"
"10/08/2026 20:06:03.111","58.317610886929351466","0","0","1.8646361657272711998"
"10/08/2026 20:06:08.141","58.365342051839874671","0.31063397202858872292","0","2.174437804200121338"
"10/08/2026 20:06:13.163","60.70713060345103429","0","0","2.1780753373308492371"
"10/08/2026 20:06:18.184","58.710188465870558616","0.31118086696323876694","0","0.93354260088971630083"
"10/08/2026 20:06:23.210","58.366340724708607013","0","0","3.1091648369355970871"
"10/08/2026 20:06:28.235","59.320273718881288971","0","0","2.1763216286395210552"
"10/08/2026 20:06:33.249","59.272139695578630381","0","0","2.4931449483757437413"
"10/08/2026 20:06:38.268","58.517646940217240115","0.62262445112167930095","0","1.5565611278041984189"
"10/08/2026 20:06:43.289","59.424194712613143565","0","0","1.8673428858030491906"
"10/08/2026 20:06:48.307","57.699772976116570078","0","0","3.1138883385748625798"
"10/08/2026 20:06:53.323","57.977278933626827495","0.62299145064346739264","0","1.8689743519304020669"
"10/08/2026 20:06:58.341","57.674968983407204348","0","0","1.8681393330250386509"
"10/08/2026 20:07:03.365","58.133014179298527324","0.31098968481548727727","0.31098968481548727727","2.4879174785238982182"
"10/08/2026 20:07:08.396","58.408346966889901353","0","0","1.5530138497427243838"
"10/08/2026 20:07:13.424","59.252190497851728423","0","0.62151092468037383298","2.4860436987214953319"
"10/08/2026 20:07:18.440","60.0003066244620058","0","0","2.8035802971414325313"
"10/08/2026 20:07:23.464","58.54937053155948945","0.31100121052618379114","0","3.7320145263142054937"
"10/08/2026 20:07:28.479","58.020754106007110806","0.31153429974695839855","0","2.4922743979756671884"
"10/08/2026 20:07:33.488","58.813808189326756803","0","0","2.183599261950436965"
"10/08/2026 20:07:38.501","58.596967520272954744","0.62348096345026904341","0","1.558702408625672442"
"10/08/2026 20:07:43.528","58.015162350138218983","0","0","1.5539148380677529904"
"10/08/2026 20:07:48.558","58.845450427480969324","0","0","3.1067364903290326517"
"10/08/2026 20:07:53.573","57.8842701877462531","0","0","1.8692140721453625041"
"10/08/2026 20:07:58.601","58.009849267050618948","0.31075042538501435052","0","1.5537521269250715861"
"10/08/2026 20:08:03.611","59.796339745885958905","0","0.31188293337865169441","1.2475317335146067776"
"10/08/2026 20:08:08.626","58.835671677822162451","0","0","2.1808915931479386785"
"10/08/2026 20:08:13.649","58.429992150064279599","0","0","0.62218908658839267023"
"10/08/2026 20:08:18.674","57.568217425285453714","0","0","0.93278020677612927258"
"10/08/2026 20:08:23.694","58.42709915684416444","0","0","1.2450470782181404239"
"10/08/2026 20:08:28.717","58.163523065287712654","0","0","2.4884149849643000252"
"10/08/2026 20:08:33.741","57.585826592730427365","0","0","1.8660681023494662956"
"10/08/2026 20:08:38.765","57.506141186110525609","0","0","1.5551275136882074523"
"10/08/2026 20:08:43.780","58.124772999471694845","0","0","1.8693428078605718312"
"10/08/2026 20:08:48.802","58.738567921600107979","0","0","4.3555894896628970514"
"10/08/2026 20:08:53.830","59.00289131113601826","0","0.31080490733200016873","1.2432196293280006749"
"10/08/2026 20:08:58.855","58.210873009069572959","0","0","4.0419150118743250033"
"10/08/2026 20:09:03.875","57.928901192036420298","0","0","0.62255498998343883343"
"10/08/2026 20:09:08.901","57.869770005945483149","0","0.31085251276758307792","1.8651150766054984675"
"10/08/2026 20:09:13.924","57.184898770633374454","0","0","1.8665984404196711566"
"10/08/2026 20:09:18.941","58.463753274442041175","0.31142452654004659784","0","2.179971685780326407"
"10/08/2026 20:09:23.963","58.328337369530473211","0","0.31112767803771129715","1.5556383901885562082"
"10/08/2026 20:09:28.982","58.681800869173727619","0","0","3.735857835446759978"
"10/08/2026 20:09:34.007","57.586515069654431898","0","0","2.1765454467664242522"
"10/08/2026 20:09:39.032","58.179558481605923248","0","0","0.31093265069437975301"
"10/08/2026 20:09:44.052","58.983652240815608536","0","0","2.1787198461687338202"
"10/08/2026 20:09:49.076","58.19830237660070793","0","0.31101008132460794542","1.2440403252984317817"
"10/08/2026 20:09:54.097","57.675372095721378685","0","0.311210499296166343","2.1784734950731641234"
"10/08/2026 20:09:59.124","58.006943524484931629","0","0","3.1084380555338326779"
"10/08/2026 20:10:04.134","60.510795666564533235","0.31185946560640170899","0","2.4948757248512136719"
"10/08/2026 20:10:09.156","58.074919109081911017","0","0","1.5556615916621396867"
"10/08/2026 20:10:14.183","57.523479660642017564","0.31082749939127546357","0.31082749939127546357","2.1757924957389280785"
"10/08/2026 20:10:19.209","57.917803414988888733","0","0","4.3519909368769127411"
"10/08/2026 20:10:24.234","59.214197031725632314","0","0","3.420682079727735303"
"10/08/2026 20:10:29.258","59.327278772623373015","0","0","2.1769866782348006318"
"10/08/2026 20:10:34.283","57.591797381682809487","0.31096758284848097231","0","1.2438703313939238893"
"10/08/2026 20:10:39.296","57.634758373395364117","0","0","1.5582617151262623256"
"10/08/2026 20:10:44.314","58.408542005865093927","0","0","2.4912057944250998176"
"10/08/2026 20:10:49.341","57.735571010053163832","0","0","2.1758749096029661452"
"10/08/2026 20:10:54.361","57.487827990134078959","0","0","1.8673843956101350283"
"10/08/2026 20:10:59.382","58.571494809023946004","0.3112000427334919439","0","3.11200042733491955"
"10/08/2026 20:11:04.408","57.846429006354242119","0","0","2.1696690952611787928"
"10/08/2026 20:11:09.434","58.703486452332988677","0.3118188753215027087","0","1.8709132519290163632"
"10/08/2026 20:11:14.460","59.661155037027846504","0","0","1.2435867732667922336"
"10/08/2026 20:11:19.477","56.922848279993765175","0","0","1.8686880203523745791"
"10/08/2026 20:11:24.505","60.625422796143936921","0","0","0.93217246656255092763"
"10/08/2026 20:11:29.534","61.490625103903461479","0","0.31071609191580562559","4.0393091949054733547"
"10/08/2026 20:11:34.567","59.464443765862220914","0","0","0.62093718317301160869"
"10/08/2026 20:11:39.583","59.021232443654405131","0","0","1.8688653746530861088"
"10/08/2026 20:11:44.601","58.268288720386429702","0","0","2.8022227360267124574"
"10/08/2026 20:11:49.631","58.454789480959746584","0","0","1.5534549155469330461"
"10/08/2026 20:11:54.650","57.620149786368799028","0","0","2.8013304790871740302"
"10/08/2026 20:11:59.672","58.354475457628417701","0","0","3.1115031085061088945"
"10/08/2026 20:12:04.688","59.164016805285612577","0","0","1.2460085114143650831"
"10/08/2026 20:12:09.708","58.187138352808922548","0","0","3.1123786199727141444"
"10/08/2026 20:12:14.730","59.013928815181635912","0","0","1.5558177007426023941"
"10/08/2026 20:12:19.760","58.890274782961213873","0","0.3106283832276736101","0.3106283832276736101"
"10/08/2026 20:12:24.782","57.633308103132307565","0","0","3.1116230082227303022"
"10/08/2026 20:12:29.794","60.101918850335202649","1.2468150359270251393","0","1.2468150359270251393"
"10/08/2026 20:12:34.818","58.339662853162074896","0","0","1.5552155259977791246"
"10/08/2026 20:12:39.849","57.63087185524129552","0","0","2.7948486304019430904"
"10/08/2026 20:12:44.874","58.135135635382930275","0","0","2.1768174858698423613"
"10/08/2026 20:12:49.899","58.291949078400115525","0","0","1.2438561467032200891"
"10/08/2026 20:12:54.928","58.014708455204640813","0","0","1.8638556343908503354"
"10/08/2026 20:12:59.946","58.053752588762883136","0","0","1.5571693421908778809"
"10/08/2026 20:13:04.960","58.049194615363639116","0","0","1.558061425771490649"
"10/08/2026 20:13:09.976","58.504844437140320679","0.31148135629089473975","0","2.1803694940362632337"
"10/08/2026 20:13:14.984","58.370150316318891726","0","0","0.93594038637775556211"
"10/08/2026 20:13:19.993","58.490246782302655504","0","0","1.5597841039182576139"
"10/08/2026 20:13:25.014","59.357515177538445528","0","0","2.1784915887219802322"
"10/08/2026 20:13:30.043","59.093399903973953258","0","0","1.2428304837881711808"
"10/08/2026 20:13:35.068","57.775364301271991962","0","0","0.93271170063398722849"
"10/08/2026 20:13:40.090","57.712512460015240379","0","0","2.1780632361007405962"
"10/08/2026 20:13:45.112","57.809902917976785375","0","0","2.178055298807779927"
"10/08/2026 20:13:50.132","59.099798754191091632","0.62250007704060950076","0","2.8012503466827429754"
"10/08/2026 20:13:55.155","60.298908629443140228","0","0","2.1775329526186149032"
"10/08/2026 20:14:00.181","58.221830259524679718","0","0","2.7975152772682294611"
"10/08/2026 20:14:05.198","58.062233616445958262","0","0","1.5572157440939915496"
"10/08/2026 20:14:10.217","57.704844677148713572","0","0","2.8021634913994653004"
"10/08/2026 20:14:15.240","58.531705358816367379","0","0","2.488486519420596732"
"10/08/2026 20:14:20.260","58.966697701700489631","0","0","1.2449070107247046657"
"10/08/2026 20:14:25.278","59.493717562211465122","0.3114370528810349037","0.3114370528810349037","2.4914964230482792296"
"10/08/2026 20:14:30.298","58.120795425971614634","0","0","1.55612461967816329"
"10/08/2026 20:14:35.315","57.87595407587008367","0.31145321198358738579","0","1.5572660599179368734"
"10/08/2026 20:14:40.329","59.722885381046019404","0","0","1.8697306130025994619"
"10/08/2026 20:14:45.355","58.905499307816121757","0","0","1.2435215264220766951"
"10/08/2026 20:14:50.374","58.767590992119281168","0","0","1.8680091252893347153"
"10/08/2026 20:14:55.400","58.50020623190397373","0","0","2.1760191488889302214"
"10/08/2026 20:15:00.419","58.012755231391167854","0.31130486947559626865","0","1.8678292168535775009"
"10/08/2026 20:15:05.449","57.723281183363738478","0.62128818827374110434","0","2.7957968472318350805"
"10/08/2026 20:15:10.480","58.439796859484083313","0","0","1.5529267964123008028"
"10/08/2026 20:15:15.491","60.110655611681337973","0.31178773339456944402","0","1.2471509335782777761"
"10/08/2026 20:15:20.502","58.913101922603672733","0","0","1.2474200857785926466"
"10/08/2026 20:15:25.523","57.895659406505139088","0","0.62232743970329174044","1.2446548794065834809"
"10/08/2026 20:15:30.533","57.798032518299933713","0","0","0.93565563561108333612"
"10/08/2026 20:15:35.562","57.862549844011311961","0.31069086573030435527","0","1.5534543286515218874"
"10/08/2026 20:15:40.581","57.222593947415909099","0","0","2.1792447593422403784"
"10/08/2026 20:15:45.602","58.053127416326624655","0","0.31122187400782463929","1.2448874960312985571"
"10/08/2026 20:15:50.626","57.907450559201478768","0","0","2.7990427622078573044"
"10/08/2026 20:15:55.651","58.898063249824936349","0","0","1.5546831773588936088"
"10/08/2026 20:16:00.667","58.938647621388774667","0","0","2.8036200940760331868"
"10/08/2026 20:16:05.682","58.001990555875259759","0","0","1.8691741952517233472"
"10/08/2026 20:16:10.697","58.022817612888367478","0","0","1.5579562517508935837"
"10/08/2026 20:16:15.722","58.841599510833432873","0","0","3.1092275725544968878"
"10/08/2026 20:16:20.741","57.127857716293476642","0","0","1.5565107024679736281"
"10/08/2026 20:16:25.766","58.26393501810944997","0.31095555837090571583","0","3.1095555837090569362"
"10/08/2026 20:16:30.790","58.091092743327855885","0.93303687409497915173","0","1.8660737481899583035"
"10/08/2026 20:16:35.808","57.727770537740987322","0","0","1.2455905844193437826"
"10/08/2026 20:16:40.831","58.309163926894377994","0","0","2.1773716942794560936"
"10/08/2026 20:16:45.858","58.758212209266183379","0.31081893578580249704","0","1.8649136147148148712"
"10/08/2026 20:16:50.881","58.616277412434492078","0","0","1.2443308535179891106"
"10/08/2026 20:16:55.904","58.222168233987716235","0.31104947056194964805","0","2.4883957644955971844"
"10/08/2026 20:17:00.918","59.083412933332454031","0","0","4.6750683387776232891"
"10/08/2026 20:17:05.944","57.873460111855720811","0","0.31082528579315787942","2.7974275721384209703"
"10/08/2026 20:17:10.964","57.606093608160378494","0","0","0.31129072890542108798"
"10/08/2026 20:17:15.982","59.296773455814452802","0","0","2.8024214834736946855"
"10/08/2026 20:17:21.011","57.337189324198881479","0.31069866854335953521","0","2.1748906798035165799"
"10/08/2026 20:17:26.035","58.101922590302201854","0","0","3.732048770771613011"
"10/08/2026 20:17:31.064","58.725346218078811944","0","0","2.7963068109622621904"
"10/08/2026 20:17:36.079","58.283665861104857697","0","0","2.4922710189614170062"
"10/08/2026 20:17:41.093","60.524101265314754983","0","0","3.1167746447061417392"
"10/08/2026 20:17:46.115","58.148195172588621915","0","0","3.7331226272645894326"
"10/08/2026 20:17:51.137","58.203721071908567808","0","0.62222885402031224977","2.4889154160812489991"
"10/08/2026 20:17:56.166","58.683699356756967802","0","0.31072188778272558096","2.1750532144790795108"
"10/08/2026 20:18:01.189","59.260185726503067372","0","0","3.7327818717159733097"
"10/08/2026 20:18:06.204","58.27052297539086112","0","0","0.62311863038166126483"
"10/08/2026 20:18:11.230","57.487892053974199769","0","0","2.4869972323699998107"
"10/08/2026 20:18:16.254","58.063380311125790456","0","0","1.5550079096907933884"
"10/08/2026 20:18:21.285","58.301032043673174599","0.3106068450671786163","0","2.4848547605374289304"
"10/08/2026 20:18:26.302","58.870474549813444298","0","0","1.8686390778334918128"
"10/08/2026 20:18:31.310","58.246864196808004976","0","0","1.5601358637202700219"
"10/08/2026 20:18:36.340","58.154766338523444347","0.62122359419535833069","0","1.2424471883907166614"
"10/08/2026 20:18:41.358","58.16191838980300588","0","0","2.4908252941116688639"
"10/08/2026 20:18:46.376","58.669725584314456057","0","0","2.1798873972313885794"
"10/08/2026 20:18:51.406","59.123879737372099896","0","0","1.2424942413870896374"
"10/08/2026 20:18:56.422","58.454211583319647616","0.62299213373250816872","0","2.1804724680637788126"
"10/08/2026 20:19:01.443","57.853998055064238315","0","0","2.8006573085445274351"
"10/08/2026 20:19:06.473","57.721384060771519842","0","0","2.7959223056285749109"
"10/08/2026 20:19:11.498","57.286968725575768246","0.62184576199377805672","0","1.8655372859813339481"
"10/08/2026 20:19:16.513","57.827572034269259404","0","0","1.5579747066670150968"
"10/08/2026 20:19:21.540","58.140996682773568693","0","0.31078610166940173754","1.8647166100164103142"
"10/08/2026 20:19:26.563","58.035014863166409782","0","0","3.1106776933372288774"
"10/08/2026 20:19:31.590","58.19415956656579425","0","0","1.5541204622094497712"
"10/08/2026 20:19:36.606","58.375339127664517491","0","0.31150353135355313139","1.8690211881213187883"
"10/08/2026 20:19:41.633","59.048551267945157406","0.31082694289716172875","0","1.5541347144858086438"
"10/08/2026 20:19:46.651","58.429825130597237148","0","0","1.8683224660405739481"
"10/08/2026 20:19:51.659","59.096425836513020613","0","0","0.93605316134956517704"
"10/08/2026 20:19:56.678","57.407261515008123354","0","0","1.8679318951433292462"
"10/08/2026 20:20:01.700","58.331891815091282183","0","0.31110113994625443468","2.1777079796237814868"
"10/08/2026 20:20:06.728","58.006790068269630467","0","0","1.2430922606169774181"
"10/08/2026 20:20:11.755","59.042501188843957038","0.62159825382806566108","0","1.2431965076561313222"
"10/08/2026 20:20:16.783","59.03422610875368548","0","0","1.5539411717354918441"
"10/08/2026 20:20:21.811","58.865442729803582722","0.31074263851186550989","0","2.1751984695830586247"
"10/08/2026 20:20:26.837","57.359379849896939163","0","0","1.2435633162749608616"
"10/08/2026 20:20:31.859","58.745592203576222801","0.62226777155934809294","0","1.2445355431186961859"
"10/08/2026 20:20:36.883","57.661259516722587648","0","0","2.1771988015901562186"
"10/08/2026 20:20:41.899","58.344813641405124827","0","0.62302684904799110477","1.5575671226199776509"
"10/08/2026 20:20:46.929","57.842118886268245603","0.62125359233677235338","0","1.8637607770103168381"
"10/08/2026 20:20:51.949","59.595953619973499826","0","0","2.4899942072774763346"
"10/08/2026 20:20:56.969","59.681798844163878925","0","0","0.93378703862553558146"
"10/08/2026 20:21:01.990","58.173973287476087535","0","0","1.8671465575214776234"
"10/08/2026 20:21:07.009","57.864097211686981836","0","0","2.8019256446939508898"
"10/08/2026 20:21:12.033","58.009318912998210749","0.31097009554334775761","0","1.554850477716738677"
"10/08/2026 20:21:17.051","58.079269550390300481","0","0","1.2455556084778294235"
"10/08/2026 20:21:22.075","58.495932127138196677","0.31103750166716098713","0","1.2441500066686439485"
"10/08/2026 20:21:27.087","58.719360858402168901","0","0","1.5584951350514582025"
"10/08/2026 20:21:32.106","61.043674970973214045","0","0","2.1793748546668307853"
"10/08/2026 20:21:37.124","57.821159056335801552","0","0","1.8681286119768543141"
"10/08/2026 20:21:42.146","58.178180939059288335","0","0","3.1115977262733953701"
"10/08/2026 20:21:47.157","57.492245350618162547","0","0","1.8710428566208181511"
"10/08/2026 20:21:52.177","58.493355690524865054","0.31120257778107601743","0.31120257778107601743","0.93360773334322799677"
"10/08/2026 20:21:57.201","58.009425715655751787","0","0","3.1104129099514263856"
"10/08/2026 20:22:02.220","58.427319194001285041","0","0","0.62266593673614456517"
"10/08/2026 20:22:07.247","58.185150811104961122","0","0","1.2432754710939846188"
"10/08/2026 20:22:12.264","58.110462306018739298","0","0.31144637690692389409","0.31144637690692389409"
"10/08/2026 20:22:17.286","58.345202436521283573","0","0","2.4885946215338332621"
"10/08/2026 20:22:22.318","58.349485793691833635","0","0.31053505836469158519","1.5526752918234578704"
"10/08/2026 20:22:27.336","58.417709786826236495","0.31140493210007280656","0","3.425454253100800539"
"10/08/2026 20:22:32.350","58.156952671852543801","0","0","0.93482257466390505929"
"10/08/2026 20:22:37.376","57.998610327076562498","0","0","1.2436219604138216699"
"10/08/2026 20:22:42.400","58.172471812587353668","0.62197067936673078314","0","2.7988680571502886352"
"10/08/2026 20:22:47.420","59.166292670633282569","0","0","2.1788352515483477845"
"10/08/2026 20:22:52.437","58.57975369391361653","0","0","0.93429127006209866657"
"10/08/2026 20:22:57.459","57.88313584039433124","0","0","1.8666754860031493646"
"10/08/2026 20:23:02.479","59.732416405923004277","0","0","0.93374105730044676399"
"10/08/2026 20:23:07.502","58.737839178481685565","0","0.3111190297403110816","1.8667141784418663786"
"10/08/2026 20:23:12.530","58.325883891798511627","0","0","1.5535550649315423843"
"10/08/2026 20:23:17.556","58.309396691565972048","0","0","1.8654383599073898203"
"10/08/2026 20:23:22.582","57.868759996013039881","0","0","2.1760197549766937541"
"10/08/2026 20:23:27.607","57.767255852971864272","0","0.3109636034665366755","1.243854413866146702"
"10/08/2026 20:23:32.634","57.766778462543385331","0","0","2.1757685172472251978"
"10/08/2026 20:23:37.663","58.115980646674636034","0","0","1.5534175095733764316"
"10/08/2026 20:23:42.683","58.145561250493152272","0","0","2.1788041746585204983"
"10/08/2026 20:23:47.706","58.657990391834879063","0.62212286837064623146","0.31106143418532311573","3.4216757760385547726"
"10/08/2026 20:23:52.731","59.554698700763886166","0.31096820792395152289","0.31096820792395152289","2.4877456633916121831"
"10/08/2026 20:23:57.739","58.409487313493556826","0","0","2.4958207481572109998"
"10/08/2026 20:24:02.756","57.088712263176688566","0","0","0.93433510800196273305"
"10/08/2026 20:24:07.779","58.196547897689598017","0","0","1.8665727228081567812"
"10/08/2026 20:24:12.791","57.800423018362792504","0.6234471427946128852","0","3.117235713973064648"
"10/08/2026 20:24:17.810","58.350626036087739124","0.31132443891864319818","0.31132443891864319818","1.2452977556745727927"
"10/08/2026 20:24:22.827","57.55611953976873707","0","0","1.2457731663928190979"
"10/08/2026 20:24:27.852","57.891037211868322743","0","0.31098242442773810223","3.1098242442773806893"
"10/08/2026 20:24:32.876","58.548592167188786561","0","0","1.2440281424245425157"
"10/08/2026 20:24:37.896","59.042492776096992202","0","0","1.8674522807677753633"
"10/08/2026 20:24:42.919","58.44639792554720259","0","0","2.1773114886201505591"
"10/08/2026 20:24:47.937","58.694807803132455604","0","0","1.5568505939756167589"
"10/08/2026 20:24:52.964","58.133577836532232652","0","0","3.7300942030814874251"
"10/08/2026 20:24:57.989","57.876999997492561079","0","0","1.8656553799590760434"
"10/08/2026 20:25:03.007","57.553471469111940451","0","0","1.245565264520894555"
"10/08/2026 20:25:08.034","58.062703069291728752","0","0","0.62158106792560341436"
"10/08/2026 20:25:13.056","58.049007320932076937","0","0","2.8006226155001163747"
"10/08/2026 20:25:18.072","59.486852138514791477","0","0","3.737878061446728406"
"10/08/2026 20:25:23.096","59.550632960018546669","0.31099945252153976538","0","2.1769961676507785242"
"10/08/2026 20:25:28.118","57.586054068848355314","0","0","2.8003705868549202407"
"10/08/2026 20:25:33.134","58.576533722214762179","0","0.62290926733511642333","3.4260009703431402173"
"10/08/2026 20:25:38.152","58.480128325041000892","0","0","0.62274942095762431116"
"10/08/2026 20:25:43.171","59.204355093858175962","0.62268572622989404319","0","1.5567143155747349414"
"10/08/2026 20:25:48.193","57.908987994449830694","0.3111370764819538226","0","3.1113707648195387812"
"10/08/2026 20:25:53.214","57.710446149708793939","0","0","1.2446684378530874504"
"10/08/2026 20:25:58.237","57.299840622911069943","0","0","4.0444594459736675773"
"10/08/2026 20:26:03.257","58.071698140041306146","0.31122840167016019297","0","1.5561420083508006318"
"10/08/2026 20:26:08.276","59.064048269293458304","0","0","1.2452000526450659468"
"10/08/2026 20:26:13.297","59.297252019688549751","0","0","1.8673662441412754998"
"10/08/2026 20:26:18.324","57.295604098186515785","0","0.31078933469660285915","0.31078933469660285915"
"10/08/2026 20:26:23.338","58.106201825226392543","0","0","1.5581142511680972085"
"10/08/2026 20:26:28.355","61.642267066813175802","0","0","1.2458233522949639926"
"10/08/2026 20:26:33.377","61.036437070877511246","0.62232792304338702127","0.31116396152169351064","2.17814773065185463"
"10/08/2026 20:26:38.401","58.821181532210509602","0.3110035937684393903","0","2.1770251563790758986"
"10/08/2026 20:26:43.423","57.815163864900355861","0","0","1.8666716577318633874"
"10/08/2026 20:26:48.441","58.871886011647504233","0.62271098912927946856","0","2.8021994510817576085"
"10/08/2026 20:26:53.457","58.411590570456752403","0","0.31152366613890075664","1.5576183306945035056"
"10/08/2026 20:26:58.473","58.288941798537805994","0","0.31149447713812949967","2.803450294243165164"
"10/08/2026 20:27:03.495","58.674657498919771115","0","0","2.1780886531767156278"
"10/08/2026 20:27:08.512","59.462522238698802823","0","0","0.93435723338407861149"
"10/08/2026 20:27:13.527","58.003294589029088968","0","0","1.2460774975669588471"
"10/08/2026 20:27:18.546","57.899563864100343835","0","0","1.2454022985184673988"
"10/08/2026 20:27:23.566","58.885083082433112622","0","0.62251117542022293971","2.8013002893910030622"
"10/08/2026 20:27:28.579","57.98473269348393444","0.6233141222934329706","0","1.8699423668802988008"
"10/08/2026 20:27:33.604","58.075798973320999607","0","0","1.8658893474476436758"
"10/08/2026 20:27:38.627","57.649281883235325097","0.62208996268893523851","0","1.8662698880668053825"
"10/08/2026 20:27:43.656","57.585082398170882811","0","0","0.62146399416599429344"
"10/08/2026 20:27:48.675","58.560425781992641703","0","0","2.1789822277328587674"
"10/08/2026 20:27:53.701","59.091241440909058724","0.62174319721919035775","0","2.486972788876761431"
"10/08/2026 20:27:58.726","59.509514339164759633","0","0.31094204973516592627","1.8656522984109955576"
"10/08/2026 20:28:03.735","57.770952979860588528","0","0","1.8716475797211067356"
"10/08/2026 20:28:08.758","58.072919248589293773","0","0","2.1775251058939169013"
"10/08/2026 20:28:13.775","57.800100174527081265","0","0","1.2457535003829645071"
"10/08/2026 20:28:18.792","57.311291362830083074","0","0","1.2458173426863585753"
"10/08/2026 20:28:23.817","57.732832108109775504","0","0","2.4874470487196953528"
"10/08/2026 20:28:28.838","57.666581474881716929","0","0","2.8008326275401085326"
"10/08/2026 20:28:33.865","57.98584286294077117","0","0","1.865137154725809987"
"10/08/2026 20:28:38.894","58.533292701399389557","0","0.31068476831784469505","0.93205430495353414067"
"10/08/2026 20:28:43.915","59.188427154922628404","0","0","0.93350274126191656876"
"10/08/2026 20:28:48.942","58.292739624027504419","0","0","1.8648798193865385731"
"10/08/2026 20:28:53.961","57.918322166039800436","0.31135576755423821638","0","1.5567788377711908598"
"10/08/2026 20:28:58.986","58.547605061527427495","0","0","0.93282464556345023876"
"10/08/2026 20:29:04.005","59.083272937467313568","0","0.62260356153543638946","1.5565089038385910847"
"10/08/2026 20:29:09.021","60.624841099189218596","0","0","1.8689815430148144504"
"10/08/2026 20:29:14.040","59.155300147578991243","0","0.31134597124988461214","1.2453838849995384486"
"10/08/2026 20:29:19.057","58.292440352927599179","0","0","1.8683741473936150701"
"10/08/2026 20:29:24.074","58.157534352795401844","0","0.3114582220804564261","1.8687493324827382235"
"10/08/2026 20:29:29.101","58.641226793645230941","0","0.3108221509469731858","1.8649329056818388928"
"10/08/2026 20:29:34.117","59.344595552036317088","0.93460699880376296722","0","0.62307133253584190413"
"10/08/2026 20:29:39.138","57.800371523262093376","0","0.31114933806139605244","3.1114933806139601913"
"10/08/2026 20:29:44.161","58.330682176897497015","0.31111017130950563425","0.31111017130950563425","3.4222118844045619213"
"10/08/2026 20:29:49.188","59.120784169341234815","0.31079470055751101665","0","2.7971523050175988168"
"10/08/2026 20:29:54.216","58.645302217555695279","0.93237456916587280187","0.31079152305529089695","1.8647491383317456037"
"10/08/2026 20:29:59.240","58.403892938421279268","0","0","1.865993632453472717"
"10/08/2026 20:30:04.268","58.570822436502666619","0","0.31076739099567746161","3.107673909956774505"
"10/08/2026 20:30:09.288","58.452272909024586056","0","0.31121892952041513292","0.62243785904083026583"
"10/08/2026 20:30:14.304","58.034487438150385685","0.62300922386587453961","0","2.4920368954634981584"
"10/08/2026 20:30:19.323","60.411089227045252414","0","0.31134066078144811973","3.1134066078144813083"
"10/08/2026 20:30:24.343","58.810657701543611608","0","0","3.734759715419675441"
"10/08/2026 20:30:29.365","57.722320520578684011","0","0","1.5557563562678671243"
"10/08/2026 20:30:34.387","58.104045502904746456","0","0.31113264049420885637","3.1113264049420887858"
"10/08/2026 20:30:39.414","58.082874114118574482","0","0","2.4862799118369123264"
"10/08/2026 20:30:44.431","57.919445685869597185","0","0","0.31149150265135583382"
"10/08/2026 20:30:49.454","58.047256445693165006","0.31104906807509419275","0","1.8662944084505652675"
"10/08/2026 20:30:54.472","58.035837847246327215","0","0.3113501527508757416","2.1794510692561304133"
"10/08/2026 20:30:59.492","58.014688370978475973","0.62258107330426937231","0","0.62258107330426937231"
"10/08/2026 20:31:04.507","59.768624406819562012","0","0","1.5578461216530958833"
"10/08/2026 20:31:09.522","58.085266386021537244","0.31156131560588995466","0.31156131560588995466","0.62312263121177990932"
"10/08/2026 20:31:14.548","58.393248692236724651","0","0","1.865163723375310223"
"10/08/2026 20:31:19.576","57.757976395480902454","0","0","2.1752214837860432972"
"10/08/2026 20:31:24.599","58.565493043038451049","0.31109906491286565267","0.31109906491286565267","3.4220897140415229565"
"10/08/2026 20:31:29.620","58.532905497075837786","0.31119769986560241737","0","0.62239539973120483474"
"10/08/2026 20:31:34.636","58.600506771270687523","0","0.62298792344389486431","2.4919516937755794572"
"10/08/2026 20:31:39.663","57.697065846712924042","0","0.31083670656642892194","1.5541835328321444987"
"10/08/2026 20:31:44.691","60.86419267662848398","0","0","3.4183137569114827592"
"10/08/2026 20:31:49.708","60.740857862757337671","0","0.62285202006655804308","1.2457040401331160862"
"10/08/2026 20:31:54.725","61.048559378855259183","0","0","2.1801906492255933578"
"10/08/2026 20:31:59.753","58.816364311716576196","0","0","1.5537329994015567358"
"10/08/2026 20:32:04.782","59.121579243477697219","0.31071483143606054567","0","6.2142966287212102472"
"10/08/2026 20:32:09.789","58.111044016113474697","0","0","1.2480881037573781089"
"10/08/2026 20:32:14.804","60.206931759502815282","0","0.31156793828127282708","2.8041114445314549997"
"10/08/2026 20:32:19.825","59.156996503696909429","0","0.31118479613024330188","2.8006631651721893839"
"10/08/2026 20:32:24.849","58.883222346438287786","0","0","1.5552445354032182756"
"10/08/2026 20:32:29.876","57.789402391932867431","0","0","1.5540026822533847817"
"10/08/2026 20:32:34.892","58.526934487262053608","0","0.31153475318213064149","1.8692085190927836269"
"10/08/2026 20:32:39.913","59.571349130297690522","0.31113921397930865975","0","1.5556960698965431877"
"10/08/2026 20:32:44.936","59.217340968141563451","0","0","1.2443815178961772361"
"10/08/2026 20:32:49.950","58.679302877651572601","0","0.93490144144350773026","2.1814366967015179632"
"10/08/2026 20:32:54.966","57.637664035935699758","0.31148776444164927302","0","0.93446329332494781905"
"10/08/2026 20:32:59.990","61.746744509872875994","0.62200415431101030439","0","2.4880166172440412176"
"10/08/2026 20:33:05.010","59.202565930183759235","0","0","1.2451291047473924678"
"10/08/2026 20:33:10.034","59.020418024844900629","0","0","2.4877337312911227407"
"10/08/2026 20:33:15.046","57.483627672390682051","0","0","1.870564480093512838"
"10/08/2026 20:33:20.069","57.971603850849874107","0","0","1.5555270699142369484"
"10/08/2026 20:33:25.094","58.445434029529906184","0.31090626958958222925","0","2.7981564263062401743"
"10/08/2026 20:33:30.121","59.085362847736220715","0","0","1.5542122563955063086"
"10/08/2026 20:33:35.139","58.76328432640289634","0.31136735764513573388","0","2.1795715035159504147"
"10/08/2026 20:33:40.156","59.014627963208788231","0","0.31145379555535002147","0.93436138666605006442"
"10/08/2026 20:33:45.180","58.603666380159488369","0","0","1.2441255130350612479"
"10/08/2026 20:33:50.204","57.833497336665764976","0","0","2.48781399048667895"
"10/08/2026 20:33:55.227","58.230009663174108425","0","0.31106346536804524439","2.1774442575763162111"
"10/08/2026 20:34:00.244","57.592932888364799737","0","0","0.62291767342621040537"
"10/08/2026 20:34:05.260","58.981629381745939611","0","0","3.1148264162557537382"
"10/08/2026 20:34:10.277","60.337963274327165664","0.31145648373862278024","0","1.5572824186931137902"
"10/08/2026 20:34:15.291","59.08153609373716364","0","0","1.2464453621872073619"
"10/08/2026 20:34:20.305","57.941461263462443299","0.62323370581901249565","0.31161685290950624783","3.4277853820045689481"
"10/08/2026 20:34:25.323","58.192367397608975921","0","0","2.1799138561822086757"
"10/08/2026 20:34:30.339","58.413480991032052714","0","0","2.8035855511663783091"
"10/08/2026 20:34:35.369","58.524734459903761774","0.62120687355764458992","0","1.2424137471152891798"
"10/08/2026 20:34:40.383","58.131270024125683449","0","0.31165372301437788138","2.1815760611006451697"
"10/08/2026 20:34:45.403","59.199252434397628519","0","0","1.2449334445633228885"
"10/08/2026 20:34:50.429","58.28521340442549814","0","0","3.7304326868191739486"
"10/08/2026 20:34:55.456","59.45243477667827392","0","0","2.176007373536519296"
"10/08/2026 20:35:00.481","59.629487501819490092","0","0","1.8654966006672208945"
"10/08/2026 20:35:05.499","59.398741404659951115","0","0","1.5570952290343083035"
"10/08/2026 20:35:10.519","58.344565295765718815","0","0","1.2448974144775395434"
"10/08/2026 20:35:15.537","58.004261863523275622","0","0","0.9341035248553439807"
"10/08/2026 20:35:20.556","58.180765389630373363","0","0","2.4908618250397132066"
"10/08/2026 20:35:25.568","58.602095817533459865","0","0.31170186866317578511","1.8702112119790548217"
"10/08/2026 20:35:30.595","58.668534003213792971","0","0","1.5541796989815024332"
"10/08/2026 20:35:35.622","57.755569841259266184","0","0","0"
"10/08/2026 20:35:40.641","58.461914050729248515","0","0","2.1790471709572529768"
"10/08/2026 20:35:45.665","58.911461293341083945","0.31105587953145208413","0","2.7995029157830688682"
"10/08/2026 20:35:50.676","58.402929270500315795","0.31180751915301380128","0","1.2472300766120552051"
"10/08/2026 20:35:55.707","57.763493291829057341","0.62112509864957266004","0","3.1056254932478633002"
"10/08/2026 20:36:00.735","58.869823868334506756","0","0","3.4186120317799342239"
"10/08/2026 20:36:05.757","59.537688401790077819","0","0","1.555494890978275091"
"10/08/2026 20:36:10.782","58.708356696260132424","0.62194992027398121603","0","3.1097496013699057471"
"10/08/2026 20:36:15.795","57.887165394365894144","0","0","1.8699501248897303363"
"10/08/2026 20:36:20.813","58.472548315678587016","0.62271716867700355191","0","6.2271716867700357412"
"10/08/2026 20:36:25.845","57.733846842940536703","0","0","2.7950979993657485423"
"10/08/2026 20:36:30.854","58.425410454642680236","0.31193127442322060583","0","1.871587646539323746"
"10/08/2026 20:36:35.870","58.828345393520422135","0","0","2.4917124150049483333"
"10/08/2026 20:36:40.895","59.262422107760833967","0","0","1.8658432622399616641"
"10/08/2026 20:36:45.924","59.679999694592453352","0.31067662645228649732","0","4.3494727703320110734"
"10/08/2026 20:36:50.948","59.808127809899957583","0","0.31103745832570833807","3.7324494999085002789"
"10/08/2026 20:36:55.963","59.99557993847166415","0","0","2.1808202348534533321"
"10/08/2026 20:37:00.982","59.522808468456965159","0","0","1.556440900091216939"
"10/08/2026 20:37:06.012","58.760903424267340256","0","0","2.1745662453598235686"
"10/08/2026 20:37:11.032","58.165733128586026623","0.31125240077691784801","0","1.8675144046615070881"
"10/08/2026 20:37:16.049","58.102162318665186547","0","0","1.8686143468203237905"
"10/08/2026 20:37:21.064","57.685554262989327867","0","0","1.5578258991721238846"
"10/08/2026 20:37:26.084","58.159226700535128884","0","0","4.0469103301497844072"
"10/08/2026 20:37:31.111","58.297921759683632104","0.3107746846144135433","0","0.62154936922882708661"
"10/08/2026 20:37:36.136","57.423631443863598633","0","0.3109892329656070431","2.1769246307592493572"
"10/08/2026 20:37:41.157","57.561459582201145224","0","0","1.2447601076412775356"
"10/08/2026 20:37:46.180","60.077745401279791793","0","0","2.4884580339469475341"
"10/08/2026 20:37:51.198","58.39570037683554915","0","0.31135117022508013163","0.62270234045016026325"
"10/08/2026 20:37:56.229","58.088337741144556503","0","0","2.7954050359512443436"
"10/08/2026 20:38:01.259","57.976632222171907927","0","0","1.2425481405893321618"
"10/08/2026 20:38:06.278","59.580851541463594856","0.31129067308992641738","0","2.8016160578093378675"
"10/08/2026 20:38:11.308","57.364055843387347977","0","0","1.5532220455619221156"
"10/08/2026 20:38:16.338","58.897063485478881262","0","0","1.2426017727135825197"
"10/08/2026 20:38:21.362","57.623288813202400149","0","0","3.4212389879398812376"
"10/08/2026 20:38:26.383","58.397496345956632524","0.93357651399920638102","0","2.8007295419976192541"
"10/08/2026 20:38:31.392","58.633885081655769511","0","0","0.93570854855544860484"
"10/08/2026 20:38:36.418","61.013842100092219312","0","0","2.1761524097363817987"
"10/08/2026 20:38:41.443","57.802266060236483725","0.62198409862323167374","0","1.2439681972464633475"
"10/08/2026 20:38:46.466","58.075196235370562192","0","0","1.8663487271103527121"
"10/08/2026 20:38:51.494","57.736613261192680113","0","0","1.864561179653264178"
"10/08/2026 20:38:56.514","58.610620774141032996","0","0.31127147994836934508","2.8014433195353243278"
"10/08/2026 20:39:01.540","58.10076728492043685","0","0","3.4195525468489140763"
"10/08/2026 20:39:06.563","58.711119417559352485","0.31102734152281097391","0.31102734152281097391","1.8661640491368658434"
"10/08/2026 20:39:11.575","58.890734340863502894","0","0","1.247211658782925392"
"10/08/2026 20:39:16.593","59.624413678747067991","0","0","0.62265967135922917208"
"10/08/2026 20:39:21.621","58.955521443044354157","0","0","1.2431834263638985583"
"10/08/2026 20:39:26.639","58.473815203148959085","0","0","2.179443599556495581"
"10/08/2026 20:39:31.657","58.295078425898196883","0","0","1.8682559696009344297"
"10/08/2026 20:39:36.673","58.389234191819170405","0","0","1.5577263476077560789"
"10/08/2026 20:39:41.704","57.800824330660425687","0","0.3105735063287725084","3.105735063287724973"
"10/08/2026 20:39:46.723","57.983546995188028461","0.31130504934199976219","0","1.8678302960519983511"
"10/08/2026 20:39:51.741","58.490511819438737007","0","0","1.2454792590239356365"
"10/08/2026 20:39:56.766","57.666100361785218809","0","0.31092145797628356618","1.2436858319051342647"
"10/08/2026 20:40:01.796","58.409598421988071948","0","0","2.7959933499795925904"
"10/08/2026 20:40:06.816","59.617239117261803472","0","0","0.31123515898798237433"
"10/08/2026 20:40:11.839","58.030015432192485036","0","0.31110481313292781547","3.7332577575951333415"
"10/08/2026 20:40:16.869","58.228235129314633411","0","0","1.2425716828172157502"
"10/08/2026 20:40:21.887","58.216960319896941201","0","0.31137803022636717509","1.5568901511318355979"
"10/08/2026 20:40:26.908","59.667942201626814835","0.62228826686524663092","0","3.7337296011914800076"
"10/08/2026 20:40:31.922","58.377511762277343621","0","0","1.8697982213482091662"
"10/08/2026 20:40:36.935","61.130907676792681116","0","0","1.2469282670298680316"
"10/08/2026 20:40:41.960","58.33535396502262671","0","0","1.5546509714543794711"
"10/08/2026 20:40:46.978","59.025487427565323628","0","0","2.4909701832662562992"
"10/08/2026 20:40:52.001","59.094658367346333705","0","0","0.93320171025065390413"
"10/08/2026 20:40:57.021","58.448159587751959521","0","0","2.8012476682414408913"
"10/08/2026 20:41:02.043","57.955534262886068575","0","0.3111523865676799061","0.9334571597030396628"
"10/08/2026 20:41:07.063","57.582525600283972267","0.31025352249935711502","0","3.4127887474929279321"
"10/08/2026 20:41:12.110","58.9248545349078654","0","0","3.1058711878238876025"
"10/08/2026 20:41:17.135","57.535422371169410383","0","0","2.7985808105657214995"
"10/08/2026 20:41:22.160","57.38637136945725814","0","0","2.487252334336060855"
"10/08/2026 20:41:27.186","58.096460415727413817","0","0","1.5545018393164227177"
"10/08/2026 20:41:32.213","60.571725160200138305","0","0","1.5542064435757907415"
"10/08/2026 20:41:37.241","60.430341733366624624","0","0.3107310578048860239","2.4858484624390881912"
"10/08/2026 20:41:42.258","59.071900781109711431","0","0","1.5573117846432253941"
"10/08/2026 20:41:47.285","58.131753095031911016","0","0","2.7970435930457013818"
"10/08/2026 20:41:52.316","58.72532364887470635","0","0.31062785214766308606","1.5531392607383154303"
"10/08/2026 20:41:57.334","58.343919238937935745","0","0","2.17962210464230699"
"10/08/2026 20:42:02.350","57.972387097154864932","0.62291967254478253224","0.31145983627239126612","0.62291967254478253224"
"10/08/2026 20:42:07.377","58.986991991323755258","0.62170359078685810683","0","1.5542589769671453226"
"10/08/2026 20:42:12.399","58.647624973704992613","0","0","1.2445576985312467588"
"10/08/2026 20:42:17.419","58.20909794993291797","0","0","0.93365758821515576482"
"10/08/2026 20:42:22.445","59.853027773406161316","0","0","0.62183113609384310649"
"10/08/2026 20:42:27.475","58.251231407131456308","0","0","1.8636976058692060754"
"10/08/2026 20:42:32.488","57.896234085822563031","0.31166332111466843457","0","2.8049698900320154671"
"10/08/2026 20:42:37.510","58.740308233055237963","0","0","0.62234744317464985031"
"10/08/2026 20:42:42.529","58.223487686299513655","0","0.622658802901091879","1.556647007252729642"
"10/08/2026 20:42:47.552","57.845377937813815095","0","0","0.93309745956627432317"
"10/08/2026 20:42:52.575","58.234171188671247421","0","0","1.8666291761248350323"
"10/08/2026 20:42:57.600","59.010749801590812069","0","0.31089262914663862158","2.1762484040264702401"
"10/08/2026 20:43:02.615","59.120587290109583023","3.4277163378113115755","0","3.4277163378113115755"
"10/08/2026 20:43:07.635","60.036943687288555793","0","0.31122361593081687703","0.9336708477924506866"
"10/08/2026 20:43:12.654","58.75436284385842356","0","0","1.5568063233696665115"
"10/08/2026 20:43:17.683","58.660278298370791106","0.31067897383560105773","0","2.1747528168492071821"
"10/08/2026 20:43:22.699","58.174169065389627065","0","0","2.1803551940645697904"
"10/08/2026 20:43:27.730","58.266996487633690549","0.31057118523127374976","0","3.1057118523127376086"
"10/08/2026 20:43:32.749","59.641914077288106455","0","0","1.2453797159765100933"
"10/08/2026 20:43:37.768","59.814438640299158578","0","0","1.8677384570077684156"
"10/08/2026 20:43:42.796","58.576201491744036787","0","0","0.93239969905419761709"
"10/08/2026 20:43:47.825","57.861821197040576692","0.3106962529037671783","0","0.3106962529037671783"
"10/08/2026 20:43:52.836","59.048236709204424244","0","0","1.8707443559094032448"
"10/08/2026 20:43:57.856","58.258975357172396059","0.31128239401322577162","0.31128239401322577162","1.2451295760529030865"
"10/08/2026 20:44:02.875","59.002851884249210457","0","0","2.179250490851889932"
"10/08/2026 20:44:07.898","58.459030956402038726","0","0.3110226919767411502","2.1771588438371884955"
"10/08/2026 20:44:12.923","58.556744221247328142","0","0","1.5547294312082327039"
"10/08/2026 20:44:17.943","58.355719056770226416","0","0","2.4902909532431340978"
"10/08/2026 20:44:22.965","58.836786480609148953","0","0","3.4221660950479528829"
"10/08/2026 20:44:27.985","61.105001554595460789","0.31123780000111944677","0","1.8674268000067169027"
"10/08/2026 20:44:33.000","57.970476970098957281","0","0","1.2464733280833870666"
"10/08/2026 20:44:38.018","58.13462111287159928","0.31133909745376026068","0","2.1793736821763216582"
"10/08/2026 20:44:43.037","59.524781783029354187","0.31134783243823571652","0","1.2453913297529428661"
"10/08/2026 20:44:48.066","58.534448641670365987","0.62135221512362948104","0","2.4854088604945179242"
"10/08/2026 20:44:53.077","58.492242211980304489","0","0","0.62359073482655080767"
"10/08/2026 20:44:58.091","57.869411222193235744","0","0","1.8698735546625371295"
"10/08/2026 20:45:03.116","57.835325604395634969","0","0","2.1767427549791684704"
"10/08/2026 20:45:08.144","58.291216370013408721","0","0","1.5537614900040681576"
"10/08/2026 20:45:13.170","58.751515028282753406","0","0.3108694091231029577","2.4869552729848236616"
"10/08/2026 20:45:18.196","57.931970561700488531","0.6217907390228665232","0","1.554476847557166197"
"10/08/2026 20:45:23.223","57.562570666857212132","0","0","2.4866060457310323883"
"10/08/2026 20:45:28.254","58.390337539988877325","0","0","2.1741461335501988117"
"10/08/2026 20:45:33.285","59.20485965778803461","0","0","2.1736706292491780879"
"10/08/2026 20:45:38.303","58.922124594342982107","0","0","0.62283439236107263071"
"10/08/2026 20:45:43.326","57.989540301764819219","0.31104459744498708096","0","3.4214905718948585012"
"10/08/2026 20:45:48.351","58.838097930950929992","0","0","1.243796836911209347"
"10/08/2026 20:45:53.372","58.276640585399960059","0","0","3.423455070167333858"
"10/08/2026 20:45:58.392","57.302633046659742888","0","0","3.1123365251464840675"
"10/08/2026 20:46:03.413","57.52220516300150166","0","0","2.4895410893478970848"
"10/08/2026 20:46:08.429","57.479415327045835227","0","0.31150611482017703802","2.8035550333815932866"
"10/08/2026 20:46:13.446","58.149385421982223932","0","0.31144644519412623129","1.8686786711647571657"
"10/08/2026 20:46:18.462","57.901485696424195737","0","0","3.7377640555876285866"
"10/08/2026 20:46:23.485","59.590869803214182809","0","0","2.7995740307511383094"
"10/08/2026 20:46:28.514","58.511021447452705502","0.31070613193316126699","0","1.242824527732645068"
"10/08/2026 20:46:33.536","57.96981131294035805","0","0","1.5555934141361815737"
"10/08/2026 20:46:38.556","58.02204229021023707","0","0","1.5565407215857800516"
"10/08/2026 20:46:43.577","57.682541435612513681","0","0","2.1781044849317088286"
"10/08/2026 20:46:48.602","58.095654420140050433","0","0","1.8658706308599160018"
"10/08/2026 20:46:53.625","58.372115766086764665","0.62203702615184985891","0","2.4881481046073994357"
"10/08/2026 20:46:58.650","57.940178910572683435","0","0","3.4207618700934459"
"10/08/2026 20:47:03.676","58.315443805362285445","0","0","5.2846417993689547288"
"10/08/2026 20:47:08.699","57.712280272273375203","0","0","1.5554104082509838669"
"10/08/2026 20:47:13.720","59.625379473521753937","0","0","1.2446896808394602996"
"10/08/2026 20:47:18.747","57.277989323819348044","0","0.31084681715538614588","2.1759277200877029657"
"10/08/2026 20:47:23.758","58.577777497507653948","0","0","2.1826812073911940892"
"10/08/2026 20:47:28.791","57.766209017821410043","0","0","1.2418849524535902074"
"10/08/2026 20:47:33.817","58.22769339660667498","0","0","2.1760458170699399361"
"10/08/2026 20:47:38.836","58.306509211712494789","0","0","2.8016157229164693199"
"10/08/2026 20:47:43.853","58.311153561499210696","2.1803179020116991715","0","2.1803179020116991715"
"10/08/2026 20:47:48.876","56.510067202276047738","0.31105897574659729932","0.31105897574659729932","1.8663538544795836849"
"10/08/2026 20:47:53.892","58.869706405992829445","0","0","2.4921550448206106765"
"10/08/2026 20:47:58.906","58.866664833200189832","0.3116161755060591898","0","2.1813132285424141621"
"10/08/2026 20:48:03.929","58.287264731193765499","0","0","1.5553572086620843784"
"10/08/2026 20:48:08.952","58.375812002720152805","0","0","1.2442541091790575436"
"10/08/2026 20:48:13.977","58.605260194280909047","0.93283921810103309635","0.31094640603367768028","2.1766248422357437065"
"10/08/2026 20:48:19.000","59.961562329020033246","0.31105365029471365723","0","1.8663219017682819434"
"10/08/2026 20:48:24.026","58.337036984194853062","0.31091763444630704516","0.31091763444630704516","6.8401879578187552156"
"10/08/2026 20:48:29.047","58.368179507973707132","0","0","2.1783527048886854871"
"10/08/2026 20:48:34.065","57.405982570745585747","0","0","0.62266266135505865531"
"10/08/2026 20:48:39.095","58.662610935958817038","0.31066144344540141953","0","2.4852915475632113562"
"10/08/2026 20:48:44.119","58.172512604845493911","0.62197007279040150696","0","1.5549251819760039339"
"10/08/2026 20:48:49.148","58.79436961437666298","0","0","4.9710845928272098249"
"10/08/2026 20:48:54.172","58.663299101793818124","0.31102149091819236704","0","0.9330644727545770456"
"10/08/2026 20:48:59.201","58.227310342940455712","0","0","3.4179421250076509331"
"10/08/2026 20:49:04.222","58.514241830194222871","0","0","2.4895344948903797011"
"10/08/2026 20:49:09.240","59.112664437499240933","0.31137426991950384325","0","1.5568713495975190497"
"10/08/2026 20:49:14.262","59.561501648276248488","0","0","2.4891213449443476691"
"10/08/2026 20:49:19.284","57.186106679571949485","0","0","2.7998186693083551013"
"10/08/2026 20:49:24.312","58.030547545479336691","0","0.31081288280709246097","2.4865030624567396877"
"10/08/2026 20:49:29.343","58.004480623717455501","0","0","1.8634481124612305436"
"10/08/2026 20:49:34.351","58.323734366401993157","0","0","1.559813408581327554"
"10/08/2026 20:49:39.377","57.855270452697226347","0","0","1.5544390521409694461"
"10/08/2026 20:49:44.394","57.621571520328771498","0","0","0.62292593073805180293"
"10/08/2026 20:49:49.414","58.608912908970076217","0","0","1.8672670868133796063"
"10/08/2026 20:49:54.441","59.718719267258336458","0","0","2.7974459919854886003"
"10/08/2026 20:49:59.465","60.168408196239518304","0","0","2.4882595949877774899"
"10/08/2026 20:50:04.494","58.494187393418272336","0.31068677605134464859","0","0.62137355210268929717"
"10/08/2026 20:50:09.522","58.157333107680329931","0","0","2.7966321886249607687"
"10/08/2026 20:50:14.541","57.872914933669285631","0","0","3.4246498916904037912"
"10/08/2026 20:50:19.559","57.973365200626879812","0","0.31138048750566110767","3.1138048750566116318"
"10/08/2026 20:50:24.570","59.064816407970745615","0","0.31181287667244950157","2.4945030133795960126"
"10/08/2026 20:50:29.594","57.272791115637922132","0","0.31102608470770037874","1.8661565082462021614"
"10/08/2026 20:50:34.619","58.244802024935893314","0","0","2.7985797523685289612"
"10/08/2026 20:50:39.635","57.389792959382489812","0","0","1.2460832364063334499"
"10/08/2026 20:50:44.665","57.763703286729196407","0","0","2.4850590792975393306"
"10/08/2026 20:50:49.694","58.206674650284604411","0","0","1.5532943080854728635"
"10/08/2026 20:50:54.723","59.501370110570881877","0.31070634200064500829","0","2.7963570780058049081"
"10/08/2026 20:50:59.740","58.892423775043553746","0","0","1.8685261920434748095"
"10/08/2026 20:51:04.764","57.737543709225747079","0","0","0.31103924771858432186"
"10/08/2026 20:51:09.782","58.686247004903549396","0","0","1.2454452076045567921"
"10/08/2026 20:51:14.805","57.805708407065559129","0","0","2.7999897577619101696"
"10/08/2026 20:51:19.823","57.579006752667581281","0","0","1.5567337337116333718"
"10/08/2026 20:51:24.840","58.176345963127239713","0","0","1.8687786117480571502"
"10/08/2026 20:51:29.855","58.576700213309472076","0.31152656670648093407","0","2.4922125336518474725"
"10/08/2026 20:51:34.877","59.578690887608317439","0","0","1.2446301923905540576"
"10/08/2026 20:51:39.898","59.107750622732567081","0","0","1.2447580995861846631"
"10/08/2026 20:51:44.920","57.28107611714010261","0","0","1.8666439311095097686"
"10/08/2026 20:51:49.947","57.666213645704388568","0","0","3.1084927842581868696"
"10/08/2026 20:51:54.975","58.433917516382038571","0","0","2.796970103198997748"
"10/08/2026 20:52:00.004","57.356343033574773926","0","0","2.7963053096513661444"
"10/08/2026 20:52:05.030","60.756234425462366744","0","0.31084171539985055999","1.865050292399103693"
"10/08/2026 20:52:10.050","57.482977572137762934","0","0","0.93379868348230743447"
"10/08/2026 20:52:15.070","58.631617907931222078","0.31125987839250857103","0.31125987839250857103","3.1125987839250859324"
"10/08/2026 20:52:20.090","59.342750404662034214","0","0","1.5562583767785891364"
"10/08/2026 20:52:25.109","58.422581033979525955","0.62259119466783019448","0","1.5564779866695754862"
"10/08/2026 20:52:30.130","57.853245965472851253","0","0.31118969843198829306","0.9335690952959649902"
"10/08/2026 20:52:35.159","57.934140914955342794","0","0.31073579750963903345","1.8644147850578340897"
"10/08/2026 20:52:40.179","57.426943234456871323","0","0","0.93374766032716238762"
"10/08/2026 20:52:45.209","57.80286739740738966","0","0","2.4850393177950782508"
"10/08/2026 20:52:50.230","57.183781348396514943","0.31117850579231154384","0","1.2447140231692461754"
"10/08/2026 20:52:55.261","57.99033500744652514","0","0","2.4848600953196307017"
"10/08/2026 20:53:00.284","57.159748666124400529","0","0","1.8664234482988459884"
"10/08/2026 20:53:05.300","58.765560505132199864","0.31149717844360580443","0","1.2459887137744232177"
"10/08/2026 20:53:10.307","58.711451035156116518","0","0","1.8723196620645747856"
"10/08/2026 20:53:15.325","58.712204852204095573","0","0","2.1796998134356320165"
"10/08/2026 20:53:20.358","58.375883088238779806","0","0","2.4832844659371944296"
"10/08/2026 20:53:25.372","57.663163706830069088","0.31165832928277237279","0","2.4932666342621789823"
"10/08/2026 20:53:30.384","59.236921435753899345","0","0","1.870581088882112164"
"10/08/2026 20:53:35.403","58.657368298855629973","0","0.31128569938953737362","1.5564284969476867015"
"10/08/2026 20:53:40.419","58.160519901941718501","0","0","2.1805592363395467359"
"10/08/2026 20:53:45.442","57.851346842761167011","0","0","1.5553008545106581373"
"10/08/2026 20:53:50.472","58.105393409613611766","0","0","2.4855201055212647887"
"10/08/2026 20:53:55.504","58.056321617283337844","0.31047829573903162892","0","0.93143488721709488676"
"10/08/2026 20:54:00.524","59.467838029443377934","0","0","1.5563104909251710417"
"10/08/2026 20:54:05.547","58.305414178739646047","0.6221621814148867724","0","1.2443243628297735448"
"10/08/2026 20:54:10.569","57.600147951845400485","0","0","1.5556010338629007173"
"10/08/2026 20:54:15.598","58.64187358639553338","0.31067137585486326312","0","2.796042382693769035"
"10/08/2026 20:54:20.611","58.910268076261374404","0","0","2.805557815518967324"
"10/08/2026 20:54:25.626","57.639320208646680044","0","0","2.1808302360393065911"
"10/08/2026 20:54:30.650","57.345033316417840297","0","0","1.8659725739649635212"
"10/08/2026 20:54:35.666","58.159241968802390943","0","0","2.8036617926381235399"
"10/08/2026 20:54:40.696","57.346721370545886032","0","0.31062923542962506129","1.8637754125777505898"
"10/08/2026 20:54:45.714","58.932667427193941023","0.311411064019557704","0","3.7369327682346922259"
"10/08/2026 20:54:50.744","59.50240934801982462","0","0.31062389380618937729","2.4849911504495150183"
"10/08/2026 20:54:55.767","58.376906629924249614","0","0","2.1773874289206180954"
"10/08/2026 20:55:00.786","57.664856435850289529","0","0","2.1790147422724119863"
"10/08/2026 20:55:05.801","58.308663839348341185","0","0","2.8040880163597221575"
"10/08/2026 20:55:10.833","58.350939807213464405","0","0","1.8631452168769595534"
"10/08/2026 20:55:15.851","57.744460505091630864","0","0","2.1799265862511099101"
"10/08/2026 20:55:20.872","57.817813718500012499","0","0","2.1781488150701173723"
"10/08/2026 20:55:25.905","59.309984831340088363","0","0","1.5523133781039386569"
"10/08/2026 20:55:30.935","59.134916536321654235","0.31061347045041121095","0","1.8636808227024670437"
"10/08/2026 20:55:35.946","60.075237811176229741","0","0","1.8710164189424296488"
"10/08/2026 20:55:40.962","58.378044559873899289","0","0","1.2459331992815529944"
"10/08/2026 20:55:45.985","58.349361525509159776","0","0","2.1778111360368854754"
"10/08/2026 20:55:51.007","58.795238108038702762","0","0","1.866756589576091141"
"10/08/2026 20:55:56.025","59.600990032343027281","0","0","2.1795226419971207577"
"10/08/2026 20:56:01.046","57.612840866579460908","0","0","1.2446791212246766101"
"10/08/2026 20:56:06.076","57.588249533456981055","0.310637689773286374","0","2.1744638284130046735"
"10/08/2026 20:56:11.095","57.775167676647875226","0","0","1.556675790928787384"
"10/08/2026 20:56:16.112","57.443803152423370761","0","0","3.4255159694016872329"
"10/08/2026 20:56:21.139","60.014283529168153564","0","0","2.1760934404475995585"
"10/08/2026 20:56:26.162","57.891139256885850273","0","0","1.5552672297480565344"
"10/08/2026 20:56:31.180","57.54879842180774574","0","0","0.62270843296668254574"
"10/08/2026 20:56:36.196","61.111483689811407771","0.3114975013614185162","0","1.557487506807092581"
"10/08/2026 20:56:41.218","61.152867985772907389","0","0","1.2446640505355111017"
"10/08/2026 20:56:46.248","58.732958000487570871","0","0.31064345801179993334","0.62128691602359986668"
"10/08/2026 20:56:51.278","57.076198300454258572","0","0","1.5531000792046252279"
"10/08/2026 20:56:56.293","58.96288167573441541","0","0","2.1808575006074999436"
"10/08/2026 20:57:01.315","58.23762643357229507","0","0","2.4892124502202315206"
"10/08/2026 20:57:06.345","57.996929081707563114","0","0","3.7275663872118425246"
"10/08/2026 20:57:11.366","58.211453992796656109","0","0","3.1120163565588008225"
"10/08/2026 20:57:16.394","58.395972004930676746","0","0","2.1753739868152148773"
"10/08/2026 20:57:21.425","58.250755326338833129","0","0","2.4843809454341498899"
"10/08/2026 20:57:26.445","58.582106284436896715","0","0","2.1788652007865865201"
"10/08/2026 20:57:31.476","59.205621125520345061","0.62118495532576956109","0","2.4847398213030782443"
"10/08/2026 20:57:36.491","59.201035324268126203","0","0","4.0497181176882275366"
"10/08/2026 20:57:41.510","58.162419757277348253","0","0","2.4907955638891152716"
"10/08/2026 20:57:46.534","58.000981128797370445","0","0.31103184261394628551","2.1772228982976238321"
"10/08/2026 20:57:51.557","58.056146295057487805","0.31105522933410273412","0","3.1105522933410272302"
"10/08/2026 20:57:56.577","58.96509813954639867","0","0","0.93371665481203403036"
"10/08/2026 20:58:01.597","58.288103526068226756","0","0","0.93384842852086058507"
"10/08/2026 20:58:06.627","57.802156004770324671","0","0","3.416986667260965671"
"10/08/2026 20:58:11.649","57.318191285288008885","0","0","1.5556012197108264328"
"10/08/2026 20:58:16.679","58.056327123955476566","0.31062196716166190491","0","1.5531098358083095246"
"10/08/2026 20:58:21.706","58.705849356586412569","0","0","1.86508513283046784"
"10/08/2026 20:58:26.731","57.240637992535134515","0","0","1.5545326470957987475"
"10/08/2026 20:58:31.759","57.764665074472972606","0","0","2.4861452099738579058"
"10/08/2026 20:58:36.775","57.736785656354996377","0","0","1.868847790450791857"
"10/08/2026 20:58:41.796","57.419230813971935845","0.6224689912839203032","0","3.112344956419601516"
"10/08/2026 20:58:46.813","58.738626110772386824","0","0","0.6228131907807943346"
"10/08/2026 20:58:51.833","57.678108939632998897","0","0.3112618997665366205","1.245047599066146482"
"10/08/2026 20:58:56.858","57.864262338826662813","0","0","1.8657891215279702735"
"10/08/2026 20:59:01.886","57.585233383956449416","0","0","1.2429235638401041619"
"10/08/2026 20:59:06.908","57.851090177076059717","0","0","0.62226764764987529954"
"10/08/2026 20:59:11.936","57.91717240803582456","0","0","0.93236818954266587056"
"10/08/2026 20:59:16.960","57.422884566459899247","0.31099467382062556675","0","1.243978695282502267"
"10/08/2026 20:59:21.985","60.099234328207465694","0.31096554054020436597","0","4.3535175675628607905"
"10/08/2026 20:59:27.007","58.535321174231278007","0","0","2.799959596956343777"
"10/08/2026 20:59:32.035","58.209768930062466552","0","0","1.5539012388705117917"
"10/08/2026 20:59:37.064","57.77194767880906312","0","0","2.1750019602360524118"
"10/08/2026 20:59:42.092","58.786852375984466335","0","0","2.1752462721847525273"
"10/08/2026 20:59:47.120","59.471012415983452115","0","0","1.8642946236964552664"
"10/08/2026 20:59:52.141","57.946235758344258215","0","0","2.1785483014583415518"
"10/08/2026 20:59:57.152","57.788026689699812266","0.62363028339077175577","0.31181514169538587788","3.1181514169538591119"
"10/08/2026 21:00:02.177","60.158722444644709526","0","0","1.8657378058660707421"
"10/08/2026 21:00:07.194","58.235367437168065408","0","0","2.1802092494572598014"
"10/08/2026 21:00:12.215","58.337465333660553313","0","0","2.8001889691969257257"
"10/08/2026 21:00:17.232","58.116084557947722544","0","0","0.62295389547124679908"
"10/08/2026 21:00:22.246","59.170663821444691166","0.31159998706137143065","0","1.5579999353068572088"
"10/08/2026 21:00:27.270","57.980399464138763221","0","0","1.8662418390239707833"
"10/08/2026 21:00:32.288","57.768589296628015006","0.31138367706238423427","0.31138367706238423427","1.5569183853119212824"
"10/08/2026 21:00:37.306","57.176808853072834893","0","0","2.8023355925256385746"
"10/08/2026 21:00:42.328","58.649562452931782275","0","0","1.2444993873777536741"
"10/08/2026 21:00:47.356","58.639608771262196285","0","0","2.175329380170646143"
"10/08/2026 21:00:52.379","58.596410297709702775","0","0","3.4219448652261417188"
"10/08/2026 21:00:57.404","58.201731545585424499","0","0.93273683013900232641","1.5545613835650038403"
"10/08/2026 21:01:02.421","58.210226341840034081","0","0.3114282135744193547","2.8028539221697741368"
"10/08/2026 21:01:07.441","57.740456738340149911","0","0","1.8678251605672164803"
"10/08/2026 21:01:12.465","58.408362924147240847","0","0","2.1767585238530244851"
"10/08/2026 21:01:17.487","57.836991853541739772","0","0","1.8669966706918783572"
"10/08/2026 21:01:22.503","57.854861109131583419","0","0","3.4261175467192366284"
"10/08/2026 21:01:27.520","57.925562019418542548","0","0","2.8030160512509132431"
"10/08/2026 21:01:32.538","58.107868634871671532","0","0","2.1797531572790305177"
"10/08/2026 21:01:37.553","60.245871704301180216","0","0","2.1809758723948355907"
"10/08/2026 21:01:42.579","57.933026880104733891","0","0","1.8653253780074416923"
"10/08/2026 21:01:47.604","57.648217158949933037","0","0","1.8654605570402522652"
"10/08/2026 21:01:52.630","57.316991707573158976","0","0.31091650844084095517","3.420081592849250729"
"10/08/2026 21:01:57.647","58.94994002949405143","0","0.62285534709755285832","4.3599874296828700082"
"10/08/2026 21:02:02.669","58.511163494917006744","0","0","8.089691087105931544"
"10/08/2026 21:02:07.682","58.473868412296290842","0.31171387630678687453","0","0.62342775261357374905"
"10/08/2026 21:02:12.703","59.111837764766939074","0","0","2.800425796154332847"
"10/08/2026 21:02:17.736","59.981369570612599773","0","0","2.7940279547439197394"
"10/08/2026 21:02:22.750","59.835312301824075121","0.31165617221435931716","0.31165617221435931716","0.31165617221435931716"
"10/08/2026 21:02:27.767","58.343149337815859212","0","0","2.1801715712802982594"
"10/08/2026 21:02:32.793","59.286628415531673397","0","0","1.5543162761156468221"
"10/08/2026 21:02:37.813","57.696402823494686629","0","0.31127042578945496309","2.1788929805261854078"
"10/08/2026 21:02:42.835","57.383681708774943786","0","0","2.8002509184126060937"
"10/08/2026 21:02:47.861","57.704552970181865135","0","0","0.93255926371844910516"
"10/08/2026 21:02:52.882","57.989199945676482173","0","0","2.8007200036215675887"
"10/08/2026 21:02:57.912","57.734840020036216401","0","0","2.7956742901979296789"
"10/08/2026 21:03:02.934","57.828210674561184135","0","0","1.2446366119119489646"
"10/08/2026 21:03:07.950","59.460388922770057718","0","0","1.2458752062023137341"
"10/08/2026 21:03:12.970","58.442572608539457235","0","0.31129159094726999157","1.5564579547363499579"
"10/08/2026 21:03:17.996","58.085258345583554274","0.62167866927582049463","0","1.8650360078274617059"
"10/08/2026 21:03:23.023","58.190917610546023298","0","0.31084819620411879848","1.5542409810205939369"
"10/08/2026 21:03:28.043","57.889595197185037989","0.62256085636961233654","0","1.2451217127392246731"
"10/08/2026 21:03:33.074","60.861059423530306844","0","0","1.8632969301094912673"
"10/08/2026 21:03:38.095","58.677091389326399451","0","0.31121042491386741169","0.62242084982773482338"
"10/08/2026 21:03:43.110","58.031731375391458982","0.31152506983295497056","0.31152506983295497056","3.7383008379954598688"
"10/08/2026 21:03:48.131","58.074915740754384785","0","0","1.2448180713326564284"
"10/08/2026 21:03:53.160","58.211285015575199964","0","0","3.1069676568345574452"
"10/08/2026 21:03:58.189","58.45544985601564747","0","0","3.1068605944194818136"
"10/08/2026 21:04:03.207","58.758622039381251057","0","0","2.8026230518929797775"
"10/08/2026 21:04:08.237","57.980024220776435584","0","0.62122395232816851607","3.4167317378049268939"
"10/08/2026 21:04:13.265","58.122821230665898895","0","0","2.4862146359835692877"
"10/08/2026 21:04:18.287","58.117626773379818417","0","0","1.8666238985799024075"
"10/08/2026 21:04:23.312","58.177950582713179983","0","0","1.5547230266649376684"
"10/08/2026 21:04:28.334","58.235711399091030671","0.31116583912485151764","0.31116583912485151764","2.8004925521236634367"
"10/08/2026 21:04:33.346","58.259293078632424567","0","0","1.8702953468667706804"
"10/08/2026 21:04:38.369","57.990777362737809142","0","0","1.866644451440683028"
"10/08/2026 21:04:43.386","57.489682817648947832","0","0.31143089510879895521","1.8685853706527935092"
"10/08/2026 21:04:48.415","57.900427520381782642","0.62139590375820241697","0","3.7283754225492149459"
"10/08/2026 21:04:53.438","57.506312996819360706","0.31109540424981207973","0","2.1776678297486848912"
"10/08/2026 21:04:58.458","58.346929829016566771","0","0","2.1784468107439103335"
"10/08/2026 21:05:03.480","57.578092395706192974","0","0","3.7336723521104326906"
"10/08/2026 21:05:08.507","59.592687928614651582","0.62165095494438982193","0.31082547747219491097","0.31082547747219491097"
"10/08/2026 21:05:13.524","59.072324653899656255","0.31145911609238385864","0","1.8687546965543033739"
"10/08/2026 21:05:18.545","58.659832682232668333","0","0","0.62238783824289456437"
"10/08/2026 21:05:23.556","58.384305071008427035","0","0","0.62360208368105385368"
"10/08/2026 21:05:28.574","58.305786420084181998","0","0","3.4250556767087005916"
"10/08/2026 21:05:33.598","58.199892033353663123","0","0.31099823926232056381","2.1769876748362437802"
"10/08/2026 21:05:38.614","58.202465757565569504","0","0","1.8693516418530427003"
"10/08/2026 21:05:43.630","57.252143291833931471","0.31145978660469764154","0","2.1802185062328836018"
"10/08/2026 21:05:48.646","59.616998128563977843","0.93461143382593159235","0.62307428921728769122","0.93461143382593159235"
"10/08/2026 21:05:53.663","60.841441859065412245","0","0","1.5570003633166926704"
"10/08/2026 21:05:58.690","59.064608661845262816","0","0","1.554262594759287186"
"10/08/2026 21:06:03.715","58.216928750650168922","0.31094378233927277844","0","3.1094378233927275623"
"10/08/2026 21:06:08.734","57.805108941750916074","0.62265921231676912839","0","1.556648030791922821"
"10/08/2026 21:06:13.751","58.195263584097702392","0","0.6227893841693156185","1.245578768338631237"
"10/08/2026 21:06:18.773","57.618098328764567384","0","0.62226236915216248669","1.2445247383043249734"
"10/08/2026 21:06:23.795","57.641596590541333001","0","0","4.9787655648658475371"
"10/08/2026 21:06:28.815","57.61912402103456543","0","0","3.1126647585749478431"
"10/08/2026 21:06:33.835","57.574878484180537441","0","0","2.4898741796860526243"
"10/08/2026 21:06:38.860","58.058910358967331433","0","0","2.4877013023016809612"
"10/08/2026 21:06:43.877","57.549866703232922305","0","0","1.2456710439879332686"
"10/08/2026 21:06:48.906","58.237889143617074694","0","0.31071553582053973441","2.4857242865643178753"
"10/08/2026 21:06:53.919","59.452993002395949418","0","0","2.4934023576256283405"
"10/08/2026 21:06:58.945","59.148517848927831153","0.62175857359311559325","0","2.7979135811690198921"
"10/08/2026 21:07:03.964","57.845163074534575287","0.31132121335774221027","0","2.4905697068619376822"
"10/08/2026 21:07:08.975","57.623435537952438779","0","0","0.93542196011560319047"
"10/08/2026 21:07:14.001","58.350550133778902762","0","0.31088929499818618307","2.1762250649873036146"
"10/08/2026 21:07:19.025","58.571629446753107118","0.31098002294186705141","0","2.1768601605930690823"
"10/08/2026 21:07:24.046","60.729337621966713812","0","0","1.8672528798367302727"
"10/08/2026 21:07:29.069","57.84559494120260581","0","0.31110262036012842346","1.5555131018006420618"
"10/08/2026 21:07:34.091","57.873003864862212708","0","0","2.1778092280531935465"
"10/08/2026 21:07:39.113","58.157429864659881957","0","0.31109717572743578184","0.93329152718230734553"
"10/08/2026 21:07:44.134","59.98990859074583426","0","0","1.8672672355786770204"
"10/08/2026 21:07:49.155","58.35631617590249931","0","0","2.4896737792397498623"
"10/08/2026 21:07:54.184","57.949104393313078276","0.31069698809444934451","0.31069698809444934451","3.1069698809444936671"
"10/08/2026 21:07:59.203","58.769671932785193746","0.31131914159041623735","0","1.2452765663616649494"
"10/08/2026 21:08:04.226","58.631584060223062238","0","0","2.7993664921653569344"
"10/08/2026 21:08:09.255","58.969116746882768609","0","0","1.553464553050799557"
"10/08/2026 21:08:14.286","57.882738028370383176","0","0","0.9318408003616914792"
"10/08/2026 21:08:19.305","57.874745568287153219","0","0","1.5565913969798599314"
