2026-10-08 23:33:15,699 INFO o.a.j.u.JMeterUtils: Setting Locale to en_EN
2026-10-08 23:33:15,713 INFO o.a.j.JMeter: Loading user properties from: C:\apache-jmeter-5.6.3\bin\user.properties
2026-10-08 23:33:15,714 INFO o.a.j.JMeter: Loading system properties from: C:\apache-jmeter-5.6.3\bin\system.properties
2026-10-08 23:33:15,714 INFO o.a.j.JMeter: Loading additional properties from: C:\Users\josep\Downloads\results\tev1-4b\mixed\run1\run.properties
2026-10-08 23:33:15,721 INFO o.a.j.JMeter: Copyright (c) 1998-2024 The Apache Software Foundation
2026-10-08 23:33:15,721 INFO o.a.j.JMeter: Version 5.6.3
2026-10-08 23:33:15,721 INFO o.a.j.JMeter: java.version=25.0.1
2026-10-08 23:33:15,721 INFO o.a.j.JMeter: java.vm.name=Java HotSpot(TM) 64-Bit Server VM
2026-10-08 23:33:15,748 INFO o.a.j.JMeter: os.name=Windows 11
2026-10-08 23:33:15,748 INFO o.a.j.JMeter: os.arch=amd64
2026-10-08 23:33:15,748 INFO o.a.j.JMeter: os.version=10.0
2026-10-08 23:33:15,748 INFO o.a.j.JMeter: file.encoding=UTF-8
2026-10-08 23:33:15,748 INFO o.a.j.JMeter: java.awt.headless=true
2026-10-08 23:33:15,748 INFO o.a.j.JMeter: Max memory     =1073741824
2026-10-08 23:33:15,748 INFO o.a.j.JMeter: Available Processors =16
2026-10-08 23:33:15,761 INFO o.a.j.JMeter: Default Locale=English (EN)
2026-10-08 23:33:15,761 INFO o.a.j.JMeter: JMeter  Locale=English (EN)
2026-10-08 23:33:15,762 INFO o.a.j.JMeter: JMeterHome=C:\apache-jmeter-5.6.3
2026-10-08 23:33:15,762 INFO o.a.j.JMeter: user.dir  =C:\Users\josep\Downloads
2026-10-08 23:33:15,762 INFO o.a.j.JMeter: PWD       =C:\Users\josep\Downloads
2026-10-08 23:33:15,768 INFO o.a.j.JMeter: IP: 172.20.10.7 Name: LAPTOP-JVTGMMI4 FullName: LAPTOP-JVTGMMI4
2026-10-08 23:33:15,778 INFO o.a.j.s.FileServer: Default base='C:\Users\josep\Downloads'
2026-10-08 23:33:15,778 INFO o.a.j.s.FileServer: Set new base='C:\Users\josep\Downloads\loadtest'
2026-10-08 23:33:16,000 INFO o.a.j.s.SaveService: Testplan (JMX) version: 2.2. Testlog (JTL) version: 2.2
2026-10-08 23:33:16,019 INFO o.a.j.s.SaveService: Using SaveService properties version 5.0
2026-10-08 23:33:16,022 INFO o.a.j.s.SaveService: Using SaveService properties file encoding UTF-8
2026-10-08 23:33:16,025 INFO o.a.j.s.SaveService: Loading file: C:\Users\josep\Downloads\loadtest\triage.jmx
2026-10-08 23:33:16,068 INFO o.a.j.p.h.s.HTTPSamplerBase: Parser for text/html is org.apache.jmeter.protocol.http.parser.LagartoBasedHtmlParser
2026-10-08 23:33:16,068 INFO o.a.j.p.h.s.HTTPSamplerBase: Parser for application/xhtml+xml is org.apache.jmeter.protocol.http.parser.LagartoBasedHtmlParser
2026-10-08 23:33:16,068 INFO o.a.j.p.h.s.HTTPSamplerBase: Parser for application/xml is org.apache.jmeter.protocol.http.parser.LagartoBasedHtmlParser
2026-10-08 23:33:16,068 INFO o.a.j.p.h.s.HTTPSamplerBase: Parser for text/xml is org.apache.jmeter.protocol.http.parser.LagartoBasedHtmlParser
2026-10-08 23:33:16,069 INFO o.a.j.p.h.s.HTTPSamplerBase: Parser for text/vnd.wap.wml is org.apache.jmeter.protocol.http.parser.RegexpHTMLParser
2026-10-08 23:33:16,069 INFO o.a.j.p.h.s.HTTPSamplerBase: Parser for text/css is org.apache.jmeter.protocol.http.parser.CssParser
2026-10-08 23:33:16,079 INFO o.a.j.JMeter: Creating summariser <summary>
2026-10-08 23:33:16,094 INFO o.a.j.e.StandardJMeterEngine: Running the test!
2026-10-08 23:33:16,094 INFO o.a.j.s.SampleEvent: List of sample_variables: [req_id, row, term]
2026-10-08 23:33:16,095 INFO o.a.j.s.SampleEvent: List of sample_variables: [req_id, row, term]
2026-10-08 23:33:16,097 INFO o.a.j.e.u.CompoundVariable: Note: Function class names must contain the string: '.functions.'
2026-10-08 23:33:16,098 INFO o.a.j.e.u.CompoundVariable: Note: Function class names must not contain the string: '.gui.'
2026-10-08 23:33:16,161 INFO o.a.j.JMeter: Running test (1791473596161)
2026-10-08 23:33:16,180 INFO o.a.j.e.StandardJMeterEngine: Starting ThreadGroup: 1 : Ticket intake
2026-10-08 23:33:16,181 INFO o.a.j.e.StandardJMeterEngine: Starting 0 threads for group Ticket intake.
2026-10-08 23:33:16,181 INFO o.a.j.e.StandardJMeterEngine: Thread will continue on error
2026-10-08 23:33:16,181 INFO o.a.j.t.o.OpenModelThreadGroup: Starting OpenModelThreadGroup#1 with schedule rate(198/hour) random_arrivals(60 min) rate(198/hour)
2026-10-08 23:33:16,203 INFO o.a.j.e.StandardJMeterEngine: Starting ThreadGroup: 2 : Agent search
2026-10-08 23:33:16,203 INFO o.a.j.e.StandardJMeterEngine: Starting 0 threads for group Agent search.
2026-10-08 23:33:16,203 INFO o.a.j.e.StandardJMeterEngine: Thread will continue on error
2026-10-08 23:33:16,203 INFO o.a.j.t.o.OpenModelThreadGroup: Starting OpenModelThreadGroup#2 with schedule rate(800/hour) random_arrivals(60 min) rate(800/hour)
2026-10-08 23:33:16,203 INFO o.a.j.t.o.OpenModelThreadGroup: Thread starting init
2026-10-08 23:33:16,204 INFO o.a.j.e.StandardJMeterEngine: All thread groups have been started
2026-10-08 23:33:16,204 INFO o.a.j.t.o.OpenModelThreadGroup: Thread starting init
2026-10-08 23:33:16,209 INFO o.a.j.t.o.PoissonArrivalsRamp: Generating 800 events, beginRate = 0.2222222222222222 / sec, endRate = 0.2222222222222222 / sec, duration = 3600.0 sec
2026-10-08 23:33:16,209 INFO o.a.j.t.o.PoissonArrivalsRamp: Generating 198 events, beginRate = 0.055 / sec, endRate = 0.055 / sec, duration = 3600.0 sec
2026-10-08 23:33:17,038 INFO o.a.j.t.JMeterThread: Thread started: Ticket intake 1-1
2026-10-08 23:33:17,039 INFO o.a.j.s.FileServer: Stored: tickets.tsv
2026-10-08 23:33:17,070 INFO o.a.j.p.h.s.HTTPHCAbstractImpl: Local host = LAPTOP-JVTGMMI4
2026-10-08 23:33:17,076 INFO o.a.j.p.h.s.HTTPHC4Impl: HTTP request retry count = 0
2026-10-08 23:33:17,078 INFO o.a.j.s.SampleResult: Note: Sample TimeStamps are START times
2026-10-08 23:33:17,078 INFO o.a.j.s.SampleResult: sampleresult.default.encoding is set to UTF-8
2026-10-08 23:33:17,078 INFO o.a.j.s.SampleResult: sampleresult.useNanoTime=true
2026-10-08 23:33:17,079 INFO o.a.j.s.SampleResult: sampleresult.nanoThreadSleep=5000
2026-10-08 23:33:17,429 INFO o.a.j.t.JMeterThread: Thread started: Agent search 2-1
2026-10-08 23:33:17,429 INFO o.a.j.s.FileServer: Stored: search_terms.txt
2026-10-08 23:33:17,517 INFO o.a.j.t.JMeterThread: Thread is done: Agent search 2-1
2026-10-08 23:33:17,517 INFO o.a.j.t.JMeterThread: Thread finished: Agent search 2-1
2026-10-08 23:33:24,928 INFO o.a.j.t.JMeterThread: Thread is done: Ticket intake 1-1
2026-10-08 23:33:24,928 INFO o.a.j.t.JMeterThread: Thread finished: Ticket intake 1-1
2026-10-08 23:33:38,122 INFO o.a.j.t.JMeterThread: Thread started: Agent search 2-2
2026-10-08 23:33:38,341 INFO o.a.j.t.JMeterThread: Thread is done: Agent search 2-2
2026-10-08 23:33:38,341 INFO o.a.j.t.JMeterThread: Thread finished: Agent search 2-2
2026-10-08 23:33:38,555 INFO o.a.j.t.JMeterThread: Thread started: Agent search 2-3
2026-10-08 23:33:38,751 INFO o.a.j.t.JMeterThread: Thread is done: Agent search 2-3
2026-10-08 23:33:38,751 INFO o.a.j.t.JMeterThread: Thread finished: Agent search 2-3
2026-10-08 23:33:40,065 INFO o.a.j.t.JMeterThread: Thread started: Ticket intake 1-2
2026-10-08 23:33:42,130 INFO o.a.j.t.JMeterThread: Thread started: Agent search 2-4
2026-10-08 23:33:42,279 INFO o.a.j.t.JMeterThread: Thread is done: Agent search 2-4
2026-10-08 23:33:42,279 INFO o.a.j.t.JMeterThread: Thread finished: Agent search 2-4
2026-10-08 23:33:45,511 INFO o.a.j.t.JMeterThread: Thread is done: Ticket intake 1-2
2026-10-08 23:33:45,511 INFO o.a.j.t.JMeterThread: Thread finished: Ticket intake 1-2
2026-10-08 23:33:48,393 INFO o.a.j.t.JMeterThread: Thread started: Agent search 2-5
2026-10-08 23:33:48,480 INFO o.a.j.t.JMeterThread: Thread is done: Agent search 2-5
2026-10-08 23:33:48,480 INFO o.a.j.t.JMeterThread: Thread finished: Agent search 2-5
2026-10-08 23:33:52,680 INFO o.a.j.t.JMeterThread: Thread started: Agent search 2-6
2026-10-08 23:33:52,985 INFO o.a.j.t.JMeterThread: Thread is done: Agent search 2-6
2026-10-08 23:33:52,987 INFO o.a.j.t.JMeterThread: Thread finished: Agent search 2-6
2026-10-08 23:33:58,396 INFO o.a.j.t.JMeterThread: Thread started: Agent search 2-7
2026-10-08 23:33:58,619 INFO o.a.j.t.JMeterThread: Thread is done: Agent search 2-7
2026-10-08 23:33:58,619 INFO o.a.j.t.JMeterThread: Thread finished: Agent search 2-7
2026-10-08 23:34:09,741 INFO o.a.j.t.JMeterThread: Thread started: Agent search 2-8
2026-10-08 23:34:09,881 INFO o.a.j.t.JMeterThread: Thread is done: Agent search 2-8
2026-10-08 23:34:09,881 INFO o.a.j.t.JMeterThread: Thread finished: Agent search 2-8
2026-10-08 23:34:13,649 INFO o.a.j.t.JMeterThread: Thread started: Agent search 2-9
2026-10-08 23:34:13,874 INFO o.a.j.t.JMeterThread: Thread is done: Agent search 2-9
2026-10-08 23:34:13,874 INFO o.a.j.t.JMeterThread: Thread finished: Agent search 2-9
2026-10-08 23:34:14,935 INFO o.a.j.t.JMeterThread: Thread started: Agent search 2-10
2026-10-08 23:34:15,104 INFO o.a.j.t.JMeterThread: Thread is done: Agent search 2-10
2026-10-08 23:34:15,104 INFO o.a.j.t.JMeterThread: Thread finished: Agent search 2-10
2026-10-08 23:34:24,019 INFO o.a.j.t.JMeterThread: Thread started: Agent search 2-11
2026-10-08 23:34:24,219 INFO o.a.j.t.JMeterThread: Thread is done: Agent search 2-11
2026-10-08 23:34:24,219 INFO o.a.j.t.JMeterThread: Thread finished: Agent search 2-11
2026-10-08 23:34:25,226 INFO o.a.j.t.JMeterThread: Thread started: Agent search 2-12
2026-10-08 23:34:25,343 INFO o.a.j.t.JMeterThread: Thread is done: Agent search 2-12
2026-10-08 23:34:25,344 INFO o.a.j.t.JMeterThread: Thread finished: Agent search 2-12
2026-10-08 23:34:35,899 INFO o.a.j.t.JMeterThread: Thread started: Agent search 2-13
2026-10-08 23:34:36,098 INFO o.a.j.t.JMeterThread: Thread is done: Agent search 2-13
2026-10-08 23:34:36,098 INFO o.a.j.t.JMeterThread: Thread finished: Agent search 2-13
2026-10-08 23:34:37,490 INFO o.a.j.t.JMeterThread: Thread started: Agent search 2-14
2026-10-08 23:34:37,736 INFO o.a.j.t.JMeterThread: Thread is done: Agent search 2-14
2026-10-08 23:34:37,736 INFO o.a.j.t.JMeterThread: Thread finished: Agent search 2-14
2026-10-08 23:34:37,736 INFO o.a.j.t.JMeterThread: Thread started: Agent search 2-15
2026-10-08 23:34:37,939 INFO o.a.j.t.JMeterThread: Thread is done: Agent search 2-15
2026-10-08 23:34:37,939 INFO o.a.j.t.JMeterThread: Thread finished: Agent search 2-15
2026-10-08 23:34:39,094 INFO o.a.j.t.JMeterThread: Thread started: Agent search 2-16
2026-10-08 23:34:39,374 INFO o.a.j.t.JMeterThread: Thread is done: Agent search 2-16
2026-10-08 23:34:39,374 INFO o.a.j.t.JMeterThread: Thread finished: Agent search 2-16
2026-10-08 23:34:45,838 INFO o.a.j.t.JMeterThread: Thread started: Agent search 2-17
2026-10-08 23:34:46,030 INFO o.a.j.t.JMeterThread: Thread is done: Agent search 2-17
2026-10-08 23:34:46,031 INFO o.a.j.t.JMeterThread: Thread finished: Agent search 2-17
2026-10-08 23:34:48,899 INFO o.a.j.t.JMeterThread: Thread started: Agent search 2-18
2026-10-08 23:34:48,999 INFO o.a.j.t.JMeterThread: Thread is done: Agent search 2-18
2026-10-08 23:34:48,999 INFO o.a.j.t.JMeterThread: Thread finished: Agent search 2-18
2026-10-08 23:34:50,529 INFO o.a.j.t.JMeterThread: Thread started: Agent search 2-19
2026-10-08 23:34:50,592 INFO o.a.j.t.JMeterThread: Thread is done: Agent search 2-19
2026-10-08 23:34:50,592 INFO o.a.j.t.JMeterThread: Thread finished: Agent search 2-19
2026-10-08 23:34:54,782 INFO o.a.j.t.JMeterThread: Thread started: Agent search 2-20
2026-10-08 23:34:55,039 INFO o.a.j.t.JMeterThread: Thread is done: Agent search 2-20
2026-10-08 23:34:55,039 INFO o.a.j.t.JMeterThread: Thread finished: Agent search 2-20
2026-10-08 23:34:59,978 INFO o.a.j.t.JMeterThread: Thread started: Agent search 2-21
2026-10-08 23:35:00,076 INFO o.a.j.r.Summariser: summary +     23 in 00:01:44 =    0.2/s Avg:   732 Min:    60 Max:  7730 Err:     0 (0.00%) Active: 1 Started: 23 Finished: 22
2026-10-08 23:35:00,077 INFO o.a.j.t.JMeterThread: Thread is done: Agent search 2-21
2026-10-08 23:35:00,077 INFO o.a.j.t.JMeterThread: Thread finished: Agent search 2-21
2026-10-08 23:35:02,166 INFO o.a.j.t.JMeterThread: Thread started: Agent search 2-22
2026-10-08 23:35:02,413 INFO o.a.j.t.JMeterThread: Thread is done: Agent search 2-22
2026-10-08 23:35:02,414 INFO o.a.j.t.JMeterThread: Thread finished: Agent search 2-22
2026-10-08 23:35:02,567 INFO o.a.j.t.JMeterThread: Thread started: Agent search 2-23
2026-10-08 23:35:02,697 INFO o.a.j.t.JMeterThread: Thread is done: Agent search 2-23
2026-10-08 23:35:02,697 INFO o.a.j.t.JMeterThread: Thread finished: Agent search 2-23
2026-10-08 23:35:04,098 INFO o.a.j.t.JMeterThread: Thread started: Agent search 2-24
2026-10-08 23:35:04,196 INFO o.a.j.t.JMeterThread: Thread is done: Agent search 2-24
2026-10-08 23:35:04,197 INFO o.a.j.t.JMeterThread: Thread finished: Agent search 2-24
2026-10-08 23:35:06,327 INFO o.a.j.t.JMeterThread: Thread started: Agent search 2-25
2026-10-08 23:35:06,494 INFO o.a.j.t.JMeterThread: Thread is done: Agent search 2-25
2026-10-08 23:35:06,494 INFO o.a.j.t.JMeterThread: Thread finished: Agent search 2-25
2026-10-08 23:35:15,000 INFO o.a.j.t.JMeterThread: Thread started: Ticket intake 1-3
2026-10-08 23:35:16,612 INFO o.a.j.t.JMeterThread: Thread started: Agent search 2-26
2026-10-08 23:35:16,851 INFO o.a.j.t.JMeterThread: Thread is done: Agent search 2-26
2026-10-08 23:35:16,851 INFO o.a.j.t.JMeterThread: Thread finished: Agent search 2-26
2026-10-08 23:35:17,588 INFO o.a.j.t.JMeterThread: Thread started: Agent search 2-27
2026-10-08 23:35:17,774 INFO o.a.j.t.JMeterThread: Thread is done: Agent search 2-27
2026-10-08 23:35:17,774 INFO o.a.j.t.JMeterThread: Thread finished: Agent search 2-27
2026-10-08 23:35:19,556 INFO o.a.j.t.JMeterThread: Thread started: Agent search 2-28
2026-10-08 23:35:19,822 INFO o.a.j.t.JMeterThread: Thread is done: Agent search 2-28
2026-10-08 23:35:19,822 INFO o.a.j.t.JMeterThread: Thread finished: Agent search 2-28
2026-10-08 23:35:21,460 INFO o.a.j.t.JMeterThread: Thread is done: Ticket intake 1-3
2026-10-08 23:35:21,461 INFO o.a.j.t.JMeterThread: Thread finished: Ticket intake 1-3
2026-10-08 23:35:25,809 INFO o.a.j.t.JMeterThread: Thread started: Ticket intake 1-4
2026-10-08 23:35:32,285 INFO o.a.j.t.JMeterThread: Thread started: Agent search 2-29
2026-10-08 23:35:32,622 INFO o.a.j.r.Summariser: summary +      9 in 00:00:33 =    0.3/s Avg:  1618 Min:    95 Max:  6811 Err:     0 (0.00%) Active: 2 Started: 33 Finished: 31
2026-10-08 23:35:32,622 INFO o.a.j.t.JMeterThread: Thread is done: Agent search 2-29
2026-10-08 23:35:32,623 INFO o.a.j.t.JMeterThread: Thread finished: Agent search 2-29
2026-10-08 23:35:32,625 INFO o.a.j.r.Summariser: summary =     32 in 00:02:16 =    0.2/s Avg:   982 Min:    60 Max:  7730 Err:     0 (0.00%)
2026-10-08 23:35:32,625 INFO o.a.j.t.JMeterThread: Thread is done: Ticket intake 1-4
2026-10-08 23:35:32,625 INFO o.a.j.t.JMeterThread: Thread finished: Ticket intake 1-4
2026-10-08 23:35:34,284 INFO o.a.j.t.JMeterThread: Thread started: Agent search 2-30
2026-10-08 23:35:34,464 INFO o.a.j.t.JMeterThread: Thread is done: Agent search 2-30
2026-10-08 23:35:34,464 INFO o.a.j.t.JMeterThread: Thread finished: Agent search 2-30
2026-10-08 23:35:49,490 INFO o.a.j.t.JMeterThread: Thread started: Agent search 2-31
2026-10-08 23:35:49,722 INFO o.a.j.t.JMeterThread: Thread is done: Agent search 2-31
2026-10-08 23:35:49,722 INFO o.a.j.t.JMeterThread: Thread finished: Agent search 2-31
2026-10-08 23:35:50,542 INFO o.a.j.t.JMeterThread: Thread started: Agent search 2-32
2026-10-08 23:35:50,626 INFO o.a.j.t.JMeterThread: Thread is done: Agent search 2-32
2026-10-08 23:35:50,626 INFO o.a.j.t.JMeterThread: Thread finished: Agent search 2-32
2026-10-08 23:35:51,190 INFO o.a.j.t.JMeterThread: Thread started: Agent search 2-33
2026-10-08 23:35:51,361 INFO o.a.j.t.JMeterThread: Thread is done: Agent search 2-33
2026-10-08 23:35:51,362 INFO o.a.j.t.JMeterThread: Thread finished: Agent search 2-33
2026-10-08 23:35:52,912 INFO o.a.j.t.JMeterThread: Thread started: Ticket intake 1-5
2026-10-08 23:35:55,441 INFO o.a.j.t.JMeterThread: Thread started: Agent search 2-34
2026-10-08 23:35:55,666 INFO o.a.j.t.JMeterThread: Thread is done: Agent search 2-34
2026-10-08 23:35:55,666 INFO o.a.j.t.JMeterThread: Thread finished: Agent search 2-34
2026-10-08 23:35:59,654 INFO o.a.j.t.JMeterThread: Thread is done: Ticket intake 1-5
2026-10-08 23:35:59,654 INFO o.a.j.t.JMeterThread: Thread finished: Ticket intake 1-5
2026-10-08 23:36:03,007 INFO o.a.j.t.JMeterThread: Thread started: Agent search 2-35
2026-10-08 23:36:03,201 INFO o.a.j.r.Summariser: summary +      8 in 00:00:31 =    0.3/s Avg:  1016 Min:    79 Max:  6740 Err:     0 (0.00%) Active: 1 Started: 40 Finished: 39
2026-10-08 23:36:03,202 INFO o.a.j.r.Summariser: summary =     40 in 00:02:47 =    0.2/s Avg:   988 Min:    60 Max:  7730 Err:     0 (0.00%)
2026-10-08 23:36:03,203 INFO o.a.j.t.JMeterThread: Thread is done: Agent search 2-35
2026-10-08 23:36:03,203 INFO o.a.j.t.JMeterThread: Thread finished: Agent search 2-35
2026-10-08 23:36:04,544 INFO o.a.j.t.JMeterThread: Thread started: Ticket intake 1-6
2026-10-08 23:36:06,324 INFO o.a.j.t.JMeterThread: Thread started: Agent search 2-36
2026-10-08 23:36:06,517 INFO o.a.j.t.JMeterThread: Thread is done: Agent search 2-36
2026-10-08 23:36:06,517 INFO o.a.j.t.JMeterThread: Thread finished: Agent search 2-36
2026-10-08 23:36:08,256 INFO o.a.j.t.JMeterThread: Thread is done: Ticket intake 1-6
2026-10-08 23:36:08,256 INFO o.a.j.t.JMeterThread: Thread finished: Ticket intake 1-6
2026-10-08 23:36:09,097 INFO o.a.j.t.JMeterThread: Thread started: Agent search 2-37
2026-10-08 23:36:09,282 INFO o.a.j.t.JMeterThread: Thread is done: Agent search 2-37
2026-10-08 23:36:09,283 INFO o.a.j.t.JMeterThread: Thread finished: Agent search 2-37
2026-10-08 23:36:15,289 INFO o.a.j.t.JMeterThread: Thread started: Agent search 2-38
2026-10-08 23:36:15,495 INFO o.a.j.t.JMeterThread: Thread started: Agent search 2-39
2026-10-08 23:36:15,506 INFO o.a.j.t.JMeterThread: Thread is done: Agent search 2-38
2026-10-08 23:36:15,506 INFO o.a.j.t.JMeterThread: Thread finished: Agent search 2-38
2026-10-08 23:36:15,564 INFO o.a.j.t.JMeterThread: Thread is done: Agent search 2-39
2026-10-08 23:36:15,564 INFO o.a.j.t.JMeterThread: Thread finished: Agent search 2-39
2026-10-08 23:36:18,815 INFO o.a.j.t.JMeterThread: Thread started: Agent search 2-40
2026-10-08 23:36:18,955 INFO o.a.j.t.JMeterThread: Thread is done: Agent search 2-40
2026-10-08 23:36:18,955 INFO o.a.j.t.JMeterThread: Thread finished: Agent search 2-40
2026-10-08 23:36:19,086 INFO o.a.j.t.JMeterThread: Thread started: Agent search 2-41
2026-10-08 23:36:19,252 INFO o.a.j.t.JMeterThread: Thread is done: Agent search 2-41
2026-10-08 23:36:19,252 INFO o.a.j.t.JMeterThread: Thread finished: Agent search 2-41
2026-10-08 23:36:21,119 INFO o.a.j.t.JMeterThread: Thread started: Agent search 2-42
2026-10-08 23:36:21,364 INFO o.a.j.t.JMeterThread: Thread is done: Agent search 2-42
2026-10-08 23:36:21,365 INFO o.a.j.t.JMeterThread: Thread finished: Agent search 2-42
2026-10-08 23:36:23,171 INFO o.a.j.t.JMeterThread: Thread started: Agent search 2-43
2026-10-08 23:36:23,411 INFO o.a.j.t.JMeterThread: Thread is done: Agent search 2-43
2026-10-08 23:36:23,411 INFO o.a.j.t.JMeterThread: Thread finished: Agent search 2-43
2026-10-08 23:36:23,556 INFO o.a.j.t.JMeterThread: Thread started: Agent search 2-44
2026-10-08 23:36:23,612 INFO o.a.j.t.JMeterThread: Thread started: Agent search 2-45
2026-10-08 23:36:23,622 INFO o.a.j.t.JMeterThread: Thread is done: Agent search 2-44
2026-10-08 23:36:23,622 INFO o.a.j.t.JMeterThread: Thread finished: Agent search 2-44
2026-10-08 23:36:23,822 INFO o.a.j.t.JMeterThread: Thread is done: Agent search 2-45
2026-10-08 23:36:23,822 INFO o.a.j.t.JMeterThread: Thread finished: Agent search 2-45
2026-10-08 23:36:27,022 INFO o.a.j.t.JMeterThread: Thread started: Agent search 2-46
2026-10-08 23:36:27,201 INFO o.a.j.t.JMeterThread: Thread is done: Agent search 2-46
2026-10-08 23:36:27,201 INFO o.a.j.t.JMeterThread: Thread finished: Agent search 2-46
2026-10-08 23:36:27,582 INFO o.a.j.t.JMeterThread: Thread started: Agent search 2-47
2026-10-08 23:36:27,815 INFO o.a.j.t.JMeterThread: Thread is done: Agent search 2-47
2026-10-08 23:36:27,815 INFO o.a.j.t.JMeterThread: Thread finished: Agent search 2-47
2026-10-08 23:36:31,759 INFO o.a.j.t.JMeterThread: Thread started: Agent search 2-48
2026-10-08 23:36:32,024 INFO o.a.j.r.Summariser: summary +     14 in 00:00:29 =    0.5/s Avg:   435 Min:    65 Max:  3712 Err:     0 (0.00%) Active: 1 Started: 54 Finished: 53
2026-10-08 23:36:32,032 INFO o.a.j.r.Summariser: summary =     54 in 00:03:16 =    0.3/s Avg:   845 Min:    60 Max:  7730 Err:     0 (0.00%)
2026-10-08 23:36:32,033 INFO o.a.j.t.JMeterThread: Thread is done: Agent search 2-48
2026-10-08 23:36:32,033 INFO o.a.j.t.JMeterThread: Thread finished: Agent search 2-48
2026-10-08 23:36:32,411 INFO o.a.j.t.JMeterThread: Thread started: Agent search 2-49
2026-10-08 23:36:32,607 INFO o.a.j.t.JMeterThread: Thread started: Agent search 2-50
2026-10-08 23:36:32,619 INFO o.a.j.t.JMeterThread: Thread is done: Agent search 2-49
2026-10-08 23:36:32,619 INFO o.a.j.t.JMeterThread: Thread finished: Agent search 2-49
2026-10-08 23:36:32,674 INFO o.a.j.t.JMeterThread: Thread is done: Agent search 2-50
2026-10-08 23:36:32,674 INFO o.a.j.t.JMeterThread: Thread finished: Agent search 2-50
2026-10-08 23:36:33,460 INFO o.a.j.t.JMeterThread: Thread started: Agent search 2-51
2026-10-08 23:36:33,652 INFO o.a.j.t.JMeterThread: Thread is done: Agent search 2-51
2026-10-08 23:36:33,653 INFO o.a.j.t.JMeterThread: Thread finished: Agent search 2-51
2026-10-08 23:36:35,742 INFO o.a.j.t.JMeterThread: Thread started: Agent search 2-52
2026-10-08 23:36:35,906 INFO o.a.j.t.JMeterThread: Thread is done: Agent search 2-52
2026-10-08 23:36:35,906 INFO o.a.j.t.JMeterThread: Thread finished: Agent search 2-52
2026-10-08 23:36:38,035 INFO o.a.j.t.JMeterThread: Thread started: Agent search 2-53
2026-10-08 23:36:38,260 INFO o.a.j.t.JMeterThread: Thread is done: Agent search 2-53
2026-10-08 23:36:38,260 INFO o.a.j.t.JMeterThread: Thread finished: Agent search 2-53
2026-10-08 23:36:40,229 INFO o.a.j.t.JMeterThread: Thread started: Ticket intake 1-7
2026-10-08 23:36:40,559 INFO o.a.j.t.JMeterThread: Thread started: Agent search 2-54
2026-10-08 23:36:40,717 INFO o.a.j.t.JMeterThread: Thread is done: Agent search 2-54
2026-10-08 23:36:40,717 INFO o.a.j.t.JMeterThread: Thread finished: Agent search 2-54
2026-10-08 23:36:42,722 INFO o.a.j.t.JMeterThread: Thread started: Agent search 2-55
2026-10-08 23:36:42,868 INFO o.a.j.t.JMeterThread: Thread is done: Agent search 2-55
2026-10-08 23:36:42,868 INFO o.a.j.t.JMeterThread: Thread finished: Agent search 2-55
2026-10-08 23:36:45,942 INFO o.a.j.t.JMeterThread: Thread is done: Ticket intake 1-7
2026-10-08 23:36:45,943 INFO o.a.j.t.JMeterThread: Thread finished: Ticket intake 1-7
2026-10-08 23:36:54,359 INFO o.a.j.t.JMeterThread: Thread started: Agent search 2-56
2026-10-08 23:36:54,546 INFO o.a.j.t.JMeterThread: Thread is done: Agent search 2-56
2026-10-08 23:36:54,546 INFO o.a.j.t.JMeterThread: Thread finished: Agent search 2-56
2026-10-08 23:37:01,141 INFO o.a.j.t.JMeterThread: Thread started: Agent search 2-57
2026-10-08 23:37:01,263 INFO o.a.j.r.Summariser: summary +     10 in 00:00:29 =    0.3/s Avg:   716 Min:    64 Max:  5712 Err:     0 (0.00%) Active: 1 Started: 64 Finished: 63
2026-10-08 23:37:01,265 INFO o.a.j.r.Summariser: summary =     64 in 00:03:45 =    0.3/s Avg:   825 Min:    60 Max:  7730 Err:     0 (0.00%)
2026-10-08 23:37:01,265 INFO o.a.j.t.JMeterThread: Thread is done: Agent search 2-57
2026-10-08 23:37:01,265 INFO o.a.j.t.JMeterThread: Thread finished: Agent search 2-57
2026-10-08 23:37:04,068 INFO o.a.j.t.JMeterThread: Thread started: Agent search 2-58
2026-10-08 23:37:04,213 INFO o.a.j.t.JMeterThread: Thread is done: Agent search 2-58
2026-10-08 23:37:04,213 INFO o.a.j.t.JMeterThread: Thread finished: Agent search 2-58
2026-10-08 23:37:31,120 INFO o.a.j.t.JMeterThread: Thread started: Agent search 2-59
2026-10-08 23:37:31,247 INFO o.a.j.r.Summariser: summary +      2 in 00:00:30 =    0.1/s Avg:   133 Min:   124 Max:   143 Err:     0 (0.00%) Active: 1 Started: 66 Finished: 65
2026-10-08 23:37:31,247 INFO o.a.j.r.Summariser: summary =     66 in 00:04:15 =    0.3/s Avg:   804 Min:    60 Max:  7730 Err:     0 (0.00%)
2026-10-08 23:37:31,247 INFO o.a.j.t.JMeterThread: Thread is done: Agent search 2-59
2026-10-08 23:37:31,248 INFO o.a.j.t.JMeterThread: Thread finished: Agent search 2-59
2026-10-08 23:37:34,730 INFO o.a.j.t.JMeterThread: Thread started: Agent search 2-60
2026-10-08 23:37:34,847 INFO o.a.j.t.JMeterThread: Thread is done: Agent search 2-60
2026-10-08 23:37:34,847 INFO o.a.j.t.JMeterThread: Thread finished: Agent search 2-60
2026-10-08 23:37:36,582 INFO o.a.j.t.JMeterThread: Thread started: Agent search 2-61
2026-10-08 23:37:36,731 INFO o.a.j.t.JMeterThread: Thread is done: Agent search 2-61
2026-10-08 23:37:36,731 INFO o.a.j.t.JMeterThread: Thread finished: Agent search 2-61
2026-10-08 23:37:39,204 INFO o.a.j.t.JMeterThread: Thread started: Agent search 2-62
2026-10-08 23:37:39,494 INFO o.a.j.t.JMeterThread: Thread is done: Agent search 2-62
2026-10-08 23:37:39,494 INFO o.a.j.t.JMeterThread: Thread finished: Agent search 2-62
2026-10-08 23:37:47,600 INFO o.a.j.t.JMeterThread: Thread started: Agent search 2-63
2026-10-08 23:37:47,893 INFO o.a.j.t.JMeterThread: Thread is done: Agent search 2-63
2026-10-08 23:37:47,893 INFO o.a.j.t.JMeterThread: Thread finished: Agent search 2-63
2026-10-08 23:37:50,609 INFO o.a.j.t.JMeterThread: Thread started: Agent search 2-64
2026-10-08 23:37:50,862 INFO o.a.j.t.JMeterThread: Thread is done: Agent search 2-64
2026-10-08 23:37:50,862 INFO o.a.j.t.JMeterThread: Thread finished: Agent search 2-64
2026-10-08 23:38:04,128 INFO o.a.j.t.JMeterThread: Thread started: Ticket intake 1-8
2026-10-08 23:38:08,269 INFO o.a.j.t.JMeterThread: Thread is done: Ticket intake 1-8
2026-10-08 23:38:08,270 INFO o.a.j.t.JMeterThread: Thread finished: Ticket intake 1-8
2026-10-08 23:38:08,310 INFO o.a.j.t.JMeterThread: Thread started: Agent search 2-65
2026-10-08 23:38:08,508 INFO o.a.j.t.JMeterThread: Thread is done: Agent search 2-65
2026-10-08 23:38:08,508 INFO o.a.j.t.JMeterThread: Thread finished: Agent search 2-65
2026-10-08 23:38:08,648 INFO o.a.j.t.JMeterThread: Thread started: Agent search 2-66
2026-10-08 23:38:08,781 INFO o.a.j.t.JMeterThread: Thread is done: Agent search 2-66
2026-10-08 23:38:08,781 INFO o.a.j.t.JMeterThread: Thread finished: Agent search 2-66
2026-10-08 23:38:09,941 INFO o.a.j.t.JMeterThread: Thread started: Ticket intake 1-9
2026-10-08 23:38:14,822 INFO o.a.j.t.JMeterThread: Thread is done: Ticket intake 1-9
2026-10-08 23:38:14,822 INFO o.a.j.t.JMeterThread: Thread finished: Ticket intake 1-9
2026-10-08 23:38:16,421 INFO o.a.j.t.JMeterThread: Thread started: Ticket intake 1-10
2026-10-08 23:38:17,112 INFO o.a.j.t.JMeterThread: Thread started: Agent search 2-67
2026-10-08 23:38:17,384 INFO o.a.j.t.JMeterThread: Thread is done: Agent search 2-67
2026-10-08 23:38:17,384 INFO o.a.j.t.JMeterThread: Thread finished: Agent search 2-67
2026-10-08 23:38:19,003 INFO o.a.j.t.JMeterThread: Thread started: Agent search 2-68
2026-10-08 23:38:19,126 INFO o.a.j.t.JMeterThread: Thread is done: Agent search 2-68
2026-10-08 23:38:19,126 INFO o.a.j.t.JMeterThread: Thread finished: Agent search 2-68
2026-10-08 23:38:21,480 INFO o.a.j.t.JMeterThread: Thread is done: Ticket intake 1-10
2026-10-08 23:38:21,480 INFO o.a.j.t.JMeterThread: Thread finished: Ticket intake 1-10
2026-10-08 23:38:27,211 INFO o.a.j.t.JMeterThread: Thread started: Agent search 2-69
2026-10-08 23:38:27,358 INFO o.a.j.t.JMeterThread: Thread is done: Agent search 2-69
2026-10-08 23:38:27,358 INFO o.a.j.t.JMeterThread: Thread finished: Agent search 2-69
2026-10-08 23:38:28,288 INFO o.a.j.t.JMeterThread: Thread started: Agent search 2-70
2026-10-08 23:38:28,444 INFO o.a.j.t.JMeterThread: Thread is done: Agent search 2-70
2026-10-08 23:38:28,444 INFO o.a.j.t.JMeterThread: Thread finished: Agent search 2-70
2026-10-08 23:38:29,525 INFO o.a.j.t.JMeterThread: Thread started: Ticket intake 1-11
2026-10-08 23:38:31,236 INFO o.a.j.t.JMeterThread: Thread started: Agent search 2-71
2026-10-08 23:38:31,413 INFO o.a.j.r.Summariser: summary +     15 in 00:01:00 =    0.2/s Avg:  1090 Min:   115 Max:  5058 Err:     0 (0.00%) Active: 2 Started: 82 Finished: 80
2026-10-08 23:38:31,414 INFO o.a.j.r.Summariser: summary =     81 in 00:05:15 =    0.3/s Avg:   857 Min:    60 Max:  7730 Err:     0 (0.00%)
2026-10-08 23:38:31,414 INFO o.a.j.t.JMeterThread: Thread is done: Agent search 2-71
2026-10-08 23:38:31,414 INFO o.a.j.t.JMeterThread: Thread finished: Agent search 2-71
2026-10-08 23:38:33,571 INFO o.a.j.t.JMeterThread: Thread started: Agent search 2-72
2026-10-08 23:38:33,768 INFO o.a.j.t.JMeterThread: Thread is done: Agent search 2-72
2026-10-08 23:38:33,768 INFO o.a.j.t.JMeterThread: Thread finished: Agent search 2-72
2026-10-08 23:38:36,970 INFO o.a.j.t.JMeterThread: Thread is done: Ticket intake 1-11
2026-10-08 23:38:36,970 INFO o.a.j.t.JMeterThread: Thread finished: Ticket intake 1-11
2026-10-08 23:38:40,051 INFO o.a.j.t.JMeterThread: Thread started: Agent search 2-73
2026-10-08 23:38:40,219 INFO o.a.j.t.JMeterThread: Thread is done: Agent search 2-73
2026-10-08 23:38:40,219 INFO o.a.j.t.JMeterThread: Thread finished: Agent search 2-73
2026-10-08 23:38:43,462 INFO o.a.j.t.JMeterThread: Thread started: Agent search 2-74
2026-10-08 23:38:43,704 INFO o.a.j.t.JMeterThread: Thread is done: Agent search 2-74
2026-10-08 23:38:43,704 INFO o.a.j.t.JMeterThread: Thread finished: Agent search 2-74
2026-10-08 23:38:44,322 INFO o.a.j.t.JMeterThread: Thread started: Ticket intake 1-12
2026-10-08 23:38:45,297 INFO o.a.j.t.JMeterThread: Thread started: Ticket intake 1-13
2026-10-08 23:38:50,255 INFO o.a.j.t.JMeterThread: Thread is done: Ticket intake 1-12
2026-10-08 23:38:50,255 INFO o.a.j.t.JMeterThread: Thread finished: Ticket intake 1-12
2026-10-08 23:38:52,322 INFO o.a.j.t.JMeterThread: Thread started: Agent search 2-75
2026-10-08 23:38:52,508 INFO o.a.j.t.JMeterThread: Thread is done: Agent search 2-75
2026-10-08 23:38:52,508 INFO o.a.j.t.JMeterThread: Thread finished: Agent search 2-75
2026-10-08 23:38:52,563 INFO o.a.j.t.JMeterThread: Thread started: Agent search 2-76
2026-10-08 23:38:52,712 INFO o.a.j.t.JMeterThread: Thread is done: Agent search 2-76
2026-10-08 23:38:52,712 INFO o.a.j.t.JMeterThread: Thread finished: Agent search 2-76
2026-10-08 23:38:52,807 INFO o.a.j.t.JMeterThread: Thread started: Agent search 2-77
2026-10-08 23:38:52,914 INFO o.a.j.t.JMeterThread: Thread is done: Agent search 2-77
2026-10-08 23:38:52,916 INFO o.a.j.t.JMeterThread: Thread finished: Agent search 2-77
2026-10-08 23:38:55,778 INFO o.a.j.t.JMeterThread: Thread started: Agent search 2-78
2026-10-08 23:38:55,887 INFO o.a.j.t.JMeterThread: Thread is done: Ticket intake 1-13
2026-10-08 23:38:55,887 INFO o.a.j.t.JMeterThread: Thread finished: Ticket intake 1-13
2026-10-08 23:38:55,988 INFO o.a.j.t.JMeterThread: Thread is done: Agent search 2-78
2026-10-08 23:38:55,988 INFO o.a.j.t.JMeterThread: Thread finished: Agent search 2-78
2026-10-08 23:38:56,303 INFO o.a.j.t.JMeterThread: Thread started: Agent search 2-79
2026-10-08 23:38:56,501 INFO o.a.j.t.JMeterThread: Thread is done: Agent search 2-79
2026-10-08 23:38:56,501 INFO o.a.j.t.JMeterThread: Thread finished: Agent search 2-79
2026-10-08 23:39:01,022 INFO o.a.j.t.JMeterThread: Thread started: Agent search 2-80
2026-10-08 23:39:01,110 INFO o.a.j.r.Summariser: summary +     12 in 00:00:30 =    0.4/s Avg:  2123 Min:    85 Max: 10586 Err:     0 (0.00%) Active: 1 Started: 93 Finished: 92
2026-10-08 23:39:01,111 INFO o.a.j.r.Summariser: summary =     93 in 00:05:45 =    0.3/s Avg:  1020 Min:    60 Max: 10586 Err:     0 (0.00%)
2026-10-08 23:39:01,111 INFO o.a.j.t.JMeterThread: Thread is done: Agent search 2-80
2026-10-08 23:39:01,111 INFO o.a.j.t.JMeterThread: Thread finished: Agent search 2-80
2026-10-08 23:39:05,134 INFO o.a.j.t.JMeterThread: Thread started: Agent search 2-81
2026-10-08 23:39:05,207 INFO o.a.j.t.JMeterThread: Thread started: Agent search 2-82
2026-10-08 23:39:05,246 INFO o.a.j.t.JMeterThread: Thread is done: Agent search 2-81
2026-10-08 23:39:05,246 INFO o.a.j.t.JMeterThread: Thread finished: Agent search 2-81
2026-10-08 23:39:05,314 INFO o.a.j.t.JMeterThread: Thread is done: Agent search 2-82
2026-10-08 23:39:05,314 INFO o.a.j.t.JMeterThread: Thread finished: Agent search 2-82
2026-10-08 23:39:06,018 INFO o.a.j.t.JMeterThread: Thread started: Agent search 2-83
2026-10-08 23:39:06,230 INFO o.a.j.t.JMeterThread: Thread is done: Agent search 2-83
2026-10-08 23:39:06,230 INFO o.a.j.t.JMeterThread: Thread finished: Agent search 2-83
2026-10-08 23:39:14,398 INFO o.a.j.t.JMeterThread: Thread started: Ticket intake 1-14
2026-10-08 23:39:16,073 INFO o.a.j.t.JMeterThread: Thread started: Agent search 2-84
2026-10-08 23:39:16,238 INFO o.a.j.t.JMeterThread: Thread is done: Agent search 2-84
2026-10-08 23:39:16,238 INFO o.a.j.t.JMeterThread: Thread finished: Agent search 2-84
2026-10-08 23:39:19,771 INFO o.a.j.t.JMeterThread: Thread started: Ticket intake 1-15
2026-10-08 23:39:20,873 INFO o.a.j.t.JMeterThread: Thread is done: Ticket intake 1-14
2026-10-08 23:39:20,874 INFO o.a.j.t.JMeterThread: Thread finished: Ticket intake 1-14
2026-10-08 23:39:23,121 INFO o.a.j.t.JMeterThread: Thread started: Agent search 2-85
2026-10-08 23:39:23,226 INFO o.a.j.t.JMeterThread: Thread is done: Agent search 2-85
2026-10-08 23:39:23,227 INFO o.a.j.t.JMeterThread: Thread finished: Agent search 2-85
2026-10-08 23:39:24,201 INFO o.a.j.t.JMeterThread: Thread started: Agent search 2-86
2026-10-08 23:39:24,354 INFO o.a.j.t.JMeterThread: Thread is done: Agent search 2-86
2026-10-08 23:39:24,354 INFO o.a.j.t.JMeterThread: Thread finished: Agent search 2-86
2026-10-08 23:39:24,969 INFO o.a.j.t.JMeterThread: Thread is done: Ticket intake 1-15
2026-10-08 23:39:24,969 INFO o.a.j.t.JMeterThread: Thread finished: Ticket intake 1-15
2026-10-08 23:39:27,169 INFO o.a.j.t.JMeterThread: Thread started: Agent search 2-87
2026-10-08 23:39:27,288 INFO o.a.j.t.JMeterThread: Thread started: Ticket intake 1-16
2026-10-08 23:39:27,355 INFO o.a.j.t.JMeterThread: Thread is done: Agent search 2-87
2026-10-08 23:39:27,355 INFO o.a.j.t.JMeterThread: Thread finished: Agent search 2-87
2026-10-08 23:39:29,240 INFO o.a.j.t.JMeterThread: Thread started: Agent search 2-88
2026-10-08 23:39:29,475 INFO o.a.j.t.JMeterThread: Thread is done: Agent search 2-88
2026-10-08 23:39:29,475 INFO o.a.j.t.JMeterThread: Thread finished: Agent search 2-88
2026-10-08 23:39:30,022 INFO o.a.j.t.JMeterThread: Thread started: Agent search 2-89
2026-10-08 23:39:30,294 INFO o.a.j.r.Summariser: summary +     11 in 00:00:29 =    0.4/s Avg:  1199 Min:   105 Max:  6473 Err:     0 (0.00%) Active: 2 Started: 105 Finished: 103
2026-10-08 23:39:30,294 INFO o.a.j.r.Summariser: summary =    104 in 00:06:14 =    0.3/s Avg:  1039 Min:    60 Max: 10586 Err:     0 (0.00%)
2026-10-08 23:39:30,295 INFO o.a.j.t.JMeterThread: Thread is done: Agent search 2-89
2026-10-08 23:39:30,295 INFO o.a.j.t.JMeterThread: Thread finished: Agent search 2-89
2026-10-08 23:39:32,260 INFO o.a.j.t.JMeterThread: Thread is done: Ticket intake 1-16
2026-10-08 23:39:32,261 INFO o.a.j.t.JMeterThread: Thread finished: Ticket intake 1-16
2026-10-08 23:39:33,609 INFO o.a.j.t.JMeterThread: Thread started: Agent search 2-90
2026-10-08 23:39:33,775 INFO o.a.j.t.JMeterThread: Thread is done: Agent search 2-90
2026-10-08 23:39:33,775 INFO o.a.j.t.JMeterThread: Thread finished: Agent search 2-90
2026-10-08 23:39:40,655 INFO o.a.j.t.JMeterThread: Thread started: Agent search 2-91
2026-10-08 23:39:40,841 INFO o.a.j.t.JMeterThread: Thread is done: Agent search 2-91
2026-10-08 23:39:40,841 INFO o.a.j.t.JMeterThread: Thread finished: Agent search 2-91
2026-10-08 23:39:46,592 INFO o.a.j.t.JMeterThread: Thread started: Agent search 2-92
2026-10-08 23:39:46,779 INFO o.a.j.t.JMeterThread: Thread is done: Agent search 2-92
2026-10-08 23:39:46,779 INFO o.a.j.t.JMeterThread: Thread finished: Agent search 2-92
2026-10-08 23:39:47,528 INFO o.a.j.t.JMeterThread: Thread started: Agent search 2-93
2026-10-08 23:39:47,701 INFO o.a.j.t.JMeterThread: Thread is done: Agent search 2-93
2026-10-08 23:39:47,701 INFO o.a.j.t.JMeterThread: Thread finished: Agent search 2-93
2026-10-08 23:39:52,507 INFO o.a.j.t.JMeterThread: Thread started: Agent search 2-94
2026-10-08 23:39:52,719 INFO o.a.j.t.JMeterThread: Thread is done: Agent search 2-94
2026-10-08 23:39:52,719 INFO o.a.j.t.JMeterThread: Thread finished: Agent search 2-94
2026-10-08 23:39:57,258 INFO o.a.j.t.JMeterThread: Thread started: Agent search 2-95
2026-10-08 23:39:57,429 INFO o.a.j.t.JMeterThread: Thread is done: Agent search 2-95
2026-10-08 23:39:57,429 INFO o.a.j.t.JMeterThread: Thread finished: Agent search 2-95
2026-10-08 23:40:05,004 INFO o.a.j.t.JMeterThread: Thread started: Agent search 2-96
2026-10-08 23:40:05,212 INFO o.a.j.r.Summariser: summary +      8 in 00:00:35 =    0.2/s Avg:   781 Min:   164 Max:  4969 Err:     0 (0.00%) Active: 1 Started: 112 Finished: 111
2026-10-08 23:40:05,213 INFO o.a.j.r.Summariser: summary =    112 in 00:06:49 =    0.3/s Avg:  1021 Min:    60 Max: 10586 Err:     0 (0.00%)
2026-10-08 23:40:05,214 INFO o.a.j.t.JMeterThread: Thread is done: Agent search 2-96
2026-10-08 23:40:05,214 INFO o.a.j.t.JMeterThread: Thread finished: Agent search 2-96
2026-10-08 23:40:07,184 INFO o.a.j.t.JMeterThread: Thread started: Agent search 2-97
2026-10-08 23:40:07,291 INFO o.a.j.t.JMeterThread: Thread is done: Agent search 2-97
2026-10-08 23:40:07,291 INFO o.a.j.t.JMeterThread: Thread finished: Agent search 2-97
2026-10-08 23:40:08,347 INFO o.a.j.t.JMeterThread: Thread started: Agent search 2-98
2026-10-08 23:40:08,592 INFO o.a.j.t.JMeterThread: Thread is done: Agent search 2-98
2026-10-08 23:40:08,616 INFO o.a.j.t.JMeterThread: Thread finished: Agent search 2-98
2026-10-08 23:40:08,945 INFO o.a.j.t.JMeterThread: Thread started: Agent search 2-99
2026-10-08 23:40:09,197 INFO o.a.j.t.JMeterThread: Thread is done: Agent search 2-99
2026-10-08 23:40:09,197 INFO o.a.j.t.JMeterThread: Thread finished: Agent search 2-99
2026-10-08 23:40:11,317 INFO o.a.j.t.JMeterThread: Thread started: Agent search 2-100
2026-10-08 23:40:11,458 INFO o.a.j.t.JMeterThread: Thread is done: Agent search 2-100
2026-10-08 23:40:11,458 INFO o.a.j.t.JMeterThread: Thread finished: Agent search 2-100
2026-10-08 23:40:15,584 INFO o.a.j.t.JMeterThread: Thread started: Agent search 2-101
2026-10-08 23:40:15,862 INFO o.a.j.t.JMeterThread: Thread is done: Agent search 2-101
2026-10-08 23:40:15,862 INFO o.a.j.t.JMeterThread: Thread finished: Agent search 2-101
2026-10-08 23:40:16,663 INFO o.a.j.t.JMeterThread: Thread started: Ticket intake 1-17
2026-10-08 23:40:24,158 INFO o.a.j.t.JMeterThread: Thread is done: Ticket intake 1-17
2026-10-08 23:40:24,158 INFO o.a.j.t.JMeterThread: Thread finished: Ticket intake 1-17
2026-10-08 23:40:26,127 INFO o.a.j.t.JMeterThread: Thread started: Ticket intake 1-18
2026-10-08 23:40:26,439 INFO o.a.j.t.JMeterThread: Thread started: Agent search 2-102
2026-10-08 23:40:26,614 INFO o.a.j.t.JMeterThread: Thread is done: Agent search 2-102
2026-10-08 23:40:26,614 INFO o.a.j.t.JMeterThread: Thread finished: Agent search 2-102
2026-10-08 23:40:31,590 INFO o.a.j.t.JMeterThread: Thread started: Agent search 2-103
2026-10-08 23:40:31,836 INFO o.a.j.r.Summariser: summary +      8 in 00:00:27 =    0.3/s Avg:  1114 Min:   102 Max:  7492 Err:     0 (0.00%) Active: 2 Started: 121 Finished: 119
2026-10-08 23:40:31,838 INFO o.a.j.r.Summariser: summary =    120 in 00:07:16 =    0.3/s Avg:  1027 Min:    60 Max: 10586 Err:     0 (0.00%)
2026-10-08 23:40:31,838 INFO o.a.j.t.JMeterThread: Thread is done: Agent search 2-103
2026-10-08 23:40:31,838 INFO o.a.j.t.JMeterThread: Thread finished: Agent search 2-103
2026-10-08 23:40:32,758 INFO o.a.j.t.JMeterThread: Thread is done: Ticket intake 1-18
2026-10-08 23:40:32,758 INFO o.a.j.t.JMeterThread: Thread finished: Ticket intake 1-18
2026-10-08 23:40:40,068 INFO o.a.j.t.JMeterThread: Thread started: Ticket intake 1-19
2026-10-08 23:40:40,997 INFO o.a.j.t.JMeterThread: Thread started: Agent search 2-104
2026-10-08 23:40:41,256 INFO o.a.j.t.JMeterThread: Thread is done: Agent search 2-104
2026-10-08 23:40:41,257 INFO o.a.j.t.JMeterThread: Thread finished: Agent search 2-104
2026-10-08 23:40:44,264 INFO o.a.j.t.JMeterThread: Thread started: Agent search 2-105
2026-10-08 23:40:44,432 INFO o.a.j.t.JMeterThread: Thread is done: Agent search 2-105
2026-10-08 23:40:44,432 INFO o.a.j.t.JMeterThread: Thread finished: Agent search 2-105
2026-10-08 23:40:44,700 INFO o.a.j.t.JMeterThread: Thread started: Agent search 2-106
2026-10-08 23:40:44,943 INFO o.a.j.t.JMeterThread: Thread is done: Agent search 2-106
2026-10-08 23:40:44,944 INFO o.a.j.t.JMeterThread: Thread finished: Agent search 2-106
2026-10-08 23:40:45,779 INFO o.a.j.t.JMeterThread: Thread started: Agent search 2-107
2026-10-08 23:40:46,070 INFO o.a.j.t.JMeterThread: Thread is done: Agent search 2-107
2026-10-08 23:40:46,070 INFO o.a.j.t.JMeterThread: Thread finished: Agent search 2-107
2026-10-08 23:40:46,685 INFO o.a.j.t.JMeterThread: Thread is done: Ticket intake 1-19
2026-10-08 23:40:46,685 INFO o.a.j.t.JMeterThread: Thread finished: Ticket intake 1-19
2026-10-08 23:40:50,626 INFO o.a.j.t.JMeterThread: Thread started: Agent search 2-108
2026-10-08 23:40:50,718 INFO o.a.j.t.JMeterThread: Thread is done: Agent search 2-108
2026-10-08 23:40:50,718 INFO o.a.j.t.JMeterThread: Thread finished: Agent search 2-108
2026-10-08 23:40:57,443 INFO o.a.j.t.JMeterThread: Thread started: Agent search 2-109
2026-10-08 23:40:57,651 INFO o.a.j.t.JMeterThread: Thread is done: Agent search 2-109
2026-10-08 23:40:57,651 INFO o.a.j.t.JMeterThread: Thread finished: Agent search 2-109
2026-10-08 23:41:00,156 INFO o.a.j.t.JMeterThread: Thread started: Agent search 2-110
2026-10-08 23:41:00,611 INFO o.a.j.r.Summariser: summary +      9 in 00:00:29 =    0.3/s Avg:  1659 Min:    85 Max:  6630 Err:     0 (0.00%) Active: 1 Started: 129 Finished: 128
2026-10-08 23:41:00,612 INFO o.a.j.r.Summariser: summary =    129 in 00:07:44 =    0.3/s Avg:  1071 Min:    60 Max: 10586 Err:     0 (0.00%)
2026-10-08 23:41:00,612 INFO o.a.j.t.JMeterThread: Thread is done: Agent search 2-110
2026-10-08 23:41:00,612 INFO o.a.j.t.JMeterThread: Thread finished: Agent search 2-110
2026-10-08 23:41:08,482 INFO o.a.j.t.JMeterThread: Thread started: Agent search 2-111
2026-10-08 23:41:08,701 INFO o.a.j.t.JMeterThread: Thread is done: Agent search 2-111
2026-10-08 23:41:08,701 INFO o.a.j.t.JMeterThread: Thread finished: Agent search 2-111
2026-10-08 23:41:16,368 INFO o.a.j.t.JMeterThread: Thread started: Agent search 2-112
2026-10-08 23:41:16,583 INFO o.a.j.t.JMeterThread: Thread started: Ticket intake 1-20
2026-10-08 23:41:16,585 INFO o.a.j.t.JMeterThread: Thread is done: Agent search 2-112
2026-10-08 23:41:16,585 INFO o.a.j.t.JMeterThread: Thread finished: Agent search 2-112
2026-10-08 23:41:23,786 INFO o.a.j.t.JMeterThread: Thread started: Agent search 2-113
2026-10-08 23:41:24,061 INFO o.a.j.t.JMeterThread: Thread is done: Agent search 2-113
2026-10-08 23:41:24,061 INFO o.a.j.t.JMeterThread: Thread finished: Agent search 2-113
2026-10-08 23:41:24,083 INFO o.a.j.t.JMeterThread: Thread is done: Ticket intake 1-20
2026-10-08 23:41:24,083 INFO o.a.j.t.JMeterThread: Thread finished: Ticket intake 1-20
2026-10-08 23:41:24,988 INFO o.a.j.t.JMeterThread: Thread started: Agent search 2-114
2026-10-08 23:41:25,186 INFO o.a.j.t.JMeterThread: Thread is done: Agent search 2-114
2026-10-08 23:41:25,186 INFO o.a.j.t.JMeterThread: Thread finished: Agent search 2-114
2026-10-08 23:41:25,617 INFO o.a.j.t.JMeterThread: Thread started: Ticket intake 1-21
2026-10-08 23:41:28,348 INFO o.a.j.t.JMeterThread: Thread started: Agent search 2-115
2026-10-08 23:41:28,458 INFO o.a.j.t.JMeterThread: Thread started: Agent search 2-116
2026-10-08 23:41:28,462 INFO o.a.j.t.JMeterThread: Thread is done: Agent search 2-115
2026-10-08 23:41:28,462 INFO o.a.j.t.JMeterThread: Thread finished: Agent search 2-115
2026-10-08 23:41:28,514 INFO o.a.j.t.JMeterThread: Thread is done: Agent search 2-116
2026-10-08 23:41:28,514 INFO o.a.j.t.JMeterThread: Thread finished: Agent search 2-116
2026-10-08 23:41:29,757 INFO o.a.j.t.JMeterThread: Thread started: Agent search 2-117
2026-10-08 23:41:29,998 INFO o.a.j.t.JMeterThread: Thread is done: Agent search 2-117
2026-10-08 23:41:29,998 INFO o.a.j.t.JMeterThread: Thread finished: Agent search 2-117
2026-10-08 23:41:31,773 INFO o.a.j.t.JMeterThread: Thread started: Agent search 2-118
2026-10-08 23:41:31,945 INFO o.a.j.r.Summariser: summary +      9 in 00:00:31 =    0.3/s Avg:   997 Min:    54 Max:  7499 Err:     0 (0.00%) Active: 2 Started: 139 Finished: 137
2026-10-08 23:41:31,946 INFO o.a.j.r.Summariser: summary =    138 in 00:08:16 =    0.3/s Avg:  1066 Min:    54 Max: 10586 Err:     0 (0.00%)
2026-10-08 23:41:31,947 INFO o.a.j.t.JMeterThread: Thread is done: Agent search 2-118
2026-10-08 23:41:31,947 INFO o.a.j.t.JMeterThread: Thread finished: Agent search 2-118
2026-10-08 23:41:33,685 INFO o.a.j.t.JMeterThread: Thread is done: Ticket intake 1-21
2026-10-08 23:41:33,686 INFO o.a.j.t.JMeterThread: Thread finished: Ticket intake 1-21
2026-10-08 23:41:35,362 INFO o.a.j.t.JMeterThread: Thread started: Agent search 2-119
2026-10-08 23:41:35,528 INFO o.a.j.t.JMeterThread: Thread is done: Agent search 2-119
2026-10-08 23:41:35,529 INFO o.a.j.t.JMeterThread: Thread finished: Agent search 2-119
2026-10-08 23:41:47,501 INFO o.a.j.t.JMeterThread: Thread started: Agent search 2-120
2026-10-08 23:41:47,741 INFO o.a.j.t.JMeterThread: Thread is done: Agent search 2-120
2026-10-08 23:41:47,742 INFO o.a.j.t.JMeterThread: Thread finished: Agent search 2-120
2026-10-08 23:41:48,363 INFO o.a.j.t.JMeterThread: Thread started: Agent search 2-121
2026-10-08 23:41:48,635 INFO o.a.j.t.JMeterThread: Thread is done: Agent search 2-121
2026-10-08 23:41:48,635 INFO o.a.j.t.JMeterThread: Thread finished: Agent search 2-121
2026-10-08 23:41:51,245 INFO o.a.j.t.JMeterThread: Thread started: Agent search 2-122
2026-10-08 23:41:51,503 INFO o.a.j.t.JMeterThread: Thread is done: Agent search 2-122
2026-10-08 23:41:51,504 INFO o.a.j.t.JMeterThread: Thread finished: Agent search 2-122
2026-10-08 23:41:57,735 INFO o.a.j.t.JMeterThread: Thread started: Agent search 2-123
2026-10-08 23:41:57,956 INFO o.a.j.t.JMeterThread: Thread is done: Agent search 2-123
2026-10-08 23:41:57,956 INFO o.a.j.t.JMeterThread: Thread finished: Agent search 2-123
2026-10-08 23:41:58,551 INFO o.a.j.t.JMeterThread: Thread started: Agent search 2-124
2026-10-08 23:41:58,654 INFO o.a.j.t.JMeterThread: Thread started: Agent search 2-125
2026-10-08 23:41:58,775 INFO o.a.j.t.JMeterThread: Thread is done: Agent search 2-124
2026-10-08 23:41:58,775 INFO o.a.j.t.JMeterThread: Thread finished: Agent search 2-124
2026-10-08 23:41:58,877 INFO o.a.j.t.JMeterThread: Thread is done: Agent search 2-125
2026-10-08 23:41:58,877 INFO o.a.j.t.JMeterThread: Thread finished: Agent search 2-125
2026-10-08 23:42:02,758 INFO o.a.j.t.JMeterThread: Thread started: Agent search 2-126
2026-10-08 23:42:02,907 INFO o.a.j.r.Summariser: summary +      9 in 00:00:31 =    0.3/s Avg:  1089 Min:   146 Max:  8067 Err:     0 (0.00%) Active: 1 Started: 147 Finished: 146
2026-10-08 23:42:02,907 INFO o.a.j.r.Summariser: summary =    147 in 00:08:47 =    0.3/s Avg:  1068 Min:    54 Max: 10586 Err:     0 (0.00%)
2026-10-08 23:42:02,908 INFO o.a.j.t.JMeterThread: Thread is done: Agent search 2-126
2026-10-08 23:42:02,908 INFO o.a.j.t.JMeterThread: Thread finished: Agent search 2-126
2026-10-08 23:42:09,763 INFO o.a.j.t.JMeterThread: Thread started: Ticket intake 1-22
2026-10-08 23:42:12,935 INFO o.a.j.t.JMeterThread: Thread started: Agent search 2-127
2026-10-08 23:42:13,110 INFO o.a.j.t.JMeterThread: Thread is done: Agent search 2-127
2026-10-08 23:42:13,110 INFO o.a.j.t.JMeterThread: Thread finished: Agent search 2-127
2026-10-08 23:42:13,487 INFO o.a.j.t.JMeterThread: Thread started: Agent search 2-128
2026-10-08 23:42:13,852 INFO o.a.j.t.JMeterThread: Thread is done: Agent search 2-128
2026-10-08 23:42:13,852 INFO o.a.j.t.JMeterThread: Thread finished: Agent search 2-128
2026-10-08 23:42:15,159 INFO o.a.j.t.JMeterThread: Thread is done: Ticket intake 1-22
2026-10-08 23:42:15,159 INFO o.a.j.t.JMeterThread: Thread finished: Ticket intake 1-22
2026-10-08 23:42:15,565 INFO o.a.j.t.JMeterThread: Thread started: Agent search 2-129
2026-10-08 23:42:15,723 INFO o.a.j.t.JMeterThread: Thread started: Agent search 2-130
2026-10-08 23:42:15,732 INFO o.a.j.t.JMeterThread: Thread is done: Agent search 2-129
2026-10-08 23:42:15,732 INFO o.a.j.t.JMeterThread: Thread finished: Agent search 2-129
2026-10-08 23:42:16,079 INFO o.a.j.t.JMeterThread: Thread is done: Agent search 2-130
2026-10-08 23:42:16,079 INFO o.a.j.t.JMeterThread: Thread finished: Agent search 2-130
2026-10-08 23:42:16,621 INFO o.a.j.t.JMeterThread: Thread started: Ticket intake 1-23
2026-10-08 23:42:20,651 INFO o.a.j.t.JMeterThread: Thread started: Ticket intake 1-24
2026-10-08 23:42:22,372 INFO o.a.j.t.JMeterThread: Thread started: Agent search 2-131
2026-10-08 23:42:22,531 INFO o.a.j.t.JMeterThread: Thread is done: Agent search 2-131
2026-10-08 23:42:22,531 INFO o.a.j.t.JMeterThread: Thread finished: Agent search 2-131
2026-10-08 23:42:22,636 INFO o.a.j.t.JMeterThread: Thread is done: Ticket intake 1-23
2026-10-08 23:42:22,636 INFO o.a.j.t.JMeterThread: Thread finished: Ticket intake 1-23
2026-10-08 23:42:28,164 INFO o.a.j.t.JMeterThread: Thread is done: Ticket intake 1-24
2026-10-08 23:42:28,164 INFO o.a.j.t.JMeterThread: Thread finished: Ticket intake 1-24
2026-10-08 23:42:32,060 INFO o.a.j.t.JMeterThread: Thread started: Agent search 2-132
2026-10-08 23:42:32,105 INFO o.a.j.r.Summariser: summary +      9 in 00:00:29 =    0.3/s Avg:  2240 Min:    43 Max:  7510 Err:     0 (0.00%) Active: 1 Started: 156 Finished: 155
2026-10-08 23:42:32,106 INFO o.a.j.r.Summariser: summary =    156 in 00:09:16 =    0.3/s Avg:  1135 Min:    43 Max: 10586 Err:     0 (0.00%)
2026-10-08 23:42:32,107 INFO o.a.j.t.JMeterThread: Thread is done: Agent search 2-132
2026-10-08 23:42:32,107 INFO o.a.j.t.JMeterThread: Thread finished: Agent search 2-132
2026-10-08 23:42:33,121 INFO o.a.j.t.JMeterThread: Thread started: Ticket intake 1-25
2026-10-08 23:42:35,526 INFO o.a.j.t.JMeterThread: Thread started: Agent search 2-133
2026-10-08 23:42:35,745 INFO o.a.j.t.JMeterThread: Thread is done: Agent search 2-133
2026-10-08 23:42:35,745 INFO o.a.j.t.JMeterThread: Thread finished: Agent search 2-133
2026-10-08 23:42:36,980 INFO o.a.j.t.JMeterThread: Thread started: Agent search 2-134
2026-10-08 23:42:37,043 INFO o.a.j.t.JMeterThread: Thread started: Agent search 2-135
2026-10-08 23:42:37,175 INFO o.a.j.t.JMeterThread: Thread is done: Agent search 2-134
2026-10-08 23:42:37,175 INFO o.a.j.t.JMeterThread: Thread finished: Agent search 2-134
2026-10-08 23:42:37,276 INFO o.a.j.t.JMeterThread: Thread is done: Agent search 2-135
2026-10-08 23:42:37,277 INFO o.a.j.t.JMeterThread: Thread finished: Agent search 2-135
2026-10-08 23:42:37,641 INFO o.a.j.t.JMeterThread: Thread started: Ticket intake 1-26
2026-10-08 23:42:38,576 INFO o.a.j.t.JMeterThread: Thread started: Agent search 2-136
2026-10-08 23:42:38,595 INFO o.a.j.t.JMeterThread: Thread is done: Ticket intake 1-25
2026-10-08 23:42:38,595 INFO o.a.j.t.JMeterThread: Thread finished: Ticket intake 1-25
2026-10-08 23:42:38,725 INFO o.a.j.t.JMeterThread: Thread is done: Agent search 2-136
2026-10-08 23:42:38,725 INFO o.a.j.t.JMeterThread: Thread finished: Agent search 2-136
2026-10-08 23:42:41,417 INFO o.a.j.t.JMeterThread: Thread started: Agent search 2-137
2026-10-08 23:42:41,578 INFO o.a.j.t.JMeterThread: Thread is done: Agent search 2-137
2026-10-08 23:42:41,578 INFO o.a.j.t.JMeterThread: Thread finished: Agent search 2-137
2026-10-08 23:42:41,730 INFO o.a.j.t.JMeterThread: Thread started: Agent search 2-138
2026-10-08 23:42:41,811 INFO o.a.j.t.JMeterThread: Thread is done: Agent search 2-138
2026-10-08 23:42:41,812 INFO o.a.j.t.JMeterThread: Thread finished: Agent search 2-138
2026-10-08 23:42:42,909 INFO o.a.j.t.JMeterThread: Thread is done: Ticket intake 1-26
2026-10-08 23:42:42,909 INFO o.a.j.t.JMeterThread: Thread finished: Ticket intake 1-26
2026-10-08 23:42:44,764 INFO o.a.j.t.JMeterThread: Thread started: Agent search 2-139
2026-10-08 23:42:44,956 INFO o.a.j.t.JMeterThread: Thread is done: Agent search 2-139
2026-10-08 23:42:44,956 INFO o.a.j.t.JMeterThread: Thread finished: Agent search 2-139
2026-10-08 23:42:45,326 INFO o.a.j.t.JMeterThread: Thread started: Agent search 2-140
2026-10-08 23:42:45,571 INFO o.a.j.t.JMeterThread: Thread is done: Agent search 2-140
2026-10-08 23:42:45,571 INFO o.a.j.t.JMeterThread: Thread finished: Agent search 2-140
2026-10-08 23:42:46,782 INFO o.a.j.t.JMeterThread: Thread started: Ticket intake 1-27
2026-10-08 23:42:50,336 INFO o.a.j.t.JMeterThread: Thread started: Agent search 2-141
2026-10-08 23:42:50,589 INFO o.a.j.t.JMeterThread: Thread is done: Agent search 2-141
2026-10-08 23:42:50,589 INFO o.a.j.t.JMeterThread: Thread finished: Agent search 2-141
2026-10-08 23:42:51,535 INFO o.a.j.t.JMeterThread: Thread started: Agent search 2-142
2026-10-08 23:42:51,716 INFO o.a.j.t.JMeterThread: Thread is done: Agent search 2-142
2026-10-08 23:42:51,716 INFO o.a.j.t.JMeterThread: Thread finished: Agent search 2-142
2026-10-08 23:42:51,920 INFO o.a.j.t.JMeterThread: Thread is done: Ticket intake 1-27
2026-10-08 23:42:51,920 INFO o.a.j.t.JMeterThread: Thread finished: Ticket intake 1-27
2026-10-08 23:42:52,525 INFO o.a.j.t.JMeterThread: Thread started: Agent search 2-143
2026-10-08 23:42:52,610 INFO o.a.j.t.JMeterThread: Thread is done: Agent search 2-143
2026-10-08 23:42:52,610 INFO o.a.j.t.JMeterThread: Thread finished: Agent search 2-143
2026-10-08 23:42:54,029 INFO o.a.j.t.JMeterThread: Thread started: Agent search 2-144
2026-10-08 23:42:54,274 INFO o.a.j.t.JMeterThread: Thread is done: Agent search 2-144
2026-10-08 23:42:54,275 INFO o.a.j.t.JMeterThread: Thread finished: Agent search 2-144
2026-10-08 23:43:05,412 INFO o.a.j.t.JMeterThread: Thread started: Agent search 2-145
2026-10-08 23:43:05,644 INFO o.a.j.r.Summariser: summary +     16 in 00:00:34 =    0.5/s Avg:  1143 Min:    80 Max:  5457 Err:     0 (0.00%) Active: 1 Started: 172 Finished: 171
2026-10-08 23:43:05,645 INFO o.a.j.r.Summariser: summary =    172 in 00:09:49 =    0.3/s Avg:  1136 Min:    43 Max: 10586 Err:     0 (0.00%)
2026-10-08 23:43:05,645 INFO o.a.j.t.JMeterThread: Thread is done: Agent search 2-145
2026-10-08 23:43:05,645 INFO o.a.j.t.JMeterThread: Thread finished: Agent search 2-145
2026-10-08 23:43:25,610 INFO o.a.j.t.JMeterThread: Thread started: Agent search 2-146
2026-10-08 23:43:25,816 INFO o.a.j.t.JMeterThread: Thread is done: Agent search 2-146
2026-10-08 23:43:25,816 INFO o.a.j.t.JMeterThread: Thread finished: Agent search 2-146
2026-10-08 23:43:26,168 INFO o.a.j.t.JMeterThread: Thread started: Agent search 2-147
2026-10-08 23:43:26,531 INFO o.a.j.t.JMeterThread: Thread is done: Agent search 2-147
2026-10-08 23:43:26,531 INFO o.a.j.t.JMeterThread: Thread finished: Agent search 2-147
2026-10-08 23:43:26,849 INFO o.a.j.t.JMeterThread: Thread started: Agent search 2-148
2026-10-08 23:43:27,147 INFO o.a.j.t.JMeterThread: Thread is done: Agent search 2-148
2026-10-08 23:43:27,147 INFO o.a.j.t.JMeterThread: Thread finished: Agent search 2-148
2026-10-08 23:43:35,637 INFO o.a.j.t.JMeterThread: Thread started: Agent search 2-149
2026-10-08 23:43:35,850 INFO o.a.j.r.Summariser: summary +      4 in 00:00:30 =    0.1/s Avg:   268 Min:   203 Max:   362 Err:     0 (0.00%) Active: 1 Started: 176 Finished: 175
2026-10-08 23:43:35,851 INFO o.a.j.r.Summariser: summary =    176 in 00:10:20 =    0.3/s Avg:  1116 Min:    43 Max: 10586 Err:     0 (0.00%)
2026-10-08 23:43:35,851 INFO o.a.j.t.JMeterThread: Thread is done: Agent search 2-149
2026-10-08 23:43:35,851 INFO o.a.j.t.JMeterThread: Thread finished: Agent search 2-149
2026-10-08 23:43:37,498 INFO o.a.j.t.JMeterThread: Thread started: Agent search 2-150
2026-10-08 23:43:37,590 INFO o.a.j.t.JMeterThread: Thread is done: Agent search 2-150
2026-10-08 23:43:37,590 INFO o.a.j.t.JMeterThread: Thread finished: Agent search 2-150
2026-10-08 23:43:43,788 INFO o.a.j.t.JMeterThread: Thread started: Ticket intake 1-28
2026-10-08 23:43:51,006 INFO o.a.j.t.JMeterThread: Thread is done: Ticket intake 1-28
2026-10-08 23:43:51,006 INFO o.a.j.t.JMeterThread: Thread finished: Ticket intake 1-28
2026-10-08 23:43:58,251 INFO o.a.j.t.JMeterThread: Thread started: Ticket intake 1-29
2026-10-08 23:43:59,145 INFO o.a.j.t.JMeterThread: Thread started: Agent search 2-151
2026-10-08 23:43:59,401 INFO o.a.j.t.JMeterThread: Thread is done: Agent search 2-151
2026-10-08 23:43:59,401 INFO o.a.j.t.JMeterThread: Thread finished: Agent search 2-151
2026-10-08 23:44:04,342 INFO o.a.j.t.JMeterThread: Thread started: Agent search 2-152
2026-10-08 23:44:04,523 INFO o.a.j.r.Summariser: summary +      4 in 00:00:29 =    0.1/s Avg:  1934 Min:    91 Max:  7216 Err:     0 (0.00%) Active: 2 Started: 181 Finished: 179
2026-10-08 23:44:04,524 INFO o.a.j.r.Summariser: summary =    180 in 00:10:48 =    0.3/s Avg:  1134 Min:    43 Max: 10586 Err:     0 (0.00%)
2026-10-08 23:44:04,524 INFO o.a.j.t.JMeterThread: Thread is done: Agent search 2-152
2026-10-08 23:44:04,524 INFO o.a.j.t.JMeterThread: Thread finished: Agent search 2-152
2026-10-08 23:44:04,726 INFO o.a.j.t.JMeterThread: Thread is done: Ticket intake 1-29
2026-10-08 23:44:04,726 INFO o.a.j.t.JMeterThread: Thread finished: Ticket intake 1-29
2026-10-08 23:44:05,812 INFO o.a.j.t.JMeterThread: Thread started: Agent search 2-153
2026-10-08 23:44:06,059 INFO o.a.j.t.JMeterThread: Thread is done: Agent search 2-153
2026-10-08 23:44:06,059 INFO o.a.j.t.JMeterThread: Thread finished: Agent search 2-153
2026-10-08 23:44:09,110 INFO o.a.j.t.JMeterThread: Thread started: Agent search 2-154
2026-10-08 23:44:09,334 INFO o.a.j.t.JMeterThread: Thread is done: Agent search 2-154
2026-10-08 23:44:09,334 INFO o.a.j.t.JMeterThread: Thread finished: Agent search 2-154
2026-10-08 23:44:15,870 INFO o.a.j.t.JMeterThread: Thread started: Agent search 2-155
2026-10-08 23:44:16,094 INFO o.a.j.t.JMeterThread: Thread is done: Agent search 2-155
2026-10-08 23:44:16,094 INFO o.a.j.t.JMeterThread: Thread finished: Agent search 2-155
2026-10-08 23:44:20,401 INFO o.a.j.t.JMeterThread: Thread started: Agent search 2-156
2026-10-08 23:44:20,600 INFO o.a.j.t.JMeterThread: Thread is done: Agent search 2-156
2026-10-08 23:44:20,600 INFO o.a.j.t.JMeterThread: Thread finished: Agent search 2-156
2026-10-08 23:44:24,152 INFO o.a.j.t.JMeterThread: Thread started: Agent search 2-157
2026-10-08 23:44:24,387 INFO o.a.j.t.JMeterThread: Thread is done: Agent search 2-157
2026-10-08 23:44:24,388 INFO o.a.j.t.JMeterThread: Thread finished: Agent search 2-157
2026-10-08 23:44:30,829 INFO o.a.j.t.JMeterThread: Thread started: Agent search 2-158
2026-10-08 23:44:30,975 INFO o.a.j.r.Summariser: summary +      7 in 00:00:26 =    0.3/s Avg:  1103 Min:   144 Max:  6474 Err:     0 (0.00%) Active: 1 Started: 187 Finished: 186
2026-10-08 23:44:30,975 INFO o.a.j.r.Summariser: summary =    187 in 00:11:15 =    0.3/s Avg:  1133 Min:    43 Max: 10586 Err:     0 (0.00%)
2026-10-08 23:44:30,976 INFO o.a.j.t.JMeterThread: Thread is done: Agent search 2-158
2026-10-08 23:44:30,976 INFO o.a.j.t.JMeterThread: Thread finished: Agent search 2-158
2026-10-08 23:44:32,402 INFO o.a.j.t.JMeterThread: Thread started: Ticket intake 1-30
2026-10-08 23:44:38,110 INFO o.a.j.t.JMeterThread: Thread is done: Ticket intake 1-30
2026-10-08 23:44:38,110 INFO o.a.j.t.JMeterThread: Thread finished: Ticket intake 1-30
2026-10-08 23:44:43,444 INFO o.a.j.t.JMeterThread: Thread started: Ticket intake 1-31
2026-10-08 23:44:44,392 INFO o.a.j.t.JMeterThread: Thread started: Agent search 2-159
2026-10-08 23:44:44,495 INFO o.a.j.t.JMeterThread: Thread started: Agent search 2-160
2026-10-08 23:44:44,581 INFO o.a.j.t.JMeterThread: Thread is done: Agent search 2-159
2026-10-08 23:44:44,581 INFO o.a.j.t.JMeterThread: Thread finished: Agent search 2-159
2026-10-08 23:44:44,597 INFO o.a.j.t.JMeterThread: Thread is done: Agent search 2-160
2026-10-08 23:44:44,597 INFO o.a.j.t.JMeterThread: Thread finished: Agent search 2-160
2026-10-08 23:44:46,237 INFO o.a.j.t.JMeterThread: Thread started: Agent search 2-161
2026-10-08 23:44:46,405 INFO o.a.j.t.JMeterThread: Thread is done: Agent search 2-161
2026-10-08 23:44:46,405 INFO o.a.j.t.JMeterThread: Thread finished: Agent search 2-161
2026-10-08 23:44:49,477 INFO o.a.j.t.JMeterThread: Thread is done: Ticket intake 1-31
2026-10-08 23:44:49,477 INFO o.a.j.t.JMeterThread: Thread finished: Ticket intake 1-31
2026-10-08 23:44:51,219 INFO o.a.j.t.JMeterThread: Thread started: Ticket intake 1-32
2026-10-08 23:44:51,323 INFO o.a.j.t.JMeterThread: Thread started: Agent search 2-162
2026-10-08 23:44:51,524 INFO o.a.j.t.JMeterThread: Thread is done: Agent search 2-162
2026-10-08 23:44:51,524 INFO o.a.j.t.JMeterThread: Thread finished: Agent search 2-162
2026-10-08 23:44:55,621 INFO o.a.j.t.JMeterThread: Thread is done: Ticket intake 1-32
2026-10-08 23:44:55,621 INFO o.a.j.t.JMeterThread: Thread finished: Ticket intake 1-32
2026-10-08 23:44:58,227 INFO o.a.j.t.JMeterThread: Thread started: Agent search 2-163
2026-10-08 23:44:58,285 INFO o.a.j.t.JMeterThread: Thread started: Agent search 2-164
2026-10-08 23:44:58,342 INFO o.a.j.t.JMeterThread: Thread is done: Agent search 2-163
2026-10-08 23:44:58,343 INFO o.a.j.t.JMeterThread: Thread finished: Agent search 2-163
2026-10-08 23:44:58,347 INFO o.a.j.t.JMeterThread: Thread is done: Agent search 2-164
2026-10-08 23:44:58,347 INFO o.a.j.t.JMeterThread: Thread finished: Agent search 2-164
2026-10-08 23:45:00,223 INFO o.a.j.t.JMeterThread: Thread started: Agent search 2-165
2026-10-08 23:45:00,385 INFO o.a.j.r.Summariser: summary +     10 in 00:00:29 =    0.3/s Avg:  1712 Min:    61 Max:  6031 Err:     0 (0.00%) Active: 1 Started: 197 Finished: 196
2026-10-08 23:45:00,386 INFO o.a.j.r.Summariser: summary =    197 in 00:11:44 =    0.3/s Avg:  1163 Min:    43 Max: 10586 Err:     0 (0.00%)
2026-10-08 23:45:00,386 INFO o.a.j.t.JMeterThread: Thread is done: Agent search 2-165
2026-10-08 23:45:00,386 INFO o.a.j.t.JMeterThread: Thread finished: Agent search 2-165
2026-10-08 23:45:05,942 INFO o.a.j.t.JMeterThread: Thread started: Agent search 2-166
2026-10-08 23:45:06,168 INFO o.a.j.t.JMeterThread: Thread is done: Agent search 2-166
2026-10-08 23:45:06,168 INFO o.a.j.t.JMeterThread: Thread finished: Agent search 2-166
2026-10-08 23:45:07,145 INFO o.a.j.t.JMeterThread: Thread started: Agent search 2-167
2026-10-08 23:45:07,397 INFO o.a.j.t.JMeterThread: Thread is done: Agent search 2-167
2026-10-08 23:45:07,397 INFO o.a.j.t.JMeterThread: Thread finished: Agent search 2-167
2026-10-08 23:45:13,015 INFO o.a.j.t.JMeterThread: Thread started: Agent search 2-168
2026-10-08 23:45:13,234 INFO o.a.j.t.JMeterThread: Thread is done: Agent search 2-168
2026-10-08 23:45:13,234 INFO o.a.j.t.JMeterThread: Thread finished: Agent search 2-168
2026-10-08 23:45:16,899 INFO o.a.j.t.JMeterThread: Thread started: Agent search 2-169
2026-10-08 23:45:17,124 INFO o.a.j.t.JMeterThread: Thread is done: Agent search 2-169
2026-10-08 23:45:17,124 INFO o.a.j.t.JMeterThread: Thread finished: Agent search 2-169
2026-10-08 23:45:17,422 INFO o.a.j.t.JMeterThread: Thread started: Ticket intake 1-33
2026-10-08 23:45:21,195 INFO o.a.j.t.JMeterThread: Thread started: Agent search 2-170
2026-10-08 23:45:22,142 INFO o.a.j.t.JMeterThread: Thread is done: Ticket intake 1-33
2026-10-08 23:45:22,142 INFO o.a.j.t.JMeterThread: Thread finished: Ticket intake 1-33
2026-10-08 23:45:22,653 INFO o.a.j.t.JMeterThread: Thread is done: Agent search 2-170
2026-10-08 23:45:22,654 INFO o.a.j.t.JMeterThread: Thread finished: Agent search 2-170
2026-10-08 23:45:24,202 INFO o.a.j.t.JMeterThread: Thread started: Agent search 2-171
2026-10-08 23:45:24,394 INFO o.a.j.t.JMeterThread: Thread is done: Agent search 2-171
2026-10-08 23:45:24,394 INFO o.a.j.t.JMeterThread: Thread finished: Agent search 2-171
2026-10-08 23:45:27,325 INFO o.a.j.t.JMeterThread: Thread started: Agent search 2-172
2026-10-08 23:45:27,570 INFO o.a.j.t.JMeterThread: Thread is done: Agent search 2-172
2026-10-08 23:45:27,570 INFO o.a.j.t.JMeterThread: Thread finished: Agent search 2-172
2026-10-08 23:45:32,519 INFO o.a.j.t.JMeterThread: Thread started: Agent search 2-173
2026-10-08 23:45:32,792 INFO o.a.j.r.Summariser: summary +      9 in 00:00:32 =    0.3/s Avg:   865 Min:   189 Max:  4718 Err:     0 (0.00%) Active: 1 Started: 206 Finished: 205
2026-10-08 23:45:32,793 INFO o.a.j.r.Summariser: summary =    206 in 00:12:17 =    0.3/s Avg:  1150 Min:    43 Max: 10586 Err:     0 (0.00%)
2026-10-08 23:45:32,794 INFO o.a.j.t.JMeterThread: Thread is done: Agent search 2-173
2026-10-08 23:45:32,794 INFO o.a.j.t.JMeterThread: Thread finished: Agent search 2-173
2026-10-08 23:45:33,628 INFO o.a.j.t.JMeterThread: Thread started: Agent search 2-174
2026-10-08 23:45:33,646 INFO o.a.j.t.JMeterThread: Thread started: Agent search 2-175
2026-10-08 23:45:33,816 INFO o.a.j.t.JMeterThread: Thread is done: Agent search 2-174
2026-10-08 23:45:33,816 INFO o.a.j.t.JMeterThread: Thread finished: Agent search 2-174
2026-10-08 23:45:33,817 INFO o.a.j.t.JMeterThread: Thread is done: Agent search 2-175
2026-10-08 23:45:33,817 INFO o.a.j.t.JMeterThread: Thread finished: Agent search 2-175
2026-10-08 23:45:38,585 INFO o.a.j.t.JMeterThread: Thread started: Agent search 2-176
2026-10-08 23:45:38,835 INFO o.a.j.t.JMeterThread: Thread is done: Agent search 2-176
2026-10-08 23:45:38,835 INFO o.a.j.t.JMeterThread: Thread finished: Agent search 2-176
2026-10-08 23:45:42,301 INFO o.a.j.t.JMeterThread: Thread started: Agent search 2-177
2026-10-08 23:45:42,520 INFO o.a.j.t.JMeterThread: Thread is done: Agent search 2-177
2026-10-08 23:45:42,520 INFO o.a.j.t.JMeterThread: Thread finished: Agent search 2-177
2026-10-08 23:45:43,960 INFO o.a.j.t.JMeterThread: Thread started: Agent search 2-178
2026-10-08 23:45:44,158 INFO o.a.j.t.JMeterThread: Thread is done: Agent search 2-178
2026-10-08 23:45:44,158 INFO o.a.j.t.JMeterThread: Thread finished: Agent search 2-178
2026-10-08 23:45:45,894 INFO o.a.j.t.JMeterThread: Thread started: Agent search 2-179
2026-10-08 23:45:46,036 INFO o.a.j.t.JMeterThread: Thread is done: Agent search 2-179
2026-10-08 23:45:46,036 INFO o.a.j.t.JMeterThread: Thread finished: Agent search 2-179
2026-10-08 23:45:48,221 INFO o.a.j.t.JMeterThread: Thread started: Agent search 2-180
2026-10-08 23:45:48,357 INFO o.a.j.t.JMeterThread: Thread is done: Agent search 2-180
2026-10-08 23:45:48,357 INFO o.a.j.t.JMeterThread: Thread finished: Agent search 2-180
2026-10-08 23:45:54,229 INFO o.a.j.t.JMeterThread: Thread started: Ticket intake 1-34
2026-10-08 23:45:56,899 INFO o.a.j.t.JMeterThread: Thread started: Agent search 2-181
2026-10-08 23:45:57,162 INFO o.a.j.t.JMeterThread: Thread is done: Agent search 2-181
2026-10-08 23:45:57,163 INFO o.a.j.t.JMeterThread: Thread finished: Agent search 2-181
2026-10-08 23:45:58,319 INFO o.a.j.t.JMeterThread: Thread is done: Ticket intake 1-34
2026-10-08 23:45:58,319 INFO o.a.j.t.JMeterThread: Thread finished: Ticket intake 1-34
2026-10-08 23:46:01,080 INFO o.a.j.t.JMeterThread: Thread started: Agent search 2-182
2026-10-08 23:46:01,260 INFO o.a.j.r.Summariser: summary +     10 in 00:00:28 =    0.4/s Avg:   581 Min:   134 Max:  4087 Err:     0 (0.00%) Active: 1 Started: 216 Finished: 215
2026-10-08 23:46:01,260 INFO o.a.j.r.Summariser: summary =    216 in 00:12:45 =    0.3/s Avg:  1123 Min:    43 Max: 10586 Err:     0 (0.00%)
2026-10-08 23:46:01,261 INFO o.a.j.t.JMeterThread: Thread is done: Agent search 2-182
2026-10-08 23:46:01,261 INFO o.a.j.t.JMeterThread: Thread finished: Agent search 2-182
2026-10-08 23:46:06,703 INFO o.a.j.t.JMeterThread: Thread started: Agent search 2-183
2026-10-08 23:46:06,893 INFO o.a.j.t.JMeterThread: Thread is done: Agent search 2-183
2026-10-08 23:46:06,893 INFO o.a.j.t.JMeterThread: Thread finished: Agent search 2-183
2026-10-08 23:46:09,891 INFO o.a.j.t.JMeterThread: Thread started: Ticket intake 1-35
2026-10-08 23:46:11,622 INFO o.a.j.t.JMeterThread: Thread started: Agent search 2-184
2026-10-08 23:46:11,806 INFO o.a.j.t.JMeterThread: Thread is done: Agent search 2-184
2026-10-08 23:46:11,806 INFO o.a.j.t.JMeterThread: Thread finished: Agent search 2-184
2026-10-08 23:46:12,977 INFO o.a.j.t.JMeterThread: Thread started: Agent search 2-185
2026-10-08 23:46:13,138 INFO o.a.j.t.JMeterThread: Thread is done: Agent search 2-185
2026-10-08 23:46:13,138 INFO o.a.j.t.JMeterThread: Thread finished: Agent search 2-185
2026-10-08 23:46:13,528 INFO o.a.j.t.JMeterThread: Thread is done: Ticket intake 1-35
2026-10-08 23:46:13,528 INFO o.a.j.t.JMeterThread: Thread finished: Ticket intake 1-35
2026-10-08 23:46:14,177 INFO o.a.j.t.JMeterThread: Thread started: Agent search 2-186
2026-10-08 23:46:14,366 INFO o.a.j.t.JMeterThread: Thread is done: Agent search 2-186
2026-10-08 23:46:14,366 INFO o.a.j.t.JMeterThread: Thread finished: Agent search 2-186
2026-10-08 23:46:16,201 INFO o.a.j.t.JMeterThread: Thread started: Agent search 2-187
2026-10-08 23:46:16,418 INFO o.a.j.t.JMeterThread: Thread is done: Agent search 2-187
2026-10-08 23:46:16,418 INFO o.a.j.t.JMeterThread: Thread finished: Agent search 2-187
2026-10-08 23:46:19,058 INFO o.a.j.t.JMeterThread: Thread started: Agent search 2-188
2026-10-08 23:46:19,304 INFO o.a.j.t.JMeterThread: Thread is done: Agent search 2-188
2026-10-08 23:46:19,304 INFO o.a.j.t.JMeterThread: Thread finished: Agent search 2-188
2026-10-08 23:46:20,166 INFO o.a.j.t.JMeterThread: Thread started: Agent search 2-189
2026-10-08 23:46:20,407 INFO o.a.j.t.JMeterThread: Thread is done: Agent search 2-189
2026-10-08 23:46:20,408 INFO o.a.j.t.JMeterThread: Thread finished: Agent search 2-189
2026-10-08 23:46:20,675 INFO o.a.j.t.JMeterThread: Thread started: Ticket intake 1-36
2026-10-08 23:46:21,574 INFO o.a.j.t.JMeterThread: Thread started: Ticket intake 1-37
2026-10-08 23:46:24,594 INFO o.a.j.t.JMeterThread: Thread started: Agent search 2-190
2026-10-08 23:46:24,709 INFO o.a.j.t.JMeterThread: Thread is done: Ticket intake 1-36
2026-10-08 23:46:24,709 INFO o.a.j.t.JMeterThread: Thread finished: Ticket intake 1-36
2026-10-08 23:46:24,752 INFO o.a.j.t.JMeterThread: Thread is done: Agent search 2-190
2026-10-08 23:46:24,752 INFO o.a.j.t.JMeterThread: Thread finished: Agent search 2-190
2026-10-08 23:46:29,214 INFO o.a.j.t.JMeterThread: Thread is done: Ticket intake 1-37
2026-10-08 23:46:29,214 INFO o.a.j.t.JMeterThread: Thread finished: Ticket intake 1-37
2026-10-08 23:46:35,181 INFO o.a.j.t.JMeterThread: Thread started: Agent search 2-191
2026-10-08 23:46:35,359 INFO o.a.j.r.Summariser: summary +     12 in 00:00:34 =    0.4/s Avg:  1421 Min:   156 Max:  7638 Err:     0 (0.00%) Active: 1 Started: 228 Finished: 227
2026-10-08 23:46:35,360 INFO o.a.j.r.Summariser: summary =    228 in 00:13:19 =    0.3/s Avg:  1139 Min:    43 Max: 10586 Err:     0 (0.00%)
2026-10-08 23:46:35,360 INFO o.a.j.t.JMeterThread: Thread is done: Agent search 2-191
2026-10-08 23:46:35,360 INFO o.a.j.t.JMeterThread: Thread finished: Agent search 2-191
2026-10-08 23:46:38,612 INFO o.a.j.t.JMeterThread: Thread started: Agent search 2-192
2026-10-08 23:46:38,841 INFO o.a.j.t.JMeterThread: Thread is done: Agent search 2-192
2026-10-08 23:46:38,841 INFO o.a.j.t.JMeterThread: Thread finished: Agent search 2-192
2026-10-08 23:46:38,929 INFO o.a.j.t.JMeterThread: Thread started: Agent search 2-193
2026-10-08 23:46:39,147 INFO o.a.j.t.JMeterThread: Thread is done: Agent search 2-193
2026-10-08 23:46:39,148 INFO o.a.j.t.JMeterThread: Thread finished: Agent search 2-193
2026-10-08 23:46:41,016 INFO o.a.j.t.JMeterThread: Thread started: Agent search 2-194
2026-10-08 23:46:41,298 INFO o.a.j.t.JMeterThread: Thread is done: Agent search 2-194
2026-10-08 23:46:41,299 INFO o.a.j.t.JMeterThread: Thread finished: Agent search 2-194
2026-10-08 23:46:41,910 INFO o.a.j.t.JMeterThread: Thread started: Agent search 2-195
2026-10-08 23:46:42,117 INFO o.a.j.t.JMeterThread: Thread is done: Agent search 2-195
2026-10-08 23:46:42,117 INFO o.a.j.t.JMeterThread: Thread finished: Agent search 2-195
2026-10-08 23:46:48,059 INFO o.a.j.t.JMeterThread: Thread started: Agent search 2-196
2026-10-08 23:46:48,262 INFO o.a.j.t.JMeterThread: Thread is done: Agent search 2-196
2026-10-08 23:46:48,262 INFO o.a.j.t.JMeterThread: Thread finished: Agent search 2-196
2026-10-08 23:46:51,625 INFO o.a.j.t.JMeterThread: Thread started: Agent search 2-197
2026-10-08 23:46:51,844 INFO o.a.j.t.JMeterThread: Thread is done: Agent search 2-197
2026-10-08 23:46:51,844 INFO o.a.j.t.JMeterThread: Thread finished: Agent search 2-197
2026-10-08 23:46:57,516 INFO o.a.j.t.JMeterThread: Thread started: Agent search 2-198
2026-10-08 23:46:57,783 INFO o.a.j.t.JMeterThread: Thread is done: Agent search 2-198
2026-10-08 23:46:57,783 INFO o.a.j.t.JMeterThread: Thread finished: Agent search 2-198
2026-10-08 23:46:59,235 INFO o.a.j.t.JMeterThread: Thread started: Agent search 2-199
2026-10-08 23:46:59,328 INFO o.a.j.t.JMeterThread: Thread is done: Agent search 2-199
2026-10-08 23:46:59,328 INFO o.a.j.t.JMeterThread: Thread finished: Agent search 2-199
2026-10-08 23:47:05,587 INFO o.a.j.t.JMeterThread: Thread started: Agent search 2-200
2026-10-08 23:47:05,772 INFO o.a.j.r.Summariser: summary +      9 in 00:00:30 =    0.3/s Avg:   209 Min:    92 Max:   280 Err:     0 (0.00%) Active: 1 Started: 237 Finished: 236
2026-10-08 23:47:05,774 INFO o.a.j.r.Summariser: summary =    237 in 00:13:50 =    0.3/s Avg:  1104 Min:    43 Max: 10586 Err:     0 (0.00%)
2026-10-08 23:47:05,775 INFO o.a.j.t.JMeterThread: Thread is done: Agent search 2-200
2026-10-08 23:47:05,775 INFO o.a.j.t.JMeterThread: Thread finished: Agent search 2-200
2026-10-08 23:47:10,154 INFO o.a.j.t.JMeterThread: Thread started: Agent search 2-201
2026-10-08 23:47:10,277 INFO o.a.j.t.JMeterThread: Thread is done: Agent search 2-201
2026-10-08 23:47:10,278 INFO o.a.j.t.JMeterThread: Thread finished: Agent search 2-201
2026-10-08 23:47:13,968 INFO o.a.j.t.JMeterThread: Thread started: Agent search 2-202
2026-10-08 23:47:14,169 INFO o.a.j.t.JMeterThread: Thread is done: Agent search 2-202
2026-10-08 23:47:14,169 INFO o.a.j.t.JMeterThread: Thread finished: Agent search 2-202
2026-10-08 23:47:21,185 INFO o.a.j.t.JMeterThread: Thread started: Agent search 2-203
2026-10-08 23:47:21,337 INFO o.a.j.t.JMeterThread: Thread is done: Agent search 2-203
2026-10-08 23:47:21,337 INFO o.a.j.t.JMeterThread: Thread finished: Agent search 2-203
2026-10-08 23:47:22,066 INFO o.a.j.t.JMeterThread: Thread started: Agent search 2-204
2026-10-08 23:47:22,124 INFO o.a.j.t.JMeterThread: Thread is done: Agent search 2-204
2026-10-08 23:47:22,128 INFO o.a.j.t.JMeterThread: Thread finished: Agent search 2-204
2026-10-08 23:47:22,767 INFO o.a.j.t.JMeterThread: Thread started: Agent search 2-205
2026-10-08 23:47:22,976 INFO o.a.j.t.JMeterThread: Thread is done: Agent search 2-205
2026-10-08 23:47:22,976 INFO o.a.j.t.JMeterThread: Thread finished: Agent search 2-205
2026-10-08 23:47:26,857 INFO o.a.j.t.JMeterThread: Thread started: Agent search 2-206
2026-10-08 23:47:27,069 INFO o.a.j.t.JMeterThread: Thread is done: Agent search 2-206
2026-10-08 23:47:27,069 INFO o.a.j.t.JMeterThread: Thread finished: Agent search 2-206
2026-10-08 23:47:27,092 INFO o.a.j.t.JMeterThread: Thread started: Agent search 2-207
2026-10-08 23:47:27,172 INFO o.a.j.t.JMeterThread: Thread is done: Agent search 2-207
2026-10-08 23:47:27,172 INFO o.a.j.t.JMeterThread: Thread finished: Agent search 2-207
2026-10-08 23:47:29,156 INFO o.a.j.t.JMeterThread: Thread started: Agent search 2-208
2026-10-08 23:47:29,248 INFO o.a.j.t.JMeterThread: Thread is done: Agent search 2-208
2026-10-08 23:47:29,248 INFO o.a.j.t.JMeterThread: Thread finished: Agent search 2-208
2026-10-08 23:47:32,519 INFO o.a.j.t.JMeterThread: Thread started: Agent search 2-209
2026-10-08 23:47:32,702 INFO o.a.j.r.Summariser: summary +      9 in 00:00:27 =    0.3/s Avg:   144 Min:    57 Max:   212 Err:     0 (0.00%) Active: 1 Started: 246 Finished: 245
2026-10-08 23:47:32,703 INFO o.a.j.r.Summariser: summary =    246 in 00:14:17 =    0.3/s Avg:  1068 Min:    43 Max: 10586 Err:     0 (0.00%)
2026-10-08 23:47:32,703 INFO o.a.j.t.JMeterThread: Thread is done: Agent search 2-209
2026-10-08 23:47:32,703 INFO o.a.j.t.JMeterThread: Thread finished: Agent search 2-209
2026-10-08 23:47:33,541 INFO o.a.j.t.JMeterThread: Thread started: Agent search 2-210
2026-10-08 23:47:33,727 INFO o.a.j.t.JMeterThread: Thread is done: Agent search 2-210
2026-10-08 23:47:33,728 INFO o.a.j.t.JMeterThread: Thread finished: Agent search 2-210
2026-10-08 23:47:35,542 INFO o.a.j.t.JMeterThread: Thread started: Ticket intake 1-38
2026-10-08 23:47:36,934 INFO o.a.j.t.JMeterThread: Thread started: Agent search 2-211
2026-10-08 23:47:37,035 INFO o.a.j.t.JMeterThread: Thread started: Agent search 2-212
2026-10-08 23:47:37,077 INFO o.a.j.t.JMeterThread: Thread is done: Agent search 2-211
2026-10-08 23:47:37,077 INFO o.a.j.t.JMeterThread: Thread finished: Agent search 2-211
2026-10-08 23:47:37,209 INFO o.a.j.t.JMeterThread: Thread is done: Agent search 2-212
2026-10-08 23:47:37,209 INFO o.a.j.t.JMeterThread: Thread finished: Agent search 2-212
2026-10-08 23:47:40,599 INFO o.a.j.t.JMeterThread: Thread started: Agent search 2-213
2026-10-08 23:47:40,692 INFO o.a.j.t.JMeterThread: Thread is done: Agent search 2-213
2026-10-08 23:47:40,692 INFO o.a.j.t.JMeterThread: Thread finished: Agent search 2-213
2026-10-08 23:47:41,000 INFO o.a.j.t.JMeterThread: Thread is done: Ticket intake 1-38
2026-10-08 23:47:41,000 INFO o.a.j.t.JMeterThread: Thread finished: Ticket intake 1-38
2026-10-08 23:47:41,849 INFO o.a.j.t.JMeterThread: Thread started: Agent search 2-214
2026-10-08 23:47:42,023 INFO o.a.j.t.JMeterThread: Thread is done: Agent search 2-214
2026-10-08 23:47:42,023 INFO o.a.j.t.JMeterThread: Thread finished: Agent search 2-214
2026-10-08 23:47:44,797 INFO o.a.j.t.JMeterThread: Thread started: Agent search 2-215
2026-10-08 23:47:44,990 INFO o.a.j.t.JMeterThread: Thread is done: Agent search 2-215
2026-10-08 23:47:44,990 INFO o.a.j.t.JMeterThread: Thread finished: Agent search 2-215
2026-10-08 23:47:52,355 INFO o.a.j.t.JMeterThread: Thread started: Agent search 2-216
2026-10-08 23:47:52,569 INFO o.a.j.t.JMeterThread: Thread is done: Agent search 2-216
2026-10-08 23:47:52,569 INFO o.a.j.t.JMeterThread: Thread finished: Agent search 2-216
2026-10-08 23:47:53,412 INFO o.a.j.t.JMeterThread: Thread started: Agent search 2-217
2026-10-08 23:47:53,596 INFO o.a.j.t.JMeterThread: Thread is done: Agent search 2-217
2026-10-08 23:47:53,596 INFO o.a.j.t.JMeterThread: Thread finished: Agent search 2-217
2026-10-08 23:47:55,801 INFO o.a.j.t.JMeterThread: Thread started: Agent search 2-218
2026-10-08 23:47:56,185 INFO o.a.j.t.JMeterThread: Thread is done: Agent search 2-218
2026-10-08 23:47:56,204 INFO o.a.j.t.JMeterThread: Thread finished: Agent search 2-218
2026-10-08 23:48:08,945 INFO o.a.j.t.JMeterThread: Thread started: Agent search 2-219
2026-10-08 23:48:09,160 INFO o.a.j.t.JMeterThread: Thread is done: Agent search 2-219
2026-10-08 23:48:09,160 INFO o.a.j.t.JMeterThread: Thread finished: Agent search 2-219
2026-10-08 23:48:10,445 INFO o.a.j.t.JMeterThread: Thread started: Agent search 2-220
2026-10-08 23:48:10,624 INFO o.a.j.t.JMeterThread: Thread is done: Agent search 2-220
2026-10-08 23:48:10,624 INFO o.a.j.t.JMeterThread: Thread finished: Agent search 2-220
2026-10-08 23:48:12,224 INFO o.a.j.t.JMeterThread: Thread started: Ticket intake 1-39
2026-10-08 23:48:14,012 INFO o.a.j.t.JMeterThread: Thread started: Agent search 2-221
2026-10-08 23:48:14,277 INFO o.a.j.t.JMeterThread: Thread is done: Agent search 2-221
2026-10-08 23:48:14,278 INFO o.a.j.t.JMeterThread: Thread finished: Agent search 2-221
2026-10-08 23:48:15,905 INFO o.a.j.t.JMeterThread: Thread started: Agent search 2-222
2026-10-08 23:48:16,019 INFO o.a.j.t.JMeterThread: Thread is done: Agent search 2-222
2026-10-08 23:48:16,019 INFO o.a.j.t.JMeterThread: Thread finished: Agent search 2-222
2026-10-08 23:48:18,670 INFO o.a.j.t.JMeterThread: Thread started: Agent search 2-223
2026-10-08 23:48:18,886 INFO o.a.j.t.JMeterThread: Thread is done: Agent search 2-223
2026-10-08 23:48:18,886 INFO o.a.j.t.JMeterThread: Thread finished: Agent search 2-223
2026-10-08 23:48:19,513 INFO o.a.j.t.JMeterThread: Thread is done: Ticket intake 1-39
2026-10-08 23:48:19,513 INFO o.a.j.t.JMeterThread: Thread finished: Ticket intake 1-39
2026-10-08 23:48:21,569 INFO o.a.j.t.JMeterThread: Thread started: Agent search 2-224
2026-10-08 23:48:21,754 INFO o.a.j.t.JMeterThread: Thread is done: Agent search 2-224
2026-10-08 23:48:21,754 INFO o.a.j.t.JMeterThread: Thread finished: Agent search 2-224
2026-10-08 23:48:25,097 INFO o.a.j.t.JMeterThread: Thread started: Ticket intake 1-40
2026-10-08 23:48:27,412 INFO o.a.j.t.JMeterThread: Thread started: Agent search 2-225
2026-10-08 23:48:27,589 INFO o.a.j.t.JMeterThread: Thread is done: Agent search 2-225
2026-10-08 23:48:27,589 INFO o.a.j.t.JMeterThread: Thread finished: Agent search 2-225
2026-10-08 23:48:28,378 INFO o.a.j.t.JMeterThread: Thread started: Agent search 2-226
2026-10-08 23:48:28,512 INFO o.a.j.t.JMeterThread: Thread is done: Agent search 2-226
2026-10-08 23:48:28,512 INFO o.a.j.t.JMeterThread: Thread finished: Agent search 2-226
2026-10-08 23:48:30,816 INFO o.a.j.t.JMeterThread: Thread started: Agent search 2-227
2026-10-08 23:48:31,014 INFO o.a.j.r.Summariser: summary +     20 in 00:00:58 =    0.3/s Avg:   804 Min:    91 Max:  7288 Err:     0 (0.00%) Active: 2 Started: 267 Finished: 265
2026-10-08 23:48:31,015 INFO o.a.j.r.Summariser: summary =    266 in 00:15:15 =    0.3/s Avg:  1049 Min:    43 Max: 10586 Err:     0 (0.00%)
2026-10-08 23:48:31,016 INFO o.a.j.t.JMeterThread: Thread is done: Agent search 2-227
2026-10-08 23:48:31,016 INFO o.a.j.t.JMeterThread: Thread finished: Agent search 2-227
2026-10-08 23:48:31,173 INFO o.a.j.t.JMeterThread: Thread is done: Ticket intake 1-40
2026-10-08 23:48:31,173 INFO o.a.j.t.JMeterThread: Thread finished: Ticket intake 1-40
2026-10-08 23:48:33,659 INFO o.a.j.t.JMeterThread: Thread started: Agent search 2-228
2026-10-08 23:48:34,001 INFO o.a.j.t.JMeterThread: Thread is done: Agent search 2-228
2026-10-08 23:48:34,001 INFO o.a.j.t.JMeterThread: Thread finished: Agent search 2-228
2026-10-08 23:48:39,830 INFO o.a.j.t.JMeterThread: Thread started: Agent search 2-229
2026-10-08 23:48:40,084 INFO o.a.j.t.JMeterThread: Thread is done: Agent search 2-229
2026-10-08 23:48:40,084 INFO o.a.j.t.JMeterThread: Thread finished: Agent search 2-229
2026-10-08 23:48:43,021 INFO o.a.j.t.JMeterThread: Thread started: Agent search 2-230
2026-10-08 23:48:43,153 INFO o.a.j.t.JMeterThread: Thread is done: Agent search 2-230
2026-10-08 23:48:43,153 INFO o.a.j.t.JMeterThread: Thread finished: Agent search 2-230
2026-10-08 23:48:46,266 INFO o.a.j.t.JMeterThread: Thread started: Agent search 2-231
2026-10-08 23:48:46,349 INFO o.a.j.t.JMeterThread: Thread is done: Agent search 2-231
2026-10-08 23:48:46,350 INFO o.a.j.t.JMeterThread: Thread finished: Agent search 2-231
2026-10-08 23:48:48,491 INFO o.a.j.t.JMeterThread: Thread started: Agent search 2-232
2026-10-08 23:48:48,620 INFO o.a.j.t.JMeterThread: Thread is done: Agent search 2-232
2026-10-08 23:48:48,620 INFO o.a.j.t.JMeterThread: Thread finished: Agent search 2-232
2026-10-08 23:48:48,802 INFO o.a.j.t.JMeterThread: Thread started: Agent search 2-233
2026-10-08 23:48:48,991 INFO o.a.j.t.JMeterThread: Thread is done: Agent search 2-233
2026-10-08 23:48:48,991 INFO o.a.j.t.JMeterThread: Thread finished: Agent search 2-233
2026-10-08 23:48:53,435 INFO o.a.j.t.JMeterThread: Thread started: Ticket intake 1-41
2026-10-08 23:48:59,398 INFO o.a.j.t.JMeterThread: Thread started: Agent search 2-234
2026-10-08 23:48:59,470 INFO o.a.j.t.JMeterThread: Thread started: Ticket intake 1-42
2026-10-08 23:48:59,528 INFO o.a.j.t.JMeterThread: Thread is done: Ticket intake 1-41
2026-10-08 23:48:59,528 INFO o.a.j.t.JMeterThread: Thread finished: Ticket intake 1-41
2026-10-08 23:48:59,529 INFO o.a.j.t.JMeterThread: Thread is done: Agent search 2-234
2026-10-08 23:48:59,529 INFO o.a.j.t.JMeterThread: Thread finished: Agent search 2-234
2026-10-08 23:49:06,195 INFO o.a.j.t.JMeterThread: Thread is done: Ticket intake 1-42
2026-10-08 23:49:06,195 INFO o.a.j.t.JMeterThread: Thread finished: Ticket intake 1-42
2026-10-08 23:49:07,895 INFO o.a.j.t.JMeterThread: Thread started: Agent search 2-235
2026-10-08 23:49:08,141 INFO o.a.j.t.JMeterThread: Thread is done: Agent search 2-235
2026-10-08 23:49:08,141 INFO o.a.j.t.JMeterThread: Thread finished: Agent search 2-235
2026-10-08 23:49:12,058 INFO o.a.j.t.JMeterThread: Thread started: Agent search 2-236
2026-10-08 23:49:12,124 INFO o.a.j.t.JMeterThread: Thread is done: Agent search 2-236
2026-10-08 23:49:12,124 INFO o.a.j.t.JMeterThread: Thread finished: Agent search 2-236
2026-10-08 23:49:12,262 INFO o.a.j.t.JMeterThread: Thread started: Ticket intake 1-43
2026-10-08 23:49:14,413 INFO o.a.j.t.JMeterThread: Thread started: Agent search 2-237
2026-10-08 23:49:14,599 INFO o.a.j.t.JMeterThread: Thread is done: Agent search 2-237
2026-10-08 23:49:14,599 INFO o.a.j.t.JMeterThread: Thread finished: Agent search 2-237
2026-10-08 23:49:15,615 INFO o.a.j.t.JMeterThread: Thread started: Agent search 2-238
2026-10-08 23:49:15,821 INFO o.a.j.t.JMeterThread: Thread is done: Agent search 2-238
2026-10-08 23:49:15,821 INFO o.a.j.t.JMeterThread: Thread finished: Agent search 2-238
2026-10-08 23:49:20,018 INFO o.a.j.t.JMeterThread: Thread is done: Ticket intake 1-43
2026-10-08 23:49:20,018 INFO o.a.j.t.JMeterThread: Thread finished: Ticket intake 1-43
2026-10-08 23:49:24,432 INFO o.a.j.t.JMeterThread: Thread started: Ticket intake 1-44
2026-10-08 23:49:28,327 INFO o.a.j.t.JMeterThread: Thread started: Agent search 2-239
2026-10-08 23:49:28,518 INFO o.a.j.t.JMeterThread: Thread is done: Agent search 2-239
2026-10-08 23:49:28,519 INFO o.a.j.t.JMeterThread: Thread finished: Agent search 2-239
2026-10-08 23:49:28,779 INFO o.a.j.t.JMeterThread: Thread started: Agent search 2-240
2026-10-08 23:49:28,985 INFO o.a.j.t.JMeterThread: Thread is done: Agent search 2-240
2026-10-08 23:49:28,985 INFO o.a.j.t.JMeterThread: Thread finished: Agent search 2-240
2026-10-08 23:49:30,389 INFO o.a.j.t.JMeterThread: Thread started: Agent search 2-241
2026-10-08 23:49:30,566 INFO o.a.j.r.Summariser: summary +     18 in 00:01:00 =    0.3/s Avg:  1619 Min:    64 Max:  7754 Err:     0 (0.00%) Active: 2 Started: 285 Finished: 283
2026-10-08 23:49:30,566 INFO o.a.j.r.Summariser: summary =    284 in 00:16:14 =    0.3/s Avg:  1085 Min:    43 Max: 10586 Err:     0 (0.00%)
2026-10-08 23:49:30,566 INFO o.a.j.t.JMeterThread: Thread is done: Agent search 2-241
2026-10-08 23:49:30,566 INFO o.a.j.t.JMeterThread: Thread finished: Agent search 2-241
2026-10-08 23:49:32,465 INFO o.a.j.t.JMeterThread: Thread started: Agent search 2-242
2026-10-08 23:49:32,717 INFO o.a.j.t.JMeterThread: Thread is done: Agent search 2-242
2026-10-08 23:49:32,717 INFO o.a.j.t.JMeterThread: Thread finished: Agent search 2-242
2026-10-08 23:49:33,127 INFO o.a.j.t.JMeterThread: Thread is done: Ticket intake 1-44
2026-10-08 23:49:33,127 INFO o.a.j.t.JMeterThread: Thread finished: Ticket intake 1-44
2026-10-08 23:49:34,189 INFO o.a.j.t.JMeterThread: Thread started: Ticket intake 1-45
2026-10-08 23:49:38,229 INFO o.a.j.t.JMeterThread: Thread is done: Ticket intake 1-45
2026-10-08 23:49:38,229 INFO o.a.j.t.JMeterThread: Thread finished: Ticket intake 1-45
2026-10-08 23:49:41,197 INFO o.a.j.t.JMeterThread: Thread started: Ticket intake 1-46
2026-10-08 23:49:46,646 INFO o.a.j.t.JMeterThread: Thread is done: Ticket intake 1-46
2026-10-08 23:49:46,646 INFO o.a.j.t.JMeterThread: Thread finished: Ticket intake 1-46
2026-10-08 23:49:47,180 INFO o.a.j.t.JMeterThread: Thread started: Agent search 2-243
2026-10-08 23:49:47,282 INFO o.a.j.t.JMeterThread: Thread is done: Agent search 2-243
2026-10-08 23:49:47,283 INFO o.a.j.t.JMeterThread: Thread finished: Agent search 2-243
2026-10-08 23:49:48,239 INFO o.a.j.t.JMeterThread: Thread started: Agent search 2-244
2026-10-08 23:49:48,487 INFO o.a.j.t.JMeterThread: Thread is done: Agent search 2-244
2026-10-08 23:49:48,487 INFO o.a.j.t.JMeterThread: Thread finished: Agent search 2-244
2026-10-08 23:49:50,018 INFO o.a.j.t.JMeterThread: Thread started: Agent search 2-245
2026-10-08 23:49:50,120 INFO o.a.j.t.JMeterThread: Thread started: Agent search 2-246
2026-10-08 23:49:50,125 INFO o.a.j.t.JMeterThread: Thread is done: Agent search 2-245
2026-10-08 23:49:50,125 INFO o.a.j.t.JMeterThread: Thread finished: Agent search 2-245
2026-10-08 23:49:50,227 INFO o.a.j.t.JMeterThread: Thread is done: Agent search 2-246
2026-10-08 23:49:50,227 INFO o.a.j.t.JMeterThread: Thread finished: Agent search 2-246
2026-10-08 23:49:50,488 INFO o.a.j.t.JMeterThread: Thread started: Ticket intake 1-47
2026-10-08 23:49:51,715 INFO o.a.j.t.JMeterThread: Thread started: Agent search 2-247
2026-10-08 23:49:51,866 INFO o.a.j.t.JMeterThread: Thread is done: Agent search 2-247
2026-10-08 23:49:51,866 INFO o.a.j.t.JMeterThread: Thread finished: Agent search 2-247
2026-10-08 23:49:57,939 INFO o.a.j.t.JMeterThread: Thread started: Agent search 2-248
2026-10-08 23:49:58,220 INFO o.a.j.t.JMeterThread: Thread is done: Agent search 2-248
2026-10-08 23:49:58,220 INFO o.a.j.t.JMeterThread: Thread finished: Agent search 2-248
2026-10-08 23:49:58,221 INFO o.a.j.t.JMeterThread: Thread is done: Ticket intake 1-47
2026-10-08 23:49:58,221 INFO o.a.j.t.JMeterThread: Thread finished: Ticket intake 1-47
2026-10-08 23:50:05,626 INFO o.a.j.t.JMeterThread: Thread started: Agent search 2-249
2026-10-08 23:50:05,792 INFO o.a.j.r.Summariser: summary +     12 in 00:00:35 =    0.3/s Avg:  2276 Min:   101 Max:  8694 Err:     0 (0.00%) Active: 1 Started: 296 Finished: 295
2026-10-08 23:50:05,792 INFO o.a.j.r.Summariser: summary =    296 in 00:16:50 =    0.3/s Avg:  1133 Min:    43 Max: 10586 Err:     0 (0.00%)
2026-10-08 23:50:05,792 INFO o.a.j.t.JMeterThread: Thread is done: Agent search 2-249
2026-10-08 23:50:05,792 INFO o.a.j.t.JMeterThread: Thread finished: Agent search 2-249
2026-10-08 23:50:10,513 INFO o.a.j.t.JMeterThread: Thread started: Agent search 2-250
2026-10-08 23:50:10,708 INFO o.a.j.t.JMeterThread: Thread is done: Agent search 2-250
2026-10-08 23:50:10,708 INFO o.a.j.t.JMeterThread: Thread finished: Agent search 2-250
2026-10-08 23:50:11,332 INFO o.a.j.t.JMeterThread: Thread started: Agent search 2-251
2026-10-08 23:50:11,527 INFO o.a.j.t.JMeterThread: Thread is done: Agent search 2-251
2026-10-08 23:50:11,527 INFO o.a.j.t.JMeterThread: Thread finished: Agent search 2-251
2026-10-08 23:50:15,746 INFO o.a.j.t.JMeterThread: Thread started: Agent search 2-252
2026-10-08 23:50:15,909 INFO o.a.j.t.JMeterThread: Thread is done: Agent search 2-252
2026-10-08 23:50:15,909 INFO o.a.j.t.JMeterThread: Thread finished: Agent search 2-252
2026-10-08 23:50:29,072 INFO o.a.j.t.JMeterThread: Thread started: Agent search 2-253
2026-10-08 23:50:29,344 INFO o.a.j.t.JMeterThread: Thread is done: Agent search 2-253
2026-10-08 23:50:29,344 INFO o.a.j.t.JMeterThread: Thread finished: Agent search 2-253
2026-10-08 23:50:30,422 INFO o.a.j.t.JMeterThread: Thread started: Agent search 2-254
2026-10-08 23:50:30,676 INFO o.a.j.r.Summariser: summary +      5 in 00:00:25 =    0.2/s Avg:   214 Min:   161 Max:   271 Err:     0 (0.00%) Active: 1 Started: 301 Finished: 300
2026-10-08 23:50:30,677 INFO o.a.j.r.Summariser: summary =    301 in 00:17:15 =    0.3/s Avg:  1118 Min:    43 Max: 10586 Err:     0 (0.00%)
2026-10-08 23:50:30,677 INFO o.a.j.t.JMeterThread: Thread is done: Agent search 2-254
2026-10-08 23:50:30,677 INFO o.a.j.t.JMeterThread: Thread finished: Agent search 2-254
2026-10-08 23:50:30,816 INFO o.a.j.t.JMeterThread: Thread started: Agent search 2-255
2026-10-08 23:50:30,983 INFO o.a.j.t.JMeterThread: Thread is done: Agent search 2-255
2026-10-08 23:50:30,984 INFO o.a.j.t.JMeterThread: Thread finished: Agent search 2-255
2026-10-08 23:50:34,848 INFO o.a.j.t.JMeterThread: Thread started: Agent search 2-256
2026-10-08 23:50:35,078 INFO o.a.j.t.JMeterThread: Thread is done: Agent search 2-256
2026-10-08 23:50:35,078 INFO o.a.j.t.JMeterThread: Thread finished: Agent search 2-256
2026-10-08 23:50:40,001 INFO o.a.j.t.JMeterThread: Thread started: Agent search 2-257
2026-10-08 23:50:40,096 INFO o.a.j.t.JMeterThread: Thread is done: Agent search 2-257
2026-10-08 23:50:40,097 INFO o.a.j.t.JMeterThread: Thread finished: Agent search 2-257
2026-10-08 23:50:43,090 INFO o.a.j.t.JMeterThread: Thread started: Agent search 2-258
2026-10-08 23:50:43,168 INFO o.a.j.t.JMeterThread: Thread is done: Agent search 2-258
2026-10-08 23:50:43,168 INFO o.a.j.t.JMeterThread: Thread finished: Agent search 2-258
2026-10-08 23:50:48,731 INFO o.a.j.t.JMeterThread: Thread started: Ticket intake 1-48
2026-10-08 23:50:52,486 INFO o.a.j.t.JMeterThread: Thread is done: Ticket intake 1-48
2026-10-08 23:50:52,486 INFO o.a.j.t.JMeterThread: Thread finished: Ticket intake 1-48
2026-10-08 23:51:00,820 INFO o.a.j.t.JMeterThread: Thread started: Ticket intake 1-49
2026-10-08 23:51:05,083 INFO o.a.j.r.Summariser: summary +      6 in 00:00:34 =    0.2/s Avg:  1429 Min:    76 Max:  4262 Err:     0 (0.00%) Active: 1 Started: 307 Finished: 306
2026-10-08 23:51:05,084 INFO o.a.j.r.Summariser: summary =    307 in 00:17:49 =    0.3/s Avg:  1124 Min:    43 Max: 10586 Err:     0 (0.00%)
2026-10-08 23:51:05,084 INFO o.a.j.t.JMeterThread: Thread is done: Ticket intake 1-49
2026-10-08 23:51:05,084 INFO o.a.j.t.JMeterThread: Thread finished: Ticket intake 1-49
2026-10-08 23:51:10,235 INFO o.a.j.t.JMeterThread: Thread started: Agent search 2-259
2026-10-08 23:51:10,378 INFO o.a.j.t.JMeterThread: Thread is done: Agent search 2-259
2026-10-08 23:51:10,378 INFO o.a.j.t.JMeterThread: Thread finished: Agent search 2-259
2026-10-08 23:51:15,224 INFO o.a.j.t.JMeterThread: Thread started: Ticket intake 1-50
2026-10-08 23:51:19,381 INFO o.a.j.t.JMeterThread: Thread is done: Ticket intake 1-50
2026-10-08 23:51:19,381 INFO o.a.j.t.JMeterThread: Thread finished: Ticket intake 1-50
2026-10-08 23:51:21,518 INFO o.a.j.t.JMeterThread: Thread started: Agent search 2-260
2026-10-08 23:51:21,773 INFO o.a.j.t.JMeterThread: Thread is done: Agent search 2-260
2026-10-08 23:51:21,773 INFO o.a.j.t.JMeterThread: Thread finished: Agent search 2-260
2026-10-08 23:51:29,336 INFO o.a.j.t.JMeterThread: Thread started: Agent search 2-261
2026-10-08 23:51:29,557 INFO o.a.j.t.JMeterThread: Thread is done: Agent search 2-261
2026-10-08 23:51:29,557 INFO o.a.j.t.JMeterThread: Thread finished: Agent search 2-261
2026-10-08 23:51:33,593 INFO o.a.j.t.JMeterThread: Thread started: Agent search 2-262
2026-10-08 23:51:33,959 INFO o.a.j.r.Summariser: summary +      5 in 00:00:29 =    0.2/s Avg:  1027 Min:   142 Max:  4155 Err:     0 (0.00%) Active: 1 Started: 312 Finished: 311
2026-10-08 23:51:33,960 INFO o.a.j.r.Summariser: summary =    312 in 00:18:18 =    0.3/s Avg:  1122 Min:    43 Max: 10586 Err:     0 (0.00%)
2026-10-08 23:51:33,961 INFO o.a.j.t.JMeterThread: Thread is done: Agent search 2-262
2026-10-08 23:51:33,961 INFO o.a.j.t.JMeterThread: Thread finished: Agent search 2-262
2026-10-08 23:51:35,112 INFO o.a.j.t.JMeterThread: Thread started: Agent search 2-263
2026-10-08 23:51:35,291 INFO o.a.j.t.JMeterThread: Thread is done: Agent search 2-263
2026-10-08 23:51:35,291 INFO o.a.j.t.JMeterThread: Thread finished: Agent search 2-263
2026-10-08 23:51:42,250 INFO o.a.j.t.JMeterThread: Thread started: Ticket intake 1-51
2026-10-08 23:51:44,332 INFO o.a.j.t.JMeterThread: Thread started: Agent search 2-264
2026-10-08 23:51:44,610 INFO o.a.j.t.JMeterThread: Thread is done: Agent search 2-264
2026-10-08 23:51:44,610 INFO o.a.j.t.JMeterThread: Thread finished: Agent search 2-264
2026-10-08 23:51:46,363 INFO o.a.j.t.JMeterThread: Thread started: Agent search 2-265
2026-10-08 23:51:46,556 INFO o.a.j.t.JMeterThread: Thread is done: Agent search 2-265
2026-10-08 23:51:46,556 INFO o.a.j.t.JMeterThread: Thread finished: Agent search 2-265
2026-10-08 23:51:48,706 INFO o.a.j.t.JMeterThread: Thread is done: Ticket intake 1-51
2026-10-08 23:51:48,706 INFO o.a.j.t.JMeterThread: Thread finished: Ticket intake 1-51
2026-10-08 23:51:49,769 INFO o.a.j.t.JMeterThread: Thread started: Agent search 2-266
2026-10-08 23:51:50,036 INFO o.a.j.t.JMeterThread: Thread is done: Agent search 2-266
2026-10-08 23:51:50,036 INFO o.a.j.t.JMeterThread: Thread finished: Agent search 2-266
2026-10-08 23:51:51,583 INFO o.a.j.t.JMeterThread: Thread started: Agent search 2-267
2026-10-08 23:51:51,749 INFO o.a.j.t.JMeterThread: Thread started: Agent search 2-268
2026-10-08 23:51:51,758 INFO o.a.j.t.JMeterThread: Thread is done: Agent search 2-267
2026-10-08 23:51:51,759 INFO o.a.j.t.JMeterThread: Thread finished: Agent search 2-267
2026-10-08 23:51:51,983 INFO o.a.j.t.JMeterThread: Thread is done: Agent search 2-268
2026-10-08 23:51:51,984 INFO o.a.j.t.JMeterThread: Thread finished: Agent search 2-268
2026-10-08 23:51:57,892 INFO o.a.j.t.JMeterThread: Thread started: Agent search 2-269
2026-10-08 23:51:58,071 INFO o.a.j.t.JMeterThread: Thread is done: Agent search 2-269
2026-10-08 23:51:58,071 INFO o.a.j.t.JMeterThread: Thread finished: Agent search 2-269
2026-10-08 23:52:00,280 INFO o.a.j.t.JMeterThread: Thread started: Agent search 2-270
2026-10-08 23:52:00,352 INFO o.a.j.r.Summariser: summary +      9 in 00:00:26 =    0.3/s Avg:   890 Min:    71 Max:  6454 Err:     0 (0.00%) Active: 1 Started: 321 Finished: 320
2026-10-08 23:52:00,352 INFO o.a.j.r.Summariser: summary =    321 in 00:18:44 =    0.3/s Avg:  1116 Min:    43 Max: 10586 Err:     0 (0.00%)
2026-10-08 23:52:00,352 INFO o.a.j.t.JMeterThread: Thread is done: Agent search 2-270
2026-10-08 23:52:00,353 INFO o.a.j.t.JMeterThread: Thread finished: Agent search 2-270
2026-10-08 23:52:00,467 INFO o.a.j.t.JMeterThread: Thread started: Agent search 2-271
2026-10-08 23:52:00,686 INFO o.a.j.t.JMeterThread: Thread is done: Agent search 2-271
2026-10-08 23:52:00,686 INFO o.a.j.t.JMeterThread: Thread finished: Agent search 2-271
2026-10-08 23:52:02,931 INFO o.a.j.t.JMeterThread: Thread started: Ticket intake 1-52
2026-10-08 23:52:08,162 INFO o.a.j.t.JMeterThread: Thread is done: Ticket intake 1-52
2026-10-08 23:52:08,162 INFO o.a.j.t.JMeterThread: Thread finished: Ticket intake 1-52
2026-10-08 23:52:11,516 INFO o.a.j.t.JMeterThread: Thread started: Agent search 2-272
2026-10-08 23:52:11,746 INFO o.a.j.t.JMeterThread: Thread is done: Agent search 2-272
2026-10-08 23:52:11,746 INFO o.a.j.t.JMeterThread: Thread finished: Agent search 2-272
2026-10-08 23:52:12,060 INFO o.a.j.t.JMeterThread: Thread started: Agent search 2-273
2026-10-08 23:52:12,155 INFO o.a.j.t.JMeterThread: Thread is done: Agent search 2-273
2026-10-08 23:52:12,156 INFO o.a.j.t.JMeterThread: Thread finished: Agent search 2-273
2026-10-08 23:52:23,981 INFO o.a.j.t.JMeterThread: Thread started: Ticket intake 1-53
2026-10-08 23:52:26,871 INFO o.a.j.t.JMeterThread: Thread started: Agent search 2-274
2026-10-08 23:52:27,004 INFO o.a.j.t.JMeterThread: Thread is done: Agent search 2-274
2026-10-08 23:52:27,004 INFO o.a.j.t.JMeterThread: Thread finished: Agent search 2-274
2026-10-08 23:52:28,233 INFO o.a.j.t.JMeterThread: Thread is done: Ticket intake 1-53
2026-10-08 23:52:28,233 INFO o.a.j.t.JMeterThread: Thread finished: Ticket intake 1-53
2026-10-08 23:52:31,142 INFO o.a.j.t.JMeterThread: Thread started: Ticket intake 1-54
2026-10-08 23:52:34,704 INFO o.a.j.t.JMeterThread: Thread started: Ticket intake 1-55
2026-10-08 23:52:36,061 INFO o.a.j.t.JMeterThread: Thread started: Agent search 2-275
2026-10-08 23:52:36,322 INFO o.a.j.t.JMeterThread: Thread is done: Agent search 2-275
2026-10-08 23:52:36,322 INFO o.a.j.t.JMeterThread: Thread finished: Agent search 2-275
2026-10-08 23:52:38,232 INFO o.a.j.t.JMeterThread: Thread is done: Ticket intake 1-54
2026-10-08 23:52:38,232 INFO o.a.j.t.JMeterThread: Thread finished: Ticket intake 1-54
2026-10-08 23:52:39,163 INFO o.a.j.t.JMeterThread: Thread started: Agent search 2-276
2026-10-08 23:52:39,293 INFO o.a.j.t.JMeterThread: Thread is done: Agent search 2-276
2026-10-08 23:52:39,294 INFO o.a.j.t.JMeterThread: Thread finished: Agent search 2-276
2026-10-08 23:52:42,569 INFO o.a.j.t.JMeterThread: Thread is done: Ticket intake 1-55
2026-10-08 23:52:42,569 INFO o.a.j.t.JMeterThread: Thread finished: Ticket intake 1-55
2026-10-08 23:52:43,128 INFO o.a.j.t.JMeterThread: Thread started: Agent search 2-277
2026-10-08 23:52:43,286 INFO o.a.j.t.JMeterThread: Thread is done: Agent search 2-277
2026-10-08 23:52:43,286 INFO o.a.j.t.JMeterThread: Thread finished: Agent search 2-277
2026-10-08 23:52:45,384 INFO o.a.j.t.JMeterThread: Thread started: Agent search 2-278
2026-10-08 23:52:45,672 INFO o.a.j.t.JMeterThread: Thread is done: Agent search 2-278
2026-10-08 23:52:45,672 INFO o.a.j.t.JMeterThread: Thread finished: Agent search 2-278
2026-10-08 23:52:50,618 INFO o.a.j.t.JMeterThread: Thread started: Ticket intake 1-56
2026-10-08 23:52:53,056 INFO o.a.j.t.JMeterThread: Thread started: Agent search 2-279
2026-10-08 23:52:53,218 INFO o.a.j.t.JMeterThread: Thread is done: Agent search 2-279
2026-10-08 23:52:53,218 INFO o.a.j.t.JMeterThread: Thread finished: Agent search 2-279
2026-10-08 23:52:56,393 INFO o.a.j.t.JMeterThread: Thread is done: Ticket intake 1-56
2026-10-08 23:52:56,393 INFO o.a.j.t.JMeterThread: Thread finished: Ticket intake 1-56
2026-10-08 23:52:58,081 INFO o.a.j.t.JMeterThread: Thread started: Agent search 2-280
2026-10-08 23:52:58,235 INFO o.a.j.t.JMeterThread: Thread is done: Agent search 2-280
2026-10-08 23:52:58,235 INFO o.a.j.t.JMeterThread: Thread finished: Agent search 2-280
2026-10-08 23:52:59,104 INFO o.a.j.t.JMeterThread: Thread started: Agent search 2-281
2026-10-08 23:52:59,362 INFO o.a.j.t.JMeterThread: Thread is done: Agent search 2-281
2026-10-08 23:52:59,362 INFO o.a.j.t.JMeterThread: Thread finished: Agent search 2-281
2026-10-08 23:53:13,269 INFO o.a.j.t.JMeterThread: Thread started: Agent search 2-282
2026-10-08 23:53:13,391 INFO o.a.j.t.JMeterThread: Thread is done: Agent search 2-282
2026-10-08 23:53:13,391 INFO o.a.j.t.JMeterThread: Thread finished: Agent search 2-282
2026-10-08 23:53:25,257 INFO o.a.j.t.JMeterThread: Thread started: Agent search 2-283
2026-10-08 23:53:25,435 INFO o.a.j.t.JMeterThread: Thread is done: Agent search 2-283
2026-10-08 23:53:25,435 INFO o.a.j.t.JMeterThread: Thread finished: Agent search 2-283
2026-10-08 23:53:26,147 INFO o.a.j.t.JMeterThread: Thread started: Agent search 2-284
2026-10-08 23:53:26,294 INFO o.a.j.t.JMeterThread: Thread is done: Agent search 2-284
2026-10-08 23:53:26,294 INFO o.a.j.t.JMeterThread: Thread finished: Agent search 2-284
2026-10-08 23:53:30,975 INFO o.a.j.t.JMeterThread: Thread started: Agent search 2-285
2026-10-08 23:53:31,104 INFO o.a.j.r.Summariser: summary +     20 in 00:01:31 =    0.2/s Avg:  1642 Min:    95 Max:  7863 Err:     0 (0.00%) Active: 1 Started: 341 Finished: 340
2026-10-08 23:53:31,104 INFO o.a.j.r.Summariser: summary =    341 in 00:20:15 =    0.3/s Avg:  1147 Min:    43 Max: 10586 Err:     0 (0.00%)
2026-10-08 23:53:31,104 INFO o.a.j.t.JMeterThread: Thread is done: Agent search 2-285
2026-10-08 23:53:31,104 INFO o.a.j.t.JMeterThread: Thread finished: Agent search 2-285
2026-10-08 23:53:35,753 INFO o.a.j.t.JMeterThread: Thread started: Ticket intake 1-57
2026-10-08 23:53:36,476 INFO o.a.j.t.JMeterThread: Thread started: Agent search 2-286
2026-10-08 23:53:36,738 INFO o.a.j.t.JMeterThread: Thread is done: Agent search 2-286
2026-10-08 23:53:36,738 INFO o.a.j.t.JMeterThread: Thread finished: Agent search 2-286
2026-10-08 23:53:38,384 INFO o.a.j.t.JMeterThread: Thread started: Agent search 2-287
2026-10-08 23:53:38,582 INFO o.a.j.t.JMeterThread: Thread is done: Agent search 2-287
2026-10-08 23:53:38,582 INFO o.a.j.t.JMeterThread: Thread finished: Agent search 2-287
2026-10-08 23:53:38,647 INFO o.a.j.t.JMeterThread: Thread started: Agent search 2-288
2026-10-08 23:53:38,787 INFO o.a.j.t.JMeterThread: Thread is done: Agent search 2-288
2026-10-08 23:53:38,787 INFO o.a.j.t.JMeterThread: Thread finished: Agent search 2-288
2026-10-08 23:53:40,408 INFO o.a.j.t.JMeterThread: Thread is done: Ticket intake 1-57
2026-10-08 23:53:40,408 INFO o.a.j.t.JMeterThread: Thread finished: Ticket intake 1-57
2026-10-08 23:53:42,041 INFO o.a.j.t.JMeterThread: Thread started: Agent search 2-289
2026-10-08 23:53:42,234 INFO o.a.j.t.JMeterThread: Thread is done: Agent search 2-289
2026-10-08 23:53:42,234 INFO o.a.j.t.JMeterThread: Thread finished: Agent search 2-289
2026-10-08 23:53:51,732 INFO o.a.j.t.JMeterThread: Thread started: Agent search 2-290
2026-10-08 23:53:51,995 INFO o.a.j.t.JMeterThread: Thread is done: Agent search 2-290
2026-10-08 23:53:52,002 INFO o.a.j.t.JMeterThread: Thread finished: Agent search 2-290
2026-10-08 23:53:55,783 INFO o.a.j.t.JMeterThread: Thread started: Agent search 2-291
2026-10-08 23:53:55,990 INFO o.a.j.t.JMeterThread: Thread is done: Agent search 2-291
2026-10-08 23:53:55,990 INFO o.a.j.t.JMeterThread: Thread finished: Agent search 2-291
2026-10-08 23:53:56,493 INFO o.a.j.t.JMeterThread: Thread started: Agent search 2-292
2026-10-08 23:53:56,713 INFO o.a.j.t.JMeterThread: Thread is done: Agent search 2-292
2026-10-08 23:53:56,713 INFO o.a.j.t.JMeterThread: Thread finished: Agent search 2-292
2026-10-08 23:53:58,207 INFO o.a.j.t.JMeterThread: Thread started: Agent search 2-293
2026-10-08 23:53:58,411 INFO o.a.j.t.JMeterThread: Thread is done: Agent search 2-293
2026-10-08 23:53:58,411 INFO o.a.j.t.JMeterThread: Thread finished: Agent search 2-293
2026-10-08 23:54:02,361 INFO o.a.j.t.JMeterThread: Thread started: Agent search 2-294
2026-10-08 23:54:02,544 INFO o.a.j.r.Summariser: summary +     10 in 00:00:31 =    0.3/s Avg:   651 Min:   139 Max:  4654 Err:     0 (0.00%) Active: 1 Started: 351 Finished: 350
2026-10-08 23:54:02,545 INFO o.a.j.r.Summariser: summary =    351 in 00:20:46 =    0.3/s Avg:  1132 Min:    43 Max: 10586 Err:     0 (0.00%)
2026-10-08 23:54:02,545 INFO o.a.j.t.JMeterThread: Thread is done: Agent search 2-294
2026-10-08 23:54:02,545 INFO o.a.j.t.JMeterThread: Thread finished: Agent search 2-294
2026-10-08 23:54:07,325 INFO o.a.j.t.JMeterThread: Thread started: Ticket intake 1-58
2026-10-08 23:54:10,940 INFO o.a.j.t.JMeterThread: Thread is done: Ticket intake 1-58
2026-10-08 23:54:10,940 INFO o.a.j.t.JMeterThread: Thread finished: Ticket intake 1-58
2026-10-08 23:54:16,909 INFO o.a.j.t.JMeterThread: Thread started: Agent search 2-295
2026-10-08 23:54:17,188 INFO o.a.j.t.JMeterThread: Thread is done: Agent search 2-295
2026-10-08 23:54:17,188 INFO o.a.j.t.JMeterThread: Thread finished: Agent search 2-295
2026-10-08 23:54:30,531 INFO o.a.j.t.JMeterThread: Thread started: Agent search 2-296
2026-10-08 23:54:30,807 INFO o.a.j.r.Summariser: summary +      3 in 00:00:28 =    0.1/s Avg:  1388 Min:   274 Max:  3614 Err:     0 (0.00%) Active: 1 Started: 354 Finished: 353
2026-10-08 23:54:30,807 INFO o.a.j.r.Summariser: summary =    354 in 00:21:15 =    0.3/s Avg:  1135 Min:    43 Max: 10586 Err:     0 (0.00%)
2026-10-08 23:54:30,807 INFO o.a.j.t.JMeterThread: Thread is done: Agent search 2-296
2026-10-08 23:54:30,807 INFO o.a.j.t.JMeterThread: Thread finished: Agent search 2-296
2026-10-08 23:54:31,848 INFO o.a.j.t.JMeterThread: Thread started: Agent search 2-297
2026-10-08 23:54:32,137 INFO o.a.j.t.JMeterThread: Thread is done: Agent search 2-297
2026-10-08 23:54:32,137 INFO o.a.j.t.JMeterThread: Thread finished: Agent search 2-297
2026-10-08 23:54:37,442 INFO o.a.j.t.JMeterThread: Thread started: Agent search 2-298
2026-10-08 23:54:37,565 INFO o.a.j.t.JMeterThread: Thread is done: Agent search 2-298
2026-10-08 23:54:37,565 INFO o.a.j.t.JMeterThread: Thread finished: Agent search 2-298
2026-10-08 23:54:46,087 INFO o.a.j.t.JMeterThread: Thread started: Agent search 2-299
2026-10-08 23:54:46,168 INFO o.a.j.t.JMeterThread: Thread is done: Agent search 2-299
2026-10-08 23:54:46,168 INFO o.a.j.t.JMeterThread: Thread finished: Agent search 2-299
2026-10-08 23:54:59,439 INFO o.a.j.t.JMeterThread: Thread started: Agent search 2-300
2026-10-08 23:54:59,527 INFO o.a.j.t.JMeterThread: Thread is done: Agent search 2-300
2026-10-08 23:54:59,527 INFO o.a.j.t.JMeterThread: Thread finished: Agent search 2-300
2026-10-08 23:55:03,516 INFO o.a.j.t.JMeterThread: Thread started: Agent search 2-301
2026-10-08 23:55:03,780 INFO o.a.j.r.Summariser: summary +      5 in 00:00:33 =    0.2/s Avg:   167 Min:    79 Max:   288 Err:     0 (0.00%) Active: 1 Started: 359 Finished: 358
2026-10-08 23:55:03,780 INFO o.a.j.r.Summariser: summary =    359 in 00:21:48 =    0.3/s Avg:  1121 Min:    43 Max: 10586 Err:     0 (0.00%)
2026-10-08 23:55:03,780 INFO o.a.j.t.JMeterThread: Thread is done: Agent search 2-301
2026-10-08 23:55:03,780 INFO o.a.j.t.JMeterThread: Thread finished: Agent search 2-301
2026-10-08 23:55:04,053 INFO o.a.j.t.JMeterThread: Thread started: Agent search 2-302
2026-10-08 23:55:04,189 INFO o.a.j.t.JMeterThread: Thread is done: Agent search 2-302
2026-10-08 23:55:04,189 INFO o.a.j.t.JMeterThread: Thread finished: Agent search 2-302
2026-10-08 23:55:08,497 INFO o.a.j.t.JMeterThread: Thread started: Ticket intake 1-59
2026-10-08 23:55:08,727 INFO o.a.j.t.JMeterThread: Thread started: Agent search 2-303
2026-10-08 23:55:08,948 INFO o.a.j.t.JMeterThread: Thread is done: Agent search 2-303
2026-10-08 23:55:08,948 INFO o.a.j.t.JMeterThread: Thread finished: Agent search 2-303
2026-10-08 23:55:09,571 INFO o.a.j.t.JMeterThread: Thread started: Ticket intake 1-60
2026-10-08 23:55:12,030 INFO o.a.j.t.JMeterThread: Thread started: Agent search 2-304
2026-10-08 23:55:12,279 INFO o.a.j.t.JMeterThread: Thread is done: Agent search 2-304
2026-10-08 23:55:12,279 INFO o.a.j.t.JMeterThread: Thread finished: Agent search 2-304
2026-10-08 23:55:15,453 INFO o.a.j.t.JMeterThread: Thread is done: Ticket intake 1-59
2026-10-08 23:55:15,453 INFO o.a.j.t.JMeterThread: Thread finished: Ticket intake 1-59
2026-10-08 23:55:20,369 INFO o.a.j.t.JMeterThread: Thread is done: Ticket intake 1-60
2026-10-08 23:55:20,369 INFO o.a.j.t.JMeterThread: Thread finished: Ticket intake 1-60
2026-10-08 23:55:31,161 INFO o.a.j.t.JMeterThread: Thread started: Agent search 2-305
2026-10-08 23:55:31,262 INFO o.a.j.r.Summariser: summary +      6 in 00:00:27 =    0.2/s Avg:  3071 Min:    98 Max: 10773 Err:     0 (0.00%) Active: 1 Started: 365 Finished: 364
2026-10-08 23:55:31,263 INFO o.a.j.r.Summariser: summary =    365 in 00:22:15 =    0.3/s Avg:  1153 Min:    43 Max: 10773 Err:     0 (0.00%)
2026-10-08 23:55:31,265 INFO o.a.j.t.JMeterThread: Thread is done: Agent search 2-305
2026-10-08 23:55:31,265 INFO o.a.j.t.JMeterThread: Thread finished: Agent search 2-305
2026-10-08 23:55:31,856 INFO o.a.j.t.JMeterThread: Thread started: Agent search 2-306
2026-10-08 23:55:32,144 INFO o.a.j.t.JMeterThread: Thread is done: Agent search 2-306
2026-10-08 23:55:32,144 INFO o.a.j.t.JMeterThread: Thread finished: Agent search 2-306
2026-10-08 23:55:32,727 INFO o.a.j.t.JMeterThread: Thread started: Ticket intake 1-61
2026-10-08 23:55:36,048 INFO o.a.j.t.JMeterThread: Thread started: Ticket intake 1-62
2026-10-08 23:55:37,059 INFO o.a.j.t.JMeterThread: Thread is done: Ticket intake 1-61
2026-10-08 23:55:37,059 INFO o.a.j.t.JMeterThread: Thread finished: Ticket intake 1-61
2026-10-08 23:55:38,021 INFO o.a.j.t.JMeterThread: Thread started: Agent search 2-307
2026-10-08 23:55:38,391 INFO o.a.j.t.JMeterThread: Thread is done: Agent search 2-307
2026-10-08 23:55:38,391 INFO o.a.j.t.JMeterThread: Thread finished: Agent search 2-307
2026-10-08 23:55:41,586 INFO o.a.j.t.JMeterThread: Thread started: Agent search 2-308
2026-10-08 23:55:41,819 INFO o.a.j.t.JMeterThread: Thread is done: Agent search 2-308
2026-10-08 23:55:41,819 INFO o.a.j.t.JMeterThread: Thread finished: Agent search 2-308
2026-10-08 23:55:42,417 INFO o.a.j.t.JMeterThread: Thread started: Agent search 2-309
2026-10-08 23:55:42,591 INFO o.a.j.t.JMeterThread: Thread is done: Agent search 2-309
2026-10-08 23:55:42,591 INFO o.a.j.t.JMeterThread: Thread finished: Agent search 2-309
2026-10-08 23:55:43,397 INFO o.a.j.t.JMeterThread: Thread is done: Ticket intake 1-62
2026-10-08 23:55:43,398 INFO o.a.j.t.JMeterThread: Thread finished: Ticket intake 1-62
2026-10-08 23:56:00,702 INFO o.a.j.t.JMeterThread: Thread started: Ticket intake 1-63
2026-10-08 23:56:05,222 INFO o.a.j.r.Summariser: summary +      7 in 00:00:34 =    0.2/s Avg:  2464 Min:   172 Max:  7347 Err:     0 (0.00%) Active: 1 Started: 372 Finished: 371
2026-10-08 23:56:05,223 INFO o.a.j.r.Summariser: summary =    372 in 00:22:49 =    0.3/s Avg:  1178 Min:    43 Max: 10773 Err:     0 (0.00%)
2026-10-08 23:56:05,223 INFO o.a.j.t.JMeterThread: Thread is done: Ticket intake 1-63
2026-10-08 23:56:05,224 INFO o.a.j.t.JMeterThread: Thread finished: Ticket intake 1-63
2026-10-08 23:56:08,395 INFO o.a.j.t.JMeterThread: Thread started: Agent search 2-310
2026-10-08 23:56:08,465 INFO o.a.j.t.JMeterThread: Thread started: Agent search 2-311
2026-10-08 23:56:08,512 INFO o.a.j.t.JMeterThread: Thread is done: Agent search 2-310
2026-10-08 23:56:08,513 INFO o.a.j.t.JMeterThread: Thread finished: Agent search 2-310
2026-10-08 23:56:08,543 INFO o.a.j.t.JMeterThread: Thread is done: Agent search 2-311
2026-10-08 23:56:08,543 INFO o.a.j.t.JMeterThread: Thread finished: Agent search 2-311
2026-10-08 23:56:11,463 INFO o.a.j.t.JMeterThread: Thread started: Agent search 2-312
2026-10-08 23:56:11,481 INFO o.a.j.t.JMeterThread: Thread started: Agent search 2-313
2026-10-08 23:56:11,616 INFO o.a.j.t.JMeterThread: Thread is done: Agent search 2-312
2026-10-08 23:56:11,616 INFO o.a.j.t.JMeterThread: Thread finished: Agent search 2-312
2026-10-08 23:56:11,620 INFO o.a.j.t.JMeterThread: Thread is done: Agent search 2-313
2026-10-08 23:56:11,620 INFO o.a.j.t.JMeterThread: Thread finished: Agent search 2-313
2026-10-08 23:56:13,239 INFO o.a.j.t.JMeterThread: Thread started: Agent search 2-314
2026-10-08 23:56:13,365 INFO o.a.j.t.JMeterThread: Thread is done: Agent search 2-314
2026-10-08 23:56:13,365 INFO o.a.j.t.JMeterThread: Thread finished: Agent search 2-314
2026-10-08 23:56:20,181 INFO o.a.j.t.JMeterThread: Thread started: Agent search 2-315
2026-10-08 23:56:20,375 INFO o.a.j.t.JMeterThread: Thread is done: Agent search 2-315
2026-10-08 23:56:20,375 INFO o.a.j.t.JMeterThread: Thread finished: Agent search 2-315
2026-10-08 23:56:21,690 INFO o.a.j.t.JMeterThread: Thread started: Agent search 2-316
2026-10-08 23:56:21,911 INFO o.a.j.t.JMeterThread: Thread is done: Agent search 2-316
2026-10-08 23:56:21,911 INFO o.a.j.t.JMeterThread: Thread finished: Agent search 2-316
2026-10-08 23:56:22,081 INFO o.a.j.t.JMeterThread: Thread started: Agent search 2-317
2026-10-08 23:56:22,194 INFO o.a.j.t.JMeterThread: Thread is done: Agent search 2-317
2026-10-08 23:56:22,194 INFO o.a.j.t.JMeterThread: Thread finished: Agent search 2-317
2026-10-08 23:56:22,282 INFO o.a.j.t.JMeterThread: Thread started: Ticket intake 1-64
2026-10-08 23:56:26,417 INFO o.a.j.t.JMeterThread: Thread is done: Ticket intake 1-64
2026-10-08 23:56:26,417 INFO o.a.j.t.JMeterThread: Thread finished: Ticket intake 1-64
2026-10-08 23:56:27,244 INFO o.a.j.t.JMeterThread: Thread started: Agent search 2-318
2026-10-08 23:56:27,368 INFO o.a.j.t.JMeterThread: Thread is done: Agent search 2-318
2026-10-08 23:56:27,368 INFO o.a.j.t.JMeterThread: Thread finished: Agent search 2-318
2026-10-08 23:56:36,957 INFO o.a.j.t.JMeterThread: Thread started: Agent search 2-319
2026-10-08 23:56:37,169 INFO o.a.j.t.JMeterThread: Thread is done: Agent search 2-319
2026-10-08 23:56:37,169 INFO o.a.j.t.JMeterThread: Thread finished: Agent search 2-319
2026-10-08 23:56:40,189 INFO o.a.j.t.JMeterThread: Thread started: Agent search 2-320
2026-10-08 23:56:40,343 INFO o.a.j.t.JMeterThread: Thread is done: Agent search 2-320
2026-10-08 23:56:40,343 INFO o.a.j.t.JMeterThread: Thread finished: Agent search 2-320
2026-10-08 23:56:42,166 INFO o.a.j.t.JMeterThread: Thread started: Agent search 2-321
2026-10-08 23:56:42,370 INFO o.a.j.t.JMeterThread: Thread started: Agent search 2-322
2026-10-08 23:56:42,378 INFO o.a.j.t.JMeterThread: Thread is done: Agent search 2-321
2026-10-08 23:56:42,378 INFO o.a.j.t.JMeterThread: Thread finished: Agent search 2-321
2026-10-08 23:56:42,699 INFO o.a.j.t.JMeterThread: Thread is done: Agent search 2-322
2026-10-08 23:56:42,699 INFO o.a.j.t.JMeterThread: Thread finished: Agent search 2-322
2026-10-08 23:56:49,945 INFO o.a.j.t.JMeterThread: Thread started: Agent search 2-323
2026-10-08 23:56:50,174 INFO o.a.j.t.JMeterThread: Thread is done: Agent search 2-323
2026-10-08 23:56:50,174 INFO o.a.j.t.JMeterThread: Thread finished: Agent search 2-323
2026-10-08 23:56:53,946 INFO o.a.j.t.JMeterThread: Thread started: Ticket intake 1-65
2026-10-08 23:56:59,320 INFO o.a.j.t.JMeterThread: Thread started: Agent search 2-324
2026-10-08 23:56:59,492 INFO o.a.j.t.JMeterThread: Thread is done: Agent search 2-324
2026-10-08 23:56:59,492 INFO o.a.j.t.JMeterThread: Thread finished: Agent search 2-324
2026-10-08 23:57:00,108 INFO o.a.j.r.Summariser: summary +     17 in 00:00:55 =    0.3/s Avg:   755 Min:    76 Max:  6160 Err:     0 (0.00%) Active: 1 Started: 389 Finished: 388
2026-10-08 23:57:00,108 INFO o.a.j.r.Summariser: summary =    389 in 00:23:44 =    0.3/s Avg:  1159 Min:    43 Max: 10773 Err:     0 (0.00%)
2026-10-08 23:57:00,108 INFO o.a.j.t.JMeterThread: Thread is done: Ticket intake 1-65
2026-10-08 23:57:00,108 INFO o.a.j.t.JMeterThread: Thread finished: Ticket intake 1-65
2026-10-08 23:57:01,151 INFO o.a.j.t.JMeterThread: Thread started: Ticket intake 1-66
2026-10-08 23:57:05,534 INFO o.a.j.t.JMeterThread: Thread is done: Ticket intake 1-66
2026-10-08 23:57:05,535 INFO o.a.j.t.JMeterThread: Thread finished: Ticket intake 1-66
2026-10-08 23:57:06,938 INFO o.a.j.t.JMeterThread: Thread started: Agent search 2-325
2026-10-08 23:57:07,172 INFO o.a.j.t.JMeterThread: Thread is done: Agent search 2-325
2026-10-08 23:57:07,172 INFO o.a.j.t.JMeterThread: Thread finished: Agent search 2-325
2026-10-08 23:57:10,025 INFO o.a.j.t.JMeterThread: Thread started: Agent search 2-326
2026-10-08 23:57:10,244 INFO o.a.j.t.JMeterThread: Thread is done: Agent search 2-326
2026-10-08 23:57:10,244 INFO o.a.j.t.JMeterThread: Thread finished: Agent search 2-326
2026-10-08 23:57:17,633 INFO o.a.j.t.JMeterThread: Thread started: Ticket intake 1-67
2026-10-08 23:57:18,403 INFO o.a.j.t.JMeterThread: Thread started: Agent search 2-327
2026-10-08 23:57:18,743 INFO o.a.j.t.JMeterThread: Thread is done: Agent search 2-327
2026-10-08 23:57:18,743 INFO o.a.j.t.JMeterThread: Thread finished: Agent search 2-327
2026-10-08 23:57:19,327 INFO o.a.j.t.JMeterThread: Thread started: Agent search 2-328
2026-10-08 23:57:19,424 INFO o.a.j.t.JMeterThread: Thread is done: Agent search 2-328
2026-10-08 23:57:19,424 INFO o.a.j.t.JMeterThread: Thread finished: Agent search 2-328
2026-10-08 23:57:20,277 INFO o.a.j.t.JMeterThread: Thread started: Agent search 2-329
2026-10-08 23:57:20,374 INFO o.a.j.t.JMeterThread: Thread is done: Agent search 2-329
2026-10-08 23:57:20,374 INFO o.a.j.t.JMeterThread: Thread finished: Agent search 2-329
2026-10-08 23:57:21,907 INFO o.a.j.t.JMeterThread: Thread is done: Ticket intake 1-67
2026-10-08 23:57:21,907 INFO o.a.j.t.JMeterThread: Thread finished: Ticket intake 1-67
2026-10-08 23:57:22,091 INFO o.a.j.t.JMeterThread: Thread started: Agent search 2-330
2026-10-08 23:57:22,268 INFO o.a.j.t.JMeterThread: Thread is done: Agent search 2-330
2026-10-08 23:57:22,269 INFO o.a.j.t.JMeterThread: Thread finished: Agent search 2-330
2026-10-08 23:57:22,409 INFO o.a.j.t.JMeterThread: Thread started: Agent search 2-331
2026-10-08 23:57:22,506 INFO o.a.j.t.JMeterThread: Thread is done: Agent search 2-331
2026-10-08 23:57:22,506 INFO o.a.j.t.JMeterThread: Thread finished: Agent search 2-331
2026-10-08 23:57:24,533 INFO o.a.j.t.JMeterThread: Thread started: Agent search 2-332
2026-10-08 23:57:24,618 INFO o.a.j.t.JMeterThread: Thread is done: Agent search 2-332
2026-10-08 23:57:24,618 INFO o.a.j.t.JMeterThread: Thread finished: Agent search 2-332
2026-10-08 23:57:26,030 INFO o.a.j.t.JMeterThread: Thread started: Agent search 2-333
2026-10-08 23:57:26,159 INFO o.a.j.t.JMeterThread: Thread is done: Agent search 2-333
2026-10-08 23:57:26,159 INFO o.a.j.t.JMeterThread: Thread finished: Agent search 2-333
2026-10-08 23:57:32,625 INFO o.a.j.t.JMeterThread: Thread started: Agent search 2-334
2026-10-08 23:57:32,773 INFO o.a.j.r.Summariser: summary +     12 in 00:00:33 =    0.4/s Avg:   855 Min:    83 Max:  4382 Err:     0 (0.00%) Active: 1 Started: 401 Finished: 400
2026-10-08 23:57:32,774 INFO o.a.j.r.Summariser: summary =    401 in 00:24:17 =    0.3/s Avg:  1150 Min:    43 Max: 10773 Err:     0 (0.00%)
2026-10-08 23:57:32,774 INFO o.a.j.t.JMeterThread: Thread is done: Agent search 2-334
2026-10-08 23:57:32,774 INFO o.a.j.t.JMeterThread: Thread finished: Agent search 2-334
2026-10-08 23:57:35,687 INFO o.a.j.t.JMeterThread: Thread started: Agent search 2-335
2026-10-08 23:57:35,834 INFO o.a.j.t.JMeterThread: Thread is done: Agent search 2-335
2026-10-08 23:57:35,834 INFO o.a.j.t.JMeterThread: Thread finished: Agent search 2-335
2026-10-08 23:57:38,344 INFO o.a.j.t.JMeterThread: Thread started: Agent search 2-336
2026-10-08 23:57:38,424 INFO o.a.j.t.JMeterThread: Thread is done: Agent search 2-336
2026-10-08 23:57:38,424 INFO o.a.j.t.JMeterThread: Thread finished: Agent search 2-336
2026-10-08 23:57:40,484 INFO o.a.j.t.JMeterThread: Thread started: Agent search 2-337
2026-10-08 23:57:40,544 INFO o.a.j.t.JMeterThread: Thread is done: Agent search 2-337
2026-10-08 23:57:40,544 INFO o.a.j.t.JMeterThread: Thread finished: Agent search 2-337
2026-10-08 23:57:40,587 INFO o.a.j.t.JMeterThread: Thread started: Agent search 2-338
2026-10-08 23:57:40,698 INFO o.a.j.t.JMeterThread: Thread is done: Agent search 2-338
2026-10-08 23:57:40,698 INFO o.a.j.t.JMeterThread: Thread finished: Agent search 2-338
2026-10-08 23:57:45,332 INFO o.a.j.t.JMeterThread: Thread started: Agent search 2-339
2026-10-08 23:57:45,413 INFO o.a.j.t.JMeterThread: Thread is done: Agent search 2-339
2026-10-08 23:57:45,413 INFO o.a.j.t.JMeterThread: Thread finished: Agent search 2-339
2026-10-08 23:57:53,576 INFO o.a.j.t.JMeterThread: Thread started: Agent search 2-340
2026-10-08 23:57:53,664 INFO o.a.j.t.JMeterThread: Thread is done: Agent search 2-340
2026-10-08 23:57:53,664 INFO o.a.j.t.JMeterThread: Thread finished: Agent search 2-340
2026-10-08 23:57:57,929 INFO o.a.j.t.JMeterThread: Thread started: Agent search 2-341
2026-10-08 23:57:58,042 INFO o.a.j.t.JMeterThread: Thread is done: Agent search 2-341
2026-10-08 23:57:58,042 INFO o.a.j.t.JMeterThread: Thread finished: Agent search 2-341
2026-10-08 23:58:12,337 INFO o.a.j.t.JMeterThread: Thread started: Agent search 2-342
2026-10-08 23:58:12,414 INFO o.a.j.t.JMeterThread: Thread is done: Agent search 2-342
2026-10-08 23:58:12,414 INFO o.a.j.t.JMeterThread: Thread finished: Agent search 2-342
2026-10-08 23:58:14,327 INFO o.a.j.t.JMeterThread: Thread started: Agent search 2-343
2026-10-08 23:58:14,417 INFO o.a.j.t.JMeterThread: Thread is done: Agent search 2-343
2026-10-08 23:58:14,417 INFO o.a.j.t.JMeterThread: Thread finished: Agent search 2-343
2026-10-08 23:58:22,404 INFO o.a.j.t.JMeterThread: Thread started: Agent search 2-344
2026-10-08 23:58:22,500 INFO o.a.j.t.JMeterThread: Thread is done: Agent search 2-344
2026-10-08 23:58:22,500 INFO o.a.j.t.JMeterThread: Thread finished: Agent search 2-344
2026-10-08 23:58:39,757 INFO o.a.j.t.JMeterThread: Thread started: Agent search 2-345
2026-10-08 23:58:39,894 INFO o.a.j.t.JMeterThread: Thread is done: Agent search 2-345
2026-10-08 23:58:39,895 INFO o.a.j.t.JMeterThread: Thread finished: Agent search 2-345
2026-10-08 23:58:43,491 INFO o.a.j.t.JMeterThread: Thread started: Ticket intake 1-68
2026-10-08 23:58:46,154 INFO o.a.j.t.JMeterThread: Thread started: Ticket intake 1-69
2026-10-08 23:58:46,673 INFO o.a.j.t.JMeterThread: Thread started: Agent search 2-346
2026-10-08 23:58:46,756 INFO o.a.j.t.JMeterThread: Thread is done: Agent search 2-346
2026-10-08 23:58:46,756 INFO o.a.j.t.JMeterThread: Thread finished: Agent search 2-346
2026-10-08 23:58:47,923 INFO o.a.j.t.JMeterThread: Thread is done: Ticket intake 1-68
2026-10-08 23:58:47,923 INFO o.a.j.t.JMeterThread: Thread finished: Ticket intake 1-68
2026-10-08 23:58:51,615 INFO o.a.j.t.JMeterThread: Thread is done: Ticket intake 1-69
2026-10-08 23:58:51,615 INFO o.a.j.t.JMeterThread: Thread finished: Ticket intake 1-69
2026-10-08 23:59:04,394 INFO o.a.j.t.JMeterThread: Thread started: Agent search 2-347
2026-10-08 23:59:04,498 INFO o.a.j.r.Summariser: summary +     15 in 00:01:32 =    0.2/s Avg:   742 Min:    58 Max:  5459 Err:     0 (0.00%) Active: 1 Started: 416 Finished: 415
2026-10-08 23:59:04,498 INFO o.a.j.r.Summariser: summary =    416 in 00:25:48 =    0.3/s Avg:  1136 Min:    43 Max: 10773 Err:     0 (0.00%)
2026-10-08 23:59:04,498 INFO o.a.j.t.JMeterThread: Thread is done: Agent search 2-347
2026-10-08 23:59:04,498 INFO o.a.j.t.JMeterThread: Thread finished: Agent search 2-347
2026-10-08 23:59:07,724 INFO o.a.j.t.JMeterThread: Thread started: Ticket intake 1-70
2026-10-08 23:59:10,058 INFO o.a.j.t.JMeterThread: Thread started: Agent search 2-348
2026-10-08 23:59:10,222 INFO o.a.j.t.JMeterThread: Thread is done: Agent search 2-348
2026-10-08 23:59:10,222 INFO o.a.j.t.JMeterThread: Thread finished: Agent search 2-348
2026-10-08 23:59:14,442 INFO o.a.j.t.JMeterThread: Thread started: Agent search 2-349
2026-10-08 23:59:14,504 INFO o.a.j.t.JMeterThread: Thread is done: Ticket intake 1-70
2026-10-08 23:59:14,504 INFO o.a.j.t.JMeterThread: Thread finished: Ticket intake 1-70
2026-10-08 23:59:14,534 INFO o.a.j.t.JMeterThread: Thread is done: Agent search 2-349
2026-10-08 23:59:14,534 INFO o.a.j.t.JMeterThread: Thread finished: Agent search 2-349
2026-10-08 23:59:20,103 INFO o.a.j.t.JMeterThread: Thread started: Agent search 2-350
2026-10-08 23:59:20,404 INFO o.a.j.t.JMeterThread: Thread is done: Agent search 2-350
2026-10-08 23:59:20,404 INFO o.a.j.t.JMeterThread: Thread finished: Agent search 2-350
2026-10-08 23:59:20,700 INFO o.a.j.t.JMeterThread: Thread started: Agent search 2-351
2026-10-08 23:59:20,908 INFO o.a.j.t.JMeterThread: Thread is done: Agent search 2-351
2026-10-08 23:59:20,908 INFO o.a.j.t.JMeterThread: Thread finished: Agent search 2-351
2026-10-08 23:59:24,763 INFO o.a.j.t.JMeterThread: Thread started: Ticket intake 1-71
2026-10-08 23:59:30,739 INFO o.a.j.r.Summariser: summary +      6 in 00:00:26 =    0.2/s Avg:  2252 Min:    90 Max:  6780 Err:     0 (0.00%) Active: 1 Started: 422 Finished: 421
2026-10-08 23:59:30,739 INFO o.a.j.r.Summariser: summary =    422 in 00:26:15 =    0.3/s Avg:  1151 Min:    43 Max: 10773 Err:     0 (0.00%)
2026-10-08 23:59:30,739 INFO o.a.j.t.JMeterThread: Thread is done: Ticket intake 1-71
2026-10-08 23:59:30,739 INFO o.a.j.t.JMeterThread: Thread finished: Ticket intake 1-71
2026-10-08 23:59:36,099 INFO o.a.j.t.JMeterThread: Thread started: Agent search 2-352
2026-10-08 23:59:36,267 INFO o.a.j.t.JMeterThread: Thread is done: Agent search 2-352
2026-10-08 23:59:36,268 INFO o.a.j.t.JMeterThread: Thread finished: Agent search 2-352
2026-10-08 23:59:39,159 INFO o.a.j.t.JMeterThread: Thread started: Agent search 2-353
2026-10-08 23:59:39,340 INFO o.a.j.t.JMeterThread: Thread is done: Agent search 2-353
2026-10-08 23:59:39,341 INFO o.a.j.t.JMeterThread: Thread finished: Agent search 2-353
2026-10-08 23:59:40,401 INFO o.a.j.t.JMeterThread: Thread started: Agent search 2-354
2026-10-08 23:59:40,570 INFO o.a.j.t.JMeterThread: Thread is done: Agent search 2-354
2026-10-08 23:59:40,570 INFO o.a.j.t.JMeterThread: Thread finished: Agent search 2-354
2026-10-08 23:59:40,819 INFO o.a.j.t.JMeterThread: Thread started: Agent search 2-355
2026-10-08 23:59:41,081 INFO o.a.j.t.JMeterThread: Thread is done: Agent search 2-355
2026-10-08 23:59:41,081 INFO o.a.j.t.JMeterThread: Thread finished: Agent search 2-355
2026-10-08 23:59:46,385 INFO o.a.j.t.JMeterThread: Thread started: Agent search 2-356
2026-10-08 23:59:46,483 INFO o.a.j.t.JMeterThread: Thread is done: Agent search 2-356
2026-10-08 23:59:46,483 INFO o.a.j.t.JMeterThread: Thread finished: Agent search 2-356
2026-10-08 23:59:47,921 INFO o.a.j.t.JMeterThread: Thread started: Agent search 2-357
2026-10-08 23:59:48,147 INFO o.a.j.t.JMeterThread: Thread is done: Agent search 2-357
2026-10-08 23:59:48,147 INFO o.a.j.t.JMeterThread: Thread finished: Agent search 2-357
2026-10-08 23:59:49,752 INFO o.a.j.t.JMeterThread: Thread started: Agent search 2-358
2026-10-08 23:59:49,990 INFO o.a.j.t.JMeterThread: Thread is done: Agent search 2-358
2026-10-08 23:59:49,990 INFO o.a.j.t.JMeterThread: Thread finished: Agent search 2-358
2026-10-08 23:59:50,191 INFO o.a.j.t.JMeterThread: Thread started: Agent search 2-359
2026-10-08 23:59:50,399 INFO o.a.j.t.JMeterThread: Thread is done: Agent search 2-359
2026-10-08 23:59:50,400 INFO o.a.j.t.JMeterThread: Thread finished: Agent search 2-359
2026-10-08 23:59:50,737 INFO o.a.j.t.JMeterThread: Thread started: Agent search 2-360
2026-10-08 23:59:51,015 INFO o.a.j.t.JMeterThread: Thread is done: Agent search 2-360
2026-10-08 23:59:51,015 INFO o.a.j.t.JMeterThread: Thread finished: Agent search 2-360
2026-10-08 23:59:56,775 INFO o.a.j.t.JMeterThread: Thread started: Agent search 2-361
2026-10-08 23:59:56,954 INFO o.a.j.t.JMeterThread: Thread is done: Agent search 2-361
2026-10-08 23:59:56,954 INFO o.a.j.t.JMeterThread: Thread finished: Agent search 2-361
2026-10-08 23:59:59,188 INFO o.a.j.t.JMeterThread: Thread started: Agent search 2-362
2026-10-08 23:59:59,412 INFO o.a.j.t.JMeterThread: Thread is done: Agent search 2-362
2026-10-08 23:59:59,412 INFO o.a.j.t.JMeterThread: Thread finished: Agent search 2-362
2026-10-09 00:00:06,997 INFO o.a.j.t.JMeterThread: Thread started: Agent search 2-363
2026-10-09 00:00:07,168 INFO o.a.j.t.JMeterThread: Thread is done: Agent search 2-363
2026-10-09 00:00:07,168 INFO o.a.j.t.JMeterThread: Thread finished: Agent search 2-363
2026-10-09 00:00:07,236 INFO o.a.j.t.JMeterThread: Thread started: Agent search 2-364
2026-10-09 00:00:07,398 INFO o.a.j.t.JMeterThread: Thread is done: Agent search 2-364
2026-10-09 00:00:07,398 INFO o.a.j.t.JMeterThread: Thread finished: Agent search 2-364
2026-10-09 00:00:12,998 INFO o.a.j.t.JMeterThread: Thread started: Agent search 2-365
2026-10-09 00:00:13,235 INFO o.a.j.t.JMeterThread: Thread is done: Agent search 2-365
2026-10-09 00:00:13,235 INFO o.a.j.t.JMeterThread: Thread finished: Agent search 2-365
2026-10-09 00:00:13,332 INFO o.a.j.t.JMeterThread: Thread started: Agent search 2-366
2026-10-09 00:00:13,489 INFO o.a.j.t.JMeterThread: Thread is done: Agent search 2-366
2026-10-09 00:00:13,489 INFO o.a.j.t.JMeterThread: Thread finished: Agent search 2-366
2026-10-09 00:00:21,559 INFO o.a.j.t.JMeterThread: Thread started: Agent search 2-367
2026-10-09 00:00:21,734 INFO o.a.j.t.JMeterThread: Thread is done: Agent search 2-367
2026-10-09 00:00:21,734 INFO o.a.j.t.JMeterThread: Thread finished: Agent search 2-367
2026-10-09 00:00:23,368 INFO o.a.j.t.JMeterThread: Thread started: Agent search 2-368
2026-10-09 00:00:23,679 INFO o.a.j.t.JMeterThread: Thread is done: Agent search 2-368
2026-10-09 00:00:23,679 INFO o.a.j.t.JMeterThread: Thread finished: Agent search 2-368
2026-10-09 00:00:31,246 INFO o.a.j.t.JMeterThread: Thread started: Ticket intake 1-72
2026-10-09 00:00:32,573 INFO o.a.j.t.JMeterThread: Thread started: Agent search 2-369
2026-10-09 00:00:32,643 INFO o.a.j.t.JMeterThread: Thread started: Ticket intake 1-73
2026-10-09 00:00:32,692 INFO o.a.j.r.Summariser: summary +     18 in 00:01:02 =    0.3/s Avg:   196 Min:    97 Max:   311 Err:     0 (0.00%) Active: 3 Started: 442 Finished: 439
2026-10-09 00:00:32,692 INFO o.a.j.r.Summariser: summary =    440 in 00:27:17 =    0.3/s Avg:  1112 Min:    43 Max: 10773 Err:     0 (0.00%)
2026-10-09 00:00:32,692 INFO o.a.j.t.JMeterThread: Thread is done: Agent search 2-369
2026-10-09 00:00:32,692 INFO o.a.j.t.JMeterThread: Thread finished: Agent search 2-369
2026-10-09 00:00:35,148 INFO o.a.j.t.JMeterThread: Thread is done: Ticket intake 1-72
2026-10-09 00:00:35,148 INFO o.a.j.t.JMeterThread: Thread finished: Ticket intake 1-72
2026-10-09 00:00:36,152 INFO o.a.j.t.JMeterThread: Thread started: Agent search 2-370
2026-10-09 00:00:36,276 INFO o.a.j.t.JMeterThread: Thread is done: Agent search 2-370
2026-10-09 00:00:36,276 INFO o.a.j.t.JMeterThread: Thread finished: Agent search 2-370
2026-10-09 00:00:36,880 INFO o.a.j.t.JMeterThread: Thread started: Agent search 2-371
2026-10-09 00:00:37,126 INFO o.a.j.t.JMeterThread: Thread is done: Agent search 2-371
2026-10-09 00:00:37,126 INFO o.a.j.t.JMeterThread: Thread finished: Agent search 2-371
2026-10-09 00:00:39,040 INFO o.a.j.t.JMeterThread: Thread is done: Ticket intake 1-73
2026-10-09 00:00:39,040 INFO o.a.j.t.JMeterThread: Thread finished: Ticket intake 1-73
2026-10-09 00:00:48,650 INFO o.a.j.t.JMeterThread: Thread started: Agent search 2-372
2026-10-09 00:00:48,839 INFO o.a.j.t.JMeterThread: Thread is done: Agent search 2-372
2026-10-09 00:00:48,839 INFO o.a.j.t.JMeterThread: Thread finished: Agent search 2-372
2026-10-09 00:00:49,560 INFO o.a.j.t.JMeterThread: Thread started: Agent search 2-373
2026-10-09 00:00:49,690 INFO o.a.j.t.JMeterThread: Thread is done: Agent search 2-373
2026-10-09 00:00:49,690 INFO o.a.j.t.JMeterThread: Thread finished: Agent search 2-373
2026-10-09 00:00:56,284 INFO o.a.j.t.JMeterThread: Thread started: Agent search 2-374
2026-10-09 00:00:56,551 INFO o.a.j.t.JMeterThread: Thread is done: Agent search 2-374
2026-10-09 00:00:56,551 INFO o.a.j.t.JMeterThread: Thread finished: Agent search 2-374
2026-10-09 00:00:58,558 INFO o.a.j.t.JMeterThread: Thread started: Agent search 2-375
2026-10-09 00:00:58,616 INFO o.a.j.t.JMeterThread: Thread is done: Agent search 2-375
2026-10-09 00:00:58,616 INFO o.a.j.t.JMeterThread: Thread finished: Agent search 2-375
2026-10-09 00:01:00,173 INFO o.a.j.t.JMeterThread: Thread started: Agent search 2-376
2026-10-09 00:01:00,339 INFO o.a.j.r.Summariser: summary +      9 in 00:00:28 =    0.3/s Avg:  1274 Min:    56 Max:  6396 Err:     0 (0.00%) Active: 1 Started: 449 Finished: 448
2026-10-09 00:01:00,340 INFO o.a.j.r.Summariser: summary =    449 in 00:27:44 =    0.3/s Avg:  1116 Min:    43 Max: 10773 Err:     0 (0.00%)
2026-10-09 00:01:00,340 INFO o.a.j.t.JMeterThread: Thread is done: Agent search 2-376
2026-10-09 00:01:00,340 INFO o.a.j.t.JMeterThread: Thread finished: Agent search 2-376
2026-10-09 00:01:06,449 INFO o.a.j.t.JMeterThread: Thread started: Agent search 2-377
2026-10-09 00:01:06,688 INFO o.a.j.t.JMeterThread: Thread is done: Agent search 2-377
2026-10-09 00:01:06,689 INFO o.a.j.t.JMeterThread: Thread finished: Agent search 2-377
2026-10-09 00:01:06,812 INFO o.a.j.t.JMeterThread: Thread started: Agent search 2-378
2026-10-09 00:01:06,893 INFO o.a.j.t.JMeterThread: Thread is done: Agent search 2-378
2026-10-09 00:01:06,893 INFO o.a.j.t.JMeterThread: Thread finished: Agent search 2-378
2026-10-09 00:01:13,276 INFO o.a.j.t.JMeterThread: Thread started: Agent search 2-379
2026-10-09 00:01:13,391 INFO o.a.j.t.JMeterThread: Thread is done: Agent search 2-379
2026-10-09 00:01:13,391 INFO o.a.j.t.JMeterThread: Thread finished: Agent search 2-379
2026-10-09 00:01:17,943 INFO o.a.j.t.JMeterThread: Thread started: Agent search 2-380
2026-10-09 00:01:18,157 INFO o.a.j.t.JMeterThread: Thread is done: Agent search 2-380
2026-10-09 00:01:18,157 INFO o.a.j.t.JMeterThread: Thread finished: Agent search 2-380
2026-10-09 00:01:18,955 INFO o.a.j.t.JMeterThread: Thread started: Agent search 2-381
2026-10-09 00:01:19,034 INFO o.a.j.t.JMeterThread: Thread is done: Agent search 2-381
2026-10-09 00:01:19,034 INFO o.a.j.t.JMeterThread: Thread finished: Agent search 2-381
2026-10-09 00:01:24,848 INFO o.a.j.t.JMeterThread: Thread started: Agent search 2-382
2026-10-09 00:01:25,017 INFO o.a.j.t.JMeterThread: Thread is done: Agent search 2-382
2026-10-09 00:01:25,018 INFO o.a.j.t.JMeterThread: Thread finished: Agent search 2-382
2026-10-09 00:01:27,576 INFO o.a.j.t.JMeterThread: Thread started: Agent search 2-383
2026-10-09 00:01:27,784 INFO o.a.j.t.JMeterThread: Thread is done: Agent search 2-383
2026-10-09 00:01:27,784 INFO o.a.j.t.JMeterThread: Thread finished: Agent search 2-383
2026-10-09 00:01:32,726 INFO o.a.j.t.JMeterThread: Thread started: Agent search 2-384
2026-10-09 00:01:32,904 INFO o.a.j.r.Summariser: summary +      8 in 00:00:33 =    0.2/s Avg:   159 Min:    80 Max:   238 Err:     0 (0.00%) Active: 1 Started: 457 Finished: 456
2026-10-09 00:01:32,904 INFO o.a.j.r.Summariser: summary =    457 in 00:28:17 =    0.3/s Avg:  1099 Min:    43 Max: 10773 Err:     0 (0.00%)
2026-10-09 00:01:32,904 INFO o.a.j.t.JMeterThread: Thread is done: Agent search 2-384
2026-10-09 00:01:32,904 INFO o.a.j.t.JMeterThread: Thread finished: Agent search 2-384
2026-10-09 00:01:33,317 INFO o.a.j.t.JMeterThread: Thread started: Agent search 2-385
2026-10-09 00:01:33,517 INFO o.a.j.t.JMeterThread: Thread is done: Agent search 2-385
2026-10-09 00:01:33,517 INFO o.a.j.t.JMeterThread: Thread finished: Agent search 2-385
2026-10-09 00:01:35,470 INFO o.a.j.t.JMeterThread: Thread started: Agent search 2-386
2026-10-09 00:01:35,668 INFO o.a.j.t.JMeterThread: Thread is done: Agent search 2-386
2026-10-09 00:01:35,668 INFO o.a.j.t.JMeterThread: Thread finished: Agent search 2-386
2026-10-09 00:01:37,955 INFO o.a.j.t.JMeterThread: Thread started: Agent search 2-387
2026-10-09 00:01:38,055 INFO o.a.j.t.JMeterThread: Thread is done: Agent search 2-387
2026-10-09 00:01:38,055 INFO o.a.j.t.JMeterThread: Thread finished: Agent search 2-387
2026-10-09 00:01:38,511 INFO o.a.j.t.JMeterThread: Thread started: Agent search 2-388
2026-10-09 00:01:38,740 INFO o.a.j.t.JMeterThread: Thread is done: Agent search 2-388
2026-10-09 00:01:38,740 INFO o.a.j.t.JMeterThread: Thread finished: Agent search 2-388
2026-10-09 00:01:47,060 INFO o.a.j.t.JMeterThread: Thread started: Agent search 2-389
2026-10-09 00:01:47,238 INFO o.a.j.t.JMeterThread: Thread is done: Agent search 2-389
2026-10-09 00:01:47,238 INFO o.a.j.t.JMeterThread: Thread finished: Agent search 2-389
2026-10-09 00:01:49,690 INFO o.a.j.t.JMeterThread: Thread started: Ticket intake 1-74
2026-10-09 00:01:55,047 INFO o.a.j.t.JMeterThread: Thread is done: Ticket intake 1-74
2026-10-09 00:01:55,047 INFO o.a.j.t.JMeterThread: Thread finished: Ticket intake 1-74
2026-10-09 00:01:56,573 INFO o.a.j.t.JMeterThread: Thread started: Agent search 2-390
2026-10-09 00:01:56,764 INFO o.a.j.t.JMeterThread: Thread is done: Agent search 2-390
2026-10-09 00:01:56,764 INFO o.a.j.t.JMeterThread: Thread finished: Agent search 2-390
2026-10-09 00:01:57,984 INFO o.a.j.t.JMeterThread: Thread started: Ticket intake 1-75
2026-10-09 00:01:58,749 INFO o.a.j.t.JMeterThread: Thread started: Agent search 2-391
2026-10-09 00:01:58,911 INFO o.a.j.t.JMeterThread: Thread started: Agent search 2-392
2026-10-09 00:01:58,963 INFO o.a.j.t.JMeterThread: Thread is done: Agent search 2-391
2026-10-09 00:01:58,963 INFO o.a.j.t.JMeterThread: Thread finished: Agent search 2-391
2026-10-09 00:01:58,992 INFO o.a.j.t.JMeterThread: Thread is done: Agent search 2-392
2026-10-09 00:01:58,992 INFO o.a.j.t.JMeterThread: Thread finished: Agent search 2-392
2026-10-09 00:02:03,265 INFO o.a.j.r.Summariser: summary +     10 in 00:00:30 =    0.3/s Avg:  1201 Min:    79 Max:  5355 Err:     0 (0.00%) Active: 1 Started: 467 Finished: 466
2026-10-09 00:02:03,265 INFO o.a.j.r.Summariser: summary =    467 in 00:28:47 =    0.3/s Avg:  1101 Min:    43 Max: 10773 Err:     0 (0.00%)
2026-10-09 00:02:03,265 INFO o.a.j.t.JMeterThread: Thread is done: Ticket intake 1-75
2026-10-09 00:02:03,265 INFO o.a.j.t.JMeterThread: Thread finished: Ticket intake 1-75
2026-10-09 00:02:04,862 INFO o.a.j.t.JMeterThread: Thread started: Agent search 2-393
2026-10-09 00:02:05,090 INFO o.a.j.t.JMeterThread: Thread is done: Agent search 2-393
2026-10-09 00:02:05,090 INFO o.a.j.t.JMeterThread: Thread finished: Agent search 2-393
2026-10-09 00:02:05,292 INFO o.a.j.t.JMeterThread: Thread started: Agent search 2-394
2026-10-09 00:02:05,356 INFO o.a.j.t.JMeterThread: Thread is done: Agent search 2-394
2026-10-09 00:02:05,356 INFO o.a.j.t.JMeterThread: Thread finished: Agent search 2-394
2026-10-09 00:02:06,989 INFO o.a.j.t.JMeterThread: Thread started: Agent search 2-395
2026-10-09 00:02:07,208 INFO o.a.j.t.JMeterThread: Thread is done: Agent search 2-395
2026-10-09 00:02:07,208 INFO o.a.j.t.JMeterThread: Thread finished: Agent search 2-395
2026-10-09 00:02:07,377 INFO o.a.j.t.JMeterThread: Thread started: Agent search 2-396
2026-10-09 00:02:07,511 INFO o.a.j.t.JMeterThread: Thread is done: Agent search 2-396
2026-10-09 00:02:07,511 INFO o.a.j.t.JMeterThread: Thread finished: Agent search 2-396
2026-10-09 00:02:10,425 INFO o.a.j.t.JMeterThread: Thread started: Ticket intake 1-76
2026-10-09 00:02:12,562 INFO o.a.j.t.JMeterThread: Thread started: Ticket intake 1-77
2026-10-09 00:02:14,636 INFO o.a.j.t.JMeterThread: Thread is done: Ticket intake 1-76
2026-10-09 00:02:14,636 INFO o.a.j.t.JMeterThread: Thread finished: Ticket intake 1-76
2026-10-09 00:02:17,312 INFO o.a.j.t.JMeterThread: Thread started: Ticket intake 1-78
2026-10-09 00:02:18,566 INFO o.a.j.t.JMeterThread: Thread started: Ticket intake 1-79
2026-10-09 00:02:19,395 INFO o.a.j.t.JMeterThread: Thread is done: Ticket intake 1-77
2026-10-09 00:02:19,395 INFO o.a.j.t.JMeterThread: Thread finished: Ticket intake 1-77
2026-10-09 00:02:26,253 INFO o.a.j.t.JMeterThread: Thread is done: Ticket intake 1-78
2026-10-09 00:02:26,253 INFO o.a.j.t.JMeterThread: Thread finished: Ticket intake 1-78
2026-10-09 00:02:26,261 INFO o.a.j.t.JMeterThread: Thread started: Ticket intake 1-80
2026-10-09 00:02:27,218 INFO o.a.j.t.JMeterThread: Thread started: Agent search 2-397
2026-10-09 00:02:27,370 INFO o.a.j.t.JMeterThread: Thread is done: Agent search 2-397
2026-10-09 00:02:27,371 INFO o.a.j.t.JMeterThread: Thread finished: Agent search 2-397
2026-10-09 00:02:31,565 INFO o.a.j.t.JMeterThread: Thread started: Agent search 2-398
2026-10-09 00:02:31,738 INFO o.a.j.r.Summariser: summary +      9 in 00:00:28 =    0.3/s Avg:  2327 Min:    63 Max:  8941 Err:     0 (0.00%) Active: 3 Started: 478 Finished: 475
2026-10-09 00:02:31,738 INFO o.a.j.r.Summariser: summary =    476 in 00:29:16 =    0.3/s Avg:  1124 Min:    43 Max: 10773 Err:     0 (0.00%)
2026-10-09 00:02:31,738 INFO o.a.j.t.JMeterThread: Thread is done: Agent search 2-398
2026-10-09 00:02:31,738 INFO o.a.j.t.JMeterThread: Thread finished: Agent search 2-398
2026-10-09 00:02:32,705 INFO o.a.j.t.JMeterThread: Thread is done: Ticket intake 1-79
2026-10-09 00:02:32,706 INFO o.a.j.t.JMeterThread: Thread finished: Ticket intake 1-79
2026-10-09 00:02:34,647 INFO o.a.j.t.JMeterThread: Thread started: Ticket intake 1-81
2026-10-09 00:02:37,006 INFO o.a.j.t.JMeterThread: Thread is done: Ticket intake 1-80
2026-10-09 00:02:37,006 INFO o.a.j.t.JMeterThread: Thread finished: Ticket intake 1-80
2026-10-09 00:02:39,649 INFO o.a.j.t.JMeterThread: Thread started: Agent search 2-399
2026-10-09 00:02:39,873 INFO o.a.j.t.JMeterThread: Thread is done: Agent search 2-399
2026-10-09 00:02:39,873 INFO o.a.j.t.JMeterThread: Thread finished: Agent search 2-399
2026-10-09 00:02:41,907 INFO o.a.j.t.JMeterThread: Thread started: Agent search 2-400
2026-10-09 00:02:42,126 INFO o.a.j.t.JMeterThread: Thread is done: Agent search 2-400
2026-10-09 00:02:42,126 INFO o.a.j.t.JMeterThread: Thread finished: Agent search 2-400
2026-10-09 00:02:42,433 INFO o.a.j.t.JMeterThread: Thread is done: Ticket intake 1-81
2026-10-09 00:02:42,433 INFO o.a.j.t.JMeterThread: Thread finished: Ticket intake 1-81
2026-10-09 00:02:45,737 INFO o.a.j.t.JMeterThread: Thread started: Agent search 2-401
2026-10-09 00:02:45,879 INFO o.a.j.t.JMeterThread: Thread is done: Agent search 2-401
2026-10-09 00:02:45,879 INFO o.a.j.t.JMeterThread: Thread finished: Agent search 2-401
2026-10-09 00:02:52,723 INFO o.a.j.t.JMeterThread: Thread started: Agent search 2-402
2026-10-09 00:02:52,877 INFO o.a.j.t.JMeterThread: Thread is done: Agent search 2-402
2026-10-09 00:02:52,878 INFO o.a.j.t.JMeterThread: Thread finished: Agent search 2-402
2026-10-09 00:02:53,211 INFO o.a.j.t.JMeterThread: Thread started: Ticket intake 1-82
2026-10-09 00:02:57,049 INFO o.a.j.t.JMeterThread: Thread started: Agent search 2-403
2026-10-09 00:02:57,282 INFO o.a.j.t.JMeterThread: Thread is done: Agent search 2-403
2026-10-09 00:02:57,282 INFO o.a.j.t.JMeterThread: Thread finished: Agent search 2-403
2026-10-09 00:02:59,021 INFO o.a.j.t.JMeterThread: Thread is done: Ticket intake 1-82
2026-10-09 00:02:59,022 INFO o.a.j.t.JMeterThread: Thread finished: Ticket intake 1-82
2026-10-09 00:02:59,481 INFO o.a.j.t.JMeterThread: Thread started: Agent search 2-404
2026-10-09 00:02:59,599 INFO o.a.j.t.JMeterThread: Thread is done: Agent search 2-404
2026-10-09 00:02:59,599 INFO o.a.j.t.JMeterThread: Thread finished: Agent search 2-404
2026-10-09 00:03:00,383 INFO o.a.j.t.JMeterThread: Thread started: Agent search 2-405
2026-10-09 00:03:00,558 INFO o.a.j.r.Summariser: summary +     11 in 00:00:29 =    0.4/s Avg:  3612 Min:   117 Max: 14138 Err:     0 (0.00%) Active: 1 Started: 487 Finished: 486
2026-10-09 00:03:00,559 INFO o.a.j.r.Summariser: summary =    487 in 00:29:44 =    0.3/s Avg:  1180 Min:    43 Max: 14138 Err:     0 (0.00%)
2026-10-09 00:03:00,559 INFO o.a.j.t.JMeterThread: Thread is done: Agent search 2-405
2026-10-09 00:03:00,559 INFO o.a.j.t.JMeterThread: Thread finished: Agent search 2-405
2026-10-09 00:03:00,638 INFO o.a.j.t.JMeterThread: Thread started: Agent search 2-406
2026-10-09 00:03:00,763 INFO o.a.j.t.JMeterThread: Thread is done: Agent search 2-406
2026-10-09 00:03:00,763 INFO o.a.j.t.JMeterThread: Thread finished: Agent search 2-406
2026-10-09 00:03:01,675 INFO o.a.j.t.JMeterThread: Thread started: Agent search 2-407
2026-10-09 00:03:01,752 INFO o.a.j.t.JMeterThread: Thread is done: Agent search 2-407
2026-10-09 00:03:01,752 INFO o.a.j.t.JMeterThread: Thread finished: Agent search 2-407
2026-10-09 00:03:03,228 INFO o.a.j.t.JMeterThread: Thread started: Agent search 2-408
2026-10-09 00:03:03,425 INFO o.a.j.t.JMeterThread: Thread is done: Agent search 2-408
2026-10-09 00:03:03,425 INFO o.a.j.t.JMeterThread: Thread finished: Agent search 2-408
2026-10-09 00:03:09,661 INFO o.a.j.t.JMeterThread: Thread started: Ticket intake 1-83
2026-10-09 00:03:14,197 INFO o.a.j.t.JMeterThread: Thread started: Agent search 2-409
2026-10-09 00:03:14,271 INFO o.a.j.t.JMeterThread: Thread is done: Agent search 2-409
2026-10-09 00:03:14,272 INFO o.a.j.t.JMeterThread: Thread finished: Agent search 2-409
2026-10-09 00:03:14,409 INFO o.a.j.t.JMeterThread: Thread is done: Ticket intake 1-83
2026-10-09 00:03:14,409 INFO o.a.j.t.JMeterThread: Thread finished: Ticket intake 1-83
2026-10-09 00:03:20,886 INFO o.a.j.t.JMeterThread: Thread started: Agent search 2-410
2026-10-09 00:03:20,957 INFO o.a.j.t.JMeterThread: Thread is done: Agent search 2-410
2026-10-09 00:03:20,957 INFO o.a.j.t.JMeterThread: Thread finished: Agent search 2-410
2026-10-09 00:03:25,948 INFO o.a.j.t.JMeterThread: Thread started: Agent search 2-411
2026-10-09 00:03:26,159 INFO o.a.j.t.JMeterThread: Thread is done: Agent search 2-411
2026-10-09 00:03:26,159 INFO o.a.j.t.JMeterThread: Thread finished: Agent search 2-411
2026-10-09 00:03:27,447 INFO o.a.j.t.JMeterThread: Thread started: Ticket intake 1-84
2026-10-09 00:03:28,564 INFO o.a.j.t.JMeterThread: Thread started: Ticket intake 1-85
2026-10-09 00:03:29,680 INFO o.a.j.t.JMeterThread: Thread started: Agent search 2-412
2026-10-09 00:03:29,846 INFO o.a.j.t.JMeterThread: Thread is done: Agent search 2-412
2026-10-09 00:03:29,846 INFO o.a.j.t.JMeterThread: Thread finished: Agent search 2-412
2026-10-09 00:03:32,248 INFO o.a.j.t.JMeterThread: Thread started: Agent search 2-413
2026-10-09 00:03:32,406 INFO o.a.j.r.Summariser: summary +      9 in 00:00:32 =    0.3/s Avg:   646 Min:    70 Max:  4746 Err:     0 (0.00%) Active: 3 Started: 498 Finished: 495
2026-10-09 00:03:32,406 INFO o.a.j.r.Summariser: summary =    496 in 00:30:16 =    0.3/s Avg:  1171 Min:    43 Max: 14138 Err:     0 (0.00%)
2026-10-09 00:03:32,406 INFO o.a.j.t.JMeterThread: Thread is done: Agent search 2-413
2026-10-09 00:03:32,406 INFO o.a.j.t.JMeterThread: Thread finished: Agent search 2-413
2026-10-09 00:03:32,691 INFO o.a.j.t.JMeterThread: Thread is done: Ticket intake 1-84
2026-10-09 00:03:32,691 INFO o.a.j.t.JMeterThread: Thread finished: Ticket intake 1-84
2026-10-09 00:03:37,116 INFO o.a.j.t.JMeterThread: Thread is done: Ticket intake 1-85
2026-10-09 00:03:37,116 INFO o.a.j.t.JMeterThread: Thread finished: Ticket intake 1-85
2026-10-09 00:03:43,099 INFO o.a.j.t.JMeterThread: Thread started: Agent search 2-414
2026-10-09 00:03:43,362 INFO o.a.j.t.JMeterThread: Thread is done: Agent search 2-414
2026-10-09 00:03:43,362 INFO o.a.j.t.JMeterThread: Thread finished: Agent search 2-414
2026-10-09 00:03:44,346 INFO o.a.j.t.JMeterThread: Thread started: Ticket intake 1-86
2026-10-09 00:03:46,891 INFO o.a.j.t.JMeterThread: Thread started: Agent search 2-415
2026-10-09 00:03:47,048 INFO o.a.j.t.JMeterThread: Thread is done: Agent search 2-415
2026-10-09 00:03:47,048 INFO o.a.j.t.JMeterThread: Thread finished: Agent search 2-415
2026-10-09 00:03:51,553 INFO o.a.j.t.JMeterThread: Thread is done: Ticket intake 1-86
2026-10-09 00:03:51,554 INFO o.a.j.t.JMeterThread: Thread finished: Ticket intake 1-86
2026-10-09 00:03:52,913 INFO o.a.j.t.JMeterThread: Thread started: Agent search 2-416
2026-10-09 00:03:53,193 INFO o.a.j.t.JMeterThread: Thread is done: Agent search 2-416
2026-10-09 00:03:53,193 INFO o.a.j.t.JMeterThread: Thread finished: Agent search 2-416
2026-10-09 00:03:59,270 INFO o.a.j.t.JMeterThread: Thread started: Ticket intake 1-87
2026-10-09 00:04:03,452 INFO o.a.j.t.JMeterThread: Thread started: Agent search 2-417
2026-10-09 00:04:03,638 INFO o.a.j.r.Summariser: summary +      7 in 00:00:31 =    0.2/s Avg:  3125 Min:   156 Max:  8550 Err:     0 (0.00%) Active: 2 Started: 504 Finished: 502
2026-10-09 00:04:03,638 INFO o.a.j.r.Summariser: summary =    503 in 00:30:47 =    0.3/s Avg:  1198 Min:    43 Max: 14138 Err:     0 (0.00%)
2026-10-09 00:04:03,639 INFO o.a.j.t.JMeterThread: Thread is done: Agent search 2-417
2026-10-09 00:04:03,639 INFO o.a.j.t.JMeterThread: Thread finished: Agent search 2-417
2026-10-09 00:04:03,842 INFO o.a.j.t.JMeterThread: Thread is done: Ticket intake 1-87
2026-10-09 00:04:03,842 INFO o.a.j.t.JMeterThread: Thread finished: Ticket intake 1-87
2026-10-09 00:04:08,470 INFO o.a.j.t.JMeterThread: Thread started: Ticket intake 1-88
2026-10-09 00:04:08,999 INFO o.a.j.t.JMeterThread: Thread started: Agent search 2-418
2026-10-09 00:04:09,092 INFO o.a.j.t.JMeterThread: Thread is done: Agent search 2-418
2026-10-09 00:04:09,092 INFO o.a.j.t.JMeterThread: Thread finished: Agent search 2-418
2026-10-09 00:04:10,153 INFO o.a.j.t.JMeterThread: Thread started: Agent search 2-419
2026-10-09 00:04:10,295 INFO o.a.j.t.JMeterThread: Thread is done: Agent search 2-419
2026-10-09 00:04:10,295 INFO o.a.j.t.JMeterThread: Thread finished: Agent search 2-419
2026-10-09 00:04:13,467 INFO o.a.j.t.JMeterThread: Thread is done: Ticket intake 1-88
2026-10-09 00:04:13,468 INFO o.a.j.t.JMeterThread: Thread finished: Ticket intake 1-88
2026-10-09 00:04:16,976 INFO o.a.j.t.JMeterThread: Thread started: Agent search 2-420
2026-10-09 00:04:17,154 INFO o.a.j.t.JMeterThread: Thread is done: Agent search 2-420
2026-10-09 00:04:17,154 INFO o.a.j.t.JMeterThread: Thread finished: Agent search 2-420
2026-10-09 00:04:20,394 INFO o.a.j.t.JMeterThread: Thread started: Agent search 2-421
2026-10-09 00:04:20,636 INFO o.a.j.t.JMeterThread: Thread is done: Agent search 2-421
2026-10-09 00:04:20,636 INFO o.a.j.t.JMeterThread: Thread finished: Agent search 2-421
2026-10-09 00:04:23,144 INFO o.a.j.t.JMeterThread: Thread started: Agent search 2-422
2026-10-09 00:04:23,401 INFO o.a.j.t.JMeterThread: Thread is done: Agent search 2-422
2026-10-09 00:04:23,401 INFO o.a.j.t.JMeterThread: Thread finished: Agent search 2-422
2026-10-09 00:04:23,960 INFO o.a.j.t.JMeterThread: Thread started: Ticket intake 1-89
2026-10-09 00:04:24,285 INFO o.a.j.t.JMeterThread: Thread started: Agent search 2-423
2026-10-09 00:04:24,456 INFO o.a.j.t.JMeterThread: Thread is done: Agent search 2-423
2026-10-09 00:04:24,456 INFO o.a.j.t.JMeterThread: Thread finished: Agent search 2-423
2026-10-09 00:04:26,429 INFO o.a.j.t.JMeterThread: Thread started: Ticket intake 1-90
2026-10-09 00:04:28,418 INFO o.a.j.t.JMeterThread: Thread is done: Ticket intake 1-89
2026-10-09 00:04:28,418 INFO o.a.j.t.JMeterThread: Thread finished: Ticket intake 1-89
2026-10-09 00:04:32,493 INFO o.a.j.t.JMeterThread: Thread started: Agent search 2-424
2026-10-09 00:04:32,682 INFO o.a.j.r.Summariser: summary +     10 in 00:00:29 =    0.3/s Avg:  1528 Min:    92 Max:  4997 Err:     0 (0.00%) Active: 2 Started: 514 Finished: 512
2026-10-09 00:04:32,683 INFO o.a.j.r.Summariser: summary =    513 in 00:31:17 =    0.3/s Avg:  1204 Min:    43 Max: 14138 Err:     0 (0.00%)
2026-10-09 00:04:32,683 INFO o.a.j.t.JMeterThread: Thread is done: Agent search 2-424
2026-10-09 00:04:32,683 INFO o.a.j.t.JMeterThread: Thread finished: Agent search 2-424
2026-10-09 00:04:33,232 INFO o.a.j.t.JMeterThread: Thread is done: Ticket intake 1-90
2026-10-09 00:04:33,232 INFO o.a.j.t.JMeterThread: Thread finished: Ticket intake 1-90
2026-10-09 00:04:33,517 INFO o.a.j.t.JMeterThread: Thread started: Ticket intake 1-91
2026-10-09 00:04:39,684 INFO o.a.j.t.JMeterThread: Thread is done: Ticket intake 1-91
2026-10-09 00:04:39,684 INFO o.a.j.t.JMeterThread: Thread finished: Ticket intake 1-91
2026-10-09 00:04:41,483 INFO o.a.j.t.JMeterThread: Thread started: Ticket intake 1-92
2026-10-09 00:04:45,169 INFO o.a.j.t.JMeterThread: Thread started: Agent search 2-425
2026-10-09 00:04:45,417 INFO o.a.j.t.JMeterThread: Thread is done: Agent search 2-425
2026-10-09 00:04:45,417 INFO o.a.j.t.JMeterThread: Thread finished: Agent search 2-425
2026-10-09 00:04:45,520 INFO o.a.j.t.JMeterThread: Thread is done: Ticket intake 1-92
2026-10-09 00:04:45,520 INFO o.a.j.t.JMeterThread: Thread finished: Ticket intake 1-92
2026-10-09 00:04:48,960 INFO o.a.j.t.JMeterThread: Thread started: Agent search 2-426
2026-10-09 00:04:49,205 INFO o.a.j.t.JMeterThread: Thread is done: Agent search 2-426
2026-10-09 00:04:49,205 INFO o.a.j.t.JMeterThread: Thread finished: Agent search 2-426
2026-10-09 00:04:53,868 INFO o.a.j.t.JMeterThread: Thread started: Ticket intake 1-93
2026-10-09 00:04:56,757 INFO o.a.j.t.JMeterThread: Thread started: Agent search 2-427
2026-10-09 00:04:56,974 INFO o.a.j.t.JMeterThread: Thread is done: Agent search 2-427
2026-10-09 00:04:56,974 INFO o.a.j.t.JMeterThread: Thread finished: Agent search 2-427
2026-10-09 00:04:58,934 INFO o.a.j.t.JMeterThread: Thread is done: Ticket intake 1-93
2026-10-09 00:04:58,934 INFO o.a.j.t.JMeterThread: Thread finished: Ticket intake 1-93
2026-10-09 00:05:02,102 INFO o.a.j.t.JMeterThread: Thread started: Agent search 2-428
2026-10-09 00:05:02,367 INFO o.a.j.r.Summariser: summary +      8 in 00:00:30 =    0.3/s Avg:  2880 Min:   215 Max:  6802 Err:     0 (0.00%) Active: 1 Started: 521 Finished: 520
2026-10-09 00:05:02,368 INFO o.a.j.r.Summariser: summary =    521 in 00:31:46 =    0.3/s Avg:  1230 Min:    43 Max: 14138 Err:     0 (0.00%)
2026-10-09 00:05:02,368 INFO o.a.j.t.JMeterThread: Thread is done: Agent search 2-428
2026-10-09 00:05:02,368 INFO o.a.j.t.JMeterThread: Thread finished: Agent search 2-428
2026-10-09 00:05:08,355 INFO o.a.j.t.JMeterThread: Thread started: Agent search 2-429
2026-10-09 00:05:08,530 INFO o.a.j.t.JMeterThread: Thread started: Ticket intake 1-94
2026-10-09 00:05:08,538 INFO o.a.j.t.JMeterThread: Thread is done: Agent search 2-429
2026-10-09 00:05:08,538 INFO o.a.j.t.JMeterThread: Thread finished: Agent search 2-429
2026-10-09 00:05:10,546 INFO o.a.j.t.JMeterThread: Thread started: Agent search 2-430
2026-10-09 00:05:10,711 INFO o.a.j.t.JMeterThread: Thread is done: Agent search 2-430
2026-10-09 00:05:10,711 INFO o.a.j.t.JMeterThread: Thread finished: Agent search 2-430
2026-10-09 00:05:14,294 INFO o.a.j.t.JMeterThread: Thread is done: Ticket intake 1-94
2026-10-09 00:05:14,295 INFO o.a.j.t.JMeterThread: Thread finished: Ticket intake 1-94
2026-10-09 00:05:15,218 INFO o.a.j.t.JMeterThread: Thread started: Agent search 2-431
2026-10-09 00:05:15,442 INFO o.a.j.t.JMeterThread: Thread is done: Agent search 2-431
2026-10-09 00:05:15,442 INFO o.a.j.t.JMeterThread: Thread finished: Agent search 2-431
2026-10-09 00:05:16,192 INFO o.a.j.t.JMeterThread: Thread started: Agent search 2-432
2026-10-09 00:05:16,343 INFO o.a.j.t.JMeterThread: Thread is done: Agent search 2-432
2026-10-09 00:05:16,343 INFO o.a.j.t.JMeterThread: Thread finished: Agent search 2-432
2026-10-09 00:05:18,487 INFO o.a.j.t.JMeterThread: Thread started: Ticket intake 1-95
2026-10-09 00:05:19,759 INFO o.a.j.t.JMeterThread: Thread started: Agent search 2-433
2026-10-09 00:05:19,926 INFO o.a.j.t.JMeterThread: Thread is done: Agent search 2-433
2026-10-09 00:05:19,926 INFO o.a.j.t.JMeterThread: Thread finished: Agent search 2-433
2026-10-09 00:05:23,305 INFO o.a.j.t.JMeterThread: Thread is done: Ticket intake 1-95
2026-10-09 00:05:23,305 INFO o.a.j.t.JMeterThread: Thread finished: Ticket intake 1-95
2026-10-09 00:05:38,839 INFO o.a.j.t.JMeterThread: Thread started: Ticket intake 1-96
2026-10-09 00:05:42,409 INFO o.a.j.t.JMeterThread: Thread started: Ticket intake 1-97
2026-10-09 00:05:44,297 INFO o.a.j.t.JMeterThread: Thread is done: Ticket intake 1-96
2026-10-09 00:05:44,297 INFO o.a.j.t.JMeterThread: Thread finished: Ticket intake 1-96
2026-10-09 00:05:51,709 INFO o.a.j.t.JMeterThread: Thread started: Agent search 2-434
2026-10-09 00:05:51,903 INFO o.a.j.t.JMeterThread: Thread is done: Agent search 2-434
2026-10-09 00:05:51,903 INFO o.a.j.t.JMeterThread: Thread finished: Agent search 2-434
2026-10-09 00:05:52,455 INFO o.a.j.t.JMeterThread: Thread started: Agent search 2-435
2026-10-09 00:05:52,605 INFO o.a.j.t.JMeterThread: Thread is done: Agent search 2-435
2026-10-09 00:05:52,605 INFO o.a.j.t.JMeterThread: Thread finished: Agent search 2-435
2026-10-09 00:05:52,728 INFO o.a.j.t.JMeterThread: Thread started: Ticket intake 1-98
2026-10-09 00:05:53,206 INFO o.a.j.t.JMeterThread: Thread is done: Ticket intake 1-97
2026-10-09 00:05:53,206 INFO o.a.j.t.JMeterThread: Thread finished: Ticket intake 1-97
2026-10-09 00:05:53,512 INFO o.a.j.t.JMeterThread: Thread started: Agent search 2-436
2026-10-09 00:05:53,576 INFO o.a.j.t.JMeterThread: Thread is done: Agent search 2-436
2026-10-09 00:05:53,576 INFO o.a.j.t.JMeterThread: Thread finished: Agent search 2-436
2026-10-09 00:05:53,811 INFO o.a.j.t.JMeterThread: Thread started: Agent search 2-437
2026-10-09 00:05:54,025 INFO o.a.j.t.JMeterThread: Thread is done: Agent search 2-437
2026-10-09 00:05:54,025 INFO o.a.j.t.JMeterThread: Thread finished: Agent search 2-437
2026-10-09 00:05:58,297 INFO o.a.j.t.JMeterThread: Thread started: Ticket intake 1-99
2026-10-09 00:05:58,305 INFO o.a.j.t.JMeterThread: Thread is done: Ticket intake 1-98
2026-10-09 00:05:58,306 INFO o.a.j.t.JMeterThread: Thread finished: Ticket intake 1-98
2026-10-09 00:06:04,201 INFO o.a.j.t.JMeterThread: Thread started: Ticket intake 1-100
2026-10-09 00:06:04,266 INFO o.a.j.r.Summariser: summary +     15 in 00:01:02 =    0.2/s Avg:  2659 Min:    64 Max: 10797 Err:     0 (0.00%) Active: 2 Started: 537 Finished: 535
2026-10-09 00:06:04,266 INFO o.a.j.r.Summariser: summary =    536 in 00:32:48 =    0.3/s Avg:  1270 Min:    43 Max: 14138 Err:     0 (0.00%)
2026-10-09 00:06:04,266 INFO o.a.j.t.JMeterThread: Thread is done: Ticket intake 1-99
2026-10-09 00:06:04,266 INFO o.a.j.t.JMeterThread: Thread finished: Ticket intake 1-99
2026-10-09 00:06:06,761 INFO o.a.j.t.JMeterThread: Thread started: Agent search 2-438
2026-10-09 00:06:07,030 INFO o.a.j.t.JMeterThread: Thread is done: Agent search 2-438
2026-10-09 00:06:07,030 INFO o.a.j.t.JMeterThread: Thread finished: Agent search 2-438
2026-10-09 00:06:09,898 INFO o.a.j.t.JMeterThread: Thread is done: Ticket intake 1-100
2026-10-09 00:06:09,898 INFO o.a.j.t.JMeterThread: Thread finished: Ticket intake 1-100
2026-10-09 00:06:18,097 INFO o.a.j.t.JMeterThread: Thread started: Agent search 2-439
2026-10-09 00:06:18,263 INFO o.a.j.t.JMeterThread: Thread is done: Agent search 2-439
2026-10-09 00:06:18,263 INFO o.a.j.t.JMeterThread: Thread finished: Agent search 2-439
2026-10-09 00:06:28,290 INFO o.a.j.t.JMeterThread: Thread started: Agent search 2-440
2026-10-09 00:06:28,534 INFO o.a.j.t.JMeterThread: Thread is done: Agent search 2-440
2026-10-09 00:06:28,534 INFO o.a.j.t.JMeterThread: Thread finished: Agent search 2-440
2026-10-09 00:06:29,294 INFO o.a.j.t.JMeterThread: Thread started: Ticket intake 1-101
2026-10-09 00:06:29,789 INFO o.a.j.t.JMeterThread: Thread started: Agent search 2-441
2026-10-09 00:06:29,969 INFO o.a.j.t.JMeterThread: Thread is done: Agent search 2-441
2026-10-09 00:06:29,970 INFO o.a.j.t.JMeterThread: Thread finished: Agent search 2-441
2026-10-09 00:06:34,474 INFO o.a.j.r.Summariser: summary +      6 in 00:00:30 =    0.2/s Avg:  1954 Min:   164 Max:  5696 Err:     0 (0.00%) Active: 1 Started: 542 Finished: 541
2026-10-09 00:06:34,474 INFO o.a.j.r.Summariser: summary =    542 in 00:33:18 =    0.3/s Avg:  1278 Min:    43 Max: 14138 Err:     0 (0.00%)
2026-10-09 00:06:34,475 INFO o.a.j.t.JMeterThread: Thread is done: Ticket intake 1-101
2026-10-09 00:06:34,475 INFO o.a.j.t.JMeterThread: Thread finished: Ticket intake 1-101
2026-10-09 00:06:37,028 INFO o.a.j.t.JMeterThread: Thread started: Ticket intake 1-102
2026-10-09 00:06:38,816 INFO o.a.j.t.JMeterThread: Thread started: Ticket intake 1-103
2026-10-09 00:06:42,154 INFO o.a.j.t.JMeterThread: Thread is done: Ticket intake 1-102
2026-10-09 00:06:42,154 INFO o.a.j.t.JMeterThread: Thread finished: Ticket intake 1-102
2026-10-09 00:06:45,243 INFO o.a.j.t.JMeterThread: Thread started: Ticket intake 1-104
2026-10-09 00:06:45,403 INFO o.a.j.t.JMeterThread: Thread started: Agent search 2-442
2026-10-09 00:06:45,636 INFO o.a.j.t.JMeterThread: Thread is done: Agent search 2-442
2026-10-09 00:06:45,636 INFO o.a.j.t.JMeterThread: Thread finished: Agent search 2-442
2026-10-09 00:06:47,581 INFO o.a.j.t.JMeterThread: Thread is done: Ticket intake 1-103
2026-10-09 00:06:47,581 INFO o.a.j.t.JMeterThread: Thread finished: Ticket intake 1-103
2026-10-09 00:06:51,779 INFO o.a.j.t.JMeterThread: Thread is done: Ticket intake 1-104
2026-10-09 00:06:51,780 INFO o.a.j.t.JMeterThread: Thread finished: Ticket intake 1-104
2026-10-09 00:06:53,703 INFO o.a.j.t.JMeterThread: Thread started: Agent search 2-443
2026-10-09 00:06:53,930 INFO o.a.j.t.JMeterThread: Thread is done: Agent search 2-443
2026-10-09 00:06:53,930 INFO o.a.j.t.JMeterThread: Thread finished: Agent search 2-443
2026-10-09 00:07:02,489 INFO o.a.j.t.JMeterThread: Thread started: Ticket intake 1-105
2026-10-09 00:07:07,346 INFO o.a.j.t.JMeterThread: Thread is done: Ticket intake 1-105
2026-10-09 00:07:07,346 INFO o.a.j.t.JMeterThread: Thread finished: Ticket intake 1-105
2026-10-09 00:07:11,169 INFO o.a.j.t.JMeterThread: Thread started: Ticket intake 1-106
2026-10-09 00:07:14,275 INFO o.a.j.t.JMeterThread: Thread started: Ticket intake 1-107
2026-10-09 00:07:16,682 INFO o.a.j.t.JMeterThread: Thread started: Agent search 2-444
2026-10-09 00:07:16,744 INFO o.a.j.t.JMeterThread: Thread started: Agent search 2-445
2026-10-09 00:07:16,797 INFO o.a.j.t.JMeterThread: Thread is done: Agent search 2-444
2026-10-09 00:07:16,797 INFO o.a.j.t.JMeterThread: Thread finished: Agent search 2-444
2026-10-09 00:07:16,868 INFO o.a.j.t.JMeterThread: Thread is done: Agent search 2-445
2026-10-09 00:07:16,868 INFO o.a.j.t.JMeterThread: Thread finished: Agent search 2-445
2026-10-09 00:07:18,200 INFO o.a.j.t.JMeterThread: Thread is done: Ticket intake 1-106
2026-10-09 00:07:18,200 INFO o.a.j.t.JMeterThread: Thread finished: Ticket intake 1-106
2026-10-09 00:07:21,455 INFO o.a.j.t.JMeterThread: Thread started: Agent search 2-446
2026-10-09 00:07:21,680 INFO o.a.j.t.JMeterThread: Thread is done: Agent search 2-446
2026-10-09 00:07:21,680 INFO o.a.j.t.JMeterThread: Thread finished: Agent search 2-446
2026-10-09 00:07:22,540 INFO o.a.j.t.JMeterThread: Thread is done: Ticket intake 1-107
2026-10-09 00:07:22,540 INFO o.a.j.t.JMeterThread: Thread finished: Ticket intake 1-107
2026-10-09 00:07:24,376 INFO o.a.j.t.JMeterThread: Thread started: Agent search 2-447
2026-10-09 00:07:24,650 INFO o.a.j.t.JMeterThread: Thread is done: Agent search 2-447
2026-10-09 00:07:24,650 INFO o.a.j.t.JMeterThread: Thread finished: Agent search 2-447
2026-10-09 00:07:26,323 INFO o.a.j.t.JMeterThread: Thread started: Agent search 2-448
2026-10-09 00:07:26,494 INFO o.a.j.t.JMeterThread: Thread is done: Agent search 2-448
2026-10-09 00:07:26,494 INFO o.a.j.t.JMeterThread: Thread finished: Agent search 2-448
2026-10-09 00:07:28,611 INFO o.a.j.t.JMeterThread: Thread started: Agent search 2-449
2026-10-09 00:07:28,748 INFO o.a.j.t.JMeterThread: Thread is done: Agent search 2-449
2026-10-09 00:07:28,748 INFO o.a.j.t.JMeterThread: Thread finished: Agent search 2-449
2026-10-09 00:07:32,606 INFO o.a.j.t.JMeterThread: Thread started: Ticket intake 1-108
2026-10-09 00:07:33,529 INFO o.a.j.t.JMeterThread: Thread started: Ticket intake 1-109
2026-10-09 00:07:35,456 INFO o.a.j.t.JMeterThread: Thread started: Agent search 2-450
2026-10-09 00:07:35,608 INFO o.a.j.r.Summariser: summary +     15 in 00:01:01 =    0.2/s Avg:  2815 Min:   114 Max:  8765 Err:     0 (0.00%) Active: 3 Started: 559 Finished: 556
2026-10-09 00:07:35,608 INFO o.a.j.r.Summariser: summary =    557 in 00:34:19 =    0.3/s Avg:  1319 Min:    43 Max: 14138 Err:     0 (0.00%)
2026-10-09 00:07:35,608 INFO o.a.j.t.JMeterThread: Thread is done: Agent search 2-450
2026-10-09 00:07:35,608 INFO o.a.j.t.JMeterThread: Thread finished: Agent search 2-450
2026-10-09 00:07:35,762 INFO o.a.j.t.JMeterThread: Thread started: Agent search 2-451
2026-10-09 00:07:36,017 INFO o.a.j.t.JMeterThread: Thread is done: Agent search 2-451
2026-10-09 00:07:36,017 INFO o.a.j.t.JMeterThread: Thread finished: Agent search 2-451
2026-10-09 00:07:36,940 INFO o.a.j.t.JMeterThread: Thread is done: Ticket intake 1-108
2026-10-09 00:07:36,940 INFO o.a.j.t.JMeterThread: Thread finished: Ticket intake 1-108
2026-10-09 00:07:42,162 INFO o.a.j.t.JMeterThread: Thread is done: Ticket intake 1-109
2026-10-09 00:07:42,162 INFO o.a.j.t.JMeterThread: Thread finished: Ticket intake 1-109
2026-10-09 00:07:49,463 INFO o.a.j.t.JMeterThread: Thread started: Agent search 2-452
2026-10-09 00:07:49,472 INFO o.a.j.t.JMeterThread: Thread started: Agent search 2-453
2026-10-09 00:07:49,575 INFO o.a.j.t.JMeterThread: Thread is done: Agent search 2-452
2026-10-09 00:07:49,576 INFO o.a.j.t.JMeterThread: Thread finished: Agent search 2-452
2026-10-09 00:07:49,620 INFO o.a.j.t.JMeterThread: Thread is done: Agent search 2-453
2026-10-09 00:07:49,620 INFO o.a.j.t.JMeterThread: Thread finished: Agent search 2-453
2026-10-09 00:07:50,333 INFO o.a.j.t.JMeterThread: Thread started: Agent search 2-454
2026-10-09 00:07:50,557 INFO o.a.j.t.JMeterThread: Thread is done: Agent search 2-454
2026-10-09 00:07:50,558 INFO o.a.j.t.JMeterThread: Thread finished: Agent search 2-454
2026-10-09 00:07:50,671 INFO o.a.j.t.JMeterThread: Thread started: Ticket intake 1-110
2026-10-09 00:07:54,869 INFO o.a.j.t.JMeterThread: Thread started: Agent search 2-455
2026-10-09 00:07:55,064 INFO o.a.j.t.JMeterThread: Thread is done: Agent search 2-455
2026-10-09 00:07:55,064 INFO o.a.j.t.JMeterThread: Thread finished: Agent search 2-455
2026-10-09 00:08:00,286 INFO o.a.j.r.Summariser: summary +      8 in 00:00:25 =    0.3/s Avg:  2938 Min:   112 Max:  9614 Err:     0 (0.00%) Active: 1 Started: 565 Finished: 564
2026-10-09 00:08:00,287 INFO o.a.j.r.Summariser: summary =    565 in 00:34:44 =    0.3/s Avg:  1342 Min:    43 Max: 14138 Err:     0 (0.00%)
2026-10-09 00:08:00,287 INFO o.a.j.t.JMeterThread: Thread is done: Ticket intake 1-110
2026-10-09 00:08:00,287 INFO o.a.j.t.JMeterThread: Thread finished: Ticket intake 1-110
2026-10-09 00:08:09,748 INFO o.a.j.t.JMeterThread: Thread started: Agent search 2-456
2026-10-09 00:08:09,836 INFO o.a.j.t.JMeterThread: Thread started: Ticket intake 1-111
2026-10-09 00:08:09,850 INFO o.a.j.t.JMeterThread: Thread is done: Agent search 2-456
2026-10-09 00:08:09,850 INFO o.a.j.t.JMeterThread: Thread finished: Agent search 2-456
2026-10-09 00:08:13,995 INFO o.a.j.t.JMeterThread: Thread started: Agent search 2-457
2026-10-09 00:08:14,212 INFO o.a.j.t.JMeterThread: Thread is done: Agent search 2-457
2026-10-09 00:08:14,213 INFO o.a.j.t.JMeterThread: Thread finished: Agent search 2-457
2026-10-09 00:08:14,997 INFO o.a.j.t.JMeterThread: Thread started: Agent search 2-458
2026-10-09 00:08:15,340 INFO o.a.j.t.JMeterThread: Thread is done: Ticket intake 1-111
2026-10-09 00:08:15,340 INFO o.a.j.t.JMeterThread: Thread finished: Ticket intake 1-111
2026-10-09 00:08:15,443 INFO o.a.j.t.JMeterThread: Thread is done: Agent search 2-458
2026-10-09 00:08:15,444 INFO o.a.j.t.JMeterThread: Thread finished: Agent search 2-458
2026-10-09 00:08:38,294 INFO o.a.j.t.JMeterThread: Thread started: Ticket intake 1-112
2026-10-09 00:08:39,432 INFO o.a.j.t.JMeterThread: Thread started: Agent search 2-459
2026-10-09 00:08:39,608 INFO o.a.j.t.JMeterThread: Thread is done: Agent search 2-459
2026-10-09 00:08:39,608 INFO o.a.j.t.JMeterThread: Thread finished: Agent search 2-459
2026-10-09 00:08:43,192 INFO o.a.j.t.JMeterThread: Thread is done: Ticket intake 1-112
2026-10-09 00:08:43,192 INFO o.a.j.t.JMeterThread: Thread finished: Ticket intake 1-112
2026-10-09 00:08:47,671 INFO o.a.j.t.JMeterThread: Thread started: Agent search 2-460
2026-10-09 00:08:48,006 INFO o.a.j.t.JMeterThread: Thread is done: Agent search 2-460
2026-10-09 00:08:48,006 INFO o.a.j.t.JMeterThread: Thread finished: Agent search 2-460
2026-10-09 00:08:50,921 INFO o.a.j.t.JMeterThread: Thread started: Agent search 2-461
2026-10-09 00:08:51,180 INFO o.a.j.t.JMeterThread: Thread is done: Agent search 2-461
2026-10-09 00:08:51,180 INFO o.a.j.t.JMeterThread: Thread finished: Agent search 2-461
2026-10-09 00:08:57,184 INFO o.a.j.t.JMeterThread: Thread started: Agent search 2-462
2026-10-09 00:08:57,426 INFO o.a.j.t.JMeterThread: Thread is done: Agent search 2-462
2026-10-09 00:08:57,426 INFO o.a.j.t.JMeterThread: Thread finished: Agent search 2-462
2026-10-09 00:09:03,957 INFO o.a.j.t.JMeterThread: Thread started: Agent search 2-463
2026-10-09 00:09:04,185 INFO o.a.j.r.Summariser: summary +     10 in 00:01:04 =    0.2/s Avg:  1239 Min:   101 Max:  5503 Err:     0 (0.00%) Active: 1 Started: 575 Finished: 574
2026-10-09 00:09:04,186 INFO o.a.j.r.Summariser: summary =    575 in 00:35:48 =    0.3/s Avg:  1340 Min:    43 Max: 14138 Err:     0 (0.00%)
2026-10-09 00:09:04,186 INFO o.a.j.t.JMeterThread: Thread is done: Agent search 2-463
2026-10-09 00:09:04,186 INFO o.a.j.t.JMeterThread: Thread finished: Agent search 2-463
2026-10-09 00:09:06,605 INFO o.a.j.t.JMeterThread: Thread started: Agent search 2-464
2026-10-09 00:09:06,771 INFO o.a.j.t.JMeterThread: Thread is done: Agent search 2-464
2026-10-09 00:09:06,771 INFO o.a.j.t.JMeterThread: Thread finished: Agent search 2-464
2026-10-09 00:09:09,678 INFO o.a.j.t.JMeterThread: Thread started: Agent search 2-465
2026-10-09 00:09:09,918 INFO o.a.j.t.JMeterThread: Thread is done: Agent search 2-465
2026-10-09 00:09:09,918 INFO o.a.j.t.JMeterThread: Thread finished: Agent search 2-465
2026-10-09 00:09:10,675 INFO o.a.j.t.JMeterThread: Thread started: Agent search 2-466
2026-10-09 00:09:10,840 INFO o.a.j.t.JMeterThread: Thread is done: Agent search 2-466
2026-10-09 00:09:10,840 INFO o.a.j.t.JMeterThread: Thread finished: Agent search 2-466
2026-10-09 00:09:12,713 INFO o.a.j.t.JMeterThread: Thread started: Agent search 2-467
2026-10-09 00:09:12,889 INFO o.a.j.t.JMeterThread: Thread is done: Agent search 2-467
2026-10-09 00:09:12,889 INFO o.a.j.t.JMeterThread: Thread finished: Agent search 2-467
2026-10-09 00:09:20,568 INFO o.a.j.t.JMeterThread: Thread started: Ticket intake 1-113
2026-10-09 00:09:21,639 INFO o.a.j.t.JMeterThread: Thread started: Agent search 2-468
2026-10-09 00:09:21,798 INFO o.a.j.t.JMeterThread: Thread is done: Agent search 2-468
2026-10-09 00:09:21,798 INFO o.a.j.t.JMeterThread: Thread finished: Agent search 2-468
2026-10-09 00:09:27,005 INFO o.a.j.t.JMeterThread: Thread started: Agent search 2-469
2026-10-09 00:09:27,122 INFO o.a.j.t.JMeterThread: Thread is done: Agent search 2-469
2026-10-09 00:09:27,122 INFO o.a.j.t.JMeterThread: Thread finished: Agent search 2-469
2026-10-09 00:09:28,270 INFO o.a.j.t.JMeterThread: Thread is done: Ticket intake 1-113
2026-10-09 00:09:28,270 INFO o.a.j.t.JMeterThread: Thread finished: Ticket intake 1-113
2026-10-09 00:09:30,540 INFO o.a.j.t.JMeterThread: Thread started: Agent search 2-470
2026-10-09 00:09:30,707 INFO o.a.j.r.Summariser: summary +      8 in 00:00:27 =    0.3/s Avg:  1110 Min:   115 Max:  7701 Err:     0 (0.00%) Active: 1 Started: 583 Finished: 582
2026-10-09 00:09:30,707 INFO o.a.j.r.Summariser: summary =    583 in 00:36:15 =    0.3/s Avg:  1337 Min:    43 Max: 14138 Err:     0 (0.00%)
2026-10-09 00:09:30,707 INFO o.a.j.t.JMeterThread: Thread is done: Agent search 2-470
2026-10-09 00:09:30,707 INFO o.a.j.t.JMeterThread: Thread finished: Agent search 2-470
2026-10-09 00:09:37,495 INFO o.a.j.t.JMeterThread: Thread started: Ticket intake 1-114
2026-10-09 00:09:41,742 INFO o.a.j.t.JMeterThread: Thread started: Ticket intake 1-115
2026-10-09 00:09:42,264 INFO o.a.j.t.JMeterThread: Thread started: Agent search 2-471
2026-10-09 00:09:42,483 INFO o.a.j.t.JMeterThread: Thread is done: Agent search 2-471
2026-10-09 00:09:42,483 INFO o.a.j.t.JMeterThread: Thread finished: Agent search 2-471
2026-10-09 00:09:45,657 INFO o.a.j.t.JMeterThread: Thread is done: Ticket intake 1-114
2026-10-09 00:09:45,657 INFO o.a.j.t.JMeterThread: Thread finished: Ticket intake 1-114
2026-10-09 00:09:48,353 INFO o.a.j.t.JMeterThread: Thread started: Agent search 2-472
2026-10-09 00:09:48,525 INFO o.a.j.t.JMeterThread: Thread is done: Agent search 2-472
2026-10-09 00:09:48,525 INFO o.a.j.t.JMeterThread: Thread finished: Agent search 2-472
2026-10-09 00:09:49,780 INFO o.a.j.t.JMeterThread: Thread started: Ticket intake 1-116
2026-10-09 00:09:49,802 INFO o.a.j.t.JMeterThread: Thread is done: Ticket intake 1-115
2026-10-09 00:09:49,802 INFO o.a.j.t.JMeterThread: Thread finished: Ticket intake 1-115
2026-10-09 00:09:51,654 INFO o.a.j.t.JMeterThread: Thread started: Agent search 2-473
2026-10-09 00:09:52,006 INFO o.a.j.t.JMeterThread: Thread is done: Agent search 2-473
2026-10-09 00:09:52,006 INFO o.a.j.t.JMeterThread: Thread finished: Agent search 2-473
2026-10-09 00:09:53,235 INFO o.a.j.t.JMeterThread: Thread is done: Ticket intake 1-116
2026-10-09 00:09:53,235 INFO o.a.j.t.JMeterThread: Thread finished: Ticket intake 1-116
2026-10-09 00:10:03,630 INFO o.a.j.t.JMeterThread: Thread started: Agent search 2-474
2026-10-09 00:10:03,736 INFO o.a.j.t.JMeterThread: Thread started: Agent search 2-475
2026-10-09 00:10:03,801 INFO o.a.j.r.Summariser: summary +      7 in 00:00:33 =    0.2/s Avg:  2940 Min:   171 Max:  8161 Err:     0 (0.00%) Active: 2 Started: 591 Finished: 589
2026-10-09 00:10:03,801 INFO o.a.j.r.Summariser: summary =    590 in 00:36:48 =    0.3/s Avg:  1356 Min:    43 Max: 14138 Err:     0 (0.00%)
2026-10-09 00:10:03,801 INFO o.a.j.t.JMeterThread: Thread is done: Agent search 2-474
2026-10-09 00:10:03,801 INFO o.a.j.t.JMeterThread: Thread finished: Agent search 2-474
2026-10-09 00:10:03,817 INFO o.a.j.t.JMeterThread: Thread is done: Agent search 2-475
2026-10-09 00:10:03,819 INFO o.a.j.t.JMeterThread: Thread finished: Agent search 2-475
2026-10-09 00:10:05,252 INFO o.a.j.t.JMeterThread: Thread started: Agent search 2-476
2026-10-09 00:10:05,349 INFO o.a.j.t.JMeterThread: Thread is done: Agent search 2-476
2026-10-09 00:10:05,349 INFO o.a.j.t.JMeterThread: Thread finished: Agent search 2-476
2026-10-09 00:10:19,163 INFO o.a.j.t.JMeterThread: Thread started: Ticket intake 1-117
2026-10-09 00:10:20,594 INFO o.a.j.t.JMeterThread: Thread started: Ticket intake 1-118
2026-10-09 00:10:23,955 INFO o.a.j.t.JMeterThread: Thread is done: Ticket intake 1-117
2026-10-09 00:10:23,955 INFO o.a.j.t.JMeterThread: Thread finished: Ticket intake 1-117
2026-10-09 00:10:23,988 INFO o.a.j.t.JMeterThread: Thread started: Agent search 2-477
2026-10-09 00:10:24,214 INFO o.a.j.t.JMeterThread: Thread is done: Agent search 2-477
2026-10-09 00:10:24,214 INFO o.a.j.t.JMeterThread: Thread finished: Agent search 2-477
2026-10-09 00:10:25,848 INFO o.a.j.t.JMeterThread: Thread started: Agent search 2-478
2026-10-09 00:10:26,106 INFO o.a.j.t.JMeterThread: Thread is done: Agent search 2-478
2026-10-09 00:10:26,106 INFO o.a.j.t.JMeterThread: Thread finished: Agent search 2-478
2026-10-09 00:10:32,455 INFO o.a.j.r.Summariser: summary +      6 in 00:00:29 =    0.2/s Avg:  2884 Min:    80 Max: 11859 Err:     0 (0.00%) Active: 1 Started: 596 Finished: 595
2026-10-09 00:10:32,455 INFO o.a.j.r.Summariser: summary =    596 in 00:37:16 =    0.3/s Avg:  1371 Min:    43 Max: 14138 Err:     0 (0.00%)
2026-10-09 00:10:32,455 INFO o.a.j.t.JMeterThread: Thread is done: Ticket intake 1-118
2026-10-09 00:10:32,455 INFO o.a.j.t.JMeterThread: Thread finished: Ticket intake 1-118
2026-10-09 00:10:37,302 INFO o.a.j.t.JMeterThread: Thread started: Ticket intake 1-119
2026-10-09 00:10:38,223 INFO o.a.j.t.JMeterThread: Thread started: Agent search 2-479
2026-10-09 00:10:38,496 INFO o.a.j.t.JMeterThread: Thread is done: Agent search 2-479
2026-10-09 00:10:38,496 INFO o.a.j.t.JMeterThread: Thread finished: Agent search 2-479
2026-10-09 00:10:42,901 INFO o.a.j.t.JMeterThread: Thread is done: Ticket intake 1-119
2026-10-09 00:10:42,901 INFO o.a.j.t.JMeterThread: Thread finished: Ticket intake 1-119
2026-10-09 00:10:58,275 INFO o.a.j.t.JMeterThread: Thread started: Ticket intake 1-120
2026-10-09 00:11:01,176 INFO o.a.j.t.JMeterThread: Thread started: Ticket intake 1-121
2026-10-09 00:11:01,936 INFO o.a.j.t.JMeterThread: Thread started: Agent search 2-480
2026-10-09 00:11:02,049 INFO o.a.j.r.Summariser: summary +      3 in 00:00:30 =    0.1/s Avg:  1994 Min:   112 Max:  5598 Err:     0 (0.00%) Active: 3 Started: 601 Finished: 598
2026-10-09 00:11:02,050 INFO o.a.j.r.Summariser: summary =    599 in 00:37:46 =    0.3/s Avg:  1375 Min:    43 Max: 14138 Err:     0 (0.00%)
2026-10-09 00:11:02,050 INFO o.a.j.t.JMeterThread: Thread is done: Agent search 2-480
2026-10-09 00:11:02,050 INFO o.a.j.t.JMeterThread: Thread finished: Agent search 2-480
2026-10-09 00:11:03,174 INFO o.a.j.t.JMeterThread: Thread is done: Ticket intake 1-120
2026-10-09 00:11:03,174 INFO o.a.j.t.JMeterThread: Thread finished: Ticket intake 1-120
2026-10-09 00:11:07,619 INFO o.a.j.t.JMeterThread: Thread is done: Ticket intake 1-121
2026-10-09 00:11:07,619 INFO o.a.j.t.JMeterThread: Thread finished: Ticket intake 1-121
2026-10-09 00:11:08,380 INFO o.a.j.t.JMeterThread: Thread started: Ticket intake 1-122
2026-10-09 00:11:10,909 INFO o.a.j.t.JMeterThread: Thread started: Agent search 2-481
2026-10-09 00:11:10,953 INFO o.a.j.t.JMeterThread: Thread started: Agent search 2-482
2026-10-09 00:11:11,059 INFO o.a.j.t.JMeterThread: Thread is done: Agent search 2-482
2026-10-09 00:11:11,059 INFO o.a.j.t.JMeterThread: Thread is done: Agent search 2-481
2026-10-09 00:11:11,060 INFO o.a.j.t.JMeterThread: Thread finished: Agent search 2-482
2026-10-09 00:11:11,060 INFO o.a.j.t.JMeterThread: Thread finished: Agent search 2-481
2026-10-09 00:11:11,760 INFO o.a.j.t.JMeterThread: Thread started: Agent search 2-483
2026-10-09 00:11:11,936 INFO o.a.j.t.JMeterThread: Thread is done: Agent search 2-483
2026-10-09 00:11:11,936 INFO o.a.j.t.JMeterThread: Thread finished: Agent search 2-483
2026-10-09 00:11:12,073 INFO o.a.j.t.JMeterThread: Thread started: Agent search 2-484
2026-10-09 00:11:12,228 INFO o.a.j.t.JMeterThread: Thread is done: Agent search 2-484
2026-10-09 00:11:12,228 INFO o.a.j.t.JMeterThread: Thread finished: Agent search 2-484
2026-10-09 00:11:14,961 INFO o.a.j.t.JMeterThread: Thread started: Agent search 2-485
2026-10-09 00:11:15,076 INFO o.a.j.t.JMeterThread: Thread is done: Agent search 2-485
2026-10-09 00:11:15,076 INFO o.a.j.t.JMeterThread: Thread finished: Agent search 2-485
2026-10-09 00:11:17,409 INFO o.a.j.t.JMeterThread: Thread is done: Ticket intake 1-122
2026-10-09 00:11:17,409 INFO o.a.j.t.JMeterThread: Thread finished: Ticket intake 1-122
2026-10-09 00:11:19,641 INFO o.a.j.t.JMeterThread: Thread started: Agent search 2-486
2026-10-09 00:11:19,830 INFO o.a.j.t.JMeterThread: Thread is done: Agent search 2-486
2026-10-09 00:11:19,830 INFO o.a.j.t.JMeterThread: Thread finished: Agent search 2-486
2026-10-09 00:11:23,965 INFO o.a.j.t.JMeterThread: Thread started: Agent search 2-487
2026-10-09 00:11:24,102 INFO o.a.j.t.JMeterThread: Thread is done: Agent search 2-487
2026-10-09 00:11:24,103 INFO o.a.j.t.JMeterThread: Thread finished: Agent search 2-487
2026-10-09 00:11:27,385 INFO o.a.j.t.JMeterThread: Thread started: Agent search 2-488
2026-10-09 00:11:27,604 INFO o.a.j.t.JMeterThread: Thread started: Agent search 2-489
2026-10-09 00:11:27,653 INFO o.a.j.t.JMeterThread: Thread is done: Agent search 2-488
2026-10-09 00:11:27,653 INFO o.a.j.t.JMeterThread: Thread finished: Agent search 2-488
2026-10-09 00:11:27,682 INFO o.a.j.t.JMeterThread: Thread is done: Agent search 2-489
2026-10-09 00:11:27,682 INFO o.a.j.t.JMeterThread: Thread finished: Agent search 2-489
2026-10-09 00:11:32,930 INFO o.a.j.t.JMeterThread: Thread started: Agent search 2-490
2026-10-09 00:11:33,178 INFO o.a.j.r.Summariser: summary +     13 in 00:00:31 =    0.4/s Avg:  1690 Min:    78 Max:  9028 Err:     0 (0.00%) Active: 1 Started: 612 Finished: 611
2026-10-09 00:11:33,179 INFO o.a.j.r.Summariser: summary =    612 in 00:38:17 =    0.3/s Avg:  1381 Min:    43 Max: 14138 Err:     0 (0.00%)
2026-10-09 00:11:33,179 INFO o.a.j.t.JMeterThread: Thread is done: Agent search 2-490
2026-10-09 00:11:33,179 INFO o.a.j.t.JMeterThread: Thread finished: Agent search 2-490
2026-10-09 00:11:38,619 INFO o.a.j.t.JMeterThread: Thread started: Agent search 2-491
2026-10-09 00:11:38,912 INFO o.a.j.t.JMeterThread: Thread is done: Agent search 2-491
2026-10-09 00:11:38,912 INFO o.a.j.t.JMeterThread: Thread finished: Agent search 2-491
2026-10-09 00:11:46,049 INFO o.a.j.t.JMeterThread: Thread started: Ticket intake 1-123
2026-10-09 00:11:48,158 INFO o.a.j.t.JMeterThread: Thread started: Agent search 2-492
2026-10-09 00:11:48,333 INFO o.a.j.t.JMeterThread: Thread is done: Agent search 2-492
2026-10-09 00:11:48,334 INFO o.a.j.t.JMeterThread: Thread finished: Agent search 2-492
2026-10-09 00:11:48,335 INFO o.a.j.t.JMeterThread: Thread started: Agent search 2-493
2026-10-09 00:11:48,437 INFO o.a.j.t.JMeterThread: Thread is done: Agent search 2-493
2026-10-09 00:11:48,437 INFO o.a.j.t.JMeterThread: Thread finished: Agent search 2-493
2026-10-09 00:11:52,213 INFO o.a.j.t.JMeterThread: Thread is done: Ticket intake 1-123
2026-10-09 00:11:52,213 INFO o.a.j.t.JMeterThread: Thread finished: Ticket intake 1-123
2026-10-09 00:11:53,126 INFO o.a.j.t.JMeterThread: Thread started: Agent search 2-494
2026-10-09 00:11:53,476 INFO o.a.j.t.JMeterThread: Thread is done: Agent search 2-494
2026-10-09 00:11:53,477 INFO o.a.j.t.JMeterThread: Thread finished: Agent search 2-494
2026-10-09 00:11:54,037 INFO o.a.j.t.JMeterThread: Thread started: Agent search 2-495
2026-10-09 00:11:54,273 INFO o.a.j.t.JMeterThread: Thread is done: Agent search 2-495
2026-10-09 00:11:54,273 INFO o.a.j.t.JMeterThread: Thread finished: Agent search 2-495
2026-10-09 00:11:54,627 INFO o.a.j.t.JMeterThread: Thread started: Ticket intake 1-124
2026-10-09 00:11:56,763 INFO o.a.j.t.JMeterThread: Thread started: Agent search 2-496
2026-10-09 00:11:56,935 INFO o.a.j.t.JMeterThread: Thread is done: Agent search 2-496
2026-10-09 00:11:56,936 INFO o.a.j.t.JMeterThread: Thread finished: Agent search 2-496
2026-10-09 00:11:58,240 INFO o.a.j.t.JMeterThread: Thread started: Agent search 2-497
2026-10-09 00:11:58,369 INFO o.a.j.t.JMeterThread: Thread is done: Agent search 2-497
2026-10-09 00:11:58,369 INFO o.a.j.t.JMeterThread: Thread finished: Agent search 2-497
2026-10-09 00:11:58,487 INFO o.a.j.t.JMeterThread: Thread is done: Ticket intake 1-124
2026-10-09 00:11:58,488 INFO o.a.j.t.JMeterThread: Thread finished: Ticket intake 1-124
2026-10-09 00:12:01,111 INFO o.a.j.t.JMeterThread: Thread started: Agent search 2-498
2026-10-09 00:12:01,273 INFO o.a.j.r.Summariser: summary +     10 in 00:00:28 =    0.4/s Avg:  1163 Min:   100 Max:  6163 Err:     0 (0.00%) Active: 1 Started: 622 Finished: 621
2026-10-09 00:12:01,273 INFO o.a.j.r.Summariser: summary =    622 in 00:38:45 =    0.3/s Avg:  1378 Min:    43 Max: 14138 Err:     0 (0.00%)
2026-10-09 00:12:01,273 INFO o.a.j.t.JMeterThread: Thread is done: Agent search 2-498
2026-10-09 00:12:01,273 INFO o.a.j.t.JMeterThread: Thread finished: Agent search 2-498
2026-10-09 00:12:09,601 INFO o.a.j.t.JMeterThread: Thread started: Agent search 2-499
2026-10-09 00:12:09,839 INFO o.a.j.t.JMeterThread: Thread is done: Agent search 2-499
2026-10-09 00:12:09,839 INFO o.a.j.t.JMeterThread: Thread finished: Agent search 2-499
2026-10-09 00:12:12,463 INFO o.a.j.t.JMeterThread: Thread started: Agent search 2-500
2026-10-09 00:12:12,709 INFO o.a.j.t.JMeterThread: Thread started: Ticket intake 1-125
2026-10-09 00:12:12,717 INFO o.a.j.t.JMeterThread: Thread is done: Agent search 2-500
2026-10-09 00:12:12,717 INFO o.a.j.t.JMeterThread: Thread finished: Agent search 2-500
2026-10-09 00:12:14,611 INFO o.a.j.t.JMeterThread: Thread started: Agent search 2-501
2026-10-09 00:12:14,856 INFO o.a.j.t.JMeterThread: Thread is done: Agent search 2-501
2026-10-09 00:12:14,856 INFO o.a.j.t.JMeterThread: Thread finished: Agent search 2-501
2026-10-09 00:12:16,392 INFO o.a.j.t.JMeterThread: Thread is done: Ticket intake 1-125
2026-10-09 00:12:16,392 INFO o.a.j.t.JMeterThread: Thread finished: Ticket intake 1-125
2026-10-09 00:12:16,545 INFO o.a.j.t.JMeterThread: Thread started: Agent search 2-502
2026-10-09 00:12:16,611 INFO o.a.j.t.JMeterThread: Thread is done: Agent search 2-502
2026-10-09 00:12:16,611 INFO o.a.j.t.JMeterThread: Thread finished: Agent search 2-502
2026-10-09 00:12:17,759 INFO o.a.j.t.JMeterThread: Thread started: Agent search 2-503
2026-10-09 00:12:18,031 INFO o.a.j.t.JMeterThread: Thread is done: Agent search 2-503
2026-10-09 00:12:18,031 INFO o.a.j.t.JMeterThread: Thread finished: Agent search 2-503
2026-10-09 00:12:21,515 INFO o.a.j.t.JMeterThread: Thread started: Agent search 2-504
2026-10-09 00:12:21,716 INFO o.a.j.t.JMeterThread: Thread is done: Agent search 2-504
2026-10-09 00:12:21,716 INFO o.a.j.t.JMeterThread: Thread finished: Agent search 2-504
2026-10-09 00:12:22,179 INFO o.a.j.t.JMeterThread: Thread started: Agent search 2-505
2026-10-09 00:12:22,437 INFO o.a.j.t.JMeterThread: Thread is done: Agent search 2-505
2026-10-09 00:12:22,437 INFO o.a.j.t.JMeterThread: Thread finished: Agent search 2-505
2026-10-09 00:12:26,150 INFO o.a.j.t.JMeterThread: Thread started: Agent search 2-506
2026-10-09 00:12:26,197 INFO o.a.j.t.JMeterThread: Thread started: Agent search 2-507
2026-10-09 00:12:26,325 INFO o.a.j.t.JMeterThread: Thread is done: Agent search 2-506
2026-10-09 00:12:26,325 INFO o.a.j.t.JMeterThread: Thread finished: Agent search 2-506
2026-10-09 00:12:26,362 INFO o.a.j.t.JMeterThread: Thread is done: Agent search 2-507
2026-10-09 00:12:26,362 INFO o.a.j.t.JMeterThread: Thread finished: Agent search 2-507
2026-10-09 00:12:30,641 INFO o.a.j.t.JMeterThread: Thread started: Ticket intake 1-126
2026-10-09 00:12:35,184 INFO o.a.j.t.JMeterThread: Thread started: Agent search 2-508
2026-10-09 00:12:35,213 INFO o.a.j.r.Summariser: summary +     11 in 00:00:34 =    0.3/s Avg:   919 Min:    65 Max:  4570 Err:     0 (0.00%) Active: 2 Started: 634 Finished: 632
2026-10-09 00:12:35,213 INFO o.a.j.r.Summariser: summary =    633 in 00:39:19 =    0.3/s Avg:  1370 Min:    43 Max: 14138 Err:     0 (0.00%)
2026-10-09 00:12:35,213 INFO o.a.j.t.JMeterThread: Thread is done: Ticket intake 1-126
2026-10-09 00:12:35,213 INFO o.a.j.t.JMeterThread: Thread finished: Ticket intake 1-126
2026-10-09 00:12:35,336 INFO o.a.j.t.JMeterThread: Thread is done: Agent search 2-508
2026-10-09 00:12:35,336 INFO o.a.j.t.JMeterThread: Thread finished: Agent search 2-508
2026-10-09 00:12:37,606 INFO o.a.j.t.JMeterThread: Thread started: Agent search 2-509
2026-10-09 00:12:37,734 INFO o.a.j.t.JMeterThread: Thread is done: Agent search 2-509
2026-10-09 00:12:37,734 INFO o.a.j.t.JMeterThread: Thread finished: Agent search 2-509
2026-10-09 00:12:42,082 INFO o.a.j.t.JMeterThread: Thread started: Agent search 2-510
2026-10-09 00:12:42,298 INFO o.a.j.t.JMeterThread: Thread is done: Agent search 2-510
2026-10-09 00:12:42,299 INFO o.a.j.t.JMeterThread: Thread finished: Agent search 2-510
2026-10-09 00:12:49,355 INFO o.a.j.t.JMeterThread: Thread started: Agent search 2-511
2026-10-09 00:12:49,570 INFO o.a.j.t.JMeterThread: Thread is done: Agent search 2-511
2026-10-09 00:12:49,570 INFO o.a.j.t.JMeterThread: Thread finished: Agent search 2-511
2026-10-09 00:12:51,113 INFO o.a.j.t.JMeterThread: Thread started: Agent search 2-512
2026-10-09 00:12:51,261 INFO o.a.j.t.JMeterThread: Thread is done: Agent search 2-512
2026-10-09 00:12:51,261 INFO o.a.j.t.JMeterThread: Thread finished: Agent search 2-512
2026-10-09 00:12:58,342 INFO o.a.j.t.JMeterThread: Thread started: Agent search 2-513
2026-10-09 00:12:58,581 INFO o.a.j.t.JMeterThread: Thread is done: Agent search 2-513
2026-10-09 00:12:58,581 INFO o.a.j.t.JMeterThread: Thread finished: Agent search 2-513
2026-10-09 00:13:05,201 INFO o.a.j.t.JMeterThread: Thread started: Agent search 2-514
2026-10-09 00:13:05,442 INFO o.a.j.r.Summariser: summary +      7 in 00:00:30 =    0.2/s Avg:   190 Min:   127 Max:   240 Err:     0 (0.00%) Active: 1 Started: 640 Finished: 639
2026-10-09 00:13:05,442 INFO o.a.j.r.Summariser: summary =    640 in 00:39:49 =    0.3/s Avg:  1357 Min:    43 Max: 14138 Err:     0 (0.00%)
2026-10-09 00:13:05,442 INFO o.a.j.t.JMeterThread: Thread is done: Agent search 2-514
2026-10-09 00:13:05,442 INFO o.a.j.t.JMeterThread: Thread finished: Agent search 2-514
2026-10-09 00:13:08,493 INFO o.a.j.t.JMeterThread: Thread started: Agent search 2-515
2026-10-09 00:13:08,719 INFO o.a.j.t.JMeterThread: Thread is done: Agent search 2-515
2026-10-09 00:13:08,719 INFO o.a.j.t.JMeterThread: Thread finished: Agent search 2-515
2026-10-09 00:13:09,244 INFO o.a.j.t.JMeterThread: Thread started: Agent search 2-516
2026-10-09 00:13:09,436 INFO o.a.j.t.JMeterThread: Thread is done: Agent search 2-516
2026-10-09 00:13:09,436 INFO o.a.j.t.JMeterThread: Thread finished: Agent search 2-516
2026-10-09 00:13:11,596 INFO o.a.j.t.JMeterThread: Thread started: Agent search 2-517
2026-10-09 00:13:11,687 INFO o.a.j.t.JMeterThread: Thread is done: Agent search 2-517
2026-10-09 00:13:11,688 INFO o.a.j.t.JMeterThread: Thread finished: Agent search 2-517
2026-10-09 00:13:18,807 INFO o.a.j.t.JMeterThread: Thread started: Agent search 2-518
2026-10-09 00:13:19,061 INFO o.a.j.t.JMeterThread: Thread is done: Agent search 2-518
2026-10-09 00:13:19,062 INFO o.a.j.t.JMeterThread: Thread finished: Agent search 2-518
2026-10-09 00:13:21,238 INFO o.a.j.t.JMeterThread: Thread started: Agent search 2-519
2026-10-09 00:13:21,304 INFO o.a.j.t.JMeterThread: Thread is done: Agent search 2-519
2026-10-09 00:13:21,304 INFO o.a.j.t.JMeterThread: Thread finished: Agent search 2-519
2026-10-09 00:13:23,712 INFO o.a.j.t.JMeterThread: Thread started: Agent search 2-520
2026-10-09 00:13:23,977 INFO o.a.j.t.JMeterThread: Thread is done: Agent search 2-520
2026-10-09 00:13:23,978 INFO o.a.j.t.JMeterThread: Thread finished: Agent search 2-520
2026-10-09 00:13:30,274 INFO o.a.j.t.JMeterThread: Thread started: Agent search 2-521
2026-10-09 00:13:30,379 INFO o.a.j.r.Summariser: summary +      7 in 00:00:25 =    0.3/s Avg:   169 Min:    65 Max:   264 Err:     0 (0.00%) Active: 1 Started: 647 Finished: 646
2026-10-09 00:13:30,379 INFO o.a.j.r.Summariser: summary =    647 in 00:40:14 =    0.3/s Avg:  1344 Min:    43 Max: 14138 Err:     0 (0.00%)
2026-10-09 00:13:30,379 INFO o.a.j.t.JMeterThread: Thread is done: Agent search 2-521
2026-10-09 00:13:30,379 INFO o.a.j.t.JMeterThread: Thread finished: Agent search 2-521
2026-10-09 00:13:32,399 INFO o.a.j.t.JMeterThread: Thread started: Agent search 2-522
2026-10-09 00:13:32,578 INFO o.a.j.t.JMeterThread: Thread is done: Agent search 2-522
2026-10-09 00:13:32,578 INFO o.a.j.t.JMeterThread: Thread finished: Agent search 2-522
2026-10-09 00:13:33,506 INFO o.a.j.t.JMeterThread: Thread started: Agent search 2-523
2026-10-09 00:13:33,704 INFO o.a.j.t.JMeterThread: Thread is done: Agent search 2-523
2026-10-09 00:13:33,704 INFO o.a.j.t.JMeterThread: Thread finished: Agent search 2-523
2026-10-09 00:13:33,936 INFO o.a.j.t.JMeterThread: Thread started: Agent search 2-524
2026-10-09 00:13:34,154 INFO o.a.j.t.JMeterThread: Thread is done: Agent search 2-524
2026-10-09 00:13:34,154 INFO o.a.j.t.JMeterThread: Thread finished: Agent search 2-524
2026-10-09 00:13:37,881 INFO o.a.j.t.JMeterThread: Thread started: Agent search 2-525
2026-10-09 00:13:38,109 INFO o.a.j.t.JMeterThread: Thread is done: Agent search 2-525
2026-10-09 00:13:38,109 INFO o.a.j.t.JMeterThread: Thread finished: Agent search 2-525
2026-10-09 00:13:41,010 INFO o.a.j.t.JMeterThread: Thread started: Ticket intake 1-127
2026-10-09 00:13:41,699 INFO o.a.j.t.JMeterThread: Thread started: Agent search 2-526
2026-10-09 00:13:41,896 INFO o.a.j.t.JMeterThread: Thread is done: Agent search 2-526
2026-10-09 00:13:41,897 INFO o.a.j.t.JMeterThread: Thread finished: Agent search 2-526
2026-10-09 00:13:44,050 INFO o.a.j.t.JMeterThread: Thread started: Agent search 2-527
2026-10-09 00:13:44,212 INFO o.a.j.t.JMeterThread: Thread is done: Agent search 2-527
2026-10-09 00:13:44,212 INFO o.a.j.t.JMeterThread: Thread finished: Agent search 2-527
2026-10-09 00:13:45,510 INFO o.a.j.t.JMeterThread: Thread started: Agent search 2-528
2026-10-09 00:13:45,687 INFO o.a.j.t.JMeterThread: Thread is done: Agent search 2-528
2026-10-09 00:13:45,687 INFO o.a.j.t.JMeterThread: Thread finished: Agent search 2-528
2026-10-09 00:13:47,119 INFO o.a.j.t.JMeterThread: Thread is done: Ticket intake 1-127
2026-10-09 00:13:47,119 INFO o.a.j.t.JMeterThread: Thread finished: Ticket intake 1-127
2026-10-09 00:13:48,371 INFO o.a.j.t.JMeterThread: Thread started: Agent search 2-529
2026-10-09 00:13:48,554 INFO o.a.j.t.JMeterThread: Thread is done: Agent search 2-529
2026-10-09 00:13:48,554 INFO o.a.j.t.JMeterThread: Thread finished: Agent search 2-529
2026-10-09 00:13:50,182 INFO o.a.j.t.JMeterThread: Thread started: Agent search 2-530
2026-10-09 00:13:50,396 INFO o.a.j.t.JMeterThread: Thread is done: Agent search 2-530
2026-10-09 00:13:50,396 INFO o.a.j.t.JMeterThread: Thread finished: Agent search 2-530
2026-10-09 00:13:58,837 INFO o.a.j.t.JMeterThread: Thread started: Agent search 2-531
2026-10-09 00:13:59,202 INFO o.a.j.t.JMeterThread: Thread is done: Agent search 2-531
2026-10-09 00:13:59,202 INFO o.a.j.t.JMeterThread: Thread finished: Agent search 2-531
2026-10-09 00:14:01,969 INFO o.a.j.t.JMeterThread: Thread started: Agent search 2-532
2026-10-09 00:14:02,150 INFO o.a.j.r.Summariser: summary +     12 in 00:00:32 =    0.4/s Avg:   699 Min:   161 Max:  6107 Err:     0 (0.00%) Active: 1 Started: 659 Finished: 658
2026-10-09 00:14:02,150 INFO o.a.j.r.Summariser: summary =    659 in 00:40:46 =    0.3/s Avg:  1332 Min:    43 Max: 14138 Err:     0 (0.00%)
2026-10-09 00:14:02,150 INFO o.a.j.t.JMeterThread: Thread is done: Agent search 2-532
2026-10-09 00:14:02,150 INFO o.a.j.t.JMeterThread: Thread finished: Agent search 2-532
2026-10-09 00:14:02,878 INFO o.a.j.t.JMeterThread: Thread started: Agent search 2-533
2026-10-09 00:14:03,093 INFO o.a.j.t.JMeterThread: Thread is done: Agent search 2-533
2026-10-09 00:14:03,093 INFO o.a.j.t.JMeterThread: Thread finished: Agent search 2-533
2026-10-09 00:14:05,582 INFO o.a.j.t.JMeterThread: Thread started: Agent search 2-534
2026-10-09 00:14:05,756 INFO o.a.j.t.JMeterThread: Thread is done: Agent search 2-534
2026-10-09 00:14:05,756 INFO o.a.j.t.JMeterThread: Thread finished: Agent search 2-534
2026-10-09 00:14:11,452 INFO o.a.j.t.JMeterThread: Thread started: Agent search 2-535
2026-10-09 00:14:11,696 INFO o.a.j.t.JMeterThread: Thread is done: Agent search 2-535
2026-10-09 00:14:11,696 INFO o.a.j.t.JMeterThread: Thread finished: Agent search 2-535
2026-10-09 00:14:12,738 INFO o.a.j.t.JMeterThread: Thread started: Ticket intake 1-128
2026-10-09 00:14:17,326 INFO o.a.j.t.JMeterThread: Thread is done: Ticket intake 1-128
2026-10-09 00:14:17,327 INFO o.a.j.t.JMeterThread: Thread finished: Ticket intake 1-128
2026-10-09 00:14:18,741 INFO o.a.j.t.JMeterThread: Thread started: Agent search 2-536
2026-10-09 00:14:18,894 INFO o.a.j.t.JMeterThread: Thread is done: Agent search 2-536
2026-10-09 00:14:18,894 INFO o.a.j.t.JMeterThread: Thread finished: Agent search 2-536
2026-10-09 00:14:21,258 INFO o.a.j.t.JMeterThread: Thread started: Agent search 2-537
2026-10-09 00:14:21,425 INFO o.a.j.t.JMeterThread: Thread is done: Agent search 2-537
2026-10-09 00:14:21,425 INFO o.a.j.t.JMeterThread: Thread finished: Agent search 2-537
2026-10-09 00:14:21,988 INFO o.a.j.t.JMeterThread: Thread started: Agent search 2-538
2026-10-09 00:14:22,242 INFO o.a.j.t.JMeterThread: Thread is done: Agent search 2-538
2026-10-09 00:14:22,243 INFO o.a.j.t.JMeterThread: Thread finished: Agent search 2-538
2026-10-09 00:14:32,170 INFO o.a.j.t.JMeterThread: Thread started: Agent search 2-539
2026-10-09 00:14:32,380 INFO o.a.j.r.Summariser: summary +      8 in 00:00:30 =    0.3/s Avg:   749 Min:   152 Max:  4588 Err:     0 (0.00%) Active: 1 Started: 667 Finished: 666
2026-10-09 00:14:32,380 INFO o.a.j.r.Summariser: summary =    667 in 00:41:16 =    0.3/s Avg:  1325 Min:    43 Max: 14138 Err:     0 (0.00%)
2026-10-09 00:14:32,380 INFO o.a.j.t.JMeterThread: Thread is done: Agent search 2-539
2026-10-09 00:14:32,380 INFO o.a.j.t.JMeterThread: Thread finished: Agent search 2-539
2026-10-09 00:14:35,176 INFO o.a.j.t.JMeterThread: Thread started: Agent search 2-540
2026-10-09 00:14:35,453 INFO o.a.j.t.JMeterThread: Thread is done: Agent search 2-540
2026-10-09 00:14:35,453 INFO o.a.j.t.JMeterThread: Thread finished: Agent search 2-540
2026-10-09 00:14:37,897 INFO o.a.j.t.JMeterThread: Thread started: Agent search 2-541
2026-10-09 00:14:38,116 INFO o.a.j.t.JMeterThread: Thread is done: Agent search 2-541
2026-10-09 00:14:38,116 INFO o.a.j.t.JMeterThread: Thread finished: Agent search 2-541
2026-10-09 00:14:40,446 INFO o.a.j.t.JMeterThread: Thread started: Ticket intake 1-129
2026-10-09 00:14:45,352 INFO o.a.j.t.JMeterThread: Thread started: Ticket intake 1-130
2026-10-09 00:14:45,891 INFO o.a.j.t.JMeterThread: Thread started: Agent search 2-542
2026-10-09 00:14:46,011 INFO o.a.j.t.JMeterThread: Thread is done: Agent search 2-542
2026-10-09 00:14:46,016 INFO o.a.j.t.JMeterThread: Thread finished: Agent search 2-542
2026-10-09 00:14:46,029 INFO o.a.j.t.JMeterThread: Thread is done: Ticket intake 1-129
2026-10-09 00:14:46,029 INFO o.a.j.t.JMeterThread: Thread finished: Ticket intake 1-129
2026-10-09 00:14:51,914 INFO o.a.j.t.JMeterThread: Thread is done: Ticket intake 1-130
2026-10-09 00:14:51,914 INFO o.a.j.t.JMeterThread: Thread finished: Ticket intake 1-130
2026-10-09 00:14:52,397 INFO o.a.j.t.JMeterThread: Thread started: Agent search 2-543
2026-10-09 00:14:52,527 INFO o.a.j.t.JMeterThread: Thread is done: Agent search 2-543
2026-10-09 00:14:52,527 INFO o.a.j.t.JMeterThread: Thread finished: Agent search 2-543
2026-10-09 00:14:57,021 INFO o.a.j.t.JMeterThread: Thread started: Agent search 2-544
2026-10-09 00:14:57,105 INFO o.a.j.t.JMeterThread: Thread is done: Agent search 2-544
2026-10-09 00:14:57,105 INFO o.a.j.t.JMeterThread: Thread finished: Agent search 2-544
2026-10-09 00:15:01,557 INFO o.a.j.t.JMeterThread: Thread started: Agent search 2-545
2026-10-09 00:15:01,634 INFO o.a.j.r.Summariser: summary +      8 in 00:00:29 =    0.3/s Avg:  1630 Min:    77 Max:  6560 Err:     0 (0.00%) Active: 1 Started: 675 Finished: 674
2026-10-09 00:15:01,634 INFO o.a.j.r.Summariser: summary =    675 in 00:41:45 =    0.3/s Avg:  1329 Min:    43 Max: 14138 Err:     0 (0.00%)
2026-10-09 00:15:01,635 INFO o.a.j.t.JMeterThread: Thread is done: Agent search 2-545
2026-10-09 00:15:01,635 INFO o.a.j.t.JMeterThread: Thread finished: Agent search 2-545
2026-10-09 00:15:07,696 INFO o.a.j.t.JMeterThread: Thread started: Agent search 2-546
2026-10-09 00:15:07,811 INFO o.a.j.t.JMeterThread: Thread is done: Agent search 2-546
2026-10-09 00:15:07,811 INFO o.a.j.t.JMeterThread: Thread finished: Agent search 2-546
2026-10-09 00:15:09,097 INFO o.a.j.t.JMeterThread: Thread started: Agent search 2-547
2026-10-09 00:15:09,346 INFO o.a.j.t.JMeterThread: Thread is done: Agent search 2-547
2026-10-09 00:15:09,347 INFO o.a.j.t.JMeterThread: Thread finished: Agent search 2-547
2026-10-09 00:15:11,289 INFO o.a.j.t.JMeterThread: Thread started: Agent search 2-548
2026-10-09 00:15:11,600 INFO o.a.j.t.JMeterThread: Thread is done: Agent search 2-548
2026-10-09 00:15:11,601 INFO o.a.j.t.JMeterThread: Thread finished: Agent search 2-548
2026-10-09 00:15:21,173 INFO o.a.j.t.JMeterThread: Thread started: Agent search 2-549
2026-10-09 00:15:21,431 INFO o.a.j.t.JMeterThread: Thread is done: Agent search 2-549
2026-10-09 00:15:21,432 INFO o.a.j.t.JMeterThread: Thread finished: Agent search 2-549
2026-10-09 00:15:22,162 INFO o.a.j.t.JMeterThread: Thread started: Agent search 2-550
2026-10-09 00:15:22,281 INFO o.a.j.t.JMeterThread: Thread is done: Agent search 2-550
2026-10-09 00:15:22,281 INFO o.a.j.t.JMeterThread: Thread finished: Agent search 2-550
2026-10-09 00:15:34,597 INFO o.a.j.t.JMeterThread: Thread started: Ticket intake 1-131
2026-10-09 00:15:37,094 INFO o.a.j.t.JMeterThread: Thread started: Agent search 2-551
2026-10-09 00:15:37,405 INFO o.a.j.t.JMeterThread: Thread is done: Agent search 2-551
2026-10-09 00:15:37,405 INFO o.a.j.t.JMeterThread: Thread finished: Agent search 2-551
2026-10-09 00:15:39,562 INFO o.a.j.t.JMeterThread: Thread is done: Ticket intake 1-131
2026-10-09 00:15:39,562 INFO o.a.j.t.JMeterThread: Thread finished: Ticket intake 1-131
2026-10-09 00:15:40,512 INFO o.a.j.t.JMeterThread: Thread started: Agent search 2-552
2026-10-09 00:15:40,682 INFO o.a.j.t.JMeterThread: Thread is done: Agent search 2-552
2026-10-09 00:15:40,683 INFO o.a.j.t.JMeterThread: Thread finished: Agent search 2-552
2026-10-09 00:15:42,314 INFO o.a.j.t.JMeterThread: Thread started: Agent search 2-553
2026-10-09 00:15:42,436 INFO o.a.j.t.JMeterThread: Thread is done: Agent search 2-553
2026-10-09 00:15:42,436 INFO o.a.j.t.JMeterThread: Thread finished: Agent search 2-553
2026-10-09 00:15:46,095 INFO o.a.j.t.JMeterThread: Thread started: Agent search 2-554
2026-10-09 00:15:46,240 INFO o.a.j.t.JMeterThread: Thread is done: Agent search 2-554
2026-10-09 00:15:46,240 INFO o.a.j.t.JMeterThread: Thread finished: Agent search 2-554
2026-10-09 00:15:48,930 INFO o.a.j.t.JMeterThread: Thread started: Agent search 2-555
2026-10-09 00:15:49,284 INFO o.a.j.t.JMeterThread: Thread is done: Agent search 2-555
2026-10-09 00:15:49,284 INFO o.a.j.t.JMeterThread: Thread finished: Agent search 2-555
2026-10-09 00:15:53,823 INFO o.a.j.t.JMeterThread: Thread started: Ticket intake 1-132
2026-10-09 00:15:56,609 INFO o.a.j.t.JMeterThread: Thread started: Agent search 2-556
2026-10-09 00:15:56,706 INFO o.a.j.t.JMeterThread: Thread is done: Agent search 2-556
2026-10-09 00:15:56,706 INFO o.a.j.t.JMeterThread: Thread finished: Agent search 2-556
2026-10-09 00:15:58,452 INFO o.a.j.t.JMeterThread: Thread started: Ticket intake 1-133
2026-10-09 00:15:58,507 INFO o.a.j.t.JMeterThread: Thread started: Agent search 2-557
2026-10-09 00:15:58,583 INFO o.a.j.t.JMeterThread: Thread is done: Agent search 2-557
2026-10-09 00:15:58,583 INFO o.a.j.t.JMeterThread: Thread finished: Agent search 2-557
2026-10-09 00:15:58,724 INFO o.a.j.t.JMeterThread: Thread started: Agent search 2-558
2026-10-09 00:15:58,745 INFO o.a.j.t.JMeterThread: Thread is done: Ticket intake 1-132
2026-10-09 00:15:58,745 INFO o.a.j.t.JMeterThread: Thread finished: Ticket intake 1-132
2026-10-09 00:15:58,910 INFO o.a.j.t.JMeterThread: Thread is done: Agent search 2-558
2026-10-09 00:15:58,910 INFO o.a.j.t.JMeterThread: Thread finished: Agent search 2-558
2026-10-09 00:16:01,401 INFO o.a.j.t.JMeterThread: Thread started: Agent search 2-559
2026-10-09 00:16:01,572 INFO o.a.j.r.Summariser: summary +     16 in 00:01:00 =    0.3/s Avg:   784 Min:    75 Max:  4963 Err:     0 (0.00%) Active: 2 Started: 692 Finished: 690
2026-10-09 00:16:01,572 INFO o.a.j.r.Summariser: summary =    691 in 00:42:45 =    0.3/s Avg:  1316 Min:    43 Max: 14138 Err:     0 (0.00%)
2026-10-09 00:16:01,572 INFO o.a.j.t.JMeterThread: Thread is done: Agent search 2-559
2026-10-09 00:16:01,572 INFO o.a.j.t.JMeterThread: Thread finished: Agent search 2-559
2026-10-09 00:16:06,590 INFO o.a.j.t.JMeterThread: Thread is done: Ticket intake 1-133
2026-10-09 00:16:06,590 INFO o.a.j.t.JMeterThread: Thread finished: Ticket intake 1-133
2026-10-09 00:16:13,723 INFO o.a.j.t.JMeterThread: Thread started: Agent search 2-560
2026-10-09 00:16:13,860 INFO o.a.j.t.JMeterThread: Thread is done: Agent search 2-560
2026-10-09 00:16:13,860 INFO o.a.j.t.JMeterThread: Thread finished: Agent search 2-560
2026-10-09 00:16:19,184 INFO o.a.j.t.JMeterThread: Thread started: Ticket intake 1-134
2026-10-09 00:16:22,183 INFO o.a.j.t.JMeterThread: Thread started: Agent search 2-561
2026-10-09 00:16:22,360 INFO o.a.j.t.JMeterThread: Thread is done: Agent search 2-561
2026-10-09 00:16:22,360 INFO o.a.j.t.JMeterThread: Thread finished: Agent search 2-561
2026-10-09 00:16:25,058 INFO o.a.j.t.JMeterThread: Thread is done: Ticket intake 1-134
2026-10-09 00:16:25,058 INFO o.a.j.t.JMeterThread: Thread finished: Ticket intake 1-134
2026-10-09 00:16:25,510 INFO o.a.j.t.JMeterThread: Thread started: Agent search 2-562
2026-10-09 00:16:25,701 INFO o.a.j.t.JMeterThread: Thread is done: Agent search 2-562
2026-10-09 00:16:25,701 INFO o.a.j.t.JMeterThread: Thread finished: Agent search 2-562
2026-10-09 00:16:26,943 INFO o.a.j.t.JMeterThread: Thread started: Agent search 2-563
2026-10-09 00:16:27,172 INFO o.a.j.t.JMeterThread: Thread is done: Agent search 2-563
2026-10-09 00:16:27,172 INFO o.a.j.t.JMeterThread: Thread finished: Agent search 2-563
2026-10-09 00:16:34,348 INFO o.a.j.t.JMeterThread: Thread started: Ticket intake 1-135
2026-10-09 00:16:37,595 INFO o.a.j.t.JMeterThread: Thread started: Agent search 2-564
2026-10-09 00:16:37,822 INFO o.a.j.t.JMeterThread: Thread is done: Agent search 2-564
2026-10-09 00:16:37,822 INFO o.a.j.t.JMeterThread: Thread finished: Agent search 2-564
2026-10-09 00:16:38,539 INFO o.a.j.t.JMeterThread: Thread is done: Ticket intake 1-135
2026-10-09 00:16:38,540 INFO o.a.j.t.JMeterThread: Thread finished: Ticket intake 1-135
2026-10-09 00:16:46,045 INFO o.a.j.t.JMeterThread: Thread started: Ticket intake 1-136
2026-10-09 00:16:46,893 INFO o.a.j.t.JMeterThread: Thread started: Agent search 2-565
2026-10-09 00:16:47,142 INFO o.a.j.t.JMeterThread: Thread is done: Agent search 2-565
2026-10-09 00:16:47,142 INFO o.a.j.t.JMeterThread: Thread finished: Agent search 2-565
2026-10-09 00:16:47,730 INFO o.a.j.t.JMeterThread: Thread started: Agent search 2-566
2026-10-09 00:16:48,060 INFO o.a.j.t.JMeterThread: Thread is done: Agent search 2-566
2026-10-09 00:16:48,060 INFO o.a.j.t.JMeterThread: Thread finished: Agent search 2-566
2026-10-09 00:16:50,929 INFO o.a.j.t.JMeterThread: Thread is done: Ticket intake 1-136
2026-10-09 00:16:50,929 INFO o.a.j.t.JMeterThread: Thread finished: Ticket intake 1-136
2026-10-09 00:16:52,336 INFO o.a.j.t.JMeterThread: Thread started: Agent search 2-567
2026-10-09 00:16:52,568 INFO o.a.j.t.JMeterThread: Thread is done: Agent search 2-567
2026-10-09 00:16:52,568 INFO o.a.j.t.JMeterThread: Thread finished: Agent search 2-567
2026-10-09 00:16:56,415 INFO o.a.j.t.JMeterThread: Thread started: Agent search 2-568
2026-10-09 00:16:56,664 INFO o.a.j.t.JMeterThread: Thread is done: Agent search 2-568
2026-10-09 00:16:56,664 INFO o.a.j.t.JMeterThread: Thread finished: Agent search 2-568
2026-10-09 00:16:58,902 INFO o.a.j.t.JMeterThread: Thread started: Agent search 2-569
2026-10-09 00:16:58,989 INFO o.a.j.t.JMeterThread: Thread is done: Agent search 2-569
2026-10-09 00:16:58,989 INFO o.a.j.t.JMeterThread: Thread finished: Agent search 2-569
2026-10-09 00:16:59,098 INFO o.a.j.t.JMeterThread: Thread started: Agent search 2-570
2026-10-09 00:16:59,224 INFO o.a.j.t.JMeterThread: Thread is done: Agent search 2-570
2026-10-09 00:16:59,224 INFO o.a.j.t.JMeterThread: Thread finished: Agent search 2-570
2026-10-09 00:16:59,658 INFO o.a.j.t.JMeterThread: Thread started: Agent search 2-571
2026-10-09 00:16:59,838 INFO o.a.j.t.JMeterThread: Thread is done: Agent search 2-571
2026-10-09 00:16:59,838 INFO o.a.j.t.JMeterThread: Thread finished: Agent search 2-571
2026-10-09 00:17:07,307 INFO o.a.j.t.JMeterThread: Thread started: Agent search 2-572
2026-10-09 00:17:07,366 INFO o.a.j.t.JMeterThread: Thread is done: Agent search 2-572
2026-10-09 00:17:07,366 INFO o.a.j.t.JMeterThread: Thread finished: Agent search 2-572
2026-10-09 00:17:09,810 INFO o.a.j.t.JMeterThread: Thread started: Ticket intake 1-137
2026-10-09 00:17:13,324 INFO o.a.j.t.JMeterThread: Thread started: Agent search 2-573
2026-10-09 00:17:13,560 INFO o.a.j.t.JMeterThread: Thread is done: Agent search 2-573
2026-10-09 00:17:13,560 INFO o.a.j.t.JMeterThread: Thread finished: Agent search 2-573
2026-10-09 00:17:14,173 INFO o.a.j.t.JMeterThread: Thread is done: Ticket intake 1-137
2026-10-09 00:17:14,173 INFO o.a.j.t.JMeterThread: Thread finished: Ticket intake 1-137
2026-10-09 00:17:15,663 INFO o.a.j.t.JMeterThread: Thread started: Agent search 2-574
2026-10-09 00:17:15,748 INFO o.a.j.t.JMeterThread: Thread is done: Agent search 2-574
2026-10-09 00:17:15,748 INFO o.a.j.t.JMeterThread: Thread finished: Agent search 2-574
2026-10-09 00:17:15,772 INFO o.a.j.t.JMeterThread: Thread started: Agent search 2-575
2026-10-09 00:17:15,837 INFO o.a.j.t.JMeterThread: Thread is done: Agent search 2-575
2026-10-09 00:17:15,837 INFO o.a.j.t.JMeterThread: Thread finished: Agent search 2-575
2026-10-09 00:17:16,411 INFO o.a.j.t.JMeterThread: Thread started: Agent search 2-576
2026-10-09 00:17:16,476 INFO o.a.j.t.JMeterThread: Thread is done: Agent search 2-576
2026-10-09 00:17:16,476 INFO o.a.j.t.JMeterThread: Thread finished: Agent search 2-576
2026-10-09 00:17:16,616 INFO o.a.j.t.JMeterThread: Thread started: Agent search 2-577
2026-10-09 00:17:16,679 INFO o.a.j.t.JMeterThread: Thread is done: Agent search 2-577
2026-10-09 00:17:16,680 INFO o.a.j.t.JMeterThread: Thread finished: Agent search 2-577
2026-10-09 00:17:20,122 INFO o.a.j.t.JMeterThread: Thread started: Agent search 2-578
2026-10-09 00:17:20,422 INFO o.a.j.t.JMeterThread: Thread is done: Agent search 2-578
2026-10-09 00:17:20,422 INFO o.a.j.t.JMeterThread: Thread finished: Agent search 2-578
2026-10-09 00:17:25,963 INFO o.a.j.t.JMeterThread: Thread started: Agent search 2-579
2026-10-09 00:17:26,155 INFO o.a.j.t.JMeterThread: Thread is done: Agent search 2-579
2026-10-09 00:17:26,155 INFO o.a.j.t.JMeterThread: Thread finished: Agent search 2-579
2026-10-09 00:17:29,331 INFO o.a.j.t.JMeterThread: Thread started: Agent search 2-580
2026-10-09 00:17:29,534 INFO o.a.j.t.JMeterThread: Thread is done: Agent search 2-580
2026-10-09 00:17:29,534 INFO o.a.j.t.JMeterThread: Thread finished: Agent search 2-580
2026-10-09 00:17:35,302 INFO o.a.j.t.JMeterThread: Thread started: Agent search 2-581
2026-10-09 00:17:35,576 INFO o.a.j.r.Summariser: summary +     27 in 00:01:34 =    0.3/s Avg:  1162 Min:    58 Max:  8138 Err:     0 (0.00%) Active: 1 Started: 718 Finished: 717
2026-10-09 00:17:35,577 INFO o.a.j.r.Summariser: summary =    718 in 00:44:19 =    0.3/s Avg:  1310 Min:    43 Max: 14138 Err:     0 (0.00%)
2026-10-09 00:17:35,577 INFO o.a.j.t.JMeterThread: Thread is done: Agent search 2-581
2026-10-09 00:17:35,577 INFO o.a.j.t.JMeterThread: Thread finished: Agent search 2-581
2026-10-09 00:17:37,979 INFO o.a.j.t.JMeterThread: Thread started: Agent search 2-582
2026-10-09 00:17:38,210 INFO o.a.j.t.JMeterThread: Thread is done: Agent search 2-582
2026-10-09 00:17:38,210 INFO o.a.j.t.JMeterThread: Thread finished: Agent search 2-582
2026-10-09 00:17:38,331 INFO o.a.j.t.JMeterThread: Thread started: Agent search 2-583
2026-10-09 00:17:38,548 INFO o.a.j.t.JMeterThread: Thread is done: Agent search 2-583
2026-10-09 00:17:38,548 INFO o.a.j.t.JMeterThread: Thread finished: Agent search 2-583
2026-10-09 00:17:41,994 INFO o.a.j.t.JMeterThread: Thread started: Agent search 2-584
2026-10-09 00:17:42,248 INFO o.a.j.t.JMeterThread: Thread is done: Agent search 2-584
2026-10-09 00:17:42,248 INFO o.a.j.t.JMeterThread: Thread finished: Agent search 2-584
2026-10-09 00:17:48,669 INFO o.a.j.t.JMeterThread: Thread started: Ticket intake 1-138
2026-10-09 00:17:52,210 INFO o.a.j.t.JMeterThread: Thread is done: Ticket intake 1-138
2026-10-09 00:17:52,210 INFO o.a.j.t.JMeterThread: Thread finished: Ticket intake 1-138
2026-10-09 00:17:56,711 INFO o.a.j.t.JMeterThread: Thread started: Ticket intake 1-139
2026-10-09 00:18:00,767 INFO o.a.j.r.Summariser: summary +      5 in 00:00:25 =    0.2/s Avg:  1658 Min:   216 Max:  4055 Err:     0 (0.00%) Active: 1 Started: 723 Finished: 722
2026-10-09 00:18:00,767 INFO o.a.j.r.Summariser: summary =    723 in 00:44:45 =    0.3/s Avg:  1313 Min:    43 Max: 14138 Err:     0 (0.00%)
2026-10-09 00:18:00,768 INFO o.a.j.t.JMeterThread: Thread is done: Ticket intake 1-139
2026-10-09 00:18:00,768 INFO o.a.j.t.JMeterThread: Thread finished: Ticket intake 1-139
2026-10-09 00:18:02,281 INFO o.a.j.t.JMeterThread: Thread started: Agent search 2-585
2026-10-09 00:18:02,427 INFO o.a.j.t.JMeterThread: Thread started: Ticket intake 1-140
2026-10-09 00:18:02,463 INFO o.a.j.t.JMeterThread: Thread is done: Agent search 2-585
2026-10-09 00:18:02,463 INFO o.a.j.t.JMeterThread: Thread finished: Agent search 2-585
2026-10-09 00:18:02,953 INFO o.a.j.t.JMeterThread: Thread started: Agent search 2-586
2026-10-09 00:18:03,122 INFO o.a.j.t.JMeterThread: Thread is done: Agent search 2-586
2026-10-09 00:18:03,122 INFO o.a.j.t.JMeterThread: Thread finished: Agent search 2-586
2026-10-09 00:18:06,547 INFO o.a.j.t.JMeterThread: Thread started: Agent search 2-587
2026-10-09 00:18:06,808 INFO o.a.j.t.JMeterThread: Thread is done: Agent search 2-587
2026-10-09 00:18:06,808 INFO o.a.j.t.JMeterThread: Thread finished: Agent search 2-587
2026-10-09 00:18:07,321 INFO o.a.j.t.JMeterThread: Thread is done: Ticket intake 1-140
2026-10-09 00:18:07,321 INFO o.a.j.t.JMeterThread: Thread finished: Ticket intake 1-140
2026-10-09 00:18:08,305 INFO o.a.j.t.JMeterThread: Thread started: Agent search 2-588
2026-10-09 00:18:08,549 INFO o.a.j.t.JMeterThread: Thread is done: Agent search 2-588
2026-10-09 00:18:08,549 INFO o.a.j.t.JMeterThread: Thread finished: Agent search 2-588
2026-10-09 00:18:13,442 INFO o.a.j.t.JMeterThread: Thread started: Agent search 2-589
2026-10-09 00:18:13,669 INFO o.a.j.t.JMeterThread: Thread is done: Agent search 2-589
2026-10-09 00:18:13,669 INFO o.a.j.t.JMeterThread: Thread finished: Agent search 2-589
2026-10-09 00:18:14,174 INFO o.a.j.t.JMeterThread: Thread started: Agent search 2-590
2026-10-09 00:18:14,591 INFO o.a.j.t.JMeterThread: Thread is done: Agent search 2-590
2026-10-09 00:18:14,592 INFO o.a.j.t.JMeterThread: Thread finished: Agent search 2-590
2026-10-09 00:18:22,329 INFO o.a.j.t.JMeterThread: Thread started: Ticket intake 1-141
2026-10-09 00:18:29,644 INFO o.a.j.t.JMeterThread: Thread is done: Ticket intake 1-141
2026-10-09 00:18:29,644 INFO o.a.j.t.JMeterThread: Thread finished: Ticket intake 1-141
2026-10-09 00:18:29,894 INFO o.a.j.t.JMeterThread: Thread started: Agent search 2-591
2026-10-09 00:18:30,054 INFO o.a.j.r.Summariser: summary +      9 in 00:00:29 =    0.3/s Avg:  1540 Min:   160 Max:  7315 Err:     0 (0.00%) Active: 1 Started: 732 Finished: 731
2026-10-09 00:18:30,055 INFO o.a.j.r.Summariser: summary =    732 in 00:45:14 =    0.3/s Avg:  1316 Min:    43 Max: 14138 Err:     0 (0.00%)
2026-10-09 00:18:30,055 INFO o.a.j.t.JMeterThread: Thread is done: Agent search 2-591
2026-10-09 00:18:30,055 INFO o.a.j.t.JMeterThread: Thread finished: Agent search 2-591
2026-10-09 00:18:34,122 INFO o.a.j.t.JMeterThread: Thread started: Agent search 2-592
2026-10-09 00:18:34,355 INFO o.a.j.t.JMeterThread: Thread is done: Agent search 2-592
2026-10-09 00:18:34,355 INFO o.a.j.t.JMeterThread: Thread finished: Agent search 2-592
2026-10-09 00:18:34,852 INFO o.a.j.t.JMeterThread: Thread started: Agent search 2-593
2026-10-09 00:18:34,970 INFO o.a.j.t.JMeterThread: Thread is done: Agent search 2-593
2026-10-09 00:18:34,970 INFO o.a.j.t.JMeterThread: Thread finished: Agent search 2-593
2026-10-09 00:18:36,368 INFO o.a.j.t.JMeterThread: Thread started: Agent search 2-594
2026-10-09 00:18:36,567 INFO o.a.j.t.JMeterThread: Thread is done: Agent search 2-594
2026-10-09 00:18:36,567 INFO o.a.j.t.JMeterThread: Thread finished: Agent search 2-594
2026-10-09 00:18:36,985 INFO o.a.j.t.JMeterThread: Thread started: Agent search 2-595
2026-10-09 00:18:37,047 INFO o.a.j.t.JMeterThread: Thread is done: Agent search 2-595
2026-10-09 00:18:37,047 INFO o.a.j.t.JMeterThread: Thread finished: Agent search 2-595
2026-10-09 00:18:38,090 INFO o.a.j.t.JMeterThread: Thread started: Ticket intake 1-142
2026-10-09 00:18:42,497 INFO o.a.j.t.JMeterThread: Thread started: Agent search 2-596
2026-10-09 00:18:42,650 INFO o.a.j.t.JMeterThread: Thread is done: Agent search 2-596
2026-10-09 00:18:42,650 INFO o.a.j.t.JMeterThread: Thread finished: Agent search 2-596
2026-10-09 00:18:44,718 INFO o.a.j.t.JMeterThread: Thread started: Agent search 2-597
2026-10-09 00:18:44,853 INFO o.a.j.t.JMeterThread: Thread is done: Agent search 2-597
2026-10-09 00:18:44,853 INFO o.a.j.t.JMeterThread: Thread finished: Agent search 2-597
2026-10-09 00:18:45,106 INFO o.a.j.t.JMeterThread: Thread is done: Ticket intake 1-142
2026-10-09 00:18:45,107 INFO o.a.j.t.JMeterThread: Thread finished: Ticket intake 1-142
2026-10-09 00:18:52,650 INFO o.a.j.t.JMeterThread: Thread started: Agent search 2-598
2026-10-09 00:18:52,746 INFO o.a.j.t.JMeterThread: Thread is done: Agent search 2-598
2026-10-09 00:18:52,746 INFO o.a.j.t.JMeterThread: Thread finished: Agent search 2-598
2026-10-09 00:18:57,596 INFO o.a.j.t.JMeterThread: Thread started: Agent search 2-599
2026-10-09 00:18:57,805 INFO o.a.j.t.JMeterThread: Thread is done: Agent search 2-599
2026-10-09 00:18:57,805 INFO o.a.j.t.JMeterThread: Thread finished: Agent search 2-599
2026-10-09 00:19:08,733 INFO o.a.j.t.JMeterThread: Thread started: Agent search 2-600
2026-10-09 00:19:08,967 INFO o.a.j.t.JMeterThread: Thread is done: Agent search 2-600
2026-10-09 00:19:08,967 INFO o.a.j.t.JMeterThread: Thread finished: Agent search 2-600
2026-10-09 00:19:13,908 INFO o.a.j.t.JMeterThread: Thread started: Agent search 2-601
2026-10-09 00:19:14,086 INFO o.a.j.t.JMeterThread: Thread is done: Agent search 2-601
2026-10-09 00:19:14,086 INFO o.a.j.t.JMeterThread: Thread finished: Agent search 2-601
2026-10-09 00:19:15,676 INFO o.a.j.t.JMeterThread: Thread started: Agent search 2-602
2026-10-09 00:19:16,135 INFO o.a.j.t.JMeterThread: Thread is done: Agent search 2-602
2026-10-09 00:19:16,135 INFO o.a.j.t.JMeterThread: Thread finished: Agent search 2-602
2026-10-09 00:19:18,046 INFO o.a.j.t.JMeterThread: Thread started: Ticket intake 1-143
2026-10-09 00:19:21,768 INFO o.a.j.t.JMeterThread: Thread is done: Ticket intake 1-143
2026-10-09 00:19:21,768 INFO o.a.j.t.JMeterThread: Thread finished: Ticket intake 1-143
2026-10-09 00:19:27,054 INFO o.a.j.t.JMeterThread: Thread started: Agent search 2-603
2026-10-09 00:19:27,340 INFO o.a.j.t.JMeterThread: Thread is done: Agent search 2-603
2026-10-09 00:19:27,340 INFO o.a.j.t.JMeterThread: Thread finished: Agent search 2-603
2026-10-09 00:19:33,809 INFO o.a.j.t.JMeterThread: Thread started: Agent search 2-604
2026-10-09 00:19:34,054 INFO o.a.j.r.Summariser: summary +     15 in 00:01:04 =    0.2/s Avg:   888 Min:    62 Max:  7016 Err:     0 (0.00%) Active: 1 Started: 747 Finished: 746
2026-10-09 00:19:34,055 INFO o.a.j.r.Summariser: summary =    747 in 00:46:18 =    0.3/s Avg:  1307 Min:    43 Max: 14138 Err:     0 (0.00%)
2026-10-09 00:19:34,055 INFO o.a.j.t.JMeterThread: Thread is done: Agent search 2-604
2026-10-09 00:19:34,055 INFO o.a.j.t.JMeterThread: Thread finished: Agent search 2-604
2026-10-09 00:19:39,101 INFO o.a.j.t.JMeterThread: Thread started: Agent search 2-605
2026-10-09 00:19:39,281 INFO o.a.j.t.JMeterThread: Thread is done: Agent search 2-605
2026-10-09 00:19:39,282 INFO o.a.j.t.JMeterThread: Thread finished: Agent search 2-605
2026-10-09 00:19:44,969 INFO o.a.j.t.JMeterThread: Thread started: Agent search 2-606
2026-10-09 00:19:45,216 INFO o.a.j.t.JMeterThread: Thread is done: Agent search 2-606
2026-10-09 00:19:45,216 INFO o.a.j.t.JMeterThread: Thread finished: Agent search 2-606
2026-10-09 00:19:54,119 INFO o.a.j.t.JMeterThread: Thread started: Agent search 2-607
2026-10-09 00:19:54,228 INFO o.a.j.t.JMeterThread: Thread is done: Agent search 2-607
2026-10-09 00:19:54,228 INFO o.a.j.t.JMeterThread: Thread finished: Agent search 2-607
2026-10-09 00:19:55,448 INFO o.a.j.t.JMeterThread: Thread started: Agent search 2-608
2026-10-09 00:19:55,867 INFO o.a.j.t.JMeterThread: Thread is done: Agent search 2-608
2026-10-09 00:19:55,867 INFO o.a.j.t.JMeterThread: Thread finished: Agent search 2-608
2026-10-09 00:19:57,426 INFO o.a.j.t.JMeterThread: Thread started: Ticket intake 1-144
2026-10-09 00:19:58,626 INFO o.a.j.t.JMeterThread: Thread started: Agent search 2-609
2026-10-09 00:19:58,721 INFO o.a.j.t.JMeterThread: Thread is done: Agent search 2-609
2026-10-09 00:19:58,721 INFO o.a.j.t.JMeterThread: Thread finished: Agent search 2-609
2026-10-09 00:20:01,909 INFO o.a.j.r.Summariser: summary +      6 in 00:00:28 =    0.2/s Avg:   921 Min:    94 Max:  4482 Err:     0 (0.00%) Active: 1 Started: 753 Finished: 752
2026-10-09 00:20:01,909 INFO o.a.j.r.Summariser: summary =    753 in 00:46:46 =    0.3/s Avg:  1304 Min:    43 Max: 14138 Err:     0 (0.00%)
2026-10-09 00:20:01,909 INFO o.a.j.t.JMeterThread: Thread is done: Ticket intake 1-144
2026-10-09 00:20:01,909 INFO o.a.j.t.JMeterThread: Thread finished: Ticket intake 1-144
2026-10-09 00:20:07,284 INFO o.a.j.t.JMeterThread: Thread started: Agent search 2-610
2026-10-09 00:20:07,541 INFO o.a.j.t.JMeterThread: Thread is done: Agent search 2-610
2026-10-09 00:20:07,541 INFO o.a.j.t.JMeterThread: Thread finished: Agent search 2-610
2026-10-09 00:20:07,656 INFO o.a.j.t.JMeterThread: Thread started: Agent search 2-611
2026-10-09 00:20:07,792 INFO o.a.j.t.JMeterThread: Thread is done: Agent search 2-611
2026-10-09 00:20:07,792 INFO o.a.j.t.JMeterThread: Thread finished: Agent search 2-611
2026-10-09 00:20:08,540 INFO o.a.j.t.JMeterThread: Thread started: Agent search 2-612
2026-10-09 00:20:08,871 INFO o.a.j.t.JMeterThread: Thread is done: Agent search 2-612
2026-10-09 00:20:08,871 INFO o.a.j.t.JMeterThread: Thread finished: Agent search 2-612
2026-10-09 00:20:15,270 INFO o.a.j.t.JMeterThread: Thread started: Agent search 2-613
2026-10-09 00:20:15,425 INFO o.a.j.t.JMeterThread: Thread is done: Agent search 2-613
2026-10-09 00:20:15,425 INFO o.a.j.t.JMeterThread: Thread finished: Agent search 2-613
2026-10-09 00:20:17,744 INFO o.a.j.t.JMeterThread: Thread started: Agent search 2-614
2026-10-09 00:20:17,991 INFO o.a.j.t.JMeterThread: Thread started: Agent search 2-615
2026-10-09 00:20:18,003 INFO o.a.j.t.JMeterThread: Thread is done: Agent search 2-614
2026-10-09 00:20:18,003 INFO o.a.j.t.JMeterThread: Thread finished: Agent search 2-614
2026-10-09 00:20:18,057 INFO o.a.j.t.JMeterThread: Thread is done: Agent search 2-615
2026-10-09 00:20:18,057 INFO o.a.j.t.JMeterThread: Thread finished: Agent search 2-615
2026-10-09 00:20:21,871 INFO o.a.j.t.JMeterThread: Thread started: Agent search 2-616
2026-10-09 00:20:21,894 INFO o.a.j.t.JMeterThread: Thread started: Agent search 2-617
2026-10-09 00:20:21,927 INFO o.a.j.t.JMeterThread: Thread is done: Agent search 2-616
2026-10-09 00:20:21,927 INFO o.a.j.t.JMeterThread: Thread finished: Agent search 2-616
2026-10-09 00:20:21,953 INFO o.a.j.t.JMeterThread: Thread is done: Agent search 2-617
2026-10-09 00:20:21,953 INFO o.a.j.t.JMeterThread: Thread finished: Agent search 2-617
2026-10-09 00:20:27,195 INFO o.a.j.t.JMeterThread: Thread started: Ticket intake 1-145
2026-10-09 00:20:28,995 INFO o.a.j.t.JMeterThread: Thread started: Agent search 2-618
2026-10-09 00:20:29,206 INFO o.a.j.t.JMeterThread: Thread is done: Agent search 2-618
2026-10-09 00:20:29,206 INFO o.a.j.t.JMeterThread: Thread finished: Agent search 2-618
2026-10-09 00:20:31,071 INFO o.a.j.t.JMeterThread: Thread started: Ticket intake 1-146
2026-10-09 00:20:31,707 INFO o.a.j.r.Summariser: summary +     10 in 00:00:30 =    0.3/s Avg:   603 Min:    55 Max:  4510 Err:     0 (0.00%) Active: 2 Started: 764 Finished: 762
2026-10-09 00:20:31,707 INFO o.a.j.r.Summariser: summary =    763 in 00:47:16 =    0.3/s Avg:  1295 Min:    43 Max: 14138 Err:     0 (0.00%)
2026-10-09 00:20:31,707 INFO o.a.j.t.JMeterThread: Thread is done: Ticket intake 1-145
2026-10-09 00:20:31,707 INFO o.a.j.t.JMeterThread: Thread finished: Ticket intake 1-145
2026-10-09 00:20:32,608 INFO o.a.j.t.JMeterThread: Thread started: Agent search 2-619
2026-10-09 00:20:32,624 INFO o.a.j.t.JMeterThread: Thread started: Agent search 2-620
2026-10-09 00:20:32,688 INFO o.a.j.t.JMeterThread: Thread is done: Agent search 2-619
2026-10-09 00:20:32,688 INFO o.a.j.t.JMeterThread: Thread finished: Agent search 2-619
2026-10-09 00:20:32,698 INFO o.a.j.t.JMeterThread: Thread is done: Agent search 2-620
2026-10-09 00:20:32,698 INFO o.a.j.t.JMeterThread: Thread finished: Agent search 2-620
2026-10-09 00:20:34,983 INFO o.a.j.t.JMeterThread: Thread is done: Ticket intake 1-146
2026-10-09 00:20:34,983 INFO o.a.j.t.JMeterThread: Thread finished: Ticket intake 1-146
2026-10-09 00:20:37,748 INFO o.a.j.t.JMeterThread: Thread started: Ticket intake 1-147
2026-10-09 00:20:39,065 INFO o.a.j.t.JMeterThread: Thread started: Ticket intake 1-148
2026-10-09 00:20:39,494 INFO o.a.j.t.JMeterThread: Thread started: Agent search 2-621
2026-10-09 00:20:39,694 INFO o.a.j.t.JMeterThread: Thread is done: Agent search 2-621
2026-10-09 00:20:39,694 INFO o.a.j.t.JMeterThread: Thread finished: Agent search 2-621
2026-10-09 00:20:42,556 INFO o.a.j.t.JMeterThread: Thread started: Agent search 2-622
2026-10-09 00:20:42,766 INFO o.a.j.t.JMeterThread: Thread is done: Agent search 2-622
2026-10-09 00:20:42,766 INFO o.a.j.t.JMeterThread: Thread finished: Agent search 2-622
2026-10-09 00:20:43,074 INFO o.a.j.t.JMeterThread: Thread is done: Ticket intake 1-147
2026-10-09 00:20:43,074 INFO o.a.j.t.JMeterThread: Thread finished: Ticket intake 1-147
2026-10-09 00:20:45,038 INFO o.a.j.t.JMeterThread: Thread started: Ticket intake 1-149
2026-10-09 00:20:45,143 INFO o.a.j.t.JMeterThread: Thread started: Ticket intake 1-150
2026-10-09 00:20:45,713 INFO o.a.j.t.JMeterThread: Thread started: Ticket intake 1-151
2026-10-09 00:20:47,066 INFO o.a.j.t.JMeterThread: Thread is done: Ticket intake 1-148
2026-10-09 00:20:47,066 INFO o.a.j.t.JMeterThread: Thread finished: Ticket intake 1-148
2026-10-09 00:20:48,490 INFO o.a.j.t.JMeterThread: Thread started: Agent search 2-623
2026-10-09 00:20:48,705 INFO o.a.j.t.JMeterThread: Thread is done: Agent search 2-623
2026-10-09 00:20:48,705 INFO o.a.j.t.JMeterThread: Thread finished: Agent search 2-623
2026-10-09 00:20:49,685 INFO o.a.j.t.JMeterThread: Thread started: Agent search 2-624
2026-10-09 00:20:49,786 INFO o.a.j.t.JMeterThread: Thread is done: Agent search 2-624
2026-10-09 00:20:49,786 INFO o.a.j.t.JMeterThread: Thread finished: Agent search 2-624
2026-10-09 00:20:50,156 INFO o.a.j.t.JMeterThread: Thread started: Agent search 2-625
2026-10-09 00:20:50,344 INFO o.a.j.t.JMeterThread: Thread is done: Agent search 2-625
2026-10-09 00:20:50,344 INFO o.a.j.t.JMeterThread: Thread finished: Agent search 2-625
2026-10-09 00:20:51,470 INFO o.a.j.t.JMeterThread: Thread started: Ticket intake 1-152
2026-10-09 00:20:51,479 INFO o.a.j.t.JMeterThread: Thread is done: Ticket intake 1-149
2026-10-09 00:20:51,479 INFO o.a.j.t.JMeterThread: Thread finished: Ticket intake 1-149
2026-10-09 00:20:52,964 INFO o.a.j.t.JMeterThread: Thread started: Agent search 2-626
2026-10-09 00:20:53,037 INFO o.a.j.t.JMeterThread: Thread is done: Agent search 2-626
2026-10-09 00:20:53,038 INFO o.a.j.t.JMeterThread: Thread finished: Agent search 2-626
2026-10-09 00:20:54,838 INFO o.a.j.t.JMeterThread: Thread started: Agent search 2-627
2026-10-09 00:20:55,054 INFO o.a.j.t.JMeterThread: Thread is done: Agent search 2-627
2026-10-09 00:20:55,054 INFO o.a.j.t.JMeterThread: Thread finished: Agent search 2-627
2026-10-09 00:20:59,970 INFO o.a.j.t.JMeterThread: Thread is done: Ticket intake 1-150
2026-10-09 00:20:59,970 INFO o.a.j.t.JMeterThread: Thread finished: Ticket intake 1-150
2026-10-09 00:21:00,093 INFO o.a.j.t.JMeterThread: Thread started: Agent search 2-628
2026-10-09 00:21:01,283 INFO o.a.j.r.Summariser: summary +     15 in 00:00:30 =    0.5/s Avg:  2735 Min:    72 Max: 14826 Err:     0 (0.00%) Active: 3 Started: 780 Finished: 777
2026-10-09 00:21:01,283 INFO o.a.j.r.Summariser: summary =    778 in 00:47:45 =    0.3/s Avg:  1323 Min:    43 Max: 14826 Err:     0 (0.00%)
2026-10-09 00:21:01,283 INFO o.a.j.t.JMeterThread: Thread is done: Agent search 2-628
2026-10-09 00:21:01,283 INFO o.a.j.t.JMeterThread: Thread finished: Agent search 2-628
2026-10-09 00:21:02,437 INFO o.a.j.t.JMeterThread: Thread started: Ticket intake 1-153
2026-10-09 00:21:06,626 INFO o.a.j.t.JMeterThread: Thread is done: Ticket intake 1-151
2026-10-09 00:21:06,626 INFO o.a.j.t.JMeterThread: Thread finished: Ticket intake 1-151
2026-10-09 00:21:09,736 INFO o.a.j.t.JMeterThread: Thread started: Ticket intake 1-154
2026-10-09 00:21:10,209 INFO o.a.j.t.JMeterThread: Thread is done: Ticket intake 1-152
2026-10-09 00:21:10,209 INFO o.a.j.t.JMeterThread: Thread finished: Ticket intake 1-152
2026-10-09 00:21:14,614 INFO o.a.j.t.JMeterThread: Thread is done: Ticket intake 1-153
2026-10-09 00:21:14,614 INFO o.a.j.t.JMeterThread: Thread finished: Ticket intake 1-153
2026-10-09 00:21:20,143 INFO o.a.j.t.JMeterThread: Thread is done: Ticket intake 1-154
2026-10-09 00:21:20,143 INFO o.a.j.t.JMeterThread: Thread finished: Ticket intake 1-154
2026-10-09 00:21:21,847 INFO o.a.j.t.JMeterThread: Thread started: Agent search 2-629
2026-10-09 00:21:22,090 INFO o.a.j.t.JMeterThread: Thread is done: Agent search 2-629
2026-10-09 00:21:22,090 INFO o.a.j.t.JMeterThread: Thread finished: Agent search 2-629
2026-10-09 00:21:26,718 INFO o.a.j.t.JMeterThread: Thread started: Agent search 2-630
2026-10-09 00:21:26,901 INFO o.a.j.t.JMeterThread: Thread is done: Agent search 2-630
2026-10-09 00:21:26,901 INFO o.a.j.t.JMeterThread: Thread finished: Agent search 2-630
2026-10-09 00:21:27,244 INFO o.a.j.t.JMeterThread: Thread started: Agent search 2-631
2026-10-09 00:21:27,413 INFO o.a.j.t.JMeterThread: Thread is done: Agent search 2-631
2026-10-09 00:21:27,413 INFO o.a.j.t.JMeterThread: Thread finished: Agent search 2-631
2026-10-09 00:21:30,230 INFO o.a.j.t.JMeterThread: Thread started: Agent search 2-632
2026-10-09 00:21:30,383 INFO o.a.j.r.Summariser: summary +      8 in 00:00:29 =    0.3/s Avg:  7871 Min:   152 Max: 20912 Err:     0 (0.00%) Active: 1 Started: 786 Finished: 785
2026-10-09 00:21:30,383 INFO o.a.j.r.Summariser: summary =    786 in 00:48:14 =    0.3/s Avg:  1389 Min:    43 Max: 20912 Err:     0 (0.00%)
2026-10-09 00:21:30,383 INFO o.a.j.t.JMeterThread: Thread is done: Agent search 2-632
2026-10-09 00:21:30,383 INFO o.a.j.t.JMeterThread: Thread finished: Agent search 2-632
2026-10-09 00:21:30,792 INFO o.a.j.t.JMeterThread: Thread started: Agent search 2-633
2026-10-09 00:21:30,977 INFO o.a.j.t.JMeterThread: Thread is done: Agent search 2-633
2026-10-09 00:21:30,977 INFO o.a.j.t.JMeterThread: Thread finished: Agent search 2-633
2026-10-09 00:21:31,405 INFO o.a.j.t.JMeterThread: Thread started: Ticket intake 1-155
2026-10-09 00:21:37,881 INFO o.a.j.t.JMeterThread: Thread started: Agent search 2-634
2026-10-09 00:21:37,960 INFO o.a.j.t.JMeterThread: Thread is done: Agent search 2-634
2026-10-09 00:21:37,960 INFO o.a.j.t.JMeterThread: Thread finished: Agent search 2-634
2026-10-09 00:21:38,472 INFO o.a.j.t.JMeterThread: Thread is done: Ticket intake 1-155
2026-10-09 00:21:38,472 INFO o.a.j.t.JMeterThread: Thread finished: Ticket intake 1-155
2026-10-09 00:21:41,707 INFO o.a.j.t.JMeterThread: Thread started: Agent search 2-635
2026-10-09 00:21:41,955 INFO o.a.j.t.JMeterThread: Thread is done: Agent search 2-635
2026-10-09 00:21:41,955 INFO o.a.j.t.JMeterThread: Thread finished: Agent search 2-635
2026-10-09 00:21:43,053 INFO o.a.j.t.JMeterThread: Thread started: Agent search 2-636
2026-10-09 00:21:43,285 INFO o.a.j.t.JMeterThread: Thread is done: Agent search 2-636
2026-10-09 00:21:43,285 INFO o.a.j.t.JMeterThread: Thread finished: Agent search 2-636
2026-10-09 00:21:44,776 INFO o.a.j.t.JMeterThread: Thread started: Agent search 2-637
2026-10-09 00:21:45,026 INFO o.a.j.t.JMeterThread: Thread is done: Agent search 2-637
2026-10-09 00:21:45,026 INFO o.a.j.t.JMeterThread: Thread finished: Agent search 2-637
2026-10-09 00:21:47,234 INFO o.a.j.t.JMeterThread: Thread started: Agent search 2-638
2026-10-09 00:21:47,529 INFO o.a.j.t.JMeterThread: Thread is done: Agent search 2-638
2026-10-09 00:21:47,529 INFO o.a.j.t.JMeterThread: Thread finished: Agent search 2-638
2026-10-09 00:21:47,976 INFO o.a.j.t.JMeterThread: Thread started: Agent search 2-639
2026-10-09 00:21:48,211 INFO o.a.j.t.JMeterThread: Thread is done: Agent search 2-639
2026-10-09 00:21:48,211 INFO o.a.j.t.JMeterThread: Thread finished: Agent search 2-639
2026-10-09 00:21:52,663 INFO o.a.j.t.JMeterThread: Thread started: Ticket intake 1-156
2026-10-09 00:21:54,318 INFO o.a.j.t.JMeterThread: Thread started: Agent search 2-640
2026-10-09 00:21:54,549 INFO o.a.j.t.JMeterThread: Thread is done: Agent search 2-640
2026-10-09 00:21:54,550 INFO o.a.j.t.JMeterThread: Thread finished: Agent search 2-640
2026-10-09 00:22:00,489 INFO o.a.j.r.Summariser: summary +     10 in 00:00:30 =    0.3/s Avg:  1664 Min:    78 Max:  7826 Err:     0 (0.00%) Active: 1 Started: 796 Finished: 795
2026-10-09 00:22:00,489 INFO o.a.j.r.Summariser: summary =    796 in 00:48:44 =    0.3/s Avg:  1393 Min:    43 Max: 20912 Err:     0 (0.00%)
2026-10-09 00:22:00,489 INFO o.a.j.t.JMeterThread: Thread is done: Ticket intake 1-156
2026-10-09 00:22:00,489 INFO o.a.j.t.JMeterThread: Thread finished: Ticket intake 1-156
2026-10-09 00:22:01,301 INFO o.a.j.t.JMeterThread: Thread started: Agent search 2-641
2026-10-09 00:22:01,444 INFO o.a.j.t.JMeterThread: Thread is done: Agent search 2-641
2026-10-09 00:22:01,444 INFO o.a.j.t.JMeterThread: Thread finished: Agent search 2-641
2026-10-09 00:22:01,606 INFO o.a.j.t.JMeterThread: Thread started: Agent search 2-642
2026-10-09 00:22:01,772 INFO o.a.j.t.JMeterThread: Thread is done: Agent search 2-642
2026-10-09 00:22:01,773 INFO o.a.j.t.JMeterThread: Thread finished: Agent search 2-642
2026-10-09 00:22:09,910 INFO o.a.j.t.JMeterThread: Thread started: Ticket intake 1-157
2026-10-09 00:22:10,751 INFO o.a.j.t.JMeterThread: Thread started: Agent search 2-643
2026-10-09 00:22:10,934 INFO o.a.j.t.JMeterThread: Thread is done: Agent search 2-643
2026-10-09 00:22:10,934 INFO o.a.j.t.JMeterThread: Thread finished: Agent search 2-643
2026-10-09 00:22:14,314 INFO o.a.j.t.JMeterThread: Thread started: Ticket intake 1-158
2026-10-09 00:22:15,848 INFO o.a.j.t.JMeterThread: Thread is done: Ticket intake 1-157
2026-10-09 00:22:15,848 INFO o.a.j.t.JMeterThread: Thread finished: Ticket intake 1-157
2026-10-09 00:22:20,557 INFO o.a.j.t.JMeterThread: Thread is done: Ticket intake 1-158
2026-10-09 00:22:20,557 INFO o.a.j.t.JMeterThread: Thread finished: Ticket intake 1-158
2026-10-09 00:22:22,836 INFO o.a.j.t.JMeterThread: Thread started: Agent search 2-644
2026-10-09 00:22:23,052 INFO o.a.j.t.JMeterThread: Thread is done: Agent search 2-644
2026-10-09 00:22:23,053 INFO o.a.j.t.JMeterThread: Thread finished: Agent search 2-644
2026-10-09 00:22:26,271 INFO o.a.j.t.JMeterThread: Thread started: Ticket intake 1-159
2026-10-09 00:22:26,339 INFO o.a.j.t.JMeterThread: Thread started: Agent search 2-645
2026-10-09 00:22:26,398 INFO o.a.j.t.JMeterThread: Thread is done: Agent search 2-645
2026-10-09 00:22:26,398 INFO o.a.j.t.JMeterThread: Thread finished: Agent search 2-645
2026-10-09 00:22:30,287 INFO o.a.j.r.Summariser: summary +      8 in 00:00:30 =    0.3/s Avg:  2119 Min:    58 Max:  6243 Err:     0 (0.00%) Active: 1 Started: 804 Finished: 803
2026-10-09 00:22:30,288 INFO o.a.j.r.Summariser: summary =    804 in 00:49:14 =    0.3/s Avg:  1400 Min:    43 Max: 20912 Err:     0 (0.00%)
2026-10-09 00:22:30,288 INFO o.a.j.t.JMeterThread: Thread is done: Ticket intake 1-159
2026-10-09 00:22:30,288 INFO o.a.j.t.JMeterThread: Thread finished: Ticket intake 1-159
2026-10-09 00:22:32,336 INFO o.a.j.t.JMeterThread: Thread started: Agent search 2-646
2026-10-09 00:22:32,539 INFO o.a.j.t.JMeterThread: Thread is done: Agent search 2-646
2026-10-09 00:22:32,540 INFO o.a.j.t.JMeterThread: Thread finished: Agent search 2-646
2026-10-09 00:22:34,717 INFO o.a.j.t.JMeterThread: Thread started: Agent search 2-647
2026-10-09 00:22:34,895 INFO o.a.j.t.JMeterThread: Thread is done: Agent search 2-647
2026-10-09 00:22:34,895 INFO o.a.j.t.JMeterThread: Thread finished: Agent search 2-647
2026-10-09 00:22:37,699 INFO o.a.j.t.JMeterThread: Thread started: Agent search 2-648
2026-10-09 00:22:37,790 INFO o.a.j.t.JMeterThread: Thread is done: Agent search 2-648
2026-10-09 00:22:37,790 INFO o.a.j.t.JMeterThread: Thread finished: Agent search 2-648
2026-10-09 00:22:38,155 INFO o.a.j.t.JMeterThread: Thread started: Ticket intake 1-160
2026-10-09 00:22:41,756 INFO o.a.j.t.JMeterThread: Thread is done: Ticket intake 1-160
2026-10-09 00:22:41,756 INFO o.a.j.t.JMeterThread: Thread finished: Ticket intake 1-160
2026-10-09 00:22:42,878 INFO o.a.j.t.JMeterThread: Thread started: Agent search 2-649
2026-10-09 00:22:43,088 INFO o.a.j.t.JMeterThread: Thread is done: Agent search 2-649
2026-10-09 00:22:43,088 INFO o.a.j.t.JMeterThread: Thread finished: Agent search 2-649
2026-10-09 00:22:51,818 INFO o.a.j.t.JMeterThread: Thread started: Agent search 2-650
2026-10-09 00:22:51,895 INFO o.a.j.t.JMeterThread: Thread is done: Agent search 2-650
2026-10-09 00:22:51,895 INFO o.a.j.t.JMeterThread: Thread finished: Agent search 2-650
2026-10-09 00:22:54,462 INFO o.a.j.t.JMeterThread: Thread started: Agent search 2-651
2026-10-09 00:22:54,602 INFO o.a.j.t.JMeterThread: Thread is done: Agent search 2-651
2026-10-09 00:22:54,602 INFO o.a.j.t.JMeterThread: Thread finished: Agent search 2-651
2026-10-09 00:22:56,660 INFO o.a.j.t.JMeterThread: Thread started: Agent search 2-652
2026-10-09 00:22:56,912 INFO o.a.j.t.JMeterThread: Thread is done: Agent search 2-652
2026-10-09 00:22:56,912 INFO o.a.j.t.JMeterThread: Thread finished: Agent search 2-652
2026-10-09 00:23:05,493 INFO o.a.j.t.JMeterThread: Thread started: Agent search 2-653
2026-10-09 00:23:05,657 INFO o.a.j.r.Summariser: summary +      9 in 00:00:35 =    0.3/s Avg:   545 Min:    75 Max:  3600 Err:     0 (0.00%) Active: 1 Started: 813 Finished: 812
2026-10-09 00:23:05,657 INFO o.a.j.r.Summariser: summary =    813 in 00:49:49 =    0.3/s Avg:  1390 Min:    43 Max: 20912 Err:     0 (0.00%)
2026-10-09 00:23:05,658 INFO o.a.j.t.JMeterThread: Thread is done: Agent search 2-653
2026-10-09 00:23:05,658 INFO o.a.j.t.JMeterThread: Thread finished: Agent search 2-653
2026-10-09 00:23:12,627 INFO o.a.j.t.JMeterThread: Thread started: Agent search 2-654
2026-10-09 00:23:12,700 INFO o.a.j.t.JMeterThread: Thread is done: Agent search 2-654
2026-10-09 00:23:12,700 INFO o.a.j.t.JMeterThread: Thread finished: Agent search 2-654
2026-10-09 00:23:14,740 INFO o.a.j.t.JMeterThread: Thread started: Agent search 2-655
2026-10-09 00:23:14,831 INFO o.a.j.t.JMeterThread: Thread is done: Agent search 2-655
2026-10-09 00:23:14,831 INFO o.a.j.t.JMeterThread: Thread finished: Agent search 2-655
2026-10-09 00:23:15,616 INFO o.a.j.t.JMeterThread: Thread started: Agent search 2-656
2026-10-09 00:23:15,856 INFO o.a.j.t.JMeterThread: Thread is done: Agent search 2-656
2026-10-09 00:23:15,857 INFO o.a.j.t.JMeterThread: Thread finished: Agent search 2-656
2026-10-09 00:23:25,748 INFO o.a.j.t.JMeterThread: Thread started: Agent search 2-657
2026-10-09 00:23:25,993 INFO o.a.j.t.JMeterThread: Thread is done: Agent search 2-657
2026-10-09 00:23:25,993 INFO o.a.j.t.JMeterThread: Thread finished: Agent search 2-657
2026-10-09 00:23:29,040 INFO o.a.j.t.JMeterThread: Thread started: Agent search 2-658
2026-10-09 00:23:29,271 INFO o.a.j.t.JMeterThread: Thread is done: Agent search 2-658
2026-10-09 00:23:29,271 INFO o.a.j.t.JMeterThread: Thread finished: Agent search 2-658
2026-10-09 00:23:32,541 INFO o.a.j.t.JMeterThread: Thread started: Agent search 2-659
2026-10-09 00:23:32,752 INFO o.a.j.r.Summariser: summary +      6 in 00:00:27 =    0.2/s Avg:   181 Min:    72 Max:   245 Err:     0 (0.00%) Active: 1 Started: 819 Finished: 818
2026-10-09 00:23:32,752 INFO o.a.j.r.Summariser: summary =    819 in 00:50:17 =    0.3/s Avg:  1382 Min:    43 Max: 20912 Err:     0 (0.00%)
2026-10-09 00:23:32,753 INFO o.a.j.t.JMeterThread: Thread is done: Agent search 2-659
2026-10-09 00:23:32,753 INFO o.a.j.t.JMeterThread: Thread finished: Agent search 2-659
2026-10-09 00:23:36,794 INFO o.a.j.t.JMeterThread: Thread started: Agent search 2-660
2026-10-09 00:23:36,950 INFO o.a.j.t.JMeterThread: Thread is done: Agent search 2-660
2026-10-09 00:23:36,950 INFO o.a.j.t.JMeterThread: Thread finished: Agent search 2-660
2026-10-09 00:23:44,206 INFO o.a.j.t.JMeterThread: Thread started: Agent search 2-661
2026-10-09 00:23:44,426 INFO o.a.j.t.JMeterThread: Thread is done: Agent search 2-661
2026-10-09 00:23:44,426 INFO o.a.j.t.JMeterThread: Thread finished: Agent search 2-661
2026-10-09 00:23:44,950 INFO o.a.j.t.JMeterThread: Thread started: Agent search 2-662
2026-10-09 00:23:45,133 INFO o.a.j.t.JMeterThread: Thread is done: Agent search 2-662
2026-10-09 00:23:45,134 INFO o.a.j.t.JMeterThread: Thread finished: Agent search 2-662
2026-10-09 00:23:50,400 INFO o.a.j.t.JMeterThread: Thread started: Agent search 2-663
2026-10-09 00:23:50,604 INFO o.a.j.t.JMeterThread: Thread is done: Agent search 2-663
2026-10-09 00:23:50,604 INFO o.a.j.t.JMeterThread: Thread finished: Agent search 2-663
2026-10-09 00:23:53,746 INFO o.a.j.t.JMeterThread: Thread started: Agent search 2-664
2026-10-09 00:23:53,948 INFO o.a.j.t.JMeterThread: Thread is done: Agent search 2-664
2026-10-09 00:23:53,949 INFO o.a.j.t.JMeterThread: Thread finished: Agent search 2-664
2026-10-09 00:23:54,206 INFO o.a.j.t.JMeterThread: Thread started: Agent search 2-665
2026-10-09 00:23:54,358 INFO o.a.j.t.JMeterThread: Thread is done: Agent search 2-665
2026-10-09 00:23:54,358 INFO o.a.j.t.JMeterThread: Thread finished: Agent search 2-665
2026-10-09 00:23:56,622 INFO o.a.j.t.JMeterThread: Thread started: Agent search 2-666
2026-10-09 00:23:56,816 INFO o.a.j.t.JMeterThread: Thread is done: Agent search 2-666
2026-10-09 00:23:56,816 INFO o.a.j.t.JMeterThread: Thread finished: Agent search 2-666
2026-10-09 00:23:58,666 INFO o.a.j.t.JMeterThread: Thread started: Agent search 2-667
2026-10-09 00:23:58,864 INFO o.a.j.t.JMeterThread: Thread is done: Agent search 2-667
2026-10-09 00:23:58,864 INFO o.a.j.t.JMeterThread: Thread finished: Agent search 2-667
2026-10-09 00:23:58,868 INFO o.a.j.t.JMeterThread: Thread started: Agent search 2-668
2026-10-09 00:23:58,869 INFO o.a.j.t.JMeterThread: Thread started: Agent search 2-669
2026-10-09 00:23:58,940 INFO o.a.j.t.JMeterThread: Thread is done: Agent search 2-669
2026-10-09 00:23:58,940 INFO o.a.j.t.JMeterThread: Thread finished: Agent search 2-669
2026-10-09 00:23:58,977 INFO o.a.j.t.JMeterThread: Thread is done: Agent search 2-668
2026-10-09 00:23:58,977 INFO o.a.j.t.JMeterThread: Thread finished: Agent search 2-668
2026-10-09 00:24:00,303 INFO o.a.j.t.JMeterThread: Thread started: Agent search 2-670
2026-10-09 00:24:00,502 INFO o.a.j.r.Summariser: summary +     11 in 00:00:28 =    0.4/s Avg:   170 Min:    71 Max:   219 Err:     0 (0.00%) Active: 1 Started: 830 Finished: 829
2026-10-09 00:24:00,503 INFO o.a.j.r.Summariser: summary =    830 in 00:50:44 =    0.3/s Avg:  1365 Min:    43 Max: 20912 Err:     0 (0.00%)
2026-10-09 00:24:00,503 INFO o.a.j.t.JMeterThread: Thread is done: Agent search 2-670
2026-10-09 00:24:00,503 INFO o.a.j.t.JMeterThread: Thread finished: Agent search 2-670
2026-10-09 00:24:00,916 INFO o.a.j.t.JMeterThread: Thread started: Agent search 2-671
2026-10-09 00:24:01,082 INFO o.a.j.t.JMeterThread: Thread is done: Agent search 2-671
2026-10-09 00:24:01,082 INFO o.a.j.t.JMeterThread: Thread finished: Agent search 2-671
2026-10-09 00:24:06,483 INFO o.a.j.t.JMeterThread: Thread started: Ticket intake 1-161
2026-10-09 00:24:08,403 INFO o.a.j.t.JMeterThread: Thread started: Ticket intake 1-162
2026-10-09 00:24:09,444 INFO o.a.j.t.JMeterThread: Thread started: Agent search 2-672
2026-10-09 00:24:09,683 INFO o.a.j.t.JMeterThread: Thread is done: Agent search 2-672
2026-10-09 00:24:09,683 INFO o.a.j.t.JMeterThread: Thread finished: Agent search 2-672
2026-10-09 00:24:11,459 INFO o.a.j.t.JMeterThread: Thread is done: Ticket intake 1-161
2026-10-09 00:24:11,459 INFO o.a.j.t.JMeterThread: Thread finished: Ticket intake 1-161
2026-10-09 00:24:11,476 INFO o.a.j.t.JMeterThread: Thread started: Agent search 2-673
2026-10-09 00:24:11,751 INFO o.a.j.t.JMeterThread: Thread is done: Agent search 2-673
2026-10-09 00:24:11,751 INFO o.a.j.t.JMeterThread: Thread finished: Agent search 2-673
2026-10-09 00:24:12,381 INFO o.a.j.t.JMeterThread: Thread started: Ticket intake 1-163
2026-10-09 00:24:15,556 INFO o.a.j.t.JMeterThread: Thread is done: Ticket intake 1-162
2026-10-09 00:24:15,556 INFO o.a.j.t.JMeterThread: Thread finished: Ticket intake 1-162
2026-10-09 00:24:20,675 INFO o.a.j.t.JMeterThread: Thread is done: Ticket intake 1-163
2026-10-09 00:24:20,675 INFO o.a.j.t.JMeterThread: Thread finished: Ticket intake 1-163
2026-10-09 00:24:24,282 INFO o.a.j.t.JMeterThread: Thread started: Agent search 2-674
2026-10-09 00:24:24,401 INFO o.a.j.t.JMeterThread: Thread is done: Agent search 2-674
2026-10-09 00:24:24,401 INFO o.a.j.t.JMeterThread: Thread finished: Agent search 2-674
2026-10-09 00:24:25,175 INFO o.a.j.t.JMeterThread: Thread started: Agent search 2-675
2026-10-09 00:24:25,256 INFO o.a.j.t.JMeterThread: Thread is done: Agent search 2-675
2026-10-09 00:24:25,256 INFO o.a.j.t.JMeterThread: Thread finished: Agent search 2-675
2026-10-09 00:24:30,751 INFO o.a.j.t.JMeterThread: Thread started: Agent search 2-676
2026-10-09 00:24:31,020 INFO o.a.j.r.Summariser: summary +      9 in 00:00:31 =    0.3/s Avg:  2396 Min:    81 Max:  8294 Err:     0 (0.00%) Active: 1 Started: 839 Finished: 838
2026-10-09 00:24:31,020 INFO o.a.j.r.Summariser: summary =    839 in 00:51:15 =    0.3/s Avg:  1377 Min:    43 Max: 20912 Err:     0 (0.00%)
2026-10-09 00:24:31,020 INFO o.a.j.t.JMeterThread: Thread is done: Agent search 2-676
2026-10-09 00:24:31,021 INFO o.a.j.t.JMeterThread: Thread finished: Agent search 2-676
2026-10-09 00:24:32,015 INFO o.a.j.t.JMeterThread: Thread started: Ticket intake 1-164
2026-10-09 00:24:35,626 INFO o.a.j.t.JMeterThread: Thread is done: Ticket intake 1-164
2026-10-09 00:24:35,626 INFO o.a.j.t.JMeterThread: Thread finished: Ticket intake 1-164
2026-10-09 00:24:39,707 INFO o.a.j.t.JMeterThread: Thread started: Agent search 2-677
2026-10-09 00:24:39,928 INFO o.a.j.t.JMeterThread: Thread is done: Agent search 2-677
2026-10-09 00:24:39,928 INFO o.a.j.t.JMeterThread: Thread finished: Agent search 2-677
2026-10-09 00:24:47,947 INFO o.a.j.t.JMeterThread: Thread started: Agent search 2-678
2026-10-09 00:24:48,120 INFO o.a.j.t.JMeterThread: Thread is done: Agent search 2-678
2026-10-09 00:24:48,120 INFO o.a.j.t.JMeterThread: Thread finished: Agent search 2-678
2026-10-09 00:24:54,734 INFO o.a.j.t.JMeterThread: Thread started: Ticket intake 1-165
2026-10-09 00:24:55,307 INFO o.a.j.t.JMeterThread: Thread started: Ticket intake 1-166
2026-10-09 00:24:58,583 INFO o.a.j.t.JMeterThread: Thread is done: Ticket intake 1-165
2026-10-09 00:24:58,584 INFO o.a.j.t.JMeterThread: Thread finished: Ticket intake 1-165
2026-10-09 00:25:01,355 INFO o.a.j.t.JMeterThread: Thread started: Agent search 2-679
2026-10-09 00:25:01,534 INFO o.a.j.r.Summariser: summary +      5 in 00:00:31 =    0.2/s Avg:  1605 Min:   171 Max:  3848 Err:     0 (0.00%) Active: 2 Started: 845 Finished: 843
2026-10-09 00:25:01,535 INFO o.a.j.r.Summariser: summary =    844 in 00:51:45 =    0.3/s Avg:  1378 Min:    43 Max: 20912 Err:     0 (0.00%)
2026-10-09 00:25:01,535 INFO o.a.j.t.JMeterThread: Thread is done: Agent search 2-679
2026-10-09 00:25:01,535 INFO o.a.j.t.JMeterThread: Thread finished: Agent search 2-679
2026-10-09 00:25:02,251 INFO o.a.j.t.JMeterThread: Thread started: Agent search 2-680
2026-10-09 00:25:02,459 INFO o.a.j.t.JMeterThread: Thread is done: Agent search 2-680
2026-10-09 00:25:02,459 INFO o.a.j.t.JMeterThread: Thread finished: Agent search 2-680
2026-10-09 00:25:03,173 INFO o.a.j.t.JMeterThread: Thread started: Agent search 2-681
2026-10-09 00:25:03,376 INFO o.a.j.t.JMeterThread: Thread is done: Agent search 2-681
2026-10-09 00:25:03,377 INFO o.a.j.t.JMeterThread: Thread finished: Agent search 2-681
2026-10-09 00:25:04,920 INFO o.a.j.t.JMeterThread: Thread started: Agent search 2-682
2026-10-09 00:25:05,119 INFO o.a.j.t.JMeterThread: Thread is done: Agent search 2-682
2026-10-09 00:25:05,119 INFO o.a.j.t.JMeterThread: Thread finished: Agent search 2-682
2026-10-09 00:25:06,347 INFO o.a.j.t.JMeterThread: Thread is done: Ticket intake 1-166
2026-10-09 00:25:06,347 INFO o.a.j.t.JMeterThread: Thread finished: Ticket intake 1-166
2026-10-09 00:25:10,152 INFO o.a.j.t.JMeterThread: Thread started: Agent search 2-683
2026-10-09 00:25:10,238 INFO o.a.j.t.JMeterThread: Thread is done: Agent search 2-683
2026-10-09 00:25:10,238 INFO o.a.j.t.JMeterThread: Thread finished: Agent search 2-683
2026-10-09 00:25:13,892 INFO o.a.j.t.JMeterThread: Thread started: Agent search 2-684
2026-10-09 00:25:14,129 INFO o.a.j.t.JMeterThread: Thread is done: Agent search 2-684
2026-10-09 00:25:14,129 INFO o.a.j.t.JMeterThread: Thread finished: Agent search 2-684
2026-10-09 00:25:14,382 INFO o.a.j.t.JMeterThread: Thread started: Ticket intake 1-167
2026-10-09 00:25:16,986 INFO o.a.j.t.JMeterThread: Thread started: Agent search 2-685
2026-10-09 00:25:17,099 INFO o.a.j.t.JMeterThread: Thread is done: Agent search 2-685
2026-10-09 00:25:17,099 INFO o.a.j.t.JMeterThread: Thread finished: Agent search 2-685
2026-10-09 00:25:18,905 INFO o.a.j.t.JMeterThread: Thread started: Agent search 2-686
2026-10-09 00:25:18,913 INFO o.a.j.t.JMeterThread: Thread is done: Ticket intake 1-167
2026-10-09 00:25:18,913 INFO o.a.j.t.JMeterThread: Thread finished: Ticket intake 1-167
2026-10-09 00:25:19,002 INFO o.a.j.t.JMeterThread: Thread is done: Agent search 2-686
2026-10-09 00:25:19,002 INFO o.a.j.t.JMeterThread: Thread finished: Agent search 2-686
2026-10-09 00:25:22,146 INFO o.a.j.t.JMeterThread: Thread started: Agent search 2-687
2026-10-09 00:25:22,321 INFO o.a.j.t.JMeterThread: Thread is done: Agent search 2-687
2026-10-09 00:25:22,321 INFO o.a.j.t.JMeterThread: Thread finished: Agent search 2-687
2026-10-09 00:25:23,698 INFO o.a.j.t.JMeterThread: Thread started: Agent search 2-688
2026-10-09 00:25:23,960 INFO o.a.j.t.JMeterThread: Thread is done: Agent search 2-688
2026-10-09 00:25:23,960 INFO o.a.j.t.JMeterThread: Thread finished: Agent search 2-688
2026-10-09 00:25:24,823 INFO o.a.j.t.JMeterThread: Thread started: Agent search 2-689
2026-10-09 00:25:25,042 INFO o.a.j.t.JMeterThread: Thread is done: Agent search 2-689
2026-10-09 00:25:25,042 INFO o.a.j.t.JMeterThread: Thread finished: Agent search 2-689
2026-10-09 00:25:28,838 INFO o.a.j.t.JMeterThread: Thread started: Agent search 2-690
2026-10-09 00:25:28,977 INFO o.a.j.t.JMeterThread: Thread is done: Agent search 2-690
2026-10-09 00:25:28,978 INFO o.a.j.t.JMeterThread: Thread finished: Agent search 2-690
2026-10-09 00:25:39,972 INFO o.a.j.t.JMeterThread: Thread started: Ticket intake 1-168
2026-10-09 00:25:46,489 INFO o.a.j.t.JMeterThread: Thread is done: Ticket intake 1-168
2026-10-09 00:25:46,489 INFO o.a.j.t.JMeterThread: Thread finished: Ticket intake 1-168
2026-10-09 00:25:47,911 INFO o.a.j.t.JMeterThread: Thread started: Agent search 2-691
2026-10-09 00:25:48,126 INFO o.a.j.t.JMeterThread: Thread is done: Agent search 2-691
2026-10-09 00:25:48,127 INFO o.a.j.t.JMeterThread: Thread finished: Agent search 2-691
2026-10-09 00:25:51,516 INFO o.a.j.t.JMeterThread: Thread started: Agent search 2-692
2026-10-09 00:25:51,711 INFO o.a.j.t.JMeterThread: Thread is done: Agent search 2-692
2026-10-09 00:25:51,711 INFO o.a.j.t.JMeterThread: Thread finished: Agent search 2-692
2026-10-09 00:25:54,420 INFO o.a.j.t.JMeterThread: Thread started: Ticket intake 1-169
2026-10-09 00:26:00,314 INFO o.a.j.r.Summariser: summary +     17 in 00:00:59 =    0.3/s Avg:  1783 Min:    85 Max: 11039 Err:     0 (0.00%) Active: 1 Started: 861 Finished: 860
2026-10-09 00:26:00,314 INFO o.a.j.r.Summariser: summary =    861 in 00:52:44 =    0.3/s Avg:  1386 Min:    43 Max: 20912 Err:     0 (0.00%)
2026-10-09 00:26:00,314 INFO o.a.j.t.JMeterThread: Thread is done: Ticket intake 1-169
2026-10-09 00:26:00,314 INFO o.a.j.t.JMeterThread: Thread finished: Ticket intake 1-169
2026-10-09 00:26:01,532 INFO o.a.j.t.JMeterThread: Thread started: Agent search 2-693
2026-10-09 00:26:01,802 INFO o.a.j.t.JMeterThread: Thread is done: Agent search 2-693
2026-10-09 00:26:01,802 INFO o.a.j.t.JMeterThread: Thread finished: Agent search 2-693
2026-10-09 00:26:02,995 INFO o.a.j.t.JMeterThread: Thread started: Agent search 2-694
2026-10-09 00:26:03,180 INFO o.a.j.t.JMeterThread: Thread is done: Agent search 2-694
2026-10-09 00:26:03,180 INFO o.a.j.t.JMeterThread: Thread finished: Agent search 2-694
2026-10-09 00:26:10,734 INFO o.a.j.t.JMeterThread: Thread started: Agent search 2-695
2026-10-09 00:26:10,851 INFO o.a.j.t.JMeterThread: Thread is done: Agent search 2-695
2026-10-09 00:26:10,851 INFO o.a.j.t.JMeterThread: Thread finished: Agent search 2-695
2026-10-09 00:26:20,262 INFO o.a.j.t.JMeterThread: Thread started: Ticket intake 1-170
2026-10-09 00:26:25,380 INFO o.a.j.t.JMeterThread: Thread started: Agent search 2-696
2026-10-09 00:26:25,504 INFO o.a.j.t.JMeterThread: Thread is done: Agent search 2-696
2026-10-09 00:26:25,504 INFO o.a.j.t.JMeterThread: Thread finished: Agent search 2-696
2026-10-09 00:26:26,111 INFO o.a.j.t.JMeterThread: Thread is done: Ticket intake 1-170
2026-10-09 00:26:26,112 INFO o.a.j.t.JMeterThread: Thread finished: Ticket intake 1-170
2026-10-09 00:26:28,491 INFO o.a.j.t.JMeterThread: Thread started: Agent search 2-697
2026-10-09 00:26:28,576 INFO o.a.j.t.JMeterThread: Thread is done: Agent search 2-697
2026-10-09 00:26:28,576 INFO o.a.j.t.JMeterThread: Thread finished: Agent search 2-697
2026-10-09 00:26:32,017 INFO o.a.j.t.JMeterThread: Thread started: Agent search 2-698
2026-10-09 00:26:32,180 INFO o.a.j.r.Summariser: summary +      7 in 00:00:32 =    0.2/s Avg:   969 Min:    84 Max:  5848 Err:     0 (0.00%) Active: 1 Started: 868 Finished: 867
2026-10-09 00:26:32,180 INFO o.a.j.r.Summariser: summary =    868 in 00:53:16 =    0.3/s Avg:  1383 Min:    43 Max: 20912 Err:     0 (0.00%)
2026-10-09 00:26:32,180 INFO o.a.j.t.JMeterThread: Thread is done: Agent search 2-698
2026-10-09 00:26:32,180 INFO o.a.j.t.JMeterThread: Thread finished: Agent search 2-698
2026-10-09 00:26:33,990 INFO o.a.j.t.JMeterThread: Thread started: Agent search 2-699
2026-10-09 00:26:34,073 INFO o.a.j.t.JMeterThread: Thread is done: Agent search 2-699
2026-10-09 00:26:34,073 INFO o.a.j.t.JMeterThread: Thread finished: Agent search 2-699
2026-10-09 00:26:35,501 INFO o.a.j.t.JMeterThread: Thread started: Ticket intake 1-171
2026-10-09 00:26:41,719 INFO o.a.j.t.JMeterThread: Thread started: Agent search 2-700
2026-10-09 00:26:41,802 INFO o.a.j.t.JMeterThread: Thread is done: Ticket intake 1-171
2026-10-09 00:26:41,803 INFO o.a.j.t.JMeterThread: Thread finished: Ticket intake 1-171
2026-10-09 00:26:41,891 INFO o.a.j.t.JMeterThread: Thread is done: Agent search 2-700
2026-10-09 00:26:41,891 INFO o.a.j.t.JMeterThread: Thread finished: Agent search 2-700
2026-10-09 00:26:44,813 INFO o.a.j.t.JMeterThread: Thread started: Agent search 2-701
2026-10-09 00:26:44,928 INFO o.a.j.t.JMeterThread: Thread is done: Agent search 2-701
2026-10-09 00:26:44,928 INFO o.a.j.t.JMeterThread: Thread finished: Agent search 2-701
2026-10-09 00:26:45,412 INFO o.a.j.t.JMeterThread: Thread started: Agent search 2-702
2026-10-09 00:26:45,519 INFO o.a.j.t.JMeterThread: Thread is done: Agent search 2-702
2026-10-09 00:26:45,519 INFO o.a.j.t.JMeterThread: Thread finished: Agent search 2-702
2026-10-09 00:26:46,131 INFO o.a.j.t.JMeterThread: Thread started: Ticket intake 1-172
2026-10-09 00:26:51,052 INFO o.a.j.t.JMeterThread: Thread started: Ticket intake 1-173
2026-10-09 00:26:51,563 INFO o.a.j.t.JMeterThread: Thread is done: Ticket intake 1-172
2026-10-09 00:26:51,563 INFO o.a.j.t.JMeterThread: Thread finished: Ticket intake 1-172
2026-10-09 00:26:51,766 INFO o.a.j.t.JMeterThread: Thread started: Agent search 2-703
2026-10-09 00:26:51,837 INFO o.a.j.t.JMeterThread: Thread is done: Agent search 2-703
2026-10-09 00:26:51,837 INFO o.a.j.t.JMeterThread: Thread finished: Agent search 2-703
2026-10-09 00:26:55,811 INFO o.a.j.t.JMeterThread: Thread is done: Ticket intake 1-173
2026-10-09 00:26:55,812 INFO o.a.j.t.JMeterThread: Thread finished: Ticket intake 1-173
2026-10-09 00:27:02,860 INFO o.a.j.t.JMeterThread: Thread started: Agent search 2-704
2026-10-09 00:27:02,947 INFO o.a.j.t.JMeterThread: Thread started: Ticket intake 1-174
2026-10-09 00:27:03,007 INFO o.a.j.r.Summariser: summary +      9 in 00:00:31 =    0.3/s Avg:  1908 Min:    70 Max:  6300 Err:     0 (0.00%) Active: 2 Started: 878 Finished: 876
2026-10-09 00:27:03,007 INFO o.a.j.r.Summariser: summary =    877 in 00:53:47 =    0.3/s Avg:  1388 Min:    43 Max: 20912 Err:     0 (0.00%)
2026-10-09 00:27:03,008 INFO o.a.j.t.JMeterThread: Thread is done: Agent search 2-704
2026-10-09 00:27:03,008 INFO o.a.j.t.JMeterThread: Thread finished: Agent search 2-704
2026-10-09 00:27:04,228 INFO o.a.j.t.JMeterThread: Thread started: Agent search 2-705
2026-10-09 00:27:04,311 INFO o.a.j.t.JMeterThread: Thread is done: Agent search 2-705
2026-10-09 00:27:04,311 INFO o.a.j.t.JMeterThread: Thread finished: Agent search 2-705
2026-10-09 00:27:04,483 INFO o.a.j.t.JMeterThread: Thread started: Agent search 2-706
2026-10-09 00:27:04,552 INFO o.a.j.t.JMeterThread: Thread is done: Agent search 2-706
2026-10-09 00:27:04,552 INFO o.a.j.t.JMeterThread: Thread finished: Agent search 2-706
2026-10-09 00:27:06,431 INFO o.a.j.t.JMeterThread: Thread is done: Ticket intake 1-174
2026-10-09 00:27:06,432 INFO o.a.j.t.JMeterThread: Thread finished: Ticket intake 1-174
2026-10-09 00:27:08,001 INFO o.a.j.t.JMeterThread: Thread started: Agent search 2-707
2026-10-09 00:27:08,100 INFO o.a.j.t.JMeterThread: Thread is done: Agent search 2-707
2026-10-09 00:27:08,100 INFO o.a.j.t.JMeterThread: Thread finished: Agent search 2-707
2026-10-09 00:27:09,984 INFO o.a.j.t.JMeterThread: Thread started: Agent search 2-708
2026-10-09 00:27:10,086 INFO o.a.j.t.JMeterThread: Thread is done: Agent search 2-708
2026-10-09 00:27:10,086 INFO o.a.j.t.JMeterThread: Thread finished: Agent search 2-708
2026-10-09 00:27:18,908 INFO o.a.j.t.JMeterThread: Thread started: Agent search 2-709
2026-10-09 00:27:18,911 INFO o.a.j.t.JMeterThread: Thread started: Agent search 2-710
2026-10-09 00:27:19,113 INFO o.a.j.t.JMeterThread: Thread is done: Agent search 2-710
2026-10-09 00:27:19,113 INFO o.a.j.t.JMeterThread: Thread is done: Agent search 2-709
2026-10-09 00:27:19,113 INFO o.a.j.t.JMeterThread: Thread finished: Agent search 2-710
2026-10-09 00:27:19,113 INFO o.a.j.t.JMeterThread: Thread finished: Agent search 2-709
2026-10-09 00:27:19,944 INFO o.a.j.t.JMeterThread: Thread started: Agent search 2-711
2026-10-09 00:27:20,044 INFO o.a.j.t.JMeterThread: Thread is done: Agent search 2-711
2026-10-09 00:27:20,044 INFO o.a.j.t.JMeterThread: Thread finished: Agent search 2-711
2026-10-09 00:27:20,361 INFO o.a.j.t.JMeterThread: Thread started: Agent search 2-712
2026-10-09 00:27:20,454 INFO o.a.j.t.JMeterThread: Thread is done: Agent search 2-712
2026-10-09 00:27:20,454 INFO o.a.j.t.JMeterThread: Thread finished: Agent search 2-712
2026-10-09 00:27:20,903 INFO o.a.j.t.JMeterThread: Thread started: Agent search 2-713
2026-10-09 00:27:21,033 INFO o.a.j.t.JMeterThread: Thread is done: Agent search 2-713
2026-10-09 00:27:21,033 INFO o.a.j.t.JMeterThread: Thread finished: Agent search 2-713
2026-10-09 00:27:23,471 INFO o.a.j.t.JMeterThread: Thread started: Agent search 2-714
2026-10-09 00:27:23,594 INFO o.a.j.t.JMeterThread: Thread is done: Agent search 2-714
2026-10-09 00:27:23,594 INFO o.a.j.t.JMeterThread: Thread finished: Agent search 2-714
2026-10-09 00:27:24,360 INFO o.a.j.t.JMeterThread: Thread started: Ticket intake 1-175
2026-10-09 00:27:24,904 INFO o.a.j.t.JMeterThread: Thread started: Agent search 2-715
2026-10-09 00:27:25,021 INFO o.a.j.t.JMeterThread: Thread is done: Agent search 2-715
2026-10-09 00:27:25,022 INFO o.a.j.t.JMeterThread: Thread finished: Agent search 2-715
2026-10-09 00:27:26,183 INFO o.a.j.t.JMeterThread: Thread started: Agent search 2-716
2026-10-09 00:27:26,252 INFO o.a.j.t.JMeterThread: Thread is done: Agent search 2-716
2026-10-09 00:27:26,252 INFO o.a.j.t.JMeterThread: Thread finished: Agent search 2-716
2026-10-09 00:27:26,674 INFO o.a.j.t.JMeterThread: Thread started: Agent search 2-717
2026-10-09 00:27:26,771 INFO o.a.j.t.JMeterThread: Thread is done: Agent search 2-717
2026-10-09 00:27:26,772 INFO o.a.j.t.JMeterThread: Thread finished: Agent search 2-717
2026-10-09 00:27:28,468 INFO o.a.j.t.JMeterThread: Thread is done: Ticket intake 1-175
2026-10-09 00:27:28,468 INFO o.a.j.t.JMeterThread: Thread finished: Ticket intake 1-175
2026-10-09 00:27:28,521 INFO o.a.j.t.JMeterThread: Thread started: Agent search 2-718
2026-10-09 00:27:28,583 INFO o.a.j.t.JMeterThread: Thread is done: Agent search 2-718
2026-10-09 00:27:28,583 INFO o.a.j.t.JMeterThread: Thread finished: Agent search 2-718
2026-10-09 00:27:29,841 INFO o.a.j.t.JMeterThread: Thread started: Agent search 2-719
2026-10-09 00:27:29,914 INFO o.a.j.t.JMeterThread: Thread is done: Agent search 2-719
2026-10-09 00:27:29,914 INFO o.a.j.t.JMeterThread: Thread finished: Agent search 2-719
2026-10-09 00:27:30,525 INFO o.a.j.t.JMeterThread: Thread started: Agent search 2-720
2026-10-09 00:27:30,616 INFO o.a.j.r.Summariser: summary +     18 in 00:00:28 =    0.7/s Avg:   516 Min:    62 Max:  4107 Err:     0 (0.00%) Active: 1 Started: 895 Finished: 894
2026-10-09 00:27:30,617 INFO o.a.j.r.Summariser: summary =    895 in 00:54:14 =    0.3/s Avg:  1370 Min:    43 Max: 20912 Err:     0 (0.00%)
2026-10-09 00:27:30,617 INFO o.a.j.t.JMeterThread: Thread is done: Agent search 2-720
2026-10-09 00:27:30,617 INFO o.a.j.t.JMeterThread: Thread finished: Agent search 2-720
2026-10-09 00:27:32,943 INFO o.a.j.t.JMeterThread: Thread started: Agent search 2-721
2026-10-09 00:27:33,064 INFO o.a.j.t.JMeterThread: Thread is done: Agent search 2-721
2026-10-09 00:27:33,064 INFO o.a.j.t.JMeterThread: Thread finished: Agent search 2-721
2026-10-09 00:27:33,379 INFO o.a.j.t.JMeterThread: Thread started: Agent search 2-722
2026-10-09 00:27:33,474 INFO o.a.j.t.JMeterThread: Thread is done: Agent search 2-722
2026-10-09 00:27:33,474 INFO o.a.j.t.JMeterThread: Thread finished: Agent search 2-722
2026-10-09 00:27:41,885 INFO o.a.j.t.JMeterThread: Thread started: Ticket intake 1-176
2026-10-09 00:27:47,907 INFO o.a.j.t.JMeterThread: Thread is done: Ticket intake 1-176
2026-10-09 00:27:47,907 INFO o.a.j.t.JMeterThread: Thread finished: Ticket intake 1-176
2026-10-09 00:27:51,930 INFO o.a.j.t.JMeterThread: Thread started: Agent search 2-723
2026-10-09 00:27:52,124 INFO o.a.j.t.JMeterThread: Thread is done: Agent search 2-723
2026-10-09 00:27:52,124 INFO o.a.j.t.JMeterThread: Thread finished: Agent search 2-723
2026-10-09 00:28:07,864 INFO o.a.j.t.JMeterThread: Thread started: Agent search 2-724
2026-10-09 00:28:07,937 INFO o.a.j.t.JMeterThread: Thread is done: Agent search 2-724
2026-10-09 00:28:07,937 INFO o.a.j.t.JMeterThread: Thread finished: Agent search 2-724
2026-10-09 00:28:10,608 INFO o.a.j.t.JMeterThread: Thread started: Ticket intake 1-177
2026-10-09 00:28:10,609 INFO o.a.j.t.JMeterThread: Thread started: Ticket intake 1-178
2026-10-09 00:28:13,256 INFO o.a.j.t.JMeterThread: Thread started: Ticket intake 1-179
2026-10-09 00:28:15,137 INFO o.a.j.t.JMeterThread: Thread is done: Ticket intake 1-177
2026-10-09 00:28:15,138 INFO o.a.j.t.JMeterThread: Thread finished: Ticket intake 1-177
2026-10-09 00:28:18,601 INFO o.a.j.t.JMeterThread: Thread is done: Ticket intake 1-178
2026-10-09 00:28:18,601 INFO o.a.j.t.JMeterThread: Thread finished: Ticket intake 1-178
2026-10-09 00:28:18,967 INFO o.a.j.t.JMeterThread: Thread started: Agent search 2-725
2026-10-09 00:28:19,063 INFO o.a.j.t.JMeterThread: Thread is done: Agent search 2-725
2026-10-09 00:28:19,063 INFO o.a.j.t.JMeterThread: Thread finished: Agent search 2-725
2026-10-09 00:28:21,450 INFO o.a.j.t.JMeterThread: Thread started: Agent search 2-726
2026-10-09 00:28:21,554 INFO o.a.j.t.JMeterThread: Thread is done: Agent search 2-726
2026-10-09 00:28:21,555 INFO o.a.j.t.JMeterThread: Thread finished: Agent search 2-726
2026-10-09 00:28:23,551 INFO o.a.j.t.JMeterThread: Thread is done: Ticket intake 1-179
2026-10-09 00:28:23,551 INFO o.a.j.t.JMeterThread: Thread finished: Ticket intake 1-179
2026-10-09 00:28:25,852 INFO o.a.j.t.JMeterThread: Thread started: Agent search 2-727
2026-10-09 00:28:26,030 INFO o.a.j.t.JMeterThread: Thread is done: Agent search 2-727
2026-10-09 00:28:26,030 INFO o.a.j.t.JMeterThread: Thread finished: Agent search 2-727
2026-10-09 00:28:26,103 INFO o.a.j.t.JMeterThread: Thread started: Agent search 2-728
2026-10-09 00:28:26,249 INFO o.a.j.t.JMeterThread: Thread is done: Agent search 2-728
2026-10-09 00:28:26,249 INFO o.a.j.t.JMeterThread: Thread finished: Agent search 2-728
2026-10-09 00:28:30,175 INFO o.a.j.t.JMeterThread: Thread started: Agent search 2-729
2026-10-09 00:28:30,329 INFO o.a.j.r.Summariser: summary +     13 in 00:01:00 =    0.2/s Avg:  2306 Min:    72 Max: 10294 Err:     0 (0.00%) Active: 1 Started: 908 Finished: 907
2026-10-09 00:28:30,329 INFO o.a.j.r.Summariser: summary =    908 in 00:55:14 =    0.3/s Avg:  1384 Min:    43 Max: 20912 Err:     0 (0.00%)
2026-10-09 00:28:30,329 INFO o.a.j.t.JMeterThread: Thread is done: Agent search 2-729
2026-10-09 00:28:30,329 INFO o.a.j.t.JMeterThread: Thread finished: Agent search 2-729
2026-10-09 00:28:34,330 INFO o.a.j.t.JMeterThread: Thread started: Agent search 2-730
2026-10-09 00:28:34,528 INFO o.a.j.t.JMeterThread: Thread is done: Agent search 2-730
2026-10-09 00:28:34,528 INFO o.a.j.t.JMeterThread: Thread finished: Agent search 2-730
2026-10-09 00:28:37,300 INFO o.a.j.t.JMeterThread: Thread started: Agent search 2-731
2026-10-09 00:28:37,602 INFO o.a.j.t.JMeterThread: Thread is done: Agent search 2-731
2026-10-09 00:28:37,602 INFO o.a.j.t.JMeterThread: Thread finished: Agent search 2-731
2026-10-09 00:28:41,175 INFO o.a.j.t.JMeterThread: Thread started: Agent search 2-732
2026-10-09 00:28:41,323 INFO o.a.j.t.JMeterThread: Thread is done: Agent search 2-732
2026-10-09 00:28:41,323 INFO o.a.j.t.JMeterThread: Thread finished: Agent search 2-732
2026-10-09 00:28:43,566 INFO o.a.j.t.JMeterThread: Thread started: Agent search 2-733
2026-10-09 00:28:43,819 INFO o.a.j.t.JMeterThread: Thread is done: Agent search 2-733
2026-10-09 00:28:43,819 INFO o.a.j.t.JMeterThread: Thread finished: Agent search 2-733
2026-10-09 00:28:45,666 INFO o.a.j.t.JMeterThread: Thread started: Agent search 2-734
2026-10-09 00:28:45,895 INFO o.a.j.t.JMeterThread: Thread is done: Agent search 2-734
2026-10-09 00:28:45,895 INFO o.a.j.t.JMeterThread: Thread finished: Agent search 2-734
2026-10-09 00:28:46,209 INFO o.a.j.t.JMeterThread: Thread started: Agent search 2-735
2026-10-09 00:28:46,313 INFO o.a.j.t.JMeterThread: Thread is done: Agent search 2-735
2026-10-09 00:28:46,313 INFO o.a.j.t.JMeterThread: Thread finished: Agent search 2-735
2026-10-09 00:28:49,402 INFO o.a.j.t.JMeterThread: Thread started: Agent search 2-736
2026-10-09 00:28:49,509 INFO o.a.j.t.JMeterThread: Thread is done: Agent search 2-736
2026-10-09 00:28:49,509 INFO o.a.j.t.JMeterThread: Thread finished: Agent search 2-736
2026-10-09 00:28:51,355 INFO o.a.j.t.JMeterThread: Thread started: Ticket intake 1-180
2026-10-09 00:28:56,484 INFO o.a.j.t.JMeterThread: Thread is done: Ticket intake 1-180
2026-10-09 00:28:56,484 INFO o.a.j.t.JMeterThread: Thread finished: Ticket intake 1-180
2026-10-09 00:29:00,764 INFO o.a.j.t.JMeterThread: Thread started: Agent search 2-737
2026-10-09 00:29:00,949 INFO o.a.j.r.Summariser: summary +      9 in 00:00:31 =    0.3/s Avg:   738 Min:   103 Max:  5128 Err:     0 (0.00%) Active: 1 Started: 917 Finished: 916
2026-10-09 00:29:00,949 INFO o.a.j.r.Summariser: summary =    917 in 00:55:45 =    0.3/s Avg:  1377 Min:    43 Max: 20912 Err:     0 (0.00%)
2026-10-09 00:29:00,949 INFO o.a.j.t.JMeterThread: Thread is done: Agent search 2-737
2026-10-09 00:29:00,949 INFO o.a.j.t.JMeterThread: Thread finished: Agent search 2-737
2026-10-09 00:29:03,359 INFO o.a.j.t.JMeterThread: Thread started: Agent search 2-738
2026-10-09 00:29:03,610 INFO o.a.j.t.JMeterThread: Thread is done: Agent search 2-738
2026-10-09 00:29:03,610 INFO o.a.j.t.JMeterThread: Thread finished: Agent search 2-738
2026-10-09 00:29:06,004 INFO o.a.j.t.JMeterThread: Thread started: Ticket intake 1-181
2026-10-09 00:29:08,359 INFO o.a.j.t.JMeterThread: Thread started: Agent search 2-739
2026-10-09 00:29:08,455 INFO o.a.j.t.JMeterThread: Thread is done: Agent search 2-739
2026-10-09 00:29:08,455 INFO o.a.j.t.JMeterThread: Thread finished: Agent search 2-739
2026-10-09 00:29:10,062 INFO o.a.j.t.JMeterThread: Thread is done: Ticket intake 1-181
2026-10-09 00:29:10,062 INFO o.a.j.t.JMeterThread: Thread finished: Ticket intake 1-181
2026-10-09 00:29:10,584 INFO o.a.j.t.JMeterThread: Thread started: Ticket intake 1-182
2026-10-09 00:29:13,338 INFO o.a.j.t.JMeterThread: Thread started: Ticket intake 1-183
2026-10-09 00:29:13,474 INFO o.a.j.t.JMeterThread: Thread started: Agent search 2-740
2026-10-09 00:29:13,539 INFO o.a.j.t.JMeterThread: Thread is done: Agent search 2-740
2026-10-09 00:29:13,539 INFO o.a.j.t.JMeterThread: Thread finished: Agent search 2-740
2026-10-09 00:29:14,126 INFO o.a.j.t.JMeterThread: Thread started: Agent search 2-741
2026-10-09 00:29:14,261 INFO o.a.j.t.JMeterThread: Thread is done: Agent search 2-741
2026-10-09 00:29:14,261 INFO o.a.j.t.JMeterThread: Thread finished: Agent search 2-741
2026-10-09 00:29:16,309 INFO o.a.j.t.JMeterThread: Thread is done: Ticket intake 1-182
2026-10-09 00:29:16,309 INFO o.a.j.t.JMeterThread: Thread finished: Ticket intake 1-182
2026-10-09 00:29:20,133 INFO o.a.j.t.JMeterThread: Thread started: Ticket intake 1-184
2026-10-09 00:29:20,607 INFO o.a.j.t.JMeterThread: Thread is done: Ticket intake 1-183
2026-10-09 00:29:20,607 INFO o.a.j.t.JMeterThread: Thread finished: Ticket intake 1-183
2026-10-09 00:29:21,482 INFO o.a.j.t.JMeterThread: Thread started: Agent search 2-742
2026-10-09 00:29:21,735 INFO o.a.j.t.JMeterThread: Thread is done: Agent search 2-742
2026-10-09 00:29:21,735 INFO o.a.j.t.JMeterThread: Thread finished: Agent search 2-742
2026-10-09 00:29:22,144 INFO o.a.j.t.JMeterThread: Thread started: Ticket intake 1-185
2026-10-09 00:29:23,355 INFO o.a.j.t.JMeterThread: Thread started: Agent search 2-743
2026-10-09 00:29:23,581 INFO o.a.j.t.JMeterThread: Thread is done: Agent search 2-743
2026-10-09 00:29:23,581 INFO o.a.j.t.JMeterThread: Thread finished: Agent search 2-743
2026-10-09 00:29:24,500 INFO o.a.j.t.JMeterThread: Thread is done: Ticket intake 1-184
2026-10-09 00:29:24,500 INFO o.a.j.t.JMeterThread: Thread finished: Ticket intake 1-184
2026-10-09 00:29:25,667 INFO o.a.j.t.JMeterThread: Thread started: Agent search 2-744
2026-10-09 00:29:25,830 INFO o.a.j.t.JMeterThread: Thread is done: Agent search 2-744
2026-10-09 00:29:25,830 INFO o.a.j.t.JMeterThread: Thread finished: Agent search 2-744
2026-10-09 00:29:29,313 INFO o.a.j.t.JMeterThread: Thread is done: Ticket intake 1-185
2026-10-09 00:29:29,313 INFO o.a.j.t.JMeterThread: Thread finished: Ticket intake 1-185
2026-10-09 00:29:29,827 INFO o.a.j.t.JMeterThread: Thread started: Agent search 2-745
2026-10-09 00:29:29,966 INFO o.a.j.t.JMeterThread: Thread started: Agent search 2-746
2026-10-09 00:29:29,975 INFO o.a.j.t.JMeterThread: Thread is done: Agent search 2-745
2026-10-09 00:29:29,975 INFO o.a.j.t.JMeterThread: Thread finished: Agent search 2-745
2026-10-09 00:29:30,023 INFO o.a.j.r.Summariser: summary +     14 in 00:00:29 =    0.5/s Avg:  2140 Min:    55 Max:  7269 Err:     0 (0.00%) Active: 1 Started: 931 Finished: 930
2026-10-09 00:29:30,023 INFO o.a.j.r.Summariser: summary =    931 in 00:56:14 =    0.3/s Avg:  1389 Min:    43 Max: 20912 Err:     0 (0.00%)
2026-10-09 00:29:30,024 INFO o.a.j.t.JMeterThread: Thread is done: Agent search 2-746
2026-10-09 00:29:30,024 INFO o.a.j.t.JMeterThread: Thread finished: Agent search 2-746
2026-10-09 00:29:32,393 INFO o.a.j.t.JMeterThread: Thread started: Agent search 2-747
2026-10-09 00:29:32,592 INFO o.a.j.t.JMeterThread: Thread is done: Agent search 2-747
2026-10-09 00:29:32,592 INFO o.a.j.t.JMeterThread: Thread finished: Agent search 2-747
2026-10-09 00:29:32,722 INFO o.a.j.t.JMeterThread: Thread started: Agent search 2-748
2026-10-09 00:29:33,000 INFO o.a.j.t.JMeterThread: Thread is done: Agent search 2-748
2026-10-09 00:29:33,000 INFO o.a.j.t.JMeterThread: Thread finished: Agent search 2-748
2026-10-09 00:29:33,843 INFO o.a.j.t.JMeterThread: Thread started: Agent search 2-749
2026-10-09 00:29:34,024 INFO o.a.j.t.JMeterThread: Thread is done: Agent search 2-749
2026-10-09 00:29:34,024 INFO o.a.j.t.JMeterThread: Thread finished: Agent search 2-749
2026-10-09 00:29:36,400 INFO o.a.j.t.JMeterThread: Thread started: Agent search 2-750
2026-10-09 00:29:36,527 INFO o.a.j.t.JMeterThread: Thread is done: Agent search 2-750
2026-10-09 00:29:36,527 INFO o.a.j.t.JMeterThread: Thread finished: Agent search 2-750
2026-10-09 00:29:39,587 INFO o.a.j.t.JMeterThread: Thread started: Ticket intake 1-186
2026-10-09 00:29:40,338 INFO o.a.j.t.JMeterThread: Thread started: Agent search 2-751
2026-10-09 00:29:40,577 INFO o.a.j.t.JMeterThread: Thread is done: Agent search 2-751
2026-10-09 00:29:40,577 INFO o.a.j.t.JMeterThread: Thread finished: Agent search 2-751
2026-10-09 00:29:43,957 INFO o.a.j.t.JMeterThread: Thread is done: Ticket intake 1-186
2026-10-09 00:29:43,958 INFO o.a.j.t.JMeterThread: Thread finished: Ticket intake 1-186
2026-10-09 00:29:44,374 INFO o.a.j.t.JMeterThread: Thread started: Agent search 2-752
2026-10-09 00:29:44,775 INFO o.a.j.t.JMeterThread: Thread is done: Agent search 2-752
2026-10-09 00:29:44,776 INFO o.a.j.t.JMeterThread: Thread finished: Agent search 2-752
2026-10-09 00:29:46,364 INFO o.a.j.t.JMeterThread: Thread started: Agent search 2-753
2026-10-09 00:29:46,620 INFO o.a.j.t.JMeterThread: Thread is done: Agent search 2-753
2026-10-09 00:29:46,620 INFO o.a.j.t.JMeterThread: Thread finished: Agent search 2-753
2026-10-09 00:29:47,086 INFO o.a.j.t.JMeterThread: Thread started: Agent search 2-754
2026-10-09 00:29:47,336 INFO o.a.j.t.JMeterThread: Thread is done: Agent search 2-754
2026-10-09 00:29:47,337 INFO o.a.j.t.JMeterThread: Thread finished: Agent search 2-754
2026-10-09 00:29:47,846 INFO o.a.j.t.JMeterThread: Thread started: Agent search 2-755
2026-10-09 00:29:47,985 INFO o.a.j.t.JMeterThread: Thread is done: Agent search 2-755
2026-10-09 00:29:47,985 INFO o.a.j.t.JMeterThread: Thread finished: Agent search 2-755
2026-10-09 00:29:50,537 INFO o.a.j.t.JMeterThread: Thread started: Agent search 2-756
2026-10-09 00:29:50,786 INFO o.a.j.t.JMeterThread: Thread started: Agent search 2-757
2026-10-09 00:29:51,459 INFO o.a.j.t.JMeterThread: Thread started: Agent search 2-758
2026-10-09 00:29:53,398 INFO o.a.j.t.JMeterThread: Thread is done: Agent search 2-756
2026-10-09 00:29:53,398 INFO o.a.j.t.JMeterThread: Thread finished: Agent search 2-756
2026-10-09 00:29:53,411 INFO o.a.j.t.JMeterThread: Thread is done: Agent search 2-757
2026-10-09 00:29:53,411 INFO o.a.j.t.JMeterThread: Thread finished: Agent search 2-757
2026-10-09 00:29:53,460 INFO o.a.j.t.JMeterThread: Thread is done: Agent search 2-758
2026-10-09 00:29:53,461 INFO o.a.j.t.JMeterThread: Thread finished: Agent search 2-758
2026-10-09 00:29:53,839 INFO o.a.j.t.JMeterThread: Thread started: Agent search 2-759
2026-10-09 00:29:53,921 INFO o.a.j.t.JMeterThread: Thread is done: Agent search 2-759
2026-10-09 00:29:53,921 INFO o.a.j.t.JMeterThread: Thread finished: Agent search 2-759
2026-10-09 00:29:54,140 INFO o.a.j.t.JMeterThread: Thread started: Agent search 2-760
2026-10-09 00:29:54,217 INFO o.a.j.t.JMeterThread: Thread is done: Agent search 2-760
2026-10-09 00:29:54,217 INFO o.a.j.t.JMeterThread: Thread finished: Agent search 2-760
2026-10-09 00:29:58,291 INFO o.a.j.t.JMeterThread: Thread started: Agent search 2-761
2026-10-09 00:29:58,466 INFO o.a.j.t.JMeterThread: Thread is done: Agent search 2-761
2026-10-09 00:29:58,466 INFO o.a.j.t.JMeterThread: Thread finished: Agent search 2-761
2026-10-09 00:30:01,796 INFO o.a.j.t.JMeterThread: Thread started: Agent search 2-762
2026-10-09 00:30:01,901 INFO o.a.j.r.Summariser: summary +     17 in 00:00:32 =    0.5/s Avg:   844 Min:    76 Max:  4370 Err:     0 (0.00%) Active: 1 Started: 948 Finished: 947
2026-10-09 00:30:01,901 INFO o.a.j.r.Summariser: summary =    948 in 00:56:46 =    0.3/s Avg:  1379 Min:    43 Max: 20912 Err:     0 (0.00%)
2026-10-09 00:30:01,901 INFO o.a.j.t.JMeterThread: Thread is done: Agent search 2-762
2026-10-09 00:30:01,901 INFO o.a.j.t.JMeterThread: Thread finished: Agent search 2-762
2026-10-09 00:30:03,615 INFO o.a.j.t.JMeterThread: Thread started: Ticket intake 1-187
2026-10-09 00:30:03,722 INFO o.a.j.t.JMeterThread: Thread started: Ticket intake 1-188
2026-10-09 00:30:09,353 INFO o.a.j.t.JMeterThread: Thread is done: Ticket intake 1-187
2026-10-09 00:30:09,353 INFO o.a.j.t.JMeterThread: Thread finished: Ticket intake 1-187
2026-10-09 00:30:11,746 INFO o.a.j.t.JMeterThread: Thread started: Agent search 2-763
2026-10-09 00:30:11,829 INFO o.a.j.t.JMeterThread: Thread is done: Agent search 2-763
2026-10-09 00:30:11,829 INFO o.a.j.t.JMeterThread: Thread finished: Agent search 2-763
2026-10-09 00:30:13,755 INFO o.a.j.t.JMeterThread: Thread is done: Ticket intake 1-188
2026-10-09 00:30:13,756 INFO o.a.j.t.JMeterThread: Thread finished: Ticket intake 1-188
2026-10-09 00:30:14,165 INFO o.a.j.t.JMeterThread: Thread started: Agent search 2-764
2026-10-09 00:30:14,172 INFO o.a.j.t.JMeterThread: Thread started: Agent search 2-765
2026-10-09 00:30:14,336 INFO o.a.j.t.JMeterThread: Thread started: Ticket intake 1-189
2026-10-09 00:30:14,345 INFO o.a.j.t.JMeterThread: Thread is done: Agent search 2-765
2026-10-09 00:30:14,345 INFO o.a.j.t.JMeterThread: Thread finished: Agent search 2-765
2026-10-09 00:30:14,472 INFO o.a.j.t.JMeterThread: Thread is done: Agent search 2-764
2026-10-09 00:30:14,472 INFO o.a.j.t.JMeterThread: Thread finished: Agent search 2-764
2026-10-09 00:30:17,857 INFO o.a.j.t.JMeterThread: Thread started: Agent search 2-766
2026-10-09 00:30:18,056 INFO o.a.j.t.JMeterThread: Thread is done: Agent search 2-766
2026-10-09 00:30:18,057 INFO o.a.j.t.JMeterThread: Thread finished: Agent search 2-766
2026-10-09 00:30:18,773 INFO o.a.j.t.JMeterThread: Thread is done: Ticket intake 1-189
2026-10-09 00:30:18,773 INFO o.a.j.t.JMeterThread: Thread finished: Ticket intake 1-189
2026-10-09 00:30:18,966 INFO o.a.j.t.JMeterThread: Thread started: Agent search 2-767
2026-10-09 00:30:19,182 INFO o.a.j.t.JMeterThread: Thread is done: Agent search 2-767
2026-10-09 00:30:19,182 INFO o.a.j.t.JMeterThread: Thread finished: Agent search 2-767
2026-10-09 00:30:22,702 INFO o.a.j.t.JMeterThread: Thread started: Agent search 2-768
2026-10-09 00:30:22,841 INFO o.a.j.t.JMeterThread: Thread is done: Agent search 2-768
2026-10-09 00:30:22,841 INFO o.a.j.t.JMeterThread: Thread finished: Agent search 2-768
2026-10-09 00:30:23,860 INFO o.a.j.t.JMeterThread: Thread started: Agent search 2-769
2026-10-09 00:30:24,097 INFO o.a.j.t.JMeterThread: Thread is done: Agent search 2-769
2026-10-09 00:30:24,098 INFO o.a.j.t.JMeterThread: Thread finished: Agent search 2-769
2026-10-09 00:30:24,394 INFO o.a.j.t.JMeterThread: Thread started: Agent search 2-770
2026-10-09 00:30:24,616 INFO o.a.j.t.JMeterThread: Thread is done: Agent search 2-770
2026-10-09 00:30:24,616 INFO o.a.j.t.JMeterThread: Thread finished: Agent search 2-770
2026-10-09 00:30:43,169 INFO o.a.j.t.JMeterThread: Thread started: Agent search 2-771
2026-10-09 00:30:43,286 INFO o.a.j.t.JMeterThread: Thread is done: Agent search 2-771
2026-10-09 00:30:43,286 INFO o.a.j.t.JMeterThread: Thread finished: Agent search 2-771
2026-10-09 00:30:44,786 INFO o.a.j.t.JMeterThread: Thread started: Agent search 2-772
2026-10-09 00:30:44,883 INFO o.a.j.t.JMeterThread: Thread is done: Agent search 2-772
2026-10-09 00:30:44,883 INFO o.a.j.t.JMeterThread: Thread finished: Agent search 2-772
2026-10-09 00:30:46,370 INFO o.a.j.t.JMeterThread: Thread started: Agent search 2-773
2026-10-09 00:30:46,627 INFO o.a.j.t.JMeterThread: Thread is done: Agent search 2-773
2026-10-09 00:30:46,627 INFO o.a.j.t.JMeterThread: Thread finished: Agent search 2-773
2026-10-09 00:30:46,884 INFO o.a.j.t.JMeterThread: Thread started: Ticket intake 1-190
2026-10-09 00:30:49,175 INFO o.a.j.t.JMeterThread: Thread started: Agent search 2-774
2026-10-09 00:30:49,391 INFO o.a.j.t.JMeterThread: Thread is done: Agent search 2-774
2026-10-09 00:30:49,392 INFO o.a.j.t.JMeterThread: Thread finished: Agent search 2-774
2026-10-09 00:30:50,894 INFO o.a.j.t.JMeterThread: Thread started: Ticket intake 1-191
2026-10-09 00:30:50,968 INFO o.a.j.t.JMeterThread: Thread started: Agent search 2-775
2026-10-09 00:30:51,132 INFO o.a.j.t.JMeterThread: Thread is done: Agent search 2-775
2026-10-09 00:30:51,132 INFO o.a.j.t.JMeterThread: Thread finished: Agent search 2-775
2026-10-09 00:30:51,439 INFO o.a.j.t.JMeterThread: Thread is done: Ticket intake 1-190
2026-10-09 00:30:51,439 INFO o.a.j.t.JMeterThread: Thread finished: Ticket intake 1-190
2026-10-09 00:30:55,126 INFO o.a.j.t.JMeterThread: Thread is done: Ticket intake 1-191
2026-10-09 00:30:55,126 INFO o.a.j.t.JMeterThread: Thread finished: Ticket intake 1-191
2026-10-09 00:31:00,959 INFO o.a.j.t.JMeterThread: Thread started: Ticket intake 1-192
2026-10-09 00:31:04,877 INFO o.a.j.r.Summariser: summary +     19 in 00:01:03 =    0.3/s Avg:  1859 Min:    82 Max: 10032 Err:     0 (0.00%) Active: 1 Started: 967 Finished: 966
2026-10-09 00:31:04,877 INFO o.a.j.r.Summariser: summary =    967 in 00:57:49 =    0.3/s Avg:  1389 Min:    43 Max: 20912 Err:     0 (0.00%)
2026-10-09 00:31:04,877 INFO o.a.j.t.JMeterThread: Thread is done: Ticket intake 1-192
2026-10-09 00:31:04,877 INFO o.a.j.t.JMeterThread: Thread finished: Ticket intake 1-192
2026-10-09 00:31:06,056 INFO o.a.j.t.JMeterThread: Thread started: Agent search 2-776
2026-10-09 00:31:06,287 INFO o.a.j.t.JMeterThread: Thread is done: Agent search 2-776
2026-10-09 00:31:06,288 INFO o.a.j.t.JMeterThread: Thread finished: Agent search 2-776
2026-10-09 00:31:09,823 INFO o.a.j.t.JMeterThread: Thread started: Agent search 2-777
2026-10-09 00:31:09,920 INFO o.a.j.t.JMeterThread: Thread is done: Agent search 2-777
2026-10-09 00:31:09,920 INFO o.a.j.t.JMeterThread: Thread finished: Agent search 2-777
2026-10-09 00:31:22,470 INFO o.a.j.t.JMeterThread: Thread started: Ticket intake 1-193
2026-10-09 00:31:23,794 INFO o.a.j.t.JMeterThread: Thread started: Agent search 2-778
2026-10-09 00:31:23,853 INFO o.a.j.t.JMeterThread: Thread started: Agent search 2-779
2026-10-09 00:31:23,907 INFO o.a.j.t.JMeterThread: Thread is done: Agent search 2-778
2026-10-09 00:31:23,907 INFO o.a.j.t.JMeterThread: Thread finished: Agent search 2-778
2026-10-09 00:31:23,915 INFO o.a.j.t.JMeterThread: Thread is done: Agent search 2-779
2026-10-09 00:31:23,915 INFO o.a.j.t.JMeterThread: Thread finished: Agent search 2-779
2026-10-09 00:31:23,932 INFO o.a.j.t.JMeterThread: Thread started: Ticket intake 1-194
2026-10-09 00:31:24,897 INFO o.a.j.t.JMeterThread: Thread started: Agent search 2-780
2026-10-09 00:31:25,052 INFO o.a.j.t.JMeterThread: Thread is done: Agent search 2-780
2026-10-09 00:31:25,052 INFO o.a.j.t.JMeterThread: Thread finished: Agent search 2-780
2026-10-09 00:31:26,600 INFO o.a.j.t.JMeterThread: Thread started: Agent search 2-781
2026-10-09 00:31:26,768 INFO o.a.j.t.JMeterThread: Thread is done: Agent search 2-781
2026-10-09 00:31:26,768 INFO o.a.j.t.JMeterThread: Thread finished: Agent search 2-781
2026-10-09 00:31:30,864 INFO o.a.j.r.Summariser: summary +      7 in 00:00:26 =    0.3/s Avg:  1316 Min:    61 Max:  8393 Err:     0 (0.00%) Active: 2 Started: 975 Finished: 973
2026-10-09 00:31:30,864 INFO o.a.j.r.Summariser: summary =    974 in 00:58:15 =    0.3/s Avg:  1388 Min:    43 Max: 20912 Err:     0 (0.00%)
2026-10-09 00:31:30,864 INFO o.a.j.t.JMeterThread: Thread is done: Ticket intake 1-193
2026-10-09 00:31:30,864 INFO o.a.j.t.JMeterThread: Thread finished: Ticket intake 1-193
2026-10-09 00:31:37,826 INFO o.a.j.t.JMeterThread: Thread is done: Ticket intake 1-194
2026-10-09 00:31:37,827 INFO o.a.j.t.JMeterThread: Thread finished: Ticket intake 1-194
2026-10-09 00:31:41,865 INFO o.a.j.t.JMeterThread: Thread started: Agent search 2-782
2026-10-09 00:31:42,128 INFO o.a.j.t.JMeterThread: Thread is done: Agent search 2-782
2026-10-09 00:31:42,128 INFO o.a.j.t.JMeterThread: Thread finished: Agent search 2-782
2026-10-09 00:31:44,190 INFO o.a.j.t.JMeterThread: Thread started: Agent search 2-783
2026-10-09 00:31:44,318 INFO o.a.j.t.JMeterThread: Thread is done: Agent search 2-783
2026-10-09 00:31:44,318 INFO o.a.j.t.JMeterThread: Thread finished: Agent search 2-783
2026-10-09 00:31:44,447 INFO o.a.j.t.JMeterThread: Thread started: Agent search 2-784
2026-10-09 00:31:44,516 INFO o.a.j.t.JMeterThread: Thread is done: Agent search 2-784
2026-10-09 00:31:44,516 INFO o.a.j.t.JMeterThread: Thread finished: Agent search 2-784
2026-10-09 00:31:46,259 INFO o.a.j.t.JMeterThread: Thread started: Ticket intake 1-195
2026-10-09 00:31:52,061 INFO o.a.j.t.JMeterThread: Thread is done: Ticket intake 1-195
2026-10-09 00:31:52,061 INFO o.a.j.t.JMeterThread: Thread finished: Ticket intake 1-195
2026-10-09 00:31:55,488 INFO o.a.j.t.JMeterThread: Thread started: Agent search 2-785
2026-10-09 00:31:55,567 INFO o.a.j.t.JMeterThread: Thread is done: Agent search 2-785
2026-10-09 00:31:55,567 INFO o.a.j.t.JMeterThread: Thread finished: Agent search 2-785
2026-10-09 00:31:58,796 INFO o.a.j.t.JMeterThread: Thread started: Agent search 2-786
2026-10-09 00:31:58,896 INFO o.a.j.t.JMeterThread: Thread is done: Agent search 2-786
2026-10-09 00:31:58,897 INFO o.a.j.t.JMeterThread: Thread finished: Agent search 2-786
2026-10-09 00:32:01,316 INFO o.a.j.t.JMeterThread: Thread started: Agent search 2-787
2026-10-09 00:32:01,482 INFO o.a.j.r.Summariser: summary +      8 in 00:00:31 =    0.3/s Avg:  2561 Min:    68 Max: 13894 Err:     0 (0.00%) Active: 1 Started: 982 Finished: 981
2026-10-09 00:32:01,482 INFO o.a.j.r.Summariser: summary =    982 in 00:58:45 =    0.3/s Avg:  1398 Min:    43 Max: 20912 Err:     0 (0.00%)
2026-10-09 00:32:01,482 INFO o.a.j.t.JMeterThread: Thread is done: Agent search 2-787
2026-10-09 00:32:01,482 INFO o.a.j.t.JMeterThread: Thread finished: Agent search 2-787
2026-10-09 00:32:03,882 INFO o.a.j.t.JMeterThread: Thread started: Agent search 2-788
2026-10-09 00:32:04,121 INFO o.a.j.t.JMeterThread: Thread is done: Agent search 2-788
2026-10-09 00:32:04,121 INFO o.a.j.t.JMeterThread: Thread finished: Agent search 2-788
2026-10-09 00:32:05,783 INFO o.a.j.t.JMeterThread: Thread started: Agent search 2-789
2026-10-09 00:32:05,816 INFO o.a.j.t.JMeterThread: Thread started: Agent search 2-790
2026-10-09 00:32:05,874 INFO o.a.j.t.JMeterThread: Thread is done: Agent search 2-789
2026-10-09 00:32:05,874 INFO o.a.j.t.JMeterThread: Thread finished: Agent search 2-789
2026-10-09 00:32:05,890 INFO o.a.j.t.JMeterThread: Thread is done: Agent search 2-790
2026-10-09 00:32:05,890 INFO o.a.j.t.JMeterThread: Thread finished: Agent search 2-790
2026-10-09 00:32:11,172 INFO o.a.j.t.JMeterThread: Thread started: Agent search 2-791
2026-10-09 00:32:11,442 INFO o.a.j.t.JMeterThread: Thread is done: Agent search 2-791
2026-10-09 00:32:11,442 INFO o.a.j.t.JMeterThread: Thread finished: Agent search 2-791
2026-10-09 00:32:14,769 INFO o.a.j.t.JMeterThread: Thread started: Agent search 2-792
2026-10-09 00:32:14,859 INFO o.a.j.t.JMeterThread: Thread is done: Agent search 2-792
2026-10-09 00:32:14,859 INFO o.a.j.t.JMeterThread: Thread finished: Agent search 2-792
2026-10-09 00:32:29,113 INFO o.a.j.t.JMeterThread: Thread started: Agent search 2-793
2026-10-09 00:32:29,438 INFO o.a.j.t.JMeterThread: Thread is done: Agent search 2-793
2026-10-09 00:32:29,438 INFO o.a.j.t.JMeterThread: Thread finished: Agent search 2-793
2026-10-09 00:32:31,793 INFO o.a.j.t.JMeterThread: Thread started: Agent search 2-794
2026-10-09 00:32:32,035 INFO o.a.j.r.Summariser: summary +      7 in 00:00:31 =    0.2/s Avg:   188 Min:    73 Max:   323 Err:     0 (0.00%) Active: 1 Started: 989 Finished: 988
2026-10-09 00:32:32,035 INFO o.a.j.r.Summariser: summary =    989 in 00:59:16 =    0.3/s Avg:  1389 Min:    43 Max: 20912 Err:     0 (0.00%)
2026-10-09 00:32:32,035 INFO o.a.j.t.JMeterThread: Thread is done: Agent search 2-794
2026-10-09 00:32:32,035 INFO o.a.j.t.JMeterThread: Thread finished: Agent search 2-794
2026-10-09 00:32:35,188 INFO o.a.j.t.JMeterThread: Thread started: Agent search 2-795
2026-10-09 00:32:35,283 INFO o.a.j.t.JMeterThread: Thread started: Agent search 2-796
2026-10-09 00:32:35,291 INFO o.a.j.t.JMeterThread: Thread is done: Agent search 2-795
2026-10-09 00:32:35,291 INFO o.a.j.t.JMeterThread: Thread finished: Agent search 2-795
2026-10-09 00:32:35,341 INFO o.a.j.t.JMeterThread: Thread is done: Agent search 2-796
2026-10-09 00:32:35,342 INFO o.a.j.t.JMeterThread: Thread finished: Agent search 2-796
2026-10-09 00:32:36,996 INFO o.a.j.t.JMeterThread: Thread started: Agent search 2-797
2026-10-09 00:32:37,158 INFO o.a.j.t.JMeterThread: Thread is done: Agent search 2-797
2026-10-09 00:32:37,158 INFO o.a.j.t.JMeterThread: Thread finished: Agent search 2-797
2026-10-09 00:32:42,324 INFO o.a.j.t.JMeterThread: Thread started: Ticket intake 1-196
2026-10-09 00:32:49,101 INFO o.a.j.t.JMeterThread: Thread is done: Ticket intake 1-196
2026-10-09 00:32:49,102 INFO o.a.j.t.JMeterThread: Thread finished: Ticket intake 1-196
2026-10-09 00:32:49,552 INFO o.a.j.t.JMeterThread: Thread started: Agent search 2-798
2026-10-09 00:32:49,713 INFO o.a.j.t.JMeterThread: Thread is done: Agent search 2-798
2026-10-09 00:32:49,713 INFO o.a.j.t.JMeterThread: Thread finished: Agent search 2-798
2026-10-09 00:33:00,782 INFO o.a.j.t.JMeterThread: Thread started: Ticket intake 1-197
2026-10-09 00:33:02,047 INFO o.a.j.t.o.OpenModelThreadGroup: There will be no more events, so will wait for 14 sec till the end of the schedule
2026-10-09 00:33:02,047 INFO o.a.j.t.JMeterThread: Thread started: Ticket intake 1-198
2026-10-09 00:33:03,867 INFO o.a.j.t.JMeterThread: Thread started: Agent search 2-799
2026-10-09 00:33:04,049 INFO o.a.j.r.Summariser: summary +      6 in 00:00:32 =    0.2/s Avg:  1239 Min:    57 Max:  6777 Err:     0 (0.00%) Active: 3 Started: 997 Finished: 994
2026-10-09 00:33:04,049 INFO o.a.j.r.Summariser: summary =    995 in 00:59:48 =    0.3/s Avg:  1388 Min:    43 Max: 20912 Err:     0 (0.00%)
2026-10-09 00:33:04,050 INFO o.a.j.t.JMeterThread: Thread is done: Agent search 2-799
2026-10-09 00:33:04,050 INFO o.a.j.t.JMeterThread: Thread finished: Agent search 2-799
2026-10-09 00:33:04,460 INFO o.a.j.t.o.OpenModelThreadGroup: There will be no more events, so will wait for 11 sec till the end of the schedule
2026-10-09 00:33:04,460 INFO o.a.j.t.JMeterThread: Thread started: Agent search 2-800
2026-10-09 00:33:04,562 INFO o.a.j.t.JMeterThread: Thread is done: Agent search 2-800
2026-10-09 00:33:04,562 INFO o.a.j.t.JMeterThread: Thread finished: Agent search 2-800
2026-10-09 00:33:07,472 INFO o.a.j.t.JMeterThread: Thread is done: Ticket intake 1-197
2026-10-09 00:33:07,472 INFO o.a.j.t.JMeterThread: Thread finished: Ticket intake 1-197
2026-10-09 00:33:11,729 INFO o.a.j.t.JMeterThread: Thread is done: Ticket intake 1-198
2026-10-09 00:33:11,729 INFO o.a.j.t.JMeterThread: Thread finished: Ticket intake 1-198
2026-10-09 00:33:16,098 INFO o.a.j.t.o.OpenModelThreadGroup: There will be no more events, will shutdown the thread pool
2026-10-09 00:33:16,098 INFO o.a.j.t.o.OpenModelThreadGroup: There will be no more events, will shutdown the thread pool
2026-10-09 00:33:16,098 INFO o.a.j.t.o.OpenModelThreadGroup: Thread starting done
2026-10-09 00:33:16,098 INFO o.a.j.t.o.OpenModelThreadGroup: Thread starting done
2026-10-09 00:33:16,099 INFO o.a.j.e.StandardJMeterEngine: Notifying test listeners of end of test
2026-10-09 00:33:16,099 INFO o.a.j.s.FileServer: Close: search_terms.txt
2026-10-09 00:33:16,099 INFO o.a.j.s.FileServer: Close: tickets.tsv
2026-10-09 00:33:16,100 INFO o.a.j.r.Summariser: summary +      3 in 00:00:12 =    0.2/s Avg:  5489 Min:   100 Max:  9680 Err:     0 (0.00%) Active: 0 Started: 998 Finished: 998
2026-10-09 00:33:16,100 INFO o.a.j.r.Summariser: summary =    998 in 01:00:00 =    0.3/s Avg:  1400 Min:    43 Max: 20912 Err:     0 (0.00%)
