2026-10-09 11:37:45,038 INFO o.a.j.u.JMeterUtils: Setting Locale to en_EN
2026-10-09 11:37:45,047 INFO o.a.j.JMeter: Loading user properties from: C:\apache-jmeter-5.6.3\bin\user.properties
2026-10-09 11:37:45,047 INFO o.a.j.JMeter: Loading system properties from: C:\apache-jmeter-5.6.3\bin\system.properties
2026-10-09 11:37:45,047 INFO o.a.j.JMeter: Loading additional properties from: C:\Users\josep\Downloads\results\clef-flash-9b\surge\run2\run.properties
2026-10-09 11:37:45,051 INFO o.a.j.JMeter: Copyright (c) 1998-2024 The Apache Software Foundation
2026-10-09 11:37:45,051 INFO o.a.j.JMeter: Version 5.6.3
2026-10-09 11:37:45,051 INFO o.a.j.JMeter: java.version=25.0.1
2026-10-09 11:37:45,051 INFO o.a.j.JMeter: java.vm.name=Java HotSpot(TM) 64-Bit Server VM
2026-10-09 11:37:45,054 INFO o.a.j.JMeter: os.name=Windows 11
2026-10-09 11:37:45,054 INFO o.a.j.JMeter: os.arch=amd64
2026-10-09 11:37:45,054 INFO o.a.j.JMeter: os.version=10.0
2026-10-09 11:37:45,054 INFO o.a.j.JMeter: file.encoding=UTF-8
2026-10-09 11:37:45,054 INFO o.a.j.JMeter: java.awt.headless=true
2026-10-09 11:37:45,054 INFO o.a.j.JMeter: Max memory     =1073741824
2026-10-09 11:37:45,054 INFO o.a.j.JMeter: Available Processors =16
2026-10-09 11:37:45,062 INFO o.a.j.JMeter: Default Locale=English (EN)
2026-10-09 11:37:45,063 INFO o.a.j.JMeter: JMeter  Locale=English (EN)
2026-10-09 11:37:45,063 INFO o.a.j.JMeter: JMeterHome=C:\apache-jmeter-5.6.3
2026-10-09 11:37:45,063 INFO o.a.j.JMeter: user.dir  =C:\Users\josep\Downloads
2026-10-09 11:37:45,063 INFO o.a.j.JMeter: PWD       =C:\Users\josep\Downloads
2026-10-09 11:37:45,068 INFO o.a.j.JMeter: IP: 172.20.10.7 Name: LAPTOP-JVTGMMI4 FullName: LAPTOP-JVTGMMI4
2026-10-09 11:37:45,074 INFO o.a.j.s.FileServer: Default base='C:\Users\josep\Downloads'
2026-10-09 11:37:45,074 INFO o.a.j.s.FileServer: Set new base='C:\Users\josep\Downloads\loadtest'
2026-10-09 11:37:45,197 INFO o.a.j.s.SaveService: Testplan (JMX) version: 2.2. Testlog (JTL) version: 2.2
2026-10-09 11:37:45,209 INFO o.a.j.s.SaveService: Using SaveService properties version 5.0
2026-10-09 11:37:45,211 INFO o.a.j.s.SaveService: Using SaveService properties file encoding UTF-8
2026-10-09 11:37:45,212 INFO o.a.j.s.SaveService: Loading file: C:\Users\josep\Downloads\loadtest\triage.jmx
2026-10-09 11:37:45,240 INFO o.a.j.p.h.s.HTTPSamplerBase: Parser for text/html is org.apache.jmeter.protocol.http.parser.LagartoBasedHtmlParser
2026-10-09 11:37:45,240 INFO o.a.j.p.h.s.HTTPSamplerBase: Parser for application/xhtml+xml is org.apache.jmeter.protocol.http.parser.LagartoBasedHtmlParser
2026-10-09 11:37:45,240 INFO o.a.j.p.h.s.HTTPSamplerBase: Parser for application/xml is org.apache.jmeter.protocol.http.parser.LagartoBasedHtmlParser
2026-10-09 11:37:45,240 INFO o.a.j.p.h.s.HTTPSamplerBase: Parser for text/xml is org.apache.jmeter.protocol.http.parser.LagartoBasedHtmlParser
2026-10-09 11:37:45,240 INFO o.a.j.p.h.s.HTTPSamplerBase: Parser for text/vnd.wap.wml is org.apache.jmeter.protocol.http.parser.RegexpHTMLParser
2026-10-09 11:37:45,240 INFO o.a.j.p.h.s.HTTPSamplerBase: Parser for text/css is org.apache.jmeter.protocol.http.parser.CssParser
2026-10-09 11:37:45,246 INFO o.a.j.JMeter: Creating summariser <summary>
2026-10-09 11:37:45,257 INFO o.a.j.e.StandardJMeterEngine: Running the test!
2026-10-09 11:37:45,257 INFO o.a.j.s.SampleEvent: List of sample_variables: [req_id, row, term]
2026-10-09 11:37:45,257 INFO o.a.j.s.SampleEvent: List of sample_variables: [req_id, row, term]
2026-10-09 11:37:45,259 INFO o.a.j.e.u.CompoundVariable: Note: Function class names must contain the string: '.functions.'
2026-10-09 11:37:45,259 INFO o.a.j.e.u.CompoundVariable: Note: Function class names must not contain the string: '.gui.'
2026-10-09 11:37:45,295 INFO o.a.j.JMeter: Running test (1791517065295)
2026-10-09 11:37:45,306 INFO o.a.j.e.StandardJMeterEngine: Starting ThreadGroup: 1 : Ticket intake
2026-10-09 11:37:45,306 INFO o.a.j.e.StandardJMeterEngine: Starting 0 threads for group Ticket intake.
2026-10-09 11:37:45,306 INFO o.a.j.e.StandardJMeterEngine: Thread will continue on error
2026-10-09 11:37:45,306 INFO o.a.j.t.o.OpenModelThreadGroup: Starting OpenModelThreadGroup#1 with schedule rate(334/hour) random_arrivals(60 min) rate(334/hour)
2026-10-09 11:37:45,322 INFO o.a.j.e.StandardJMeterEngine: Starting ThreadGroup: 2 : Agent search
2026-10-09 11:37:45,322 INFO o.a.j.e.StandardJMeterEngine: Starting 0 threads for group Agent search.
2026-10-09 11:37:45,322 INFO o.a.j.e.StandardJMeterEngine: Thread will continue on error
2026-10-09 11:37:45,322 INFO o.a.j.t.o.OpenModelThreadGroup: Starting OpenModelThreadGroup#2 with schedule rate(0/hour) random_arrivals(1 min)
2026-10-09 11:37:45,322 INFO o.a.j.e.StandardJMeterEngine: All thread groups have been started
2026-10-09 11:37:45,322 INFO o.a.j.t.o.OpenModelThreadGroup: Thread starting init
2026-10-09 11:37:45,323 INFO o.a.j.t.o.OpenModelThreadGroup: Thread starting init
2026-10-09 11:37:45,326 INFO o.a.j.t.o.PoissonArrivalsRamp: Generating 0 events, beginRate = 0.0 / sec, endRate = 0.0 / sec, duration = 60.0 sec
2026-10-09 11:37:45,326 INFO o.a.j.t.o.PoissonArrivalsRamp: Generating 334 events, beginRate = 0.09277777777777778 / sec, endRate = 0.09277777777777778 / sec, duration = 3600.0 sec
2026-10-09 11:37:45,327 INFO o.a.j.t.o.OpenModelThreadGroup: There will be no more events, so will wait for 59 sec till the end of the schedule
2026-10-09 11:37:46,303 INFO o.a.j.t.JMeterThread: Thread started: Ticket intake 1-1
2026-10-09 11:37:46,304 INFO o.a.j.s.FileServer: Stored: tickets.tsv
2026-10-09 11:37:46,317 INFO o.a.j.p.h.s.HTTPHCAbstractImpl: Local host = LAPTOP-JVTGMMI4
2026-10-09 11:37:46,320 INFO o.a.j.p.h.s.HTTPHC4Impl: HTTP request retry count = 0
2026-10-09 11:37:46,320 INFO o.a.j.s.SampleResult: Note: Sample TimeStamps are START times
2026-10-09 11:37:46,320 INFO o.a.j.s.SampleResult: sampleresult.default.encoding is set to UTF-8
2026-10-09 11:37:46,320 INFO o.a.j.s.SampleResult: sampleresult.useNanoTime=true
2026-10-09 11:37:46,320 INFO o.a.j.s.SampleResult: sampleresult.nanoThreadSleep=5000
2026-10-09 11:37:46,532 INFO o.a.j.t.JMeterThread: Thread started: Ticket intake 1-2
2026-10-09 11:37:59,799 INFO o.a.j.t.JMeterThread: Thread is done: Ticket intake 1-1
2026-10-09 11:37:59,799 INFO o.a.j.t.JMeterThread: Thread finished: Ticket intake 1-1
2026-10-09 11:38:09,626 INFO o.a.j.t.JMeterThread: Thread is done: Ticket intake 1-2
2026-10-09 11:38:09,626 INFO o.a.j.t.JMeterThread: Thread finished: Ticket intake 1-2
2026-10-09 11:38:27,506 INFO o.a.j.t.JMeterThread: Thread started: Ticket intake 1-3
2026-10-09 11:38:33,488 INFO o.a.j.t.JMeterThread: Thread started: Ticket intake 1-4
2026-10-09 11:38:39,422 INFO o.a.j.t.JMeterThread: Thread is done: Ticket intake 1-3
2026-10-09 11:38:39,422 INFO o.a.j.t.JMeterThread: Thread finished: Ticket intake 1-3
2026-10-09 11:38:39,992 INFO o.a.j.t.JMeterThread: Thread started: Ticket intake 1-5
2026-10-09 11:38:45,257 INFO o.a.j.t.o.OpenModelThreadGroup: There will be no more events, will shutdown the thread pool
2026-10-09 11:38:45,257 INFO o.a.j.t.o.OpenModelThreadGroup: Thread starting done
2026-10-09 11:38:49,190 INFO o.a.j.t.JMeterThread: Thread started: Ticket intake 1-6
2026-10-09 11:38:51,613 INFO o.a.j.t.JMeterThread: Thread is done: Ticket intake 1-4
2026-10-09 11:38:51,614 INFO o.a.j.t.JMeterThread: Thread finished: Ticket intake 1-4
2026-10-09 11:38:54,602 INFO o.a.j.t.JMeterThread: Thread started: Ticket intake 1-7
2026-10-09 11:39:04,510 INFO o.a.j.r.Summariser: summary +      5 in 00:01:19 =    0.1/s Avg: 18219 Min: 11915 Max: 24517 Err:     0 (0.00%) Active: 3 Started: 7 Finished: 4
2026-10-09 11:39:04,511 INFO o.a.j.t.JMeterThread: Thread is done: Ticket intake 1-5
2026-10-09 11:39:04,511 INFO o.a.j.t.JMeterThread: Thread finished: Ticket intake 1-5
2026-10-09 11:39:09,573 INFO o.a.j.t.JMeterThread: Thread started: Ticket intake 1-8
2026-10-09 11:39:10,610 INFO o.a.j.t.JMeterThread: Thread started: Ticket intake 1-9
2026-10-09 11:39:11,907 INFO o.a.j.t.JMeterThread: Thread is done: Ticket intake 1-6
2026-10-09 11:39:11,907 INFO o.a.j.t.JMeterThread: Thread finished: Ticket intake 1-6
2026-10-09 11:39:16,993 INFO o.a.j.t.JMeterThread: Thread started: Ticket intake 1-10
2026-10-09 11:39:22,735 INFO o.a.j.t.JMeterThread: Thread is done: Ticket intake 1-7
2026-10-09 11:39:22,735 INFO o.a.j.t.JMeterThread: Thread finished: Ticket intake 1-7
2026-10-09 11:39:30,721 INFO o.a.j.r.Summariser: summary +      3 in 00:00:26 =    0.1/s Avg: 23999 Min: 21148 Max: 28134 Err:     0 (0.00%) Active: 3 Started: 10 Finished: 7
2026-10-09 11:39:30,722 INFO o.a.j.r.Summariser: summary =      8 in 00:01:45 =    0.1/s Avg: 20386 Min: 11915 Max: 28134 Err:     0 (0.00%)
2026-10-09 11:39:30,722 INFO o.a.j.t.JMeterThread: Thread is done: Ticket intake 1-8
2026-10-09 11:39:30,722 INFO o.a.j.t.JMeterThread: Thread finished: Ticket intake 1-8
2026-10-09 11:39:40,245 INFO o.a.j.t.JMeterThread: Thread is done: Ticket intake 1-9
2026-10-09 11:39:40,245 INFO o.a.j.t.JMeterThread: Thread finished: Ticket intake 1-9
2026-10-09 11:39:41,654 INFO o.a.j.t.JMeterThread: Thread started: Ticket intake 1-11
2026-10-09 11:39:47,187 INFO o.a.j.t.JMeterThread: Thread started: Ticket intake 1-12
2026-10-09 11:39:49,898 INFO o.a.j.t.JMeterThread: Thread is done: Ticket intake 1-10
2026-10-09 11:39:49,898 INFO o.a.j.t.JMeterThread: Thread finished: Ticket intake 1-10
2026-10-09 11:39:52,912 INFO o.a.j.t.JMeterThread: Thread started: Ticket intake 1-13
2026-10-09 11:39:58,490 INFO o.a.j.t.JMeterThread: Thread started: Ticket intake 1-14
2026-10-09 11:40:03,386 INFO o.a.j.r.Summariser: summary +      3 in 00:00:33 =    0.1/s Avg: 28090 Min: 21732 Max: 32904 Err:     0 (0.00%) Active: 4 Started: 14 Finished: 10
2026-10-09 11:40:03,386 INFO o.a.j.r.Summariser: summary =     11 in 00:02:18 =    0.1/s Avg: 22487 Min: 11915 Max: 32904 Err:     0 (0.00%)
2026-10-09 11:40:03,387 INFO o.a.j.t.JMeterThread: Thread is done: Ticket intake 1-11
2026-10-09 11:40:03,387 INFO o.a.j.t.JMeterThread: Thread finished: Ticket intake 1-11
2026-10-09 11:40:06,280 INFO o.a.j.t.JMeterThread: Thread started: Ticket intake 1-15
2026-10-09 11:40:13,081 INFO o.a.j.t.JMeterThread: Thread started: Ticket intake 1-16
2026-10-09 11:40:14,651 INFO o.a.j.t.JMeterThread: Thread started: Ticket intake 1-17
2026-10-09 11:40:14,972 INFO o.a.j.t.JMeterThread: Thread is done: Ticket intake 1-12
2026-10-09 11:40:14,973 INFO o.a.j.t.JMeterThread: Thread finished: Ticket intake 1-12
2026-10-09 11:40:26,322 INFO o.a.j.t.JMeterThread: Thread is done: Ticket intake 1-13
2026-10-09 11:40:26,322 INFO o.a.j.t.JMeterThread: Thread finished: Ticket intake 1-13
2026-10-09 11:40:34,642 INFO o.a.j.t.JMeterThread: Thread started: Ticket intake 1-18
2026-10-09 11:40:34,981 INFO o.a.j.t.JMeterThread: Thread started: Ticket intake 1-19
2026-10-09 11:40:38,200 INFO o.a.j.t.JMeterThread: Thread is done: Ticket intake 1-14
2026-10-09 11:40:38,201 INFO o.a.j.t.JMeterThread: Thread finished: Ticket intake 1-14
2026-10-09 11:40:40,705 INFO o.a.j.t.JMeterThread: Thread started: Ticket intake 1-20
2026-10-09 11:40:46,391 INFO o.a.j.t.JMeterThread: Thread is done: Ticket intake 1-15
2026-10-09 11:40:46,391 INFO o.a.j.t.JMeterThread: Thread finished: Ticket intake 1-15
2026-10-09 11:40:55,169 INFO o.a.j.t.JMeterThread: Thread started: Ticket intake 1-21
2026-10-09 11:40:56,119 INFO o.a.j.t.JMeterThread: Thread is done: Ticket intake 1-16
2026-10-09 11:40:56,119 INFO o.a.j.t.JMeterThread: Thread finished: Ticket intake 1-16
2026-10-09 11:41:08,033 INFO o.a.j.t.JMeterThread: Thread started: Ticket intake 1-22
2026-10-09 11:41:09,506 INFO o.a.j.t.JMeterThread: Thread is done: Ticket intake 1-17
2026-10-09 11:41:09,506 INFO o.a.j.t.JMeterThread: Thread finished: Ticket intake 1-17
2026-10-09 11:41:22,741 INFO o.a.j.t.JMeterThread: Thread is done: Ticket intake 1-18
2026-10-09 11:41:22,742 INFO o.a.j.t.JMeterThread: Thread finished: Ticket intake 1-18
2026-10-09 11:41:33,964 INFO o.a.j.t.JMeterThread: Thread started: Ticket intake 1-23
2026-10-09 11:41:35,337 INFO o.a.j.r.Summariser: summary +      8 in 00:01:32 =    0.1/s Avg: 43422 Min: 27786 Max: 60359 Err:     0 (0.00%) Active: 5 Started: 23 Finished: 18
2026-10-09 11:41:35,337 INFO o.a.j.r.Summariser: summary =     19 in 00:03:50 =    0.1/s Avg: 31302 Min: 11915 Max: 60359 Err:     0 (0.00%)
2026-10-09 11:41:35,337 INFO o.a.j.t.JMeterThread: Thread is done: Ticket intake 1-19
2026-10-09 11:41:35,337 INFO o.a.j.t.JMeterThread: Thread finished: Ticket intake 1-19
2026-10-09 11:41:37,455 INFO o.a.j.t.JMeterThread: Thread started: Ticket intake 1-24
2026-10-09 11:41:49,263 INFO o.a.j.t.JMeterThread: Thread is done: Ticket intake 1-20
2026-10-09 11:41:49,263 INFO o.a.j.t.JMeterThread: Thread finished: Ticket intake 1-20
2026-10-09 11:42:03,186 INFO o.a.j.r.Summariser: summary +      2 in 00:00:28 =    0.1/s Avg: 68292 Min: 68021 Max: 68563 Err:     0 (0.00%) Active: 4 Started: 24 Finished: 20
2026-10-09 11:42:03,187 INFO o.a.j.r.Summariser: summary =     21 in 00:04:18 =    0.1/s Avg: 34825 Min: 11915 Max: 68563 Err:     0 (0.00%)
2026-10-09 11:42:03,187 INFO o.a.j.t.JMeterThread: Thread is done: Ticket intake 1-21
2026-10-09 11:42:03,187 INFO o.a.j.t.JMeterThread: Thread finished: Ticket intake 1-21
2026-10-09 11:42:03,422 INFO o.a.j.t.JMeterThread: Thread started: Ticket intake 1-25
2026-10-09 11:42:13,427 INFO o.a.j.t.JMeterThread: Thread is done: Ticket intake 1-22
2026-10-09 11:42:13,427 INFO o.a.j.t.JMeterThread: Thread finished: Ticket intake 1-22
2026-10-09 11:42:14,692 INFO o.a.j.t.JMeterThread: Thread started: Ticket intake 1-26
2026-10-09 11:42:24,998 INFO o.a.j.t.JMeterThread: Thread is done: Ticket intake 1-23
2026-10-09 11:42:24,998 INFO o.a.j.t.JMeterThread: Thread finished: Ticket intake 1-23
2026-10-09 11:42:26,958 INFO o.a.j.t.JMeterThread: Thread started: Ticket intake 1-27
2026-10-09 11:42:35,544 INFO o.a.j.r.Summariser: summary +      3 in 00:00:32 =    0.1/s Avg: 58174 Min: 51036 Max: 65396 Err:     0 (0.00%) Active: 4 Started: 27 Finished: 23
2026-10-09 11:42:35,544 INFO o.a.j.r.Summariser: summary =     24 in 00:04:50 =    0.1/s Avg: 37743 Min: 11915 Max: 68563 Err:     0 (0.00%)
2026-10-09 11:42:35,545 INFO o.a.j.t.JMeterThread: Thread is done: Ticket intake 1-24
2026-10-09 11:42:35,545 INFO o.a.j.t.JMeterThread: Thread finished: Ticket intake 1-24
2026-10-09 11:42:43,011 INFO o.a.j.t.JMeterThread: Thread started: Ticket intake 1-28
2026-10-09 11:42:45,886 INFO o.a.j.t.JMeterThread: Thread is done: Ticket intake 1-25
2026-10-09 11:42:45,886 INFO o.a.j.t.JMeterThread: Thread finished: Ticket intake 1-25
2026-10-09 11:42:54,282 INFO o.a.j.t.JMeterThread: Thread is done: Ticket intake 1-26
2026-10-09 11:42:54,282 INFO o.a.j.t.JMeterThread: Thread finished: Ticket intake 1-26
2026-10-09 11:43:03,270 INFO o.a.j.t.JMeterThread: Thread started: Ticket intake 1-29
2026-10-09 11:43:04,054 INFO o.a.j.r.Summariser: summary +      3 in 00:00:29 =    0.1/s Avg: 39717 Min: 37097 Max: 42465 Err:     0 (0.00%) Active: 3 Started: 29 Finished: 26
2026-10-09 11:43:04,054 INFO o.a.j.r.Summariser: summary =     27 in 00:05:19 =    0.1/s Avg: 37963 Min: 11915 Max: 68563 Err:     0 (0.00%)
2026-10-09 11:43:04,055 INFO o.a.j.t.JMeterThread: Thread is done: Ticket intake 1-27
2026-10-09 11:43:04,055 INFO o.a.j.t.JMeterThread: Thread finished: Ticket intake 1-27
2026-10-09 11:43:06,289 INFO o.a.j.t.JMeterThread: Thread started: Ticket intake 1-30
2026-10-09 11:43:07,630 INFO o.a.j.t.JMeterThread: Thread started: Ticket intake 1-31
2026-10-09 11:43:17,013 INFO o.a.j.t.JMeterThread: Thread is done: Ticket intake 1-28
2026-10-09 11:43:17,014 INFO o.a.j.t.JMeterThread: Thread finished: Ticket intake 1-28
2026-10-09 11:43:26,023 INFO o.a.j.t.JMeterThread: Thread started: Ticket intake 1-32
2026-10-09 11:43:29,812 INFO o.a.j.t.JMeterThread: Thread is done: Ticket intake 1-29
2026-10-09 11:43:29,813 INFO o.a.j.t.JMeterThread: Thread finished: Ticket intake 1-29
2026-10-09 11:43:33,721 INFO o.a.j.t.JMeterThread: Thread started: Ticket intake 1-33
2026-10-09 11:43:34,659 INFO o.a.j.t.JMeterThread: Thread started: Ticket intake 1-34
2026-10-09 11:43:40,564 INFO o.a.j.t.JMeterThread: Thread is done: Ticket intake 1-30
2026-10-09 11:43:40,564 INFO o.a.j.t.JMeterThread: Thread finished: Ticket intake 1-30
2026-10-09 11:43:50,051 INFO o.a.j.t.JMeterThread: Thread started: Ticket intake 1-35
2026-10-09 11:43:52,343 INFO o.a.j.t.JMeterThread: Thread is done: Ticket intake 1-31
2026-10-09 11:43:52,343 INFO o.a.j.t.JMeterThread: Thread finished: Ticket intake 1-31
2026-10-09 11:43:52,375 INFO o.a.j.t.JMeterThread: Thread started: Ticket intake 1-36
2026-10-09 11:43:58,448 INFO o.a.j.t.JMeterThread: Thread started: Ticket intake 1-37
2026-10-09 11:43:59,523 INFO o.a.j.t.JMeterThread: Thread started: Ticket intake 1-38
2026-10-09 11:43:59,564 INFO o.a.j.t.JMeterThread: Thread started: Ticket intake 1-39
2026-10-09 11:44:00,708 INFO o.a.j.r.Summariser: summary +      5 in 00:00:57 =    0.1/s Avg: 34844 Min: 26543 Max: 44715 Err:     0 (0.00%) Active: 8 Started: 39 Finished: 31
2026-10-09 11:44:00,709 INFO o.a.j.r.Summariser: summary =     32 in 00:06:15 =    0.1/s Avg: 37475 Min: 11915 Max: 68563 Err:     0 (0.00%)
2026-10-09 11:44:00,709 INFO o.a.j.t.JMeterThread: Thread is done: Ticket intake 1-32
2026-10-09 11:44:00,709 INFO o.a.j.t.JMeterThread: Thread finished: Ticket intake 1-32
2026-10-09 11:44:01,204 INFO o.a.j.t.JMeterThread: Thread started: Ticket intake 1-40
2026-10-09 11:44:06,466 INFO o.a.j.t.JMeterThread: Thread started: Ticket intake 1-41
2026-10-09 11:44:09,646 INFO o.a.j.t.JMeterThread: Thread is done: Ticket intake 1-33
2026-10-09 11:44:09,646 INFO o.a.j.t.JMeterThread: Thread finished: Ticket intake 1-33
2026-10-09 11:44:17,323 INFO o.a.j.t.JMeterThread: Thread is done: Ticket intake 1-34
2026-10-09 11:44:17,323 INFO o.a.j.t.JMeterThread: Thread finished: Ticket intake 1-34
2026-10-09 11:44:24,375 INFO o.a.j.t.JMeterThread: Thread is done: Ticket intake 1-35
2026-10-09 11:44:24,375 INFO o.a.j.t.JMeterThread: Thread finished: Ticket intake 1-35
2026-10-09 11:44:24,638 INFO o.a.j.t.JMeterThread: Thread started: Ticket intake 1-42
2026-10-09 11:44:26,303 INFO o.a.j.t.JMeterThread: Thread started: Ticket intake 1-43
2026-10-09 11:44:31,865 INFO o.a.j.r.Summariser: summary +      4 in 00:00:31 =    0.1/s Avg: 38102 Min: 34325 Max: 42667 Err:     0 (0.00%) Active: 8 Started: 43 Finished: 35
2026-10-09 11:44:31,865 INFO o.a.j.r.Summariser: summary =     36 in 00:06:47 =    0.1/s Avg: 37545 Min: 11915 Max: 68563 Err:     0 (0.00%)
2026-10-09 11:44:31,865 INFO o.a.j.t.JMeterThread: Thread is done: Ticket intake 1-36
2026-10-09 11:44:31,865 INFO o.a.j.t.JMeterThread: Thread finished: Ticket intake 1-36
2026-10-09 11:44:40,575 INFO o.a.j.t.JMeterThread: Thread is done: Ticket intake 1-37
2026-10-09 11:44:40,576 INFO o.a.j.t.JMeterThread: Thread finished: Ticket intake 1-37
2026-10-09 11:44:51,213 INFO o.a.j.t.JMeterThread: Thread is done: Ticket intake 1-38
2026-10-09 11:44:51,214 INFO o.a.j.t.JMeterThread: Thread finished: Ticket intake 1-38
2026-10-09 11:44:52,601 INFO o.a.j.t.JMeterThread: Thread started: Ticket intake 1-44
2026-10-09 11:44:55,278 INFO o.a.j.t.JMeterThread: Thread started: Ticket intake 1-45
2026-10-09 11:45:04,699 INFO o.a.j.r.Summariser: summary +      3 in 00:00:33 =    0.1/s Avg: 52987 Min: 42129 Max: 65139 Err:     0 (0.00%) Active: 7 Started: 45 Finished: 38
2026-10-09 11:45:04,699 INFO o.a.j.r.Summariser: summary =     39 in 00:07:19 =    0.1/s Avg: 38733 Min: 11915 Max: 68563 Err:     0 (0.00%)
2026-10-09 11:45:04,700 INFO o.a.j.t.JMeterThread: Thread is done: Ticket intake 1-39
2026-10-09 11:45:04,700 INFO o.a.j.t.JMeterThread: Thread finished: Ticket intake 1-39
2026-10-09 11:45:16,597 INFO o.a.j.t.JMeterThread: Thread is done: Ticket intake 1-40
2026-10-09 11:45:16,598 INFO o.a.j.t.JMeterThread: Thread finished: Ticket intake 1-40
2026-10-09 11:45:28,590 INFO o.a.j.t.JMeterThread: Thread is done: Ticket intake 1-41
2026-10-09 11:45:28,590 INFO o.a.j.t.JMeterThread: Thread finished: Ticket intake 1-41
2026-10-09 11:45:31,967 INFO o.a.j.t.JMeterThread: Thread started: Ticket intake 1-46
2026-10-09 11:45:33,895 INFO o.a.j.t.JMeterThread: Thread started: Ticket intake 1-47
2026-10-09 11:45:37,759 INFO o.a.j.t.JMeterThread: Thread started: Ticket intake 1-48
2026-10-09 11:45:41,288 INFO o.a.j.t.JMeterThread: Thread is done: Ticket intake 1-42
2026-10-09 11:45:41,288 INFO o.a.j.t.JMeterThread: Thread finished: Ticket intake 1-42
2026-10-09 11:45:55,191 INFO o.a.j.t.JMeterThread: Thread started: Ticket intake 1-49
2026-10-09 11:45:55,315 INFO o.a.j.t.JMeterThread: Thread is done: Ticket intake 1-43
2026-10-09 11:45:55,315 INFO o.a.j.t.JMeterThread: Thread finished: Ticket intake 1-43
2026-10-09 11:45:56,161 INFO o.a.j.t.JMeterThread: Thread started: Ticket intake 1-50
2026-10-09 11:45:56,513 INFO o.a.j.t.JMeterThread: Thread started: Ticket intake 1-51
2026-10-09 11:45:58,085 INFO o.a.j.t.JMeterThread: Thread started: Ticket intake 1-52
2026-10-09 11:45:58,612 INFO o.a.j.t.JMeterThread: Thread started: Ticket intake 1-53
2026-10-09 11:46:04,712 INFO o.a.j.t.JMeterThread: Thread started: Ticket intake 1-54
2026-10-09 11:46:05,977 INFO o.a.j.t.JMeterThread: Thread started: Ticket intake 1-55
2026-10-09 11:46:10,673 INFO o.a.j.t.JMeterThread: Thread is done: Ticket intake 1-44
2026-10-09 11:46:10,674 INFO o.a.j.t.JMeterThread: Thread finished: Ticket intake 1-44
2026-10-09 11:46:13,953 INFO o.a.j.t.JMeterThread: Thread started: Ticket intake 1-56
2026-10-09 11:46:18,264 INFO o.a.j.t.JMeterThread: Thread is done: Ticket intake 1-45
2026-10-09 11:46:18,264 INFO o.a.j.t.JMeterThread: Thread finished: Ticket intake 1-45
2026-10-09 11:46:28,900 INFO o.a.j.t.JMeterThread: Thread is done: Ticket intake 1-46
2026-10-09 11:46:28,900 INFO o.a.j.t.JMeterThread: Thread finished: Ticket intake 1-46
2026-10-09 11:46:29,013 INFO o.a.j.t.JMeterThread: Thread started: Ticket intake 1-57
2026-10-09 11:46:32,528 INFO o.a.j.t.JMeterThread: Thread started: Ticket intake 1-58
2026-10-09 11:46:34,254 INFO o.a.j.t.JMeterThread: Thread started: Ticket intake 1-59
2026-10-09 11:46:42,519 INFO o.a.j.t.JMeterThread: Thread is done: Ticket intake 1-47
2026-10-09 11:46:42,520 INFO o.a.j.t.JMeterThread: Thread finished: Ticket intake 1-47
2026-10-09 11:46:49,892 INFO o.a.j.t.JMeterThread: Thread is done: Ticket intake 1-48
2026-10-09 11:46:49,893 INFO o.a.j.t.JMeterThread: Thread finished: Ticket intake 1-48
2026-10-09 11:46:58,187 INFO o.a.j.t.JMeterThread: Thread is done: Ticket intake 1-49
2026-10-09 11:46:58,187 INFO o.a.j.t.JMeterThread: Thread finished: Ticket intake 1-49
2026-10-09 11:47:05,259 INFO o.a.j.t.JMeterThread: Thread started: Ticket intake 1-60
2026-10-09 11:47:06,172 INFO o.a.j.t.JMeterThread: Thread is done: Ticket intake 1-50
2026-10-09 11:47:06,172 INFO o.a.j.t.JMeterThread: Thread finished: Ticket intake 1-50
2026-10-09 11:47:06,399 INFO o.a.j.t.JMeterThread: Thread started: Ticket intake 1-61
2026-10-09 11:47:18,357 INFO o.a.j.t.JMeterThread: Thread is done: Ticket intake 1-51
2026-10-09 11:47:18,357 INFO o.a.j.t.JMeterThread: Thread finished: Ticket intake 1-51
2026-10-09 11:47:18,463 INFO o.a.j.t.JMeterThread: Thread started: Ticket intake 1-62
2026-10-09 11:47:20,331 INFO o.a.j.t.JMeterThread: Thread started: Ticket intake 1-63
2026-10-09 11:47:24,591 INFO o.a.j.t.JMeterThread: Thread started: Ticket intake 1-64
2026-10-09 11:47:28,766 INFO o.a.j.t.JMeterThread: Thread is done: Ticket intake 1-52
2026-10-09 11:47:28,767 INFO o.a.j.t.JMeterThread: Thread finished: Ticket intake 1-52
2026-10-09 11:47:31,366 INFO o.a.j.t.JMeterThread: Thread started: Ticket intake 1-65
2026-10-09 11:47:36,790 INFO o.a.j.t.JMeterThread: Thread is done: Ticket intake 1-53
2026-10-09 11:47:36,790 INFO o.a.j.t.JMeterThread: Thread finished: Ticket intake 1-53
2026-10-09 11:47:48,656 INFO o.a.j.t.JMeterThread: Thread started: Ticket intake 1-66
2026-10-09 11:47:49,692 INFO o.a.j.t.JMeterThread: Thread is done: Ticket intake 1-54
2026-10-09 11:47:49,692 INFO o.a.j.t.JMeterThread: Thread finished: Ticket intake 1-54
2026-10-09 11:47:51,786 INFO o.a.j.t.JMeterThread: Thread started: Ticket intake 1-67
2026-10-09 11:47:52,976 INFO o.a.j.t.JMeterThread: Thread started: Ticket intake 1-68
2026-10-09 11:47:58,256 INFO o.a.j.t.JMeterThread: Thread started: Ticket intake 1-69
2026-10-09 11:47:58,395 INFO o.a.j.t.JMeterThread: Thread is done: Ticket intake 1-55
2026-10-09 11:47:58,395 INFO o.a.j.t.JMeterThread: Thread finished: Ticket intake 1-55
2026-10-09 11:48:09,659 INFO o.a.j.t.JMeterThread: Thread is done: Ticket intake 1-56
2026-10-09 11:48:09,659 INFO o.a.j.t.JMeterThread: Thread finished: Ticket intake 1-56
2026-10-09 11:48:14,445 INFO o.a.j.t.JMeterThread: Thread started: Ticket intake 1-70
2026-10-09 11:48:18,773 INFO o.a.j.t.JMeterThread: Thread is done: Ticket intake 1-57
2026-10-09 11:48:18,773 INFO o.a.j.t.JMeterThread: Thread finished: Ticket intake 1-57
2026-10-09 11:48:25,622 INFO o.a.j.t.JMeterThread: Thread is done: Ticket intake 1-58
2026-10-09 11:48:25,622 INFO o.a.j.t.JMeterThread: Thread finished: Ticket intake 1-58
2026-10-09 11:48:35,209 INFO o.a.j.t.JMeterThread: Thread started: Ticket intake 1-71
2026-10-09 11:48:36,260 INFO o.a.j.t.JMeterThread: Thread started: Ticket intake 1-72
2026-10-09 11:48:39,048 INFO o.a.j.t.JMeterThread: Thread is done: Ticket intake 1-59
2026-10-09 11:48:39,048 INFO o.a.j.t.JMeterThread: Thread finished: Ticket intake 1-59
2026-10-09 11:48:41,611 INFO o.a.j.t.JMeterThread: Thread started: Ticket intake 1-73
2026-10-09 11:48:49,383 INFO o.a.j.t.JMeterThread: Thread is done: Ticket intake 1-60
2026-10-09 11:48:49,383 INFO o.a.j.t.JMeterThread: Thread finished: Ticket intake 1-60
2026-10-09 11:48:50,540 INFO o.a.j.t.JMeterThread: Thread started: Ticket intake 1-74
2026-10-09 11:48:57,786 INFO o.a.j.t.JMeterThread: Thread is done: Ticket intake 1-61
2026-10-09 11:48:57,786 INFO o.a.j.t.JMeterThread: Thread finished: Ticket intake 1-61
2026-10-09 11:49:08,643 INFO o.a.j.t.JMeterThread: Thread started: Ticket intake 1-75
2026-10-09 11:49:10,417 INFO o.a.j.t.JMeterThread: Thread is done: Ticket intake 1-62
2026-10-09 11:49:10,417 INFO o.a.j.t.JMeterThread: Thread finished: Ticket intake 1-62
2026-10-09 11:49:15,575 INFO o.a.j.t.JMeterThread: Thread started: Ticket intake 1-76
2026-10-09 11:49:18,719 INFO o.a.j.t.JMeterThread: Thread is done: Ticket intake 1-63
2026-10-09 11:49:18,719 INFO o.a.j.t.JMeterThread: Thread finished: Ticket intake 1-63
2026-10-09 11:49:21,510 INFO o.a.j.t.JMeterThread: Thread started: Ticket intake 1-77
2026-10-09 11:49:24,409 INFO o.a.j.t.JMeterThread: Thread started: Ticket intake 1-78
2026-10-09 11:49:26,558 INFO o.a.j.t.JMeterThread: Thread is done: Ticket intake 1-64
2026-10-09 11:49:26,558 INFO o.a.j.t.JMeterThread: Thread finished: Ticket intake 1-64
2026-10-09 11:49:33,332 INFO o.a.j.t.JMeterThread: Thread started: Ticket intake 1-79
2026-10-09 11:49:38,417 INFO o.a.j.t.JMeterThread: Thread is done: Ticket intake 1-65
2026-10-09 11:49:38,417 INFO o.a.j.t.JMeterThread: Thread finished: Ticket intake 1-65
2026-10-09 11:49:47,105 INFO o.a.j.t.JMeterThread: Thread is done: Ticket intake 1-66
2026-10-09 11:49:47,105 INFO o.a.j.t.JMeterThread: Thread finished: Ticket intake 1-66
2026-10-09 11:49:48,708 INFO o.a.j.t.JMeterThread: Thread started: Ticket intake 1-80
2026-10-09 11:49:52,760 INFO o.a.j.t.JMeterThread: Thread started: Ticket intake 1-81
2026-10-09 11:49:55,388 INFO o.a.j.t.JMeterThread: Thread is done: Ticket intake 1-67
2026-10-09 11:49:55,388 INFO o.a.j.t.JMeterThread: Thread finished: Ticket intake 1-67
2026-10-09 11:50:04,275 INFO o.a.j.r.Summariser: summary +     29 in 00:05:00 =    0.1/s Avg: 97749 Min: 56935 Max: 131305 Err:     0 (0.00%) Active: 14 Started: 81 Finished: 67
2026-10-09 11:50:04,276 INFO o.a.j.r.Summariser: summary =     68 in 00:12:19 =    0.1/s Avg: 63902 Min: 11915 Max: 131305 Err:     0 (0.00%)
2026-10-09 11:50:04,276 INFO o.a.j.t.JMeterThread: Thread is done: Ticket intake 1-68
2026-10-09 11:50:04,276 INFO o.a.j.t.JMeterThread: Thread finished: Ticket intake 1-68
2026-10-09 11:50:11,846 INFO o.a.j.t.JMeterThread: Thread is done: Ticket intake 1-69
2026-10-09 11:50:11,846 INFO o.a.j.t.JMeterThread: Thread finished: Ticket intake 1-69
2026-10-09 11:50:12,575 INFO o.a.j.t.JMeterThread: Thread started: Ticket intake 1-82
2026-10-09 11:50:13,195 INFO o.a.j.t.JMeterThread: Thread started: Ticket intake 1-83
2026-10-09 11:50:16,675 INFO o.a.j.t.JMeterThread: Thread started: Ticket intake 1-84
2026-10-09 11:50:24,829 INFO o.a.j.t.JMeterThread: Thread is done: Ticket intake 1-70
2026-10-09 11:50:24,829 INFO o.a.j.t.JMeterThread: Thread finished: Ticket intake 1-70
2026-10-09 11:50:26,415 INFO o.a.j.t.JMeterThread: Thread started: Ticket intake 1-85
2026-10-09 11:50:34,000 INFO o.a.j.t.JMeterThread: Thread started: Ticket intake 1-86
2026-10-09 11:50:35,850 INFO o.a.j.t.JMeterThread: Thread started: Ticket intake 1-87
2026-10-09 11:50:36,471 INFO o.a.j.t.JMeterThread: Thread is done: Ticket intake 1-71
2026-10-09 11:50:36,471 INFO o.a.j.t.JMeterThread: Thread finished: Ticket intake 1-71
2026-10-09 11:50:43,788 INFO o.a.j.t.JMeterThread: Thread started: Ticket intake 1-88
2026-10-09 11:50:43,813 INFO o.a.j.t.JMeterThread: Thread is done: Ticket intake 1-72
2026-10-09 11:50:43,813 INFO o.a.j.t.JMeterThread: Thread finished: Ticket intake 1-72
2026-10-09 11:50:52,101 INFO o.a.j.t.JMeterThread: Thread is done: Ticket intake 1-73
2026-10-09 11:50:52,101 INFO o.a.j.t.JMeterThread: Thread finished: Ticket intake 1-73
2026-10-09 11:50:54,471 INFO o.a.j.t.JMeterThread: Thread started: Ticket intake 1-89
2026-10-09 11:51:02,296 INFO o.a.j.r.Summariser: summary +      6 in 00:00:58 =    0.1/s Avg: 129178 Min: 121267 Max: 133596 Err:     0 (0.00%) Active: 16 Started: 89 Finished: 73
2026-10-09 11:51:02,296 INFO o.a.j.r.Summariser: summary =     74 in 00:13:17 =    0.1/s Avg: 69194 Min: 11915 Max: 133596 Err:     0 (0.00%)
2026-10-09 11:51:02,296 INFO o.a.j.t.JMeterThread: Thread is done: Ticket intake 1-74
2026-10-09 11:51:02,296 INFO o.a.j.t.JMeterThread: Thread finished: Ticket intake 1-74
2026-10-09 11:51:12,642 INFO o.a.j.t.JMeterThread: Thread is done: Ticket intake 1-75
2026-10-09 11:51:12,642 INFO o.a.j.t.JMeterThread: Thread finished: Ticket intake 1-75
2026-10-09 11:51:20,642 INFO o.a.j.t.JMeterThread: Thread is done: Ticket intake 1-76
2026-10-09 11:51:20,642 INFO o.a.j.t.JMeterThread: Thread finished: Ticket intake 1-76
2026-10-09 11:51:29,837 INFO o.a.j.t.JMeterThread: Thread is done: Ticket intake 1-77
2026-10-09 11:51:29,838 INFO o.a.j.t.JMeterThread: Thread finished: Ticket intake 1-77
2026-10-09 11:51:35,035 INFO o.a.j.t.JMeterThread: Thread started: Ticket intake 1-90
2026-10-09 11:51:37,400 INFO o.a.j.t.JMeterThread: Thread started: Ticket intake 1-91
2026-10-09 11:51:41,360 INFO o.a.j.t.JMeterThread: Thread started: Ticket intake 1-92
2026-10-09 11:51:42,951 INFO o.a.j.t.JMeterThread: Thread is done: Ticket intake 1-78
2026-10-09 11:51:42,951 INFO o.a.j.t.JMeterThread: Thread finished: Ticket intake 1-78
2026-10-09 11:51:43,099 INFO o.a.j.t.JMeterThread: Thread started: Ticket intake 1-93
2026-10-09 11:51:55,341 INFO o.a.j.t.JMeterThread: Thread is done: Ticket intake 1-79
2026-10-09 11:51:55,341 INFO o.a.j.t.JMeterThread: Thread finished: Ticket intake 1-79
2026-10-09 11:51:56,166 INFO o.a.j.t.JMeterThread: Thread started: Ticket intake 1-94
2026-10-09 11:52:04,065 INFO o.a.j.r.Summariser: summary +      6 in 00:01:02 =    0.1/s Avg: 132222 Min: 124004 Max: 142015 Err:     0 (0.00%) Active: 15 Started: 94 Finished: 79
2026-10-09 11:52:04,066 INFO o.a.j.r.Summariser: summary =     80 in 00:14:19 =    0.1/s Avg: 73921 Min: 11915 Max: 142015 Err:     0 (0.00%)
2026-10-09 11:52:04,066 INFO o.a.j.t.JMeterThread: Thread is done: Ticket intake 1-80
2026-10-09 11:52:04,066 INFO o.a.j.t.JMeterThread: Thread finished: Ticket intake 1-80
2026-10-09 11:52:14,388 INFO o.a.j.t.JMeterThread: Thread is done: Ticket intake 1-81
2026-10-09 11:52:14,388 INFO o.a.j.t.JMeterThread: Thread finished: Ticket intake 1-81
2026-10-09 11:52:15,149 INFO o.a.j.t.JMeterThread: Thread started: Ticket intake 1-95
2026-10-09 11:52:18,346 INFO o.a.j.t.JMeterThread: Thread started: Ticket intake 1-96
2026-10-09 11:52:25,650 INFO o.a.j.t.JMeterThread: Thread is done: Ticket intake 1-82
2026-10-09 11:52:25,650 INFO o.a.j.t.JMeterThread: Thread finished: Ticket intake 1-82
2026-10-09 11:52:34,316 INFO o.a.j.t.JMeterThread: Thread started: Ticket intake 1-97
2026-10-09 11:52:34,867 INFO o.a.j.r.Summariser: summary +      3 in 00:00:31 =    0.1/s Avg: 138797 Min: 133081 Max: 141678 Err:     0 (0.00%) Active: 15 Started: 97 Finished: 82
2026-10-09 11:52:34,867 INFO o.a.j.r.Summariser: summary =     83 in 00:14:50 =    0.1/s Avg: 76266 Min: 11915 Max: 142015 Err:     0 (0.00%)
2026-10-09 11:52:34,867 INFO o.a.j.t.JMeterThread: Thread is done: Ticket intake 1-83
2026-10-09 11:52:34,867 INFO o.a.j.t.JMeterThread: Thread finished: Ticket intake 1-83
2026-10-09 11:52:39,623 INFO o.a.j.t.JMeterThread: Thread started: Ticket intake 1-98
2026-10-09 11:52:45,323 INFO o.a.j.t.JMeterThread: Thread is done: Ticket intake 1-84
2026-10-09 11:52:45,323 INFO o.a.j.t.JMeterThread: Thread finished: Ticket intake 1-84
2026-10-09 11:52:53,605 INFO o.a.j.t.JMeterThread: Thread is done: Ticket intake 1-85
2026-10-09 11:52:53,605 INFO o.a.j.t.JMeterThread: Thread finished: Ticket intake 1-85
2026-10-09 11:53:03,739 INFO o.a.j.t.JMeterThread: Thread started: Ticket intake 1-99
2026-10-09 11:53:07,325 INFO o.a.j.t.JMeterThread: Thread is done: Ticket intake 1-86
2026-10-09 11:53:07,326 INFO o.a.j.t.JMeterThread: Thread finished: Ticket intake 1-86
2026-10-09 11:53:10,566 INFO o.a.j.t.JMeterThread: Thread started: Ticket intake 1-100
2026-10-09 11:53:13,476 INFO o.a.j.t.JMeterThread: Thread started: Ticket intake 1-101
2026-10-09 11:53:16,029 INFO o.a.j.t.JMeterThread: Thread is done: Ticket intake 1-87
2026-10-09 11:53:16,029 INFO o.a.j.t.JMeterThread: Thread finished: Ticket intake 1-87
2026-10-09 11:53:25,285 INFO o.a.j.t.JMeterThread: Thread is done: Ticket intake 1-88
2026-10-09 11:53:25,285 INFO o.a.j.t.JMeterThread: Thread finished: Ticket intake 1-88
2026-10-09 11:53:33,847 INFO o.a.j.r.Summariser: summary +      6 in 00:00:59 =    0.1/s Avg: 155043 Min: 147197 Max: 161504 Err:     0 (0.00%) Active: 13 Started: 101 Finished: 88
2026-10-09 11:53:33,847 INFO o.a.j.r.Summariser: summary =     89 in 00:15:49 =    0.1/s Avg: 81577 Min: 11915 Max: 161504 Err:     0 (0.00%)
2026-10-09 11:53:33,847 INFO o.a.j.t.JMeterThread: Thread is done: Ticket intake 1-89
2026-10-09 11:53:33,847 INFO o.a.j.t.JMeterThread: Thread finished: Ticket intake 1-89
2026-10-09 11:53:43,061 INFO o.a.j.t.JMeterThread: Thread is done: Ticket intake 1-90
2026-10-09 11:53:43,061 INFO o.a.j.t.JMeterThread: Thread finished: Ticket intake 1-90
2026-10-09 11:53:52,880 INFO o.a.j.t.JMeterThread: Thread started: Ticket intake 1-102
2026-10-09 11:53:54,067 INFO o.a.j.t.JMeterThread: Thread started: Ticket intake 1-103
2026-10-09 11:53:54,660 INFO o.a.j.t.JMeterThread: Thread is done: Ticket intake 1-91
2026-10-09 11:53:54,660 INFO o.a.j.t.JMeterThread: Thread finished: Ticket intake 1-91
2026-10-09 11:54:02,117 INFO o.a.j.t.JMeterThread: Thread started: Ticket intake 1-104
2026-10-09 11:54:02,651 INFO o.a.j.r.Summariser: summary +      3 in 00:00:29 =    0.1/s Avg: 135532 Min: 128032 Max: 141297 Err:     0 (0.00%) Active: 13 Started: 104 Finished: 91
2026-10-09 11:54:02,651 INFO o.a.j.r.Summariser: summary =     92 in 00:16:17 =    0.1/s Avg: 83336 Min: 11915 Max: 161504 Err:     0 (0.00%)
2026-10-09 11:54:02,652 INFO o.a.j.t.JMeterThread: Thread is done: Ticket intake 1-92
2026-10-09 11:54:02,652 INFO o.a.j.t.JMeterThread: Thread finished: Ticket intake 1-92
2026-10-09 11:54:14,418 INFO o.a.j.t.JMeterThread: Thread is done: Ticket intake 1-93
2026-10-09 11:54:14,418 INFO o.a.j.t.JMeterThread: Thread finished: Ticket intake 1-93
2026-10-09 11:54:14,704 INFO o.a.j.t.JMeterThread: Thread started: Ticket intake 1-105
2026-10-09 11:54:22,865 INFO o.a.j.t.JMeterThread: Thread is done: Ticket intake 1-94
2026-10-09 11:54:22,865 INFO o.a.j.t.JMeterThread: Thread finished: Ticket intake 1-94
2026-10-09 11:54:32,111 INFO o.a.j.r.Summariser: summary +      3 in 00:00:29 =    0.1/s Avg: 144999 Min: 136967 Max: 151326 Err:     0 (0.00%) Active: 11 Started: 105 Finished: 94
2026-10-09 11:54:32,111 INFO o.a.j.r.Summariser: summary =     95 in 00:16:47 =    0.1/s Avg: 85284 Min: 11915 Max: 161504 Err:     0 (0.00%)
2026-10-09 11:54:32,111 INFO o.a.j.t.JMeterThread: Thread is done: Ticket intake 1-95
2026-10-09 11:54:32,111 INFO o.a.j.t.JMeterThread: Thread finished: Ticket intake 1-95
2026-10-09 11:54:42,366 INFO o.a.j.t.JMeterThread: Thread is done: Ticket intake 1-96
2026-10-09 11:54:42,366 INFO o.a.j.t.JMeterThread: Thread finished: Ticket intake 1-96
2026-10-09 11:54:42,912 INFO o.a.j.t.JMeterThread: Thread started: Ticket intake 1-106
2026-10-09 11:54:59,278 INFO o.a.j.t.JMeterThread: Thread is done: Ticket intake 1-97
2026-10-09 11:54:59,278 INFO o.a.j.t.JMeterThread: Thread finished: Ticket intake 1-97
2026-10-09 11:55:06,916 INFO o.a.j.t.JMeterThread: Thread started: Ticket intake 1-107
2026-10-09 11:55:11,921 INFO o.a.j.t.JMeterThread: Thread is done: Ticket intake 1-107
2026-10-09 11:55:11,921 INFO o.a.j.t.JMeterThread: Thread finished: Ticket intake 1-107
2026-10-09 11:55:17,947 INFO o.a.j.t.JMeterThread: Thread started: Ticket intake 1-108
2026-10-09 11:55:21,015 INFO o.a.j.t.JMeterThread: Thread started: Ticket intake 1-109
2026-10-09 11:55:22,952 INFO o.a.j.t.JMeterThread: Thread is done: Ticket intake 1-108
2026-10-09 11:55:22,952 INFO o.a.j.t.JMeterThread: Thread finished: Ticket intake 1-108
2026-10-09 11:55:24,646 INFO o.a.j.t.JMeterThread: Thread started: Ticket intake 1-110
2026-10-09 11:55:26,018 INFO o.a.j.t.JMeterThread: Thread is done: Ticket intake 1-109
2026-10-09 11:55:26,018 INFO o.a.j.t.JMeterThread: Thread finished: Ticket intake 1-109
2026-10-09 11:55:29,649 INFO o.a.j.t.JMeterThread: Thread is done: Ticket intake 1-110
2026-10-09 11:55:29,649 INFO o.a.j.t.JMeterThread: Thread finished: Ticket intake 1-110
2026-10-09 11:55:32,923 INFO o.a.j.t.JMeterThread: Thread started: Ticket intake 1-111
2026-10-09 11:55:36,451 INFO o.a.j.t.JMeterThread: Thread started: Ticket intake 1-112
2026-10-09 11:55:37,926 INFO o.a.j.t.JMeterThread: Thread is done: Ticket intake 1-111
2026-10-09 11:55:37,927 INFO o.a.j.t.JMeterThread: Thread finished: Ticket intake 1-111
2026-10-09 11:55:41,454 INFO o.a.j.t.JMeterThread: Thread is done: Ticket intake 1-112
2026-10-09 11:55:41,454 INFO o.a.j.t.JMeterThread: Thread finished: Ticket intake 1-112
2026-10-09 11:55:46,081 INFO o.a.j.t.JMeterThread: Thread started: Ticket intake 1-113
2026-10-09 11:55:51,084 INFO o.a.j.t.JMeterThread: Thread is done: Ticket intake 1-113
2026-10-09 11:55:51,084 INFO o.a.j.t.JMeterThread: Thread finished: Ticket intake 1-113
2026-10-09 11:56:00,741 INFO o.a.j.t.JMeterThread: Thread started: Ticket intake 1-114
2026-10-09 11:56:02,736 INFO o.a.j.t.JMeterThread: Thread started: Ticket intake 1-115
2026-10-09 11:56:05,745 INFO o.a.j.r.Summariser: summary +     10 in 00:01:34 =    0.1/s Avg: 32901 Min:  5001 Max: 144969 Err:     8 (80.00%) Active: 11 Started: 115 Finished: 104
2026-10-09 11:56:05,745 INFO o.a.j.r.Summariser: summary =    105 in 00:18:20 =    0.1/s Avg: 80295 Min:  5001 Max: 161504 Err:     8 (7.62%)
2026-10-09 11:56:05,745 INFO o.a.j.t.JMeterThread: Thread is done: Ticket intake 1-114
2026-10-09 11:56:05,745 INFO o.a.j.t.JMeterThread: Thread finished: Ticket intake 1-114
2026-10-09 11:56:07,739 INFO o.a.j.t.JMeterThread: Thread is done: Ticket intake 1-115
2026-10-09 11:56:07,739 INFO o.a.j.t.JMeterThread: Thread finished: Ticket intake 1-115
2026-10-09 11:56:16,883 INFO o.a.j.t.JMeterThread: Thread started: Ticket intake 1-116
2026-10-09 11:56:21,886 INFO o.a.j.t.JMeterThread: Thread is done: Ticket intake 1-116
2026-10-09 11:56:21,887 INFO o.a.j.t.JMeterThread: Thread finished: Ticket intake 1-116
2026-10-09 11:56:25,005 INFO o.a.j.t.JMeterThread: Thread started: Ticket intake 1-117
2026-10-09 11:56:30,008 INFO o.a.j.r.Summariser: summary +      3 in 00:00:24 =    0.1/s Avg:  5002 Min:  5002 Max:  5002 Err:     3 (100.00%) Active: 10 Started: 117 Finished: 107
2026-10-09 11:56:30,009 INFO o.a.j.r.Summariser: summary =    108 in 00:18:45 =    0.1/s Avg: 78203 Min:  5001 Max: 161504 Err:    11 (10.19%)
2026-10-09 11:56:30,009 INFO o.a.j.t.JMeterThread: Thread is done: Ticket intake 1-117
2026-10-09 11:56:30,009 INFO o.a.j.t.JMeterThread: Thread finished: Ticket intake 1-117
2026-10-09 11:56:38,350 INFO o.a.j.t.JMeterThread: Thread started: Ticket intake 1-118
2026-10-09 11:56:39,947 INFO o.a.j.t.JMeterThread: Thread started: Ticket intake 1-119
2026-10-09 11:56:43,353 INFO o.a.j.t.JMeterThread: Thread is done: Ticket intake 1-118
2026-10-09 11:56:43,353 INFO o.a.j.t.JMeterThread: Thread finished: Ticket intake 1-118
2026-10-09 11:56:44,950 INFO o.a.j.t.JMeterThread: Thread is done: Ticket intake 1-119
2026-10-09 11:56:44,950 INFO o.a.j.t.JMeterThread: Thread finished: Ticket intake 1-119
2026-10-09 11:56:47,974 INFO o.a.j.t.JMeterThread: Thread started: Ticket intake 1-120
2026-10-09 11:56:50,607 INFO o.a.j.t.JMeterThread: Thread started: Ticket intake 1-121
2026-10-09 11:56:52,977 INFO o.a.j.t.JMeterThread: Thread is done: Ticket intake 1-120
2026-10-09 11:56:52,977 INFO o.a.j.t.JMeterThread: Thread finished: Ticket intake 1-120
2026-10-09 11:56:54,208 INFO o.a.j.t.JMeterThread: Thread started: Ticket intake 1-122
2026-10-09 11:56:54,555 INFO o.a.j.t.JMeterThread: Thread started: Ticket intake 1-123
2026-10-09 11:56:55,610 INFO o.a.j.t.JMeterThread: Thread is done: Ticket intake 1-121
2026-10-09 11:56:55,610 INFO o.a.j.t.JMeterThread: Thread finished: Ticket intake 1-121
2026-10-09 11:56:58,150 INFO o.a.j.t.JMeterThread: Thread started: Ticket intake 1-124
2026-10-09 11:56:58,532 INFO o.a.j.t.JMeterThread: Thread started: Ticket intake 1-125
2026-10-09 11:56:59,211 INFO o.a.j.t.JMeterThread: Thread is done: Ticket intake 1-122
2026-10-09 11:56:59,211 INFO o.a.j.t.JMeterThread: Thread finished: Ticket intake 1-122
2026-10-09 11:56:59,557 INFO o.a.j.t.JMeterThread: Thread is done: Ticket intake 1-123
2026-10-09 11:56:59,557 INFO o.a.j.t.JMeterThread: Thread finished: Ticket intake 1-123
2026-10-09 11:57:03,153 INFO o.a.j.r.Summariser: summary +      7 in 00:00:33 =    0.2/s Avg:  5002 Min:  5002 Max:  5003 Err:     7 (100.00%) Active: 11 Started: 125 Finished: 114
2026-10-09 11:57:03,154 INFO o.a.j.r.Summariser: summary =    115 in 00:19:18 =    0.1/s Avg: 73748 Min:  5001 Max: 161504 Err:    18 (15.65%)
2026-10-09 11:57:03,154 INFO o.a.j.t.JMeterThread: Thread is done: Ticket intake 1-124
2026-10-09 11:57:03,154 INFO o.a.j.t.JMeterThread: Thread finished: Ticket intake 1-124
2026-10-09 11:57:03,535 INFO o.a.j.t.JMeterThread: Thread is done: Ticket intake 1-125
2026-10-09 11:57:03,535 INFO o.a.j.t.JMeterThread: Thread finished: Ticket intake 1-125
2026-10-09 11:57:04,436 INFO o.a.j.t.JMeterThread: Thread started: Ticket intake 1-126
2026-10-09 11:57:08,333 INFO o.a.j.t.JMeterThread: Thread started: Ticket intake 1-127
2026-10-09 11:57:09,440 INFO o.a.j.t.JMeterThread: Thread is done: Ticket intake 1-126
2026-10-09 11:57:09,440 INFO o.a.j.t.JMeterThread: Thread finished: Ticket intake 1-126
2026-10-09 11:57:13,336 INFO o.a.j.t.JMeterThread: Thread is done: Ticket intake 1-127
2026-10-09 11:57:13,336 INFO o.a.j.t.JMeterThread: Thread finished: Ticket intake 1-127
2026-10-09 11:57:16,806 INFO o.a.j.t.JMeterThread: Thread started: Ticket intake 1-128
2026-10-09 11:57:20,909 INFO o.a.j.t.JMeterThread: Thread started: Ticket intake 1-129
2026-10-09 11:57:21,809 INFO o.a.j.t.JMeterThread: Thread is done: Ticket intake 1-128
2026-10-09 11:57:21,809 INFO o.a.j.t.JMeterThread: Thread finished: Ticket intake 1-128
2026-10-09 11:57:25,913 INFO o.a.j.t.JMeterThread: Thread is done: Ticket intake 1-129
2026-10-09 11:57:25,913 INFO o.a.j.t.JMeterThread: Thread finished: Ticket intake 1-129
2026-10-09 11:57:28,736 INFO o.a.j.t.JMeterThread: Thread started: Ticket intake 1-130
2026-10-09 11:57:30,523 INFO o.a.j.t.JMeterThread: Thread started: Ticket intake 1-131
2026-10-09 11:57:33,738 INFO o.a.j.r.Summariser: summary +      6 in 00:00:31 =    0.2/s Avg:  5001 Min:  5001 Max:  5003 Err:     6 (100.00%) Active: 11 Started: 131 Finished: 120
2026-10-09 11:57:33,739 INFO o.a.j.r.Summariser: summary =    121 in 00:19:48 =    0.1/s Avg: 70339 Min:  5001 Max: 161504 Err:    24 (19.83%)
2026-10-09 11:57:33,739 INFO o.a.j.t.JMeterThread: Thread is done: Ticket intake 1-130
2026-10-09 11:57:33,739 INFO o.a.j.t.JMeterThread: Thread finished: Ticket intake 1-130
2026-10-09 11:57:35,527 INFO o.a.j.t.JMeterThread: Thread is done: Ticket intake 1-131
2026-10-09 11:57:35,527 INFO o.a.j.t.JMeterThread: Thread finished: Ticket intake 1-131
2026-10-09 11:57:48,177 INFO o.a.j.t.JMeterThread: Thread started: Ticket intake 1-132
2026-10-09 11:57:48,688 INFO o.a.j.t.JMeterThread: Thread started: Ticket intake 1-133
2026-10-09 11:57:53,180 INFO o.a.j.t.JMeterThread: Thread is done: Ticket intake 1-132
2026-10-09 11:57:53,180 INFO o.a.j.t.JMeterThread: Thread finished: Ticket intake 1-132
2026-10-09 11:57:53,691 INFO o.a.j.t.JMeterThread: Thread is done: Ticket intake 1-133
2026-10-09 11:57:53,691 INFO o.a.j.t.JMeterThread: Thread finished: Ticket intake 1-133
2026-10-09 11:58:23,037 INFO o.a.j.t.JMeterThread: Thread started: Ticket intake 1-134
2026-10-09 11:58:25,993 INFO o.a.j.t.JMeterThread: Thread started: Ticket intake 1-135
2026-10-09 11:58:28,040 INFO o.a.j.t.JMeterThread: Thread is done: Ticket intake 1-134
2026-10-09 11:58:28,040 INFO o.a.j.t.JMeterThread: Thread finished: Ticket intake 1-134
2026-10-09 11:58:30,996 INFO o.a.j.r.Summariser: summary +      5 in 00:00:57 =    0.1/s Avg:  5001 Min:  5001 Max:  5002 Err:     5 (100.00%) Active: 10 Started: 135 Finished: 125
2026-10-09 11:58:30,996 INFO o.a.j.r.Summariser: summary =    126 in 00:20:46 =    0.1/s Avg: 67746 Min:  5001 Max: 161504 Err:    29 (23.02%)
2026-10-09 11:58:30,997 INFO o.a.j.t.JMeterThread: Thread is done: Ticket intake 1-135
2026-10-09 11:58:30,997 INFO o.a.j.t.JMeterThread: Thread finished: Ticket intake 1-135
2026-10-09 11:58:47,375 INFO o.a.j.t.JMeterThread: Thread started: Ticket intake 1-136
2026-10-09 11:58:47,457 INFO o.a.j.t.JMeterThread: Thread started: Ticket intake 1-137
2026-10-09 11:58:52,377 INFO o.a.j.t.JMeterThread: Thread is done: Ticket intake 1-136
2026-10-09 11:58:52,377 INFO o.a.j.t.JMeterThread: Thread finished: Ticket intake 1-136
2026-10-09 11:58:52,459 INFO o.a.j.t.JMeterThread: Thread is done: Ticket intake 1-137
2026-10-09 11:58:52,460 INFO o.a.j.t.JMeterThread: Thread finished: Ticket intake 1-137
2026-10-09 11:58:54,979 INFO o.a.j.t.JMeterThread: Thread started: Ticket intake 1-138
2026-10-09 11:58:59,984 INFO o.a.j.t.JMeterThread: Thread is done: Ticket intake 1-138
2026-10-09 11:58:59,984 INFO o.a.j.t.JMeterThread: Thread finished: Ticket intake 1-138
2026-10-09 11:59:31,710 INFO o.a.j.t.JMeterThread: Thread started: Ticket intake 1-139
2026-10-09 11:59:36,713 INFO o.a.j.t.JMeterThread: Thread is done: Ticket intake 1-139
2026-10-09 11:59:36,713 INFO o.a.j.t.JMeterThread: Thread finished: Ticket intake 1-139
2026-10-09 11:59:40,598 INFO o.a.j.t.JMeterThread: Thread started: Ticket intake 1-140
2026-10-09 11:59:45,601 INFO o.a.j.t.JMeterThread: Thread is done: Ticket intake 1-140
2026-10-09 11:59:45,601 INFO o.a.j.t.JMeterThread: Thread finished: Ticket intake 1-140
2026-10-09 12:00:09,094 INFO o.a.j.t.JMeterThread: Thread started: Ticket intake 1-141
2026-10-09 12:00:11,058 INFO o.a.j.t.JMeterThread: Thread started: Ticket intake 1-142
2026-10-09 12:00:14,913 INFO o.a.j.t.JMeterThread: Thread started: Ticket intake 1-143
2026-10-09 12:00:21,650 INFO o.a.j.t.JMeterThread: Thread started: Ticket intake 1-144
2026-10-09 12:00:22,716 INFO o.a.j.t.JMeterThread: Thread is done: Ticket intake 1-141
2026-10-09 12:00:22,716 INFO o.a.j.t.JMeterThread: Thread finished: Ticket intake 1-141
2026-10-09 12:00:35,517 INFO o.a.j.r.Summariser: summary +      7 in 00:02:05 =    0.1/s Avg:  9012 Min:  5001 Max: 24459 Err:     5 (71.43%) Active: 12 Started: 144 Finished: 132
2026-10-09 12:00:35,518 INFO o.a.j.r.Summariser: summary =    133 in 00:22:50 =    0.1/s Avg: 64655 Min:  5001 Max: 161504 Err:    34 (25.56%)
2026-10-09 12:00:35,518 INFO o.a.j.t.JMeterThread: Thread is done: Ticket intake 1-142
2026-10-09 12:00:35,518 INFO o.a.j.t.JMeterThread: Thread finished: Ticket intake 1-142
2026-10-09 12:00:42,273 INFO o.a.j.t.JMeterThread: Thread is done: Ticket intake 1-143
2026-10-09 12:00:42,274 INFO o.a.j.t.JMeterThread: Thread finished: Ticket intake 1-143
2026-10-09 12:00:50,568 INFO o.a.j.t.JMeterThread: Thread is done: Ticket intake 1-144
2026-10-09 12:00:50,568 INFO o.a.j.t.JMeterThread: Thread finished: Ticket intake 1-144
2026-10-09 12:00:57,473 INFO o.a.j.t.JMeterThread: Thread started: Ticket intake 1-145
2026-10-09 12:01:05,517 INFO o.a.j.r.Summariser: summary +      3 in 00:00:30 =    0.1/s Avg: 21440 Min:  8043 Max: 28918 Err:     0 (0.00%) Active: 10 Started: 145 Finished: 135
2026-10-09 12:01:05,518 INFO o.a.j.r.Summariser: summary =    136 in 00:23:20 =    0.1/s Avg: 63701 Min:  5001 Max: 161504 Err:    34 (25.00%)
2026-10-09 12:01:05,518 INFO o.a.j.t.JMeterThread: Thread is done: Ticket intake 1-145
2026-10-09 12:01:05,518 INFO o.a.j.t.JMeterThread: Thread finished: Ticket intake 1-145
2026-10-09 12:01:18,030 INFO o.a.j.t.JMeterThread: Thread started: Ticket intake 1-146
2026-10-09 12:01:21,044 INFO o.a.j.t.JMeterThread: Thread started: Ticket intake 1-147
2026-10-09 12:01:22,704 INFO o.a.j.t.JMeterThread: Thread started: Ticket intake 1-148
2026-10-09 12:01:24,460 INFO o.a.j.t.JMeterThread: Thread is done: Ticket intake 1-146
2026-10-09 12:01:24,460 INFO o.a.j.t.JMeterThread: Thread finished: Ticket intake 1-146
2026-10-09 12:01:34,400 INFO o.a.j.r.Summariser: summary +      2 in 00:00:29 =    0.1/s Avg:  9892 Min:  6430 Max: 13355 Err:     0 (0.00%) Active: 11 Started: 148 Finished: 137
2026-10-09 12:01:34,401 INFO o.a.j.r.Summariser: summary =    138 in 00:23:49 =    0.1/s Avg: 62921 Min:  5001 Max: 161504 Err:    34 (24.64%)
2026-10-09 12:01:34,401 INFO o.a.j.t.JMeterThread: Thread is done: Ticket intake 1-147
2026-10-09 12:01:34,401 INFO o.a.j.t.JMeterThread: Thread finished: Ticket intake 1-147
2026-10-09 12:01:41,868 INFO o.a.j.t.JMeterThread: Thread is done: Ticket intake 1-148
2026-10-09 12:01:41,868 INFO o.a.j.t.JMeterThread: Thread finished: Ticket intake 1-148
2026-10-09 12:01:41,911 INFO o.a.j.t.JMeterThread: Thread started: Ticket intake 1-149
2026-10-09 12:01:45,309 INFO o.a.j.t.JMeterThread: Thread started: Ticket intake 1-150
2026-10-09 12:01:47,857 INFO o.a.j.t.JMeterThread: Thread started: Ticket intake 1-151
2026-10-09 12:01:51,084 INFO o.a.j.t.JMeterThread: Thread is done: Ticket intake 1-149
2026-10-09 12:01:51,084 INFO o.a.j.t.JMeterThread: Thread finished: Ticket intake 1-149
2026-10-09 12:01:51,769 INFO o.a.j.t.JMeterThread: Thread started: Ticket intake 1-152
2026-10-09 12:02:05,931 INFO o.a.j.r.Summariser: summary +      3 in 00:00:32 =    0.1/s Avg: 16319 Min:  9172 Max: 20622 Err:     0 (0.00%) Active: 12 Started: 152 Finished: 140
2026-10-09 12:02:05,932 INFO o.a.j.r.Summariser: summary =    141 in 00:24:21 =    0.1/s Avg: 61930 Min:  5001 Max: 161504 Err:    34 (24.11%)
2026-10-09 12:02:05,932 INFO o.a.j.t.JMeterThread: Thread is done: Ticket intake 1-150
2026-10-09 12:02:05,932 INFO o.a.j.t.JMeterThread: Thread finished: Ticket intake 1-150
2026-10-09 12:02:09,361 INFO o.a.j.t.JMeterThread: Thread started: Ticket intake 1-153
2026-10-09 12:02:18,219 INFO o.a.j.t.JMeterThread: Thread is done: Ticket intake 1-151
2026-10-09 12:02:18,219 INFO o.a.j.t.JMeterThread: Thread finished: Ticket intake 1-151
2026-10-09 12:02:18,293 INFO o.a.j.t.JMeterThread: Thread started: Ticket intake 1-154
2026-10-09 12:02:21,171 INFO o.a.j.t.JMeterThread: Thread started: Ticket intake 1-155
2026-10-09 12:02:24,247 INFO o.a.j.t.JMeterThread: Thread started: Ticket intake 1-156
2026-10-09 12:02:25,285 INFO o.a.j.t.JMeterThread: Thread is done: Ticket intake 1-152
2026-10-09 12:02:25,285 INFO o.a.j.t.JMeterThread: Thread finished: Ticket intake 1-152
2026-10-09 12:02:28,668 INFO o.a.j.t.JMeterThread: Thread started: Ticket intake 1-157
2026-10-09 12:02:30,513 INFO o.a.j.t.JMeterThread: Thread started: Ticket intake 1-158
2026-10-09 12:02:33,578 INFO o.a.j.r.Summariser: summary +      3 in 00:00:28 =    0.1/s Avg: 29365 Min: 24218 Max: 33516 Err:     0 (0.00%) Active: 15 Started: 158 Finished: 143
2026-10-09 12:02:33,579 INFO o.a.j.r.Summariser: summary =    144 in 00:24:48 =    0.1/s Avg: 61252 Min:  5001 Max: 161504 Err:    34 (23.61%)
2026-10-09 12:02:33,579 INFO o.a.j.t.JMeterThread: Thread is done: Ticket intake 1-153
2026-10-09 12:02:33,579 INFO o.a.j.t.JMeterThread: Thread finished: Ticket intake 1-153
2026-10-09 12:02:35,078 INFO o.a.j.t.JMeterThread: Thread started: Ticket intake 1-159
2026-10-09 12:02:38,841 INFO o.a.j.t.JMeterThread: Thread started: Ticket intake 1-160
2026-10-09 12:02:44,452 INFO o.a.j.t.JMeterThread: Thread is done: Ticket intake 1-154
2026-10-09 12:02:44,452 INFO o.a.j.t.JMeterThread: Thread finished: Ticket intake 1-154
2026-10-09 12:02:49,966 INFO o.a.j.t.JMeterThread: Thread started: Ticket intake 1-161
2026-10-09 12:02:51,565 INFO o.a.j.t.JMeterThread: Thread started: Ticket intake 1-162
2026-10-09 12:02:56,792 INFO o.a.j.t.JMeterThread: Thread started: Ticket intake 1-163
2026-10-09 12:02:57,335 INFO o.a.j.t.JMeterThread: Thread is done: Ticket intake 1-155
2026-10-09 12:02:57,335 INFO o.a.j.t.JMeterThread: Thread finished: Ticket intake 1-155
2026-10-09 12:03:05,527 INFO o.a.j.t.JMeterThread: Thread started: Ticket intake 1-164
2026-10-09 12:03:07,831 INFO o.a.j.t.JMeterThread: Thread started: Ticket intake 1-165
2026-10-09 12:03:09,678 INFO o.a.j.t.JMeterThread: Thread started: Ticket intake 1-166
2026-10-09 12:03:10,108 INFO o.a.j.t.JMeterThread: Thread started: Ticket intake 1-167
2026-10-09 12:03:10,850 INFO o.a.j.t.JMeterThread: Thread is done: Ticket intake 1-156
2026-10-09 12:03:10,850 INFO o.a.j.t.JMeterThread: Thread finished: Ticket intake 1-156
2026-10-09 12:03:12,457 INFO o.a.j.t.JMeterThread: Thread started: Ticket intake 1-168
2026-10-09 12:03:22,012 INFO o.a.j.t.JMeterThread: Thread is done: Ticket intake 1-157
2026-10-09 12:03:22,012 INFO o.a.j.t.JMeterThread: Thread finished: Ticket intake 1-157
2026-10-09 12:03:26,220 INFO o.a.j.t.JMeterThread: Thread started: Ticket intake 1-169
2026-10-09 12:03:29,603 INFO o.a.j.t.JMeterThread: Thread is done: Ticket intake 1-98
2026-10-09 12:03:29,603 INFO o.a.j.t.JMeterThread: Thread finished: Ticket intake 1-98
2026-10-09 12:03:30,820 INFO o.a.j.r.Summariser: summary +      6 in 00:00:57 =    0.1/s Avg: 145433 Min: 26159 Max: 650015 Err:     1 (16.67%) Active: 20 Started: 169 Finished: 149
2026-10-09 12:03:30,821 INFO o.a.j.r.Summariser: summary =    150 in 00:25:46 =    0.1/s Avg: 64619 Min:  5001 Max: 650015 Err:    35 (23.33%)
2026-10-09 12:03:30,821 INFO o.a.j.t.JMeterThread: Thread is done: Ticket intake 1-158
2026-10-09 12:03:30,821 INFO o.a.j.t.JMeterThread: Thread finished: Ticket intake 1-158
2026-10-09 12:03:30,950 INFO o.a.j.t.JMeterThread: Thread started: Ticket intake 1-170
2026-10-09 12:03:38,292 INFO o.a.j.t.JMeterThread: Thread is done: Ticket intake 1-159
2026-10-09 12:03:38,292 INFO o.a.j.t.JMeterThread: Thread finished: Ticket intake 1-159
2026-10-09 12:03:38,893 INFO o.a.j.t.JMeterThread: Thread started: Ticket intake 1-171
2026-10-09 12:03:39,063 INFO o.a.j.t.JMeterThread: Thread started: Ticket intake 1-172
2026-10-09 12:03:45,154 INFO o.a.j.t.JMeterThread: Thread is done: Ticket intake 1-160
2026-10-09 12:03:45,154 INFO o.a.j.t.JMeterThread: Thread finished: Ticket intake 1-160
2026-10-09 12:03:53,717 INFO o.a.j.t.JMeterThread: Thread is done: Ticket intake 1-99
2026-10-09 12:03:53,717 INFO o.a.j.t.JMeterThread: Thread finished: Ticket intake 1-99
2026-10-09 12:03:54,482 INFO o.a.j.t.JMeterThread: Thread is done: Ticket intake 1-161
2026-10-09 12:03:54,482 INFO o.a.j.t.JMeterThread: Thread finished: Ticket intake 1-161
2026-10-09 12:04:00,544 INFO o.a.j.r.Summariser: summary +      5 in 00:00:30 =    0.2/s Avg: 298814 Min: 63216 Max: 650012 Err:     2 (40.00%) Active: 18 Started: 172 Finished: 154
2026-10-09 12:04:00,545 INFO o.a.j.r.Summariser: summary =    155 in 00:26:15 =    0.1/s Avg: 72173 Min:  5001 Max: 650015 Err:    37 (23.87%)
2026-10-09 12:04:00,545 INFO o.a.j.t.JMeterThread: Thread is done: Ticket intake 1-100
2026-10-09 12:04:00,545 INFO o.a.j.t.JMeterThread: Thread finished: Ticket intake 1-100
2026-10-09 12:04:02,664 INFO o.a.j.t.JMeterThread: Thread is done: Ticket intake 1-162
2026-10-09 12:04:02,664 INFO o.a.j.t.JMeterThread: Thread finished: Ticket intake 1-162
2026-10-09 12:04:03,459 INFO o.a.j.t.JMeterThread: Thread is done: Ticket intake 1-101
2026-10-09 12:04:03,459 INFO o.a.j.t.JMeterThread: Thread finished: Ticket intake 1-101
2026-10-09 12:04:09,901 INFO o.a.j.t.JMeterThread: Thread started: Ticket intake 1-173
2026-10-09 12:04:13,416 INFO o.a.j.t.JMeterThread: Thread is done: Ticket intake 1-163
2026-10-09 12:04:13,416 INFO o.a.j.t.JMeterThread: Thread finished: Ticket intake 1-163
2026-10-09 12:04:17,321 INFO o.a.j.t.JMeterThread: Thread started: Ticket intake 1-174
2026-10-09 12:04:20,277 INFO o.a.j.t.JMeterThread: Thread is done: Ticket intake 1-164
2026-10-09 12:04:20,277 INFO o.a.j.t.JMeterThread: Thread finished: Ticket intake 1-164
2026-10-09 12:04:27,546 INFO o.a.j.t.JMeterThread: Thread is done: Ticket intake 1-165
2026-10-09 12:04:27,546 INFO o.a.j.t.JMeterThread: Thread finished: Ticket intake 1-165
2026-10-09 12:04:27,550 INFO o.a.j.t.JMeterThread: Thread started: Ticket intake 1-175
2026-10-09 12:04:41,883 INFO o.a.j.t.JMeterThread: Thread is done: Ticket intake 1-166
2026-10-09 12:04:41,883 INFO o.a.j.t.JMeterThread: Thread finished: Ticket intake 1-166
2026-10-09 12:04:42,858 INFO o.a.j.t.JMeterThread: Thread is done: Ticket intake 1-102
2026-10-09 12:04:42,858 INFO o.a.j.t.JMeterThread: Thread finished: Ticket intake 1-102
2026-10-09 12:04:44,047 INFO o.a.j.t.JMeterThread: Thread is done: Ticket intake 1-103
2026-10-09 12:04:44,047 INFO o.a.j.t.JMeterThread: Thread finished: Ticket intake 1-103
2026-10-09 12:04:50,598 INFO o.a.j.t.JMeterThread: Thread is done: Ticket intake 1-167
2026-10-09 12:04:50,598 INFO o.a.j.t.JMeterThread: Thread finished: Ticket intake 1-167
2026-10-09 12:04:52,134 INFO o.a.j.t.JMeterThread: Thread is done: Ticket intake 1-104
2026-10-09 12:04:52,134 INFO o.a.j.t.JMeterThread: Thread finished: Ticket intake 1-104
2026-10-09 12:04:59,807 INFO o.a.j.t.JMeterThread: Thread started: Ticket intake 1-176
2026-10-09 12:05:01,820 INFO o.a.j.t.JMeterThread: Thread started: Ticket intake 1-177
2026-10-09 12:05:02,997 INFO o.a.j.r.Summariser: summary +     11 in 00:01:02 =    0.2/s Avg: 291411 Min: 71099 Max: 650050 Err:     4 (36.36%) Active: 12 Started: 177 Finished: 165
2026-10-09 12:05:02,997 INFO o.a.j.r.Summariser: summary =    166 in 00:27:18 =    0.1/s Avg: 86701 Min:  5001 Max: 650050 Err:    41 (24.70%)
2026-10-09 12:05:02,997 INFO o.a.j.t.JMeterThread: Thread is done: Ticket intake 1-168
2026-10-09 12:05:02,997 INFO o.a.j.t.JMeterThread: Thread finished: Ticket intake 1-168
2026-10-09 12:05:04,863 INFO o.a.j.t.JMeterThread: Thread is done: Ticket intake 1-105
2026-10-09 12:05:04,863 INFO o.a.j.t.JMeterThread: Thread finished: Ticket intake 1-105
2026-10-09 12:05:13,369 INFO o.a.j.t.JMeterThread: Thread started: Ticket intake 1-178
2026-10-09 12:05:14,548 INFO o.a.j.t.JMeterThread: Thread is done: Ticket intake 1-169
2026-10-09 12:05:14,548 INFO o.a.j.t.JMeterThread: Thread finished: Ticket intake 1-169
2026-10-09 12:05:19,231 INFO o.a.j.t.JMeterThread: Thread started: Ticket intake 1-179
2026-10-09 12:05:25,086 INFO o.a.j.t.JMeterThread: Thread started: Ticket intake 1-180
2026-10-09 12:05:25,812 INFO o.a.j.t.JMeterThread: Thread is done: Ticket intake 1-170
2026-10-09 12:05:25,812 INFO o.a.j.t.JMeterThread: Thread finished: Ticket intake 1-170
2026-10-09 12:05:32,893 INFO o.a.j.r.Summariser: summary +      4 in 00:00:30 =    0.1/s Avg: 380850 Min: 108332 Max: 650192 Err:     2 (50.00%) Active: 11 Started: 180 Finished: 169
2026-10-09 12:05:32,893 INFO o.a.j.r.Summariser: summary =    170 in 00:27:48 =    0.1/s Avg: 93622 Min:  5001 Max: 650192 Err:    43 (25.29%)
2026-10-09 12:05:32,893 INFO o.a.j.t.JMeterThread: Thread is done: Ticket intake 1-106
2026-10-09 12:05:32,893 INFO o.a.j.t.JMeterThread: Thread finished: Ticket intake 1-106
2026-10-09 12:05:37,179 INFO o.a.j.t.JMeterThread: Thread started: Ticket intake 1-181
2026-10-09 12:05:38,201 INFO o.a.j.t.JMeterThread: Thread is done: Ticket intake 1-171
2026-10-09 12:05:38,202 INFO o.a.j.t.JMeterThread: Thread finished: Ticket intake 1-171
2026-10-09 12:05:39,251 INFO o.a.j.t.JMeterThread: Thread started: Ticket intake 1-182
2026-10-09 12:05:48,953 INFO o.a.j.t.JMeterThread: Thread is done: Ticket intake 1-172
2026-10-09 12:05:48,953 INFO o.a.j.t.JMeterThread: Thread finished: Ticket intake 1-172
2026-10-09 12:05:49,933 INFO o.a.j.t.JMeterThread: Thread started: Ticket intake 1-183
2026-10-09 12:05:57,555 INFO o.a.j.t.JMeterThread: Thread is done: Ticket intake 1-173
2026-10-09 12:05:57,555 INFO o.a.j.t.JMeterThread: Thread finished: Ticket intake 1-173
2026-10-09 12:06:04,211 INFO o.a.j.r.Summariser: summary +      4 in 00:00:31 =    0.1/s Avg: 115939 Min: 106893 Max: 129894 Err:     0 (0.00%) Active: 10 Started: 183 Finished: 173
2026-10-09 12:06:04,211 INFO o.a.j.r.Summariser: summary =    174 in 00:28:19 =    0.1/s Avg: 94135 Min:  5001 Max: 650192 Err:    43 (24.71%)
2026-10-09 12:06:04,212 INFO o.a.j.t.JMeterThread: Thread is done: Ticket intake 1-174
2026-10-09 12:06:04,212 INFO o.a.j.t.JMeterThread: Thread finished: Ticket intake 1-174
2026-10-09 12:06:12,470 INFO o.a.j.t.JMeterThread: Thread is done: Ticket intake 1-175
2026-10-09 12:06:12,470 INFO o.a.j.t.JMeterThread: Thread finished: Ticket intake 1-175
2026-10-09 12:06:16,425 INFO o.a.j.t.JMeterThread: Thread started: Ticket intake 1-184
2026-10-09 12:06:23,666 INFO o.a.j.t.JMeterThread: Thread is done: Ticket intake 1-176
2026-10-09 12:06:23,666 INFO o.a.j.t.JMeterThread: Thread finished: Ticket intake 1-176
2026-10-09 12:06:30,467 INFO o.a.j.t.JMeterThread: Thread started: Ticket intake 1-185
2026-10-09 12:06:32,472 INFO o.a.j.r.Summariser: summary +      3 in 00:00:28 =    0.1/s Avg: 93146 Min: 83860 Max: 104924 Err:     0 (0.00%) Active: 9 Started: 185 Finished: 176
2026-10-09 12:06:32,472 INFO o.a.j.r.Summariser: summary =    177 in 00:28:47 =    0.1/s Avg: 94119 Min:  5001 Max: 650192 Err:    43 (24.29%)
2026-10-09 12:06:32,473 INFO o.a.j.t.JMeterThread: Thread is done: Ticket intake 1-177
2026-10-09 12:06:32,473 INFO o.a.j.t.JMeterThread: Thread finished: Ticket intake 1-177
2026-10-09 12:06:34,926 INFO o.a.j.t.JMeterThread: Thread started: Ticket intake 1-186
2026-10-09 12:06:39,537 INFO o.a.j.t.JMeterThread: Thread is done: Ticket intake 1-178
2026-10-09 12:06:39,537 INFO o.a.j.t.JMeterThread: Thread finished: Ticket intake 1-178
2026-10-09 12:06:49,163 INFO o.a.j.t.JMeterThread: Thread is done: Ticket intake 1-179
2026-10-09 12:06:49,163 INFO o.a.j.t.JMeterThread: Thread finished: Ticket intake 1-179
2026-10-09 12:06:55,378 INFO o.a.j.t.JMeterThread: Thread started: Ticket intake 1-187
2026-10-09 12:06:59,096 INFO o.a.j.t.JMeterThread: Thread is done: Ticket intake 1-180
2026-10-09 12:06:59,096 INFO o.a.j.t.JMeterThread: Thread finished: Ticket intake 1-180
2026-10-09 12:07:07,083 INFO o.a.j.t.JMeterThread: Thread is done: Ticket intake 1-181
2026-10-09 12:07:07,083 INFO o.a.j.t.JMeterThread: Thread finished: Ticket intake 1-181
2026-10-09 12:07:10,946 INFO o.a.j.t.JMeterThread: Thread started: Ticket intake 1-188
2026-10-09 12:07:17,930 INFO o.a.j.t.JMeterThread: Thread started: Ticket intake 1-189
2026-10-09 12:07:18,060 INFO o.a.j.t.JMeterThread: Thread is done: Ticket intake 1-182
2026-10-09 12:07:18,060 INFO o.a.j.t.JMeterThread: Thread finished: Ticket intake 1-182
2026-10-09 12:07:23,518 INFO o.a.j.t.JMeterThread: Thread started: Ticket intake 1-190
2026-10-09 12:07:26,742 INFO o.a.j.t.JMeterThread: Thread is done: Ticket intake 1-183
2026-10-09 12:07:26,742 INFO o.a.j.t.JMeterThread: Thread finished: Ticket intake 1-183
2026-10-09 12:07:34,426 INFO o.a.j.r.Summariser: summary +      7 in 00:01:02 =    0.1/s Avg: 90521 Min: 78002 Max: 98812 Err:     0 (0.00%) Active: 7 Started: 190 Finished: 183
2026-10-09 12:07:34,426 INFO o.a.j.r.Summariser: summary =    184 in 00:29:49 =    0.1/s Avg: 93982 Min:  5001 Max: 650192 Err:    43 (23.37%)
2026-10-09 12:07:34,426 INFO o.a.j.t.JMeterThread: Thread is done: Ticket intake 1-184
2026-10-09 12:07:34,426 INFO o.a.j.t.JMeterThread: Thread finished: Ticket intake 1-184
2026-10-09 12:07:44,048 INFO o.a.j.t.JMeterThread: Thread is done: Ticket intake 1-185
2026-10-09 12:07:44,048 INFO o.a.j.t.JMeterThread: Thread finished: Ticket intake 1-185
2026-10-09 12:07:52,445 INFO o.a.j.t.JMeterThread: Thread is done: Ticket intake 1-186
2026-10-09 12:07:52,445 INFO o.a.j.t.JMeterThread: Thread finished: Ticket intake 1-186
2026-10-09 12:07:53,835 INFO o.a.j.t.JMeterThread: Thread started: Ticket intake 1-191
2026-10-09 12:08:03,606 INFO o.a.j.r.Summariser: summary +      3 in 00:00:29 =    0.1/s Avg: 73110 Min: 68229 Max: 77521 Err:     0 (0.00%) Active: 5 Started: 191 Finished: 186
2026-10-09 12:08:03,607 INFO o.a.j.r.Summariser: summary =    187 in 00:30:18 =    0.1/s Avg: 93647 Min:  5001 Max: 650192 Err:    43 (22.99%)
2026-10-09 12:08:03,607 INFO o.a.j.t.JMeterThread: Thread is done: Ticket intake 1-187
2026-10-09 12:08:03,607 INFO o.a.j.t.JMeterThread: Thread finished: Ticket intake 1-187
2026-10-09 12:08:05,292 INFO o.a.j.t.JMeterThread: Thread started: Ticket intake 1-192
2026-10-09 12:08:12,515 INFO o.a.j.t.JMeterThread: Thread is done: Ticket intake 1-188
2026-10-09 12:08:12,515 INFO o.a.j.t.JMeterThread: Thread finished: Ticket intake 1-188
2026-10-09 12:08:12,694 INFO o.a.j.t.JMeterThread: Thread started: Ticket intake 1-193
2026-10-09 12:08:20,313 INFO o.a.j.t.JMeterThread: Thread started: Ticket intake 1-194
2026-10-09 12:08:20,706 INFO o.a.j.t.JMeterThread: Thread is done: Ticket intake 1-189
2026-10-09 12:08:20,706 INFO o.a.j.t.JMeterThread: Thread finished: Ticket intake 1-189
2026-10-09 12:08:29,617 INFO o.a.j.t.JMeterThread: Thread is done: Ticket intake 1-190
2026-10-09 12:08:29,617 INFO o.a.j.t.JMeterThread: Thread finished: Ticket intake 1-190
2026-10-09 12:08:37,090 INFO o.a.j.t.JMeterThread: Thread is done: Ticket intake 1-191
2026-10-09 12:08:37,090 INFO o.a.j.t.JMeterThread: Thread finished: Ticket intake 1-191
2026-10-09 12:08:44,566 INFO o.a.j.t.JMeterThread: Thread is done: Ticket intake 1-192
2026-10-09 12:08:44,566 INFO o.a.j.t.JMeterThread: Thread finished: Ticket intake 1-192
2026-10-09 12:08:54,465 INFO o.a.j.t.JMeterThread: Thread started: Ticket intake 1-195
2026-10-09 12:09:00,335 INFO o.a.j.r.Summariser: summary +      6 in 00:00:57 =    0.1/s Avg: 53436 Min: 39274 Max: 66100 Err:     0 (0.00%) Active: 3 Started: 195 Finished: 192
2026-10-09 12:09:00,335 INFO o.a.j.r.Summariser: summary =    193 in 00:31:15 =    0.1/s Avg: 92397 Min:  5001 Max: 650192 Err:    43 (22.28%)
2026-10-09 12:09:00,335 INFO o.a.j.t.JMeterThread: Thread is done: Ticket intake 1-193
2026-10-09 12:09:00,335 INFO o.a.j.t.JMeterThread: Thread finished: Ticket intake 1-193
2026-10-09 12:09:13,441 INFO o.a.j.t.JMeterThread: Thread is done: Ticket intake 1-194
2026-10-09 12:09:13,441 INFO o.a.j.t.JMeterThread: Thread finished: Ticket intake 1-194
2026-10-09 12:09:15,172 INFO o.a.j.t.JMeterThread: Thread started: Ticket intake 1-196
2026-10-09 12:09:21,462 INFO o.a.j.t.JMeterThread: Thread started: Ticket intake 1-197
2026-10-09 12:09:24,638 INFO o.a.j.t.JMeterThread: Thread is done: Ticket intake 1-195
2026-10-09 12:09:24,638 INFO o.a.j.t.JMeterThread: Thread finished: Ticket intake 1-195
2026-10-09 12:09:37,710 INFO o.a.j.t.JMeterThread: Thread is done: Ticket intake 1-196
2026-10-09 12:09:37,710 INFO o.a.j.t.JMeterThread: Thread finished: Ticket intake 1-196
2026-10-09 12:09:50,717 INFO o.a.j.t.JMeterThread: Thread is done: Ticket intake 1-197
2026-10-09 12:09:50,717 INFO o.a.j.t.JMeterThread: Thread finished: Ticket intake 1-197
2026-10-09 12:09:57,169 INFO o.a.j.t.JMeterThread: Thread started: Ticket intake 1-198
2026-10-09 12:10:05,768 INFO o.a.j.r.Summariser: summary +      5 in 00:01:05 =    0.1/s Avg: 28738 Min:  8598 Max: 53129 Err:     0 (0.00%) Active: 1 Started: 198 Finished: 197
2026-10-09 12:10:05,768 INFO o.a.j.r.Summariser: summary =    198 in 00:32:20 =    0.1/s Avg: 90789 Min:  5001 Max: 650192 Err:    43 (21.72%)
2026-10-09 12:10:05,769 INFO o.a.j.t.JMeterThread: Thread is done: Ticket intake 1-198
2026-10-09 12:10:05,769 INFO o.a.j.t.JMeterThread: Thread finished: Ticket intake 1-198
2026-10-09 12:10:24,802 INFO o.a.j.t.JMeterThread: Thread started: Ticket intake 1-199
2026-10-09 12:10:32,468 INFO o.a.j.t.JMeterThread: Thread started: Ticket intake 1-200
2026-10-09 12:10:34,028 INFO o.a.j.r.Summariser: summary +      1 in 00:00:28 =    0.0/s Avg:  9225 Min:  9225 Max:  9225 Err:     0 (0.00%) Active: 2 Started: 200 Finished: 198
2026-10-09 12:10:34,029 INFO o.a.j.r.Summariser: summary =    199 in 00:32:49 =    0.1/s Avg: 90379 Min:  5001 Max: 650192 Err:    43 (21.61%)
2026-10-09 12:10:34,029 INFO o.a.j.t.JMeterThread: Thread is done: Ticket intake 1-199
2026-10-09 12:10:34,029 INFO o.a.j.t.JMeterThread: Thread finished: Ticket intake 1-199
2026-10-09 12:10:34,997 INFO o.a.j.t.JMeterThread: Thread started: Ticket intake 1-201
2026-10-09 12:10:46,624 INFO o.a.j.t.JMeterThread: Thread is done: Ticket intake 1-200
2026-10-09 12:10:46,624 INFO o.a.j.t.JMeterThread: Thread finished: Ticket intake 1-200
2026-10-09 12:10:46,966 INFO o.a.j.t.JMeterThread: Thread started: Ticket intake 1-202
2026-10-09 12:10:52,310 INFO o.a.j.t.JMeterThread: Thread started: Ticket intake 1-203
2026-10-09 12:10:52,379 INFO o.a.j.t.JMeterThread: Thread started: Ticket intake 1-204
2026-10-09 12:10:56,556 INFO o.a.j.t.JMeterThread: Thread is done: Ticket intake 1-201
2026-10-09 12:10:56,556 INFO o.a.j.t.JMeterThread: Thread finished: Ticket intake 1-201
2026-10-09 12:11:03,677 INFO o.a.j.t.JMeterThread: Thread started: Ticket intake 1-205
2026-10-09 12:11:06,714 INFO o.a.j.t.JMeterThread: Thread is done: Ticket intake 1-202
2026-10-09 12:11:06,714 INFO o.a.j.t.JMeterThread: Thread finished: Ticket intake 1-202
2026-10-09 12:11:12,585 INFO o.a.j.t.JMeterThread: Thread started: Ticket intake 1-206
2026-10-09 12:11:19,288 INFO o.a.j.t.JMeterThread: Thread is done: Ticket intake 1-204
2026-10-09 12:11:19,288 INFO o.a.j.t.JMeterThread: Thread finished: Ticket intake 1-204
2026-10-09 12:11:23,294 INFO o.a.j.t.JMeterThread: Thread started: Ticket intake 1-207
2026-10-09 12:11:27,480 INFO o.a.j.t.JMeterThread: Thread is done: Ticket intake 1-203
2026-10-09 12:11:27,480 INFO o.a.j.t.JMeterThread: Thread finished: Ticket intake 1-203
2026-10-09 12:11:27,653 INFO o.a.j.t.JMeterThread: Thread started: Ticket intake 1-208
2026-10-09 12:11:36,491 INFO o.a.j.t.JMeterThread: Thread is done: Ticket intake 1-205
2026-10-09 12:11:36,491 INFO o.a.j.t.JMeterThread: Thread finished: Ticket intake 1-205
2026-10-09 12:11:37,508 INFO o.a.j.t.JMeterThread: Thread started: Ticket intake 1-209
2026-10-09 12:11:44,584 INFO o.a.j.t.JMeterThread: Thread is done: Ticket intake 1-206
2026-10-09 12:11:44,584 INFO o.a.j.t.JMeterThread: Thread finished: Ticket intake 1-206
2026-10-09 12:11:57,741 INFO o.a.j.t.JMeterThread: Thread is done: Ticket intake 1-207
2026-10-09 12:11:57,741 INFO o.a.j.t.JMeterThread: Thread finished: Ticket intake 1-207
2026-10-09 12:12:05,471 INFO o.a.j.r.Summariser: summary +      9 in 00:01:31 =    0.1/s Avg: 28290 Min: 14154 Max: 37817 Err:     0 (0.00%) Active: 2 Started: 209 Finished: 207
2026-10-09 12:12:05,471 INFO o.a.j.r.Summariser: summary =    208 in 00:34:20 =    0.1/s Avg: 87693 Min:  5001 Max: 650192 Err:    43 (20.67%)
2026-10-09 12:12:05,472 INFO o.a.j.t.JMeterThread: Thread is done: Ticket intake 1-208
2026-10-09 12:12:05,472 INFO o.a.j.t.JMeterThread: Thread finished: Ticket intake 1-208
2026-10-09 12:12:05,931 INFO o.a.j.t.JMeterThread: Thread started: Ticket intake 1-210
2026-10-09 12:12:07,961 INFO o.a.j.t.JMeterThread: Thread started: Ticket intake 1-211
2026-10-09 12:12:13,047 INFO o.a.j.t.JMeterThread: Thread is done: Ticket intake 1-209
2026-10-09 12:12:13,047 INFO o.a.j.t.JMeterThread: Thread finished: Ticket intake 1-209
2026-10-09 12:12:14,978 INFO o.a.j.t.JMeterThread: Thread started: Ticket intake 1-212
2026-10-09 12:12:19,657 INFO o.a.j.t.JMeterThread: Thread started: Ticket intake 1-213
2026-10-09 12:12:24,329 INFO o.a.j.t.JMeterThread: Thread is done: Ticket intake 1-210
2026-10-09 12:12:24,329 INFO o.a.j.t.JMeterThread: Thread finished: Ticket intake 1-210
2026-10-09 12:12:32,510 INFO o.a.j.t.JMeterThread: Thread started: Ticket intake 1-214
2026-10-09 12:12:37,291 INFO o.a.j.t.JMeterThread: Thread is done: Ticket intake 1-211
2026-10-09 12:12:37,292 INFO o.a.j.t.JMeterThread: Thread finished: Ticket intake 1-211
2026-10-09 12:12:39,825 INFO o.a.j.t.JMeterThread: Thread started: Ticket intake 1-215
2026-10-09 12:12:41,467 INFO o.a.j.t.JMeterThread: Thread started: Ticket intake 1-216
2026-10-09 12:12:48,968 INFO o.a.j.t.JMeterThread: Thread started: Ticket intake 1-217
2026-10-09 12:12:50,857 INFO o.a.j.t.JMeterThread: Thread is done: Ticket intake 1-212
2026-10-09 12:12:50,857 INFO o.a.j.t.JMeterThread: Thread finished: Ticket intake 1-212
2026-10-09 12:12:59,433 INFO o.a.j.t.JMeterThread: Thread is done: Ticket intake 1-213
2026-10-09 12:12:59,433 INFO o.a.j.t.JMeterThread: Thread finished: Ticket intake 1-213
2026-10-09 12:13:09,059 INFO o.a.j.t.JMeterThread: Thread is done: Ticket intake 1-214
2026-10-09 12:13:09,059 INFO o.a.j.t.JMeterThread: Thread finished: Ticket intake 1-214
2026-10-09 12:13:15,662 INFO o.a.j.t.JMeterThread: Thread is done: Ticket intake 1-215
2026-10-09 12:13:15,662 INFO o.a.j.t.JMeterThread: Thread finished: Ticket intake 1-215
2026-10-09 12:13:17,410 INFO o.a.j.t.JMeterThread: Thread started: Ticket intake 1-218
2026-10-09 12:13:24,419 INFO o.a.j.t.JMeterThread: Thread is done: Ticket intake 1-216
2026-10-09 12:13:24,420 INFO o.a.j.t.JMeterThread: Thread finished: Ticket intake 1-216
2026-10-09 12:13:33,429 INFO o.a.j.r.Summariser: summary +      9 in 00:01:28 =    0.1/s Avg: 35413 Min: 18397 Max: 44462 Err:     0 (0.00%) Active: 2 Started: 218 Finished: 216
2026-10-09 12:13:33,430 INFO o.a.j.r.Summariser: summary =    217 in 00:35:48 =    0.1/s Avg: 85525 Min:  5001 Max: 650192 Err:    43 (19.82%)
2026-10-09 12:13:33,430 INFO o.a.j.t.JMeterThread: Thread is done: Ticket intake 1-217
2026-10-09 12:13:33,430 INFO o.a.j.t.JMeterThread: Thread finished: Ticket intake 1-217
2026-10-09 12:13:35,196 INFO o.a.j.t.JMeterThread: Thread started: Ticket intake 1-219
2026-10-09 12:13:42,543 INFO o.a.j.t.JMeterThread: Thread is done: Ticket intake 1-218
2026-10-09 12:13:42,543 INFO o.a.j.t.JMeterThread: Thread finished: Ticket intake 1-218
2026-10-09 12:13:51,982 INFO o.a.j.t.JMeterThread: Thread is done: Ticket intake 1-219
2026-10-09 12:13:51,982 INFO o.a.j.t.JMeterThread: Thread finished: Ticket intake 1-219
2026-10-09 12:13:57,319 INFO o.a.j.t.JMeterThread: Thread started: Ticket intake 1-220
2026-10-09 12:13:57,704 INFO o.a.j.t.JMeterThread: Thread started: Ticket intake 1-221
2026-10-09 12:14:06,299 INFO o.a.j.t.JMeterThread: Thread is done: Ticket intake 1-220
2026-10-09 12:14:06,299 INFO o.a.j.t.JMeterThread: Thread finished: Ticket intake 1-220
2026-10-09 12:14:13,979 INFO o.a.j.t.JMeterThread: Thread is done: Ticket intake 1-221
2026-10-09 12:14:13,979 INFO o.a.j.t.JMeterThread: Thread finished: Ticket intake 1-221
2026-10-09 12:14:17,753 INFO o.a.j.t.JMeterThread: Thread started: Ticket intake 1-222
2026-10-09 12:14:17,935 INFO o.a.j.t.JMeterThread: Thread started: Ticket intake 1-223
2026-10-09 12:14:29,649 INFO o.a.j.t.JMeterThread: Thread is done: Ticket intake 1-222
2026-10-09 12:14:29,649 INFO o.a.j.t.JMeterThread: Thread finished: Ticket intake 1-222
2026-10-09 12:14:36,629 INFO o.a.j.t.JMeterThread: Thread started: Ticket intake 1-224
2026-10-09 12:14:44,800 INFO o.a.j.t.JMeterThread: Thread is done: Ticket intake 1-223
2026-10-09 12:14:44,800 INFO o.a.j.t.JMeterThread: Thread finished: Ticket intake 1-223
2026-10-09 12:14:51,294 INFO o.a.j.t.JMeterThread: Thread started: Ticket intake 1-225
2026-10-09 12:14:55,860 INFO o.a.j.t.JMeterThread: Thread is done: Ticket intake 1-224
2026-10-09 12:14:55,860 INFO o.a.j.t.JMeterThread: Thread finished: Ticket intake 1-224
2026-10-09 12:14:58,603 INFO o.a.j.t.JMeterThread: Thread started: Ticket intake 1-226
2026-10-09 12:15:07,227 INFO o.a.j.t.JMeterThread: Thread is done: Ticket intake 1-225
2026-10-09 12:15:07,227 INFO o.a.j.t.JMeterThread: Thread finished: Ticket intake 1-225
2026-10-09 12:15:11,890 INFO o.a.j.t.JMeterThread: Thread started: Ticket intake 1-227
2026-10-09 12:15:16,627 INFO o.a.j.t.JMeterThread: Thread started: Ticket intake 1-228
2026-10-09 12:15:17,057 INFO o.a.j.t.JMeterThread: Thread is done: Ticket intake 1-226
2026-10-09 12:15:17,057 INFO o.a.j.t.JMeterThread: Thread finished: Ticket intake 1-226
2026-10-09 12:15:24,535 INFO o.a.j.t.JMeterThread: Thread is done: Ticket intake 1-227
2026-10-09 12:15:24,535 INFO o.a.j.t.JMeterThread: Thread finished: Ticket intake 1-227
2026-10-09 12:15:32,416 INFO o.a.j.r.Summariser: summary +     11 in 00:01:59 =    0.1/s Avg: 17088 Min:  8979 Max: 26865 Err:     0 (0.00%) Active: 1 Started: 228 Finished: 227
2026-10-09 12:15:32,417 INFO o.a.j.r.Summariser: summary =    228 in 00:37:47 =    0.1/s Avg: 82223 Min:  5001 Max: 650192 Err:    43 (18.86%)
2026-10-09 12:15:32,418 INFO o.a.j.t.JMeterThread: Thread is done: Ticket intake 1-228
2026-10-09 12:15:32,418 INFO o.a.j.t.JMeterThread: Thread finished: Ticket intake 1-228
2026-10-09 12:15:34,663 INFO o.a.j.t.JMeterThread: Thread started: Ticket intake 1-229
2026-10-09 12:15:40,450 INFO o.a.j.t.JMeterThread: Thread started: Ticket intake 1-230
2026-10-09 12:15:43,869 INFO o.a.j.t.JMeterThread: Thread started: Ticket intake 1-231
2026-10-09 12:15:46,853 INFO o.a.j.t.JMeterThread: Thread is done: Ticket intake 1-229
2026-10-09 12:15:46,853 INFO o.a.j.t.JMeterThread: Thread finished: Ticket intake 1-229
2026-10-09 12:16:00,370 INFO o.a.j.r.Summariser: summary +      2 in 00:00:28 =    0.1/s Avg: 16054 Min: 12189 Max: 19919 Err:     0 (0.00%) Active: 2 Started: 231 Finished: 229
2026-10-09 12:16:00,370 INFO o.a.j.r.Summariser: summary =    230 in 00:38:15 =    0.1/s Avg: 81647 Min:  5001 Max: 650192 Err:    43 (18.70%)
2026-10-09 12:16:00,370 INFO o.a.j.t.JMeterThread: Thread is done: Ticket intake 1-230
2026-10-09 12:16:00,370 INFO o.a.j.t.JMeterThread: Thread finished: Ticket intake 1-230
2026-10-09 12:16:10,201 INFO o.a.j.t.JMeterThread: Thread is done: Ticket intake 1-231
2026-10-09 12:16:10,201 INFO o.a.j.t.JMeterThread: Thread finished: Ticket intake 1-231
2026-10-09 12:16:15,775 INFO o.a.j.t.JMeterThread: Thread started: Ticket intake 1-232
2026-10-09 12:16:22,314 INFO o.a.j.t.JMeterThread: Thread started: Ticket intake 1-233
2026-10-09 12:16:23,105 INFO o.a.j.t.JMeterThread: Thread is done: Ticket intake 1-232
2026-10-09 12:16:23,105 INFO o.a.j.t.JMeterThread: Thread finished: Ticket intake 1-232
2026-10-09 12:16:24,697 INFO o.a.j.t.JMeterThread: Thread started: Ticket intake 1-234
2026-10-09 12:16:33,768 INFO o.a.j.r.Summariser: summary +      3 in 00:00:33 =    0.1/s Avg: 15037 Min:  7328 Max: 26332 Err:     0 (0.00%) Active: 2 Started: 234 Finished: 232
2026-10-09 12:16:33,768 INFO o.a.j.r.Summariser: summary =    233 in 00:38:48 =    0.1/s Avg: 80790 Min:  5001 Max: 650192 Err:    43 (18.45%)
2026-10-09 12:16:33,769 INFO o.a.j.t.JMeterThread: Thread is done: Ticket intake 1-233
2026-10-09 12:16:33,769 INFO o.a.j.t.JMeterThread: Thread finished: Ticket intake 1-233
2026-10-09 12:16:40,591 INFO o.a.j.t.JMeterThread: Thread started: Ticket intake 1-235
2026-10-09 12:16:42,299 INFO o.a.j.t.JMeterThread: Thread started: Ticket intake 1-236
2026-10-09 12:16:42,968 INFO o.a.j.t.JMeterThread: Thread is done: Ticket intake 1-234
2026-10-09 12:16:42,968 INFO o.a.j.t.JMeterThread: Thread finished: Ticket intake 1-234
2026-10-09 12:16:47,275 INFO o.a.j.t.JMeterThread: Thread started: Ticket intake 1-237
2026-10-09 12:16:50,557 INFO o.a.j.t.JMeterThread: Thread is done: Ticket intake 1-235
2026-10-09 12:16:50,557 INFO o.a.j.t.JMeterThread: Thread finished: Ticket intake 1-235
2026-10-09 12:16:52,830 INFO o.a.j.t.JMeterThread: Thread started: Ticket intake 1-238
2026-10-09 12:16:57,720 INFO o.a.j.t.JMeterThread: Thread is done: Ticket intake 1-236
2026-10-09 12:16:57,720 INFO o.a.j.t.JMeterThread: Thread finished: Ticket intake 1-236
2026-10-09 12:17:11,128 INFO o.a.j.t.JMeterThread: Thread is done: Ticket intake 1-237
2026-10-09 12:17:11,128 INFO o.a.j.t.JMeterThread: Thread finished: Ticket intake 1-237
2026-10-09 12:17:22,760 INFO o.a.j.t.JMeterThread: Thread started: Ticket intake 1-239
2026-10-09 12:17:22,903 INFO o.a.j.t.JMeterThread: Thread is done: Ticket intake 1-238
2026-10-09 12:17:22,903 INFO o.a.j.t.JMeterThread: Thread finished: Ticket intake 1-238
2026-10-09 12:17:24,105 INFO o.a.j.t.JMeterThread: Thread started: Ticket intake 1-240
2026-10-09 12:17:32,017 INFO o.a.j.r.Summariser: summary +      6 in 00:00:58 =    0.1/s Avg: 17805 Min:  9256 Max: 30072 Err:     0 (0.00%) Active: 2 Started: 240 Finished: 238
2026-10-09 12:17:32,018 INFO o.a.j.r.Summariser: summary =    239 in 00:39:47 =    0.1/s Avg: 79209 Min:  5001 Max: 650192 Err:    43 (17.99%)
2026-10-09 12:17:32,018 INFO o.a.j.t.JMeterThread: Thread is done: Ticket intake 1-239
2026-10-09 12:17:32,018 INFO o.a.j.t.JMeterThread: Thread finished: Ticket intake 1-239
2026-10-09 12:17:34,001 INFO o.a.j.t.JMeterThread: Thread started: Ticket intake 1-241
2026-10-09 12:17:37,263 INFO o.a.j.t.JMeterThread: Thread started: Ticket intake 1-242
2026-10-09 12:17:39,185 INFO o.a.j.t.JMeterThread: Thread is done: Ticket intake 1-240
2026-10-09 12:17:39,185 INFO o.a.j.t.JMeterThread: Thread finished: Ticket intake 1-240
2026-10-09 12:17:41,400 INFO o.a.j.t.JMeterThread: Thread started: Ticket intake 1-243
2026-10-09 12:17:44,964 INFO o.a.j.t.JMeterThread: Thread started: Ticket intake 1-244
2026-10-09 12:17:49,083 INFO o.a.j.t.JMeterThread: Thread started: Ticket intake 1-245
2026-10-09 12:17:51,943 INFO o.a.j.t.JMeterThread: Thread started: Ticket intake 1-246
2026-10-09 12:17:52,496 INFO o.a.j.t.JMeterThread: Thread is done: Ticket intake 1-241
2026-10-09 12:17:52,496 INFO o.a.j.t.JMeterThread: Thread finished: Ticket intake 1-241
2026-10-09 12:18:01,380 INFO o.a.j.r.Summariser: summary +      3 in 00:00:29 =    0.1/s Avg: 19230 Min: 15080 Max: 24116 Err:     0 (0.00%) Active: 5 Started: 246 Finished: 241
2026-10-09 12:18:01,380 INFO o.a.j.r.Summariser: summary =    242 in 00:40:16 =    0.1/s Avg: 78465 Min:  5001 Max: 650192 Err:    43 (17.77%)
2026-10-09 12:18:01,380 INFO o.a.j.t.JMeterThread: Thread is done: Ticket intake 1-242
2026-10-09 12:18:01,380 INFO o.a.j.t.JMeterThread: Thread finished: Ticket intake 1-242
2026-10-09 12:18:03,465 INFO o.a.j.t.JMeterThread: Thread started: Ticket intake 1-247
2026-10-09 12:18:08,367 INFO o.a.j.t.JMeterThread: Thread is done: Ticket intake 1-243
2026-10-09 12:18:08,367 INFO o.a.j.t.JMeterThread: Thread finished: Ticket intake 1-243
2026-10-09 12:18:17,993 INFO o.a.j.t.JMeterThread: Thread is done: Ticket intake 1-244
2026-10-09 12:18:17,993 INFO o.a.j.t.JMeterThread: Thread finished: Ticket intake 1-244
2026-10-09 12:18:30,383 INFO o.a.j.r.Summariser: summary +      3 in 00:00:29 =    0.1/s Avg: 33765 Min: 26967 Max: 41301 Err:     0 (0.00%) Active: 3 Started: 247 Finished: 244
2026-10-09 12:18:30,384 INFO o.a.j.r.Summariser: summary =    245 in 00:40:45 =    0.1/s Avg: 77918 Min:  5001 Max: 650192 Err:    43 (17.55%)
2026-10-09 12:18:30,384 INFO o.a.j.t.JMeterThread: Thread is done: Ticket intake 1-245
2026-10-09 12:18:30,384 INFO o.a.j.t.JMeterThread: Thread finished: Ticket intake 1-245
2026-10-09 12:18:42,160 INFO o.a.j.t.JMeterThread: Thread is done: Ticket intake 1-246
2026-10-09 12:18:42,160 INFO o.a.j.t.JMeterThread: Thread finished: Ticket intake 1-246
2026-10-09 12:18:42,727 INFO o.a.j.t.JMeterThread: Thread started: Ticket intake 1-248
2026-10-09 12:18:52,297 INFO o.a.j.t.JMeterThread: Thread is done: Ticket intake 1-247
2026-10-09 12:18:52,297 INFO o.a.j.t.JMeterThread: Thread finished: Ticket intake 1-247
2026-10-09 12:19:04,647 INFO o.a.j.t.JMeterThread: Thread started: Ticket intake 1-249
2026-10-09 12:19:04,790 INFO o.a.j.r.Summariser: summary +      3 in 00:00:34 =    0.1/s Avg: 40370 Min: 22062 Max: 50217 Err:     0 (0.00%) Active: 2 Started: 249 Finished: 247
2026-10-09 12:19:04,791 INFO o.a.j.r.Summariser: summary =    248 in 00:41:19 =    0.1/s Avg: 77463 Min:  5001 Max: 650192 Err:    43 (17.34%)
2026-10-09 12:19:04,791 INFO o.a.j.t.JMeterThread: Thread is done: Ticket intake 1-248
2026-10-09 12:19:04,791 INFO o.a.j.t.JMeterThread: Thread finished: Ticket intake 1-248
2026-10-09 12:19:13,491 INFO o.a.j.t.JMeterThread: Thread is done: Ticket intake 1-249
2026-10-09 12:19:13,491 INFO o.a.j.t.JMeterThread: Thread finished: Ticket intake 1-249
2026-10-09 12:19:20,832 INFO o.a.j.t.JMeterThread: Thread started: Ticket intake 1-250
2026-10-09 12:19:21,740 INFO o.a.j.t.JMeterThread: Thread started: Ticket intake 1-251
2026-10-09 12:19:27,531 INFO o.a.j.t.JMeterThread: Thread started: Ticket intake 1-252
2026-10-09 12:19:31,864 INFO o.a.j.t.JMeterThread: Thread started: Ticket intake 1-253
2026-10-09 12:19:33,153 INFO o.a.j.r.Summariser: summary +      2 in 00:00:28 =    0.1/s Avg: 10582 Min:  8844 Max: 12320 Err:     0 (0.00%) Active: 4 Started: 253 Finished: 249
2026-10-09 12:19:33,154 INFO o.a.j.r.Summariser: summary =    250 in 00:41:48 =    0.1/s Avg: 76928 Min:  5001 Max: 650192 Err:    43 (17.20%)
2026-10-09 12:19:33,154 INFO o.a.j.t.JMeterThread: Thread is done: Ticket intake 1-250
2026-10-09 12:19:33,154 INFO o.a.j.t.JMeterThread: Thread finished: Ticket intake 1-250
2026-10-09 12:19:41,956 INFO o.a.j.t.JMeterThread: Thread started: Ticket intake 1-254
2026-10-09 12:19:45,441 INFO o.a.j.t.JMeterThread: Thread is done: Ticket intake 1-251
2026-10-09 12:19:45,441 INFO o.a.j.t.JMeterThread: Thread finished: Ticket intake 1-251
2026-10-09 12:19:54,964 INFO o.a.j.t.JMeterThread: Thread is done: Ticket intake 1-252
2026-10-09 12:19:54,964 INFO o.a.j.t.JMeterThread: Thread finished: Ticket intake 1-252
2026-10-09 12:19:56,289 INFO o.a.j.t.JMeterThread: Thread started: Ticket intake 1-255
2026-10-09 12:20:07,764 INFO o.a.j.t.JMeterThread: Thread is done: Ticket intake 1-253
2026-10-09 12:20:07,764 INFO o.a.j.t.JMeterThread: Thread finished: Ticket intake 1-253
2026-10-09 12:20:14,963 INFO o.a.j.t.JMeterThread: Thread started: Ticket intake 1-256
2026-10-09 12:20:17,698 INFO o.a.j.t.JMeterThread: Thread is done: Ticket intake 1-254
2026-10-09 12:20:17,698 INFO o.a.j.t.JMeterThread: Thread finished: Ticket intake 1-254
2026-10-09 12:20:26,970 INFO o.a.j.t.JMeterThread: Thread is done: Ticket intake 1-255
2026-10-09 12:20:26,970 INFO o.a.j.t.JMeterThread: Thread finished: Ticket intake 1-255
2026-10-09 12:20:39,397 INFO o.a.j.t.JMeterThread: Thread started: Ticket intake 1-257
2026-10-09 12:20:40,142 INFO o.a.j.t.JMeterThread: Thread started: Ticket intake 1-258
2026-10-09 12:20:40,941 INFO o.a.j.t.JMeterThread: Thread is done: Ticket intake 1-256
2026-10-09 12:20:40,941 INFO o.a.j.t.JMeterThread: Thread finished: Ticket intake 1-256
2026-10-09 12:20:53,742 INFO o.a.j.t.JMeterThread: Thread is done: Ticket intake 1-257
2026-10-09 12:20:53,742 INFO o.a.j.t.JMeterThread: Thread finished: Ticket intake 1-257
2026-10-09 12:21:03,452 INFO o.a.j.t.JMeterThread: Thread started: Ticket intake 1-259
2026-10-09 12:21:03,988 INFO o.a.j.t.JMeterThread: Thread started: Ticket intake 1-260
2026-10-09 12:21:04,801 INFO o.a.j.r.Summariser: summary +      8 in 00:01:32 =    0.1/s Avg: 27304 Min: 14344 Max: 35901 Err:     0 (0.00%) Active: 3 Started: 260 Finished: 257
2026-10-09 12:21:04,801 INFO o.a.j.r.Summariser: summary =    258 in 00:43:20 =    0.1/s Avg: 75390 Min:  5001 Max: 650192 Err:    43 (16.67%)
2026-10-09 12:21:04,801 INFO o.a.j.t.JMeterThread: Thread is done: Ticket intake 1-258
2026-10-09 12:21:04,801 INFO o.a.j.t.JMeterThread: Thread finished: Ticket intake 1-258
2026-10-09 12:21:16,372 INFO o.a.j.t.JMeterThread: Thread is done: Ticket intake 1-259
2026-10-09 12:21:16,372 INFO o.a.j.t.JMeterThread: Thread finished: Ticket intake 1-259
2026-10-09 12:21:25,407 INFO o.a.j.t.JMeterThread: Thread is done: Ticket intake 1-260
2026-10-09 12:21:25,407 INFO o.a.j.t.JMeterThread: Thread finished: Ticket intake 1-260
2026-10-09 12:21:39,845 INFO o.a.j.t.JMeterThread: Thread started: Ticket intake 1-261
2026-10-09 12:21:46,827 INFO o.a.j.t.JMeterThread: Thread is done: Ticket intake 1-261
2026-10-09 12:21:46,827 INFO o.a.j.t.JMeterThread: Thread finished: Ticket intake 1-261
2026-10-09 12:22:01,914 INFO o.a.j.t.JMeterThread: Thread started: Ticket intake 1-262
2026-10-09 12:22:10,469 INFO o.a.j.t.JMeterThread: Thread started: Ticket intake 1-263
2026-10-09 12:22:14,099 INFO o.a.j.t.JMeterThread: Thread is done: Ticket intake 1-262
2026-10-09 12:22:14,099 INFO o.a.j.t.JMeterThread: Thread finished: Ticket intake 1-262
2026-10-09 12:22:22,955 INFO o.a.j.t.JMeterThread: Thread is done: Ticket intake 1-263
2026-10-09 12:22:22,955 INFO o.a.j.t.JMeterThread: Thread finished: Ticket intake 1-263
2026-10-09 12:22:39,069 INFO o.a.j.t.JMeterThread: Thread started: Ticket intake 1-264
2026-10-09 12:22:53,791 INFO o.a.j.t.JMeterThread: Thread is done: Ticket intake 1-264
2026-10-09 12:22:53,791 INFO o.a.j.t.JMeterThread: Thread finished: Ticket intake 1-264
2026-10-09 12:22:59,320 INFO o.a.j.t.JMeterThread: Thread started: Ticket intake 1-265
2026-10-09 12:23:13,140 INFO o.a.j.t.JMeterThread: Thread is done: Ticket intake 1-265
2026-10-09 12:23:13,140 INFO o.a.j.t.JMeterThread: Thread finished: Ticket intake 1-265
2026-10-09 12:23:13,532 INFO o.a.j.t.JMeterThread: Thread started: Ticket intake 1-266
2026-10-09 12:23:23,622 INFO o.a.j.t.JMeterThread: Thread started: Ticket intake 1-267
2026-10-09 12:23:26,663 INFO o.a.j.t.JMeterThread: Thread is done: Ticket intake 1-266
2026-10-09 12:23:26,663 INFO o.a.j.t.JMeterThread: Thread finished: Ticket intake 1-266
2026-10-09 12:23:33,132 INFO o.a.j.t.JMeterThread: Thread started: Ticket intake 1-268
2026-10-09 12:23:38,712 INFO o.a.j.t.JMeterThread: Thread is done: Ticket intake 1-267
2026-10-09 12:23:38,712 INFO o.a.j.t.JMeterThread: Thread finished: Ticket intake 1-267
2026-10-09 12:23:40,719 INFO o.a.j.t.JMeterThread: Thread started: Ticket intake 1-269
2026-10-09 12:23:52,327 INFO o.a.j.t.JMeterThread: Thread is done: Ticket intake 1-268
2026-10-09 12:23:52,327 INFO o.a.j.t.JMeterThread: Thread finished: Ticket intake 1-268
2026-10-09 12:24:03,288 INFO o.a.j.r.Summariser: summary +     11 in 00:02:58 =    0.1/s Avg: 14955 Min:  6981 Max: 22568 Err:     0 (0.00%) Active: 1 Started: 269 Finished: 268
2026-10-09 12:24:03,288 INFO o.a.j.r.Summariser: summary =    269 in 00:46:18 =    0.1/s Avg: 72918 Min:  5001 Max: 650192 Err:    43 (15.99%)
2026-10-09 12:24:03,288 INFO o.a.j.t.JMeterThread: Thread is done: Ticket intake 1-269
2026-10-09 12:24:03,288 INFO o.a.j.t.JMeterThread: Thread finished: Ticket intake 1-269
2026-10-09 12:24:05,139 INFO o.a.j.t.JMeterThread: Thread started: Ticket intake 1-270
2026-10-09 12:24:12,646 INFO o.a.j.t.JMeterThread: Thread started: Ticket intake 1-271
2026-10-09 12:24:17,413 INFO o.a.j.t.JMeterThread: Thread is done: Ticket intake 1-270
2026-10-09 12:24:17,413 INFO o.a.j.t.JMeterThread: Thread finished: Ticket intake 1-270
2026-10-09 12:24:19,513 INFO o.a.j.t.JMeterThread: Thread started: Ticket intake 1-272
2026-10-09 12:24:23,304 INFO o.a.j.t.JMeterThread: Thread started: Ticket intake 1-273
2026-10-09 12:24:26,025 INFO o.a.j.t.JMeterThread: Thread is done: Ticket intake 1-271
2026-10-09 12:24:26,025 INFO o.a.j.t.JMeterThread: Thread finished: Ticket intake 1-271
2026-10-09 12:24:26,837 INFO o.a.j.t.JMeterThread: Thread started: Ticket intake 1-274
2026-10-09 12:24:36,050 INFO o.a.j.t.JMeterThread: Thread is done: Ticket intake 1-272
2026-10-09 12:24:36,050 INFO o.a.j.t.JMeterThread: Thread finished: Ticket intake 1-272
2026-10-09 12:24:39,279 INFO o.a.j.t.JMeterThread: Thread started: Ticket intake 1-275
2026-10-09 12:24:46,415 INFO o.a.j.t.JMeterThread: Thread started: Ticket intake 1-276
2026-10-09 12:24:51,000 INFO o.a.j.t.JMeterThread: Thread is done: Ticket intake 1-273
2026-10-09 12:24:51,000 INFO o.a.j.t.JMeterThread: Thread finished: Ticket intake 1-273
2026-10-09 12:24:59,908 INFO o.a.j.t.JMeterThread: Thread is done: Ticket intake 1-274
2026-10-09 12:24:59,909 INFO o.a.j.t.JMeterThread: Thread finished: Ticket intake 1-274
2026-10-09 12:25:08,541 INFO o.a.j.t.JMeterThread: Thread is done: Ticket intake 1-275
2026-10-09 12:25:08,541 INFO o.a.j.t.JMeterThread: Thread finished: Ticket intake 1-275
2026-10-09 12:25:11,655 INFO o.a.j.t.JMeterThread: Thread started: Ticket intake 1-277
2026-10-09 12:25:17,931 INFO o.a.j.t.JMeterThread: Thread is done: Ticket intake 1-276
2026-10-09 12:25:17,931 INFO o.a.j.t.JMeterThread: Thread finished: Ticket intake 1-276
2026-10-09 12:25:25,099 INFO o.a.j.t.JMeterThread: Thread is done: Ticket intake 1-277
2026-10-09 12:25:25,099 INFO o.a.j.t.JMeterThread: Thread finished: Ticket intake 1-277
2026-10-09 12:25:32,734 INFO o.a.j.t.JMeterThread: Thread started: Ticket intake 1-278
2026-10-09 12:25:42,098 INFO o.a.j.t.JMeterThread: Thread is done: Ticket intake 1-278
2026-10-09 12:25:42,098 INFO o.a.j.t.JMeterThread: Thread finished: Ticket intake 1-278
2026-10-09 12:26:27,510 INFO o.a.j.t.JMeterThread: Thread started: Ticket intake 1-279
2026-10-09 12:26:28,873 INFO o.a.j.t.JMeterThread: Thread started: Ticket intake 1-280
2026-10-09 12:26:35,038 INFO o.a.j.r.Summariser: summary +     10 in 00:02:32 =    0.1/s Avg: 19406 Min:  7526 Max: 33072 Err:     0 (0.00%) Active: 2 Started: 280 Finished: 278
2026-10-09 12:26:35,038 INFO o.a.j.r.Summariser: summary =    279 in 00:48:50 =    0.1/s Avg: 71000 Min:  5001 Max: 650192 Err:    43 (15.41%)
2026-10-09 12:26:35,038 INFO o.a.j.t.JMeterThread: Thread is done: Ticket intake 1-279
2026-10-09 12:26:35,038 INFO o.a.j.t.JMeterThread: Thread finished: Ticket intake 1-279
2026-10-09 12:26:46,096 INFO o.a.j.t.JMeterThread: Thread is done: Ticket intake 1-280
2026-10-09 12:26:46,096 INFO o.a.j.t.JMeterThread: Thread finished: Ticket intake 1-280
2026-10-09 12:26:47,351 INFO o.a.j.t.JMeterThread: Thread started: Ticket intake 1-281
2026-10-09 12:26:55,824 INFO o.a.j.t.JMeterThread: Thread is done: Ticket intake 1-281
2026-10-09 12:26:55,824 INFO o.a.j.t.JMeterThread: Thread finished: Ticket intake 1-281
2026-10-09 12:27:02,710 INFO o.a.j.t.JMeterThread: Thread started: Ticket intake 1-282
2026-10-09 12:27:09,026 INFO o.a.j.t.JMeterThread: Thread started: Ticket intake 1-283
2026-10-09 12:27:09,853 INFO o.a.j.t.JMeterThread: Thread is done: Ticket intake 1-282
2026-10-09 12:27:09,853 INFO o.a.j.t.JMeterThread: Thread finished: Ticket intake 1-282
2026-10-09 12:27:18,147 INFO o.a.j.t.JMeterThread: Thread is done: Ticket intake 1-283
2026-10-09 12:27:18,147 INFO o.a.j.t.JMeterThread: Thread finished: Ticket intake 1-283
2026-10-09 12:27:32,885 INFO o.a.j.t.JMeterThread: Thread started: Ticket intake 1-284
2026-10-09 12:27:38,588 INFO o.a.j.t.JMeterThread: Thread started: Ticket intake 1-285
2026-10-09 12:27:41,597 INFO o.a.j.t.JMeterThread: Thread is done: Ticket intake 1-284
2026-10-09 12:27:41,597 INFO o.a.j.t.JMeterThread: Thread finished: Ticket intake 1-284
2026-10-09 12:27:45,765 INFO o.a.j.t.JMeterThread: Thread started: Ticket intake 1-286
2026-10-09 12:27:49,488 INFO o.a.j.t.JMeterThread: Thread is done: Ticket intake 1-285
2026-10-09 12:27:49,488 INFO o.a.j.t.JMeterThread: Thread finished: Ticket intake 1-285
2026-10-09 12:27:55,367 INFO o.a.j.t.JMeterThread: Thread started: Ticket intake 1-287
2026-10-09 12:28:03,071 INFO o.a.j.r.Summariser: summary +      7 in 00:01:28 =    0.1/s Avg: 11267 Min:  7142 Max: 17305 Err:     0 (0.00%) Active: 2 Started: 287 Finished: 285
2026-10-09 12:28:03,072 INFO o.a.j.r.Summariser: summary =    286 in 00:50:18 =    0.1/s Avg: 69538 Min:  5001 Max: 650192 Err:    43 (15.03%)
2026-10-09 12:28:03,072 INFO o.a.j.t.JMeterThread: Thread is done: Ticket intake 1-286
2026-10-09 12:28:03,072 INFO o.a.j.t.JMeterThread: Thread finished: Ticket intake 1-286
2026-10-09 12:28:13,103 INFO o.a.j.t.JMeterThread: Thread is done: Ticket intake 1-287
2026-10-09 12:28:13,104 INFO o.a.j.t.JMeterThread: Thread finished: Ticket intake 1-287
2026-10-09 12:28:13,150 INFO o.a.j.t.JMeterThread: Thread started: Ticket intake 1-288
2026-10-09 12:28:20,693 INFO o.a.j.t.JMeterThread: Thread started: Ticket intake 1-289
2026-10-09 12:28:22,539 INFO o.a.j.t.JMeterThread: Thread is done: Ticket intake 1-288
2026-10-09 12:28:22,539 INFO o.a.j.t.JMeterThread: Thread finished: Ticket intake 1-288
2026-10-09 12:28:32,211 INFO o.a.j.t.JMeterThread: Thread started: Ticket intake 1-290
2026-10-09 12:28:35,254 INFO o.a.j.r.Summariser: summary +      3 in 00:00:32 =    0.1/s Avg: 13894 Min:  9388 Max: 17737 Err:     0 (0.00%) Active: 2 Started: 290 Finished: 288
2026-10-09 12:28:35,254 INFO o.a.j.r.Summariser: summary =    289 in 00:50:50 =    0.1/s Avg: 68961 Min:  5001 Max: 650192 Err:    43 (14.88%)
2026-10-09 12:28:35,254 INFO o.a.j.t.JMeterThread: Thread is done: Ticket intake 1-289
2026-10-09 12:28:35,254 INFO o.a.j.t.JMeterThread: Thread finished: Ticket intake 1-289
2026-10-09 12:28:43,045 INFO o.a.j.t.JMeterThread: Thread started: Ticket intake 1-291
2026-10-09 12:28:45,186 INFO o.a.j.t.JMeterThread: Thread is done: Ticket intake 1-290
2026-10-09 12:28:45,186 INFO o.a.j.t.JMeterThread: Thread finished: Ticket intake 1-290
2026-10-09 12:28:45,507 INFO o.a.j.t.JMeterThread: Thread started: Ticket intake 1-292
2026-10-09 12:28:49,469 INFO o.a.j.t.JMeterThread: Thread started: Ticket intake 1-293
2026-10-09 12:28:56,757 INFO o.a.j.t.JMeterThread: Thread is done: Ticket intake 1-291
2026-10-09 12:28:56,757 INFO o.a.j.t.JMeterThread: Thread finished: Ticket intake 1-291
2026-10-09 12:28:57,052 INFO o.a.j.t.JMeterThread: Thread started: Ticket intake 1-294
2026-10-09 12:29:02,168 INFO o.a.j.t.JMeterThread: Thread started: Ticket intake 1-295
2026-10-09 12:29:03,711 INFO o.a.j.t.JMeterThread: Thread started: Ticket intake 1-296
2026-10-09 12:29:07,612 INFO o.a.j.t.JMeterThread: Thread is done: Ticket intake 1-292
2026-10-09 12:29:07,612 INFO o.a.j.t.JMeterThread: Thread finished: Ticket intake 1-292
2026-10-09 12:29:18,978 INFO o.a.j.t.JMeterThread: Thread is done: Ticket intake 1-293
2026-10-09 12:29:18,979 INFO o.a.j.t.JMeterThread: Thread finished: Ticket intake 1-293
2026-10-09 12:29:27,683 INFO o.a.j.t.JMeterThread: Thread is done: Ticket intake 1-294
2026-10-09 12:29:27,683 INFO o.a.j.t.JMeterThread: Thread finished: Ticket intake 1-294
2026-10-09 12:29:36,600 INFO o.a.j.t.JMeterThread: Thread is done: Ticket intake 1-295
2026-10-09 12:29:36,600 INFO o.a.j.t.JMeterThread: Thread finished: Ticket intake 1-295
2026-10-09 12:29:44,561 INFO o.a.j.t.JMeterThread: Thread started: Ticket intake 1-297
2026-10-09 12:29:48,059 INFO o.a.j.t.JMeterThread: Thread is done: Ticket intake 1-296
2026-10-09 12:29:48,059 INFO o.a.j.t.JMeterThread: Thread finished: Ticket intake 1-296
2026-10-09 12:29:48,806 INFO o.a.j.t.JMeterThread: Thread started: Ticket intake 1-298
2026-10-09 12:29:54,819 INFO o.a.j.t.JMeterThread: Thread is done: Ticket intake 1-297
2026-10-09 12:29:54,819 INFO o.a.j.t.JMeterThread: Thread finished: Ticket intake 1-297
2026-10-09 12:30:07,784 INFO o.a.j.t.JMeterThread: Thread is done: Ticket intake 1-298
2026-10-09 12:30:07,784 INFO o.a.j.t.JMeterThread: Thread finished: Ticket intake 1-298
2026-10-09 12:30:35,077 INFO o.a.j.t.JMeterThread: Thread started: Ticket intake 1-299
2026-10-09 12:30:43,765 INFO o.a.j.t.JMeterThread: Thread is done: Ticket intake 1-299
2026-10-09 12:30:43,765 INFO o.a.j.t.JMeterThread: Thread finished: Ticket intake 1-299
2026-10-09 12:30:45,724 INFO o.a.j.t.JMeterThread: Thread started: Ticket intake 1-300
2026-10-09 12:30:58,306 INFO o.a.j.t.JMeterThread: Thread is done: Ticket intake 1-300
2026-10-09 12:30:58,306 INFO o.a.j.t.JMeterThread: Thread finished: Ticket intake 1-300
2026-10-09 12:31:05,269 INFO o.a.j.t.JMeterThread: Thread started: Ticket intake 1-301
2026-10-09 12:31:19,194 INFO o.a.j.t.JMeterThread: Thread is done: Ticket intake 1-301
2026-10-09 12:31:19,194 INFO o.a.j.t.JMeterThread: Thread finished: Ticket intake 1-301
2026-10-09 12:31:25,960 INFO o.a.j.t.JMeterThread: Thread started: Ticket intake 1-302
2026-10-09 12:31:27,045 INFO o.a.j.t.JMeterThread: Thread started: Ticket intake 1-303
2026-10-09 12:31:40,035 INFO o.a.j.t.JMeterThread: Thread started: Ticket intake 1-304
2026-10-09 12:31:41,312 INFO o.a.j.t.JMeterThread: Thread is done: Ticket intake 1-302
2026-10-09 12:31:41,312 INFO o.a.j.t.JMeterThread: Thread finished: Ticket intake 1-302
2026-10-09 12:31:45,891 INFO o.a.j.t.JMeterThread: Thread started: Ticket intake 1-305
2026-10-09 12:31:55,155 INFO o.a.j.t.JMeterThread: Thread is done: Ticket intake 1-303
2026-10-09 12:31:55,156 INFO o.a.j.t.JMeterThread: Thread finished: Ticket intake 1-303
2026-10-09 12:32:07,117 INFO o.a.j.t.JMeterThread: Thread is done: Ticket intake 1-304
2026-10-09 12:32:07,117 INFO o.a.j.t.JMeterThread: Thread finished: Ticket intake 1-304
2026-10-09 12:32:14,695 INFO o.a.j.t.JMeterThread: Thread is done: Ticket intake 1-305
2026-10-09 12:32:14,695 INFO o.a.j.t.JMeterThread: Thread finished: Ticket intake 1-305
2026-10-09 12:32:24,846 INFO o.a.j.t.JMeterThread: Thread started: Ticket intake 1-306
2026-10-09 12:32:29,307 INFO o.a.j.t.JMeterThread: Thread started: Ticket intake 1-307
2026-10-09 12:32:33,433 INFO o.a.j.r.Summariser: summary +     17 in 00:03:58 =    0.1/s Avg: 21180 Min:  8586 Max: 44349 Err:     0 (0.00%) Active: 2 Started: 307 Finished: 305
2026-10-09 12:32:33,433 INFO o.a.j.r.Summariser: summary =    306 in 00:54:48 =    0.1/s Avg: 66306 Min:  5001 Max: 650192 Err:    43 (14.05%)
2026-10-09 12:32:33,434 INFO o.a.j.t.JMeterThread: Thread is done: Ticket intake 1-306
2026-10-09 12:32:33,434 INFO o.a.j.t.JMeterThread: Thread finished: Ticket intake 1-306
2026-10-09 12:32:34,456 INFO o.a.j.t.JMeterThread: Thread started: Ticket intake 1-308
2026-10-09 12:32:38,468 INFO o.a.j.t.JMeterThread: Thread started: Ticket intake 1-309
2026-10-09 12:32:39,530 INFO o.a.j.t.JMeterThread: Thread started: Ticket intake 1-310
2026-10-09 12:32:42,650 INFO o.a.j.t.JMeterThread: Thread is done: Ticket intake 1-307
2026-10-09 12:32:42,650 INFO o.a.j.t.JMeterThread: Thread finished: Ticket intake 1-307
2026-10-09 12:32:49,946 INFO o.a.j.t.JMeterThread: Thread started: Ticket intake 1-311
2026-10-09 12:32:54,937 INFO o.a.j.t.JMeterThread: Thread is done: Ticket intake 1-308
2026-10-09 12:32:54,937 INFO o.a.j.t.JMeterThread: Thread finished: Ticket intake 1-308
2026-10-09 12:33:03,233 INFO o.a.j.r.Summariser: summary +      3 in 00:00:30 =    0.1/s Avg: 19528 Min: 13341 Max: 24764 Err:     0 (0.00%) Active: 3 Started: 311 Finished: 308
2026-10-09 12:33:03,233 INFO o.a.j.r.Summariser: summary =    309 in 00:55:18 =    0.1/s Avg: 65852 Min:  5001 Max: 650192 Err:    43 (13.92%)
2026-10-09 12:33:03,233 INFO o.a.j.t.JMeterThread: Thread is done: Ticket intake 1-309
2026-10-09 12:33:03,233 INFO o.a.j.t.JMeterThread: Thread finished: Ticket intake 1-309
2026-10-09 12:33:10,296 INFO o.a.j.t.JMeterThread: Thread is done: Ticket intake 1-310
2026-10-09 12:33:10,297 INFO o.a.j.t.JMeterThread: Thread finished: Ticket intake 1-310
2026-10-09 12:33:14,476 INFO o.a.j.t.JMeterThread: Thread started: Ticket intake 1-312
2026-10-09 12:33:22,381 INFO o.a.j.t.JMeterThread: Thread is done: Ticket intake 1-311
2026-10-09 12:33:22,381 INFO o.a.j.t.JMeterThread: Thread finished: Ticket intake 1-311
2026-10-09 12:33:30,880 INFO o.a.j.r.Summariser: summary +      3 in 00:00:28 =    0.1/s Avg: 26534 Min: 16403 Max: 32434 Err:     0 (0.00%) Active: 1 Started: 312 Finished: 311
2026-10-09 12:33:30,880 INFO o.a.j.r.Summariser: summary =    312 in 00:55:46 =    0.1/s Avg: 65474 Min:  5001 Max: 650192 Err:    43 (13.78%)
2026-10-09 12:33:30,880 INFO o.a.j.t.JMeterThread: Thread is done: Ticket intake 1-312
2026-10-09 12:33:30,880 INFO o.a.j.t.JMeterThread: Thread finished: Ticket intake 1-312
2026-10-09 12:33:37,597 INFO o.a.j.t.JMeterThread: Thread started: Ticket intake 1-313
2026-10-09 12:33:49,413 INFO o.a.j.t.JMeterThread: Thread is done: Ticket intake 1-313
2026-10-09 12:33:49,413 INFO o.a.j.t.JMeterThread: Thread finished: Ticket intake 1-313
2026-10-09 12:33:50,761 INFO o.a.j.t.JMeterThread: Thread started: Ticket intake 1-314
2026-10-09 12:33:51,492 INFO o.a.j.t.JMeterThread: Thread started: Ticket intake 1-315
2026-10-09 12:33:57,125 INFO o.a.j.t.JMeterThread: Thread started: Ticket intake 1-316
2026-10-09 12:33:59,359 INFO o.a.j.t.JMeterThread: Thread started: Ticket intake 1-317
2026-10-09 12:34:01,087 INFO o.a.j.r.Summariser: summary +      2 in 00:00:30 =    0.1/s Avg: 11070 Min: 10325 Max: 11815 Err:     0 (0.00%) Active: 4 Started: 317 Finished: 313
2026-10-09 12:34:01,088 INFO o.a.j.r.Summariser: summary =    314 in 00:56:16 =    0.1/s Avg: 65128 Min:  5001 Max: 650192 Err:    43 (13.69%)
2026-10-09 12:34:01,088 INFO o.a.j.t.JMeterThread: Thread is done: Ticket intake 1-314
2026-10-09 12:34:01,088 INFO o.a.j.t.JMeterThread: Thread finished: Ticket intake 1-314
2026-10-09 12:34:08,777 INFO o.a.j.t.JMeterThread: Thread started: Ticket intake 1-318
2026-10-09 12:34:10,561 INFO o.a.j.t.JMeterThread: Thread is done: Ticket intake 1-315
2026-10-09 12:34:10,561 INFO o.a.j.t.JMeterThread: Thread finished: Ticket intake 1-315
2026-10-09 12:34:23,000 INFO o.a.j.t.JMeterThread: Thread is done: Ticket intake 1-316
2026-10-09 12:34:23,000 INFO o.a.j.t.JMeterThread: Thread finished: Ticket intake 1-316
2026-10-09 12:34:24,360 INFO o.a.j.t.JMeterThread: Thread started: Ticket intake 1-319
2026-10-09 12:34:36,108 INFO o.a.j.t.JMeterThread: Thread is done: Ticket intake 1-317
2026-10-09 12:34:36,108 INFO o.a.j.t.JMeterThread: Thread finished: Ticket intake 1-317
2026-10-09 12:34:43,277 INFO o.a.j.t.JMeterThread: Thread is done: Ticket intake 1-318
2026-10-09 12:34:43,277 INFO o.a.j.t.JMeterThread: Thread finished: Ticket intake 1-318
2026-10-09 12:34:44,070 INFO o.a.j.t.JMeterThread: Thread started: Ticket intake 1-320
2026-10-09 12:34:57,099 INFO o.a.j.t.JMeterThread: Thread is done: Ticket intake 1-319
2026-10-09 12:34:57,100 INFO o.a.j.t.JMeterThread: Thread finished: Ticket intake 1-319
2026-10-09 12:34:57,707 INFO o.a.j.t.JMeterThread: Thread started: Ticket intake 1-321
2026-10-09 12:34:59,378 INFO o.a.j.t.JMeterThread: Thread started: Ticket intake 1-322
2026-10-09 12:35:06,111 INFO o.a.j.t.JMeterThread: Thread is done: Ticket intake 1-320
2026-10-09 12:35:06,111 INFO o.a.j.t.JMeterThread: Thread finished: Ticket intake 1-320
2026-10-09 12:35:18,501 INFO o.a.j.t.JMeterThread: Thread is done: Ticket intake 1-321
2026-10-09 12:35:18,501 INFO o.a.j.t.JMeterThread: Thread finished: Ticket intake 1-321
2026-10-09 12:35:20,015 INFO o.a.j.t.JMeterThread: Thread started: Ticket intake 1-323
2026-10-09 12:35:28,638 INFO o.a.j.t.JMeterThread: Thread is done: Ticket intake 1-322
2026-10-09 12:35:28,638 INFO o.a.j.t.JMeterThread: Thread finished: Ticket intake 1-322
2026-10-09 12:35:35,807 INFO o.a.j.r.Summariser: summary +      9 in 00:01:35 =    0.1/s Avg: 26312 Min: 15791 Max: 36749 Err:     0 (0.00%) Active: 1 Started: 323 Finished: 322
2026-10-09 12:35:35,808 INFO o.a.j.r.Summariser: summary =    323 in 00:57:51 =    0.1/s Avg: 64046 Min:  5001 Max: 650192 Err:    43 (13.31%)
2026-10-09 12:35:35,808 INFO o.a.j.t.JMeterThread: Thread is done: Ticket intake 1-323
2026-10-09 12:35:35,808 INFO o.a.j.t.JMeterThread: Thread finished: Ticket intake 1-323
2026-10-09 12:35:38,517 INFO o.a.j.t.JMeterThread: Thread started: Ticket intake 1-324
2026-10-09 12:35:49,222 INFO o.a.j.t.JMeterThread: Thread is done: Ticket intake 1-324
2026-10-09 12:35:49,222 INFO o.a.j.t.JMeterThread: Thread finished: Ticket intake 1-324
2026-10-09 12:35:52,750 INFO o.a.j.t.JMeterThread: Thread started: Ticket intake 1-325
2026-10-09 12:35:56,443 INFO o.a.j.t.JMeterThread: Thread started: Ticket intake 1-326
2026-10-09 12:36:02,751 INFO o.a.j.t.JMeterThread: Thread started: Ticket intake 1-327
2026-10-09 12:36:05,502 INFO o.a.j.r.Summariser: summary +      2 in 00:00:30 =    0.1/s Avg: 11727 Min: 10704 Max: 12751 Err:     0 (0.00%) Active: 3 Started: 327 Finished: 324
2026-10-09 12:36:05,503 INFO o.a.j.r.Summariser: summary =    325 in 00:58:20 =    0.1/s Avg: 63724 Min:  5001 Max: 650192 Err:    43 (13.23%)
2026-10-09 12:36:05,503 INFO o.a.j.t.JMeterThread: Thread is done: Ticket intake 1-325
2026-10-09 12:36:05,503 INFO o.a.j.t.JMeterThread: Thread finished: Ticket intake 1-325
2026-10-09 12:36:07,884 INFO o.a.j.t.JMeterThread: Thread started: Ticket intake 1-328
2026-10-09 12:36:08,187 INFO o.a.j.t.JMeterThread: Thread started: Ticket intake 1-329
2026-10-09 12:36:18,769 INFO o.a.j.t.JMeterThread: Thread started: Ticket intake 1-330
2026-10-09 12:36:19,940 INFO o.a.j.t.JMeterThread: Thread is done: Ticket intake 1-326
2026-10-09 12:36:19,940 INFO o.a.j.t.JMeterThread: Thread finished: Ticket intake 1-326
2026-10-09 12:36:25,782 INFO o.a.j.t.JMeterThread: Thread started: Ticket intake 1-331
2026-10-09 12:36:27,141 INFO o.a.j.t.JMeterThread: Thread started: Ticket intake 1-332
2026-10-09 12:36:27,415 INFO o.a.j.t.JMeterThread: Thread is done: Ticket intake 1-327
2026-10-09 12:36:27,415 INFO o.a.j.t.JMeterThread: Thread finished: Ticket intake 1-327
2026-10-09 12:36:29,515 INFO o.a.j.t.JMeterThread: Thread started: Ticket intake 1-333
2026-10-09 12:36:38,064 INFO o.a.j.t.JMeterThread: Thread is done: Ticket intake 1-328
2026-10-09 12:36:38,064 INFO o.a.j.t.JMeterThread: Thread finished: Ticket intake 1-328
2026-10-09 12:36:50,781 INFO o.a.j.t.JMeterThread: Thread is done: Ticket intake 1-329
2026-10-09 12:36:50,781 INFO o.a.j.t.JMeterThread: Thread finished: Ticket intake 1-329
2026-10-09 12:36:52,466 INFO o.a.j.t.o.OpenModelThreadGroup: There will be no more events, so will wait for 52 sec till the end of the schedule
2026-10-09 12:36:52,466 INFO o.a.j.t.JMeterThread: Thread started: Ticket intake 1-334
2026-10-09 12:37:00,900 INFO o.a.j.r.Summariser: summary +      5 in 00:00:55 =    0.1/s Avg: 32613 Min: 23497 Max: 42594 Err:     0 (0.00%) Active: 5 Started: 334 Finished: 329
2026-10-09 12:37:00,901 INFO o.a.j.r.Summariser: summary =    330 in 00:59:16 =    0.1/s Avg: 63253 Min:  5001 Max: 650192 Err:    43 (13.03%)
2026-10-09 12:37:00,901 INFO o.a.j.t.JMeterThread: Thread is done: Ticket intake 1-330
2026-10-09 12:37:00,901 INFO o.a.j.t.JMeterThread: Thread finished: Ticket intake 1-330
2026-10-09 12:37:13,594 INFO o.a.j.t.JMeterThread: Thread is done: Ticket intake 1-331
2026-10-09 12:37:13,594 INFO o.a.j.t.JMeterThread: Thread finished: Ticket intake 1-331
2026-10-09 12:37:30,187 INFO o.a.j.r.Summariser: summary +      2 in 00:00:29 =    0.1/s Avg: 55429 Min: 47812 Max: 63047 Err:     0 (0.00%) Active: 3 Started: 334 Finished: 331
2026-10-09 12:37:30,187 INFO o.a.j.r.Summariser: summary =    332 in 00:59:45 =    0.1/s Avg: 63206 Min:  5001 Max: 650192 Err:    43 (12.95%)
2026-10-09 12:37:30,188 INFO o.a.j.t.JMeterThread: Thread is done: Ticket intake 1-332
2026-10-09 12:37:30,188 INFO o.a.j.t.JMeterThread: Thread finished: Ticket intake 1-332
2026-10-09 12:37:41,143 INFO o.a.j.t.JMeterThread: Thread is done: Ticket intake 1-333
2026-10-09 12:37:41,143 INFO o.a.j.t.JMeterThread: Thread finished: Ticket intake 1-333
2026-10-09 12:37:45,258 INFO o.a.j.t.o.OpenModelThreadGroup: Test schedule finished, however, there are 1 thread(s) still running. Will interrupt the threads. If you want to keep some time for the threads to complete, consider adding pause(10 min) at the end of the schedule.
2026-10-09 12:37:45,259 INFO o.a.j.t.o.OpenModelThreadGroup: Terminating thread org.apache.jmeter.threads.JMeterThread@3aee841b
2026-10-09 12:37:45,259 INFO o.a.j.t.JMeterThread: Stopping: Ticket intake 1-334
2026-10-09 12:37:45,259 WARN o.a.j.t.JMeterThread: Interrupting: Ticket intake 1-334 sampler: POST /tickets
2026-10-09 12:37:45,260 INFO o.a.j.t.o.OpenModelThreadGroup: Thread starting done
2026-10-09 12:37:45,260 INFO o.a.j.t.JMeterThread: Thread is done: Ticket intake 1-334
2026-10-09 12:37:45,260 INFO o.a.j.t.JMeterThread: Thread finished: Ticket intake 1-334
2026-10-09 12:37:45,260 INFO o.a.j.e.StandardJMeterEngine: Notifying test listeners of end of test
2026-10-09 12:37:45,260 INFO o.a.j.s.FileServer: Close: tickets.tsv
2026-10-09 12:37:45,262 INFO o.a.j.r.Summariser: summary +      2 in 00:00:15 =    0.1/s Avg: 62211 Min: 52794 Max: 71629 Err:     1 (50.00%) Active: 0 Started: 334 Finished: 334
2026-10-09 12:37:45,263 INFO o.a.j.r.Summariser: summary =    334 in 01:00:00 =    0.1/s Avg: 63200 Min:  5001 Max: 650192 Err:    44 (13.17%)
