2026-10-09 00:46:35,341 INFO o.a.j.u.JMeterUtils: Setting Locale to en_EN
2026-10-09 00:46:35,350 INFO o.a.j.JMeter: Loading user properties from: C:\apache-jmeter-5.6.3\bin\user.properties
2026-10-09 00:46:35,350 INFO o.a.j.JMeter: Loading system properties from: C:\apache-jmeter-5.6.3\bin\system.properties
2026-10-09 00:46:35,350 INFO o.a.j.JMeter: Loading additional properties from: C:\Users\josep\Downloads\results\tev1-4b\mixed\run2\run.properties
2026-10-09 00:46:35,354 INFO o.a.j.JMeter: Copyright (c) 1998-2024 The Apache Software Foundation
2026-10-09 00:46:35,354 INFO o.a.j.JMeter: Version 5.6.3
2026-10-09 00:46:35,354 INFO o.a.j.JMeter: java.version=25.0.1
2026-10-09 00:46:35,354 INFO o.a.j.JMeter: java.vm.name=Java HotSpot(TM) 64-Bit Server VM
2026-10-09 00:46:35,355 INFO o.a.j.JMeter: os.name=Windows 11
2026-10-09 00:46:35,355 INFO o.a.j.JMeter: os.arch=amd64
2026-10-09 00:46:35,355 INFO o.a.j.JMeter: os.version=10.0
2026-10-09 00:46:35,355 INFO o.a.j.JMeter: file.encoding=UTF-8
2026-10-09 00:46:35,355 INFO o.a.j.JMeter: java.awt.headless=true
2026-10-09 00:46:35,355 INFO o.a.j.JMeter: Max memory     =1073741824
2026-10-09 00:46:35,355 INFO o.a.j.JMeter: Available Processors =16
2026-10-09 00:46:35,363 INFO o.a.j.JMeter: Default Locale=English (EN)
2026-10-09 00:46:35,363 INFO o.a.j.JMeter: JMeter  Locale=English (EN)
2026-10-09 00:46:35,363 INFO o.a.j.JMeter: JMeterHome=C:\apache-jmeter-5.6.3
2026-10-09 00:46:35,363 INFO o.a.j.JMeter: user.dir  =C:\Users\josep\Downloads
2026-10-09 00:46:35,363 INFO o.a.j.JMeter: PWD       =C:\Users\josep\Downloads
2026-10-09 00:46:35,368 INFO o.a.j.JMeter: IP: 172.20.10.7 Name: LAPTOP-JVTGMMI4 FullName: LAPTOP-JVTGMMI4
2026-10-09 00:46:35,375 INFO o.a.j.s.FileServer: Default base='C:\Users\josep\Downloads'
2026-10-09 00:46:35,375 INFO o.a.j.s.FileServer: Set new base='C:\Users\josep\Downloads\loadtest'
2026-10-09 00:46:35,499 INFO o.a.j.s.SaveService: Testplan (JMX) version: 2.2. Testlog (JTL) version: 2.2
2026-10-09 00:46:35,511 INFO o.a.j.s.SaveService: Using SaveService properties version 5.0
2026-10-09 00:46:35,513 INFO o.a.j.s.SaveService: Using SaveService properties file encoding UTF-8
2026-10-09 00:46:35,514 INFO o.a.j.s.SaveService: Loading file: C:\Users\josep\Downloads\loadtest\triage.jmx
2026-10-09 00:46:35,542 INFO o.a.j.p.h.s.HTTPSamplerBase: Parser for text/html is org.apache.jmeter.protocol.http.parser.LagartoBasedHtmlParser
2026-10-09 00:46:35,543 INFO o.a.j.p.h.s.HTTPSamplerBase: Parser for application/xhtml+xml is org.apache.jmeter.protocol.http.parser.LagartoBasedHtmlParser
2026-10-09 00:46:35,543 INFO o.a.j.p.h.s.HTTPSamplerBase: Parser for application/xml is org.apache.jmeter.protocol.http.parser.LagartoBasedHtmlParser
2026-10-09 00:46:35,543 INFO o.a.j.p.h.s.HTTPSamplerBase: Parser for text/xml is org.apache.jmeter.protocol.http.parser.LagartoBasedHtmlParser
2026-10-09 00:46:35,543 INFO o.a.j.p.h.s.HTTPSamplerBase: Parser for text/vnd.wap.wml is org.apache.jmeter.protocol.http.parser.RegexpHTMLParser
2026-10-09 00:46:35,543 INFO o.a.j.p.h.s.HTTPSamplerBase: Parser for text/css is org.apache.jmeter.protocol.http.parser.CssParser
2026-10-09 00:46:35,549 INFO o.a.j.JMeter: Creating summariser <summary>
2026-10-09 00:46:35,559 INFO o.a.j.e.StandardJMeterEngine: Running the test!
2026-10-09 00:46:35,560 INFO o.a.j.s.SampleEvent: List of sample_variables: [req_id, row, term]
2026-10-09 00:46:35,560 INFO o.a.j.s.SampleEvent: List of sample_variables: [req_id, row, term]
2026-10-09 00:46:35,562 INFO o.a.j.e.u.CompoundVariable: Note: Function class names must contain the string: '.functions.'
2026-10-09 00:46:35,562 INFO o.a.j.e.u.CompoundVariable: Note: Function class names must not contain the string: '.gui.'
2026-10-09 00:46:35,597 INFO o.a.j.JMeter: Running test (1791477995597)
2026-10-09 00:46:35,608 INFO o.a.j.e.StandardJMeterEngine: Starting ThreadGroup: 1 : Ticket intake
2026-10-09 00:46:35,608 INFO o.a.j.e.StandardJMeterEngine: Starting 0 threads for group Ticket intake.
2026-10-09 00:46:35,608 INFO o.a.j.e.StandardJMeterEngine: Thread will continue on error
2026-10-09 00:46:35,608 INFO o.a.j.t.o.OpenModelThreadGroup: Starting OpenModelThreadGroup#1 with schedule rate(198/hour) random_arrivals(60 min) rate(198/hour)
2026-10-09 00:46:35,626 INFO o.a.j.e.StandardJMeterEngine: Starting ThreadGroup: 2 : Agent search
2026-10-09 00:46:35,626 INFO o.a.j.e.StandardJMeterEngine: Starting 0 threads for group Agent search.
2026-10-09 00:46:35,626 INFO o.a.j.e.StandardJMeterEngine: Thread will continue on error
2026-10-09 00:46:35,626 INFO o.a.j.t.o.OpenModelThreadGroup: Starting OpenModelThreadGroup#2 with schedule rate(800/hour) random_arrivals(60 min) rate(800/hour)
2026-10-09 00:46:35,626 INFO o.a.j.e.StandardJMeterEngine: All thread groups have been started
2026-10-09 00:46:35,626 INFO o.a.j.t.o.OpenModelThreadGroup: Thread starting init
2026-10-09 00:46:35,626 INFO o.a.j.t.o.OpenModelThreadGroup: Thread starting init
2026-10-09 00:46:35,630 INFO o.a.j.t.o.PoissonArrivalsRamp: Generating 198 events, beginRate = 0.055 / sec, endRate = 0.055 / sec, duration = 3600.0 sec
2026-10-09 00:46:35,630 INFO o.a.j.t.o.PoissonArrivalsRamp: Generating 800 events, beginRate = 0.2222222222222222 / sec, endRate = 0.2222222222222222 / sec, duration = 3600.0 sec
2026-10-09 00:46:35,651 INFO o.a.j.t.JMeterThread: Thread started: Agent search 2-1
2026-10-09 00:46:35,652 INFO o.a.j.s.FileServer: Stored: search_terms.txt
2026-10-09 00:46:35,664 INFO o.a.j.p.h.s.HTTPHCAbstractImpl: Local host = LAPTOP-JVTGMMI4
2026-10-09 00:46:35,667 INFO o.a.j.p.h.s.HTTPHC4Impl: HTTP request retry count = 0
2026-10-09 00:46:35,667 INFO o.a.j.s.SampleResult: Note: Sample TimeStamps are START times
2026-10-09 00:46:35,667 INFO o.a.j.s.SampleResult: sampleresult.default.encoding is set to UTF-8
2026-10-09 00:46:35,667 INFO o.a.j.s.SampleResult: sampleresult.useNanoTime=true
2026-10-09 00:46:35,667 INFO o.a.j.s.SampleResult: sampleresult.nanoThreadSleep=5000
2026-10-09 00:46:35,823 INFO o.a.j.r.Summariser: summary +      1 in 00:00:00 =    4.4/s Avg:   113 Min:   113 Max:   113 Err:     0 (0.00%) Active: 1 Started: 1 Finished: 0
2026-10-09 00:46:35,824 INFO o.a.j.t.JMeterThread: Thread is done: Agent search 2-1
2026-10-09 00:46:35,825 INFO o.a.j.t.JMeterThread: Thread finished: Agent search 2-1
2026-10-09 00:46:36,887 INFO o.a.j.t.JMeterThread: Thread started: Ticket intake 1-1
2026-10-09 00:46:36,887 INFO o.a.j.s.FileServer: Stored: tickets.tsv
2026-10-09 00:46:39,689 INFO o.a.j.t.JMeterThread: Thread started: Agent search 2-2
2026-10-09 00:46:39,881 INFO o.a.j.t.JMeterThread: Thread is done: Agent search 2-2
2026-10-09 00:46:39,882 INFO o.a.j.t.JMeterThread: Thread finished: Agent search 2-2
2026-10-09 00:46:40,657 INFO o.a.j.t.JMeterThread: Thread started: Agent search 2-3
2026-10-09 00:46:40,803 INFO o.a.j.t.JMeterThread: Thread is done: Agent search 2-3
2026-10-09 00:46:40,803 INFO o.a.j.t.JMeterThread: Thread finished: Agent search 2-3
2026-10-09 00:46:45,205 INFO o.a.j.t.JMeterThread: Thread is done: Ticket intake 1-1
2026-10-09 00:46:45,206 INFO o.a.j.t.JMeterThread: Thread finished: Ticket intake 1-1
2026-10-09 00:46:47,144 INFO o.a.j.t.JMeterThread: Thread started: Agent search 2-4
2026-10-09 00:46:47,214 INFO o.a.j.t.JMeterThread: Thread is done: Agent search 2-4
2026-10-09 00:46:47,215 INFO o.a.j.t.JMeterThread: Thread finished: Agent search 2-4
2026-10-09 00:46:51,458 INFO o.a.j.t.JMeterThread: Thread started: Agent search 2-5
2026-10-09 00:46:51,609 INFO o.a.j.t.JMeterThread: Thread is done: Agent search 2-5
2026-10-09 00:46:51,609 INFO o.a.j.t.JMeterThread: Thread finished: Agent search 2-5
2026-10-09 00:46:51,662 INFO o.a.j.t.JMeterThread: Thread started: Agent search 2-6
2026-10-09 00:46:51,761 INFO o.a.j.t.JMeterThread: Thread is done: Agent search 2-6
2026-10-09 00:46:51,761 INFO o.a.j.t.JMeterThread: Thread finished: Agent search 2-6
2026-10-09 00:46:55,272 INFO o.a.j.t.JMeterThread: Thread started: Agent search 2-7
2026-10-09 00:46:55,446 INFO o.a.j.t.JMeterThread: Thread is done: Agent search 2-7
2026-10-09 00:46:55,447 INFO o.a.j.t.JMeterThread: Thread finished: Agent search 2-7
2026-10-09 00:46:55,560 INFO o.a.j.t.JMeterThread: Thread started: Agent search 2-8
2026-10-09 00:46:55,652 INFO o.a.j.t.JMeterThread: Thread is done: Agent search 2-8
2026-10-09 00:46:55,652 INFO o.a.j.t.JMeterThread: Thread finished: Agent search 2-8
2026-10-09 00:46:56,291 INFO o.a.j.t.JMeterThread: Thread started: Agent search 2-9
2026-10-09 00:46:56,392 INFO o.a.j.t.JMeterThread: Thread is done: Agent search 2-9
2026-10-09 00:46:56,392 INFO o.a.j.t.JMeterThread: Thread finished: Agent search 2-9
2026-10-09 00:46:58,243 INFO o.a.j.t.JMeterThread: Thread started: Agent search 2-10
2026-10-09 00:46:58,416 INFO o.a.j.t.JMeterThread: Thread is done: Agent search 2-10
2026-10-09 00:46:58,416 INFO o.a.j.t.JMeterThread: Thread finished: Agent search 2-10
2026-10-09 00:46:59,202 INFO o.a.j.t.JMeterThread: Thread started: Agent search 2-11
2026-10-09 00:46:59,381 INFO o.a.j.t.JMeterThread: Thread is done: Agent search 2-11
2026-10-09 00:46:59,381 INFO o.a.j.t.JMeterThread: Thread finished: Agent search 2-11
2026-10-09 00:47:04,812 INFO o.a.j.t.JMeterThread: Thread started: Agent search 2-12
2026-10-09 00:47:05,072 INFO o.a.j.r.Summariser: summary +     12 in 00:00:29 =    0.4/s Avg:   828 Min:    69 Max:  8316 Err:     0 (0.00%) Active: 1 Started: 13 Finished: 12
2026-10-09 00:47:05,073 INFO o.a.j.r.Summariser: summary =     13 in 00:00:29 =    0.4/s Avg:   773 Min:    69 Max:  8316 Err:     0 (0.00%)
2026-10-09 00:47:05,073 INFO o.a.j.t.JMeterThread: Thread is done: Agent search 2-12
2026-10-09 00:47:05,073 INFO o.a.j.t.JMeterThread: Thread finished: Agent search 2-12
2026-10-09 00:47:09,756 INFO o.a.j.t.JMeterThread: Thread started: Ticket intake 1-2
2026-10-09 00:47:12,018 INFO o.a.j.t.JMeterThread: Thread started: Ticket intake 1-3
2026-10-09 00:47:13,270 INFO o.a.j.t.JMeterThread: Thread started: Agent search 2-13
2026-10-09 00:47:13,358 INFO o.a.j.t.JMeterThread: Thread started: Ticket intake 1-4
2026-10-09 00:47:13,419 INFO o.a.j.t.JMeterThread: Thread is done: Agent search 2-13
2026-10-09 00:47:13,419 INFO o.a.j.t.JMeterThread: Thread finished: Agent search 2-13
2026-10-09 00:47:13,981 INFO o.a.j.t.JMeterThread: Thread started: Agent search 2-14
2026-10-09 00:47:14,123 INFO o.a.j.t.JMeterThread: Thread is done: Agent search 2-14
2026-10-09 00:47:14,123 INFO o.a.j.t.JMeterThread: Thread finished: Agent search 2-14
2026-10-09 00:47:15,312 INFO o.a.j.t.JMeterThread: Thread is done: Ticket intake 1-2
2026-10-09 00:47:15,313 INFO o.a.j.t.JMeterThread: Thread finished: Ticket intake 1-2
2026-10-09 00:47:18,476 INFO o.a.j.t.JMeterThread: Thread started: Ticket intake 1-5
2026-10-09 00:47:19,949 INFO o.a.j.t.JMeterThread: Thread started: Agent search 2-15
2026-10-09 00:47:20,229 INFO o.a.j.t.JMeterThread: Thread is done: Agent search 2-15
2026-10-09 00:47:20,229 INFO o.a.j.t.JMeterThread: Thread finished: Agent search 2-15
2026-10-09 00:47:21,969 INFO o.a.j.t.JMeterThread: Thread is done: Ticket intake 1-3
2026-10-09 00:47:21,970 INFO o.a.j.t.JMeterThread: Thread finished: Ticket intake 1-3
2026-10-09 00:47:26,223 INFO o.a.j.t.JMeterThread: Thread started: Ticket intake 1-6
2026-10-09 00:47:27,421 INFO o.a.j.t.JMeterThread: Thread started: Agent search 2-16
2026-10-09 00:47:27,600 INFO o.a.j.t.JMeterThread: Thread is done: Agent search 2-16
2026-10-09 00:47:27,600 INFO o.a.j.t.JMeterThread: Thread finished: Agent search 2-16
2026-10-09 00:47:28,726 INFO o.a.j.t.JMeterThread: Thread is done: Ticket intake 1-4
2026-10-09 00:47:28,726 INFO o.a.j.t.JMeterThread: Thread finished: Ticket intake 1-4
2026-10-09 00:47:32,358 INFO o.a.j.t.JMeterThread: Thread started: Ticket intake 1-7
2026-10-09 00:47:35,485 INFO o.a.j.r.Summariser: summary +      8 in 00:00:30 =    0.3/s Avg:  6077 Min:   141 Max: 17007 Err:     0 (0.00%) Active: 3 Started: 23 Finished: 20
2026-10-09 00:47:35,485 INFO o.a.j.r.Summariser: summary =     21 in 00:01:00 =    0.4/s Avg:  2793 Min:    69 Max: 17007 Err:     0 (0.00%)
2026-10-09 00:47:35,485 INFO o.a.j.t.JMeterThread: Thread is done: Ticket intake 1-5
2026-10-09 00:47:35,486 INFO o.a.j.t.JMeterThread: Thread finished: Ticket intake 1-5
2026-10-09 00:47:39,274 INFO o.a.j.t.JMeterThread: Thread is done: Ticket intake 1-6
2026-10-09 00:47:39,275 INFO o.a.j.t.JMeterThread: Thread finished: Ticket intake 1-6
2026-10-09 00:47:44,906 INFO o.a.j.t.JMeterThread: Thread is done: Ticket intake 1-7
2026-10-09 00:47:44,906 INFO o.a.j.t.JMeterThread: Thread finished: Ticket intake 1-7
2026-10-09 00:47:51,529 INFO o.a.j.t.JMeterThread: Thread started: Agent search 2-17
2026-10-09 00:47:51,725 INFO o.a.j.t.JMeterThread: Thread is done: Agent search 2-17
2026-10-09 00:47:51,725 INFO o.a.j.t.JMeterThread: Thread finished: Agent search 2-17
2026-10-09 00:47:52,052 INFO o.a.j.t.JMeterThread: Thread started: Agent search 2-18
2026-10-09 00:47:52,278 INFO o.a.j.t.JMeterThread: Thread is done: Agent search 2-18
2026-10-09 00:47:52,278 INFO o.a.j.t.JMeterThread: Thread finished: Agent search 2-18
2026-10-09 00:47:55,512 INFO o.a.j.t.JMeterThread: Thread started: Ticket intake 1-8
2026-10-09 00:47:58,948 INFO o.a.j.t.JMeterThread: Thread started: Agent search 2-19
2026-10-09 00:47:59,098 INFO o.a.j.t.JMeterThread: Thread is done: Agent search 2-19
2026-10-09 00:47:59,098 INFO o.a.j.t.JMeterThread: Thread finished: Agent search 2-19
2026-10-09 00:47:59,567 INFO o.a.j.t.JMeterThread: Thread started: Agent search 2-20
2026-10-09 00:47:59,652 INFO o.a.j.t.JMeterThread: Thread is done: Ticket intake 1-8
2026-10-09 00:47:59,652 INFO o.a.j.t.JMeterThread: Thread finished: Ticket intake 1-8
2026-10-09 00:47:59,694 INFO o.a.j.t.JMeterThread: Thread is done: Agent search 2-20
2026-10-09 00:47:59,694 INFO o.a.j.t.JMeterThread: Thread finished: Agent search 2-20
2026-10-09 00:47:59,781 INFO o.a.j.t.JMeterThread: Thread started: Agent search 2-21
2026-10-09 00:47:59,912 INFO o.a.j.t.JMeterThread: Thread started: Agent search 2-22
2026-10-09 00:47:59,921 INFO o.a.j.t.JMeterThread: Thread is done: Agent search 2-21
2026-10-09 00:47:59,921 INFO o.a.j.t.JMeterThread: Thread finished: Agent search 2-21
2026-10-09 00:47:59,980 INFO o.a.j.t.JMeterThread: Thread is done: Agent search 2-22
2026-10-09 00:47:59,980 INFO o.a.j.t.JMeterThread: Thread finished: Agent search 2-22
2026-10-09 00:48:02,072 INFO o.a.j.t.JMeterThread: Thread started: Agent search 2-23
2026-10-09 00:48:02,246 INFO o.a.j.t.JMeterThread: Thread started: Agent search 2-24
2026-10-09 00:48:02,271 INFO o.a.j.r.Summariser: summary +     10 in 00:00:27 =    0.4/s Avg:  3082 Min:    66 Max: 13049 Err:     0 (0.00%) Active: 2 Started: 32 Finished: 30
2026-10-09 00:48:02,272 INFO o.a.j.r.Summariser: summary =     31 in 00:01:27 =    0.4/s Avg:  2886 Min:    66 Max: 17007 Err:     0 (0.00%)
2026-10-09 00:48:02,272 INFO o.a.j.t.JMeterThread: Thread is done: Agent search 2-23
2026-10-09 00:48:02,272 INFO o.a.j.t.JMeterThread: Thread finished: Agent search 2-23
2026-10-09 00:48:02,306 INFO o.a.j.t.JMeterThread: Thread is done: Agent search 2-24
2026-10-09 00:48:02,307 INFO o.a.j.t.JMeterThread: Thread finished: Agent search 2-24
2026-10-09 00:48:05,988 INFO o.a.j.t.JMeterThread: Thread started: Agent search 2-25
2026-10-09 00:48:06,205 INFO o.a.j.t.JMeterThread: Thread is done: Agent search 2-25
2026-10-09 00:48:06,205 INFO o.a.j.t.JMeterThread: Thread finished: Agent search 2-25
2026-10-09 00:48:09,158 INFO o.a.j.t.JMeterThread: Thread started: Agent search 2-26
2026-10-09 00:48:09,381 INFO o.a.j.t.JMeterThread: Thread is done: Agent search 2-26
2026-10-09 00:48:09,381 INFO o.a.j.t.JMeterThread: Thread finished: Agent search 2-26
2026-10-09 00:48:10,813 INFO o.a.j.t.JMeterThread: Thread started: Agent search 2-27
2026-10-09 00:48:10,923 INFO o.a.j.t.JMeterThread: Thread is done: Agent search 2-27
2026-10-09 00:48:10,924 INFO o.a.j.t.JMeterThread: Thread finished: Agent search 2-27
2026-10-09 00:48:11,100 INFO o.a.j.t.JMeterThread: Thread started: Agent search 2-28
2026-10-09 00:48:11,209 INFO o.a.j.t.JMeterThread: Thread is done: Agent search 2-28
2026-10-09 00:48:11,210 INFO o.a.j.t.JMeterThread: Thread finished: Agent search 2-28
2026-10-09 00:48:14,507 INFO o.a.j.t.JMeterThread: Thread started: Agent search 2-29
2026-10-09 00:48:14,566 INFO o.a.j.t.JMeterThread: Thread is done: Agent search 2-29
2026-10-09 00:48:14,566 INFO o.a.j.t.JMeterThread: Thread finished: Agent search 2-29
2026-10-09 00:48:15,408 INFO o.a.j.t.JMeterThread: Thread started: Agent search 2-30
2026-10-09 00:48:15,525 INFO o.a.j.t.JMeterThread: Thread is done: Agent search 2-30
2026-10-09 00:48:15,525 INFO o.a.j.t.JMeterThread: Thread finished: Agent search 2-30
2026-10-09 00:48:19,769 INFO o.a.j.t.JMeterThread: Thread started: Agent search 2-31
2026-10-09 00:48:20,030 INFO o.a.j.t.JMeterThread: Thread is done: Agent search 2-31
2026-10-09 00:48:20,031 INFO o.a.j.t.JMeterThread: Thread finished: Agent search 2-31
2026-10-09 00:48:21,750 INFO o.a.j.t.JMeterThread: Thread started: Agent search 2-32
2026-10-09 00:48:21,975 INFO o.a.j.t.JMeterThread: Thread is done: Agent search 2-32
2026-10-09 00:48:21,975 INFO o.a.j.t.JMeterThread: Thread finished: Agent search 2-32
2026-10-09 00:48:22,613 INFO o.a.j.t.JMeterThread: Thread started: Agent search 2-33
2026-10-09 00:48:22,692 INFO o.a.j.t.JMeterThread: Thread is done: Agent search 2-33
2026-10-09 00:48:22,693 INFO o.a.j.t.JMeterThread: Thread finished: Agent search 2-33
2026-10-09 00:48:23,870 INFO o.a.j.t.JMeterThread: Thread started: Ticket intake 1-9
2026-10-09 00:48:29,105 INFO o.a.j.t.JMeterThread: Thread is done: Ticket intake 1-9
2026-10-09 00:48:29,106 INFO o.a.j.t.JMeterThread: Thread finished: Ticket intake 1-9
2026-10-09 00:48:33,453 INFO o.a.j.t.JMeterThread: Thread started: Agent search 2-34
2026-10-09 00:48:33,649 INFO o.a.j.r.Summariser: summary +     12 in 00:00:31 =    0.4/s Avg:   572 Min:    58 Max:  5234 Err:     0 (0.00%) Active: 1 Started: 43 Finished: 42
2026-10-09 00:48:33,649 INFO o.a.j.r.Summariser: summary =     43 in 00:01:58 =    0.4/s Avg:  2241 Min:    58 Max: 17007 Err:     0 (0.00%)
2026-10-09 00:48:33,649 INFO o.a.j.t.JMeterThread: Thread is done: Agent search 2-34
2026-10-09 00:48:33,649 INFO o.a.j.t.JMeterThread: Thread finished: Agent search 2-34
2026-10-09 00:48:34,099 INFO o.a.j.t.JMeterThread: Thread started: Agent search 2-35
2026-10-09 00:48:34,262 INFO o.a.j.t.JMeterThread: Thread is done: Agent search 2-35
2026-10-09 00:48:34,262 INFO o.a.j.t.JMeterThread: Thread finished: Agent search 2-35
2026-10-09 00:48:36,807 INFO o.a.j.t.JMeterThread: Thread started: Ticket intake 1-10
2026-10-09 00:48:37,543 INFO o.a.j.t.JMeterThread: Thread started: Ticket intake 1-11
2026-10-09 00:48:41,945 INFO o.a.j.t.JMeterThread: Thread is done: Ticket intake 1-10
2026-10-09 00:48:41,945 INFO o.a.j.t.JMeterThread: Thread finished: Ticket intake 1-10
2026-10-09 00:48:42,317 INFO o.a.j.t.JMeterThread: Thread started: Agent search 2-36
2026-10-09 00:48:42,558 INFO o.a.j.t.JMeterThread: Thread is done: Agent search 2-36
2026-10-09 00:48:42,558 INFO o.a.j.t.JMeterThread: Thread finished: Agent search 2-36
2026-10-09 00:48:45,282 INFO o.a.j.t.JMeterThread: Thread started: Agent search 2-37
2026-10-09 00:48:45,630 INFO o.a.j.t.JMeterThread: Thread is done: Agent search 2-37
2026-10-09 00:48:45,630 INFO o.a.j.t.JMeterThread: Thread finished: Agent search 2-37
2026-10-09 00:48:47,821 INFO o.a.j.t.JMeterThread: Thread started: Agent search 2-38
2026-10-09 00:48:47,985 INFO o.a.j.t.JMeterThread: Thread is done: Agent search 2-38
2026-10-09 00:48:47,985 INFO o.a.j.t.JMeterThread: Thread finished: Agent search 2-38
2026-10-09 00:48:49,264 INFO o.a.j.t.JMeterThread: Thread is done: Ticket intake 1-11
2026-10-09 00:48:49,265 INFO o.a.j.t.JMeterThread: Thread finished: Ticket intake 1-11
2026-10-09 00:48:55,739 INFO o.a.j.t.JMeterThread: Thread started: Ticket intake 1-12
2026-10-09 00:48:58,676 INFO o.a.j.t.JMeterThread: Thread started: Ticket intake 1-13
2026-10-09 00:49:01,182 INFO o.a.j.t.JMeterThread: Thread started: Agent search 2-39
2026-10-09 00:49:01,393 INFO o.a.j.r.Summariser: summary +      7 in 00:00:28 =    0.3/s Avg:  2567 Min:   162 Max: 11720 Err:     0 (0.00%) Active: 3 Started: 52 Finished: 49
2026-10-09 00:49:01,393 INFO o.a.j.r.Summariser: summary =     50 in 00:02:26 =    0.3/s Avg:  2286 Min:    58 Max: 17007 Err:     0 (0.00%)
2026-10-09 00:49:01,393 INFO o.a.j.t.JMeterThread: Thread is done: Agent search 2-39
2026-10-09 00:49:01,393 INFO o.a.j.t.JMeterThread: Thread finished: Agent search 2-39
2026-10-09 00:49:01,811 INFO o.a.j.t.JMeterThread: Thread is done: Ticket intake 1-12
2026-10-09 00:49:01,811 INFO o.a.j.t.JMeterThread: Thread finished: Ticket intake 1-12
2026-10-09 00:49:04,529 INFO o.a.j.t.JMeterThread: Thread started: Agent search 2-40
2026-10-09 00:49:04,602 INFO o.a.j.t.JMeterThread: Thread is done: Agent search 2-40
2026-10-09 00:49:04,602 INFO o.a.j.t.JMeterThread: Thread finished: Agent search 2-40
2026-10-09 00:49:07,647 INFO o.a.j.t.JMeterThread: Thread is done: Ticket intake 1-13
2026-10-09 00:49:07,647 INFO o.a.j.t.JMeterThread: Thread finished: Ticket intake 1-13
2026-10-09 00:49:10,807 INFO o.a.j.t.JMeterThread: Thread started: Agent search 2-41
2026-10-09 00:49:11,026 INFO o.a.j.t.JMeterThread: Thread is done: Agent search 2-41
2026-10-09 00:49:11,026 INFO o.a.j.t.JMeterThread: Thread finished: Agent search 2-41
2026-10-09 00:49:11,805 INFO o.a.j.t.JMeterThread: Thread started: Agent search 2-42
2026-10-09 00:49:11,948 INFO o.a.j.t.JMeterThread: Thread is done: Agent search 2-42
2026-10-09 00:49:11,948 INFO o.a.j.t.JMeterThread: Thread finished: Agent search 2-42
2026-10-09 00:49:23,750 INFO o.a.j.t.JMeterThread: Thread started: Agent search 2-43
2026-10-09 00:49:23,827 INFO o.a.j.t.JMeterThread: Thread started: Agent search 2-44
2026-10-09 00:49:23,859 INFO o.a.j.t.JMeterThread: Thread is done: Agent search 2-43
2026-10-09 00:49:23,859 INFO o.a.j.t.JMeterThread: Thread finished: Agent search 2-43
2026-10-09 00:49:23,887 INFO o.a.j.t.JMeterThread: Thread is done: Agent search 2-44
2026-10-09 00:49:23,887 INFO o.a.j.t.JMeterThread: Thread finished: Agent search 2-44
2026-10-09 00:49:25,382 INFO o.a.j.t.JMeterThread: Thread started: Agent search 2-45
2026-10-09 00:49:25,511 INFO o.a.j.t.JMeterThread: Thread is done: Agent search 2-45
2026-10-09 00:49:25,511 INFO o.a.j.t.JMeterThread: Thread finished: Agent search 2-45
2026-10-09 00:49:34,329 INFO o.a.j.t.JMeterThread: Thread started: Agent search 2-46
2026-10-09 00:49:34,399 INFO o.a.j.r.Summariser: summary +      9 in 00:00:33 =    0.3/s Avg:  1758 Min:    59 Max:  8969 Err:     0 (0.00%) Active: 1 Started: 59 Finished: 58
2026-10-09 00:49:34,400 INFO o.a.j.r.Summariser: summary =     59 in 00:02:59 =    0.3/s Avg:  2206 Min:    58 Max: 17007 Err:     0 (0.00%)
2026-10-09 00:49:34,400 INFO o.a.j.t.JMeterThread: Thread is done: Agent search 2-46
2026-10-09 00:49:34,400 INFO o.a.j.t.JMeterThread: Thread finished: Agent search 2-46
2026-10-09 00:49:40,516 INFO o.a.j.t.JMeterThread: Thread started: Agent search 2-47
2026-10-09 00:49:40,574 INFO o.a.j.t.JMeterThread: Thread is done: Agent search 2-47
2026-10-09 00:49:40,575 INFO o.a.j.t.JMeterThread: Thread finished: Agent search 2-47
2026-10-09 00:49:42,680 INFO o.a.j.t.JMeterThread: Thread started: Agent search 2-48
2026-10-09 00:49:42,741 INFO o.a.j.t.JMeterThread: Thread is done: Agent search 2-48
2026-10-09 00:49:42,741 INFO o.a.j.t.JMeterThread: Thread finished: Agent search 2-48
2026-10-09 00:49:44,765 INFO o.a.j.t.JMeterThread: Thread started: Agent search 2-49
2026-10-09 00:49:45,023 INFO o.a.j.t.JMeterThread: Thread is done: Agent search 2-49
2026-10-09 00:49:45,023 INFO o.a.j.t.JMeterThread: Thread finished: Agent search 2-49
2026-10-09 00:49:50,688 INFO o.a.j.t.JMeterThread: Thread started: Agent search 2-50
2026-10-09 00:49:50,962 INFO o.a.j.t.JMeterThread: Thread is done: Agent search 2-50
2026-10-09 00:49:50,962 INFO o.a.j.t.JMeterThread: Thread finished: Agent search 2-50
2026-10-09 00:49:52,412 INFO o.a.j.t.JMeterThread: Thread started: Agent search 2-51
2026-10-09 00:49:52,601 INFO o.a.j.t.JMeterThread: Thread is done: Agent search 2-51
2026-10-09 00:49:52,601 INFO o.a.j.t.JMeterThread: Thread finished: Agent search 2-51
2026-10-09 00:49:53,574 INFO o.a.j.t.JMeterThread: Thread started: Agent search 2-52
2026-10-09 00:49:53,652 INFO o.a.j.t.JMeterThread: Thread is done: Agent search 2-52
2026-10-09 00:49:53,652 INFO o.a.j.t.JMeterThread: Thread finished: Agent search 2-52
2026-10-09 00:49:54,499 INFO o.a.j.t.JMeterThread: Thread started: Agent search 2-53
2026-10-09 00:49:54,649 INFO o.a.j.t.JMeterThread: Thread is done: Agent search 2-53
2026-10-09 00:49:54,649 INFO o.a.j.t.JMeterThread: Thread finished: Agent search 2-53
2026-10-09 00:49:55,486 INFO o.a.j.t.JMeterThread: Thread started: Ticket intake 1-14
2026-10-09 00:49:56,084 INFO o.a.j.t.JMeterThread: Thread started: Agent search 2-54
2026-10-09 00:49:56,193 INFO o.a.j.t.JMeterThread: Thread is done: Agent search 2-54
2026-10-09 00:49:56,193 INFO o.a.j.t.JMeterThread: Thread finished: Agent search 2-54
2026-10-09 00:49:57,721 INFO o.a.j.t.JMeterThread: Thread started: Agent search 2-55
2026-10-09 00:49:57,925 INFO o.a.j.t.JMeterThread: Thread is done: Agent search 2-55
2026-10-09 00:49:57,926 INFO o.a.j.t.JMeterThread: Thread finished: Agent search 2-55
2026-10-09 00:50:00,676 INFO o.a.j.t.JMeterThread: Thread started: Agent search 2-56
2026-10-09 00:50:00,896 INFO o.a.j.r.Summariser: summary +     10 in 00:00:26 =    0.4/s Avg:   158 Min:    57 Max:   273 Err:     0 (0.00%) Active: 2 Started: 70 Finished: 68
2026-10-09 00:50:00,896 INFO o.a.j.r.Summariser: summary =     69 in 00:03:25 =    0.3/s Avg:  1909 Min:    57 Max: 17007 Err:     0 (0.00%)
2026-10-09 00:50:00,896 INFO o.a.j.t.JMeterThread: Thread is done: Agent search 2-56
2026-10-09 00:50:00,896 INFO o.a.j.t.JMeterThread: Thread finished: Agent search 2-56
2026-10-09 00:50:00,960 INFO o.a.j.t.JMeterThread: Thread started: Agent search 2-57
2026-10-09 00:50:01,099 INFO o.a.j.t.JMeterThread: Thread is done: Agent search 2-57
2026-10-09 00:50:01,099 INFO o.a.j.t.JMeterThread: Thread finished: Agent search 2-57
2026-10-09 00:50:01,533 INFO o.a.j.t.JMeterThread: Thread started: Agent search 2-58
2026-10-09 00:50:01,816 INFO o.a.j.t.JMeterThread: Thread is done: Agent search 2-58
2026-10-09 00:50:01,816 INFO o.a.j.t.JMeterThread: Thread finished: Agent search 2-58
2026-10-09 00:50:01,919 INFO o.a.j.t.JMeterThread: Thread is done: Ticket intake 1-14
2026-10-09 00:50:01,919 INFO o.a.j.t.JMeterThread: Thread finished: Ticket intake 1-14
2026-10-09 00:50:03,159 INFO o.a.j.t.JMeterThread: Thread started: Agent search 2-59
2026-10-09 00:50:03,353 INFO o.a.j.t.JMeterThread: Thread is done: Agent search 2-59
2026-10-09 00:50:03,353 INFO o.a.j.t.JMeterThread: Thread finished: Agent search 2-59
2026-10-09 00:50:04,595 INFO o.a.j.t.JMeterThread: Thread started: Agent search 2-60
2026-10-09 00:50:04,684 INFO o.a.j.t.JMeterThread: Thread is done: Agent search 2-60
2026-10-09 00:50:04,684 INFO o.a.j.t.JMeterThread: Thread finished: Agent search 2-60
2026-10-09 00:50:06,196 INFO o.a.j.t.JMeterThread: Thread started: Agent search 2-61
2026-10-09 00:50:06,426 INFO o.a.j.t.JMeterThread: Thread is done: Agent search 2-61
2026-10-09 00:50:06,426 INFO o.a.j.t.JMeterThread: Thread finished: Agent search 2-61
2026-10-09 00:50:08,730 INFO o.a.j.t.JMeterThread: Thread started: Agent search 2-62
2026-10-09 00:50:08,985 INFO o.a.j.t.JMeterThread: Thread is done: Agent search 2-62
2026-10-09 00:50:08,985 INFO o.a.j.t.JMeterThread: Thread finished: Agent search 2-62
2026-10-09 00:50:10,095 INFO o.a.j.t.JMeterThread: Thread started: Agent search 2-63
2026-10-09 00:50:10,171 INFO o.a.j.t.JMeterThread: Thread started: Ticket intake 1-15
2026-10-09 00:50:10,208 INFO o.a.j.t.JMeterThread: Thread is done: Agent search 2-63
2026-10-09 00:50:10,208 INFO o.a.j.t.JMeterThread: Thread finished: Agent search 2-63
2026-10-09 00:50:12,737 INFO o.a.j.t.JMeterThread: Thread started: Agent search 2-64
2026-10-09 00:50:12,978 INFO o.a.j.t.JMeterThread: Thread is done: Agent search 2-64
2026-10-09 00:50:12,978 INFO o.a.j.t.JMeterThread: Thread finished: Agent search 2-64
2026-10-09 00:50:14,310 INFO o.a.j.t.JMeterThread: Thread is done: Ticket intake 1-15
2026-10-09 00:50:14,310 INFO o.a.j.t.JMeterThread: Thread finished: Ticket intake 1-15
2026-10-09 00:50:24,953 INFO o.a.j.t.JMeterThread: Thread started: Ticket intake 1-16
2026-10-09 00:50:27,819 INFO o.a.j.t.JMeterThread: Thread started: Ticket intake 1-17
2026-10-09 00:50:29,234 INFO o.a.j.t.JMeterThread: Thread started: Agent search 2-65
2026-10-09 00:50:29,311 INFO o.a.j.t.JMeterThread: Thread is done: Agent search 2-65
2026-10-09 00:50:29,311 INFO o.a.j.t.JMeterThread: Thread finished: Agent search 2-65
2026-10-09 00:50:29,976 INFO o.a.j.t.JMeterThread: Thread is done: Ticket intake 1-16
2026-10-09 00:50:29,976 INFO o.a.j.t.JMeterThread: Thread finished: Ticket intake 1-16
2026-10-09 00:50:34,230 INFO o.a.j.t.JMeterThread: Thread started: Agent search 2-66
2026-10-09 00:50:34,483 INFO o.a.j.r.Summariser: summary +     13 in 00:00:34 =    0.4/s Avg:  1342 Min:    75 Max:  6432 Err:     0 (0.00%) Active: 2 Started: 83 Finished: 81
2026-10-09 00:50:34,483 INFO o.a.j.r.Summariser: summary =     82 in 00:03:59 =    0.3/s Avg:  1819 Min:    57 Max: 17007 Err:     0 (0.00%)
2026-10-09 00:50:34,484 INFO o.a.j.t.JMeterThread: Thread is done: Agent search 2-66
2026-10-09 00:50:34,484 INFO o.a.j.t.JMeterThread: Thread finished: Agent search 2-66
2026-10-09 00:50:34,865 INFO o.a.j.t.JMeterThread: Thread started: Agent search 2-67
2026-10-09 00:50:35,097 INFO o.a.j.t.JMeterThread: Thread is done: Agent search 2-67
2026-10-09 00:50:35,097 INFO o.a.j.t.JMeterThread: Thread finished: Agent search 2-67
2026-10-09 00:50:35,956 INFO o.a.j.t.JMeterThread: Thread started: Agent search 2-68
2026-10-09 00:50:36,223 INFO o.a.j.t.JMeterThread: Thread is done: Agent search 2-68
2026-10-09 00:50:36,223 INFO o.a.j.t.JMeterThread: Thread finished: Agent search 2-68
2026-10-09 00:50:37,350 INFO o.a.j.t.JMeterThread: Thread is done: Ticket intake 1-17
2026-10-09 00:50:37,350 INFO o.a.j.t.JMeterThread: Thread finished: Ticket intake 1-17
2026-10-09 00:50:38,445 INFO o.a.j.t.JMeterThread: Thread started: Agent search 2-69
2026-10-09 00:50:38,511 INFO o.a.j.t.JMeterThread: Thread is done: Agent search 2-69
2026-10-09 00:50:38,511 INFO o.a.j.t.JMeterThread: Thread finished: Agent search 2-69
2026-10-09 00:50:41,063 INFO o.a.j.t.JMeterThread: Thread started: Agent search 2-70
2026-10-09 00:50:41,159 INFO o.a.j.t.JMeterThread: Thread is done: Agent search 2-70
2026-10-09 00:50:41,159 INFO o.a.j.t.JMeterThread: Thread finished: Agent search 2-70
2026-10-09 00:50:44,329 INFO o.a.j.t.JMeterThread: Thread started: Agent search 2-71
2026-10-09 00:50:44,519 INFO o.a.j.t.JMeterThread: Thread is done: Agent search 2-71
2026-10-09 00:50:44,519 INFO o.a.j.t.JMeterThread: Thread finished: Agent search 2-71
2026-10-09 00:50:45,144 INFO o.a.j.t.JMeterThread: Thread started: Agent search 2-72
2026-10-09 00:50:45,337 INFO o.a.j.t.JMeterThread: Thread is done: Agent search 2-72
2026-10-09 00:50:45,337 INFO o.a.j.t.JMeterThread: Thread finished: Agent search 2-72
2026-10-09 00:50:50,671 INFO o.a.j.t.JMeterThread: Thread started: Ticket intake 1-18
2026-10-09 00:50:51,543 INFO o.a.j.t.JMeterThread: Thread started: Agent search 2-73
2026-10-09 00:50:51,751 INFO o.a.j.t.JMeterThread: Thread is done: Agent search 2-73
2026-10-09 00:50:51,751 INFO o.a.j.t.JMeterThread: Thread finished: Agent search 2-73
2026-10-09 00:50:57,831 INFO o.a.j.t.JMeterThread: Thread is done: Ticket intake 1-18
2026-10-09 00:50:57,831 INFO o.a.j.t.JMeterThread: Thread finished: Ticket intake 1-18
2026-10-09 00:51:04,037 INFO o.a.j.t.JMeterThread: Thread started: Agent search 2-74
2026-10-09 00:51:04,273 INFO o.a.j.r.Summariser: summary +     10 in 00:00:30 =    0.3/s Avg:  1816 Min:    64 Max:  9530 Err:     0 (0.00%) Active: 1 Started: 92 Finished: 91
2026-10-09 00:51:04,273 INFO o.a.j.r.Summariser: summary =     92 in 00:04:29 =    0.3/s Avg:  1819 Min:    57 Max: 17007 Err:     0 (0.00%)
2026-10-09 00:51:04,274 INFO o.a.j.t.JMeterThread: Thread is done: Agent search 2-74
2026-10-09 00:51:04,274 INFO o.a.j.t.JMeterThread: Thread finished: Agent search 2-74
2026-10-09 00:51:05,526 INFO o.a.j.t.JMeterThread: Thread started: Agent search 2-75
2026-10-09 00:51:05,715 INFO o.a.j.t.JMeterThread: Thread is done: Agent search 2-75
2026-10-09 00:51:05,716 INFO o.a.j.t.JMeterThread: Thread finished: Agent search 2-75
2026-10-09 00:51:06,021 INFO o.a.j.t.JMeterThread: Thread started: Agent search 2-76
2026-10-09 00:51:06,106 INFO o.a.j.t.JMeterThread: Thread is done: Agent search 2-76
2026-10-09 00:51:06,106 INFO o.a.j.t.JMeterThread: Thread finished: Agent search 2-76
2026-10-09 00:51:07,490 INFO o.a.j.t.JMeterThread: Thread started: Agent search 2-77
2026-10-09 00:51:07,661 INFO o.a.j.t.JMeterThread: Thread is done: Agent search 2-77
2026-10-09 00:51:07,661 INFO o.a.j.t.JMeterThread: Thread finished: Agent search 2-77
2026-10-09 00:51:10,188 INFO o.a.j.t.JMeterThread: Thread started: Ticket intake 1-19
2026-10-09 00:51:16,672 INFO o.a.j.t.JMeterThread: Thread is done: Ticket intake 1-19
2026-10-09 00:51:16,672 INFO o.a.j.t.JMeterThread: Thread finished: Ticket intake 1-19
2026-10-09 00:51:18,368 INFO o.a.j.t.JMeterThread: Thread started: Agent search 2-78
2026-10-09 00:51:19,027 INFO o.a.j.t.JMeterThread: Thread is done: Agent search 2-78
2026-10-09 00:51:19,027 INFO o.a.j.t.JMeterThread: Thread finished: Agent search 2-78
2026-10-09 00:51:19,941 INFO o.a.j.t.JMeterThread: Thread started: Ticket intake 1-20
2026-10-09 00:51:21,476 INFO o.a.j.t.JMeterThread: Thread started: Agent search 2-79
2026-10-09 00:51:21,691 INFO o.a.j.t.JMeterThread: Thread is done: Agent search 2-79
2026-10-09 00:51:21,691 INFO o.a.j.t.JMeterThread: Thread finished: Agent search 2-79
2026-10-09 00:51:21,958 INFO o.a.j.t.JMeterThread: Thread started: Agent search 2-80
2026-10-09 00:51:21,985 INFO o.a.j.t.JMeterThread: Thread started: Agent search 2-81
2026-10-09 00:51:22,100 INFO o.a.j.t.JMeterThread: Thread is done: Agent search 2-81
2026-10-09 00:51:22,100 INFO o.a.j.t.JMeterThread: Thread is done: Agent search 2-80
2026-10-09 00:51:22,100 INFO o.a.j.t.JMeterThread: Thread finished: Agent search 2-81
2026-10-09 00:51:22,100 INFO o.a.j.t.JMeterThread: Thread finished: Agent search 2-80
2026-10-09 00:51:27,629 INFO o.a.j.t.JMeterThread: Thread is done: Ticket intake 1-20
2026-10-09 00:51:27,630 INFO o.a.j.t.JMeterThread: Thread finished: Ticket intake 1-20
2026-10-09 00:51:28,238 INFO o.a.j.t.JMeterThread: Thread started: Agent search 2-82
2026-10-09 00:51:28,430 INFO o.a.j.t.JMeterThread: Thread is done: Agent search 2-82
2026-10-09 00:51:28,430 INFO o.a.j.t.JMeterThread: Thread finished: Agent search 2-82
2026-10-09 00:51:37,080 INFO o.a.j.t.JMeterThread: Thread started: Agent search 2-83
2026-10-09 00:51:37,255 INFO o.a.j.t.JMeterThread: Thread is done: Agent search 2-83
2026-10-09 00:51:37,256 INFO o.a.j.t.JMeterThread: Thread finished: Agent search 2-83
2026-10-09 00:51:39,321 INFO o.a.j.t.JMeterThread: Thread started: Ticket intake 1-21
2026-10-09 00:51:43,968 INFO o.a.j.t.JMeterThread: Thread started: Ticket intake 1-22
2026-10-09 00:51:47,303 INFO o.a.j.t.JMeterThread: Thread is done: Ticket intake 1-21
2026-10-09 00:51:47,304 INFO o.a.j.t.JMeterThread: Thread finished: Ticket intake 1-21
2026-10-09 00:51:47,506 INFO o.a.j.t.JMeterThread: Thread started: Agent search 2-84
2026-10-09 00:51:47,701 INFO o.a.j.t.JMeterThread: Thread is done: Agent search 2-84
2026-10-09 00:51:47,701 INFO o.a.j.t.JMeterThread: Thread finished: Agent search 2-84
2026-10-09 00:51:48,177 INFO o.a.j.t.JMeterThread: Thread started: Agent search 2-85
2026-10-09 00:51:48,417 INFO o.a.j.t.JMeterThread: Thread is done: Agent search 2-85
2026-10-09 00:51:48,417 INFO o.a.j.t.JMeterThread: Thread finished: Agent search 2-85
2026-10-09 00:51:50,051 INFO o.a.j.t.JMeterThread: Thread started: Agent search 2-86
2026-10-09 00:51:50,264 INFO o.a.j.t.JMeterThread: Thread is done: Agent search 2-86
2026-10-09 00:51:50,264 INFO o.a.j.t.JMeterThread: Thread finished: Agent search 2-86
2026-10-09 00:51:50,936 INFO o.a.j.t.JMeterThread: Thread started: Agent search 2-87
2026-10-09 00:51:51,182 INFO o.a.j.t.JMeterThread: Thread is done: Agent search 2-87
2026-10-09 00:51:51,182 INFO o.a.j.t.JMeterThread: Thread finished: Agent search 2-87
2026-10-09 00:51:52,514 INFO o.a.j.t.JMeterThread: Thread is done: Ticket intake 1-22
2026-10-09 00:51:52,514 INFO o.a.j.t.JMeterThread: Thread finished: Ticket intake 1-22
2026-10-09 00:51:53,401 INFO o.a.j.t.JMeterThread: Thread started: Agent search 2-88
2026-10-09 00:51:53,640 INFO o.a.j.t.JMeterThread: Thread is done: Agent search 2-88
2026-10-09 00:51:53,640 INFO o.a.j.t.JMeterThread: Thread finished: Agent search 2-88
2026-10-09 00:51:53,818 INFO o.a.j.t.JMeterThread: Thread started: Agent search 2-89
2026-10-09 00:51:54,049 INFO o.a.j.t.JMeterThread: Thread is done: Agent search 2-89
2026-10-09 00:51:54,049 INFO o.a.j.t.JMeterThread: Thread finished: Agent search 2-89
2026-10-09 00:51:56,147 INFO o.a.j.t.JMeterThread: Thread started: Agent search 2-90
2026-10-09 00:51:56,248 INFO o.a.j.t.JMeterThread: Thread is done: Agent search 2-90
2026-10-09 00:51:56,248 INFO o.a.j.t.JMeterThread: Thread finished: Agent search 2-90
2026-10-09 00:51:59,516 INFO o.a.j.t.JMeterThread: Thread started: Agent search 2-91
2026-10-09 00:51:59,682 INFO o.a.j.t.JMeterThread: Thread is done: Agent search 2-91
2026-10-09 00:51:59,682 INFO o.a.j.t.JMeterThread: Thread finished: Agent search 2-91
2026-10-09 00:52:00,073 INFO o.a.j.t.JMeterThread: Thread started: Agent search 2-92
2026-10-09 00:52:00,117 INFO o.a.j.t.JMeterThread: Thread started: Agent search 2-93
2026-10-09 00:52:00,165 INFO o.a.j.r.Summariser: summary +     22 in 00:00:56 =    0.4/s Avg:  1560 Min:    84 Max:  8544 Err:     0 (0.00%) Active: 2 Started: 115 Finished: 113
2026-10-09 00:52:00,165 INFO o.a.j.r.Summariser: summary =    114 in 00:05:25 =    0.4/s Avg:  1769 Min:    57 Max: 17007 Err:     0 (0.00%)
2026-10-09 00:52:00,165 INFO o.a.j.t.JMeterThread: Thread is done: Agent search 2-92
2026-10-09 00:52:00,166 INFO o.a.j.t.JMeterThread: Thread finished: Agent search 2-92
2026-10-09 00:52:00,193 INFO o.a.j.t.JMeterThread: Thread is done: Agent search 2-93
2026-10-09 00:52:00,193 INFO o.a.j.t.JMeterThread: Thread finished: Agent search 2-93
2026-10-09 00:52:01,807 INFO o.a.j.t.JMeterThread: Thread started: Ticket intake 1-23
2026-10-09 00:52:03,710 INFO o.a.j.t.JMeterThread: Thread started: Agent search 2-94
2026-10-09 00:52:03,982 INFO o.a.j.t.JMeterThread: Thread is done: Agent search 2-94
2026-10-09 00:52:03,982 INFO o.a.j.t.JMeterThread: Thread finished: Agent search 2-94
2026-10-09 00:52:07,976 INFO o.a.j.t.JMeterThread: Thread is done: Ticket intake 1-23
2026-10-09 00:52:07,977 INFO o.a.j.t.JMeterThread: Thread finished: Ticket intake 1-23
2026-10-09 00:52:11,082 INFO o.a.j.t.JMeterThread: Thread started: Agent search 2-95
2026-10-09 00:52:11,252 INFO o.a.j.t.JMeterThread: Thread is done: Agent search 2-95
2026-10-09 00:52:11,252 INFO o.a.j.t.JMeterThread: Thread finished: Agent search 2-95
2026-10-09 00:52:12,243 INFO o.a.j.t.JMeterThread: Thread started: Agent search 2-96
2026-10-09 00:52:12,332 INFO o.a.j.t.JMeterThread: Thread is done: Agent search 2-96
2026-10-09 00:52:12,332 INFO o.a.j.t.JMeterThread: Thread finished: Agent search 2-96
2026-10-09 00:52:17,380 INFO o.a.j.t.JMeterThread: Thread started: Agent search 2-97
2026-10-09 00:52:17,501 INFO o.a.j.t.JMeterThread: Thread is done: Agent search 2-97
2026-10-09 00:52:17,501 INFO o.a.j.t.JMeterThread: Thread finished: Agent search 2-97
2026-10-09 00:52:28,524 INFO o.a.j.t.JMeterThread: Thread started: Agent search 2-98
2026-10-09 00:52:28,644 INFO o.a.j.t.JMeterThread: Thread started: Agent search 2-99
2026-10-09 00:52:28,864 INFO o.a.j.t.JMeterThread: Thread is done: Agent search 2-98
2026-10-09 00:52:28,865 INFO o.a.j.t.JMeterThread: Thread is done: Agent search 2-99
2026-10-09 00:52:28,865 INFO o.a.j.t.JMeterThread: Thread finished: Agent search 2-98
2026-10-09 00:52:28,865 INFO o.a.j.t.JMeterThread: Thread finished: Agent search 2-99
2026-10-09 00:52:34,038 INFO o.a.j.t.JMeterThread: Thread started: Agent search 2-100
2026-10-09 00:52:34,273 INFO o.a.j.r.Summariser: summary +      9 in 00:00:34 =    0.3/s Avg:   853 Min:    74 Max:  6168 Err:     0 (0.00%) Active: 1 Started: 123 Finished: 122
2026-10-09 00:52:34,274 INFO o.a.j.r.Summariser: summary =    123 in 00:05:59 =    0.3/s Avg:  1702 Min:    57 Max: 17007 Err:     0 (0.00%)
2026-10-09 00:52:34,274 INFO o.a.j.t.JMeterThread: Thread is done: Agent search 2-100
2026-10-09 00:52:34,274 INFO o.a.j.t.JMeterThread: Thread finished: Agent search 2-100
2026-10-09 00:52:39,980 INFO o.a.j.t.JMeterThread: Thread started: Ticket intake 1-24
2026-10-09 00:52:39,982 INFO o.a.j.t.JMeterThread: Thread started: Ticket intake 1-25
2026-10-09 00:52:43,252 INFO o.a.j.t.JMeterThread: Thread started: Agent search 2-101
2026-10-09 00:52:43,509 INFO o.a.j.t.JMeterThread: Thread is done: Agent search 2-101
2026-10-09 00:52:43,509 INFO o.a.j.t.JMeterThread: Thread finished: Agent search 2-101
2026-10-09 00:52:45,557 INFO o.a.j.t.JMeterThread: Thread is done: Ticket intake 1-24
2026-10-09 00:52:45,558 INFO o.a.j.t.JMeterThread: Thread finished: Ticket intake 1-24
2026-10-09 00:52:50,882 INFO o.a.j.t.JMeterThread: Thread is done: Ticket intake 1-25
2026-10-09 00:52:50,883 INFO o.a.j.t.JMeterThread: Thread finished: Ticket intake 1-25
2026-10-09 00:52:51,498 INFO o.a.j.t.JMeterThread: Thread started: Ticket intake 1-26
2026-10-09 00:52:52,269 INFO o.a.j.t.JMeterThread: Thread started: Agent search 2-102
2026-10-09 00:52:52,521 INFO o.a.j.t.JMeterThread: Thread is done: Agent search 2-102
2026-10-09 00:52:52,521 INFO o.a.j.t.JMeterThread: Thread finished: Agent search 2-102
2026-10-09 00:52:55,501 INFO o.a.j.t.JMeterThread: Thread started: Ticket intake 1-27
2026-10-09 00:52:56,105 INFO o.a.j.t.JMeterThread: Thread is done: Ticket intake 1-26
2026-10-09 00:52:56,105 INFO o.a.j.t.JMeterThread: Thread finished: Ticket intake 1-26
2026-10-09 00:53:01,021 INFO o.a.j.r.Summariser: summary +      6 in 00:00:27 =    0.2/s Avg:  4517 Min:   249 Max: 10900 Err:     0 (0.00%) Active: 1 Started: 129 Finished: 128
2026-10-09 00:53:01,022 INFO o.a.j.r.Summariser: summary =    129 in 00:06:25 =    0.3/s Avg:  1833 Min:    57 Max: 17007 Err:     0 (0.00%)
2026-10-09 00:53:01,022 INFO o.a.j.t.JMeterThread: Thread is done: Ticket intake 1-27
2026-10-09 00:53:01,022 INFO o.a.j.t.JMeterThread: Thread finished: Ticket intake 1-27
2026-10-09 00:53:01,673 INFO o.a.j.t.JMeterThread: Thread started: Agent search 2-103
2026-10-09 00:53:01,838 INFO o.a.j.t.JMeterThread: Thread is done: Agent search 2-103
2026-10-09 00:53:01,838 INFO o.a.j.t.JMeterThread: Thread finished: Agent search 2-103
2026-10-09 00:53:10,615 INFO o.a.j.t.JMeterThread: Thread started: Agent search 2-104
2026-10-09 00:53:10,748 INFO o.a.j.t.JMeterThread: Thread is done: Agent search 2-104
2026-10-09 00:53:10,748 INFO o.a.j.t.JMeterThread: Thread finished: Agent search 2-104
2026-10-09 00:53:14,204 INFO o.a.j.t.JMeterThread: Thread started: Ticket intake 1-28
2026-10-09 00:53:17,607 INFO o.a.j.t.JMeterThread: Thread started: Agent search 2-105
2026-10-09 00:53:17,815 INFO o.a.j.t.JMeterThread: Thread is done: Agent search 2-105
2026-10-09 00:53:17,815 INFO o.a.j.t.JMeterThread: Thread finished: Agent search 2-105
2026-10-09 00:53:21,402 INFO o.a.j.t.JMeterThread: Thread started: Ticket intake 1-29
2026-10-09 00:53:21,520 INFO o.a.j.t.JMeterThread: Thread is done: Ticket intake 1-28
2026-10-09 00:53:21,520 INFO o.a.j.t.JMeterThread: Thread finished: Ticket intake 1-28
2026-10-09 00:53:22,412 INFO o.a.j.t.JMeterThread: Thread started: Agent search 2-106
2026-10-09 00:53:22,589 INFO o.a.j.t.JMeterThread: Thread is done: Agent search 2-106
2026-10-09 00:53:22,589 INFO o.a.j.t.JMeterThread: Thread finished: Agent search 2-106
2026-10-09 00:53:24,160 INFO o.a.j.t.JMeterThread: Thread started: Agent search 2-107
2026-10-09 00:53:24,284 INFO o.a.j.t.JMeterThread: Thread started: Agent search 2-108
2026-10-09 00:53:24,303 INFO o.a.j.t.JMeterThread: Thread is done: Agent search 2-107
2026-10-09 00:53:24,303 INFO o.a.j.t.JMeterThread: Thread finished: Agent search 2-107
2026-10-09 00:53:24,370 INFO o.a.j.t.JMeterThread: Thread is done: Agent search 2-108
2026-10-09 00:53:24,370 INFO o.a.j.t.JMeterThread: Thread finished: Agent search 2-108
2026-10-09 00:53:28,054 INFO o.a.j.t.JMeterThread: Thread is done: Ticket intake 1-29
2026-10-09 00:53:28,054 INFO o.a.j.t.JMeterThread: Thread finished: Ticket intake 1-29
2026-10-09 00:53:30,515 INFO o.a.j.t.JMeterThread: Thread started: Agent search 2-109
2026-10-09 00:53:30,613 INFO o.a.j.r.Summariser: summary +      9 in 00:00:30 =    0.3/s Avg:  1662 Min:    84 Max:  7315 Err:     0 (0.00%) Active: 1 Started: 138 Finished: 137
2026-10-09 00:53:30,613 INFO o.a.j.r.Summariser: summary =    138 in 00:06:55 =    0.3/s Avg:  1821 Min:    57 Max: 17007 Err:     0 (0.00%)
2026-10-09 00:53:30,613 INFO o.a.j.t.JMeterThread: Thread is done: Agent search 2-109
2026-10-09 00:53:30,613 INFO o.a.j.t.JMeterThread: Thread finished: Agent search 2-109
2026-10-09 00:53:37,391 INFO o.a.j.t.JMeterThread: Thread started: Ticket intake 1-30
2026-10-09 00:53:41,679 INFO o.a.j.t.JMeterThread: Thread started: Agent search 2-110
2026-10-09 00:53:41,878 INFO o.a.j.t.JMeterThread: Thread is done: Agent search 2-110
2026-10-09 00:53:41,878 INFO o.a.j.t.JMeterThread: Thread finished: Agent search 2-110
2026-10-09 00:53:43,004 INFO o.a.j.t.JMeterThread: Thread is done: Ticket intake 1-30
2026-10-09 00:53:43,004 INFO o.a.j.t.JMeterThread: Thread finished: Ticket intake 1-30
2026-10-09 00:53:43,428 INFO o.a.j.t.JMeterThread: Thread started: Agent search 2-111
2026-10-09 00:53:43,618 INFO o.a.j.t.JMeterThread: Thread is done: Agent search 2-111
2026-10-09 00:53:43,618 INFO o.a.j.t.JMeterThread: Thread finished: Agent search 2-111
2026-10-09 00:53:43,909 INFO o.a.j.t.JMeterThread: Thread started: Agent search 2-112
2026-10-09 00:53:44,027 INFO o.a.j.t.JMeterThread: Thread is done: Agent search 2-112
2026-10-09 00:53:44,027 INFO o.a.j.t.JMeterThread: Thread finished: Agent search 2-112
2026-10-09 00:53:51,608 INFO o.a.j.t.JMeterThread: Thread started: Agent search 2-113
2026-10-09 00:53:51,708 INFO o.a.j.t.JMeterThread: Thread is done: Agent search 2-113
2026-10-09 00:53:51,708 INFO o.a.j.t.JMeterThread: Thread finished: Agent search 2-113
2026-10-09 00:53:53,238 INFO o.a.j.t.JMeterThread: Thread started: Agent search 2-114
2026-10-09 00:53:53,348 INFO o.a.j.t.JMeterThread: Thread is done: Agent search 2-114
2026-10-09 00:53:53,348 INFO o.a.j.t.JMeterThread: Thread finished: Agent search 2-114
2026-10-09 00:53:53,960 INFO o.a.j.t.JMeterThread: Thread started: Agent search 2-115
2026-10-09 00:53:54,024 INFO o.a.j.t.JMeterThread: Thread is done: Agent search 2-115
2026-10-09 00:53:54,024 INFO o.a.j.t.JMeterThread: Thread finished: Agent search 2-115
2026-10-09 00:53:55,235 INFO o.a.j.t.JMeterThread: Thread started: Agent search 2-116
2026-10-09 00:53:55,469 INFO o.a.j.t.JMeterThread: Thread is done: Agent search 2-116
2026-10-09 00:53:55,469 INFO o.a.j.t.JMeterThread: Thread finished: Agent search 2-116
2026-10-09 00:53:55,570 INFO o.a.j.t.JMeterThread: Thread started: Agent search 2-117
2026-10-09 00:53:55,701 INFO o.a.j.t.JMeterThread: Thread is done: Agent search 2-117
2026-10-09 00:53:55,701 INFO o.a.j.t.JMeterThread: Thread finished: Agent search 2-117
2026-10-09 00:53:55,851 INFO o.a.j.t.JMeterThread: Thread started: Ticket intake 1-31
2026-10-09 00:53:57,585 INFO o.a.j.t.JMeterThread: Thread started: Agent search 2-118
2026-10-09 00:53:57,750 INFO o.a.j.t.JMeterThread: Thread is done: Agent search 2-118
2026-10-09 00:53:57,750 INFO o.a.j.t.JMeterThread: Thread finished: Agent search 2-118
2026-10-09 00:53:59,809 INFO o.a.j.t.JMeterThread: Thread started: Agent search 2-119
2026-10-09 00:53:59,933 INFO o.a.j.t.JMeterThread: Thread is done: Agent search 2-119
2026-10-09 00:53:59,933 INFO o.a.j.t.JMeterThread: Thread finished: Agent search 2-119
2026-10-09 00:54:02,153 INFO o.a.j.r.Summariser: summary +     12 in 00:00:32 =    0.4/s Avg:  1111 Min:    63 Max:  6300 Err:     0 (0.00%) Active: 1 Started: 150 Finished: 149
2026-10-09 00:54:02,154 INFO o.a.j.r.Summariser: summary =    150 in 00:07:27 =    0.3/s Avg:  1765 Min:    57 Max: 17007 Err:     0 (0.00%)
2026-10-09 00:54:02,154 INFO o.a.j.t.JMeterThread: Thread is done: Ticket intake 1-31
2026-10-09 00:54:02,154 INFO o.a.j.t.JMeterThread: Thread finished: Ticket intake 1-31
2026-10-09 00:54:08,455 INFO o.a.j.t.JMeterThread: Thread started: Agent search 2-120
2026-10-09 00:54:08,605 INFO o.a.j.t.JMeterThread: Thread is done: Agent search 2-120
2026-10-09 00:54:08,605 INFO o.a.j.t.JMeterThread: Thread finished: Agent search 2-120
2026-10-09 00:54:12,056 INFO o.a.j.t.JMeterThread: Thread started: Agent search 2-121
2026-10-09 00:54:12,290 INFO o.a.j.t.JMeterThread: Thread is done: Agent search 2-121
2026-10-09 00:54:12,290 INFO o.a.j.t.JMeterThread: Thread finished: Agent search 2-121
2026-10-09 00:54:12,791 INFO o.a.j.t.JMeterThread: Thread started: Ticket intake 1-32
2026-10-09 00:54:14,140 INFO o.a.j.t.JMeterThread: Thread started: Agent search 2-122
2026-10-09 00:54:14,338 INFO o.a.j.t.JMeterThread: Thread is done: Agent search 2-122
2026-10-09 00:54:14,338 INFO o.a.j.t.JMeterThread: Thread finished: Agent search 2-122
2026-10-09 00:54:16,526 INFO o.a.j.t.JMeterThread: Thread started: Agent search 2-123
2026-10-09 00:54:16,695 INFO o.a.j.t.JMeterThread: Thread is done: Agent search 2-123
2026-10-09 00:54:16,695 INFO o.a.j.t.JMeterThread: Thread finished: Agent search 2-123
2026-10-09 00:54:17,104 INFO o.a.j.t.JMeterThread: Thread is done: Ticket intake 1-32
2026-10-09 00:54:17,104 INFO o.a.j.t.JMeterThread: Thread finished: Ticket intake 1-32
2026-10-09 00:54:19,510 INFO o.a.j.t.JMeterThread: Thread started: Agent search 2-124
2026-10-09 00:54:19,766 INFO o.a.j.t.JMeterThread: Thread is done: Agent search 2-124
2026-10-09 00:54:19,766 INFO o.a.j.t.JMeterThread: Thread finished: Agent search 2-124
2026-10-09 00:54:23,765 INFO o.a.j.t.JMeterThread: Thread started: Ticket intake 1-33
2026-10-09 00:54:23,866 INFO o.a.j.t.JMeterThread: Thread started: Agent search 2-125
2026-10-09 00:54:23,964 INFO o.a.j.t.JMeterThread: Thread is done: Agent search 2-125
2026-10-09 00:54:23,964 INFO o.a.j.t.JMeterThread: Thread finished: Agent search 2-125
2026-10-09 00:54:28,369 INFO o.a.j.t.JMeterThread: Thread is done: Ticket intake 1-33
2026-10-09 00:54:28,369 INFO o.a.j.t.JMeterThread: Thread finished: Ticket intake 1-33
2026-10-09 00:54:30,312 INFO o.a.j.t.JMeterThread: Thread started: Agent search 2-126
2026-10-09 00:54:30,518 INFO o.a.j.r.Summariser: summary +      9 in 00:00:28 =    0.3/s Avg:  1134 Min:    97 Max:  4602 Err:     0 (0.00%) Active: 1 Started: 159 Finished: 158
2026-10-09 00:54:30,518 INFO o.a.j.r.Summariser: summary =    159 in 00:07:55 =    0.3/s Avg:  1729 Min:    57 Max: 17007 Err:     0 (0.00%)
2026-10-09 00:54:30,518 INFO o.a.j.t.JMeterThread: Thread is done: Agent search 2-126
2026-10-09 00:54:30,518 INFO o.a.j.t.JMeterThread: Thread finished: Agent search 2-126
2026-10-09 00:54:31,002 INFO o.a.j.t.JMeterThread: Thread started: Ticket intake 1-34
2026-10-09 00:54:34,921 INFO o.a.j.t.JMeterThread: Thread is done: Ticket intake 1-34
2026-10-09 00:54:34,921 INFO o.a.j.t.JMeterThread: Thread finished: Ticket intake 1-34
2026-10-09 00:54:37,206 INFO o.a.j.t.JMeterThread: Thread started: Agent search 2-127
2026-10-09 00:54:37,379 INFO o.a.j.t.JMeterThread: Thread is done: Agent search 2-127
2026-10-09 00:54:37,379 INFO o.a.j.t.JMeterThread: Thread finished: Agent search 2-127
2026-10-09 00:54:41,321 INFO o.a.j.t.JMeterThread: Thread started: Agent search 2-128
2026-10-09 00:54:41,603 INFO o.a.j.t.JMeterThread: Thread is done: Agent search 2-128
2026-10-09 00:54:41,603 INFO o.a.j.t.JMeterThread: Thread finished: Agent search 2-128
2026-10-09 00:55:00,543 INFO o.a.j.t.JMeterThread: Thread started: Agent search 2-129
2026-10-09 00:55:00,726 INFO o.a.j.r.Summariser: summary +      4 in 00:00:30 =    0.1/s Avg:  1137 Min:   171 Max:  3917 Err:     0 (0.00%) Active: 1 Started: 163 Finished: 162
2026-10-09 00:55:00,727 INFO o.a.j.r.Summariser: summary =    163 in 00:08:25 =    0.3/s Avg:  1714 Min:    57 Max: 17007 Err:     0 (0.00%)
2026-10-09 00:55:00,727 INFO o.a.j.t.JMeterThread: Thread is done: Agent search 2-129
2026-10-09 00:55:00,727 INFO o.a.j.t.JMeterThread: Thread finished: Agent search 2-129
2026-10-09 00:55:07,452 INFO o.a.j.t.JMeterThread: Thread started: Agent search 2-130
2026-10-09 00:55:07,690 INFO o.a.j.t.JMeterThread: Thread is done: Agent search 2-130
2026-10-09 00:55:07,690 INFO o.a.j.t.JMeterThread: Thread finished: Agent search 2-130
2026-10-09 00:55:18,823 INFO o.a.j.t.JMeterThread: Thread started: Agent search 2-131
2026-10-09 00:55:18,954 INFO o.a.j.t.JMeterThread: Thread is done: Agent search 2-131
2026-10-09 00:55:18,954 INFO o.a.j.t.JMeterThread: Thread finished: Agent search 2-131
2026-10-09 00:55:20,676 INFO o.a.j.t.JMeterThread: Thread started: Agent search 2-132
2026-10-09 00:55:20,837 INFO o.a.j.t.JMeterThread: Thread is done: Agent search 2-132
2026-10-09 00:55:20,837 INFO o.a.j.t.JMeterThread: Thread finished: Agent search 2-132
2026-10-09 00:55:23,146 INFO o.a.j.t.JMeterThread: Thread started: Agent search 2-133
2026-10-09 00:55:23,273 INFO o.a.j.t.JMeterThread: Thread started: Ticket intake 1-35
2026-10-09 00:55:23,296 INFO o.a.j.t.JMeterThread: Thread is done: Agent search 2-133
2026-10-09 00:55:23,296 INFO o.a.j.t.JMeterThread: Thread finished: Agent search 2-133
2026-10-09 00:55:26,839 INFO o.a.j.t.JMeterThread: Thread is done: Ticket intake 1-35
2026-10-09 00:55:26,839 INFO o.a.j.t.JMeterThread: Thread finished: Ticket intake 1-35
2026-10-09 00:55:29,212 INFO o.a.j.t.JMeterThread: Thread started: Agent search 2-134
2026-10-09 00:55:29,296 INFO o.a.j.t.JMeterThread: Thread is done: Agent search 2-134
2026-10-09 00:55:29,296 INFO o.a.j.t.JMeterThread: Thread finished: Agent search 2-134
2026-10-09 00:55:29,636 INFO o.a.j.t.JMeterThread: Thread started: Agent search 2-135
2026-10-09 00:55:29,808 INFO o.a.j.t.JMeterThread: Thread is done: Agent search 2-135
2026-10-09 00:55:29,809 INFO o.a.j.t.JMeterThread: Thread finished: Agent search 2-135
2026-10-09 00:55:30,144 INFO o.a.j.t.JMeterThread: Thread started: Agent search 2-136
2026-10-09 00:55:30,323 INFO o.a.j.r.Summariser: summary +      8 in 00:00:30 =    0.3/s Avg:   583 Min:    83 Max:  3564 Err:     0 (0.00%) Active: 1 Started: 171 Finished: 170
2026-10-09 00:55:30,324 INFO o.a.j.r.Summariser: summary =    171 in 00:08:55 =    0.3/s Avg:  1661 Min:    57 Max: 17007 Err:     0 (0.00%)
2026-10-09 00:55:30,324 INFO o.a.j.t.JMeterThread: Thread is done: Agent search 2-136
2026-10-09 00:55:30,324 INFO o.a.j.t.JMeterThread: Thread finished: Agent search 2-136
2026-10-09 00:55:34,442 INFO o.a.j.t.JMeterThread: Thread started: Agent search 2-137
2026-10-09 00:55:34,622 INFO o.a.j.t.JMeterThread: Thread is done: Agent search 2-137
2026-10-09 00:55:34,622 INFO o.a.j.t.JMeterThread: Thread finished: Agent search 2-137
2026-10-09 00:55:34,639 INFO o.a.j.t.JMeterThread: Thread started: Agent search 2-138
2026-10-09 00:55:34,725 INFO o.a.j.t.JMeterThread: Thread is done: Agent search 2-138
2026-10-09 00:55:34,725 INFO o.a.j.t.JMeterThread: Thread finished: Agent search 2-138
2026-10-09 00:55:36,954 INFO o.a.j.t.JMeterThread: Thread started: Ticket intake 1-36
2026-10-09 00:55:37,698 INFO o.a.j.t.JMeterThread: Thread started: Agent search 2-139
2026-10-09 00:55:37,795 INFO o.a.j.t.JMeterThread: Thread is done: Agent search 2-139
2026-10-09 00:55:37,795 INFO o.a.j.t.JMeterThread: Thread finished: Agent search 2-139
2026-10-09 00:55:39,679 INFO o.a.j.t.JMeterThread: Thread started: Ticket intake 1-37
2026-10-09 00:55:40,867 INFO o.a.j.t.JMeterThread: Thread is done: Ticket intake 1-36
2026-10-09 00:55:40,867 INFO o.a.j.t.JMeterThread: Thread finished: Ticket intake 1-36
2026-10-09 00:55:45,200 INFO o.a.j.t.JMeterThread: Thread is done: Ticket intake 1-37
2026-10-09 00:55:45,200 INFO o.a.j.t.JMeterThread: Thread finished: Ticket intake 1-37
2026-10-09 00:55:55,952 INFO o.a.j.t.JMeterThread: Thread started: Agent search 2-140
2026-10-09 00:55:56,126 INFO o.a.j.t.JMeterThread: Thread is done: Agent search 2-140
2026-10-09 00:55:56,126 INFO o.a.j.t.JMeterThread: Thread finished: Agent search 2-140
2026-10-09 00:55:58,683 INFO o.a.j.t.JMeterThread: Thread started: Agent search 2-141
2026-10-09 00:55:58,789 INFO o.a.j.t.JMeterThread: Thread is done: Agent search 2-141
2026-10-09 00:55:58,789 INFO o.a.j.t.JMeterThread: Thread finished: Agent search 2-141
2026-10-09 00:56:08,387 INFO o.a.j.t.JMeterThread: Thread started: Agent search 2-142
2026-10-09 00:56:08,619 INFO o.a.j.t.JMeterThread: Thread is done: Agent search 2-142
2026-10-09 00:56:08,619 INFO o.a.j.t.JMeterThread: Thread finished: Agent search 2-142
2026-10-09 00:56:15,947 INFO o.a.j.t.JMeterThread: Thread started: Agent search 2-143
2026-10-09 00:56:16,196 INFO o.a.j.t.JMeterThread: Thread is done: Agent search 2-143
2026-10-09 00:56:16,196 INFO o.a.j.t.JMeterThread: Thread finished: Agent search 2-143
2026-10-09 00:56:24,716 INFO o.a.j.t.JMeterThread: Thread started: Agent search 2-144
2026-10-09 00:56:24,900 INFO o.a.j.t.JMeterThread: Thread is done: Agent search 2-144
2026-10-09 00:56:24,900 INFO o.a.j.t.JMeterThread: Thread finished: Agent search 2-144
2026-10-09 00:56:27,969 INFO o.a.j.t.JMeterThread: Thread started: Agent search 2-145
2026-10-09 00:56:28,177 INFO o.a.j.t.JMeterThread: Thread is done: Agent search 2-145
2026-10-09 00:56:28,177 INFO o.a.j.t.JMeterThread: Thread finished: Agent search 2-145
2026-10-09 00:56:30,807 INFO o.a.j.t.JMeterThread: Thread started: Agent search 2-146
2026-10-09 00:56:31,148 INFO o.a.j.r.Summariser: summary +     12 in 00:01:01 =    0.2/s Avg:   939 Min:    85 Max:  5521 Err:     0 (0.00%) Active: 1 Started: 183 Finished: 182
2026-10-09 00:56:31,149 INFO o.a.j.r.Summariser: summary =    183 in 00:09:56 =    0.3/s Avg:  1614 Min:    57 Max: 17007 Err:     0 (0.00%)
2026-10-09 00:56:31,149 INFO o.a.j.t.JMeterThread: Thread is done: Agent search 2-146
2026-10-09 00:56:31,149 INFO o.a.j.t.JMeterThread: Thread finished: Agent search 2-146
2026-10-09 00:56:31,276 INFO o.a.j.t.JMeterThread: Thread started: Agent search 2-147
2026-10-09 00:56:31,454 INFO o.a.j.t.JMeterThread: Thread is done: Agent search 2-147
2026-10-09 00:56:31,454 INFO o.a.j.t.JMeterThread: Thread finished: Agent search 2-147
2026-10-09 00:56:33,660 INFO o.a.j.t.JMeterThread: Thread started: Ticket intake 1-38
2026-10-09 00:56:34,738 INFO o.a.j.t.JMeterThread: Thread started: Agent search 2-148
2026-10-09 00:56:34,833 INFO o.a.j.t.JMeterThread: Thread is done: Agent search 2-148
2026-10-09 00:56:34,833 INFO o.a.j.t.JMeterThread: Thread finished: Agent search 2-148
2026-10-09 00:56:35,983 INFO o.a.j.t.JMeterThread: Thread started: Agent search 2-149
2026-10-09 00:56:36,166 INFO o.a.j.t.JMeterThread: Thread is done: Agent search 2-149
2026-10-09 00:56:36,166 INFO o.a.j.t.JMeterThread: Thread finished: Agent search 2-149
2026-10-09 00:56:38,240 INFO o.a.j.t.JMeterThread: Thread started: Agent search 2-150
2026-10-09 00:56:38,418 INFO o.a.j.t.JMeterThread: Thread is done: Agent search 2-150
2026-10-09 00:56:38,418 INFO o.a.j.t.JMeterThread: Thread finished: Agent search 2-150
2026-10-09 00:56:39,340 INFO o.a.j.t.JMeterThread: Thread is done: Ticket intake 1-38
2026-10-09 00:56:39,340 INFO o.a.j.t.JMeterThread: Thread finished: Ticket intake 1-38
2026-10-09 00:56:45,617 INFO o.a.j.t.JMeterThread: Thread started: Ticket intake 1-39
2026-10-09 00:56:50,717 INFO o.a.j.t.JMeterThread: Thread started: Agent search 2-151
2026-10-09 00:56:51,012 INFO o.a.j.t.JMeterThread: Thread is done: Agent search 2-151
2026-10-09 00:56:51,012 INFO o.a.j.t.JMeterThread: Thread finished: Agent search 2-151
2026-10-09 00:56:51,802 INFO o.a.j.t.JMeterThread: Thread started: Ticket intake 1-40
2026-10-09 00:56:53,062 INFO o.a.j.t.JMeterThread: Thread is done: Ticket intake 1-39
2026-10-09 00:56:53,062 INFO o.a.j.t.JMeterThread: Thread finished: Ticket intake 1-39
2026-10-09 00:56:58,096 INFO o.a.j.t.JMeterThread: Thread started: Agent search 2-152
2026-10-09 00:56:58,236 INFO o.a.j.t.JMeterThread: Thread started: Ticket intake 1-41
2026-10-09 00:56:58,244 INFO o.a.j.t.JMeterThread: Thread is done: Agent search 2-152
2026-10-09 00:56:58,245 INFO o.a.j.t.JMeterThread: Thread finished: Agent search 2-152
2026-10-09 00:56:59,102 INFO o.a.j.t.JMeterThread: Thread is done: Ticket intake 1-40
2026-10-09 00:56:59,102 INFO o.a.j.t.JMeterThread: Thread finished: Ticket intake 1-40
2026-10-09 00:56:59,250 INFO o.a.j.t.JMeterThread: Thread started: Agent search 2-153
2026-10-09 00:56:59,395 INFO o.a.j.t.JMeterThread: Thread started: Agent search 2-154
2026-10-09 00:56:59,404 INFO o.a.j.t.JMeterThread: Thread is done: Agent search 2-153
2026-10-09 00:56:59,404 INFO o.a.j.t.JMeterThread: Thread finished: Agent search 2-153
2026-10-09 00:56:59,512 INFO o.a.j.t.JMeterThread: Thread is done: Agent search 2-154
2026-10-09 00:56:59,512 INFO o.a.j.t.JMeterThread: Thread finished: Agent search 2-154
2026-10-09 00:57:03,491 INFO o.a.j.t.JMeterThread: Thread started: Agent search 2-155
2026-10-09 00:57:03,712 INFO o.a.j.r.Summariser: summary +     12 in 00:00:33 =    0.4/s Avg:  1831 Min:    94 Max:  7443 Err:     0 (0.00%) Active: 2 Started: 196 Finished: 194
2026-10-09 00:57:03,712 INFO o.a.j.r.Summariser: summary =    195 in 00:10:28 =    0.3/s Avg:  1627 Min:    57 Max: 17007 Err:     0 (0.00%)
2026-10-09 00:57:03,712 INFO o.a.j.t.JMeterThread: Thread is done: Agent search 2-155
2026-10-09 00:57:03,712 INFO o.a.j.t.JMeterThread: Thread finished: Agent search 2-155
2026-10-09 00:57:04,941 INFO o.a.j.t.JMeterThread: Thread is done: Ticket intake 1-41
2026-10-09 00:57:04,941 INFO o.a.j.t.JMeterThread: Thread finished: Ticket intake 1-41
2026-10-09 00:57:06,686 INFO o.a.j.t.JMeterThread: Thread started: Agent search 2-156
2026-10-09 00:57:06,886 INFO o.a.j.t.JMeterThread: Thread is done: Agent search 2-156
2026-10-09 00:57:06,886 INFO o.a.j.t.JMeterThread: Thread finished: Agent search 2-156
2026-10-09 00:57:10,151 INFO o.a.j.t.JMeterThread: Thread started: Agent search 2-157
2026-10-09 00:57:10,367 INFO o.a.j.t.JMeterThread: Thread is done: Agent search 2-157
2026-10-09 00:57:10,367 INFO o.a.j.t.JMeterThread: Thread finished: Agent search 2-157
2026-10-09 00:57:26,783 INFO o.a.j.t.JMeterThread: Thread started: Agent search 2-158
2026-10-09 00:57:26,910 INFO o.a.j.t.JMeterThread: Thread is done: Agent search 2-158
2026-10-09 00:57:26,910 INFO o.a.j.t.JMeterThread: Thread finished: Agent search 2-158
2026-10-09 00:57:31,009 INFO o.a.j.t.JMeterThread: Thread started: Ticket intake 1-42
2026-10-09 00:57:33,656 INFO o.a.j.t.JMeterThread: Thread started: Agent search 2-159
2026-10-09 00:57:33,909 INFO o.a.j.r.Summariser: summary +      5 in 00:00:30 =    0.2/s Avg:  1498 Min:   124 Max:  6703 Err:     0 (0.00%) Active: 2 Started: 201 Finished: 199
2026-10-09 00:57:33,910 INFO o.a.j.r.Summariser: summary =    200 in 00:10:58 =    0.3/s Avg:  1624 Min:    57 Max: 17007 Err:     0 (0.00%)
2026-10-09 00:57:33,910 INFO o.a.j.t.JMeterThread: Thread is done: Agent search 2-159
2026-10-09 00:57:33,910 INFO o.a.j.t.JMeterThread: Thread finished: Agent search 2-159
2026-10-09 00:57:37,803 INFO o.a.j.t.JMeterThread: Thread started: Agent search 2-160
2026-10-09 00:57:37,864 INFO o.a.j.t.JMeterThread: Thread is done: Ticket intake 1-42
2026-10-09 00:57:37,864 INFO o.a.j.t.JMeterThread: Thread finished: Ticket intake 1-42
2026-10-09 00:57:37,876 INFO o.a.j.t.JMeterThread: Thread is done: Agent search 2-160
2026-10-09 00:57:37,877 INFO o.a.j.t.JMeterThread: Thread finished: Agent search 2-160
2026-10-09 00:57:38,069 INFO o.a.j.t.JMeterThread: Thread started: Agent search 2-161
2026-10-09 00:57:38,251 INFO o.a.j.t.JMeterThread: Thread is done: Agent search 2-161
2026-10-09 00:57:38,252 INFO o.a.j.t.JMeterThread: Thread finished: Agent search 2-161
2026-10-09 00:57:42,781 INFO o.a.j.t.JMeterThread: Thread started: Agent search 2-162
2026-10-09 00:57:43,033 INFO o.a.j.t.JMeterThread: Thread is done: Agent search 2-162
2026-10-09 00:57:43,033 INFO o.a.j.t.JMeterThread: Thread finished: Agent search 2-162
2026-10-09 00:57:46,015 INFO o.a.j.t.JMeterThread: Thread started: Agent search 2-163
2026-10-09 00:57:46,193 INFO o.a.j.t.JMeterThread: Thread is done: Agent search 2-163
2026-10-09 00:57:46,194 INFO o.a.j.t.JMeterThread: Thread finished: Agent search 2-163
2026-10-09 00:57:48,866 INFO o.a.j.t.JMeterThread: Thread started: Agent search 2-164
2026-10-09 00:57:49,178 INFO o.a.j.t.JMeterThread: Thread is done: Agent search 2-164
2026-10-09 00:57:49,178 INFO o.a.j.t.JMeterThread: Thread finished: Agent search 2-164
2026-10-09 00:57:49,704 INFO o.a.j.t.JMeterThread: Thread started: Ticket intake 1-43
2026-10-09 00:57:52,634 INFO o.a.j.t.JMeterThread: Thread started: Ticket intake 1-44
2026-10-09 00:57:57,388 INFO o.a.j.t.JMeterThread: Thread is done: Ticket intake 1-43
2026-10-09 00:57:57,388 INFO o.a.j.t.JMeterThread: Thread finished: Ticket intake 1-43
2026-10-09 00:58:03,535 INFO o.a.j.t.JMeterThread: Thread started: Ticket intake 1-45
2026-10-09 00:58:06,061 INFO o.a.j.t.JMeterThread: Thread is done: Ticket intake 1-44
2026-10-09 00:58:06,061 INFO o.a.j.t.JMeterThread: Thread finished: Ticket intake 1-44
2026-10-09 00:58:09,864 INFO o.a.j.t.JMeterThread: Thread is done: Ticket intake 1-45
2026-10-09 00:58:09,864 INFO o.a.j.t.JMeterThread: Thread finished: Ticket intake 1-45
2026-10-09 00:58:10,812 INFO o.a.j.t.JMeterThread: Thread started: Ticket intake 1-46
2026-10-09 00:58:16,275 INFO o.a.j.t.JMeterThread: Thread is done: Ticket intake 1-46
2026-10-09 00:58:16,275 INFO o.a.j.t.JMeterThread: Thread finished: Ticket intake 1-46
2026-10-09 00:58:20,731 INFO o.a.j.t.JMeterThread: Thread started: Agent search 2-165
2026-10-09 00:58:20,794 INFO o.a.j.t.JMeterThread: Thread is done: Agent search 2-165
2026-10-09 00:58:20,794 INFO o.a.j.t.JMeterThread: Thread finished: Agent search 2-165
2026-10-09 00:58:22,622 INFO o.a.j.t.JMeterThread: Thread started: Ticket intake 1-47
2026-10-09 00:58:25,439 INFO o.a.j.t.JMeterThread: Thread started: Agent search 2-166
2026-10-09 00:58:25,632 INFO o.a.j.t.JMeterThread: Thread is done: Agent search 2-166
2026-10-09 00:58:25,632 INFO o.a.j.t.JMeterThread: Thread finished: Agent search 2-166
2026-10-09 00:58:26,556 INFO o.a.j.t.JMeterThread: Thread started: Agent search 2-167
2026-10-09 00:58:26,659 INFO o.a.j.t.JMeterThread: Thread is done: Agent search 2-167
2026-10-09 00:58:26,660 INFO o.a.j.t.JMeterThread: Thread finished: Agent search 2-167
2026-10-09 00:58:28,199 INFO o.a.j.t.JMeterThread: Thread started: Agent search 2-168
2026-10-09 00:58:28,397 INFO o.a.j.t.JMeterThread: Thread is done: Agent search 2-168
2026-10-09 00:58:28,397 INFO o.a.j.t.JMeterThread: Thread finished: Agent search 2-168
2026-10-09 00:58:29,708 INFO o.a.j.t.JMeterThread: Thread started: Agent search 2-169
2026-10-09 00:58:29,933 INFO o.a.j.t.JMeterThread: Thread is done: Agent search 2-169
2026-10-09 00:58:29,933 INFO o.a.j.t.JMeterThread: Thread finished: Agent search 2-169
2026-10-09 00:58:30,445 INFO o.a.j.r.Summariser: summary +     16 in 00:00:57 =    0.3/s Avg:  3083 Min:    62 Max: 13426 Err:     0 (0.00%) Active: 1 Started: 216 Finished: 215
2026-10-09 00:58:30,446 INFO o.a.j.r.Summariser: summary =    216 in 00:11:55 =    0.3/s Avg:  1732 Min:    57 Max: 17007 Err:     0 (0.00%)
2026-10-09 00:58:30,446 INFO o.a.j.t.JMeterThread: Thread is done: Ticket intake 1-47
2026-10-09 00:58:30,446 INFO o.a.j.t.JMeterThread: Thread finished: Ticket intake 1-47
2026-10-09 00:58:50,047 INFO o.a.j.t.JMeterThread: Thread started: Agent search 2-170
2026-10-09 00:58:50,312 INFO o.a.j.t.JMeterThread: Thread is done: Agent search 2-170
2026-10-09 00:58:50,312 INFO o.a.j.t.JMeterThread: Thread finished: Agent search 2-170
2026-10-09 00:58:52,557 INFO o.a.j.t.JMeterThread: Thread started: Agent search 2-171
2026-10-09 00:58:52,666 INFO o.a.j.t.JMeterThread: Thread is done: Agent search 2-171
2026-10-09 00:58:52,666 INFO o.a.j.t.JMeterThread: Thread finished: Agent search 2-171
2026-10-09 00:58:59,532 INFO o.a.j.t.JMeterThread: Thread started: Agent search 2-172
2026-10-09 00:58:59,732 INFO o.a.j.t.JMeterThread: Thread is done: Agent search 2-172
2026-10-09 00:58:59,732 INFO o.a.j.t.JMeterThread: Thread finished: Agent search 2-172
2026-10-09 00:59:01,726 INFO o.a.j.t.JMeterThread: Thread started: Agent search 2-173
2026-10-09 00:59:01,802 INFO o.a.j.r.Summariser: summary +      4 in 00:00:31 =    0.1/s Avg:   161 Min:    74 Max:   264 Err:     0 (0.00%) Active: 1 Started: 220 Finished: 219
2026-10-09 00:59:01,802 INFO o.a.j.r.Summariser: summary =    220 in 00:12:26 =    0.3/s Avg:  1704 Min:    57 Max: 17007 Err:     0 (0.00%)
2026-10-09 00:59:01,802 INFO o.a.j.t.JMeterThread: Thread is done: Agent search 2-173
2026-10-09 00:59:01,802 INFO o.a.j.t.JMeterThread: Thread finished: Agent search 2-173
2026-10-09 00:59:02,571 INFO o.a.j.t.JMeterThread: Thread started: Agent search 2-174
2026-10-09 00:59:02,651 INFO o.a.j.t.JMeterThread: Thread is done: Agent search 2-174
2026-10-09 00:59:02,651 INFO o.a.j.t.JMeterThread: Thread finished: Agent search 2-174
2026-10-09 00:59:03,018 INFO o.a.j.t.JMeterThread: Thread started: Ticket intake 1-48
2026-10-09 00:59:04,122 INFO o.a.j.t.JMeterThread: Thread started: Agent search 2-175
2026-10-09 00:59:04,340 INFO o.a.j.t.JMeterThread: Thread is done: Agent search 2-175
2026-10-09 00:59:04,340 INFO o.a.j.t.JMeterThread: Thread finished: Agent search 2-175
2026-10-09 00:59:06,797 INFO o.a.j.t.JMeterThread: Thread is done: Ticket intake 1-48
2026-10-09 00:59:06,798 INFO o.a.j.t.JMeterThread: Thread finished: Ticket intake 1-48
2026-10-09 00:59:09,828 INFO o.a.j.t.JMeterThread: Thread started: Agent search 2-176
2026-10-09 00:59:09,923 INFO o.a.j.t.JMeterThread: Thread started: Agent search 2-177
2026-10-09 00:59:09,968 INFO o.a.j.t.JMeterThread: Thread is done: Agent search 2-176
2026-10-09 00:59:09,968 INFO o.a.j.t.JMeterThread: Thread finished: Agent search 2-176
2026-10-09 00:59:09,979 INFO o.a.j.t.JMeterThread: Thread is done: Agent search 2-177
2026-10-09 00:59:09,979 INFO o.a.j.t.JMeterThread: Thread finished: Agent search 2-177
2026-10-09 00:59:29,051 INFO o.a.j.t.JMeterThread: Thread started: Ticket intake 1-49
2026-10-09 00:59:30,300 INFO o.a.j.t.JMeterThread: Thread started: Agent search 2-178
2026-10-09 00:59:30,309 INFO o.a.j.t.JMeterThread: Thread started: Agent search 2-179
2026-10-09 00:59:30,392 INFO o.a.j.r.Summariser: summary +      6 in 00:00:29 =    0.2/s Avg:   726 Min:    55 Max:  3779 Err:     0 (0.00%) Active: 3 Started: 228 Finished: 225
2026-10-09 00:59:30,392 INFO o.a.j.r.Summariser: summary =    226 in 00:12:55 =    0.3/s Avg:  1678 Min:    55 Max: 17007 Err:     0 (0.00%)
2026-10-09 00:59:30,392 INFO o.a.j.t.JMeterThread: Thread is done: Agent search 2-178
2026-10-09 00:59:30,392 INFO o.a.j.t.JMeterThread: Thread finished: Agent search 2-178
2026-10-09 00:59:30,425 INFO o.a.j.t.JMeterThread: Thread is done: Agent search 2-179
2026-10-09 00:59:30,425 INFO o.a.j.t.JMeterThread: Thread finished: Agent search 2-179
2026-10-09 00:59:33,319 INFO o.a.j.t.JMeterThread: Thread is done: Ticket intake 1-49
2026-10-09 00:59:33,319 INFO o.a.j.t.JMeterThread: Thread finished: Ticket intake 1-49
2026-10-09 00:59:36,437 INFO o.a.j.t.JMeterThread: Thread started: Agent search 2-180
2026-10-09 00:59:36,699 INFO o.a.j.t.JMeterThread: Thread is done: Agent search 2-180
2026-10-09 00:59:36,699 INFO o.a.j.t.JMeterThread: Thread finished: Agent search 2-180
2026-10-09 00:59:40,385 INFO o.a.j.t.JMeterThread: Thread started: Ticket intake 1-50
2026-10-09 00:59:42,059 INFO o.a.j.t.JMeterThread: Thread started: Agent search 2-181
2026-10-09 00:59:42,289 INFO o.a.j.t.JMeterThread: Thread is done: Agent search 2-181
2026-10-09 00:59:42,289 INFO o.a.j.t.JMeterThread: Thread finished: Agent search 2-181
2026-10-09 00:59:44,504 INFO o.a.j.t.JMeterThread: Thread is done: Ticket intake 1-50
2026-10-09 00:59:44,504 INFO o.a.j.t.JMeterThread: Thread finished: Ticket intake 1-50
2026-10-09 00:59:45,650 INFO o.a.j.t.JMeterThread: Thread started: Agent search 2-182
2026-10-09 00:59:45,814 INFO o.a.j.t.JMeterThread: Thread is done: Agent search 2-182
2026-10-09 00:59:45,814 INFO o.a.j.t.JMeterThread: Thread finished: Agent search 2-182
2026-10-09 00:59:57,274 INFO o.a.j.t.JMeterThread: Thread started: Ticket intake 1-51
2026-10-09 01:00:01,091 INFO o.a.j.t.JMeterThread: Thread started: Agent search 2-183
2026-10-09 01:00:01,275 INFO o.a.j.r.Summariser: summary +      7 in 00:00:31 =    0.2/s Avg:  1333 Min:   115 Max:  4267 Err:     0 (0.00%) Active: 2 Started: 234 Finished: 232
2026-10-09 01:00:01,275 INFO o.a.j.r.Summariser: summary =    233 in 00:13:26 =    0.3/s Avg:  1667 Min:    55 Max: 17007 Err:     0 (0.00%)
2026-10-09 01:00:01,275 INFO o.a.j.t.JMeterThread: Thread is done: Agent search 2-183
2026-10-09 01:00:01,275 INFO o.a.j.t.JMeterThread: Thread finished: Agent search 2-183
2026-10-09 01:00:03,105 INFO o.a.j.t.JMeterThread: Thread started: Agent search 2-184
2026-10-09 01:00:03,322 INFO o.a.j.t.JMeterThread: Thread is done: Agent search 2-184
2026-10-09 01:00:03,322 INFO o.a.j.t.JMeterThread: Thread finished: Agent search 2-184
2026-10-09 01:00:03,630 INFO o.a.j.t.JMeterThread: Thread is done: Ticket intake 1-51
2026-10-09 01:00:03,630 INFO o.a.j.t.JMeterThread: Thread finished: Ticket intake 1-51
2026-10-09 01:00:04,107 INFO o.a.j.t.JMeterThread: Thread started: Agent search 2-185
2026-10-09 01:00:04,276 INFO o.a.j.t.JMeterThread: Thread is done: Agent search 2-185
2026-10-09 01:00:04,276 INFO o.a.j.t.JMeterThread: Thread finished: Agent search 2-185
2026-10-09 01:00:05,424 INFO o.a.j.t.JMeterThread: Thread started: Agent search 2-186
2026-10-09 01:00:05,680 INFO o.a.j.t.JMeterThread: Thread is done: Agent search 2-186
2026-10-09 01:00:05,680 INFO o.a.j.t.JMeterThread: Thread finished: Agent search 2-186
2026-10-09 01:00:06,314 INFO o.a.j.t.JMeterThread: Thread started: Ticket intake 1-52
2026-10-09 01:00:07,641 INFO o.a.j.t.JMeterThread: Thread started: Agent search 2-187
2026-10-09 01:00:07,828 INFO o.a.j.t.JMeterThread: Thread is done: Agent search 2-187
2026-10-09 01:00:07,829 INFO o.a.j.t.JMeterThread: Thread finished: Agent search 2-187
2026-10-09 01:00:11,822 INFO o.a.j.t.JMeterThread: Thread is done: Ticket intake 1-52
2026-10-09 01:00:11,822 INFO o.a.j.t.JMeterThread: Thread finished: Ticket intake 1-52
2026-10-09 01:00:14,461 INFO o.a.j.t.JMeterThread: Thread started: Agent search 2-188
2026-10-09 01:00:14,793 INFO o.a.j.t.JMeterThread: Thread is done: Agent search 2-188
2026-10-09 01:00:14,793 INFO o.a.j.t.JMeterThread: Thread finished: Agent search 2-188
2026-10-09 01:00:15,178 INFO o.a.j.t.JMeterThread: Thread started: Ticket intake 1-53
2026-10-09 01:00:16,043 INFO o.a.j.t.JMeterThread: Thread started: Ticket intake 1-54
2026-10-09 01:00:19,296 INFO o.a.j.t.JMeterThread: Thread is done: Ticket intake 1-53
2026-10-09 01:00:19,296 INFO o.a.j.t.JMeterThread: Thread finished: Ticket intake 1-53
2026-10-09 01:00:22,934 INFO o.a.j.t.JMeterThread: Thread started: Agent search 2-189
2026-10-09 01:00:23,086 INFO o.a.j.t.JMeterThread: Thread is done: Agent search 2-189
2026-10-09 01:00:23,086 INFO o.a.j.t.JMeterThread: Thread finished: Agent search 2-189
2026-10-09 01:00:26,158 INFO o.a.j.t.JMeterThread: Thread is done: Ticket intake 1-54
2026-10-09 01:00:26,158 INFO o.a.j.t.JMeterThread: Thread finished: Ticket intake 1-54
2026-10-09 01:00:26,936 INFO o.a.j.t.JMeterThread: Thread started: Ticket intake 1-55
2026-10-09 01:00:30,547 INFO o.a.j.t.JMeterThread: Thread started: Agent search 2-190
2026-10-09 01:00:30,766 INFO o.a.j.r.Summariser: summary +     11 in 00:00:29 =    0.4/s Avg:  2510 Min:   151 Max: 10113 Err:     0 (0.00%) Active: 2 Started: 245 Finished: 243
2026-10-09 01:00:30,766 INFO o.a.j.r.Summariser: summary =    244 in 00:13:55 =    0.3/s Avg:  1705 Min:    55 Max: 17007 Err:     0 (0.00%)
2026-10-09 01:00:30,766 INFO o.a.j.t.JMeterThread: Thread is done: Agent search 2-190
2026-10-09 01:00:30,766 INFO o.a.j.t.JMeterThread: Thread finished: Agent search 2-190
2026-10-09 01:00:31,439 INFO o.a.j.t.JMeterThread: Thread is done: Ticket intake 1-55
2026-10-09 01:00:31,439 INFO o.a.j.t.JMeterThread: Thread finished: Ticket intake 1-55
2026-10-09 01:00:39,699 INFO o.a.j.t.JMeterThread: Thread started: Agent search 2-191
2026-10-09 01:00:39,882 INFO o.a.j.t.JMeterThread: Thread is done: Agent search 2-191
2026-10-09 01:00:39,882 INFO o.a.j.t.JMeterThread: Thread finished: Agent search 2-191
2026-10-09 01:00:41,990 INFO o.a.j.t.JMeterThread: Thread started: Agent search 2-192
2026-10-09 01:00:42,195 INFO o.a.j.t.JMeterThread: Thread is done: Agent search 2-192
2026-10-09 01:00:42,196 INFO o.a.j.t.JMeterThread: Thread finished: Agent search 2-192
2026-10-09 01:00:42,253 INFO o.a.j.t.JMeterThread: Thread started: Ticket intake 1-56
2026-10-09 01:00:43,007 INFO o.a.j.t.JMeterThread: Thread started: Ticket intake 1-57
2026-10-09 01:00:45,371 INFO o.a.j.t.JMeterThread: Thread started: Ticket intake 1-58
2026-10-09 01:00:47,945 INFO o.a.j.t.JMeterThread: Thread started: Agent search 2-193
2026-10-09 01:00:48,073 INFO o.a.j.t.JMeterThread: Thread is done: Ticket intake 1-56
2026-10-09 01:00:48,073 INFO o.a.j.t.JMeterThread: Thread finished: Ticket intake 1-56
2026-10-09 01:00:48,177 INFO o.a.j.t.JMeterThread: Thread is done: Agent search 2-193
2026-10-09 01:00:48,177 INFO o.a.j.t.JMeterThread: Thread finished: Agent search 2-193
2026-10-09 01:00:49,601 INFO o.a.j.t.JMeterThread: Thread started: Agent search 2-194
2026-10-09 01:00:49,757 INFO o.a.j.t.JMeterThread: Thread is done: Agent search 2-194
2026-10-09 01:00:49,757 INFO o.a.j.t.JMeterThread: Thread finished: Agent search 2-194
2026-10-09 01:00:49,941 INFO o.a.j.t.JMeterThread: Thread started: Agent search 2-195
2026-10-09 01:00:50,120 INFO o.a.j.t.JMeterThread: Thread is done: Agent search 2-195
2026-10-09 01:00:50,120 INFO o.a.j.t.JMeterThread: Thread finished: Agent search 2-195
2026-10-09 01:00:52,585 INFO o.a.j.t.JMeterThread: Thread is done: Ticket intake 1-57
2026-10-09 01:00:52,585 INFO o.a.j.t.JMeterThread: Thread finished: Ticket intake 1-57
2026-10-09 01:00:55,094 INFO o.a.j.t.JMeterThread: Thread started: Agent search 2-196
2026-10-09 01:00:55,343 INFO o.a.j.t.JMeterThread: Thread is done: Agent search 2-196
2026-10-09 01:00:55,343 INFO o.a.j.t.JMeterThread: Thread finished: Agent search 2-196
2026-10-09 01:00:56,059 INFO o.a.j.t.JMeterThread: Thread is done: Ticket intake 1-58
2026-10-09 01:00:56,059 INFO o.a.j.t.JMeterThread: Thread finished: Ticket intake 1-58
2026-10-09 01:00:56,534 INFO o.a.j.t.JMeterThread: Thread started: Agent search 2-197
2026-10-09 01:00:56,674 INFO o.a.j.t.JMeterThread: Thread is done: Agent search 2-197
2026-10-09 01:00:56,674 INFO o.a.j.t.JMeterThread: Thread finished: Agent search 2-197
2026-10-09 01:00:59,952 INFO o.a.j.t.JMeterThread: Thread started: Agent search 2-198
2026-10-09 01:01:00,156 INFO o.a.j.r.Summariser: summary +     12 in 00:00:29 =    0.4/s Avg:  2676 Min:   138 Max: 10687 Err:     0 (0.00%) Active: 1 Started: 256 Finished: 255
2026-10-09 01:01:00,157 INFO o.a.j.r.Summariser: summary =    256 in 00:14:25 =    0.3/s Avg:  1751 Min:    55 Max: 17007 Err:     0 (0.00%)
2026-10-09 01:01:00,157 INFO o.a.j.t.JMeterThread: Thread is done: Agent search 2-198
2026-10-09 01:01:00,157 INFO o.a.j.t.JMeterThread: Thread finished: Agent search 2-198
2026-10-09 01:01:00,517 INFO o.a.j.t.JMeterThread: Thread started: Ticket intake 1-59
2026-10-09 01:01:01,103 INFO o.a.j.t.JMeterThread: Thread started: Agent search 2-199
2026-10-09 01:01:01,184 INFO o.a.j.t.JMeterThread: Thread is done: Agent search 2-199
2026-10-09 01:01:01,184 INFO o.a.j.t.JMeterThread: Thread finished: Agent search 2-199
2026-10-09 01:01:02,841 INFO o.a.j.t.JMeterThread: Thread started: Agent search 2-200
2026-10-09 01:01:03,024 INFO o.a.j.t.JMeterThread: Thread is done: Agent search 2-200
2026-10-09 01:01:03,024 INFO o.a.j.t.JMeterThread: Thread finished: Agent search 2-200
2026-10-09 01:01:07,835 INFO o.a.j.t.JMeterThread: Thread is done: Ticket intake 1-59
2026-10-09 01:01:07,835 INFO o.a.j.t.JMeterThread: Thread finished: Ticket intake 1-59
2026-10-09 01:01:07,868 INFO o.a.j.t.JMeterThread: Thread started: Agent search 2-201
2026-10-09 01:01:08,043 INFO o.a.j.t.JMeterThread: Thread is done: Agent search 2-201
2026-10-09 01:01:08,043 INFO o.a.j.t.JMeterThread: Thread finished: Agent search 2-201
2026-10-09 01:01:11,322 INFO o.a.j.t.JMeterThread: Thread started: Ticket intake 1-60
2026-10-09 01:01:13,298 INFO o.a.j.t.JMeterThread: Thread started: Agent search 2-202
2026-10-09 01:01:13,467 INFO o.a.j.t.JMeterThread: Thread is done: Agent search 2-202
2026-10-09 01:01:13,467 INFO o.a.j.t.JMeterThread: Thread finished: Agent search 2-202
2026-10-09 01:01:16,449 INFO o.a.j.t.JMeterThread: Thread started: Agent search 2-203
2026-10-09 01:01:16,528 INFO o.a.j.t.JMeterThread: Thread is done: Agent search 2-203
2026-10-09 01:01:16,529 INFO o.a.j.t.JMeterThread: Thread finished: Agent search 2-203
2026-10-09 01:01:16,562 INFO o.a.j.t.JMeterThread: Thread started: Agent search 2-204
2026-10-09 01:01:16,642 INFO o.a.j.t.JMeterThread: Thread is done: Agent search 2-204
2026-10-09 01:01:16,642 INFO o.a.j.t.JMeterThread: Thread finished: Agent search 2-204
2026-10-09 01:01:16,642 INFO o.a.j.t.JMeterThread: Thread is done: Ticket intake 1-60
2026-10-09 01:01:16,642 INFO o.a.j.t.JMeterThread: Thread finished: Ticket intake 1-60
2026-10-09 01:01:17,190 INFO o.a.j.t.JMeterThread: Thread started: Ticket intake 1-61
2026-10-09 01:01:19,800 INFO o.a.j.t.JMeterThread: Thread started: Ticket intake 1-62
2026-10-09 01:01:21,455 INFO o.a.j.t.JMeterThread: Thread is done: Ticket intake 1-61
2026-10-09 01:01:21,455 INFO o.a.j.t.JMeterThread: Thread finished: Ticket intake 1-61
2026-10-09 01:01:21,758 INFO o.a.j.t.JMeterThread: Thread started: Agent search 2-205
2026-10-09 01:01:21,968 INFO o.a.j.t.JMeterThread: Thread is done: Agent search 2-205
2026-10-09 01:01:21,968 INFO o.a.j.t.JMeterThread: Thread finished: Agent search 2-205
2026-10-09 01:01:23,865 INFO o.a.j.t.JMeterThread: Thread started: Agent search 2-206
2026-10-09 01:01:23,924 INFO o.a.j.t.JMeterThread: Thread is done: Agent search 2-206
2026-10-09 01:01:23,924 INFO o.a.j.t.JMeterThread: Thread finished: Agent search 2-206
2026-10-09 01:01:24,275 INFO o.a.j.t.JMeterThread: Thread started: Agent search 2-207
2026-10-09 01:01:24,374 INFO o.a.j.t.JMeterThread: Thread is done: Agent search 2-207
2026-10-09 01:01:24,374 INFO o.a.j.t.JMeterThread: Thread finished: Agent search 2-207
2026-10-09 01:01:27,075 INFO o.a.j.t.JMeterThread: Thread started: Ticket intake 1-63
2026-10-09 01:01:28,009 INFO o.a.j.t.JMeterThread: Thread is done: Ticket intake 1-62
2026-10-09 01:01:28,009 INFO o.a.j.t.JMeterThread: Thread finished: Ticket intake 1-62
2026-10-09 01:01:31,708 INFO o.a.j.t.JMeterThread: Thread started: Agent search 2-208
2026-10-09 01:01:31,900 INFO o.a.j.r.Summariser: summary +     14 in 00:00:32 =    0.4/s Avg:  1887 Min:    58 Max:  8207 Err:     0 (0.00%) Active: 2 Started: 271 Finished: 269
2026-10-09 01:01:31,901 INFO o.a.j.r.Summariser: summary =    270 in 00:14:56 =    0.3/s Avg:  1758 Min:    55 Max: 17007 Err:     0 (0.00%)
2026-10-09 01:01:31,901 INFO o.a.j.t.JMeterThread: Thread is done: Agent search 2-208
2026-10-09 01:01:31,901 INFO o.a.j.t.JMeterThread: Thread finished: Agent search 2-208
2026-10-09 01:01:32,206 INFO o.a.j.t.JMeterThread: Thread is done: Ticket intake 1-63
2026-10-09 01:01:32,206 INFO o.a.j.t.JMeterThread: Thread finished: Ticket intake 1-63
2026-10-09 01:01:34,298 INFO o.a.j.t.JMeterThread: Thread started: Agent search 2-209
2026-10-09 01:01:34,461 INFO o.a.j.t.JMeterThread: Thread is done: Agent search 2-209
2026-10-09 01:01:34,461 INFO o.a.j.t.JMeterThread: Thread finished: Agent search 2-209
2026-10-09 01:01:36,706 INFO o.a.j.t.JMeterThread: Thread started: Agent search 2-210
2026-10-09 01:01:36,866 INFO o.a.j.t.JMeterThread: Thread is done: Agent search 2-210
2026-10-09 01:01:36,866 INFO o.a.j.t.JMeterThread: Thread finished: Agent search 2-210
2026-10-09 01:01:39,621 INFO o.a.j.t.JMeterThread: Thread started: Agent search 2-211
2026-10-09 01:01:39,786 INFO o.a.j.t.JMeterThread: Thread is done: Agent search 2-211
2026-10-09 01:01:39,786 INFO o.a.j.t.JMeterThread: Thread finished: Agent search 2-211
2026-10-09 01:01:39,976 INFO o.a.j.t.JMeterThread: Thread started: Agent search 2-212
2026-10-09 01:01:40,189 INFO o.a.j.t.JMeterThread: Thread is done: Agent search 2-212
2026-10-09 01:01:40,189 INFO o.a.j.t.JMeterThread: Thread finished: Agent search 2-212
2026-10-09 01:01:40,944 INFO o.a.j.t.JMeterThread: Thread started: Agent search 2-213
2026-10-09 01:01:41,218 INFO o.a.j.t.JMeterThread: Thread is done: Agent search 2-213
2026-10-09 01:01:41,218 INFO o.a.j.t.JMeterThread: Thread finished: Agent search 2-213
2026-10-09 01:01:44,663 INFO o.a.j.t.JMeterThread: Thread started: Agent search 2-214
2026-10-09 01:01:44,905 INFO o.a.j.t.JMeterThread: Thread is done: Agent search 2-214
2026-10-09 01:01:44,905 INFO o.a.j.t.JMeterThread: Thread finished: Agent search 2-214
2026-10-09 01:01:46,187 INFO o.a.j.t.JMeterThread: Thread started: Agent search 2-215
2026-10-09 01:01:46,441 INFO o.a.j.t.JMeterThread: Thread is done: Agent search 2-215
2026-10-09 01:01:46,441 INFO o.a.j.t.JMeterThread: Thread finished: Agent search 2-215
2026-10-09 01:01:51,360 INFO o.a.j.t.JMeterThread: Thread started: Agent search 2-216
2026-10-09 01:01:51,516 INFO o.a.j.t.JMeterThread: Thread is done: Agent search 2-216
2026-10-09 01:01:51,516 INFO o.a.j.t.JMeterThread: Thread finished: Agent search 2-216
2026-10-09 01:01:52,510 INFO o.a.j.t.JMeterThread: Thread started: Ticket intake 1-64
2026-10-09 01:01:54,022 INFO o.a.j.t.JMeterThread: Thread started: Agent search 2-217
2026-10-09 01:01:54,076 INFO o.a.j.t.JMeterThread: Thread started: Agent search 2-218
2026-10-09 01:01:54,190 INFO o.a.j.t.JMeterThread: Thread is done: Agent search 2-217
2026-10-09 01:01:54,190 INFO o.a.j.t.JMeterThread: Thread finished: Agent search 2-217
2026-10-09 01:01:54,326 INFO o.a.j.t.JMeterThread: Thread is done: Agent search 2-218
2026-10-09 01:01:54,327 INFO o.a.j.t.JMeterThread: Thread finished: Agent search 2-218
2026-10-09 01:01:56,512 INFO o.a.j.t.JMeterThread: Thread is done: Ticket intake 1-64
2026-10-09 01:01:56,512 INFO o.a.j.t.JMeterThread: Thread finished: Ticket intake 1-64
2026-10-09 01:02:04,694 INFO o.a.j.t.JMeterThread: Thread started: Agent search 2-219
2026-10-09 01:02:04,760 INFO o.a.j.r.Summariser: summary +     13 in 00:00:33 =    0.4/s Avg:   863 Min:    65 Max:  5129 Err:     0 (0.00%) Active: 1 Started: 283 Finished: 282
2026-10-09 01:02:04,760 INFO o.a.j.r.Summariser: summary =    283 in 00:15:29 =    0.3/s Avg:  1717 Min:    55 Max: 17007 Err:     0 (0.00%)
2026-10-09 01:02:04,760 INFO o.a.j.t.JMeterThread: Thread is done: Agent search 2-219
2026-10-09 01:02:04,760 INFO o.a.j.t.JMeterThread: Thread finished: Agent search 2-219
2026-10-09 01:02:10,465 INFO o.a.j.t.JMeterThread: Thread started: Agent search 2-220
2026-10-09 01:02:10,710 INFO o.a.j.t.JMeterThread: Thread is done: Agent search 2-220
2026-10-09 01:02:10,710 INFO o.a.j.t.JMeterThread: Thread finished: Agent search 2-220
2026-10-09 01:02:14,455 INFO o.a.j.t.JMeterThread: Thread started: Agent search 2-221
2026-10-09 01:02:14,706 INFO o.a.j.t.JMeterThread: Thread is done: Agent search 2-221
2026-10-09 01:02:14,706 INFO o.a.j.t.JMeterThread: Thread finished: Agent search 2-221
2026-10-09 01:02:18,912 INFO o.a.j.t.JMeterThread: Thread started: Agent search 2-222
2026-10-09 01:02:19,107 INFO o.a.j.t.JMeterThread: Thread is done: Agent search 2-222
2026-10-09 01:02:19,107 INFO o.a.j.t.JMeterThread: Thread finished: Agent search 2-222
2026-10-09 01:02:23,329 INFO o.a.j.t.JMeterThread: Thread started: Agent search 2-223
2026-10-09 01:02:23,388 INFO o.a.j.t.JMeterThread: Thread is done: Agent search 2-223
2026-10-09 01:02:23,388 INFO o.a.j.t.JMeterThread: Thread finished: Agent search 2-223
2026-10-09 01:02:27,213 INFO o.a.j.t.JMeterThread: Thread started: Agent search 2-224
2026-10-09 01:02:27,402 INFO o.a.j.t.JMeterThread: Thread is done: Agent search 2-224
2026-10-09 01:02:27,402 INFO o.a.j.t.JMeterThread: Thread finished: Agent search 2-224
2026-10-09 01:02:31,950 INFO o.a.j.t.JMeterThread: Thread started: Ticket intake 1-65
2026-10-09 01:02:32,237 INFO o.a.j.t.JMeterThread: Thread started: Agent search 2-225
2026-10-09 01:02:32,317 INFO o.a.j.r.Summariser: summary +      6 in 00:00:28 =    0.2/s Avg:   168 Min:    57 Max:   249 Err:     0 (0.00%) Active: 2 Started: 290 Finished: 288
2026-10-09 01:02:32,318 INFO o.a.j.r.Summariser: summary =    289 in 00:15:57 =    0.3/s Avg:  1685 Min:    55 Max: 17007 Err:     0 (0.00%)
2026-10-09 01:02:32,318 INFO o.a.j.t.JMeterThread: Thread is done: Agent search 2-225
2026-10-09 01:02:32,318 INFO o.a.j.t.JMeterThread: Thread finished: Agent search 2-225
2026-10-09 01:02:36,372 INFO o.a.j.t.JMeterThread: Thread started: Agent search 2-226
2026-10-09 01:02:36,516 INFO o.a.j.t.JMeterThread: Thread is done: Agent search 2-226
2026-10-09 01:02:36,516 INFO o.a.j.t.JMeterThread: Thread finished: Agent search 2-226
2026-10-09 01:02:38,256 INFO o.a.j.t.JMeterThread: Thread is done: Ticket intake 1-65
2026-10-09 01:02:38,256 INFO o.a.j.t.JMeterThread: Thread finished: Ticket intake 1-65
2026-10-09 01:02:38,488 INFO o.a.j.t.JMeterThread: Thread started: Agent search 2-227
2026-10-09 01:02:38,665 INFO o.a.j.t.JMeterThread: Thread is done: Agent search 2-227
2026-10-09 01:02:38,665 INFO o.a.j.t.JMeterThread: Thread finished: Agent search 2-227
2026-10-09 01:02:52,009 INFO o.a.j.t.JMeterThread: Thread started: Agent search 2-228
2026-10-09 01:02:52,183 INFO o.a.j.t.JMeterThread: Thread is done: Agent search 2-228
2026-10-09 01:02:52,183 INFO o.a.j.t.JMeterThread: Thread finished: Agent search 2-228
2026-10-09 01:02:53,171 INFO o.a.j.t.JMeterThread: Thread started: Agent search 2-229
2026-10-09 01:02:53,269 INFO o.a.j.t.JMeterThread: Thread is done: Agent search 2-229
2026-10-09 01:02:53,269 INFO o.a.j.t.JMeterThread: Thread finished: Agent search 2-229
2026-10-09 01:02:56,771 INFO o.a.j.t.JMeterThread: Thread started: Agent search 2-230
2026-10-09 01:02:56,821 INFO o.a.j.t.JMeterThread: Thread started: Agent search 2-231
2026-10-09 01:02:56,877 INFO o.a.j.t.JMeterThread: Thread is done: Agent search 2-230
2026-10-09 01:02:56,877 INFO o.a.j.t.JMeterThread: Thread finished: Agent search 2-230
2026-10-09 01:02:56,882 INFO o.a.j.t.JMeterThread: Thread is done: Agent search 2-231
2026-10-09 01:02:56,882 INFO o.a.j.t.JMeterThread: Thread finished: Agent search 2-231
2026-10-09 01:03:03,524 INFO o.a.j.t.JMeterThread: Thread started: Agent search 2-232
2026-10-09 01:03:03,753 INFO o.a.j.r.Summariser: summary +      8 in 00:00:31 =    0.3/s Avg:   910 Min:    60 Max:  6304 Err:     0 (0.00%) Active: 1 Started: 297 Finished: 296
2026-10-09 01:03:03,754 INFO o.a.j.r.Summariser: summary =    297 in 00:16:28 =    0.3/s Avg:  1664 Min:    55 Max: 17007 Err:     0 (0.00%)
2026-10-09 01:03:03,754 INFO o.a.j.t.JMeterThread: Thread is done: Agent search 2-232
2026-10-09 01:03:03,754 INFO o.a.j.t.JMeterThread: Thread finished: Agent search 2-232
2026-10-09 01:03:05,726 INFO o.a.j.t.JMeterThread: Thread started: Agent search 2-233
2026-10-09 01:03:05,888 INFO o.a.j.t.JMeterThread: Thread is done: Agent search 2-233
2026-10-09 01:03:05,888 INFO o.a.j.t.JMeterThread: Thread finished: Agent search 2-233
2026-10-09 01:03:08,087 INFO o.a.j.t.JMeterThread: Thread started: Agent search 2-234
2026-10-09 01:03:08,260 INFO o.a.j.t.JMeterThread: Thread is done: Agent search 2-234
2026-10-09 01:03:08,260 INFO o.a.j.t.JMeterThread: Thread finished: Agent search 2-234
2026-10-09 01:03:23,255 INFO o.a.j.t.JMeterThread: Thread started: Ticket intake 1-66
2026-10-09 01:03:23,323 INFO o.a.j.t.JMeterThread: Thread started: Agent search 2-235
2026-10-09 01:03:23,383 INFO o.a.j.t.JMeterThread: Thread is done: Agent search 2-235
2026-10-09 01:03:23,383 INFO o.a.j.t.JMeterThread: Thread finished: Agent search 2-235
2026-10-09 01:03:27,263 INFO o.a.j.t.JMeterThread: Thread started: Agent search 2-236
2026-10-09 01:03:27,409 INFO o.a.j.t.JMeterThread: Thread is done: Agent search 2-236
2026-10-09 01:03:27,409 INFO o.a.j.t.JMeterThread: Thread finished: Agent search 2-236
2026-10-09 01:03:27,717 INFO o.a.j.t.JMeterThread: Thread is done: Ticket intake 1-66
2026-10-09 01:03:27,717 INFO o.a.j.t.JMeterThread: Thread finished: Ticket intake 1-66
2026-10-09 01:03:27,946 INFO o.a.j.t.JMeterThread: Thread started: Agent search 2-237
2026-10-09 01:03:28,125 INFO o.a.j.t.JMeterThread: Thread is done: Agent search 2-237
2026-10-09 01:03:28,125 INFO o.a.j.t.JMeterThread: Thread finished: Agent search 2-237
2026-10-09 01:03:33,828 INFO o.a.j.t.JMeterThread: Thread started: Agent search 2-238
2026-10-09 01:03:34,065 INFO o.a.j.r.Summariser: summary +      7 in 00:00:30 =    0.2/s Avg:   772 Min:    58 Max:  4461 Err:     0 (0.00%) Active: 1 Started: 304 Finished: 303
2026-10-09 01:03:34,065 INFO o.a.j.r.Summariser: summary =    304 in 00:16:58 =    0.3/s Avg:  1643 Min:    55 Max: 17007 Err:     0 (0.00%)
2026-10-09 01:03:34,065 INFO o.a.j.t.JMeterThread: Thread is done: Agent search 2-238
2026-10-09 01:03:34,065 INFO o.a.j.t.JMeterThread: Thread finished: Agent search 2-238
2026-10-09 01:03:34,987 INFO o.a.j.t.JMeterThread: Thread started: Agent search 2-239
2026-10-09 01:03:35,192 INFO o.a.j.t.JMeterThread: Thread is done: Agent search 2-239
2026-10-09 01:03:35,192 INFO o.a.j.t.JMeterThread: Thread finished: Agent search 2-239
2026-10-09 01:03:38,779 INFO o.a.j.t.JMeterThread: Thread started: Agent search 2-240
2026-10-09 01:03:38,982 INFO o.a.j.t.JMeterThread: Thread is done: Agent search 2-240
2026-10-09 01:03:38,982 INFO o.a.j.t.JMeterThread: Thread finished: Agent search 2-240
2026-10-09 01:03:41,001 INFO o.a.j.t.JMeterThread: Thread started: Agent search 2-241
2026-10-09 01:03:41,166 INFO o.a.j.t.JMeterThread: Thread started: Ticket intake 1-67
2026-10-09 01:03:41,174 INFO o.a.j.t.JMeterThread: Thread is done: Agent search 2-241
2026-10-09 01:03:41,174 INFO o.a.j.t.JMeterThread: Thread finished: Agent search 2-241
2026-10-09 01:03:42,251 INFO o.a.j.t.JMeterThread: Thread started: Agent search 2-242
2026-10-09 01:03:42,321 INFO o.a.j.t.JMeterThread: Thread is done: Agent search 2-242
2026-10-09 01:03:42,322 INFO o.a.j.t.JMeterThread: Thread finished: Agent search 2-242
2026-10-09 01:03:45,432 INFO o.a.j.t.JMeterThread: Thread is done: Ticket intake 1-67
2026-10-09 01:03:45,432 INFO o.a.j.t.JMeterThread: Thread finished: Ticket intake 1-67
2026-10-09 01:03:50,157 INFO o.a.j.t.JMeterThread: Thread started: Agent search 2-243
2026-10-09 01:03:50,337 INFO o.a.j.t.JMeterThread: Thread is done: Agent search 2-243
2026-10-09 01:03:50,337 INFO o.a.j.t.JMeterThread: Thread finished: Agent search 2-243
2026-10-09 01:03:56,859 INFO o.a.j.t.JMeterThread: Thread started: Ticket intake 1-68
2026-10-09 01:03:58,123 INFO o.a.j.t.JMeterThread: Thread started: Agent search 2-244
2026-10-09 01:03:58,283 INFO o.a.j.t.JMeterThread: Thread is done: Agent search 2-244
2026-10-09 01:03:58,283 INFO o.a.j.t.JMeterThread: Thread finished: Agent search 2-244
2026-10-09 01:04:01,204 INFO o.a.j.t.JMeterThread: Thread started: Agent search 2-245
2026-10-09 01:04:01,406 INFO o.a.j.r.Summariser: summary +      8 in 00:00:27 =    0.3/s Avg:   680 Min:    70 Max:  4265 Err:     0 (0.00%) Active: 2 Started: 313 Finished: 311
2026-10-09 01:04:01,406 INFO o.a.j.r.Summariser: summary =    312 in 00:17:26 =    0.3/s Avg:  1619 Min:    55 Max: 17007 Err:     0 (0.00%)
2026-10-09 01:04:01,406 INFO o.a.j.t.JMeterThread: Thread is done: Agent search 2-245
2026-10-09 01:04:01,406 INFO o.a.j.t.JMeterThread: Thread finished: Agent search 2-245
2026-10-09 01:04:01,442 INFO o.a.j.t.JMeterThread: Thread is done: Ticket intake 1-68
2026-10-09 01:04:01,442 INFO o.a.j.t.JMeterThread: Thread finished: Ticket intake 1-68
2026-10-09 01:04:19,508 INFO o.a.j.t.JMeterThread: Thread started: Agent search 2-246
2026-10-09 01:04:19,582 INFO o.a.j.t.JMeterThread: Thread is done: Agent search 2-246
2026-10-09 01:04:19,582 INFO o.a.j.t.JMeterThread: Thread finished: Agent search 2-246
2026-10-09 01:04:24,052 INFO o.a.j.t.JMeterThread: Thread started: Agent search 2-247
2026-10-09 01:04:24,241 INFO o.a.j.t.JMeterThread: Thread is done: Agent search 2-247
2026-10-09 01:04:24,241 INFO o.a.j.t.JMeterThread: Thread finished: Agent search 2-247
2026-10-09 01:04:25,235 INFO o.a.j.t.JMeterThread: Thread started: Agent search 2-248
2026-10-09 01:04:25,463 INFO o.a.j.t.JMeterThread: Thread started: Agent search 2-249
2026-10-09 01:04:25,508 INFO o.a.j.t.JMeterThread: Thread is done: Agent search 2-248
2026-10-09 01:04:25,508 INFO o.a.j.t.JMeterThread: Thread finished: Agent search 2-248
2026-10-09 01:04:25,539 INFO o.a.j.t.JMeterThread: Thread is done: Agent search 2-249
2026-10-09 01:04:25,539 INFO o.a.j.t.JMeterThread: Thread finished: Agent search 2-249
2026-10-09 01:04:26,002 INFO o.a.j.t.JMeterThread: Thread started: Agent search 2-250
2026-10-09 01:04:26,186 INFO o.a.j.t.JMeterThread: Thread is done: Agent search 2-250
2026-10-09 01:04:26,186 INFO o.a.j.t.JMeterThread: Thread finished: Agent search 2-250
2026-10-09 01:04:31,768 INFO o.a.j.t.JMeterThread: Thread started: Agent search 2-251
2026-10-09 01:04:32,023 INFO o.a.j.r.Summariser: summary +      7 in 00:00:31 =    0.2/s Avg:   803 Min:    73 Max:  4581 Err:     0 (0.00%) Active: 1 Started: 319 Finished: 318
2026-10-09 01:04:32,023 INFO o.a.j.r.Summariser: summary =    319 in 00:17:56 =    0.3/s Avg:  1601 Min:    55 Max: 17007 Err:     0 (0.00%)
2026-10-09 01:04:32,024 INFO o.a.j.t.JMeterThread: Thread is done: Agent search 2-251
2026-10-09 01:04:32,024 INFO o.a.j.t.JMeterThread: Thread finished: Agent search 2-251
2026-10-09 01:04:37,006 INFO o.a.j.t.JMeterThread: Thread started: Agent search 2-252
2026-10-09 01:04:37,247 INFO o.a.j.t.JMeterThread: Thread is done: Agent search 2-252
2026-10-09 01:04:37,247 INFO o.a.j.t.JMeterThread: Thread finished: Agent search 2-252
2026-10-09 01:04:37,870 INFO o.a.j.t.JMeterThread: Thread started: Agent search 2-253
2026-10-09 01:04:37,964 INFO o.a.j.t.JMeterThread: Thread is done: Agent search 2-253
2026-10-09 01:04:37,964 INFO o.a.j.t.JMeterThread: Thread finished: Agent search 2-253
2026-10-09 01:04:39,741 INFO o.a.j.t.JMeterThread: Thread started: Agent search 2-254
2026-10-09 01:04:40,011 INFO o.a.j.t.JMeterThread: Thread is done: Agent search 2-254
2026-10-09 01:04:40,011 INFO o.a.j.t.JMeterThread: Thread finished: Agent search 2-254
2026-10-09 01:04:41,031 INFO o.a.j.t.JMeterThread: Thread started: Agent search 2-255
2026-10-09 01:04:41,287 INFO o.a.j.t.JMeterThread: Thread is done: Agent search 2-255
2026-10-09 01:04:41,287 INFO o.a.j.t.JMeterThread: Thread finished: Agent search 2-255
2026-10-09 01:04:45,271 INFO o.a.j.t.JMeterThread: Thread started: Agent search 2-256
2026-10-09 01:04:45,438 INFO o.a.j.t.JMeterThread: Thread is done: Agent search 2-256
2026-10-09 01:04:45,438 INFO o.a.j.t.JMeterThread: Thread finished: Agent search 2-256
2026-10-09 01:04:49,998 INFO o.a.j.t.JMeterThread: Thread started: Agent search 2-257
2026-10-09 01:04:50,253 INFO o.a.j.t.JMeterThread: Thread is done: Agent search 2-257
2026-10-09 01:04:50,253 INFO o.a.j.t.JMeterThread: Thread finished: Agent search 2-257
2026-10-09 01:04:52,906 INFO o.a.j.t.JMeterThread: Thread started: Agent search 2-258
2026-10-09 01:04:53,017 INFO o.a.j.t.JMeterThread: Thread is done: Agent search 2-258
2026-10-09 01:04:53,017 INFO o.a.j.t.JMeterThread: Thread finished: Agent search 2-258
2026-10-09 01:04:57,166 INFO o.a.j.t.JMeterThread: Thread started: Agent search 2-259
2026-10-09 01:04:57,419 INFO o.a.j.t.JMeterThread: Thread is done: Agent search 2-259
2026-10-09 01:04:57,420 INFO o.a.j.t.JMeterThread: Thread finished: Agent search 2-259
2026-10-09 01:05:01,090 INFO o.a.j.t.JMeterThread: Thread started: Agent search 2-260
2026-10-09 01:05:01,311 INFO o.a.j.r.Summariser: summary +      9 in 00:00:29 =    0.3/s Avg:   207 Min:    93 Max:   269 Err:     0 (0.00%) Active: 1 Started: 328 Finished: 327
2026-10-09 01:05:01,312 INFO o.a.j.r.Summariser: summary =    328 in 00:18:26 =    0.3/s Avg:  1562 Min:    55 Max: 17007 Err:     0 (0.00%)
2026-10-09 01:05:01,312 INFO o.a.j.t.JMeterThread: Thread is done: Agent search 2-260
2026-10-09 01:05:01,312 INFO o.a.j.t.JMeterThread: Thread finished: Agent search 2-260
2026-10-09 01:05:02,300 INFO o.a.j.t.JMeterThread: Thread started: Ticket intake 1-69
2026-10-09 01:05:05,903 INFO o.a.j.t.JMeterThread: Thread started: Ticket intake 1-70
2026-10-09 01:05:06,004 INFO o.a.j.t.JMeterThread: Thread started: Agent search 2-261
2026-10-09 01:05:06,082 INFO o.a.j.t.JMeterThread: Thread is done: Agent search 2-261
2026-10-09 01:05:06,082 INFO o.a.j.t.JMeterThread: Thread finished: Agent search 2-261
2026-10-09 01:05:06,155 INFO o.a.j.t.JMeterThread: Thread is done: Ticket intake 1-69
2026-10-09 01:05:06,155 INFO o.a.j.t.JMeterThread: Thread finished: Ticket intake 1-69
2026-10-09 01:05:06,459 INFO o.a.j.t.JMeterThread: Thread started: Agent search 2-262
2026-10-09 01:05:06,568 INFO o.a.j.t.JMeterThread: Thread is done: Agent search 2-262
2026-10-09 01:05:06,568 INFO o.a.j.t.JMeterThread: Thread finished: Agent search 2-262
2026-10-09 01:05:06,928 INFO o.a.j.t.JMeterThread: Thread started: Agent search 2-263
2026-10-09 01:05:07,030 INFO o.a.j.t.JMeterThread: Thread is done: Agent search 2-263
2026-10-09 01:05:07,030 INFO o.a.j.t.JMeterThread: Thread finished: Agent search 2-263
2026-10-09 01:05:07,495 INFO o.a.j.t.JMeterThread: Thread started: Agent search 2-264
2026-10-09 01:05:07,607 INFO o.a.j.t.JMeterThread: Thread is done: Agent search 2-264
2026-10-09 01:05:07,607 INFO o.a.j.t.JMeterThread: Thread finished: Agent search 2-264
2026-10-09 01:05:08,623 INFO o.a.j.t.JMeterThread: Thread started: Agent search 2-265
2026-10-09 01:05:08,788 INFO o.a.j.t.JMeterThread: Thread is done: Agent search 2-265
2026-10-09 01:05:08,788 INFO o.a.j.t.JMeterThread: Thread finished: Agent search 2-265
2026-10-09 01:05:12,129 INFO o.a.j.t.JMeterThread: Thread started: Ticket intake 1-71
2026-10-09 01:05:12,611 INFO o.a.j.t.JMeterThread: Thread is done: Ticket intake 1-70
2026-10-09 01:05:12,612 INFO o.a.j.t.JMeterThread: Thread finished: Ticket intake 1-70
2026-10-09 01:05:18,311 INFO o.a.j.t.JMeterThread: Thread is done: Ticket intake 1-71
2026-10-09 01:05:18,311 INFO o.a.j.t.JMeterThread: Thread finished: Ticket intake 1-71
2026-10-09 01:05:19,847 INFO o.a.j.t.JMeterThread: Thread started: Ticket intake 1-72
2026-10-09 01:05:23,647 INFO o.a.j.t.JMeterThread: Thread is done: Ticket intake 1-72
2026-10-09 01:05:23,647 INFO o.a.j.t.JMeterThread: Thread finished: Ticket intake 1-72
2026-10-09 01:05:25,683 INFO o.a.j.t.JMeterThread: Thread started: Agent search 2-266
2026-10-09 01:05:25,886 INFO o.a.j.t.JMeterThread: Thread is done: Agent search 2-266
2026-10-09 01:05:25,886 INFO o.a.j.t.JMeterThread: Thread finished: Agent search 2-266
2026-10-09 01:05:26,204 INFO o.a.j.t.JMeterThread: Thread started: Agent search 2-267
2026-10-09 01:05:26,308 INFO o.a.j.t.JMeterThread: Thread is done: Agent search 2-267
2026-10-09 01:05:26,309 INFO o.a.j.t.JMeterThread: Thread finished: Agent search 2-267
2026-10-09 01:05:27,534 INFO o.a.j.t.JMeterThread: Thread started: Agent search 2-268
2026-10-09 01:05:27,732 INFO o.a.j.t.JMeterThread: Thread is done: Agent search 2-268
2026-10-09 01:05:27,732 INFO o.a.j.t.JMeterThread: Thread finished: Agent search 2-268
2026-10-09 01:05:30,340 INFO o.a.j.t.JMeterThread: Thread started: Ticket intake 1-73
2026-10-09 01:05:33,231 INFO o.a.j.t.JMeterThread: Thread started: Agent search 2-269
2026-10-09 01:05:33,362 INFO o.a.j.r.Summariser: summary +     13 in 00:00:32 =    0.4/s Avg:  1671 Min:    77 Max:  6707 Err:     0 (0.00%) Active: 2 Started: 342 Finished: 340
2026-10-09 01:05:33,363 INFO o.a.j.r.Summariser: summary =    341 in 00:18:58 =    0.3/s Avg:  1567 Min:    55 Max: 17007 Err:     0 (0.00%)
2026-10-09 01:05:33,363 INFO o.a.j.t.JMeterThread: Thread is done: Agent search 2-269
2026-10-09 01:05:33,363 INFO o.a.j.t.JMeterThread: Thread finished: Agent search 2-269
2026-10-09 01:05:33,440 INFO o.a.j.t.JMeterThread: Thread started: Ticket intake 1-74
2026-10-09 01:05:34,592 INFO o.a.j.t.JMeterThread: Thread is done: Ticket intake 1-73
2026-10-09 01:05:34,592 INFO o.a.j.t.JMeterThread: Thread finished: Ticket intake 1-73
2026-10-09 01:05:38,316 INFO o.a.j.t.JMeterThread: Thread started: Agent search 2-270
2026-10-09 01:05:38,482 INFO o.a.j.t.JMeterThread: Thread is done: Agent search 2-270
2026-10-09 01:05:38,482 INFO o.a.j.t.JMeterThread: Thread finished: Agent search 2-270
2026-10-09 01:05:39,917 INFO o.a.j.t.JMeterThread: Thread is done: Ticket intake 1-74
2026-10-09 01:05:39,917 INFO o.a.j.t.JMeterThread: Thread finished: Ticket intake 1-74
2026-10-09 01:05:40,595 INFO o.a.j.t.JMeterThread: Thread started: Agent search 2-271
2026-10-09 01:05:40,796 INFO o.a.j.t.JMeterThread: Thread is done: Agent search 2-271
2026-10-09 01:05:40,796 INFO o.a.j.t.JMeterThread: Thread finished: Agent search 2-271
2026-10-09 01:05:42,897 INFO o.a.j.t.JMeterThread: Thread started: Ticket intake 1-75
2026-10-09 01:05:45,586 INFO o.a.j.t.JMeterThread: Thread started: Agent search 2-272
2026-10-09 01:05:45,857 INFO o.a.j.t.JMeterThread: Thread is done: Agent search 2-272
2026-10-09 01:05:45,857 INFO o.a.j.t.JMeterThread: Thread finished: Agent search 2-272
2026-10-09 01:05:48,211 INFO o.a.j.t.JMeterThread: Thread is done: Ticket intake 1-75
2026-10-09 01:05:48,211 INFO o.a.j.t.JMeterThread: Thread finished: Ticket intake 1-75
2026-10-09 01:05:48,770 INFO o.a.j.t.JMeterThread: Thread started: Agent search 2-273
2026-10-09 01:05:49,368 INFO o.a.j.t.JMeterThread: Thread is done: Agent search 2-273
2026-10-09 01:05:49,369 INFO o.a.j.t.JMeterThread: Thread finished: Agent search 2-273
2026-10-09 01:05:52,364 INFO o.a.j.t.JMeterThread: Thread started: Agent search 2-274
2026-10-09 01:05:52,614 INFO o.a.j.t.JMeterThread: Thread is done: Agent search 2-274
2026-10-09 01:05:52,614 INFO o.a.j.t.JMeterThread: Thread finished: Agent search 2-274
2026-10-09 01:05:53,767 INFO o.a.j.t.JMeterThread: Thread started: Ticket intake 1-76
2026-10-09 01:05:55,001 INFO o.a.j.t.JMeterThread: Thread started: Agent search 2-275
2026-10-09 01:05:55,175 INFO o.a.j.t.JMeterThread: Thread is done: Agent search 2-275
2026-10-09 01:05:55,175 INFO o.a.j.t.JMeterThread: Thread finished: Agent search 2-275
2026-10-09 01:05:55,843 INFO o.a.j.t.JMeterThread: Thread started: Agent search 2-276
2026-10-09 01:05:55,941 INFO o.a.j.t.JMeterThread: Thread is done: Agent search 2-276
2026-10-09 01:05:55,941 INFO o.a.j.t.JMeterThread: Thread finished: Agent search 2-276
2026-10-09 01:05:58,042 INFO o.a.j.t.JMeterThread: Thread is done: Ticket intake 1-76
2026-10-09 01:05:58,042 INFO o.a.j.t.JMeterThread: Thread finished: Ticket intake 1-76
2026-10-09 01:05:58,924 INFO o.a.j.t.JMeterThread: Thread started: Agent search 2-277
2026-10-09 01:05:59,066 INFO o.a.j.t.JMeterThread: Thread is done: Agent search 2-277
2026-10-09 01:05:59,066 INFO o.a.j.t.JMeterThread: Thread finished: Agent search 2-277
2026-10-09 01:05:59,747 INFO o.a.j.t.JMeterThread: Thread started: Agent search 2-278
2026-10-09 01:05:59,924 INFO o.a.j.t.JMeterThread: Thread is done: Agent search 2-278
2026-10-09 01:05:59,925 INFO o.a.j.t.JMeterThread: Thread finished: Agent search 2-278
2026-10-09 01:06:02,070 INFO o.a.j.t.JMeterThread: Thread started: Agent search 2-279
2026-10-09 01:06:02,182 INFO o.a.j.r.Summariser: summary +     14 in 00:00:29 =    0.5/s Avg:  1606 Min:    96 Max:  6476 Err:     0 (0.00%) Active: 1 Started: 355 Finished: 354
2026-10-09 01:06:02,182 INFO o.a.j.r.Summariser: summary =    355 in 00:19:27 =    0.3/s Avg:  1568 Min:    55 Max: 17007 Err:     0 (0.00%)
2026-10-09 01:06:02,182 INFO o.a.j.t.JMeterThread: Thread is done: Agent search 2-279
2026-10-09 01:06:02,182 INFO o.a.j.t.JMeterThread: Thread finished: Agent search 2-279
2026-10-09 01:06:09,884 INFO o.a.j.t.JMeterThread: Thread started: Ticket intake 1-77
2026-10-09 01:06:12,335 INFO o.a.j.t.JMeterThread: Thread started: Agent search 2-280
2026-10-09 01:06:12,581 INFO o.a.j.t.JMeterThread: Thread is done: Agent search 2-280
2026-10-09 01:06:12,581 INFO o.a.j.t.JMeterThread: Thread finished: Agent search 2-280
2026-10-09 01:06:14,835 INFO o.a.j.t.JMeterThread: Thread is done: Ticket intake 1-77
2026-10-09 01:06:14,835 INFO o.a.j.t.JMeterThread: Thread finished: Ticket intake 1-77
2026-10-09 01:06:16,595 INFO o.a.j.t.JMeterThread: Thread started: Agent search 2-281
2026-10-09 01:06:16,883 INFO o.a.j.t.JMeterThread: Thread is done: Agent search 2-281
2026-10-09 01:06:16,883 INFO o.a.j.t.JMeterThread: Thread finished: Agent search 2-281
2026-10-09 01:06:17,091 INFO o.a.j.t.JMeterThread: Thread started: Agent search 2-282
2026-10-09 01:06:17,294 INFO o.a.j.t.JMeterThread: Thread is done: Agent search 2-282
2026-10-09 01:06:17,294 INFO o.a.j.t.JMeterThread: Thread finished: Agent search 2-282
2026-10-09 01:06:26,573 INFO o.a.j.t.JMeterThread: Thread started: Agent search 2-283
2026-10-09 01:06:26,817 INFO o.a.j.t.JMeterThread: Thread is done: Agent search 2-283
2026-10-09 01:06:26,817 INFO o.a.j.t.JMeterThread: Thread finished: Agent search 2-283
2026-10-09 01:06:32,733 INFO o.a.j.t.JMeterThread: Thread started: Agent search 2-284
2026-10-09 01:06:32,960 INFO o.a.j.r.Summariser: summary +      6 in 00:00:31 =    0.2/s Avg:  1025 Min:   202 Max:  4950 Err:     0 (0.00%) Active: 1 Started: 361 Finished: 360
2026-10-09 01:06:32,960 INFO o.a.j.r.Summariser: summary =    361 in 00:19:57 =    0.3/s Avg:  1559 Min:    55 Max: 17007 Err:     0 (0.00%)
2026-10-09 01:06:32,960 INFO o.a.j.t.JMeterThread: Thread is done: Agent search 2-284
2026-10-09 01:06:32,960 INFO o.a.j.t.JMeterThread: Thread finished: Agent search 2-284
2026-10-09 01:06:34,567 INFO o.a.j.t.JMeterThread: Thread started: Agent search 2-285
2026-10-09 01:06:34,803 INFO o.a.j.t.JMeterThread: Thread is done: Agent search 2-285
2026-10-09 01:06:34,803 INFO o.a.j.t.JMeterThread: Thread finished: Agent search 2-285
2026-10-09 01:06:36,402 INFO o.a.j.t.JMeterThread: Thread started: Agent search 2-286
2026-10-09 01:06:36,647 INFO o.a.j.t.JMeterThread: Thread is done: Agent search 2-286
2026-10-09 01:06:36,647 INFO o.a.j.t.JMeterThread: Thread finished: Agent search 2-286
2026-10-09 01:06:37,678 INFO o.a.j.t.JMeterThread: Thread started: Ticket intake 1-78
2026-10-09 01:06:40,447 INFO o.a.j.t.JMeterThread: Thread started: Agent search 2-287
2026-10-09 01:06:40,640 INFO o.a.j.t.JMeterThread: Thread is done: Agent search 2-287
2026-10-09 01:06:40,641 INFO o.a.j.t.JMeterThread: Thread finished: Agent search 2-287
2026-10-09 01:06:44,838 INFO o.a.j.t.JMeterThread: Thread is done: Ticket intake 1-78
2026-10-09 01:06:44,838 INFO o.a.j.t.JMeterThread: Thread finished: Ticket intake 1-78
2026-10-09 01:06:49,002 INFO o.a.j.t.JMeterThread: Thread started: Ticket intake 1-79
2026-10-09 01:06:49,923 INFO o.a.j.t.JMeterThread: Thread started: Ticket intake 1-80
2026-10-09 01:06:50,505 INFO o.a.j.t.JMeterThread: Thread started: Agent search 2-288
2026-10-09 01:06:50,674 INFO o.a.j.t.JMeterThread: Thread is done: Agent search 2-288
2026-10-09 01:06:50,674 INFO o.a.j.t.JMeterThread: Thread finished: Agent search 2-288
2026-10-09 01:06:51,522 INFO o.a.j.t.JMeterThread: Thread started: Agent search 2-289
2026-10-09 01:06:51,701 INFO o.a.j.t.JMeterThread: Thread is done: Agent search 2-289
2026-10-09 01:06:51,701 INFO o.a.j.t.JMeterThread: Thread finished: Agent search 2-289
2026-10-09 01:06:53,775 INFO o.a.j.t.JMeterThread: Thread started: Agent search 2-290
2026-10-09 01:06:53,952 INFO o.a.j.t.JMeterThread: Thread is done: Agent search 2-290
2026-10-09 01:06:53,952 INFO o.a.j.t.JMeterThread: Thread finished: Agent search 2-290
2026-10-09 01:06:55,795 INFO o.a.j.t.JMeterThread: Thread is done: Ticket intake 1-79
2026-10-09 01:06:55,795 INFO o.a.j.t.JMeterThread: Thread finished: Ticket intake 1-79
2026-10-09 01:06:59,888 INFO o.a.j.t.JMeterThread: Thread started: Ticket intake 1-81
2026-10-09 01:07:00,097 INFO o.a.j.r.Summariser: summary +      9 in 00:00:27 =    0.3/s Avg:  2813 Min:   168 Max: 10173 Err:     0 (0.00%) Active: 2 Started: 371 Finished: 369
2026-10-09 01:07:00,097 INFO o.a.j.r.Summariser: summary =    370 in 00:20:25 =    0.3/s Avg:  1590 Min:    55 Max: 17007 Err:     0 (0.00%)
2026-10-09 01:07:00,097 INFO o.a.j.t.JMeterThread: Thread is done: Ticket intake 1-80
2026-10-09 01:07:00,097 INFO o.a.j.t.JMeterThread: Thread finished: Ticket intake 1-80
2026-10-09 01:07:05,474 INFO o.a.j.t.JMeterThread: Thread is done: Ticket intake 1-81
2026-10-09 01:07:05,474 INFO o.a.j.t.JMeterThread: Thread finished: Ticket intake 1-81
2026-10-09 01:07:21,329 INFO o.a.j.t.JMeterThread: Thread started: Agent search 2-291
2026-10-09 01:07:21,419 INFO o.a.j.t.JMeterThread: Thread is done: Agent search 2-291
2026-10-09 01:07:21,419 INFO o.a.j.t.JMeterThread: Thread finished: Agent search 2-291
2026-10-09 01:07:21,420 INFO o.a.j.t.JMeterThread: Thread started: Agent search 2-292
2026-10-09 01:07:21,486 INFO o.a.j.t.JMeterThread: Thread is done: Agent search 2-292
2026-10-09 01:07:21,486 INFO o.a.j.t.JMeterThread: Thread finished: Agent search 2-292
2026-10-09 01:07:21,693 INFO o.a.j.t.JMeterThread: Thread started: Agent search 2-293
2026-10-09 01:07:21,800 INFO o.a.j.t.JMeterThread: Thread is done: Agent search 2-293
2026-10-09 01:07:21,800 INFO o.a.j.t.JMeterThread: Thread finished: Agent search 2-293
2026-10-09 01:07:30,153 INFO o.a.j.t.JMeterThread: Thread started: Agent search 2-294
2026-10-09 01:07:30,246 INFO o.a.j.r.Summariser: summary +      5 in 00:00:30 =    0.2/s Avg:  1187 Min:    65 Max:  5584 Err:     0 (0.00%) Active: 1 Started: 375 Finished: 374
2026-10-09 01:07:30,247 INFO o.a.j.r.Summariser: summary =    375 in 00:20:55 =    0.3/s Avg:  1584 Min:    55 Max: 17007 Err:     0 (0.00%)
2026-10-09 01:07:30,247 INFO o.a.j.t.JMeterThread: Thread is done: Agent search 2-294
2026-10-09 01:07:30,247 INFO o.a.j.t.JMeterThread: Thread finished: Agent search 2-294
2026-10-09 01:07:34,032 INFO o.a.j.t.JMeterThread: Thread started: Agent search 2-295
2026-10-09 01:07:34,130 INFO o.a.j.t.JMeterThread: Thread is done: Agent search 2-295
2026-10-09 01:07:34,130 INFO o.a.j.t.JMeterThread: Thread finished: Agent search 2-295
2026-10-09 01:07:36,726 INFO o.a.j.t.JMeterThread: Thread started: Ticket intake 1-82
2026-10-09 01:07:38,717 INFO o.a.j.t.JMeterThread: Thread started: Agent search 2-296
2026-10-09 01:07:38,871 INFO o.a.j.t.JMeterThread: Thread is done: Agent search 2-296
2026-10-09 01:07:38,871 INFO o.a.j.t.JMeterThread: Thread finished: Agent search 2-296
2026-10-09 01:07:39,548 INFO o.a.j.t.JMeterThread: Thread started: Agent search 2-297
2026-10-09 01:07:39,675 INFO o.a.j.t.JMeterThread: Thread is done: Agent search 2-297
2026-10-09 01:07:39,675 INFO o.a.j.t.JMeterThread: Thread finished: Agent search 2-297
2026-10-09 01:07:40,942 INFO o.a.j.t.JMeterThread: Thread started: Agent search 2-298
2026-10-09 01:07:41,016 INFO o.a.j.t.JMeterThread: Thread is done: Agent search 2-298
2026-10-09 01:07:41,016 INFO o.a.j.t.JMeterThread: Thread finished: Agent search 2-298
2026-10-09 01:07:42,563 INFO o.a.j.t.JMeterThread: Thread is done: Ticket intake 1-82
2026-10-09 01:07:42,563 INFO o.a.j.t.JMeterThread: Thread finished: Ticket intake 1-82
2026-10-09 01:07:44,659 INFO o.a.j.t.JMeterThread: Thread started: Agent search 2-299
2026-10-09 01:07:44,747 INFO o.a.j.t.JMeterThread: Thread is done: Agent search 2-299
2026-10-09 01:07:44,747 INFO o.a.j.t.JMeterThread: Thread finished: Agent search 2-299
2026-10-09 01:07:48,185 INFO o.a.j.t.JMeterThread: Thread started: Agent search 2-300
2026-10-09 01:07:48,318 INFO o.a.j.t.JMeterThread: Thread is done: Agent search 2-300
2026-10-09 01:07:48,318 INFO o.a.j.t.JMeterThread: Thread finished: Agent search 2-300
2026-10-09 01:07:50,006 INFO o.a.j.t.JMeterThread: Thread started: Agent search 2-301
2026-10-09 01:07:50,086 INFO o.a.j.t.JMeterThread: Thread is done: Agent search 2-301
2026-10-09 01:07:50,086 INFO o.a.j.t.JMeterThread: Thread finished: Agent search 2-301
2026-10-09 01:07:54,510 INFO o.a.j.t.JMeterThread: Thread started: Agent search 2-302
2026-10-09 01:07:54,616 INFO o.a.j.t.JMeterThread: Thread is done: Agent search 2-302
2026-10-09 01:07:54,616 INFO o.a.j.t.JMeterThread: Thread finished: Agent search 2-302
2026-10-09 01:07:57,827 INFO o.a.j.t.JMeterThread: Thread started: Ticket intake 1-83
2026-10-09 01:07:58,931 INFO o.a.j.t.JMeterThread: Thread started: Ticket intake 1-84
2026-10-09 01:08:00,716 INFO o.a.j.t.JMeterThread: Thread started: Agent search 2-303
2026-10-09 01:08:00,852 INFO o.a.j.r.Summariser: summary +     10 in 00:00:31 =    0.3/s Avg:   682 Min:    73 Max:  5836 Err:     0 (0.00%) Active: 3 Started: 387 Finished: 384
2026-10-09 01:08:00,852 INFO o.a.j.r.Summariser: summary =    385 in 00:21:25 =    0.3/s Avg:  1561 Min:    55 Max: 17007 Err:     0 (0.00%)
2026-10-09 01:08:00,852 INFO o.a.j.t.JMeterThread: Thread is done: Agent search 2-303
2026-10-09 01:08:00,852 INFO o.a.j.t.JMeterThread: Thread finished: Agent search 2-303
2026-10-09 01:08:02,561 INFO o.a.j.t.JMeterThread: Thread is done: Ticket intake 1-83
2026-10-09 01:08:02,561 INFO o.a.j.t.JMeterThread: Thread finished: Ticket intake 1-83
2026-10-09 01:08:07,792 INFO o.a.j.t.JMeterThread: Thread is done: Ticket intake 1-84
2026-10-09 01:08:07,792 INFO o.a.j.t.JMeterThread: Thread finished: Ticket intake 1-84
2026-10-09 01:08:08,008 INFO o.a.j.t.JMeterThread: Thread started: Agent search 2-304
2026-10-09 01:08:08,087 INFO o.a.j.t.JMeterThread: Thread is done: Agent search 2-304
2026-10-09 01:08:08,087 INFO o.a.j.t.JMeterThread: Thread finished: Agent search 2-304
2026-10-09 01:08:08,218 INFO o.a.j.t.JMeterThread: Thread started: Ticket intake 1-85
2026-10-09 01:08:12,647 INFO o.a.j.t.JMeterThread: Thread is done: Ticket intake 1-85
2026-10-09 01:08:12,647 INFO o.a.j.t.JMeterThread: Thread finished: Ticket intake 1-85
2026-10-09 01:08:14,687 INFO o.a.j.t.JMeterThread: Thread started: Agent search 2-305
2026-10-09 01:08:14,767 INFO o.a.j.t.JMeterThread: Thread is done: Agent search 2-305
2026-10-09 01:08:14,767 INFO o.a.j.t.JMeterThread: Thread finished: Agent search 2-305
2026-10-09 01:08:16,401 INFO o.a.j.t.JMeterThread: Thread started: Agent search 2-306
2026-10-09 01:08:16,503 INFO o.a.j.t.JMeterThread: Thread is done: Agent search 2-306
2026-10-09 01:08:16,503 INFO o.a.j.t.JMeterThread: Thread finished: Agent search 2-306
2026-10-09 01:08:22,052 INFO o.a.j.t.JMeterThread: Thread started: Agent search 2-307
2026-10-09 01:08:22,062 INFO o.a.j.t.JMeterThread: Thread started: Ticket intake 1-86
2026-10-09 01:08:22,131 INFO o.a.j.t.JMeterThread: Thread is done: Agent search 2-307
2026-10-09 01:08:22,131 INFO o.a.j.t.JMeterThread: Thread finished: Agent search 2-307
2026-10-09 01:08:27,219 INFO o.a.j.t.JMeterThread: Thread started: Ticket intake 1-87
2026-10-09 01:08:28,359 INFO o.a.j.t.JMeterThread: Thread started: Agent search 2-308
2026-10-09 01:08:28,481 INFO o.a.j.t.JMeterThread: Thread is done: Agent search 2-308
2026-10-09 01:08:28,481 INFO o.a.j.t.JMeterThread: Thread finished: Agent search 2-308
2026-10-09 01:08:29,469 INFO o.a.j.t.JMeterThread: Thread is done: Ticket intake 1-86
2026-10-09 01:08:29,469 INFO o.a.j.t.JMeterThread: Thread finished: Ticket intake 1-86
2026-10-09 01:08:33,996 INFO o.a.j.r.Summariser: summary +     10 in 00:00:33 =    0.3/s Avg:  3265 Min:    78 Max:  8860 Err:     0 (0.00%) Active: 1 Started: 395 Finished: 394
2026-10-09 01:08:33,996 INFO o.a.j.r.Summariser: summary =    395 in 00:21:58 =    0.3/s Avg:  1604 Min:    55 Max: 17007 Err:     0 (0.00%)
2026-10-09 01:08:33,997 INFO o.a.j.t.JMeterThread: Thread is done: Ticket intake 1-87
2026-10-09 01:08:33,997 INFO o.a.j.t.JMeterThread: Thread finished: Ticket intake 1-87
2026-10-09 01:08:34,038 INFO o.a.j.t.JMeterThread: Thread started: Agent search 2-309
2026-10-09 01:08:34,096 INFO o.a.j.t.JMeterThread: Thread is done: Agent search 2-309
2026-10-09 01:08:34,096 INFO o.a.j.t.JMeterThread: Thread finished: Agent search 2-309
2026-10-09 01:08:34,258 INFO o.a.j.t.JMeterThread: Thread started: Agent search 2-310
2026-10-09 01:08:34,347 INFO o.a.j.t.JMeterThread: Thread is done: Agent search 2-310
2026-10-09 01:08:34,347 INFO o.a.j.t.JMeterThread: Thread finished: Agent search 2-310
2026-10-09 01:08:35,388 INFO o.a.j.t.JMeterThread: Thread started: Agent search 2-311
2026-10-09 01:08:35,480 INFO o.a.j.t.JMeterThread: Thread is done: Agent search 2-311
2026-10-09 01:08:35,481 INFO o.a.j.t.JMeterThread: Thread finished: Agent search 2-311
2026-10-09 01:08:36,393 INFO o.a.j.t.JMeterThread: Thread started: Agent search 2-312
2026-10-09 01:08:36,505 INFO o.a.j.t.JMeterThread: Thread is done: Agent search 2-312
2026-10-09 01:08:36,505 INFO o.a.j.t.JMeterThread: Thread finished: Agent search 2-312
2026-10-09 01:08:38,749 INFO o.a.j.t.JMeterThread: Thread started: Agent search 2-313
2026-10-09 01:08:38,830 INFO o.a.j.t.JMeterThread: Thread is done: Agent search 2-313
2026-10-09 01:08:38,830 INFO o.a.j.t.JMeterThread: Thread finished: Agent search 2-313
2026-10-09 01:08:46,278 INFO o.a.j.t.JMeterThread: Thread started: Ticket intake 1-88
2026-10-09 01:08:51,122 INFO o.a.j.t.JMeterThread: Thread is done: Ticket intake 1-88
2026-10-09 01:08:51,122 INFO o.a.j.t.JMeterThread: Thread finished: Ticket intake 1-88
2026-10-09 01:08:52,218 INFO o.a.j.t.JMeterThread: Thread started: Agent search 2-314
2026-10-09 01:08:52,310 INFO o.a.j.t.JMeterThread: Thread is done: Agent search 2-314
2026-10-09 01:08:52,311 INFO o.a.j.t.JMeterThread: Thread finished: Agent search 2-314
2026-10-09 01:08:53,445 INFO o.a.j.t.JMeterThread: Thread started: Ticket intake 1-89
2026-10-09 01:08:55,696 INFO o.a.j.t.JMeterThread: Thread started: Ticket intake 1-90
2026-10-09 01:08:57,757 INFO o.a.j.t.JMeterThread: Thread is done: Ticket intake 1-89
2026-10-09 01:08:57,757 INFO o.a.j.t.JMeterThread: Thread finished: Ticket intake 1-89
2026-10-09 01:09:02,528 INFO o.a.j.r.Summariser: summary +      9 in 00:00:29 =    0.3/s Avg:  1833 Min:    57 Max:  6831 Err:     0 (0.00%) Active: 1 Started: 404 Finished: 403
2026-10-09 01:09:02,528 INFO o.a.j.r.Summariser: summary =    404 in 00:22:27 =    0.3/s Avg:  1609 Min:    55 Max: 17007 Err:     0 (0.00%)
2026-10-09 01:09:02,528 INFO o.a.j.t.JMeterThread: Thread is done: Ticket intake 1-90
2026-10-09 01:09:02,528 INFO o.a.j.t.JMeterThread: Thread finished: Ticket intake 1-90
2026-10-09 01:09:07,872 INFO o.a.j.t.JMeterThread: Thread started: Agent search 2-315
2026-10-09 01:09:07,938 INFO o.a.j.t.JMeterThread: Thread is done: Agent search 2-315
2026-10-09 01:09:07,938 INFO o.a.j.t.JMeterThread: Thread finished: Agent search 2-315
2026-10-09 01:09:13,211 INFO o.a.j.t.JMeterThread: Thread started: Agent search 2-316
2026-10-09 01:09:13,425 INFO o.a.j.t.JMeterThread: Thread is done: Agent search 2-316
2026-10-09 01:09:13,425 INFO o.a.j.t.JMeterThread: Thread finished: Agent search 2-316
2026-10-09 01:09:16,860 INFO o.a.j.t.JMeterThread: Thread started: Agent search 2-317
2026-10-09 01:09:17,005 INFO o.a.j.t.JMeterThread: Thread is done: Agent search 2-317
2026-10-09 01:09:17,006 INFO o.a.j.t.JMeterThread: Thread finished: Agent search 2-317
2026-10-09 01:09:22,410 INFO o.a.j.t.JMeterThread: Thread started: Ticket intake 1-91
2026-10-09 01:09:25,955 INFO o.a.j.t.JMeterThread: Thread started: Agent search 2-318
2026-10-09 01:09:26,121 INFO o.a.j.t.JMeterThread: Thread is done: Agent search 2-318
2026-10-09 01:09:26,121 INFO o.a.j.t.JMeterThread: Thread finished: Agent search 2-318
2026-10-09 01:09:28,784 INFO o.a.j.t.JMeterThread: Thread is done: Ticket intake 1-91
2026-10-09 01:09:28,784 INFO o.a.j.t.JMeterThread: Thread finished: Ticket intake 1-91
2026-10-09 01:09:42,008 INFO o.a.j.t.JMeterThread: Thread started: Agent search 2-319
2026-10-09 01:09:42,185 INFO o.a.j.t.JMeterThread: Thread is done: Agent search 2-319
2026-10-09 01:09:42,185 INFO o.a.j.t.JMeterThread: Thread finished: Agent search 2-319
2026-10-09 01:09:49,955 INFO o.a.j.t.JMeterThread: Thread started: Ticket intake 1-92
2026-10-09 01:09:54,077 INFO o.a.j.t.JMeterThread: Thread is done: Ticket intake 1-92
2026-10-09 01:09:54,078 INFO o.a.j.t.JMeterThread: Thread finished: Ticket intake 1-92
2026-10-09 01:09:56,377 INFO o.a.j.t.JMeterThread: Thread started: Agent search 2-320
2026-10-09 01:09:56,434 INFO o.a.j.t.JMeterThread: Thread is done: Agent search 2-320
2026-10-09 01:09:56,434 INFO o.a.j.t.JMeterThread: Thread finished: Agent search 2-320
2026-10-09 01:09:57,279 INFO o.a.j.t.JMeterThread: Thread started: Agent search 2-321
2026-10-09 01:09:57,358 INFO o.a.j.t.JMeterThread: Thread is done: Agent search 2-321
2026-10-09 01:09:57,358 INFO o.a.j.t.JMeterThread: Thread finished: Agent search 2-321
2026-10-09 01:09:58,723 INFO o.a.j.t.JMeterThread: Thread started: Agent search 2-322
2026-10-09 01:09:58,742 INFO o.a.j.t.JMeterThread: Thread started: Agent search 2-323
2026-10-09 01:09:58,821 INFO o.a.j.t.JMeterThread: Thread is done: Agent search 2-322
2026-10-09 01:09:58,821 INFO o.a.j.t.JMeterThread: Thread is done: Agent search 2-323
2026-10-09 01:09:58,821 INFO o.a.j.t.JMeterThread: Thread finished: Agent search 2-322
2026-10-09 01:09:58,821 INFO o.a.j.t.JMeterThread: Thread finished: Agent search 2-323
2026-10-09 01:10:03,484 INFO o.a.j.t.JMeterThread: Thread started: Agent search 2-324
2026-10-09 01:10:03,702 INFO o.a.j.r.Summariser: summary +     12 in 00:01:01 =    0.2/s Avg:   981 Min:    56 Max:  6373 Err:     0 (0.00%) Active: 1 Started: 416 Finished: 415
2026-10-09 01:10:03,702 INFO o.a.j.r.Summariser: summary =    416 in 00:23:28 =    0.3/s Avg:  1591 Min:    55 Max: 17007 Err:     0 (0.00%)
2026-10-09 01:10:03,703 INFO o.a.j.t.JMeterThread: Thread is done: Agent search 2-324
2026-10-09 01:10:03,703 INFO o.a.j.t.JMeterThread: Thread finished: Agent search 2-324
2026-10-09 01:10:11,502 INFO o.a.j.t.JMeterThread: Thread started: Agent search 2-325
2026-10-09 01:10:11,689 INFO o.a.j.t.JMeterThread: Thread is done: Agent search 2-325
2026-10-09 01:10:11,689 INFO o.a.j.t.JMeterThread: Thread finished: Agent search 2-325
2026-10-09 01:10:23,684 INFO o.a.j.t.JMeterThread: Thread started: Agent search 2-326
2026-10-09 01:10:23,875 INFO o.a.j.t.JMeterThread: Thread is done: Agent search 2-326
2026-10-09 01:10:23,875 INFO o.a.j.t.JMeterThread: Thread finished: Agent search 2-326
2026-10-09 01:10:25,238 INFO o.a.j.t.JMeterThread: Thread started: Ticket intake 1-93
2026-10-09 01:10:25,413 INFO o.a.j.t.JMeterThread: Thread started: Agent search 2-327
2026-10-09 01:10:25,616 INFO o.a.j.t.JMeterThread: Thread is done: Agent search 2-327
2026-10-09 01:10:25,616 INFO o.a.j.t.JMeterThread: Thread finished: Agent search 2-327
2026-10-09 01:10:26,685 INFO o.a.j.t.JMeterThread: Thread started: Agent search 2-328
2026-10-09 01:10:26,848 INFO o.a.j.t.JMeterThread: Thread is done: Agent search 2-328
2026-10-09 01:10:26,848 INFO o.a.j.t.JMeterThread: Thread finished: Agent search 2-328
2026-10-09 01:10:30,327 INFO o.a.j.r.Summariser: summary +      5 in 00:00:27 =    0.2/s Avg:  1165 Min:   161 Max:  5088 Err:     0 (0.00%) Active: 1 Started: 421 Finished: 420
2026-10-09 01:10:30,327 INFO o.a.j.r.Summariser: summary =    421 in 00:23:55 =    0.3/s Avg:  1586 Min:    55 Max: 17007 Err:     0 (0.00%)
2026-10-09 01:10:30,327 INFO o.a.j.t.JMeterThread: Thread is done: Ticket intake 1-93
2026-10-09 01:10:30,327 INFO o.a.j.t.JMeterThread: Thread finished: Ticket intake 1-93
2026-10-09 01:10:31,573 INFO o.a.j.t.JMeterThread: Thread started: Ticket intake 1-94
2026-10-09 01:10:37,496 INFO o.a.j.t.JMeterThread: Thread is done: Ticket intake 1-94
2026-10-09 01:10:37,496 INFO o.a.j.t.JMeterThread: Thread finished: Ticket intake 1-94
2026-10-09 01:10:43,011 INFO o.a.j.t.JMeterThread: Thread started: Agent search 2-329
2026-10-09 01:10:43,190 INFO o.a.j.t.JMeterThread: Thread started: Agent search 2-330
2026-10-09 01:10:43,207 INFO o.a.j.t.JMeterThread: Thread is done: Agent search 2-329
2026-10-09 01:10:43,207 INFO o.a.j.t.JMeterThread: Thread finished: Agent search 2-329
2026-10-09 01:10:43,257 INFO o.a.j.t.JMeterThread: Thread is done: Agent search 2-330
2026-10-09 01:10:43,257 INFO o.a.j.t.JMeterThread: Thread finished: Agent search 2-330
2026-10-09 01:10:50,874 INFO o.a.j.t.JMeterThread: Thread started: Agent search 2-331
2026-10-09 01:10:51,115 INFO o.a.j.t.JMeterThread: Thread is done: Agent search 2-331
2026-10-09 01:10:51,115 INFO o.a.j.t.JMeterThread: Thread finished: Agent search 2-331
2026-10-09 01:10:52,375 INFO o.a.j.t.JMeterThread: Thread started: Ticket intake 1-95
2026-10-09 01:10:52,799 INFO o.a.j.t.JMeterThread: Thread started: Agent search 2-332
2026-10-09 01:10:52,890 INFO o.a.j.t.JMeterThread: Thread is done: Agent search 2-332
2026-10-09 01:10:52,890 INFO o.a.j.t.JMeterThread: Thread finished: Agent search 2-332
2026-10-09 01:10:57,156 INFO o.a.j.t.JMeterThread: Thread is done: Ticket intake 1-95
2026-10-09 01:10:57,156 INFO o.a.j.t.JMeterThread: Thread finished: Ticket intake 1-95
2026-10-09 01:11:01,381 INFO o.a.j.t.JMeterThread: Thread started: Agent search 2-333
2026-10-09 01:11:01,694 INFO o.a.j.r.Summariser: summary +      7 in 00:00:31 =    0.2/s Avg:  1657 Min:    66 Max:  5922 Err:     0 (0.00%) Active: 1 Started: 428 Finished: 427
2026-10-09 01:11:01,694 INFO o.a.j.r.Summariser: summary =    428 in 00:24:26 =    0.3/s Avg:  1587 Min:    55 Max: 17007 Err:     0 (0.00%)
2026-10-09 01:11:01,695 INFO o.a.j.t.JMeterThread: Thread is done: Agent search 2-333
2026-10-09 01:11:01,695 INFO o.a.j.t.JMeterThread: Thread finished: Agent search 2-333
2026-10-09 01:11:03,727 INFO o.a.j.t.JMeterThread: Thread started: Agent search 2-334
2026-10-09 01:11:04,018 INFO o.a.j.t.JMeterThread: Thread is done: Agent search 2-334
2026-10-09 01:11:04,018 INFO o.a.j.t.JMeterThread: Thread finished: Agent search 2-334
2026-10-09 01:11:06,573 INFO o.a.j.t.JMeterThread: Thread started: Agent search 2-335
2026-10-09 01:11:06,782 INFO o.a.j.t.JMeterThread: Thread is done: Agent search 2-335
2026-10-09 01:11:06,782 INFO o.a.j.t.JMeterThread: Thread finished: Agent search 2-335
2026-10-09 01:11:07,341 INFO o.a.j.t.JMeterThread: Thread started: Agent search 2-336
2026-10-09 01:11:07,600 INFO o.a.j.t.JMeterThread: Thread is done: Agent search 2-336
2026-10-09 01:11:07,600 INFO o.a.j.t.JMeterThread: Thread finished: Agent search 2-336
2026-10-09 01:11:10,353 INFO o.a.j.t.JMeterThread: Thread started: Agent search 2-337
2026-10-09 01:11:10,673 INFO o.a.j.t.JMeterThread: Thread is done: Agent search 2-337
2026-10-09 01:11:10,673 INFO o.a.j.t.JMeterThread: Thread finished: Agent search 2-337
2026-10-09 01:11:11,253 INFO o.a.j.t.JMeterThread: Thread started: Ticket intake 1-96
2026-10-09 01:11:14,641 INFO o.a.j.t.JMeterThread: Thread started: Agent search 2-338
2026-10-09 01:11:14,916 INFO o.a.j.t.JMeterThread: Thread is done: Agent search 2-338
2026-10-09 01:11:14,916 INFO o.a.j.t.JMeterThread: Thread finished: Agent search 2-338
2026-10-09 01:11:16,549 INFO o.a.j.t.JMeterThread: Thread is done: Ticket intake 1-96
2026-10-09 01:11:16,549 INFO o.a.j.t.JMeterThread: Thread finished: Ticket intake 1-96
2026-10-09 01:11:16,617 INFO o.a.j.t.JMeterThread: Thread started: Agent search 2-339
2026-10-09 01:11:16,678 INFO o.a.j.t.JMeterThread: Thread is done: Agent search 2-339
2026-10-09 01:11:16,678 INFO o.a.j.t.JMeterThread: Thread finished: Agent search 2-339
2026-10-09 01:11:17,056 INFO o.a.j.t.JMeterThread: Thread started: Agent search 2-340
2026-10-09 01:11:17,148 INFO o.a.j.t.JMeterThread: Thread is done: Agent search 2-340
2026-10-09 01:11:17,148 INFO o.a.j.t.JMeterThread: Thread finished: Agent search 2-340
2026-10-09 01:11:18,055 INFO o.a.j.t.JMeterThread: Thread started: Agent search 2-341
2026-10-09 01:11:18,352 INFO o.a.j.t.JMeterThread: Thread is done: Agent search 2-341
2026-10-09 01:11:18,353 INFO o.a.j.t.JMeterThread: Thread finished: Agent search 2-341
2026-10-09 01:11:19,722 INFO o.a.j.t.JMeterThread: Thread started: Agent search 2-342
2026-10-09 01:11:19,888 INFO o.a.j.t.JMeterThread: Thread is done: Agent search 2-342
2026-10-09 01:11:19,889 INFO o.a.j.t.JMeterThread: Thread finished: Agent search 2-342
2026-10-09 01:11:27,142 INFO o.a.j.t.JMeterThread: Thread started: Agent search 2-343
2026-10-09 01:11:27,262 INFO o.a.j.t.JMeterThread: Thread is done: Agent search 2-343
2026-10-09 01:11:27,284 INFO o.a.j.t.JMeterThread: Thread finished: Agent search 2-343
2026-10-09 01:11:30,736 INFO o.a.j.t.JMeterThread: Thread started: Agent search 2-344
2026-10-09 01:11:31,052 INFO o.a.j.r.Summariser: summary +     12 in 00:00:29 =    0.4/s Avg:   640 Min:    59 Max:  5295 Err:     0 (0.00%) Active: 1 Started: 440 Finished: 439
2026-10-09 01:11:31,052 INFO o.a.j.r.Summariser: summary =    440 in 00:24:55 =    0.3/s Avg:  1561 Min:    55 Max: 17007 Err:     0 (0.00%)
2026-10-09 01:11:31,052 INFO o.a.j.t.JMeterThread: Thread is done: Agent search 2-344
2026-10-09 01:11:31,052 INFO o.a.j.t.JMeterThread: Thread finished: Agent search 2-344
2026-10-09 01:11:33,428 INFO o.a.j.t.JMeterThread: Thread started: Agent search 2-345
2026-10-09 01:11:33,713 INFO o.a.j.t.JMeterThread: Thread is done: Agent search 2-345
2026-10-09 01:11:33,713 INFO o.a.j.t.JMeterThread: Thread finished: Agent search 2-345
2026-10-09 01:11:38,975 INFO o.a.j.t.JMeterThread: Thread started: Ticket intake 1-97
2026-10-09 01:11:42,151 INFO o.a.j.t.JMeterThread: Thread started: Agent search 2-346
2026-10-09 01:11:42,314 INFO o.a.j.t.JMeterThread: Thread is done: Agent search 2-346
2026-10-09 01:11:42,314 INFO o.a.j.t.JMeterThread: Thread finished: Agent search 2-346
2026-10-09 01:11:42,540 INFO o.a.j.t.JMeterThread: Thread started: Agent search 2-347
2026-10-09 01:11:42,616 INFO o.a.j.t.JMeterThread: Thread is done: Agent search 2-347
2026-10-09 01:11:42,616 INFO o.a.j.t.JMeterThread: Thread finished: Agent search 2-347
2026-10-09 01:11:46,251 INFO o.a.j.t.JMeterThread: Thread started: Agent search 2-348
2026-10-09 01:11:46,513 INFO o.a.j.t.JMeterThread: Thread is done: Agent search 2-348
2026-10-09 01:11:46,513 INFO o.a.j.t.JMeterThread: Thread finished: Agent search 2-348
2026-10-09 01:11:47,283 INFO o.a.j.t.JMeterThread: Thread started: Agent search 2-349
2026-10-09 01:11:47,410 INFO o.a.j.t.JMeterThread: Thread is done: Agent search 2-349
2026-10-09 01:11:47,410 INFO o.a.j.t.JMeterThread: Thread finished: Agent search 2-349
2026-10-09 01:11:48,460 INFO o.a.j.t.JMeterThread: Thread is done: Ticket intake 1-97
2026-10-09 01:11:48,460 INFO o.a.j.t.JMeterThread: Thread finished: Ticket intake 1-97
2026-10-09 01:11:52,894 INFO o.a.j.t.JMeterThread: Thread started: Agent search 2-350
2026-10-09 01:11:53,068 INFO o.a.j.t.JMeterThread: Thread is done: Agent search 2-350
2026-10-09 01:11:53,069 INFO o.a.j.t.JMeterThread: Thread finished: Agent search 2-350
2026-10-09 01:11:58,133 INFO o.a.j.t.JMeterThread: Thread started: Agent search 2-351
2026-10-09 01:11:58,806 INFO o.a.j.t.JMeterThread: Thread is done: Agent search 2-351
2026-10-09 01:11:58,806 INFO o.a.j.t.JMeterThread: Thread finished: Agent search 2-351
2026-10-09 01:12:02,745 INFO o.a.j.t.JMeterThread: Thread started: Ticket intake 1-98
2026-10-09 01:12:05,126 INFO o.a.j.t.JMeterThread: Thread started: Agent search 2-352
2026-10-09 01:12:05,358 INFO o.a.j.r.Summariser: summary +      9 in 00:00:34 =    0.3/s Avg:  1274 Min:    75 Max:  9484 Err:     0 (0.00%) Active: 2 Started: 450 Finished: 448
2026-10-09 01:12:05,358 INFO o.a.j.r.Summariser: summary =    449 in 00:25:30 =    0.3/s Avg:  1555 Min:    55 Max: 17007 Err:     0 (0.00%)
2026-10-09 01:12:05,358 INFO o.a.j.t.JMeterThread: Thread is done: Agent search 2-352
2026-10-09 01:12:05,358 INFO o.a.j.t.JMeterThread: Thread finished: Agent search 2-352
2026-10-09 01:12:05,948 INFO o.a.j.t.JMeterThread: Thread started: Agent search 2-353
2026-10-09 01:12:06,175 INFO o.a.j.t.JMeterThread: Thread is done: Agent search 2-353
2026-10-09 01:12:06,175 INFO o.a.j.t.JMeterThread: Thread finished: Agent search 2-353
2026-10-09 01:12:08,223 INFO o.a.j.t.JMeterThread: Thread is done: Ticket intake 1-98
2026-10-09 01:12:08,223 INFO o.a.j.t.JMeterThread: Thread finished: Ticket intake 1-98
2026-10-09 01:12:11,015 INFO o.a.j.t.JMeterThread: Thread started: Ticket intake 1-99
2026-10-09 01:12:14,359 INFO o.a.j.t.JMeterThread: Thread started: Agent search 2-354
2026-10-09 01:12:14,675 INFO o.a.j.t.JMeterThread: Thread is done: Agent search 2-354
2026-10-09 01:12:14,675 INFO o.a.j.t.JMeterThread: Thread finished: Agent search 2-354
2026-10-09 01:12:16,820 INFO o.a.j.t.JMeterThread: Thread started: Agent search 2-355
2026-10-09 01:12:17,030 INFO o.a.j.t.JMeterThread: Thread is done: Agent search 2-355
2026-10-09 01:12:17,030 INFO o.a.j.t.JMeterThread: Thread is done: Ticket intake 1-99
2026-10-09 01:12:17,030 INFO o.a.j.t.JMeterThread: Thread finished: Ticket intake 1-99
2026-10-09 01:12:17,030 INFO o.a.j.t.JMeterThread: Thread finished: Agent search 2-355
2026-10-09 01:12:23,292 INFO o.a.j.t.JMeterThread: Thread started: Agent search 2-356
2026-10-09 01:12:23,711 INFO o.a.j.t.JMeterThread: Thread is done: Agent search 2-356
2026-10-09 01:12:23,712 INFO o.a.j.t.JMeterThread: Thread finished: Agent search 2-356
2026-10-09 01:12:29,141 INFO o.a.j.t.JMeterThread: Thread started: Agent search 2-357
2026-10-09 01:12:29,245 INFO o.a.j.t.JMeterThread: Thread is done: Agent search 2-357
2026-10-09 01:12:29,246 INFO o.a.j.t.JMeterThread: Thread finished: Agent search 2-357
2026-10-09 01:12:32,009 INFO o.a.j.t.JMeterThread: Thread started: Agent search 2-358
2026-10-09 01:12:32,289 INFO o.a.j.r.Summariser: summary +      8 in 00:00:27 =    0.3/s Avg:  1630 Min:   104 Max:  6014 Err:     0 (0.00%) Active: 1 Started: 457 Finished: 456
2026-10-09 01:12:32,290 INFO o.a.j.r.Summariser: summary =    457 in 00:25:57 =    0.3/s Avg:  1557 Min:    55 Max: 17007 Err:     0 (0.00%)
2026-10-09 01:12:32,290 INFO o.a.j.t.JMeterThread: Thread is done: Agent search 2-358
2026-10-09 01:12:32,290 INFO o.a.j.t.JMeterThread: Thread finished: Agent search 2-358
2026-10-09 01:12:44,676 INFO o.a.j.t.JMeterThread: Thread started: Agent search 2-359
2026-10-09 01:12:44,881 INFO o.a.j.t.JMeterThread: Thread is done: Agent search 2-359
2026-10-09 01:12:44,881 INFO o.a.j.t.JMeterThread: Thread finished: Agent search 2-359
2026-10-09 01:12:46,126 INFO o.a.j.t.JMeterThread: Thread started: Agent search 2-360
2026-10-09 01:12:46,319 INFO o.a.j.t.JMeterThread: Thread is done: Agent search 2-360
2026-10-09 01:12:46,319 INFO o.a.j.t.JMeterThread: Thread finished: Agent search 2-360
2026-10-09 01:12:47,831 INFO o.a.j.t.JMeterThread: Thread started: Ticket intake 1-100
2026-10-09 01:12:49,004 INFO o.a.j.t.JMeterThread: Thread started: Agent search 2-361
2026-10-09 01:12:49,184 INFO o.a.j.t.JMeterThread: Thread is done: Agent search 2-361
2026-10-09 01:12:49,184 INFO o.a.j.t.JMeterThread: Thread finished: Agent search 2-361
2026-10-09 01:12:50,472 INFO o.a.j.t.JMeterThread: Thread started: Agent search 2-362
2026-10-09 01:12:50,619 INFO o.a.j.t.JMeterThread: Thread is done: Agent search 2-362
2026-10-09 01:12:50,620 INFO o.a.j.t.JMeterThread: Thread finished: Agent search 2-362
2026-10-09 01:12:52,288 INFO o.a.j.t.JMeterThread: Thread started: Agent search 2-363
2026-10-09 01:12:52,505 INFO o.a.j.t.JMeterThread: Thread is done: Agent search 2-363
2026-10-09 01:12:52,505 INFO o.a.j.t.JMeterThread: Thread finished: Agent search 2-363
2026-10-09 01:12:53,680 INFO o.a.j.t.JMeterThread: Thread is done: Ticket intake 1-100
2026-10-09 01:12:53,680 INFO o.a.j.t.JMeterThread: Thread finished: Ticket intake 1-100
2026-10-09 01:12:54,813 INFO o.a.j.t.JMeterThread: Thread started: Agent search 2-364
2026-10-09 01:12:55,022 INFO o.a.j.t.JMeterThread: Thread is done: Agent search 2-364
2026-10-09 01:12:55,023 INFO o.a.j.t.JMeterThread: Thread finished: Agent search 2-364
2026-10-09 01:12:55,233 INFO o.a.j.t.JMeterThread: Thread started: Agent search 2-365
2026-10-09 01:12:55,431 INFO o.a.j.t.JMeterThread: Thread is done: Agent search 2-365
2026-10-09 01:12:55,431 INFO o.a.j.t.JMeterThread: Thread finished: Agent search 2-365
2026-10-09 01:12:55,539 INFO o.a.j.t.JMeterThread: Thread started: Agent search 2-366
2026-10-09 01:12:55,739 INFO o.a.j.t.JMeterThread: Thread is done: Agent search 2-366
2026-10-09 01:12:55,739 INFO o.a.j.t.JMeterThread: Thread finished: Agent search 2-366
2026-10-09 01:12:59,716 INFO o.a.j.t.JMeterThread: Thread started: Agent search 2-367
2026-10-09 01:12:59,937 INFO o.a.j.t.JMeterThread: Thread is done: Agent search 2-367
2026-10-09 01:12:59,937 INFO o.a.j.t.JMeterThread: Thread finished: Agent search 2-367
2026-10-09 01:13:00,076 INFO o.a.j.t.JMeterThread: Thread started: Agent search 2-368
2026-10-09 01:13:00,347 INFO o.a.j.r.Summariser: summary +     11 in 00:00:28 =    0.4/s Avg:   716 Min:   147 Max:  5848 Err:     0 (0.00%) Active: 1 Started: 468 Finished: 467
2026-10-09 01:13:00,348 INFO o.a.j.r.Summariser: summary =    468 in 00:26:25 =    0.3/s Avg:  1537 Min:    55 Max: 17007 Err:     0 (0.00%)
2026-10-09 01:13:00,348 INFO o.a.j.t.JMeterThread: Thread is done: Agent search 2-368
2026-10-09 01:13:00,348 INFO o.a.j.t.JMeterThread: Thread finished: Agent search 2-368
2026-10-09 01:13:04,735 INFO o.a.j.t.JMeterThread: Thread started: Agent search 2-369
2026-10-09 01:13:04,954 INFO o.a.j.t.JMeterThread: Thread is done: Agent search 2-369
2026-10-09 01:13:04,954 INFO o.a.j.t.JMeterThread: Thread finished: Agent search 2-369
2026-10-09 01:13:09,316 INFO o.a.j.t.JMeterThread: Thread started: Agent search 2-370
2026-10-09 01:13:09,563 INFO o.a.j.t.JMeterThread: Thread is done: Agent search 2-370
2026-10-09 01:13:09,563 INFO o.a.j.t.JMeterThread: Thread finished: Agent search 2-370
2026-10-09 01:13:11,216 INFO o.a.j.t.JMeterThread: Thread started: Ticket intake 1-101
2026-10-09 01:13:12,030 INFO o.a.j.t.JMeterThread: Thread started: Agent search 2-371
2026-10-09 01:13:12,329 INFO o.a.j.t.JMeterThread: Thread is done: Agent search 2-371
2026-10-09 01:13:12,329 INFO o.a.j.t.JMeterThread: Thread finished: Agent search 2-371
2026-10-09 01:13:13,765 INFO o.a.j.t.JMeterThread: Thread started: Agent search 2-372
2026-10-09 01:13:13,970 INFO o.a.j.t.JMeterThread: Thread is done: Agent search 2-372
2026-10-09 01:13:13,970 INFO o.a.j.t.JMeterThread: Thread finished: Agent search 2-372
2026-10-09 01:13:15,631 INFO o.a.j.t.JMeterThread: Thread started: Agent search 2-373
2026-10-09 01:13:15,809 INFO o.a.j.t.JMeterThread: Thread is done: Agent search 2-373
2026-10-09 01:13:15,809 INFO o.a.j.t.JMeterThread: Thread finished: Agent search 2-373
2026-10-09 01:13:16,524 INFO o.a.j.t.JMeterThread: Thread is done: Ticket intake 1-101
2026-10-09 01:13:16,524 INFO o.a.j.t.JMeterThread: Thread finished: Ticket intake 1-101
2026-10-09 01:13:17,718 INFO o.a.j.t.JMeterThread: Thread started: Agent search 2-374
2026-10-09 01:13:17,762 INFO o.a.j.t.JMeterThread: Thread started: Agent search 2-375
2026-10-09 01:13:17,842 INFO o.a.j.t.JMeterThread: Thread is done: Agent search 2-375
2026-10-09 01:13:17,842 INFO o.a.j.t.JMeterThread: Thread finished: Agent search 2-375
2026-10-09 01:13:17,848 INFO o.a.j.t.JMeterThread: Thread is done: Agent search 2-374
2026-10-09 01:13:17,848 INFO o.a.j.t.JMeterThread: Thread finished: Agent search 2-374
2026-10-09 01:13:22,962 INFO o.a.j.t.JMeterThread: Thread started: Ticket intake 1-102
2026-10-09 01:13:27,258 INFO o.a.j.t.JMeterThread: Thread started: Agent search 2-376
2026-10-09 01:13:27,481 INFO o.a.j.t.JMeterThread: Thread is done: Agent search 2-376
2026-10-09 01:13:27,481 INFO o.a.j.t.JMeterThread: Thread finished: Agent search 2-376
2026-10-09 01:13:28,198 INFO o.a.j.t.JMeterThread: Thread is done: Ticket intake 1-102
2026-10-09 01:13:28,198 INFO o.a.j.t.JMeterThread: Thread finished: Ticket intake 1-102
2026-10-09 01:13:40,754 INFO o.a.j.t.JMeterThread: Thread started: Agent search 2-377
2026-10-09 01:13:41,000 INFO o.a.j.t.JMeterThread: Thread is done: Agent search 2-377
2026-10-09 01:13:41,000 INFO o.a.j.t.JMeterThread: Thread finished: Agent search 2-377
2026-10-09 01:13:41,146 INFO o.a.j.t.JMeterThread: Thread started: Agent search 2-378
2026-10-09 01:13:41,306 INFO o.a.j.t.JMeterThread: Thread is done: Agent search 2-378
2026-10-09 01:13:41,306 INFO o.a.j.t.JMeterThread: Thread finished: Agent search 2-378
2026-10-09 01:13:42,301 INFO o.a.j.t.JMeterThread: Thread started: Agent search 2-379
2026-10-09 01:13:42,535 INFO o.a.j.t.JMeterThread: Thread is done: Agent search 2-379
2026-10-09 01:13:42,535 INFO o.a.j.t.JMeterThread: Thread finished: Agent search 2-379
2026-10-09 01:13:43,241 INFO o.a.j.t.JMeterThread: Thread started: Ticket intake 1-103
2026-10-09 01:13:48,810 INFO o.a.j.t.JMeterThread: Thread started: Agent search 2-380
2026-10-09 01:13:48,817 INFO o.a.j.t.JMeterThread: Thread is done: Ticket intake 1-103
2026-10-09 01:13:48,817 INFO o.a.j.t.JMeterThread: Thread finished: Ticket intake 1-103
2026-10-09 01:13:48,870 INFO o.a.j.t.JMeterThread: Thread is done: Agent search 2-380
2026-10-09 01:13:48,870 INFO o.a.j.t.JMeterThread: Thread finished: Agent search 2-380
2026-10-09 01:13:48,903 INFO o.a.j.t.JMeterThread: Thread started: Agent search 2-381
2026-10-09 01:13:48,986 INFO o.a.j.t.JMeterThread: Thread is done: Agent search 2-381
2026-10-09 01:13:48,986 INFO o.a.j.t.JMeterThread: Thread finished: Agent search 2-381
2026-10-09 01:13:51,698 INFO o.a.j.t.JMeterThread: Thread started: Agent search 2-382
2026-10-09 01:13:51,956 INFO o.a.j.t.JMeterThread: Thread is done: Agent search 2-382
2026-10-09 01:13:51,957 INFO o.a.j.t.JMeterThread: Thread finished: Agent search 2-382
2026-10-09 01:13:56,153 INFO o.a.j.t.JMeterThread: Thread started: Agent search 2-383
2026-10-09 01:13:56,359 INFO o.a.j.t.JMeterThread: Thread is done: Agent search 2-383
2026-10-09 01:13:56,359 INFO o.a.j.t.JMeterThread: Thread finished: Agent search 2-383
2026-10-09 01:13:56,791 INFO o.a.j.t.JMeterThread: Thread started: Ticket intake 1-104
2026-10-09 01:14:01,195 INFO o.a.j.r.Summariser: summary +     19 in 00:01:01 =    0.3/s Avg:  1227 Min:    60 Max:  5576 Err:     0 (0.00%) Active: 1 Started: 487 Finished: 486
2026-10-09 01:14:01,196 INFO o.a.j.r.Summariser: summary =    487 in 00:27:26 =    0.3/s Avg:  1525 Min:    55 Max: 17007 Err:     0 (0.00%)
2026-10-09 01:14:01,196 INFO o.a.j.t.JMeterThread: Thread is done: Ticket intake 1-104
2026-10-09 01:14:01,196 INFO o.a.j.t.JMeterThread: Thread finished: Ticket intake 1-104
2026-10-09 01:14:10,937 INFO o.a.j.t.JMeterThread: Thread started: Agent search 2-384
2026-10-09 01:14:11,106 INFO o.a.j.t.JMeterThread: Thread is done: Agent search 2-384
2026-10-09 01:14:11,106 INFO o.a.j.t.JMeterThread: Thread finished: Agent search 2-384
2026-10-09 01:14:11,904 INFO o.a.j.t.JMeterThread: Thread started: Agent search 2-385
2026-10-09 01:14:12,129 INFO o.a.j.t.JMeterThread: Thread is done: Agent search 2-385
2026-10-09 01:14:12,129 INFO o.a.j.t.JMeterThread: Thread finished: Agent search 2-385
2026-10-09 01:14:13,714 INFO o.a.j.t.JMeterThread: Thread started: Agent search 2-386
2026-10-09 01:14:13,972 INFO o.a.j.t.JMeterThread: Thread is done: Agent search 2-386
2026-10-09 01:14:13,972 INFO o.a.j.t.JMeterThread: Thread finished: Agent search 2-386
2026-10-09 01:14:28,011 INFO o.a.j.t.JMeterThread: Thread started: Agent search 2-387
2026-10-09 01:14:28,206 INFO o.a.j.t.JMeterThread: Thread is done: Agent search 2-387
2026-10-09 01:14:28,206 INFO o.a.j.t.JMeterThread: Thread finished: Agent search 2-387
2026-10-09 01:14:28,501 INFO o.a.j.t.JMeterThread: Thread started: Agent search 2-388
2026-10-09 01:14:28,616 INFO o.a.j.t.JMeterThread: Thread is done: Agent search 2-388
2026-10-09 01:14:28,616 INFO o.a.j.t.JMeterThread: Thread finished: Agent search 2-388
2026-10-09 01:14:38,804 INFO o.a.j.t.JMeterThread: Thread started: Agent search 2-389
2026-10-09 01:14:39,060 INFO o.a.j.t.JMeterThread: Thread is done: Agent search 2-389
2026-10-09 01:14:39,060 INFO o.a.j.t.JMeterThread: Thread finished: Agent search 2-389
2026-10-09 01:14:39,955 INFO o.a.j.t.JMeterThread: Thread started: Ticket intake 1-105
2026-10-09 01:14:43,195 INFO o.a.j.t.JMeterThread: Thread started: Agent search 2-390
2026-10-09 01:14:43,463 INFO o.a.j.t.JMeterThread: Thread is done: Agent search 2-390
2026-10-09 01:14:43,463 INFO o.a.j.t.JMeterThread: Thread finished: Agent search 2-390
2026-10-09 01:14:43,727 INFO o.a.j.t.JMeterThread: Thread started: Agent search 2-391
2026-10-09 01:14:43,974 INFO o.a.j.t.JMeterThread: Thread is done: Agent search 2-391
2026-10-09 01:14:43,974 INFO o.a.j.t.JMeterThread: Thread finished: Agent search 2-391
2026-10-09 01:14:44,908 INFO o.a.j.t.JMeterThread: Thread is done: Ticket intake 1-105
2026-10-09 01:14:44,908 INFO o.a.j.t.JMeterThread: Thread finished: Ticket intake 1-105
2026-10-09 01:14:46,855 INFO o.a.j.t.JMeterThread: Thread started: Agent search 2-392
2026-10-09 01:14:46,932 INFO o.a.j.t.JMeterThread: Thread is done: Agent search 2-392
2026-10-09 01:14:46,933 INFO o.a.j.t.JMeterThread: Thread finished: Agent search 2-392
2026-10-09 01:14:51,742 INFO o.a.j.t.JMeterThread: Thread started: Agent search 2-393
2026-10-09 01:14:51,877 INFO o.a.j.t.JMeterThread: Thread is done: Agent search 2-393
2026-10-09 01:14:51,877 INFO o.a.j.t.JMeterThread: Thread finished: Agent search 2-393
2026-10-09 01:14:59,020 INFO o.a.j.t.JMeterThread: Thread started: Agent search 2-394
2026-10-09 01:14:59,125 INFO o.a.j.t.JMeterThread: Thread is done: Agent search 2-394
2026-10-09 01:14:59,126 INFO o.a.j.t.JMeterThread: Thread finished: Agent search 2-394
2026-10-09 01:14:59,611 INFO o.a.j.t.JMeterThread: Thread started: Agent search 2-395
2026-10-09 01:14:59,693 INFO o.a.j.t.JMeterThread: Thread is done: Agent search 2-395
2026-10-09 01:14:59,693 INFO o.a.j.t.JMeterThread: Thread finished: Agent search 2-395
2026-10-09 01:15:00,784 INFO o.a.j.t.JMeterThread: Thread started: Agent search 2-396
2026-10-09 01:15:00,855 INFO o.a.j.r.Summariser: summary +     14 in 00:01:00 =    0.2/s Avg:   510 Min:    71 Max:  4952 Err:     0 (0.00%) Active: 1 Started: 501 Finished: 500
2026-10-09 01:15:00,856 INFO o.a.j.r.Summariser: summary =    501 in 00:28:25 =    0.3/s Avg:  1496 Min:    55 Max: 17007 Err:     0 (0.00%)
2026-10-09 01:15:00,856 INFO o.a.j.t.JMeterThread: Thread is done: Agent search 2-396
2026-10-09 01:15:00,856 INFO o.a.j.t.JMeterThread: Thread finished: Agent search 2-396
2026-10-09 01:15:01,451 INFO o.a.j.t.JMeterThread: Thread started: Ticket intake 1-106
2026-10-09 01:15:03,103 INFO o.a.j.t.JMeterThread: Thread started: Ticket intake 1-107
2026-10-09 01:15:03,883 INFO o.a.j.t.JMeterThread: Thread started: Agent search 2-397
2026-10-09 01:15:04,045 INFO o.a.j.t.JMeterThread: Thread is done: Agent search 2-397
2026-10-09 01:15:04,045 INFO o.a.j.t.JMeterThread: Thread finished: Agent search 2-397
2026-10-09 01:15:04,545 INFO o.a.j.t.JMeterThread: Thread started: Agent search 2-398
2026-10-09 01:15:04,659 INFO o.a.j.t.JMeterThread: Thread is done: Agent search 2-398
2026-10-09 01:15:04,659 INFO o.a.j.t.JMeterThread: Thread finished: Agent search 2-398
2026-10-09 01:15:08,415 INFO o.a.j.t.JMeterThread: Thread is done: Ticket intake 1-106
2026-10-09 01:15:08,415 INFO o.a.j.t.JMeterThread: Thread finished: Ticket intake 1-106
2026-10-09 01:15:10,577 INFO o.a.j.t.JMeterThread: Thread started: Agent search 2-399
2026-10-09 01:15:10,759 INFO o.a.j.t.JMeterThread: Thread is done: Agent search 2-399
2026-10-09 01:15:10,759 INFO o.a.j.t.JMeterThread: Thread finished: Agent search 2-399
2026-10-09 01:15:12,853 INFO o.a.j.t.JMeterThread: Thread is done: Ticket intake 1-107
2026-10-09 01:15:12,853 INFO o.a.j.t.JMeterThread: Thread finished: Ticket intake 1-107
2026-10-09 01:15:18,058 INFO o.a.j.t.JMeterThread: Thread started: Agent search 2-400
2026-10-09 01:15:18,281 INFO o.a.j.t.JMeterThread: Thread is done: Agent search 2-400
2026-10-09 01:15:18,281 INFO o.a.j.t.JMeterThread: Thread finished: Agent search 2-400
2026-10-09 01:15:24,772 INFO o.a.j.t.JMeterThread: Thread started: Agent search 2-401
2026-10-09 01:15:24,965 INFO o.a.j.t.JMeterThread: Thread is done: Agent search 2-401
2026-10-09 01:15:24,965 INFO o.a.j.t.JMeterThread: Thread finished: Agent search 2-401
2026-10-09 01:15:28,438 INFO o.a.j.t.JMeterThread: Thread started: Agent search 2-402
2026-10-09 01:15:28,552 INFO o.a.j.t.JMeterThread: Thread is done: Agent search 2-402
2026-10-09 01:15:28,552 INFO o.a.j.t.JMeterThread: Thread finished: Agent search 2-402
2026-10-09 01:15:31,151 INFO o.a.j.t.JMeterThread: Thread started: Agent search 2-403
2026-10-09 01:15:31,213 INFO o.a.j.r.Summariser: summary +      9 in 00:00:30 =    0.3/s Avg:  1972 Min:    61 Max:  9748 Err:     0 (0.00%) Active: 1 Started: 510 Finished: 509
2026-10-09 01:15:31,214 INFO o.a.j.r.Summariser: summary =    510 in 00:28:56 =    0.3/s Avg:  1505 Min:    55 Max: 17007 Err:     0 (0.00%)
2026-10-09 01:15:31,214 INFO o.a.j.t.JMeterThread: Thread is done: Agent search 2-403
2026-10-09 01:15:31,214 INFO o.a.j.t.JMeterThread: Thread finished: Agent search 2-403
2026-10-09 01:15:40,563 INFO o.a.j.t.JMeterThread: Thread started: Agent search 2-404
2026-10-09 01:15:40,826 INFO o.a.j.t.JMeterThread: Thread is done: Agent search 2-404
2026-10-09 01:15:40,826 INFO o.a.j.t.JMeterThread: Thread finished: Agent search 2-404
2026-10-09 01:15:50,288 INFO o.a.j.t.JMeterThread: Thread started: Agent search 2-405
2026-10-09 01:15:50,424 INFO o.a.j.t.JMeterThread: Thread is done: Agent search 2-405
2026-10-09 01:15:50,424 INFO o.a.j.t.JMeterThread: Thread finished: Agent search 2-405
2026-10-09 01:15:50,819 INFO o.a.j.t.JMeterThread: Thread started: Ticket intake 1-108
2026-10-09 01:15:53,234 INFO o.a.j.t.JMeterThread: Thread started: Agent search 2-406
2026-10-09 01:15:53,506 INFO o.a.j.t.JMeterThread: Thread is done: Agent search 2-406
2026-10-09 01:15:53,506 INFO o.a.j.t.JMeterThread: Thread finished: Agent search 2-406
2026-10-09 01:15:55,113 INFO o.a.j.t.JMeterThread: Thread is done: Ticket intake 1-108
2026-10-09 01:15:55,113 INFO o.a.j.t.JMeterThread: Thread finished: Ticket intake 1-108
2026-10-09 01:15:59,177 INFO o.a.j.t.JMeterThread: Thread started: Agent search 2-407
2026-10-09 01:15:59,341 INFO o.a.j.t.JMeterThread: Thread is done: Agent search 2-407
2026-10-09 01:15:59,342 INFO o.a.j.t.JMeterThread: Thread finished: Agent search 2-407
2026-10-09 01:16:03,767 INFO o.a.j.t.JMeterThread: Thread started: Agent search 2-408
2026-10-09 01:16:03,897 INFO o.a.j.r.Summariser: summary +      6 in 00:00:33 =    0.2/s Avg:   875 Min:   128 Max:  4293 Err:     0 (0.00%) Active: 1 Started: 516 Finished: 515
2026-10-09 01:16:03,897 INFO o.a.j.r.Summariser: summary =    516 in 00:29:28 =    0.3/s Avg:  1498 Min:    55 Max: 17007 Err:     0 (0.00%)
2026-10-09 01:16:03,898 INFO o.a.j.t.JMeterThread: Thread is done: Agent search 2-408
2026-10-09 01:16:03,898 INFO o.a.j.t.JMeterThread: Thread finished: Agent search 2-408
2026-10-09 01:16:04,507 INFO o.a.j.t.JMeterThread: Thread started: Agent search 2-409
2026-10-09 01:16:04,580 INFO o.a.j.t.JMeterThread: Thread is done: Agent search 2-409
2026-10-09 01:16:04,580 INFO o.a.j.t.JMeterThread: Thread finished: Agent search 2-409
2026-10-09 01:16:06,317 INFO o.a.j.t.JMeterThread: Thread started: Agent search 2-410
2026-10-09 01:16:06,514 INFO o.a.j.t.JMeterThread: Thread is done: Agent search 2-410
2026-10-09 01:16:06,514 INFO o.a.j.t.JMeterThread: Thread finished: Agent search 2-410
2026-10-09 01:16:06,924 INFO o.a.j.t.JMeterThread: Thread started: Agent search 2-411
2026-10-09 01:16:07,127 INFO o.a.j.t.JMeterThread: Thread is done: Agent search 2-411
2026-10-09 01:16:07,127 INFO o.a.j.t.JMeterThread: Thread finished: Agent search 2-411
2026-10-09 01:16:08,293 INFO o.a.j.t.JMeterThread: Thread started: Agent search 2-412
2026-10-09 01:16:08,428 INFO o.a.j.t.JMeterThread: Thread is done: Agent search 2-412
2026-10-09 01:16:08,428 INFO o.a.j.t.JMeterThread: Thread finished: Agent search 2-412
2026-10-09 01:16:10,443 INFO o.a.j.t.JMeterThread: Thread started: Agent search 2-413
2026-10-09 01:16:10,709 INFO o.a.j.t.JMeterThread: Thread is done: Agent search 2-413
2026-10-09 01:16:10,709 INFO o.a.j.t.JMeterThread: Thread finished: Agent search 2-413
2026-10-09 01:16:28,233 INFO o.a.j.t.JMeterThread: Thread started: Agent search 2-414
2026-10-09 01:16:28,424 INFO o.a.j.t.JMeterThread: Thread is done: Agent search 2-414
2026-10-09 01:16:28,424 INFO o.a.j.t.JMeterThread: Thread finished: Agent search 2-414
2026-10-09 01:16:29,574 INFO o.a.j.t.JMeterThread: Thread started: Agent search 2-415
2026-10-09 01:16:29,652 INFO o.a.j.t.JMeterThread: Thread is done: Agent search 2-415
2026-10-09 01:16:29,653 INFO o.a.j.t.JMeterThread: Thread finished: Agent search 2-415
2026-10-09 01:16:31,415 INFO o.a.j.t.JMeterThread: Thread started: Agent search 2-416
2026-10-09 01:16:31,599 INFO o.a.j.r.Summariser: summary +      8 in 00:00:28 =    0.3/s Avg:   164 Min:    72 Max:   265 Err:     0 (0.00%) Active: 1 Started: 524 Finished: 523
2026-10-09 01:16:31,600 INFO o.a.j.r.Summariser: summary =    524 in 00:29:56 =    0.3/s Avg:  1477 Min:    55 Max: 17007 Err:     0 (0.00%)
2026-10-09 01:16:31,600 INFO o.a.j.t.JMeterThread: Thread is done: Agent search 2-416
2026-10-09 01:16:31,600 INFO o.a.j.t.JMeterThread: Thread finished: Agent search 2-416
2026-10-09 01:16:35,075 INFO o.a.j.t.JMeterThread: Thread started: Agent search 2-417
2026-10-09 01:16:35,151 INFO o.a.j.t.JMeterThread: Thread is done: Agent search 2-417
2026-10-09 01:16:35,151 INFO o.a.j.t.JMeterThread: Thread finished: Agent search 2-417
2026-10-09 01:16:39,209 INFO o.a.j.t.JMeterThread: Thread started: Agent search 2-418
2026-10-09 01:16:39,269 INFO o.a.j.t.JMeterThread: Thread started: Agent search 2-419
2026-10-09 01:16:39,337 INFO o.a.j.t.JMeterThread: Thread is done: Agent search 2-418
2026-10-09 01:16:39,337 INFO o.a.j.t.JMeterThread: Thread finished: Agent search 2-418
2026-10-09 01:16:39,372 INFO o.a.j.t.JMeterThread: Thread is done: Agent search 2-419
2026-10-09 01:16:39,372 INFO o.a.j.t.JMeterThread: Thread finished: Agent search 2-419
2026-10-09 01:16:40,663 INFO o.a.j.t.JMeterThread: Thread started: Agent search 2-420
2026-10-09 01:16:40,917 INFO o.a.j.t.JMeterThread: Thread is done: Agent search 2-420
2026-10-09 01:16:40,917 INFO o.a.j.t.JMeterThread: Thread finished: Agent search 2-420
2026-10-09 01:16:43,312 INFO o.a.j.t.JMeterThread: Thread started: Agent search 2-421
2026-10-09 01:16:43,407 INFO o.a.j.t.JMeterThread: Thread is done: Agent search 2-421
2026-10-09 01:16:43,407 INFO o.a.j.t.JMeterThread: Thread finished: Agent search 2-421
2026-10-09 01:16:45,150 INFO o.a.j.t.JMeterThread: Thread started: Agent search 2-422
2026-10-09 01:16:45,320 INFO o.a.j.t.JMeterThread: Thread is done: Agent search 2-422
2026-10-09 01:16:45,320 INFO o.a.j.t.JMeterThread: Thread finished: Agent search 2-422
2026-10-09 01:16:53,773 INFO o.a.j.t.JMeterThread: Thread started: Agent search 2-423
2026-10-09 01:16:54,088 INFO o.a.j.t.JMeterThread: Thread is done: Agent search 2-423
2026-10-09 01:16:54,088 INFO o.a.j.t.JMeterThread: Thread finished: Agent search 2-423
2026-10-09 01:17:05,109 INFO o.a.j.t.JMeterThread: Thread started: Agent search 2-424
2026-10-09 01:17:05,391 INFO o.a.j.r.Summariser: summary +      8 in 00:00:34 =    0.2/s Avg:   176 Min:    74 Max:   313 Err:     0 (0.00%) Active: 1 Started: 532 Finished: 531
2026-10-09 01:17:05,391 INFO o.a.j.r.Summariser: summary =    532 in 00:30:30 =    0.3/s Avg:  1458 Min:    55 Max: 17007 Err:     0 (0.00%)
2026-10-09 01:17:05,391 INFO o.a.j.t.JMeterThread: Thread is done: Agent search 2-424
2026-10-09 01:17:05,391 INFO o.a.j.t.JMeterThread: Thread finished: Agent search 2-424
2026-10-09 01:17:05,398 INFO o.a.j.t.JMeterThread: Thread started: Ticket intake 1-109
2026-10-09 01:17:10,717 INFO o.a.j.t.JMeterThread: Thread is done: Ticket intake 1-109
2026-10-09 01:17:10,717 INFO o.a.j.t.JMeterThread: Thread finished: Ticket intake 1-109
2026-10-09 01:17:18,456 INFO o.a.j.t.JMeterThread: Thread started: Agent search 2-425
2026-10-09 01:17:18,703 INFO o.a.j.t.JMeterThread: Thread is done: Agent search 2-425
2026-10-09 01:17:18,703 INFO o.a.j.t.JMeterThread: Thread finished: Agent search 2-425
2026-10-09 01:17:23,694 INFO o.a.j.t.JMeterThread: Thread started: Agent search 2-426
2026-10-09 01:17:23,835 INFO o.a.j.t.JMeterThread: Thread started: Agent search 2-427
2026-10-09 01:17:23,927 INFO o.a.j.t.JMeterThread: Thread is done: Agent search 2-426
2026-10-09 01:17:23,927 INFO o.a.j.t.JMeterThread: Thread finished: Agent search 2-426
2026-10-09 01:17:23,968 INFO o.a.j.t.JMeterThread: Thread is done: Agent search 2-427
2026-10-09 01:17:23,968 INFO o.a.j.t.JMeterThread: Thread finished: Agent search 2-427
2026-10-09 01:17:29,992 INFO o.a.j.t.JMeterThread: Thread started: Agent search 2-428
2026-10-09 01:17:30,317 INFO o.a.j.r.Summariser: summary +      5 in 00:00:25 =    0.2/s Avg:  1250 Min:   132 Max:  5319 Err:     0 (0.00%) Active: 1 Started: 537 Finished: 536
2026-10-09 01:17:30,317 INFO o.a.j.r.Summariser: summary =    537 in 00:30:55 =    0.3/s Avg:  1456 Min:    55 Max: 17007 Err:     0 (0.00%)
2026-10-09 01:17:30,317 INFO o.a.j.t.JMeterThread: Thread is done: Agent search 2-428
2026-10-09 01:17:30,317 INFO o.a.j.t.JMeterThread: Thread finished: Agent search 2-428
2026-10-09 01:17:37,878 INFO o.a.j.t.JMeterThread: Thread started: Agent search 2-429
2026-10-09 01:17:37,953 INFO o.a.j.t.JMeterThread: Thread is done: Agent search 2-429
2026-10-09 01:17:37,953 INFO o.a.j.t.JMeterThread: Thread finished: Agent search 2-429
2026-10-09 01:17:38,754 INFO o.a.j.t.JMeterThread: Thread started: Agent search 2-430
2026-10-09 01:17:38,980 INFO o.a.j.t.JMeterThread: Thread is done: Agent search 2-430
2026-10-09 01:17:38,980 INFO o.a.j.t.JMeterThread: Thread finished: Agent search 2-430
2026-10-09 01:17:48,800 INFO o.a.j.t.JMeterThread: Thread started: Agent search 2-431
2026-10-09 01:17:49,117 INFO o.a.j.t.JMeterThread: Thread is done: Agent search 2-431
2026-10-09 01:17:49,117 INFO o.a.j.t.JMeterThread: Thread finished: Agent search 2-431
2026-10-09 01:17:52,593 INFO o.a.j.t.JMeterThread: Thread started: Agent search 2-432
2026-10-09 01:17:52,803 INFO o.a.j.t.JMeterThread: Thread is done: Agent search 2-432
2026-10-09 01:17:52,803 INFO o.a.j.t.JMeterThread: Thread finished: Agent search 2-432
2026-10-09 01:17:53,101 INFO o.a.j.t.JMeterThread: Thread started: Agent search 2-433
2026-10-09 01:17:53,315 INFO o.a.j.t.JMeterThread: Thread is done: Agent search 2-433
2026-10-09 01:17:53,315 INFO o.a.j.t.JMeterThread: Thread finished: Agent search 2-433
2026-10-09 01:17:53,577 INFO o.a.j.t.JMeterThread: Thread started: Agent search 2-434
2026-10-09 01:17:53,853 INFO o.a.j.t.JMeterThread: Thread is done: Agent search 2-434
2026-10-09 01:17:53,854 INFO o.a.j.t.JMeterThread: Thread finished: Agent search 2-434
2026-10-09 01:17:56,778 INFO o.a.j.t.JMeterThread: Thread started: Ticket intake 1-110
2026-10-09 01:18:01,658 INFO o.a.j.t.JMeterThread: Thread started: Agent search 2-435
2026-10-09 01:18:01,814 INFO o.a.j.r.Summariser: summary +      7 in 00:00:31 =    0.2/s Avg:   209 Min:    75 Max:   315 Err:     0 (0.00%) Active: 2 Started: 545 Finished: 543
2026-10-09 01:18:01,815 INFO o.a.j.r.Summariser: summary =    544 in 00:31:26 =    0.3/s Avg:  1440 Min:    55 Max: 17007 Err:     0 (0.00%)
2026-10-09 01:18:01,815 INFO o.a.j.t.JMeterThread: Thread is done: Agent search 2-435
2026-10-09 01:18:01,815 INFO o.a.j.t.JMeterThread: Thread finished: Agent search 2-435
2026-10-09 01:18:06,076 INFO o.a.j.t.JMeterThread: Thread started: Agent search 2-436
2026-10-09 01:18:06,320 INFO o.a.j.t.JMeterThread: Thread is done: Agent search 2-436
2026-10-09 01:18:06,321 INFO o.a.j.t.JMeterThread: Thread finished: Agent search 2-436
2026-10-09 01:18:06,526 INFO o.a.j.t.JMeterThread: Thread is done: Ticket intake 1-110
2026-10-09 01:18:06,526 INFO o.a.j.t.JMeterThread: Thread finished: Ticket intake 1-110
2026-10-09 01:18:07,439 INFO o.a.j.t.JMeterThread: Thread started: Agent search 2-437
2026-10-09 01:18:07,653 INFO o.a.j.t.JMeterThread: Thread is done: Agent search 2-437
2026-10-09 01:18:07,653 INFO o.a.j.t.JMeterThread: Thread finished: Agent search 2-437
2026-10-09 01:18:07,878 INFO o.a.j.t.JMeterThread: Thread started: Agent search 2-438
2026-10-09 01:18:08,061 INFO o.a.j.t.JMeterThread: Thread is done: Agent search 2-438
2026-10-09 01:18:08,061 INFO o.a.j.t.JMeterThread: Thread finished: Agent search 2-438
2026-10-09 01:18:10,193 INFO o.a.j.t.JMeterThread: Thread started: Agent search 2-439
2026-10-09 01:18:10,416 INFO o.a.j.t.JMeterThread: Thread is done: Agent search 2-439
2026-10-09 01:18:10,416 INFO o.a.j.t.JMeterThread: Thread finished: Agent search 2-439
2026-10-09 01:18:14,851 INFO o.a.j.t.JMeterThread: Thread started: Agent search 2-440
2026-10-09 01:18:14,915 INFO o.a.j.t.JMeterThread: Thread is done: Agent search 2-440
2026-10-09 01:18:14,916 INFO o.a.j.t.JMeterThread: Thread finished: Agent search 2-440
2026-10-09 01:18:24,380 INFO o.a.j.t.JMeterThread: Thread started: Agent search 2-441
2026-10-09 01:18:24,650 INFO o.a.j.t.JMeterThread: Thread is done: Agent search 2-441
2026-10-09 01:18:24,651 INFO o.a.j.t.JMeterThread: Thread finished: Agent search 2-441
2026-10-09 01:18:25,820 INFO o.a.j.t.JMeterThread: Thread started: Agent search 2-442
2026-10-09 01:18:26,083 INFO o.a.j.t.JMeterThread: Thread is done: Agent search 2-442
2026-10-09 01:18:26,083 INFO o.a.j.t.JMeterThread: Thread finished: Agent search 2-442
2026-10-09 01:18:32,083 INFO o.a.j.t.JMeterThread: Thread started: Ticket intake 1-111
2026-10-09 01:18:33,600 INFO o.a.j.t.JMeterThread: Thread started: Agent search 2-443
2026-10-09 01:18:33,765 INFO o.a.j.r.Summariser: summary +      9 in 00:00:32 =    0.3/s Avg:  1262 Min:    63 Max:  9746 Err:     0 (0.00%) Active: 2 Started: 554 Finished: 552
2026-10-09 01:18:33,765 INFO o.a.j.r.Summariser: summary =    553 in 00:31:58 =    0.3/s Avg:  1437 Min:    55 Max: 17007 Err:     0 (0.00%)
2026-10-09 01:18:33,765 INFO o.a.j.t.JMeterThread: Thread is done: Agent search 2-443
2026-10-09 01:18:33,765 INFO o.a.j.t.JMeterThread: Thread finished: Agent search 2-443
2026-10-09 01:18:38,065 INFO o.a.j.t.JMeterThread: Thread is done: Ticket intake 1-111
2026-10-09 01:18:38,065 INFO o.a.j.t.JMeterThread: Thread finished: Ticket intake 1-111
2026-10-09 01:18:39,583 INFO o.a.j.t.JMeterThread: Thread started: Ticket intake 1-112
2026-10-09 01:18:42,318 INFO o.a.j.t.JMeterThread: Thread started: Agent search 2-444
2026-10-09 01:18:42,571 INFO o.a.j.t.JMeterThread: Thread is done: Agent search 2-444
2026-10-09 01:18:42,571 INFO o.a.j.t.JMeterThread: Thread finished: Agent search 2-444
2026-10-09 01:18:44,070 INFO o.a.j.t.JMeterThread: Thread started: Agent search 2-445
2026-10-09 01:18:44,313 INFO o.a.j.t.JMeterThread: Thread is done: Agent search 2-445
2026-10-09 01:18:44,313 INFO o.a.j.t.JMeterThread: Thread finished: Agent search 2-445
2026-10-09 01:18:44,446 INFO o.a.j.t.JMeterThread: Thread is done: Ticket intake 1-112
2026-10-09 01:18:44,446 INFO o.a.j.t.JMeterThread: Thread finished: Ticket intake 1-112
2026-10-09 01:18:46,365 INFO o.a.j.t.JMeterThread: Thread started: Agent search 2-446
2026-10-09 01:18:46,435 INFO o.a.j.t.JMeterThread: Thread is done: Agent search 2-446
2026-10-09 01:18:46,435 INFO o.a.j.t.JMeterThread: Thread finished: Agent search 2-446
2026-10-09 01:18:52,191 INFO o.a.j.t.JMeterThread: Thread started: Agent search 2-447
2026-10-09 01:18:52,298 INFO o.a.j.t.JMeterThread: Thread is done: Agent search 2-447
2026-10-09 01:18:52,298 INFO o.a.j.t.JMeterThread: Thread finished: Agent search 2-447
2026-10-09 01:18:53,236 INFO o.a.j.t.JMeterThread: Thread started: Agent search 2-448
2026-10-09 01:18:53,425 INFO o.a.j.t.JMeterThread: Thread is done: Agent search 2-448
2026-10-09 01:18:53,425 INFO o.a.j.t.JMeterThread: Thread finished: Agent search 2-448
2026-10-09 01:18:55,198 INFO o.a.j.t.JMeterThread: Thread started: Agent search 2-449
2026-10-09 01:18:55,370 INFO o.a.j.t.JMeterThread: Thread is done: Agent search 2-449
2026-10-09 01:18:55,370 INFO o.a.j.t.JMeterThread: Thread finished: Agent search 2-449
2026-10-09 01:18:58,109 INFO o.a.j.t.JMeterThread: Thread started: Agent search 2-450
2026-10-09 01:18:58,781 INFO o.a.j.t.JMeterThread: Thread is done: Agent search 2-450
2026-10-09 01:18:58,782 INFO o.a.j.t.JMeterThread: Thread finished: Agent search 2-450
2026-10-09 01:19:04,079 INFO o.a.j.t.JMeterThread: Thread started: Ticket intake 1-113
2026-10-09 01:19:04,435 INFO o.a.j.t.JMeterThread: Thread started: Agent search 2-451
2026-10-09 01:19:04,690 INFO o.a.j.r.Summariser: summary +     10 in 00:00:31 =    0.3/s Avg:  1279 Min:    69 Max:  5981 Err:     0 (0.00%) Active: 2 Started: 564 Finished: 562
2026-10-09 01:19:04,690 INFO o.a.j.r.Summariser: summary =    563 in 00:32:29 =    0.3/s Avg:  1434 Min:    55 Max: 17007 Err:     0 (0.00%)
2026-10-09 01:19:04,690 INFO o.a.j.t.JMeterThread: Thread is done: Agent search 2-451
2026-10-09 01:19:04,690 INFO o.a.j.t.JMeterThread: Thread finished: Agent search 2-451
2026-10-09 01:19:06,145 INFO o.a.j.t.JMeterThread: Thread started: Agent search 2-452
2026-10-09 01:19:06,430 INFO o.a.j.t.JMeterThread: Thread is done: Agent search 2-452
2026-10-09 01:19:06,430 INFO o.a.j.t.JMeterThread: Thread finished: Agent search 2-452
2026-10-09 01:19:07,440 INFO o.a.j.t.JMeterThread: Thread started: Ticket intake 1-114
2026-10-09 01:19:08,296 INFO o.a.j.t.JMeterThread: Thread started: Agent search 2-453
2026-10-09 01:19:08,499 INFO o.a.j.t.JMeterThread: Thread is done: Agent search 2-453
2026-10-09 01:19:08,499 INFO o.a.j.t.JMeterThread: Thread finished: Agent search 2-453
2026-10-09 01:19:08,936 INFO o.a.j.t.JMeterThread: Thread started: Agent search 2-454
2026-10-09 01:19:09,195 INFO o.a.j.t.JMeterThread: Thread is done: Agent search 2-454
2026-10-09 01:19:09,195 INFO o.a.j.t.JMeterThread: Thread finished: Agent search 2-454
2026-10-09 01:19:11,045 INFO o.a.j.t.JMeterThread: Thread started: Agent search 2-455
2026-10-09 01:19:11,116 INFO o.a.j.t.JMeterThread: Thread started: Agent search 2-456
2026-10-09 01:19:11,135 INFO o.a.j.t.JMeterThread: Thread is done: Agent search 2-455
2026-10-09 01:19:11,135 INFO o.a.j.t.JMeterThread: Thread finished: Agent search 2-455
2026-10-09 01:19:11,194 INFO o.a.j.t.JMeterThread: Thread is done: Agent search 2-456
2026-10-09 01:19:11,195 INFO o.a.j.t.JMeterThread: Thread finished: Agent search 2-456
2026-10-09 01:19:11,478 INFO o.a.j.t.JMeterThread: Thread started: Agent search 2-457
2026-10-09 01:19:11,652 INFO o.a.j.t.JMeterThread: Thread is done: Agent search 2-457
2026-10-09 01:19:11,653 INFO o.a.j.t.JMeterThread: Thread finished: Agent search 2-457
2026-10-09 01:19:11,959 INFO o.a.j.t.JMeterThread: Thread is done: Ticket intake 1-113
2026-10-09 01:19:11,959 INFO o.a.j.t.JMeterThread: Thread finished: Ticket intake 1-113
2026-10-09 01:19:15,552 INFO o.a.j.t.JMeterThread: Thread started: Ticket intake 1-115
2026-10-09 01:19:20,049 INFO o.a.j.t.JMeterThread: Thread is done: Ticket intake 1-114
2026-10-09 01:19:20,049 INFO o.a.j.t.JMeterThread: Thread finished: Ticket intake 1-114
2026-10-09 01:19:20,310 INFO o.a.j.t.JMeterThread: Thread started: Ticket intake 1-116
2026-10-09 01:19:20,821 INFO o.a.j.t.JMeterThread: Thread started: Ticket intake 1-117
2026-10-09 01:19:24,243 INFO o.a.j.t.JMeterThread: Thread started: Agent search 2-458
2026-10-09 01:19:24,349 INFO o.a.j.t.JMeterThread: Thread is done: Ticket intake 1-115
2026-10-09 01:19:24,350 INFO o.a.j.t.JMeterThread: Thread finished: Ticket intake 1-115
2026-10-09 01:19:24,491 INFO o.a.j.t.JMeterThread: Thread is done: Agent search 2-458
2026-10-09 01:19:24,491 INFO o.a.j.t.JMeterThread: Thread finished: Agent search 2-458
2026-10-09 01:19:27,730 INFO o.a.j.t.JMeterThread: Thread is done: Ticket intake 1-116
2026-10-09 01:19:27,730 INFO o.a.j.t.JMeterThread: Thread finished: Ticket intake 1-116
2026-10-09 01:19:29,452 INFO o.a.j.t.JMeterThread: Thread started: Agent search 2-459
2026-10-09 01:19:29,530 INFO o.a.j.t.JMeterThread: Thread is done: Agent search 2-459
2026-10-09 01:19:29,530 INFO o.a.j.t.JMeterThread: Thread finished: Agent search 2-459
2026-10-09 01:19:32,337 INFO o.a.j.r.Summariser: summary +     13 in 00:00:28 =    0.5/s Avg:  3817 Min:    77 Max: 12607 Err:     0 (0.00%) Active: 1 Started: 576 Finished: 575
2026-10-09 01:19:32,338 INFO o.a.j.r.Summariser: summary =    576 in 00:32:57 =    0.3/s Avg:  1488 Min:    55 Max: 17007 Err:     0 (0.00%)
2026-10-09 01:19:32,338 INFO o.a.j.t.JMeterThread: Thread is done: Ticket intake 1-117
2026-10-09 01:19:32,338 INFO o.a.j.t.JMeterThread: Thread finished: Ticket intake 1-117
2026-10-09 01:19:32,907 INFO o.a.j.t.JMeterThread: Thread started: Agent search 2-460
2026-10-09 01:19:33,146 INFO o.a.j.t.JMeterThread: Thread is done: Agent search 2-460
2026-10-09 01:19:33,147 INFO o.a.j.t.JMeterThread: Thread finished: Agent search 2-460
2026-10-09 01:19:49,035 INFO o.a.j.t.JMeterThread: Thread started: Agent search 2-461
2026-10-09 01:19:49,338 INFO o.a.j.t.JMeterThread: Thread is done: Agent search 2-461
2026-10-09 01:19:49,338 INFO o.a.j.t.JMeterThread: Thread finished: Agent search 2-461
2026-10-09 01:19:52,484 INFO o.a.j.t.JMeterThread: Thread started: Agent search 2-462
2026-10-09 01:19:52,715 INFO o.a.j.t.JMeterThread: Thread is done: Agent search 2-462
2026-10-09 01:19:52,715 INFO o.a.j.t.JMeterThread: Thread finished: Agent search 2-462
2026-10-09 01:19:54,281 INFO o.a.j.t.JMeterThread: Thread started: Agent search 2-463
2026-10-09 01:19:54,457 INFO o.a.j.t.JMeterThread: Thread is done: Agent search 2-463
2026-10-09 01:19:54,457 INFO o.a.j.t.JMeterThread: Thread finished: Agent search 2-463
2026-10-09 01:20:10,861 INFO o.a.j.t.JMeterThread: Thread started: Agent search 2-464
2026-10-09 01:20:11,074 INFO o.a.j.t.JMeterThread: Thread is done: Agent search 2-464
2026-10-09 01:20:11,074 INFO o.a.j.t.JMeterThread: Thread finished: Agent search 2-464
2026-10-09 01:20:16,172 INFO o.a.j.t.JMeterThread: Thread started: Agent search 2-465
2026-10-09 01:20:16,267 INFO o.a.j.t.JMeterThread: Thread is done: Agent search 2-465
2026-10-09 01:20:16,268 INFO o.a.j.t.JMeterThread: Thread finished: Agent search 2-465
2026-10-09 01:20:23,797 INFO o.a.j.t.JMeterThread: Thread started: Agent search 2-466
2026-10-09 01:20:24,051 INFO o.a.j.t.JMeterThread: Thread is done: Agent search 2-466
2026-10-09 01:20:24,051 INFO o.a.j.t.JMeterThread: Thread finished: Agent search 2-466
2026-10-09 01:20:35,922 INFO o.a.j.t.JMeterThread: Thread started: Agent search 2-467
2026-10-09 01:20:35,933 INFO o.a.j.t.JMeterThread: Thread started: Agent search 2-468
2026-10-09 01:20:36,134 INFO o.a.j.t.JMeterThread: Thread is done: Agent search 2-467
2026-10-09 01:20:36,134 INFO o.a.j.t.JMeterThread: Thread is done: Agent search 2-468
2026-10-09 01:20:36,134 INFO o.a.j.t.JMeterThread: Thread finished: Agent search 2-467
2026-10-09 01:20:36,134 INFO o.a.j.t.JMeterThread: Thread finished: Agent search 2-468
2026-10-09 01:20:40,877 INFO o.a.j.t.JMeterThread: Thread started: Agent search 2-469
2026-10-09 01:20:41,049 INFO o.a.j.t.JMeterThread: Thread is done: Agent search 2-469
2026-10-09 01:20:41,049 INFO o.a.j.t.JMeterThread: Thread finished: Agent search 2-469
2026-10-09 01:20:47,793 INFO o.a.j.t.JMeterThread: Thread started: Agent search 2-470
2026-10-09 01:20:48,012 INFO o.a.j.t.JMeterThread: Thread is done: Agent search 2-470
2026-10-09 01:20:48,012 INFO o.a.j.t.JMeterThread: Thread finished: Agent search 2-470
2026-10-09 01:20:51,744 INFO o.a.j.t.JMeterThread: Thread started: Agent search 2-471
2026-10-09 01:20:51,837 INFO o.a.j.t.JMeterThread: Thread is done: Agent search 2-471
2026-10-09 01:20:51,837 INFO o.a.j.t.JMeterThread: Thread finished: Agent search 2-471
2026-10-09 01:21:08,389 INFO o.a.j.t.JMeterThread: Thread started: Agent search 2-472
2026-10-09 01:21:08,528 INFO o.a.j.t.JMeterThread: Thread is done: Agent search 2-472
2026-10-09 01:21:08,528 INFO o.a.j.t.JMeterThread: Thread finished: Agent search 2-472
2026-10-09 01:21:20,059 INFO o.a.j.t.JMeterThread: Thread started: Agent search 2-473
2026-10-09 01:21:20,270 INFO o.a.j.t.JMeterThread: Thread is done: Agent search 2-473
2026-10-09 01:21:20,270 INFO o.a.j.t.JMeterThread: Thread finished: Agent search 2-473
2026-10-09 01:21:21,233 INFO o.a.j.t.JMeterThread: Thread started: Ticket intake 1-118
2026-10-09 01:21:29,168 INFO o.a.j.t.JMeterThread: Thread started: Agent search 2-474
2026-10-09 01:21:29,383 INFO o.a.j.t.JMeterThread: Thread is done: Agent search 2-474
2026-10-09 01:21:29,383 INFO o.a.j.t.JMeterThread: Thread finished: Agent search 2-474
2026-10-09 01:21:30,202 INFO o.a.j.r.Summariser: summary +     16 in 00:01:58 =    0.1/s Avg:   745 Min:    92 Max:  8967 Err:     0 (0.00%) Active: 1 Started: 592 Finished: 591
2026-10-09 01:21:30,203 INFO o.a.j.r.Summariser: summary =    592 in 00:34:55 =    0.3/s Avg:  1468 Min:    55 Max: 17007 Err:     0 (0.00%)
2026-10-09 01:21:30,203 INFO o.a.j.t.JMeterThread: Thread is done: Ticket intake 1-118
2026-10-09 01:21:30,203 INFO o.a.j.t.JMeterThread: Thread finished: Ticket intake 1-118
2026-10-09 01:21:40,940 INFO o.a.j.t.JMeterThread: Thread started: Agent search 2-475
2026-10-09 01:21:41,056 INFO o.a.j.t.JMeterThread: Thread is done: Agent search 2-475
2026-10-09 01:21:41,057 INFO o.a.j.t.JMeterThread: Thread finished: Agent search 2-475
2026-10-09 01:21:42,680 INFO o.a.j.t.JMeterThread: Thread started: Agent search 2-476
2026-10-09 01:21:42,899 INFO o.a.j.t.JMeterThread: Thread is done: Agent search 2-476
2026-10-09 01:21:42,900 INFO o.a.j.t.JMeterThread: Thread finished: Agent search 2-476
2026-10-09 01:21:45,198 INFO o.a.j.t.JMeterThread: Thread started: Agent search 2-477
2026-10-09 01:21:45,358 INFO o.a.j.t.JMeterThread: Thread is done: Agent search 2-477
2026-10-09 01:21:45,358 INFO o.a.j.t.JMeterThread: Thread finished: Agent search 2-477
2026-10-09 01:21:48,898 INFO o.a.j.t.JMeterThread: Thread started: Agent search 2-478
2026-10-09 01:21:49,044 INFO o.a.j.t.JMeterThread: Thread is done: Agent search 2-478
2026-10-09 01:21:49,044 INFO o.a.j.t.JMeterThread: Thread finished: Agent search 2-478
2026-10-09 01:21:49,479 INFO o.a.j.t.JMeterThread: Thread started: Agent search 2-479
2026-10-09 01:21:49,658 INFO o.a.j.t.JMeterThread: Thread is done: Agent search 2-479
2026-10-09 01:21:49,658 INFO o.a.j.t.JMeterThread: Thread finished: Agent search 2-479
2026-10-09 01:21:49,825 INFO o.a.j.t.JMeterThread: Thread started: Ticket intake 1-119
2026-10-09 01:21:54,447 INFO o.a.j.t.JMeterThread: Thread started: Agent search 2-480
2026-10-09 01:21:54,676 INFO o.a.j.t.JMeterThread: Thread is done: Agent search 2-480
2026-10-09 01:21:54,676 INFO o.a.j.t.JMeterThread: Thread finished: Agent search 2-480
2026-10-09 01:21:55,494 INFO o.a.j.t.JMeterThread: Thread is done: Ticket intake 1-119
2026-10-09 01:21:55,495 INFO o.a.j.t.JMeterThread: Thread finished: Ticket intake 1-119
2026-10-09 01:22:05,140 INFO o.a.j.t.JMeterThread: Thread started: Ticket intake 1-120
2026-10-09 01:22:05,524 INFO o.a.j.t.JMeterThread: Thread started: Agent search 2-481
2026-10-09 01:22:05,633 INFO o.a.j.r.Summariser: summary +      8 in 00:00:35 =    0.2/s Avg:   852 Min:   106 Max:  5669 Err:     0 (0.00%) Active: 2 Started: 601 Finished: 599
2026-10-09 01:22:05,634 INFO o.a.j.r.Summariser: summary =    600 in 00:35:30 =    0.3/s Avg:  1459 Min:    55 Max: 17007 Err:     0 (0.00%)
2026-10-09 01:22:05,634 INFO o.a.j.t.JMeterThread: Thread is done: Agent search 2-481
2026-10-09 01:22:05,634 INFO o.a.j.t.JMeterThread: Thread finished: Agent search 2-481
2026-10-09 01:22:10,139 INFO o.a.j.t.JMeterThread: Thread is done: Ticket intake 1-120
2026-10-09 01:22:10,139 INFO o.a.j.t.JMeterThread: Thread finished: Ticket intake 1-120
2026-10-09 01:22:14,984 INFO o.a.j.t.JMeterThread: Thread started: Agent search 2-482
2026-10-09 01:22:15,156 INFO o.a.j.t.JMeterThread: Thread is done: Agent search 2-482
2026-10-09 01:22:15,157 INFO o.a.j.t.JMeterThread: Thread finished: Agent search 2-482
2026-10-09 01:22:15,721 INFO o.a.j.t.JMeterThread: Thread started: Agent search 2-483
2026-10-09 01:22:16,007 INFO o.a.j.t.JMeterThread: Thread is done: Agent search 2-483
2026-10-09 01:22:16,007 INFO o.a.j.t.JMeterThread: Thread finished: Agent search 2-483
2026-10-09 01:22:27,530 INFO o.a.j.t.JMeterThread: Thread started: Agent search 2-484
2026-10-09 01:22:27,649 INFO o.a.j.t.JMeterThread: Thread is done: Agent search 2-484
2026-10-09 01:22:27,649 INFO o.a.j.t.JMeterThread: Thread finished: Agent search 2-484
2026-10-09 01:22:29,936 INFO o.a.j.t.JMeterThread: Thread started: Agent search 2-485
2026-10-09 01:22:30,108 INFO o.a.j.r.Summariser: summary +      5 in 00:00:24 =    0.2/s Avg:  1148 Min:   118 Max:  4997 Err:     0 (0.00%) Active: 1 Started: 605 Finished: 604
2026-10-09 01:22:30,109 INFO o.a.j.r.Summariser: summary =    605 in 00:35:55 =    0.3/s Avg:  1457 Min:    55 Max: 17007 Err:     0 (0.00%)
2026-10-09 01:22:30,109 INFO o.a.j.t.JMeterThread: Thread is done: Agent search 2-485
2026-10-09 01:22:30,109 INFO o.a.j.t.JMeterThread: Thread finished: Agent search 2-485
2026-10-09 01:22:30,988 INFO o.a.j.t.JMeterThread: Thread started: Agent search 2-486
2026-10-09 01:22:31,233 INFO o.a.j.t.JMeterThread: Thread is done: Agent search 2-486
2026-10-09 01:22:31,233 INFO o.a.j.t.JMeterThread: Thread finished: Agent search 2-486
2026-10-09 01:22:34,050 INFO o.a.j.t.JMeterThread: Thread started: Agent search 2-487
2026-10-09 01:22:34,305 INFO o.a.j.t.JMeterThread: Thread is done: Agent search 2-487
2026-10-09 01:22:34,305 INFO o.a.j.t.JMeterThread: Thread finished: Agent search 2-487
2026-10-09 01:22:35,167 INFO o.a.j.t.JMeterThread: Thread started: Agent search 2-488
2026-10-09 01:22:35,264 INFO o.a.j.t.JMeterThread: Thread is done: Agent search 2-488
2026-10-09 01:22:35,264 INFO o.a.j.t.JMeterThread: Thread finished: Agent search 2-488
2026-10-09 01:22:37,404 INFO o.a.j.t.JMeterThread: Thread started: Ticket intake 1-121
2026-10-09 01:22:37,858 INFO o.a.j.t.JMeterThread: Thread started: Agent search 2-489
2026-10-09 01:22:37,946 INFO o.a.j.t.JMeterThread: Thread is done: Agent search 2-489
2026-10-09 01:22:37,946 INFO o.a.j.t.JMeterThread: Thread finished: Agent search 2-489
2026-10-09 01:22:41,870 INFO o.a.j.t.JMeterThread: Thread is done: Ticket intake 1-121
2026-10-09 01:22:41,871 INFO o.a.j.t.JMeterThread: Thread finished: Ticket intake 1-121
2026-10-09 01:22:50,817 INFO o.a.j.t.JMeterThread: Thread started: Agent search 2-490
2026-10-09 01:22:50,926 INFO o.a.j.t.JMeterThread: Thread is done: Agent search 2-490
2026-10-09 01:22:50,926 INFO o.a.j.t.JMeterThread: Thread finished: Agent search 2-490
2026-10-09 01:22:59,690 INFO o.a.j.t.JMeterThread: Thread started: Agent search 2-491
2026-10-09 01:22:59,839 INFO o.a.j.t.JMeterThread: Thread is done: Agent search 2-491
2026-10-09 01:22:59,840 INFO o.a.j.t.JMeterThread: Thread finished: Agent search 2-491
2026-10-09 01:23:02,618 INFO o.a.j.t.JMeterThread: Thread started: Agent search 2-492
2026-10-09 01:23:02,772 INFO o.a.j.r.Summariser: summary +      8 in 00:00:33 =    0.2/s Avg:   694 Min:    87 Max:  4465 Err:     0 (0.00%) Active: 1 Started: 613 Finished: 612
2026-10-09 01:23:02,773 INFO o.a.j.r.Summariser: summary =    613 in 00:36:27 =    0.3/s Avg:  1447 Min:    55 Max: 17007 Err:     0 (0.00%)
2026-10-09 01:23:02,773 INFO o.a.j.t.JMeterThread: Thread is done: Agent search 2-492
2026-10-09 01:23:02,773 INFO o.a.j.t.JMeterThread: Thread finished: Agent search 2-492
2026-10-09 01:23:02,774 INFO o.a.j.t.JMeterThread: Thread started: Agent search 2-493
2026-10-09 01:23:02,838 INFO o.a.j.t.JMeterThread: Thread is done: Agent search 2-493
2026-10-09 01:23:02,839 INFO o.a.j.t.JMeterThread: Thread finished: Agent search 2-493
2026-10-09 01:23:03,550 INFO o.a.j.t.JMeterThread: Thread started: Agent search 2-494
2026-10-09 01:23:03,899 INFO o.a.j.t.JMeterThread: Thread is done: Agent search 2-494
2026-10-09 01:23:03,899 INFO o.a.j.t.JMeterThread: Thread finished: Agent search 2-494
2026-10-09 01:23:04,334 INFO o.a.j.t.JMeterThread: Thread started: Agent search 2-495
2026-10-09 01:23:04,512 INFO o.a.j.t.JMeterThread: Thread is done: Agent search 2-495
2026-10-09 01:23:04,512 INFO o.a.j.t.JMeterThread: Thread finished: Agent search 2-495
2026-10-09 01:23:06,540 INFO o.a.j.t.JMeterThread: Thread started: Agent search 2-496
2026-10-09 01:23:06,663 INFO o.a.j.t.JMeterThread: Thread is done: Agent search 2-496
2026-10-09 01:23:06,663 INFO o.a.j.t.JMeterThread: Thread finished: Agent search 2-496
2026-10-09 01:23:10,271 INFO o.a.j.t.JMeterThread: Thread started: Agent search 2-497
2026-10-09 01:23:10,402 INFO o.a.j.t.JMeterThread: Thread is done: Agent search 2-497
2026-10-09 01:23:10,402 INFO o.a.j.t.JMeterThread: Thread finished: Agent search 2-497
2026-10-09 01:23:17,922 INFO o.a.j.t.JMeterThread: Thread started: Ticket intake 1-122
2026-10-09 01:23:18,043 INFO o.a.j.t.JMeterThread: Thread started: Agent search 2-498
2026-10-09 01:23:18,132 INFO o.a.j.t.JMeterThread: Thread is done: Agent search 2-498
2026-10-09 01:23:18,132 INFO o.a.j.t.JMeterThread: Thread finished: Agent search 2-498
2026-10-09 01:23:26,939 INFO o.a.j.t.JMeterThread: Thread is done: Ticket intake 1-122
2026-10-09 01:23:26,939 INFO o.a.j.t.JMeterThread: Thread finished: Ticket intake 1-122
2026-10-09 01:23:28,466 INFO o.a.j.t.JMeterThread: Thread started: Agent search 2-499
2026-10-09 01:23:28,680 INFO o.a.j.t.JMeterThread: Thread is done: Agent search 2-499
2026-10-09 01:23:28,680 INFO o.a.j.t.JMeterThread: Thread finished: Agent search 2-499
2026-10-09 01:23:28,827 INFO o.a.j.t.JMeterThread: Thread started: Agent search 2-500
2026-10-09 01:23:28,948 INFO o.a.j.t.JMeterThread: Thread is done: Agent search 2-500
2026-10-09 01:23:28,949 INFO o.a.j.t.JMeterThread: Thread finished: Agent search 2-500
2026-10-09 01:23:32,860 INFO o.a.j.t.JMeterThread: Thread started: Agent search 2-501
2026-10-09 01:23:33,084 INFO o.a.j.r.Summariser: summary +     10 in 00:00:30 =    0.3/s Avg:  1050 Min:    64 Max:  9016 Err:     0 (0.00%) Active: 1 Started: 623 Finished: 622
2026-10-09 01:23:33,084 INFO o.a.j.r.Summariser: summary =    623 in 00:36:57 =    0.3/s Avg:  1441 Min:    55 Max: 17007 Err:     0 (0.00%)
2026-10-09 01:23:33,084 INFO o.a.j.t.JMeterThread: Thread is done: Agent search 2-501
2026-10-09 01:23:33,084 INFO o.a.j.t.JMeterThread: Thread finished: Agent search 2-501
2026-10-09 01:23:39,298 INFO o.a.j.t.JMeterThread: Thread started: Agent search 2-502
2026-10-09 01:23:39,433 INFO o.a.j.t.JMeterThread: Thread is done: Agent search 2-502
2026-10-09 01:23:39,433 INFO o.a.j.t.JMeterThread: Thread finished: Agent search 2-502
2026-10-09 01:23:42,029 INFO o.a.j.t.JMeterThread: Thread started: Agent search 2-503
2026-10-09 01:23:42,300 INFO o.a.j.t.JMeterThread: Thread is done: Agent search 2-503
2026-10-09 01:23:42,300 INFO o.a.j.t.JMeterThread: Thread finished: Agent search 2-503
2026-10-09 01:23:43,034 INFO o.a.j.t.JMeterThread: Thread started: Ticket intake 1-123
2026-10-09 01:23:44,382 INFO o.a.j.t.JMeterThread: Thread started: Agent search 2-504
2026-10-09 01:23:44,473 INFO o.a.j.t.JMeterThread: Thread started: Agent search 2-505
2026-10-09 01:23:44,498 INFO o.a.j.t.JMeterThread: Thread is done: Agent search 2-504
2026-10-09 01:23:44,498 INFO o.a.j.t.JMeterThread: Thread finished: Agent search 2-504
2026-10-09 01:23:44,530 INFO o.a.j.t.JMeterThread: Thread is done: Agent search 2-505
2026-10-09 01:23:44,531 INFO o.a.j.t.JMeterThread: Thread finished: Agent search 2-505
2026-10-09 01:23:45,618 INFO o.a.j.t.JMeterThread: Thread started: Agent search 2-506
2026-10-09 01:23:45,782 INFO o.a.j.t.JMeterThread: Thread is done: Agent search 2-506
2026-10-09 01:23:45,782 INFO o.a.j.t.JMeterThread: Thread finished: Agent search 2-506
2026-10-09 01:23:46,562 INFO o.a.j.t.JMeterThread: Thread started: Agent search 2-507
2026-10-09 01:23:46,805 INFO o.a.j.t.JMeterThread: Thread is done: Agent search 2-507
2026-10-09 01:23:46,805 INFO o.a.j.t.JMeterThread: Thread finished: Agent search 2-507
2026-10-09 01:23:46,988 INFO o.a.j.t.JMeterThread: Thread started: Agent search 2-508
2026-10-09 01:23:47,113 INFO o.a.j.t.JMeterThread: Thread is done: Agent search 2-508
2026-10-09 01:23:47,113 INFO o.a.j.t.JMeterThread: Thread finished: Agent search 2-508
2026-10-09 01:23:48,835 INFO o.a.j.t.JMeterThread: Thread started: Agent search 2-509
2026-10-09 01:23:49,059 INFO o.a.j.t.JMeterThread: Thread is done: Agent search 2-509
2026-10-09 01:23:49,059 INFO o.a.j.t.JMeterThread: Thread finished: Agent search 2-509
2026-10-09 01:23:49,190 INFO o.a.j.t.JMeterThread: Thread is done: Ticket intake 1-123
2026-10-09 01:23:49,190 INFO o.a.j.t.JMeterThread: Thread finished: Ticket intake 1-123
2026-10-09 01:23:55,162 INFO o.a.j.t.JMeterThread: Thread started: Agent search 2-510
2026-10-09 01:23:55,320 INFO o.a.j.t.JMeterThread: Thread started: Agent search 2-511
2026-10-09 01:23:55,344 INFO o.a.j.t.JMeterThread: Thread is done: Agent search 2-510
2026-10-09 01:23:55,344 INFO o.a.j.t.JMeterThread: Thread finished: Agent search 2-510
2026-10-09 01:23:55,392 INFO o.a.j.t.JMeterThread: Thread is done: Agent search 2-511
2026-10-09 01:23:55,392 INFO o.a.j.t.JMeterThread: Thread finished: Agent search 2-511
2026-10-09 01:23:56,901 INFO o.a.j.t.JMeterThread: Thread started: Agent search 2-512
2026-10-09 01:23:57,148 INFO o.a.j.t.JMeterThread: Thread is done: Agent search 2-512
2026-10-09 01:23:57,148 INFO o.a.j.t.JMeterThread: Thread finished: Agent search 2-512
2026-10-09 01:24:00,408 INFO o.a.j.t.JMeterThread: Thread started: Ticket intake 1-124
2026-10-09 01:24:04,214 INFO o.a.j.r.Summariser: summary +     13 in 00:00:31 =    0.4/s Avg:   906 Min:    57 Max:  6156 Err:     0 (0.00%) Active: 1 Started: 636 Finished: 635
2026-10-09 01:24:04,215 INFO o.a.j.r.Summariser: summary =    636 in 00:37:29 =    0.3/s Avg:  1430 Min:    55 Max: 17007 Err:     0 (0.00%)
2026-10-09 01:24:04,215 INFO o.a.j.t.JMeterThread: Thread is done: Ticket intake 1-124
2026-10-09 01:24:04,215 INFO o.a.j.t.JMeterThread: Thread finished: Ticket intake 1-124
2026-10-09 01:24:05,195 INFO o.a.j.t.JMeterThread: Thread started: Agent search 2-513
2026-10-09 01:24:05,340 INFO o.a.j.t.JMeterThread: Thread is done: Agent search 2-513
2026-10-09 01:24:05,340 INFO o.a.j.t.JMeterThread: Thread finished: Agent search 2-513
2026-10-09 01:24:09,851 INFO o.a.j.t.JMeterThread: Thread started: Agent search 2-514
2026-10-09 01:24:09,948 INFO o.a.j.t.JMeterThread: Thread is done: Agent search 2-514
2026-10-09 01:24:09,948 INFO o.a.j.t.JMeterThread: Thread finished: Agent search 2-514
2026-10-09 01:24:10,256 INFO o.a.j.t.JMeterThread: Thread started: Agent search 2-515
2026-10-09 01:24:10,460 INFO o.a.j.t.JMeterThread: Thread is done: Agent search 2-515
2026-10-09 01:24:10,460 INFO o.a.j.t.JMeterThread: Thread finished: Agent search 2-515
2026-10-09 01:24:10,472 INFO o.a.j.t.JMeterThread: Thread started: Agent search 2-516
2026-10-09 01:24:10,562 INFO o.a.j.t.JMeterThread: Thread is done: Agent search 2-516
2026-10-09 01:24:10,562 INFO o.a.j.t.JMeterThread: Thread finished: Agent search 2-516
2026-10-09 01:24:11,717 INFO o.a.j.t.JMeterThread: Thread started: Agent search 2-517
2026-10-09 01:24:11,864 INFO o.a.j.t.JMeterThread: Thread is done: Agent search 2-517
2026-10-09 01:24:11,865 INFO o.a.j.t.JMeterThread: Thread finished: Agent search 2-517
2026-10-09 01:24:21,204 INFO o.a.j.t.JMeterThread: Thread started: Agent search 2-518
2026-10-09 01:24:21,519 INFO o.a.j.t.JMeterThread: Thread is done: Agent search 2-518
2026-10-09 01:24:21,519 INFO o.a.j.t.JMeterThread: Thread finished: Agent search 2-518
2026-10-09 01:24:22,805 INFO o.a.j.t.JMeterThread: Thread started: Agent search 2-519
2026-10-09 01:24:22,861 INFO o.a.j.t.JMeterThread: Thread is done: Agent search 2-519
2026-10-09 01:24:22,861 INFO o.a.j.t.JMeterThread: Thread finished: Agent search 2-519
2026-10-09 01:24:23,764 INFO o.a.j.t.JMeterThread: Thread started: Agent search 2-520
2026-10-09 01:24:23,835 INFO o.a.j.t.JMeterThread: Thread is done: Agent search 2-520
2026-10-09 01:24:23,835 INFO o.a.j.t.JMeterThread: Thread finished: Agent search 2-520
2026-10-09 01:24:30,374 INFO o.a.j.t.JMeterThread: Thread started: Agent search 2-521
2026-10-09 01:24:30,666 INFO o.a.j.r.Summariser: summary +      9 in 00:00:26 =    0.3/s Avg:   156 Min:    55 Max:   314 Err:     0 (0.00%) Active: 1 Started: 645 Finished: 644
2026-10-09 01:24:30,666 INFO o.a.j.r.Summariser: summary =    645 in 00:37:55 =    0.3/s Avg:  1412 Min:    55 Max: 17007 Err:     0 (0.00%)
2026-10-09 01:24:30,666 INFO o.a.j.t.JMeterThread: Thread is done: Agent search 2-521
2026-10-09 01:24:30,666 INFO o.a.j.t.JMeterThread: Thread finished: Agent search 2-521
2026-10-09 01:24:36,433 INFO o.a.j.t.JMeterThread: Thread started: Agent search 2-522
2026-10-09 01:24:36,674 INFO o.a.j.t.JMeterThread: Thread is done: Agent search 2-522
2026-10-09 01:24:36,675 INFO o.a.j.t.JMeterThread: Thread finished: Agent search 2-522
2026-10-09 01:24:39,081 INFO o.a.j.t.JMeterThread: Thread started: Agent search 2-523
2026-10-09 01:24:39,235 INFO o.a.j.t.JMeterThread: Thread is done: Agent search 2-523
2026-10-09 01:24:39,235 INFO o.a.j.t.JMeterThread: Thread finished: Agent search 2-523
2026-10-09 01:24:39,681 INFO o.a.j.t.JMeterThread: Thread started: Agent search 2-524
2026-10-09 01:24:40,153 INFO o.a.j.t.JMeterThread: Thread is done: Agent search 2-524
2026-10-09 01:24:40,153 INFO o.a.j.t.JMeterThread: Thread finished: Agent search 2-524
2026-10-09 01:24:42,889 INFO o.a.j.t.JMeterThread: Thread started: Ticket intake 1-125
2026-10-09 01:24:46,608 INFO o.a.j.t.JMeterThread: Thread is done: Ticket intake 1-125
2026-10-09 01:24:46,608 INFO o.a.j.t.JMeterThread: Thread finished: Ticket intake 1-125
2026-10-09 01:24:51,887 INFO o.a.j.t.JMeterThread: Thread started: Ticket intake 1-126
2026-10-09 01:24:52,338 INFO o.a.j.t.JMeterThread: Thread started: Agent search 2-525
2026-10-09 01:24:52,548 INFO o.a.j.t.JMeterThread: Thread is done: Agent search 2-525
2026-10-09 01:24:52,548 INFO o.a.j.t.JMeterThread: Thread finished: Agent search 2-525
2026-10-09 01:24:53,460 INFO o.a.j.t.JMeterThread: Thread started: Agent search 2-526
2026-10-09 01:24:53,674 INFO o.a.j.t.JMeterThread: Thread is done: Agent search 2-526
2026-10-09 01:24:53,674 INFO o.a.j.t.JMeterThread: Thread finished: Agent search 2-526
2026-10-09 01:24:55,362 INFO o.a.j.t.JMeterThread: Thread started: Agent search 2-527
2026-10-09 01:24:55,619 INFO o.a.j.t.JMeterThread: Thread is done: Agent search 2-527
2026-10-09 01:24:55,620 INFO o.a.j.t.JMeterThread: Thread finished: Agent search 2-527
2026-10-09 01:24:56,614 INFO o.a.j.t.JMeterThread: Thread is done: Ticket intake 1-126
2026-10-09 01:24:56,614 INFO o.a.j.t.JMeterThread: Thread finished: Ticket intake 1-126
2026-10-09 01:24:57,839 INFO o.a.j.t.JMeterThread: Thread started: Agent search 2-528
2026-10-09 01:24:59,053 INFO o.a.j.t.JMeterThread: Thread is done: Agent search 2-528
2026-10-09 01:24:59,053 INFO o.a.j.t.JMeterThread: Thread finished: Agent search 2-528
2026-10-09 01:25:04,091 INFO o.a.j.t.JMeterThread: Thread started: Agent search 2-529
2026-10-09 01:25:04,324 INFO o.a.j.r.Summariser: summary +     10 in 00:00:34 =    0.3/s Avg:  1143 Min:   152 Max:  4727 Err:     0 (0.00%) Active: 1 Started: 655 Finished: 654
2026-10-09 01:25:04,324 INFO o.a.j.r.Summariser: summary =    655 in 00:38:29 =    0.3/s Avg:  1408 Min:    55 Max: 17007 Err:     0 (0.00%)
2026-10-09 01:25:04,325 INFO o.a.j.t.JMeterThread: Thread is done: Agent search 2-529
2026-10-09 01:25:04,325 INFO o.a.j.t.JMeterThread: Thread finished: Agent search 2-529
2026-10-09 01:25:12,209 INFO o.a.j.t.JMeterThread: Thread started: Ticket intake 1-127
2026-10-09 01:25:13,769 INFO o.a.j.t.JMeterThread: Thread started: Agent search 2-530
2026-10-09 01:25:13,950 INFO o.a.j.t.JMeterThread: Thread is done: Agent search 2-530
2026-10-09 01:25:13,950 INFO o.a.j.t.JMeterThread: Thread finished: Agent search 2-530
2026-10-09 01:25:18,660 INFO o.a.j.t.JMeterThread: Thread is done: Ticket intake 1-127
2026-10-09 01:25:18,660 INFO o.a.j.t.JMeterThread: Thread finished: Ticket intake 1-127
2026-10-09 01:25:27,116 INFO o.a.j.t.JMeterThread: Thread started: Agent search 2-531
2026-10-09 01:25:27,364 INFO o.a.j.t.JMeterThread: Thread is done: Agent search 2-531
2026-10-09 01:25:27,364 INFO o.a.j.t.JMeterThread: Thread finished: Agent search 2-531
2026-10-09 01:25:33,239 INFO o.a.j.t.JMeterThread: Thread started: Agent search 2-532
2026-10-09 01:25:33,406 INFO o.a.j.r.Summariser: summary +      4 in 00:00:29 =    0.1/s Avg:  1760 Min:   166 Max:  6451 Err:     0 (0.00%) Active: 1 Started: 659 Finished: 658
2026-10-09 01:25:33,407 INFO o.a.j.r.Summariser: summary =    659 in 00:38:58 =    0.3/s Avg:  1410 Min:    55 Max: 17007 Err:     0 (0.00%)
2026-10-09 01:25:33,407 INFO o.a.j.t.JMeterThread: Thread is done: Agent search 2-532
2026-10-09 01:25:33,407 INFO o.a.j.t.JMeterThread: Thread finished: Agent search 2-532
2026-10-09 01:25:37,367 INFO o.a.j.t.JMeterThread: Thread started: Ticket intake 1-128
2026-10-09 01:25:38,791 INFO o.a.j.t.JMeterThread: Thread started: Ticket intake 1-129
2026-10-09 01:25:42,006 INFO o.a.j.t.JMeterThread: Thread is done: Ticket intake 1-128
2026-10-09 01:25:42,006 INFO o.a.j.t.JMeterThread: Thread finished: Ticket intake 1-128
2026-10-09 01:25:42,747 INFO o.a.j.t.JMeterThread: Thread started: Agent search 2-533
2026-10-09 01:25:42,930 INFO o.a.j.t.JMeterThread: Thread is done: Agent search 2-533
2026-10-09 01:25:42,930 INFO o.a.j.t.JMeterThread: Thread finished: Agent search 2-533
2026-10-09 01:25:44,834 INFO o.a.j.t.JMeterThread: Thread started: Ticket intake 1-130
2026-10-09 01:25:47,639 INFO o.a.j.t.JMeterThread: Thread is done: Ticket intake 1-129
2026-10-09 01:25:47,639 INFO o.a.j.t.JMeterThread: Thread finished: Ticket intake 1-129
2026-10-09 01:25:49,369 INFO o.a.j.t.JMeterThread: Thread started: Agent search 2-534
2026-10-09 01:25:49,585 INFO o.a.j.t.JMeterThread: Thread is done: Agent search 2-534
2026-10-09 01:25:49,585 INFO o.a.j.t.JMeterThread: Thread finished: Agent search 2-534
2026-10-09 01:25:52,749 INFO o.a.j.t.JMeterThread: Thread started: Agent search 2-535
2026-10-09 01:25:52,931 INFO o.a.j.t.JMeterThread: Thread is done: Agent search 2-535
2026-10-09 01:25:52,932 INFO o.a.j.t.JMeterThread: Thread finished: Agent search 2-535
2026-10-09 01:25:53,988 INFO o.a.j.t.JMeterThread: Thread is done: Ticket intake 1-130
2026-10-09 01:25:53,988 INFO o.a.j.t.JMeterThread: Thread finished: Ticket intake 1-130
2026-10-09 01:26:02,259 INFO o.a.j.t.JMeterThread: Thread started: Agent search 2-536
2026-10-09 01:26:02,487 INFO o.a.j.r.Summariser: summary +      7 in 00:00:29 =    0.2/s Avg:  3349 Min:   181 Max:  9153 Err:     0 (0.00%) Active: 1 Started: 666 Finished: 665
2026-10-09 01:26:02,488 INFO o.a.j.r.Summariser: summary =    666 in 00:39:27 =    0.3/s Avg:  1430 Min:    55 Max: 17007 Err:     0 (0.00%)
2026-10-09 01:26:02,488 INFO o.a.j.t.JMeterThread: Thread is done: Agent search 2-536
2026-10-09 01:26:02,489 INFO o.a.j.t.JMeterThread: Thread finished: Agent search 2-536
2026-10-09 01:26:09,845 INFO o.a.j.t.JMeterThread: Thread started: Ticket intake 1-131
2026-10-09 01:26:14,980 INFO o.a.j.t.JMeterThread: Thread is done: Ticket intake 1-131
2026-10-09 01:26:14,980 INFO o.a.j.t.JMeterThread: Thread finished: Ticket intake 1-131
2026-10-09 01:26:15,310 INFO o.a.j.t.JMeterThread: Thread started: Agent search 2-537
2026-10-09 01:26:15,493 INFO o.a.j.t.JMeterThread: Thread is done: Agent search 2-537
2026-10-09 01:26:15,493 INFO o.a.j.t.JMeterThread: Thread finished: Agent search 2-537
2026-10-09 01:26:16,850 INFO o.a.j.t.JMeterThread: Thread started: Ticket intake 1-132
2026-10-09 01:26:22,657 INFO o.a.j.t.JMeterThread: Thread started: Agent search 2-538
2026-10-09 01:26:22,866 INFO o.a.j.t.JMeterThread: Thread is done: Agent search 2-538
2026-10-09 01:26:22,866 INFO o.a.j.t.JMeterThread: Thread finished: Agent search 2-538
2026-10-09 01:26:23,069 INFO o.a.j.t.JMeterThread: Thread is done: Ticket intake 1-132
2026-10-09 01:26:23,070 INFO o.a.j.t.JMeterThread: Thread finished: Ticket intake 1-132
2026-10-09 01:26:29,496 INFO o.a.j.t.JMeterThread: Thread started: Agent search 2-539
2026-10-09 01:26:29,625 INFO o.a.j.t.JMeterThread: Thread is done: Agent search 2-539
2026-10-09 01:26:29,625 INFO o.a.j.t.JMeterThread: Thread finished: Agent search 2-539
2026-10-09 01:26:34,786 INFO o.a.j.t.JMeterThread: Thread started: Agent search 2-540
2026-10-09 01:26:35,051 INFO o.a.j.r.Summariser: summary +      6 in 00:00:33 =    0.2/s Avg:  2022 Min:   127 Max:  6217 Err:     0 (0.00%) Active: 1 Started: 672 Finished: 671
2026-10-09 01:26:35,051 INFO o.a.j.r.Summariser: summary =    672 in 00:39:59 =    0.3/s Avg:  1436 Min:    55 Max: 17007 Err:     0 (0.00%)
2026-10-09 01:26:35,051 INFO o.a.j.t.JMeterThread: Thread is done: Agent search 2-540
2026-10-09 01:26:35,051 INFO o.a.j.t.JMeterThread: Thread finished: Agent search 2-540
2026-10-09 01:26:36,386 INFO o.a.j.t.JMeterThread: Thread started: Agent search 2-541
2026-10-09 01:26:36,587 INFO o.a.j.t.JMeterThread: Thread is done: Agent search 2-541
2026-10-09 01:26:36,587 INFO o.a.j.t.JMeterThread: Thread finished: Agent search 2-541
2026-10-09 01:26:37,022 INFO o.a.j.t.JMeterThread: Thread started: Ticket intake 1-133
2026-10-09 01:26:39,463 INFO o.a.j.t.JMeterThread: Thread started: Agent search 2-542
2026-10-09 01:26:39,659 INFO o.a.j.t.JMeterThread: Thread is done: Agent search 2-542
2026-10-09 01:26:39,660 INFO o.a.j.t.JMeterThread: Thread finished: Agent search 2-542
2026-10-09 01:26:44,046 INFO o.a.j.t.JMeterThread: Thread started: Ticket intake 1-134
2026-10-09 01:26:44,222 INFO o.a.j.t.JMeterThread: Thread started: Agent search 2-543
2026-10-09 01:26:44,550 INFO o.a.j.t.JMeterThread: Thread is done: Agent search 2-543
2026-10-09 01:26:44,550 INFO o.a.j.t.JMeterThread: Thread finished: Agent search 2-543
2026-10-09 01:26:44,842 INFO o.a.j.t.JMeterThread: Thread started: Agent search 2-544
2026-10-09 01:26:45,087 INFO o.a.j.t.JMeterThread: Thread is done: Agent search 2-544
2026-10-09 01:26:45,087 INFO o.a.j.t.JMeterThread: Thread finished: Agent search 2-544
2026-10-09 01:26:45,190 INFO o.a.j.t.JMeterThread: Thread is done: Ticket intake 1-133
2026-10-09 01:26:45,190 INFO o.a.j.t.JMeterThread: Thread finished: Ticket intake 1-133
2026-10-09 01:26:51,128 INFO o.a.j.t.JMeterThread: Thread is done: Ticket intake 1-134
2026-10-09 01:26:51,128 INFO o.a.j.t.JMeterThread: Thread finished: Ticket intake 1-134
2026-10-09 01:26:54,101 INFO o.a.j.t.JMeterThread: Thread started: Agent search 2-545
2026-10-09 01:26:54,302 INFO o.a.j.t.JMeterThread: Thread is done: Agent search 2-545
2026-10-09 01:26:54,302 INFO o.a.j.t.JMeterThread: Thread finished: Agent search 2-545
2026-10-09 01:26:54,331 INFO o.a.j.t.JMeterThread: Thread started: Agent search 2-546
2026-10-09 01:26:54,507 INFO o.a.j.t.JMeterThread: Thread is done: Agent search 2-546
2026-10-09 01:26:54,507 INFO o.a.j.t.JMeterThread: Thread finished: Agent search 2-546
2026-10-09 01:26:55,701 INFO o.a.j.t.JMeterThread: Thread started: Agent search 2-547
2026-10-09 01:26:55,838 INFO o.a.j.t.JMeterThread: Thread is done: Agent search 2-547
2026-10-09 01:26:55,838 INFO o.a.j.t.JMeterThread: Thread finished: Agent search 2-547
2026-10-09 01:27:03,192 INFO o.a.j.t.JMeterThread: Thread started: Agent search 2-548
2026-10-09 01:27:03,508 INFO o.a.j.r.Summariser: summary +     10 in 00:00:28 =    0.4/s Avg:  1704 Min:   136 Max:  8167 Err:     0 (0.00%) Active: 1 Started: 682 Finished: 681
2026-10-09 01:27:03,508 INFO o.a.j.r.Summariser: summary =    682 in 00:40:28 =    0.3/s Avg:  1439 Min:    55 Max: 17007 Err:     0 (0.00%)
2026-10-09 01:27:03,508 INFO o.a.j.t.JMeterThread: Thread is done: Agent search 2-548
2026-10-09 01:27:03,508 INFO o.a.j.t.JMeterThread: Thread finished: Agent search 2-548
2026-10-09 01:27:05,047 INFO o.a.j.t.JMeterThread: Thread started: Ticket intake 1-135
2026-10-09 01:27:09,253 INFO o.a.j.t.JMeterThread: Thread is done: Ticket intake 1-135
2026-10-09 01:27:09,253 INFO o.a.j.t.JMeterThread: Thread finished: Ticket intake 1-135
2026-10-09 01:27:12,954 INFO o.a.j.t.JMeterThread: Thread started: Agent search 2-549
2026-10-09 01:27:13,145 INFO o.a.j.t.JMeterThread: Thread is done: Agent search 2-549
2026-10-09 01:27:13,145 INFO o.a.j.t.JMeterThread: Thread finished: Agent search 2-549
2026-10-09 01:27:13,535 INFO o.a.j.t.JMeterThread: Thread started: Agent search 2-550
2026-10-09 01:27:13,759 INFO o.a.j.t.JMeterThread: Thread is done: Agent search 2-550
2026-10-09 01:27:13,759 INFO o.a.j.t.JMeterThread: Thread finished: Agent search 2-550
2026-10-09 01:27:16,462 INFO o.a.j.t.JMeterThread: Thread started: Agent search 2-551
2026-10-09 01:27:16,662 INFO o.a.j.t.JMeterThread: Thread is done: Agent search 2-551
2026-10-09 01:27:16,662 INFO o.a.j.t.JMeterThread: Thread finished: Agent search 2-551
2026-10-09 01:27:22,485 INFO o.a.j.t.JMeterThread: Thread started: Agent search 2-552
2026-10-09 01:27:22,667 INFO o.a.j.t.JMeterThread: Thread is done: Agent search 2-552
2026-10-09 01:27:22,667 INFO o.a.j.t.JMeterThread: Thread finished: Agent search 2-552
2026-10-09 01:27:35,396 INFO o.a.j.t.JMeterThread: Thread started: Ticket intake 1-136
2026-10-09 01:27:40,189 INFO o.a.j.t.JMeterThread: Thread is done: Ticket intake 1-136
2026-10-09 01:27:40,189 INFO o.a.j.t.JMeterThread: Thread finished: Ticket intake 1-136
2026-10-09 01:27:40,499 INFO o.a.j.t.JMeterThread: Thread started: Agent search 2-553
2026-10-09 01:27:40,595 INFO o.a.j.t.JMeterThread: Thread is done: Agent search 2-553
2026-10-09 01:27:40,595 INFO o.a.j.t.JMeterThread: Thread finished: Agent search 2-553
2026-10-09 01:27:41,957 INFO o.a.j.t.JMeterThread: Thread started: Agent search 2-554
2026-10-09 01:27:42,163 INFO o.a.j.t.JMeterThread: Thread is done: Agent search 2-554
2026-10-09 01:27:42,163 INFO o.a.j.t.JMeterThread: Thread finished: Agent search 2-554
2026-10-09 01:27:46,975 INFO o.a.j.t.JMeterThread: Thread started: Agent search 2-555
2026-10-09 01:27:47,142 INFO o.a.j.t.JMeterThread: Thread is done: Agent search 2-555
2026-10-09 01:27:47,142 INFO o.a.j.t.JMeterThread: Thread finished: Agent search 2-555
2026-10-09 01:27:48,503 INFO o.a.j.t.JMeterThread: Thread started: Agent search 2-556
2026-10-09 01:27:48,781 INFO o.a.j.t.JMeterThread: Thread is done: Agent search 2-556
2026-10-09 01:27:48,781 INFO o.a.j.t.JMeterThread: Thread finished: Agent search 2-556
2026-10-09 01:27:50,453 INFO o.a.j.t.JMeterThread: Thread started: Agent search 2-557
2026-10-09 01:27:50,567 INFO o.a.j.t.JMeterThread: Thread is done: Agent search 2-557
2026-10-09 01:27:50,567 INFO o.a.j.t.JMeterThread: Thread finished: Agent search 2-557
2026-10-09 01:27:57,608 INFO o.a.j.t.JMeterThread: Thread started: Ticket intake 1-137
2026-10-09 01:28:00,002 INFO o.a.j.t.JMeterThread: Thread started: Agent search 2-558
2026-10-09 01:28:00,147 INFO o.a.j.r.Summariser: summary +     12 in 00:00:57 =    0.2/s Avg:   899 Min:    96 Max:  4792 Err:     0 (0.00%) Active: 2 Started: 695 Finished: 693
2026-10-09 01:28:00,147 INFO o.a.j.r.Summariser: summary =    694 in 00:41:25 =    0.3/s Avg:  1430 Min:    55 Max: 17007 Err:     0 (0.00%)
2026-10-09 01:28:00,147 INFO o.a.j.t.JMeterThread: Thread is done: Agent search 2-558
2026-10-09 01:28:00,147 INFO o.a.j.t.JMeterThread: Thread finished: Agent search 2-558
2026-10-09 01:28:00,734 INFO o.a.j.t.JMeterThread: Thread started: Agent search 2-559
2026-10-09 01:28:00,864 INFO o.a.j.t.JMeterThread: Thread is done: Agent search 2-559
2026-10-09 01:28:00,864 INFO o.a.j.t.JMeterThread: Thread finished: Agent search 2-559
2026-10-09 01:28:01,886 INFO o.a.j.t.JMeterThread: Thread is done: Ticket intake 1-137
2026-10-09 01:28:01,886 INFO o.a.j.t.JMeterThread: Thread finished: Ticket intake 1-137
2026-10-09 01:28:02,060 INFO o.a.j.t.JMeterThread: Thread started: Agent search 2-560
2026-10-09 01:28:02,178 INFO o.a.j.t.JMeterThread: Thread is done: Agent search 2-560
2026-10-09 01:28:02,178 INFO o.a.j.t.JMeterThread: Thread finished: Agent search 2-560
2026-10-09 01:28:03,262 INFO o.a.j.t.JMeterThread: Thread started: Agent search 2-561
2026-10-09 01:28:03,342 INFO o.a.j.t.JMeterThread: Thread is done: Agent search 2-561
2026-10-09 01:28:03,342 INFO o.a.j.t.JMeterThread: Thread finished: Agent search 2-561
2026-10-09 01:28:03,771 INFO o.a.j.t.JMeterThread: Thread started: Agent search 2-562
2026-10-09 01:28:03,910 INFO o.a.j.t.JMeterThread: Thread started: Ticket intake 1-138
2026-10-09 01:28:03,918 INFO o.a.j.t.JMeterThread: Thread is done: Agent search 2-562
2026-10-09 01:28:03,919 INFO o.a.j.t.JMeterThread: Thread finished: Agent search 2-562
2026-10-09 01:28:07,441 INFO o.a.j.t.JMeterThread: Thread is done: Ticket intake 1-138
2026-10-09 01:28:07,441 INFO o.a.j.t.JMeterThread: Thread finished: Ticket intake 1-138
2026-10-09 01:28:07,577 INFO o.a.j.t.JMeterThread: Thread started: Agent search 2-563
2026-10-09 01:28:07,706 INFO o.a.j.t.JMeterThread: Thread started: Agent search 2-564
2026-10-09 01:28:07,744 INFO o.a.j.t.JMeterThread: Thread is done: Agent search 2-563
2026-10-09 01:28:07,744 INFO o.a.j.t.JMeterThread: Thread finished: Agent search 2-563
2026-10-09 01:28:07,780 INFO o.a.j.t.JMeterThread: Thread is done: Agent search 2-564
2026-10-09 01:28:07,780 INFO o.a.j.t.JMeterThread: Thread finished: Agent search 2-564
2026-10-09 01:28:11,210 INFO o.a.j.t.JMeterThread: Thread started: Agent search 2-565
2026-10-09 01:28:11,412 INFO o.a.j.t.JMeterThread: Thread is done: Agent search 2-565
2026-10-09 01:28:11,412 INFO o.a.j.t.JMeterThread: Thread finished: Agent search 2-565
2026-10-09 01:28:14,659 INFO o.a.j.t.JMeterThread: Thread started: Agent search 2-566
2026-10-09 01:28:14,893 INFO o.a.j.t.JMeterThread: Thread is done: Agent search 2-566
2026-10-09 01:28:14,893 INFO o.a.j.t.JMeterThread: Thread finished: Agent search 2-566
2026-10-09 01:28:18,885 INFO o.a.j.t.JMeterThread: Thread started: Ticket intake 1-139
2026-10-09 01:28:20,139 INFO o.a.j.t.JMeterThread: Thread started: Agent search 2-567
2026-10-09 01:28:20,422 INFO o.a.j.t.JMeterThread: Thread is done: Agent search 2-567
2026-10-09 01:28:20,422 INFO o.a.j.t.JMeterThread: Thread finished: Agent search 2-567
2026-10-09 01:28:21,785 INFO o.a.j.t.JMeterThread: Thread started: Agent search 2-568
2026-10-09 01:28:21,884 INFO o.a.j.t.JMeterThread: Thread is done: Agent search 2-568
2026-10-09 01:28:21,884 INFO o.a.j.t.JMeterThread: Thread finished: Agent search 2-568
2026-10-09 01:28:22,983 INFO o.a.j.t.JMeterThread: Thread is done: Ticket intake 1-139
2026-10-09 01:28:22,983 INFO o.a.j.t.JMeterThread: Thread finished: Ticket intake 1-139
2026-10-09 01:28:24,467 INFO o.a.j.t.JMeterThread: Thread started: Agent search 2-569
2026-10-09 01:28:24,674 INFO o.a.j.t.JMeterThread: Thread is done: Agent search 2-569
2026-10-09 01:28:24,675 INFO o.a.j.t.JMeterThread: Thread finished: Agent search 2-569
2026-10-09 01:28:26,276 INFO o.a.j.t.JMeterThread: Thread started: Agent search 2-570
2026-10-09 01:28:26,364 INFO o.a.j.t.JMeterThread: Thread is done: Agent search 2-570
2026-10-09 01:28:26,364 INFO o.a.j.t.JMeterThread: Thread finished: Agent search 2-570
2026-10-09 01:28:30,940 INFO o.a.j.t.JMeterThread: Thread started: Agent search 2-571
2026-10-09 01:28:31,073 INFO o.a.j.r.Summariser: summary +     16 in 00:00:31 =    0.5/s Avg:   865 Min:    73 Max:  4277 Err:     0 (0.00%) Active: 1 Started: 710 Finished: 709
2026-10-09 01:28:31,074 INFO o.a.j.r.Summariser: summary =    710 in 00:41:55 =    0.3/s Avg:  1417 Min:    55 Max: 17007 Err:     0 (0.00%)
2026-10-09 01:28:31,074 INFO o.a.j.t.JMeterThread: Thread is done: Agent search 2-571
2026-10-09 01:28:31,074 INFO o.a.j.t.JMeterThread: Thread finished: Agent search 2-571
2026-10-09 01:28:32,554 INFO o.a.j.t.JMeterThread: Thread started: Agent search 2-572
2026-10-09 01:28:32,813 INFO o.a.j.t.JMeterThread: Thread is done: Agent search 2-572
2026-10-09 01:28:32,813 INFO o.a.j.t.JMeterThread: Thread finished: Agent search 2-572
2026-10-09 01:28:36,647 INFO o.a.j.t.JMeterThread: Thread started: Agent search 2-573
2026-10-09 01:28:36,864 INFO o.a.j.t.JMeterThread: Thread is done: Agent search 2-573
2026-10-09 01:28:36,864 INFO o.a.j.t.JMeterThread: Thread finished: Agent search 2-573
2026-10-09 01:28:37,660 INFO o.a.j.t.JMeterThread: Thread started: Agent search 2-574
2026-10-09 01:28:37,831 INFO o.a.j.t.JMeterThread: Thread is done: Agent search 2-574
2026-10-09 01:28:37,831 INFO o.a.j.t.JMeterThread: Thread finished: Agent search 2-574
2026-10-09 01:28:45,539 INFO o.a.j.t.JMeterThread: Thread started: Agent search 2-575
2026-10-09 01:28:45,715 INFO o.a.j.t.JMeterThread: Thread is done: Agent search 2-575
2026-10-09 01:28:45,715 INFO o.a.j.t.JMeterThread: Thread finished: Agent search 2-575
2026-10-09 01:28:51,100 INFO o.a.j.t.JMeterThread: Thread started: Agent search 2-576
2026-10-09 01:28:51,349 INFO o.a.j.t.JMeterThread: Thread is done: Agent search 2-576
2026-10-09 01:28:51,349 INFO o.a.j.t.JMeterThread: Thread finished: Agent search 2-576
2026-10-09 01:29:01,289 INFO o.a.j.t.JMeterThread: Thread started: Ticket intake 1-140
2026-10-09 01:29:05,017 INFO o.a.j.t.JMeterThread: Thread started: Ticket intake 1-141
2026-10-09 01:29:06,299 INFO o.a.j.t.JMeterThread: Thread is done: Ticket intake 1-140
2026-10-09 01:29:06,299 INFO o.a.j.t.JMeterThread: Thread finished: Ticket intake 1-140
2026-10-09 01:29:06,700 INFO o.a.j.t.JMeterThread: Thread started: Agent search 2-577
2026-10-09 01:29:06,913 INFO o.a.j.t.JMeterThread: Thread is done: Agent search 2-577
2026-10-09 01:29:06,913 INFO o.a.j.t.JMeterThread: Thread finished: Agent search 2-577
2026-10-09 01:29:09,879 INFO o.a.j.t.JMeterThread: Thread started: Agent search 2-578
2026-10-09 01:29:10,066 INFO o.a.j.t.JMeterThread: Thread is done: Agent search 2-578
2026-10-09 01:29:10,066 INFO o.a.j.t.JMeterThread: Thread finished: Agent search 2-578
2026-10-09 01:29:13,688 INFO o.a.j.t.JMeterThread: Thread is done: Ticket intake 1-141
2026-10-09 01:29:13,688 INFO o.a.j.t.JMeterThread: Thread finished: Ticket intake 1-141
2026-10-09 01:29:15,971 INFO o.a.j.t.JMeterThread: Thread started: Agent search 2-579
2026-10-09 01:29:16,080 INFO o.a.j.t.JMeterThread: Thread is done: Agent search 2-579
2026-10-09 01:29:16,080 INFO o.a.j.t.JMeterThread: Thread finished: Agent search 2-579
2026-10-09 01:29:22,418 INFO o.a.j.t.JMeterThread: Thread started: Agent search 2-580
2026-10-09 01:29:22,580 INFO o.a.j.t.JMeterThread: Thread is done: Agent search 2-580
2026-10-09 01:29:22,580 INFO o.a.j.t.JMeterThread: Thread finished: Agent search 2-580
2026-10-09 01:29:24,005 INFO o.a.j.t.JMeterThread: Thread started: Agent search 2-581
2026-10-09 01:29:24,321 INFO o.a.j.t.JMeterThread: Thread is done: Agent search 2-581
2026-10-09 01:29:24,321 INFO o.a.j.t.JMeterThread: Thread finished: Agent search 2-581
2026-10-09 01:29:26,816 INFO o.a.j.t.JMeterThread: Thread started: Agent search 2-582
2026-10-09 01:29:26,984 INFO o.a.j.t.JMeterThread: Thread is done: Agent search 2-582
2026-10-09 01:29:26,984 INFO o.a.j.t.JMeterThread: Thread finished: Agent search 2-582
2026-10-09 01:29:31,153 INFO o.a.j.t.JMeterThread: Thread started: Ticket intake 1-142
2026-10-09 01:29:34,547 INFO o.a.j.t.JMeterThread: Thread started: Agent search 2-583
2026-10-09 01:29:34,663 INFO o.a.j.r.Summariser: summary +     14 in 00:01:04 =    0.2/s Avg:  1143 Min:   108 Max:  8670 Err:     0 (0.00%) Active: 2 Started: 725 Finished: 723
2026-10-09 01:29:34,664 INFO o.a.j.r.Summariser: summary =    724 in 00:42:59 =    0.3/s Avg:  1412 Min:    55 Max: 17007 Err:     0 (0.00%)
2026-10-09 01:29:34,664 INFO o.a.j.t.JMeterThread: Thread is done: Agent search 2-583
2026-10-09 01:29:34,664 INFO o.a.j.t.JMeterThread: Thread finished: Agent search 2-583
2026-10-09 01:29:37,681 INFO o.a.j.t.JMeterThread: Thread started: Agent search 2-584
2026-10-09 01:29:37,913 INFO o.a.j.t.JMeterThread: Thread is done: Agent search 2-584
2026-10-09 01:29:37,913 INFO o.a.j.t.JMeterThread: Thread finished: Agent search 2-584
2026-10-09 01:29:38,272 INFO o.a.j.t.JMeterThread: Thread is done: Ticket intake 1-142
2026-10-09 01:29:38,272 INFO o.a.j.t.JMeterThread: Thread finished: Ticket intake 1-142
2026-10-09 01:29:44,077 INFO o.a.j.t.JMeterThread: Thread started: Agent search 2-585
2026-10-09 01:29:44,289 INFO o.a.j.t.JMeterThread: Thread is done: Agent search 2-585
2026-10-09 01:29:44,289 INFO o.a.j.t.JMeterThread: Thread finished: Agent search 2-585
2026-10-09 01:29:44,639 INFO o.a.j.t.JMeterThread: Thread started: Ticket intake 1-143
2026-10-09 01:29:46,008 INFO o.a.j.t.JMeterThread: Thread started: Agent search 2-586
2026-10-09 01:29:46,118 INFO o.a.j.t.JMeterThread: Thread started: Agent search 2-587
2026-10-09 01:29:46,169 INFO o.a.j.t.JMeterThread: Thread is done: Agent search 2-586
2026-10-09 01:29:46,169 INFO o.a.j.t.JMeterThread: Thread finished: Agent search 2-586
2026-10-09 01:29:46,198 INFO o.a.j.t.JMeterThread: Thread is done: Agent search 2-587
2026-10-09 01:29:46,199 INFO o.a.j.t.JMeterThread: Thread finished: Agent search 2-587
2026-10-09 01:29:48,210 INFO o.a.j.t.JMeterThread: Thread is done: Ticket intake 1-143
2026-10-09 01:29:48,211 INFO o.a.j.t.JMeterThread: Thread finished: Ticket intake 1-143
2026-10-09 01:29:50,099 INFO o.a.j.t.JMeterThread: Thread started: Agent search 2-588
2026-10-09 01:29:50,178 INFO o.a.j.t.JMeterThread: Thread is done: Agent search 2-588
2026-10-09 01:29:50,178 INFO o.a.j.t.JMeterThread: Thread finished: Agent search 2-588
2026-10-09 01:30:01,555 INFO o.a.j.t.JMeterThread: Thread started: Ticket intake 1-144
2026-10-09 01:30:06,100 INFO o.a.j.t.JMeterThread: Thread is done: Ticket intake 1-144
2026-10-09 01:30:06,100 INFO o.a.j.t.JMeterThread: Thread finished: Ticket intake 1-144
2026-10-09 01:30:06,327 INFO o.a.j.t.JMeterThread: Thread started: Ticket intake 1-145
2026-10-09 01:30:08,939 INFO o.a.j.t.JMeterThread: Thread started: Agent search 2-589
2026-10-09 01:30:09,060 INFO o.a.j.t.JMeterThread: Thread started: Ticket intake 1-146
2026-10-09 01:30:11,016 INFO o.a.j.t.JMeterThread: Thread is done: Ticket intake 1-145
2026-10-09 01:30:11,016 INFO o.a.j.t.JMeterThread: Thread finished: Ticket intake 1-145
2026-10-09 01:30:11,068 INFO o.a.j.t.JMeterThread: Thread is done: Agent search 2-589
2026-10-09 01:30:11,068 INFO o.a.j.t.JMeterThread: Thread finished: Agent search 2-589
2026-10-09 01:30:14,302 INFO o.a.j.t.JMeterThread: Thread is done: Ticket intake 1-146
2026-10-09 01:30:14,302 INFO o.a.j.t.JMeterThread: Thread finished: Ticket intake 1-146
2026-10-09 01:30:24,407 INFO o.a.j.t.JMeterThread: Thread started: Agent search 2-590
2026-10-09 01:30:24,487 INFO o.a.j.t.JMeterThread: Thread is done: Agent search 2-590
2026-10-09 01:30:24,487 INFO o.a.j.t.JMeterThread: Thread finished: Agent search 2-590
2026-10-09 01:30:26,110 INFO o.a.j.t.JMeterThread: Thread started: Agent search 2-591
2026-10-09 01:30:26,185 INFO o.a.j.t.JMeterThread: Thread is done: Agent search 2-591
2026-10-09 01:30:26,185 INFO o.a.j.t.JMeterThread: Thread finished: Agent search 2-591
2026-10-09 01:30:26,626 INFO o.a.j.t.JMeterThread: Thread started: Agent search 2-592
2026-10-09 01:30:26,685 INFO o.a.j.t.JMeterThread: Thread is done: Agent search 2-592
2026-10-09 01:30:26,685 INFO o.a.j.t.JMeterThread: Thread finished: Agent search 2-592
2026-10-09 01:30:26,707 INFO o.a.j.t.JMeterThread: Thread started: Ticket intake 1-147
2026-10-09 01:30:29,882 INFO o.a.j.t.JMeterThread: Thread started: Agent search 2-593
2026-10-09 01:30:29,984 INFO o.a.j.t.JMeterThread: Thread is done: Agent search 2-593
2026-10-09 01:30:29,984 INFO o.a.j.t.JMeterThread: Thread finished: Agent search 2-593
2026-10-09 01:30:31,983 INFO o.a.j.r.Summariser: summary +     16 in 00:00:57 =    0.3/s Avg:  2102 Min:    58 Max:  7119 Err:     0 (0.00%) Active: 1 Started: 740 Finished: 739
2026-10-09 01:30:31,983 INFO o.a.j.r.Summariser: summary =    740 in 00:43:56 =    0.3/s Avg:  1427 Min:    55 Max: 17007 Err:     0 (0.00%)
2026-10-09 01:30:31,983 INFO o.a.j.t.JMeterThread: Thread is done: Ticket intake 1-147
2026-10-09 01:30:31,983 INFO o.a.j.t.JMeterThread: Thread finished: Ticket intake 1-147
2026-10-09 01:30:40,727 INFO o.a.j.t.JMeterThread: Thread started: Agent search 2-594
2026-10-09 01:30:40,807 INFO o.a.j.t.JMeterThread: Thread is done: Agent search 2-594
2026-10-09 01:30:40,807 INFO o.a.j.t.JMeterThread: Thread finished: Agent search 2-594
2026-10-09 01:30:41,123 INFO o.a.j.t.JMeterThread: Thread started: Agent search 2-595
2026-10-09 01:30:41,328 INFO o.a.j.t.JMeterThread: Thread is done: Agent search 2-595
2026-10-09 01:30:41,328 INFO o.a.j.t.JMeterThread: Thread finished: Agent search 2-595
2026-10-09 01:30:43,237 INFO o.a.j.t.JMeterThread: Thread started: Agent search 2-596
2026-10-09 01:30:43,338 INFO o.a.j.t.JMeterThread: Thread is done: Agent search 2-596
2026-10-09 01:30:43,338 INFO o.a.j.t.JMeterThread: Thread finished: Agent search 2-596
2026-10-09 01:30:48,629 INFO o.a.j.t.JMeterThread: Thread started: Ticket intake 1-148
2026-10-09 01:30:52,717 INFO o.a.j.t.JMeterThread: Thread is done: Ticket intake 1-148
2026-10-09 01:30:52,717 INFO o.a.j.t.JMeterThread: Thread finished: Ticket intake 1-148
2026-10-09 01:30:53,730 INFO o.a.j.t.JMeterThread: Thread started: Ticket intake 1-149
2026-10-09 01:30:55,529 INFO o.a.j.t.JMeterThread: Thread started: Ticket intake 1-150
2026-10-09 01:30:57,942 INFO o.a.j.t.JMeterThread: Thread started: Agent search 2-597
2026-10-09 01:30:58,028 INFO o.a.j.t.JMeterThread: Thread is done: Agent search 2-597
2026-10-09 01:30:58,028 INFO o.a.j.t.JMeterThread: Thread finished: Agent search 2-597
2026-10-09 01:30:58,339 INFO o.a.j.t.JMeterThread: Thread started: Agent search 2-598
2026-10-09 01:30:58,367 INFO o.a.j.t.JMeterThread: Thread is done: Ticket intake 1-149
2026-10-09 01:30:58,367 INFO o.a.j.t.JMeterThread: Thread finished: Ticket intake 1-149
2026-10-09 01:30:58,406 INFO o.a.j.t.JMeterThread: Thread is done: Agent search 2-598
2026-10-09 01:30:58,407 INFO o.a.j.t.JMeterThread: Thread finished: Agent search 2-598
2026-10-09 01:30:58,880 INFO o.a.j.t.JMeterThread: Thread started: Agent search 2-599
2026-10-09 01:30:58,979 INFO o.a.j.t.JMeterThread: Thread is done: Agent search 2-599
2026-10-09 01:30:58,979 INFO o.a.j.t.JMeterThread: Thread finished: Agent search 2-599
2026-10-09 01:31:07,026 INFO o.a.j.t.JMeterThread: Thread is done: Ticket intake 1-150
2026-10-09 01:31:07,026 INFO o.a.j.t.JMeterThread: Thread finished: Ticket intake 1-150
2026-10-09 01:31:16,678 INFO o.a.j.t.JMeterThread: Thread started: Agent search 2-600
2026-10-09 01:31:16,767 INFO o.a.j.t.JMeterThread: Thread is done: Agent search 2-600
2026-10-09 01:31:16,767 INFO o.a.j.t.JMeterThread: Thread finished: Agent search 2-600
2026-10-09 01:31:18,907 INFO o.a.j.t.JMeterThread: Thread started: Agent search 2-601
2026-10-09 01:31:18,938 INFO o.a.j.t.JMeterThread: Thread started: Agent search 2-602
2026-10-09 01:31:18,987 INFO o.a.j.t.JMeterThread: Thread is done: Agent search 2-601
2026-10-09 01:31:18,987 INFO o.a.j.t.JMeterThread: Thread finished: Agent search 2-601
2026-10-09 01:31:18,998 INFO o.a.j.t.JMeterThread: Thread is done: Agent search 2-602
2026-10-09 01:31:18,998 INFO o.a.j.t.JMeterThread: Thread finished: Agent search 2-602
2026-10-09 01:31:20,825 INFO o.a.j.t.JMeterThread: Thread started: Agent search 2-603
2026-10-09 01:31:20,953 INFO o.a.j.t.JMeterThread: Thread is done: Agent search 2-603
2026-10-09 01:31:20,953 INFO o.a.j.t.JMeterThread: Thread finished: Agent search 2-603
2026-10-09 01:31:21,112 INFO o.a.j.t.JMeterThread: Thread started: Agent search 2-604
2026-10-09 01:31:21,226 INFO o.a.j.t.JMeterThread: Thread is done: Agent search 2-604
2026-10-09 01:31:21,226 INFO o.a.j.t.JMeterThread: Thread finished: Agent search 2-604
2026-10-09 01:31:23,441 INFO o.a.j.t.JMeterThread: Thread started: Agent search 2-605
2026-10-09 01:31:23,547 INFO o.a.j.t.JMeterThread: Thread is done: Agent search 2-605
2026-10-09 01:31:23,547 INFO o.a.j.t.JMeterThread: Thread finished: Agent search 2-605
2026-10-09 01:31:32,845 INFO o.a.j.t.JMeterThread: Thread started: Agent search 2-606
2026-10-09 01:31:32,933 INFO o.a.j.r.Summariser: summary +     16 in 00:01:01 =    0.3/s Avg:  1343 Min:    59 Max: 11496 Err:     0 (0.00%) Active: 1 Started: 756 Finished: 755
2026-10-09 01:31:32,933 INFO o.a.j.r.Summariser: summary =    756 in 00:44:57 =    0.3/s Avg:  1425 Min:    55 Max: 17007 Err:     0 (0.00%)
2026-10-09 01:31:32,933 INFO o.a.j.t.JMeterThread: Thread is done: Agent search 2-606
2026-10-09 01:31:32,933 INFO o.a.j.t.JMeterThread: Thread finished: Agent search 2-606
2026-10-09 01:31:36,762 INFO o.a.j.t.JMeterThread: Thread started: Agent search 2-607
2026-10-09 01:31:36,853 INFO o.a.j.t.JMeterThread: Thread is done: Agent search 2-607
2026-10-09 01:31:36,853 INFO o.a.j.t.JMeterThread: Thread finished: Agent search 2-607
2026-10-09 01:31:39,287 INFO o.a.j.t.JMeterThread: Thread started: Agent search 2-608
2026-10-09 01:31:39,405 INFO o.a.j.t.JMeterThread: Thread is done: Agent search 2-608
2026-10-09 01:31:39,405 INFO o.a.j.t.JMeterThread: Thread finished: Agent search 2-608
2026-10-09 01:31:39,433 INFO o.a.j.t.JMeterThread: Thread started: Agent search 2-609
2026-10-09 01:31:39,507 INFO o.a.j.t.JMeterThread: Thread is done: Agent search 2-609
2026-10-09 01:31:39,507 INFO o.a.j.t.JMeterThread: Thread finished: Agent search 2-609
2026-10-09 01:31:44,006 INFO o.a.j.t.JMeterThread: Thread started: Ticket intake 1-151
2026-10-09 01:31:51,127 INFO o.a.j.t.JMeterThread: Thread is done: Ticket intake 1-151
2026-10-09 01:31:51,127 INFO o.a.j.t.JMeterThread: Thread finished: Ticket intake 1-151
2026-10-09 01:31:52,917 INFO o.a.j.t.JMeterThread: Thread started: Agent search 2-610
2026-10-09 01:31:52,980 INFO o.a.j.t.JMeterThread: Thread is done: Agent search 2-610
2026-10-09 01:31:52,982 INFO o.a.j.t.JMeterThread: Thread finished: Agent search 2-610
2026-10-09 01:31:55,085 INFO o.a.j.t.JMeterThread: Thread started: Agent search 2-611
2026-10-09 01:31:55,201 INFO o.a.j.t.JMeterThread: Thread is done: Agent search 2-611
2026-10-09 01:31:55,201 INFO o.a.j.t.JMeterThread: Thread finished: Agent search 2-611
2026-10-09 01:32:03,529 INFO o.a.j.t.JMeterThread: Thread started: Agent search 2-612
2026-10-09 01:32:03,613 INFO o.a.j.r.Summariser: summary +      7 in 00:00:31 =    0.2/s Avg:  1094 Min:    63 Max:  7121 Err:     0 (0.00%) Active: 1 Started: 763 Finished: 762
2026-10-09 01:32:03,613 INFO o.a.j.r.Summariser: summary =    763 in 00:45:28 =    0.3/s Avg:  1422 Min:    55 Max: 17007 Err:     0 (0.00%)
2026-10-09 01:32:03,613 INFO o.a.j.t.JMeterThread: Thread is done: Agent search 2-612
2026-10-09 01:32:03,613 INFO o.a.j.t.JMeterThread: Thread finished: Agent search 2-612
2026-10-09 01:32:08,684 INFO o.a.j.t.JMeterThread: Thread started: Agent search 2-613
2026-10-09 01:32:08,759 INFO o.a.j.t.JMeterThread: Thread is done: Agent search 2-613
2026-10-09 01:32:08,759 INFO o.a.j.t.JMeterThread: Thread finished: Agent search 2-613
2026-10-09 01:32:11,036 INFO o.a.j.t.JMeterThread: Thread started: Agent search 2-614
2026-10-09 01:32:11,268 INFO o.a.j.t.JMeterThread: Thread is done: Agent search 2-614
2026-10-09 01:32:11,268 INFO o.a.j.t.JMeterThread: Thread finished: Agent search 2-614
2026-10-09 01:32:13,048 INFO o.a.j.t.JMeterThread: Thread started: Agent search 2-615
2026-10-09 01:32:13,284 INFO o.a.j.t.JMeterThread: Thread is done: Agent search 2-615
2026-10-09 01:32:13,284 INFO o.a.j.t.JMeterThread: Thread finished: Agent search 2-615
2026-10-09 01:32:13,457 INFO o.a.j.t.JMeterThread: Thread started: Ticket intake 1-152
2026-10-09 01:32:14,166 INFO o.a.j.t.JMeterThread: Thread started: Agent search 2-616
2026-10-09 01:32:14,308 INFO o.a.j.t.JMeterThread: Thread is done: Agent search 2-616
2026-10-09 01:32:14,308 INFO o.a.j.t.JMeterThread: Thread finished: Agent search 2-616
2026-10-09 01:32:17,010 INFO o.a.j.t.JMeterThread: Thread started: Agent search 2-617
2026-10-09 01:32:17,173 INFO o.a.j.t.JMeterThread: Thread is done: Agent search 2-617
2026-10-09 01:32:17,173 INFO o.a.j.t.JMeterThread: Thread finished: Agent search 2-617
2026-10-09 01:32:17,261 INFO o.a.j.t.JMeterThread: Thread started: Ticket intake 1-153
2026-10-09 01:32:17,269 INFO o.a.j.t.JMeterThread: Thread is done: Ticket intake 1-152
2026-10-09 01:32:17,270 INFO o.a.j.t.JMeterThread: Thread finished: Ticket intake 1-152
2026-10-09 01:32:17,554 INFO o.a.j.t.JMeterThread: Thread started: Ticket intake 1-154
2026-10-09 01:32:21,886 INFO o.a.j.t.JMeterThread: Thread is done: Ticket intake 1-153
2026-10-09 01:32:21,887 INFO o.a.j.t.JMeterThread: Thread finished: Ticket intake 1-153
2026-10-09 01:32:23,396 INFO o.a.j.t.JMeterThread: Thread started: Ticket intake 1-155
2026-10-09 01:32:24,319 INFO o.a.j.t.JMeterThread: Thread started: Ticket intake 1-156
2026-10-09 01:32:27,619 INFO o.a.j.t.JMeterThread: Thread is done: Ticket intake 1-154
2026-10-09 01:32:27,619 INFO o.a.j.t.JMeterThread: Thread finished: Ticket intake 1-154
2026-10-09 01:32:34,686 INFO o.a.j.r.Summariser: summary +      9 in 00:00:31 =    0.3/s Avg:  3403 Min:    74 Max: 11289 Err:     0 (0.00%) Active: 2 Started: 773 Finished: 771
2026-10-09 01:32:34,686 INFO o.a.j.r.Summariser: summary =    772 in 00:45:59 =    0.3/s Avg:  1445 Min:    55 Max: 17007 Err:     0 (0.00%)
2026-10-09 01:32:34,687 INFO o.a.j.t.JMeterThread: Thread is done: Ticket intake 1-155
2026-10-09 01:32:34,687 INFO o.a.j.t.JMeterThread: Thread finished: Ticket intake 1-155
2026-10-09 01:32:35,877 INFO o.a.j.t.JMeterThread: Thread started: Agent search 2-618
2026-10-09 01:32:36,120 INFO o.a.j.t.JMeterThread: Thread is done: Agent search 2-618
2026-10-09 01:32:36,120 INFO o.a.j.t.JMeterThread: Thread finished: Agent search 2-618
2026-10-09 01:32:37,236 INFO o.a.j.t.JMeterThread: Thread started: Ticket intake 1-157
2026-10-09 01:32:38,760 INFO o.a.j.t.JMeterThread: Thread started: Ticket intake 1-158
2026-10-09 01:32:42,368 INFO o.a.j.t.JMeterThread: Thread is done: Ticket intake 1-156
2026-10-09 01:32:42,368 INFO o.a.j.t.JMeterThread: Thread finished: Ticket intake 1-156
2026-10-09 01:32:45,344 INFO o.a.j.t.JMeterThread: Thread started: Agent search 2-619
2026-10-09 01:32:45,438 INFO o.a.j.t.JMeterThread: Thread is done: Agent search 2-619
2026-10-09 01:32:45,438 INFO o.a.j.t.JMeterThread: Thread finished: Agent search 2-619
2026-10-09 01:32:48,101 INFO o.a.j.t.JMeterThread: Thread is done: Ticket intake 1-157
2026-10-09 01:32:48,101 INFO o.a.j.t.JMeterThread: Thread finished: Ticket intake 1-157
2026-10-09 01:32:51,369 INFO o.a.j.t.JMeterThread: Thread started: Ticket intake 1-159
2026-10-09 01:32:52,765 INFO o.a.j.t.JMeterThread: Thread started: Agent search 2-620
2026-10-09 01:32:52,773 INFO o.a.j.t.JMeterThread: Thread is done: Ticket intake 1-158
2026-10-09 01:32:52,774 INFO o.a.j.t.JMeterThread: Thread finished: Ticket intake 1-158
2026-10-09 01:32:52,832 INFO o.a.j.t.JMeterThread: Thread is done: Agent search 2-620
2026-10-09 01:32:52,832 INFO o.a.j.t.JMeterThread: Thread finished: Agent search 2-620
2026-10-09 01:32:54,973 INFO o.a.j.t.JMeterThread: Thread started: Agent search 2-621
2026-10-09 01:32:55,108 INFO o.a.j.t.JMeterThread: Thread is done: Agent search 2-621
2026-10-09 01:32:55,108 INFO o.a.j.t.JMeterThread: Thread finished: Agent search 2-621
2026-10-09 01:32:55,185 INFO o.a.j.t.JMeterThread: Thread started: Agent search 2-622
2026-10-09 01:32:55,473 INFO o.a.j.t.JMeterThread: Thread is done: Agent search 2-622
2026-10-09 01:32:55,473 INFO o.a.j.t.JMeterThread: Thread finished: Agent search 2-622
2026-10-09 01:32:56,622 INFO o.a.j.t.JMeterThread: Thread is done: Ticket intake 1-159
2026-10-09 01:32:56,622 INFO o.a.j.t.JMeterThread: Thread finished: Ticket intake 1-159
2026-10-09 01:33:02,842 INFO o.a.j.t.JMeterThread: Thread started: Agent search 2-623
2026-10-09 01:33:03,079 INFO o.a.j.r.Summariser: summary +     10 in 00:00:28 =    0.4/s Avg:  4923 Min:    65 Max: 18048 Err:     0 (0.00%) Active: 1 Started: 782 Finished: 781
2026-10-09 01:33:03,079 INFO o.a.j.r.Summariser: summary =    782 in 00:46:27 =    0.3/s Avg:  1490 Min:    55 Max: 18048 Err:     0 (0.00%)
2026-10-09 01:33:03,079 INFO o.a.j.t.JMeterThread: Thread is done: Agent search 2-623
2026-10-09 01:33:03,079 INFO o.a.j.t.JMeterThread: Thread finished: Agent search 2-623
2026-10-09 01:33:05,055 INFO o.a.j.t.JMeterThread: Thread started: Agent search 2-624
2026-10-09 01:33:05,201 INFO o.a.j.t.JMeterThread: Thread is done: Agent search 2-624
2026-10-09 01:33:05,201 INFO o.a.j.t.JMeterThread: Thread finished: Agent search 2-624
2026-10-09 01:33:08,529 INFO o.a.j.t.JMeterThread: Thread started: Agent search 2-625
2026-10-09 01:33:08,660 INFO o.a.j.t.JMeterThread: Thread is done: Agent search 2-625
2026-10-09 01:33:08,660 INFO o.a.j.t.JMeterThread: Thread finished: Agent search 2-625
2026-10-09 01:33:16,587 INFO o.a.j.t.JMeterThread: Thread started: Agent search 2-626
2026-10-09 01:33:16,772 INFO o.a.j.t.JMeterThread: Thread is done: Agent search 2-626
2026-10-09 01:33:16,772 INFO o.a.j.t.JMeterThread: Thread finished: Agent search 2-626
2026-10-09 01:33:22,213 INFO o.a.j.t.JMeterThread: Thread started: Agent search 2-627
2026-10-09 01:33:22,404 INFO o.a.j.t.JMeterThread: Thread is done: Agent search 2-627
2026-10-09 01:33:22,404 INFO o.a.j.t.JMeterThread: Thread finished: Agent search 2-627
2026-10-09 01:33:22,975 INFO o.a.j.t.JMeterThread: Thread started: Agent search 2-628
2026-10-09 01:33:23,224 INFO o.a.j.t.JMeterThread: Thread is done: Agent search 2-628
2026-10-09 01:33:23,224 INFO o.a.j.t.JMeterThread: Thread finished: Agent search 2-628
2026-10-09 01:33:28,323 INFO o.a.j.t.JMeterThread: Thread started: Ticket intake 1-160
2026-10-09 01:33:33,464 INFO o.a.j.r.Summariser: summary +      6 in 00:00:30 =    0.2/s Avg:  1006 Min:   130 Max:  5140 Err:     0 (0.00%) Active: 1 Started: 788 Finished: 787
2026-10-09 01:33:33,464 INFO o.a.j.r.Summariser: summary =    788 in 00:46:58 =    0.3/s Avg:  1486 Min:    55 Max: 18048 Err:     0 (0.00%)
2026-10-09 01:33:33,464 INFO o.a.j.t.JMeterThread: Thread is done: Ticket intake 1-160
2026-10-09 01:33:33,464 INFO o.a.j.t.JMeterThread: Thread finished: Ticket intake 1-160
2026-10-09 01:33:36,649 INFO o.a.j.t.JMeterThread: Thread started: Agent search 2-629
2026-10-09 01:33:36,842 INFO o.a.j.t.JMeterThread: Thread is done: Agent search 2-629
2026-10-09 01:33:36,843 INFO o.a.j.t.JMeterThread: Thread finished: Agent search 2-629
2026-10-09 01:33:39,078 INFO o.a.j.t.JMeterThread: Thread started: Agent search 2-630
2026-10-09 01:33:39,141 INFO o.a.j.t.JMeterThread: Thread is done: Agent search 2-630
2026-10-09 01:33:39,142 INFO o.a.j.t.JMeterThread: Thread finished: Agent search 2-630
2026-10-09 01:33:43,313 INFO o.a.j.t.JMeterThread: Thread started: Ticket intake 1-161
2026-10-09 01:33:44,039 INFO o.a.j.t.JMeterThread: Thread started: Agent search 2-631
2026-10-09 01:33:44,216 INFO o.a.j.t.JMeterThread: Thread is done: Agent search 2-631
2026-10-09 01:33:44,217 INFO o.a.j.t.JMeterThread: Thread finished: Agent search 2-631
2026-10-09 01:33:44,604 INFO o.a.j.t.JMeterThread: Thread started: Ticket intake 1-162
2026-10-09 01:33:48,517 INFO o.a.j.t.JMeterThread: Thread is done: Ticket intake 1-161
2026-10-09 01:33:48,517 INFO o.a.j.t.JMeterThread: Thread finished: Ticket intake 1-161
2026-10-09 01:33:51,810 INFO o.a.j.t.JMeterThread: Thread started: Agent search 2-632
2026-10-09 01:33:51,999 INFO o.a.j.t.JMeterThread: Thread is done: Agent search 2-632
2026-10-09 01:33:51,999 INFO o.a.j.t.JMeterThread: Thread finished: Agent search 2-632
2026-10-09 01:33:52,613 INFO o.a.j.t.JMeterThread: Thread is done: Ticket intake 1-162
2026-10-09 01:33:52,613 INFO o.a.j.t.JMeterThread: Thread finished: Ticket intake 1-162
2026-10-09 01:33:57,145 INFO o.a.j.t.JMeterThread: Thread started: Agent search 2-633
2026-10-09 01:33:57,471 INFO o.a.j.t.JMeterThread: Thread is done: Agent search 2-633
2026-10-09 01:33:57,471 INFO o.a.j.t.JMeterThread: Thread finished: Agent search 2-633
2026-10-09 01:33:58,727 INFO o.a.j.t.JMeterThread: Thread started: Agent search 2-634
2026-10-09 01:33:58,964 INFO o.a.j.t.JMeterThread: Thread is done: Agent search 2-634
2026-10-09 01:33:58,964 INFO o.a.j.t.JMeterThread: Thread finished: Agent search 2-634
2026-10-09 01:34:07,017 INFO o.a.j.t.JMeterThread: Thread started: Agent search 2-635
2026-10-09 01:34:07,257 INFO o.a.j.t.JMeterThread: Thread is done: Agent search 2-635
2026-10-09 01:34:07,257 INFO o.a.j.t.JMeterThread: Thread finished: Agent search 2-635
2026-10-09 01:34:14,859 INFO o.a.j.t.JMeterThread: Thread started: Agent search 2-636
2026-10-09 01:34:14,979 INFO o.a.j.t.JMeterThread: Thread started: Agent search 2-637
2026-10-09 01:34:14,988 INFO o.a.j.t.JMeterThread: Thread is done: Agent search 2-636
2026-10-09 01:34:14,988 INFO o.a.j.t.JMeterThread: Thread finished: Agent search 2-636
2026-10-09 01:34:15,039 INFO o.a.j.t.JMeterThread: Thread is done: Agent search 2-637
2026-10-09 01:34:15,039 INFO o.a.j.t.JMeterThread: Thread finished: Agent search 2-637
2026-10-09 01:34:15,223 INFO o.a.j.t.JMeterThread: Thread started: Agent search 2-638
2026-10-09 01:34:15,540 INFO o.a.j.t.JMeterThread: Thread is done: Agent search 2-638
2026-10-09 01:34:15,540 INFO o.a.j.t.JMeterThread: Thread finished: Agent search 2-638
2026-10-09 01:34:17,598 INFO o.a.j.t.JMeterThread: Thread started: Ticket intake 1-163
2026-10-09 01:34:19,156 INFO o.a.j.t.JMeterThread: Thread started: Agent search 2-639
2026-10-09 01:34:19,288 INFO o.a.j.t.JMeterThread: Thread is done: Agent search 2-639
2026-10-09 01:34:19,288 INFO o.a.j.t.JMeterThread: Thread finished: Agent search 2-639
2026-10-09 01:34:22,399 INFO o.a.j.t.JMeterThread: Thread started: Agent search 2-640
2026-10-09 01:34:22,568 INFO o.a.j.t.JMeterThread: Thread is done: Agent search 2-640
2026-10-09 01:34:22,568 INFO o.a.j.t.JMeterThread: Thread finished: Agent search 2-640
2026-10-09 01:34:23,333 INFO o.a.j.t.JMeterThread: Thread is done: Ticket intake 1-163
2026-10-09 01:34:23,333 INFO o.a.j.t.JMeterThread: Thread finished: Ticket intake 1-163
2026-10-09 01:34:29,108 INFO o.a.j.t.JMeterThread: Thread started: Agent search 2-641
2026-10-09 01:34:29,375 INFO o.a.j.t.JMeterThread: Thread is done: Agent search 2-641
2026-10-09 01:34:29,375 INFO o.a.j.t.JMeterThread: Thread finished: Agent search 2-641
2026-10-09 01:34:32,329 INFO o.a.j.t.JMeterThread: Thread started: Agent search 2-642
2026-10-09 01:34:32,550 INFO o.a.j.r.Summariser: summary +     17 in 00:00:59 =    0.3/s Avg:  1273 Min:    59 Max:  8008 Err:     0 (0.00%) Active: 1 Started: 805 Finished: 804
2026-10-09 01:34:32,550 INFO o.a.j.r.Summariser: summary =    805 in 00:47:57 =    0.3/s Avg:  1482 Min:    55 Max: 18048 Err:     0 (0.00%)
2026-10-09 01:34:32,551 INFO o.a.j.t.JMeterThread: Thread is done: Agent search 2-642
2026-10-09 01:34:32,551 INFO o.a.j.t.JMeterThread: Thread finished: Agent search 2-642
2026-10-09 01:34:40,080 INFO o.a.j.t.JMeterThread: Thread started: Agent search 2-643
2026-10-09 01:34:40,332 INFO o.a.j.t.JMeterThread: Thread is done: Agent search 2-643
2026-10-09 01:34:40,332 INFO o.a.j.t.JMeterThread: Thread finished: Agent search 2-643
2026-10-09 01:34:40,369 INFO o.a.j.t.JMeterThread: Thread started: Agent search 2-644
2026-10-09 01:34:40,467 INFO o.a.j.t.JMeterThread: Thread is done: Agent search 2-644
2026-10-09 01:34:40,467 INFO o.a.j.t.JMeterThread: Thread finished: Agent search 2-644
2026-10-09 01:34:45,144 INFO o.a.j.t.JMeterThread: Thread started: Agent search 2-645
2026-10-09 01:34:45,207 INFO o.a.j.t.JMeterThread: Thread is done: Agent search 2-645
2026-10-09 01:34:45,207 INFO o.a.j.t.JMeterThread: Thread finished: Agent search 2-645
2026-10-09 01:34:50,028 INFO o.a.j.t.JMeterThread: Thread started: Agent search 2-646
2026-10-09 01:34:50,267 INFO o.a.j.t.JMeterThread: Thread is done: Agent search 2-646
2026-10-09 01:34:50,267 INFO o.a.j.t.JMeterThread: Thread finished: Agent search 2-646
2026-10-09 01:34:52,222 INFO o.a.j.t.JMeterThread: Thread started: Agent search 2-647
2026-10-09 01:34:52,285 INFO o.a.j.t.JMeterThread: Thread is done: Agent search 2-647
2026-10-09 01:34:52,286 INFO o.a.j.t.JMeterThread: Thread finished: Agent search 2-647
2026-10-09 01:34:59,706 INFO o.a.j.t.JMeterThread: Thread started: Agent search 2-648
2026-10-09 01:34:59,789 INFO o.a.j.t.JMeterThread: Thread is done: Agent search 2-648
2026-10-09 01:34:59,789 INFO o.a.j.t.JMeterThread: Thread finished: Agent search 2-648
2026-10-09 01:35:03,372 INFO o.a.j.t.JMeterThread: Thread started: Agent search 2-649
2026-10-09 01:35:03,475 INFO o.a.j.r.Summariser: summary +      7 in 00:00:31 =    0.2/s Avg:   127 Min:    61 Max:   252 Err:     0 (0.00%) Active: 1 Started: 812 Finished: 811
2026-10-09 01:35:03,475 INFO o.a.j.r.Summariser: summary =    812 in 00:48:28 =    0.3/s Avg:  1470 Min:    55 Max: 18048 Err:     0 (0.00%)
2026-10-09 01:35:03,475 INFO o.a.j.t.JMeterThread: Thread is done: Agent search 2-649
2026-10-09 01:35:03,475 INFO o.a.j.t.JMeterThread: Thread finished: Agent search 2-649
2026-10-09 01:35:05,245 INFO o.a.j.t.JMeterThread: Thread started: Ticket intake 1-164
2026-10-09 01:35:05,436 INFO o.a.j.t.JMeterThread: Thread started: Agent search 2-650
2026-10-09 01:35:05,521 INFO o.a.j.t.JMeterThread: Thread is done: Agent search 2-650
2026-10-09 01:35:05,521 INFO o.a.j.t.JMeterThread: Thread finished: Agent search 2-650
2026-10-09 01:35:08,105 INFO o.a.j.t.JMeterThread: Thread started: Agent search 2-651
2026-10-09 01:35:08,176 INFO o.a.j.t.JMeterThread: Thread is done: Agent search 2-651
2026-10-09 01:35:08,176 INFO o.a.j.t.JMeterThread: Thread finished: Agent search 2-651
2026-10-09 01:35:08,800 INFO o.a.j.t.JMeterThread: Thread is done: Ticket intake 1-164
2026-10-09 01:35:08,800 INFO o.a.j.t.JMeterThread: Thread finished: Ticket intake 1-164
2026-10-09 01:35:13,683 INFO o.a.j.t.JMeterThread: Thread started: Ticket intake 1-165
2026-10-09 01:35:17,652 INFO o.a.j.t.JMeterThread: Thread is done: Ticket intake 1-165
2026-10-09 01:35:17,652 INFO o.a.j.t.JMeterThread: Thread finished: Ticket intake 1-165
2026-10-09 01:35:21,550 INFO o.a.j.t.JMeterThread: Thread started: Agent search 2-652
2026-10-09 01:35:21,821 INFO o.a.j.t.JMeterThread: Thread is done: Agent search 2-652
2026-10-09 01:35:21,821 INFO o.a.j.t.JMeterThread: Thread finished: Agent search 2-652
2026-10-09 01:35:22,761 INFO o.a.j.t.JMeterThread: Thread started: Agent search 2-653
2026-10-09 01:35:22,932 INFO o.a.j.t.JMeterThread: Thread is done: Agent search 2-653
2026-10-09 01:35:22,932 INFO o.a.j.t.JMeterThread: Thread finished: Agent search 2-653
2026-10-09 01:35:26,834 INFO o.a.j.t.JMeterThread: Thread started: Agent search 2-654
2026-10-09 01:35:27,028 INFO o.a.j.t.JMeterThread: Thread is done: Agent search 2-654
2026-10-09 01:35:27,028 INFO o.a.j.t.JMeterThread: Thread finished: Agent search 2-654
2026-10-09 01:35:29,162 INFO o.a.j.t.JMeterThread: Thread started: Agent search 2-655
2026-10-09 01:35:29,241 INFO o.a.j.t.JMeterThread: Thread is done: Agent search 2-655
2026-10-09 01:35:29,241 INFO o.a.j.t.JMeterThread: Thread finished: Agent search 2-655
2026-10-09 01:35:31,012 INFO o.a.j.t.JMeterThread: Thread started: Agent search 2-656
2026-10-09 01:35:31,226 INFO o.a.j.r.Summariser: summary +      9 in 00:00:28 =    0.3/s Avg:   955 Min:    69 Max:  3969 Err:     0 (0.00%) Active: 1 Started: 821 Finished: 820
2026-10-09 01:35:31,229 INFO o.a.j.r.Summariser: summary =    821 in 00:48:56 =    0.3/s Avg:  1464 Min:    55 Max: 18048 Err:     0 (0.00%)
2026-10-09 01:35:31,229 INFO o.a.j.t.JMeterThread: Thread is done: Agent search 2-656
2026-10-09 01:35:31,229 INFO o.a.j.t.JMeterThread: Thread finished: Agent search 2-656
2026-10-09 01:35:33,000 INFO o.a.j.t.JMeterThread: Thread started: Agent search 2-657
2026-10-09 01:35:33,171 INFO o.a.j.t.JMeterThread: Thread is done: Agent search 2-657
2026-10-09 01:35:33,171 INFO o.a.j.t.JMeterThread: Thread finished: Agent search 2-657
2026-10-09 01:35:36,390 INFO o.a.j.t.JMeterThread: Thread started: Agent search 2-658
2026-10-09 01:35:36,551 INFO o.a.j.t.JMeterThread: Thread is done: Agent search 2-658
2026-10-09 01:35:36,551 INFO o.a.j.t.JMeterThread: Thread finished: Agent search 2-658
2026-10-09 01:35:38,415 INFO o.a.j.t.JMeterThread: Thread started: Ticket intake 1-166
2026-10-09 01:35:41,991 INFO o.a.j.t.JMeterThread: Thread started: Agent search 2-659
2026-10-09 01:35:42,070 INFO o.a.j.t.JMeterThread: Thread is done: Agent search 2-659
2026-10-09 01:35:42,070 INFO o.a.j.t.JMeterThread: Thread finished: Agent search 2-659
2026-10-09 01:35:46,484 INFO o.a.j.t.JMeterThread: Thread is done: Ticket intake 1-166
2026-10-09 01:35:46,484 INFO o.a.j.t.JMeterThread: Thread finished: Ticket intake 1-166
2026-10-09 01:35:51,698 INFO o.a.j.t.JMeterThread: Thread started: Agent search 2-660
2026-10-09 01:35:51,761 INFO o.a.j.t.JMeterThread: Thread is done: Agent search 2-660
2026-10-09 01:35:51,762 INFO o.a.j.t.JMeterThread: Thread finished: Agent search 2-660
2026-10-09 01:35:55,301 INFO o.a.j.t.JMeterThread: Thread started: Agent search 2-661
2026-10-09 01:35:55,393 INFO o.a.j.t.JMeterThread: Thread is done: Agent search 2-661
2026-10-09 01:35:55,393 INFO o.a.j.t.JMeterThread: Thread finished: Agent search 2-661
2026-10-09 01:35:56,997 INFO o.a.j.t.JMeterThread: Thread started: Agent search 2-662
2026-10-09 01:35:57,236 INFO o.a.j.t.JMeterThread: Thread is done: Agent search 2-662
2026-10-09 01:35:57,236 INFO o.a.j.t.JMeterThread: Thread finished: Agent search 2-662
2026-10-09 01:35:59,597 INFO o.a.j.t.JMeterThread: Thread started: Ticket intake 1-167
2026-10-09 01:36:04,199 INFO o.a.j.r.Summariser: summary +      8 in 00:00:33 =    0.2/s Avg:  1683 Min:    63 Max:  8067 Err:     0 (0.00%) Active: 1 Started: 829 Finished: 828
2026-10-09 01:36:04,199 INFO o.a.j.r.Summariser: summary =    829 in 00:49:29 =    0.3/s Avg:  1466 Min:    55 Max: 18048 Err:     0 (0.00%)
2026-10-09 01:36:04,200 INFO o.a.j.t.JMeterThread: Thread is done: Ticket intake 1-167
2026-10-09 01:36:04,200 INFO o.a.j.t.JMeterThread: Thread finished: Ticket intake 1-167
2026-10-09 01:36:07,745 INFO o.a.j.t.JMeterThread: Thread started: Ticket intake 1-168
2026-10-09 01:36:09,744 INFO o.a.j.t.JMeterThread: Thread started: Agent search 2-663
2026-10-09 01:36:09,946 INFO o.a.j.t.JMeterThread: Thread started: Agent search 2-664
2026-10-09 01:36:09,971 INFO o.a.j.t.JMeterThread: Thread is done: Agent search 2-663
2026-10-09 01:36:09,971 INFO o.a.j.t.JMeterThread: Thread finished: Agent search 2-663
2026-10-09 01:36:10,036 INFO o.a.j.t.JMeterThread: Thread is done: Agent search 2-664
2026-10-09 01:36:10,036 INFO o.a.j.t.JMeterThread: Thread finished: Agent search 2-664
2026-10-09 01:36:10,949 INFO o.a.j.t.JMeterThread: Thread started: Agent search 2-665
2026-10-09 01:36:11,025 INFO o.a.j.t.JMeterThread: Thread is done: Agent search 2-665
2026-10-09 01:36:11,025 INFO o.a.j.t.JMeterThread: Thread finished: Agent search 2-665
2026-10-09 01:36:11,154 INFO o.a.j.t.JMeterThread: Thread started: Agent search 2-666
2026-10-09 01:36:11,226 INFO o.a.j.t.JMeterThread: Thread is done: Agent search 2-666
2026-10-09 01:36:11,227 INFO o.a.j.t.JMeterThread: Thread finished: Agent search 2-666
2026-10-09 01:36:14,106 INFO o.a.j.t.JMeterThread: Thread started: Agent search 2-667
2026-10-09 01:36:14,173 INFO o.a.j.t.JMeterThread: Thread is done: Agent search 2-667
2026-10-09 01:36:14,173 INFO o.a.j.t.JMeterThread: Thread finished: Agent search 2-667
2026-10-09 01:36:14,211 INFO o.a.j.t.JMeterThread: Thread started: Agent search 2-668
2026-10-09 01:36:14,340 INFO o.a.j.t.JMeterThread: Thread is done: Agent search 2-668
2026-10-09 01:36:14,340 INFO o.a.j.t.JMeterThread: Thread finished: Agent search 2-668
2026-10-09 01:36:14,653 INFO o.a.j.t.JMeterThread: Thread is done: Ticket intake 1-168
2026-10-09 01:36:14,654 INFO o.a.j.t.JMeterThread: Thread finished: Ticket intake 1-168
2026-10-09 01:36:15,558 INFO o.a.j.t.JMeterThread: Thread started: Agent search 2-669
2026-10-09 01:36:15,669 INFO o.a.j.t.JMeterThread: Thread is done: Agent search 2-669
2026-10-09 01:36:15,669 INFO o.a.j.t.JMeterThread: Thread finished: Agent search 2-669
2026-10-09 01:36:20,579 INFO o.a.j.t.JMeterThread: Thread started: Ticket intake 1-169
2026-10-09 01:36:26,663 INFO o.a.j.t.JMeterThread: Thread is done: Ticket intake 1-169
2026-10-09 01:36:26,664 INFO o.a.j.t.JMeterThread: Thread finished: Ticket intake 1-169
2026-10-09 01:36:29,951 INFO o.a.j.t.JMeterThread: Thread started: Agent search 2-670
2026-10-09 01:36:30,107 INFO o.a.j.r.Summariser: summary +     10 in 00:00:26 =    0.4/s Avg:  1391 Min:    66 Max:  6907 Err:     0 (0.00%) Active: 1 Started: 839 Finished: 838
2026-10-09 01:36:30,107 INFO o.a.j.r.Summariser: summary =    839 in 00:49:55 =    0.3/s Avg:  1465 Min:    55 Max: 18048 Err:     0 (0.00%)
2026-10-09 01:36:30,108 INFO o.a.j.t.JMeterThread: Thread is done: Agent search 2-670
2026-10-09 01:36:30,108 INFO o.a.j.t.JMeterThread: Thread finished: Agent search 2-670
2026-10-09 01:36:30,960 INFO o.a.j.t.JMeterThread: Thread started: Agent search 2-671
2026-10-09 01:36:31,336 INFO o.a.j.t.JMeterThread: Thread is done: Agent search 2-671
2026-10-09 01:36:31,336 INFO o.a.j.t.JMeterThread: Thread finished: Agent search 2-671
2026-10-09 01:36:34,862 INFO o.a.j.t.JMeterThread: Thread started: Agent search 2-672
2026-10-09 01:36:35,124 INFO o.a.j.t.JMeterThread: Thread is done: Agent search 2-672
2026-10-09 01:36:35,125 INFO o.a.j.t.JMeterThread: Thread finished: Agent search 2-672
2026-10-09 01:36:47,062 INFO o.a.j.t.JMeterThread: Thread started: Agent search 2-673
2026-10-09 01:36:47,413 INFO o.a.j.t.JMeterThread: Thread is done: Agent search 2-673
2026-10-09 01:36:47,413 INFO o.a.j.t.JMeterThread: Thread finished: Agent search 2-673
2026-10-09 01:36:54,305 INFO o.a.j.t.JMeterThread: Thread started: Agent search 2-674
2026-10-09 01:36:54,582 INFO o.a.j.t.JMeterThread: Thread is done: Agent search 2-674
2026-10-09 01:36:54,582 INFO o.a.j.t.JMeterThread: Thread finished: Agent search 2-674
2026-10-09 01:36:58,476 INFO o.a.j.t.JMeterThread: Thread started: Ticket intake 1-170
2026-10-09 01:37:04,514 INFO o.a.j.r.Summariser: summary +      5 in 00:00:34 =    0.1/s Avg:  1460 Min:   262 Max:  6037 Err:     0 (0.00%) Active: 1 Started: 844 Finished: 843
2026-10-09 01:37:04,514 INFO o.a.j.r.Summariser: summary =    844 in 00:50:29 =    0.3/s Avg:  1465 Min:    55 Max: 18048 Err:     0 (0.00%)
2026-10-09 01:37:04,514 INFO o.a.j.t.JMeterThread: Thread is done: Ticket intake 1-170
2026-10-09 01:37:04,515 INFO o.a.j.t.JMeterThread: Thread finished: Ticket intake 1-170
2026-10-09 01:37:17,144 INFO o.a.j.t.JMeterThread: Thread started: Agent search 2-675
2026-10-09 01:37:17,314 INFO o.a.j.t.JMeterThread: Thread is done: Agent search 2-675
2026-10-09 01:37:17,314 INFO o.a.j.t.JMeterThread: Thread finished: Agent search 2-675
2026-10-09 01:37:25,427 INFO o.a.j.t.JMeterThread: Thread started: Agent search 2-676
2026-10-09 01:37:25,609 INFO o.a.j.t.JMeterThread: Thread is done: Agent search 2-676
2026-10-09 01:37:25,609 INFO o.a.j.t.JMeterThread: Thread finished: Agent search 2-676
2026-10-09 01:37:26,129 INFO o.a.j.t.JMeterThread: Thread started: Agent search 2-677
2026-10-09 01:37:26,223 INFO o.a.j.t.JMeterThread: Thread is done: Agent search 2-677
2026-10-09 01:37:26,223 INFO o.a.j.t.JMeterThread: Thread finished: Agent search 2-677
2026-10-09 01:37:27,594 INFO o.a.j.t.JMeterThread: Thread started: Agent search 2-678
2026-10-09 01:37:27,798 INFO o.a.j.t.JMeterThread: Thread is done: Agent search 2-678
2026-10-09 01:37:27,798 INFO o.a.j.t.JMeterThread: Thread finished: Agent search 2-678
2026-10-09 01:37:37,273 INFO o.a.j.t.JMeterThread: Thread started: Agent search 2-679
2026-10-09 01:37:37,489 INFO o.a.j.t.JMeterThread: Thread is done: Agent search 2-679
2026-10-09 01:37:37,490 INFO o.a.j.t.JMeterThread: Thread finished: Agent search 2-679
2026-10-09 01:37:38,471 INFO o.a.j.t.JMeterThread: Thread started: Agent search 2-680
2026-10-09 01:37:38,680 INFO o.a.j.t.JMeterThread: Thread is done: Agent search 2-680
2026-10-09 01:37:38,680 INFO o.a.j.t.JMeterThread: Thread finished: Agent search 2-680
2026-10-09 01:37:49,526 INFO o.a.j.t.JMeterThread: Thread started: Agent search 2-681
2026-10-09 01:37:49,776 INFO o.a.j.t.JMeterThread: Thread is done: Agent search 2-681
2026-10-09 01:37:49,776 INFO o.a.j.t.JMeterThread: Thread finished: Agent search 2-681
2026-10-09 01:37:51,559 INFO o.a.j.t.JMeterThread: Thread started: Agent search 2-682
2026-10-09 01:37:51,782 INFO o.a.j.t.JMeterThread: Thread is done: Agent search 2-682
2026-10-09 01:37:51,782 INFO o.a.j.t.JMeterThread: Thread finished: Agent search 2-682
2026-10-09 01:37:58,457 INFO o.a.j.t.JMeterThread: Thread started: Ticket intake 1-171
2026-10-09 01:38:00,627 INFO o.a.j.t.JMeterThread: Thread started: Agent search 2-683
2026-10-09 01:38:00,732 INFO o.a.j.r.Summariser: summary +      9 in 00:00:56 =    0.2/s Avg:   182 Min:    93 Max:   249 Err:     0 (0.00%) Active: 2 Started: 854 Finished: 852
2026-10-09 01:38:00,732 INFO o.a.j.r.Summariser: summary =    853 in 00:51:25 =    0.3/s Avg:  1452 Min:    55 Max: 18048 Err:     0 (0.00%)
2026-10-09 01:38:00,732 INFO o.a.j.t.JMeterThread: Thread is done: Agent search 2-683
2026-10-09 01:38:00,732 INFO o.a.j.t.JMeterThread: Thread finished: Agent search 2-683
2026-10-09 01:38:05,033 INFO o.a.j.t.JMeterThread: Thread is done: Ticket intake 1-171
2026-10-09 01:38:05,033 INFO o.a.j.t.JMeterThread: Thread finished: Ticket intake 1-171
2026-10-09 01:38:10,233 INFO o.a.j.t.JMeterThread: Thread started: Agent search 2-684
2026-10-09 01:38:10,461 INFO o.a.j.t.JMeterThread: Thread is done: Agent search 2-684
2026-10-09 01:38:10,461 INFO o.a.j.t.JMeterThread: Thread finished: Agent search 2-684
2026-10-09 01:38:11,361 INFO o.a.j.t.JMeterThread: Thread started: Agent search 2-685
2026-10-09 01:38:11,444 INFO o.a.j.t.JMeterThread: Thread is done: Agent search 2-685
2026-10-09 01:38:11,444 INFO o.a.j.t.JMeterThread: Thread finished: Agent search 2-685
2026-10-09 01:38:12,309 INFO o.a.j.t.JMeterThread: Thread started: Agent search 2-686
2026-10-09 01:38:12,509 INFO o.a.j.t.JMeterThread: Thread is done: Agent search 2-686
2026-10-09 01:38:12,509 INFO o.a.j.t.JMeterThread: Thread finished: Agent search 2-686
2026-10-09 01:38:12,757 INFO o.a.j.t.JMeterThread: Thread started: Agent search 2-687
2026-10-09 01:38:12,917 INFO o.a.j.t.JMeterThread: Thread is done: Agent search 2-687
2026-10-09 01:38:12,917 INFO o.a.j.t.JMeterThread: Thread finished: Agent search 2-687
2026-10-09 01:38:16,956 INFO o.a.j.t.JMeterThread: Thread started: Agent search 2-688
2026-10-09 01:38:17,221 INFO o.a.j.t.JMeterThread: Thread is done: Agent search 2-688
2026-10-09 01:38:17,221 INFO o.a.j.t.JMeterThread: Thread finished: Agent search 2-688
2026-10-09 01:38:17,623 INFO o.a.j.t.JMeterThread: Thread started: Agent search 2-689
2026-10-09 01:38:17,725 INFO o.a.j.t.JMeterThread: Thread is done: Agent search 2-689
2026-10-09 01:38:17,725 INFO o.a.j.t.JMeterThread: Thread finished: Agent search 2-689
2026-10-09 01:38:20,894 INFO o.a.j.t.JMeterThread: Thread started: Agent search 2-690
2026-10-09 01:38:21,008 INFO o.a.j.t.JMeterThread: Thread is done: Agent search 2-690
2026-10-09 01:38:21,009 INFO o.a.j.t.JMeterThread: Thread finished: Agent search 2-690
2026-10-09 01:38:21,650 INFO o.a.j.t.JMeterThread: Thread started: Agent search 2-691
2026-10-09 01:38:21,829 INFO o.a.j.t.JMeterThread: Thread is done: Agent search 2-691
2026-10-09 01:38:21,829 INFO o.a.j.t.JMeterThread: Thread finished: Agent search 2-691
2026-10-09 01:38:22,426 INFO o.a.j.t.JMeterThread: Thread started: Agent search 2-692
2026-10-09 01:38:22,647 INFO o.a.j.t.JMeterThread: Thread is done: Agent search 2-692
2026-10-09 01:38:22,647 INFO o.a.j.t.JMeterThread: Thread finished: Agent search 2-692
2026-10-09 01:38:25,254 INFO o.a.j.t.JMeterThread: Thread started: Ticket intake 1-172
2026-10-09 01:38:30,941 INFO o.a.j.r.Summariser: summary +     11 in 00:00:30 =    0.4/s Avg:  1254 Min:    83 Max:  6575 Err:     0 (0.00%) Active: 1 Started: 864 Finished: 863
2026-10-09 01:38:30,941 INFO o.a.j.r.Summariser: summary =    864 in 00:51:55 =    0.3/s Avg:  1449 Min:    55 Max: 18048 Err:     0 (0.00%)
2026-10-09 01:38:30,941 INFO o.a.j.t.JMeterThread: Thread is done: Ticket intake 1-172
2026-10-09 01:38:30,941 INFO o.a.j.t.JMeterThread: Thread finished: Ticket intake 1-172
2026-10-09 01:38:38,815 INFO o.a.j.t.JMeterThread: Thread started: Agent search 2-693
2026-10-09 01:38:38,929 INFO o.a.j.t.JMeterThread: Thread is done: Agent search 2-693
2026-10-09 01:38:38,929 INFO o.a.j.t.JMeterThread: Thread finished: Agent search 2-693
2026-10-09 01:38:43,562 INFO o.a.j.t.JMeterThread: Thread started: Agent search 2-694
2026-10-09 01:38:43,742 INFO o.a.j.t.JMeterThread: Thread is done: Agent search 2-694
2026-10-09 01:38:43,742 INFO o.a.j.t.JMeterThread: Thread finished: Agent search 2-694
2026-10-09 01:38:47,045 INFO o.a.j.t.JMeterThread: Thread started: Agent search 2-695
2026-10-09 01:38:47,223 INFO o.a.j.t.JMeterThread: Thread is done: Agent search 2-695
2026-10-09 01:38:47,223 INFO o.a.j.t.JMeterThread: Thread finished: Agent search 2-695
2026-10-09 01:38:49,685 INFO o.a.j.t.JMeterThread: Thread started: Agent search 2-696
2026-10-09 01:38:49,754 INFO o.a.j.t.JMeterThread: Thread is done: Agent search 2-696
2026-10-09 01:38:49,754 INFO o.a.j.t.JMeterThread: Thread finished: Agent search 2-696
2026-10-09 01:38:51,234 INFO o.a.j.t.JMeterThread: Thread started: Ticket intake 1-173
2026-10-09 01:38:53,295 INFO o.a.j.t.JMeterThread: Thread started: Agent search 2-697
2026-10-09 01:38:53,574 INFO o.a.j.t.JMeterThread: Thread is done: Agent search 2-697
2026-10-09 01:38:53,574 INFO o.a.j.t.JMeterThread: Thread finished: Agent search 2-697
2026-10-09 01:38:55,721 INFO o.a.j.t.JMeterThread: Thread is done: Ticket intake 1-173
2026-10-09 01:38:55,722 INFO o.a.j.t.JMeterThread: Thread finished: Ticket intake 1-173
2026-10-09 01:39:01,126 INFO o.a.j.t.JMeterThread: Thread started: Agent search 2-698
2026-10-09 01:39:01,378 INFO o.a.j.r.Summariser: summary +      7 in 00:00:30 =    0.2/s Avg:   793 Min:    68 Max:  4486 Err:     0 (0.00%) Active: 1 Started: 871 Finished: 870
2026-10-09 01:39:01,378 INFO o.a.j.r.Summariser: summary =    871 in 00:52:26 =    0.3/s Avg:  1444 Min:    55 Max: 18048 Err:     0 (0.00%)
2026-10-09 01:39:01,378 INFO o.a.j.t.JMeterThread: Thread is done: Agent search 2-698
2026-10-09 01:39:01,378 INFO o.a.j.t.JMeterThread: Thread finished: Agent search 2-698
2026-10-09 01:39:01,723 INFO o.a.j.t.JMeterThread: Thread started: Agent search 2-699
2026-10-09 01:39:01,969 INFO o.a.j.t.JMeterThread: Thread is done: Agent search 2-699
2026-10-09 01:39:01,969 INFO o.a.j.t.JMeterThread: Thread finished: Agent search 2-699
2026-10-09 01:39:07,514 INFO o.a.j.t.JMeterThread: Thread started: Agent search 2-700
2026-10-09 01:39:07,703 INFO o.a.j.t.JMeterThread: Thread is done: Agent search 2-700
2026-10-09 01:39:07,703 INFO o.a.j.t.JMeterThread: Thread finished: Agent search 2-700
2026-10-09 01:39:13,991 INFO o.a.j.t.JMeterThread: Thread started: Agent search 2-701
2026-10-09 01:39:14,638 INFO o.a.j.t.JMeterThread: Thread is done: Agent search 2-701
2026-10-09 01:39:14,643 INFO o.a.j.t.JMeterThread: Thread finished: Agent search 2-701
2026-10-09 01:39:15,038 INFO o.a.j.t.JMeterThread: Thread started: Ticket intake 1-174
2026-10-09 01:39:18,455 INFO o.a.j.t.JMeterThread: Thread is done: Ticket intake 1-174
2026-10-09 01:39:18,456 INFO o.a.j.t.JMeterThread: Thread finished: Ticket intake 1-174
2026-10-09 01:39:20,829 INFO o.a.j.t.JMeterThread: Thread started: Agent search 2-702
2026-10-09 01:39:20,884 INFO o.a.j.t.JMeterThread: Thread is done: Agent search 2-702
2026-10-09 01:39:20,884 INFO o.a.j.t.JMeterThread: Thread finished: Agent search 2-702
2026-10-09 01:39:23,646 INFO o.a.j.t.JMeterThread: Thread started: Agent search 2-703
2026-10-09 01:39:23,743 INFO o.a.j.t.JMeterThread: Thread is done: Agent search 2-703
2026-10-09 01:39:23,744 INFO o.a.j.t.JMeterThread: Thread finished: Agent search 2-703
2026-10-09 01:39:26,923 INFO o.a.j.t.JMeterThread: Thread started: Agent search 2-704
2026-10-09 01:39:27,193 INFO o.a.j.t.JMeterThread: Thread is done: Agent search 2-704
2026-10-09 01:39:27,193 INFO o.a.j.t.JMeterThread: Thread finished: Agent search 2-704
2026-10-09 01:39:31,909 INFO o.a.j.t.JMeterThread: Thread started: Agent search 2-705
2026-10-09 01:39:32,076 INFO o.a.j.r.Summariser: summary +      8 in 00:00:31 =    0.3/s Avg:   635 Min:    54 Max:  3416 Err:     0 (0.00%) Active: 1 Started: 879 Finished: 878
2026-10-09 01:39:32,076 INFO o.a.j.r.Summariser: summary =    879 in 00:52:56 =    0.3/s Avg:  1437 Min:    54 Max: 18048 Err:     0 (0.00%)
2026-10-09 01:39:32,076 INFO o.a.j.t.JMeterThread: Thread is done: Agent search 2-705
2026-10-09 01:39:32,076 INFO o.a.j.t.JMeterThread: Thread finished: Agent search 2-705
2026-10-09 01:39:38,642 INFO o.a.j.t.JMeterThread: Thread started: Agent search 2-706
2026-10-09 01:39:38,743 INFO o.a.j.t.JMeterThread: Thread is done: Agent search 2-706
2026-10-09 01:39:38,743 INFO o.a.j.t.JMeterThread: Thread finished: Agent search 2-706
2026-10-09 01:39:40,265 INFO o.a.j.t.JMeterThread: Thread started: Ticket intake 1-175
2026-10-09 01:39:43,104 INFO o.a.j.t.JMeterThread: Thread started: Ticket intake 1-176
2026-10-09 01:39:43,541 INFO o.a.j.t.JMeterThread: Thread started: Agent search 2-707
2026-10-09 01:39:43,749 INFO o.a.j.t.JMeterThread: Thread is done: Agent search 2-707
2026-10-09 01:39:43,749 INFO o.a.j.t.JMeterThread: Thread finished: Agent search 2-707
2026-10-09 01:39:44,466 INFO o.a.j.t.JMeterThread: Thread is done: Ticket intake 1-175
2026-10-09 01:39:44,466 INFO o.a.j.t.JMeterThread: Thread finished: Ticket intake 1-175
2026-10-09 01:39:46,202 INFO o.a.j.t.JMeterThread: Thread started: Ticket intake 1-177
2026-10-09 01:39:48,029 INFO o.a.j.t.JMeterThread: Thread started: Agent search 2-708
2026-10-09 01:39:48,152 INFO o.a.j.t.JMeterThread: Thread is done: Agent search 2-708
2026-10-09 01:39:48,153 INFO o.a.j.t.JMeterThread: Thread finished: Agent search 2-708
2026-10-09 01:39:50,281 INFO o.a.j.t.JMeterThread: Thread started: Agent search 2-709
2026-10-09 01:39:50,506 INFO o.a.j.t.JMeterThread: Thread is done: Ticket intake 1-176
2026-10-09 01:39:50,506 INFO o.a.j.t.JMeterThread: Thread finished: Ticket intake 1-176
2026-10-09 01:39:50,506 INFO o.a.j.t.JMeterThread: Thread is done: Agent search 2-709
2026-10-09 01:39:50,506 INFO o.a.j.t.JMeterThread: Thread finished: Agent search 2-709
2026-10-09 01:39:50,839 INFO o.a.j.t.JMeterThread: Thread started: Agent search 2-710
2026-10-09 01:39:51,121 INFO o.a.j.t.JMeterThread: Thread is done: Agent search 2-710
2026-10-09 01:39:51,121 INFO o.a.j.t.JMeterThread: Thread finished: Agent search 2-710
2026-10-09 01:39:51,717 INFO o.a.j.t.JMeterThread: Thread started: Agent search 2-711
2026-10-09 01:39:51,943 INFO o.a.j.t.JMeterThread: Thread is done: Agent search 2-711
2026-10-09 01:39:51,943 INFO o.a.j.t.JMeterThread: Thread finished: Agent search 2-711
2026-10-09 01:39:52,289 INFO o.a.j.t.JMeterThread: Thread started: Agent search 2-712
2026-10-09 01:39:52,453 INFO o.a.j.t.JMeterThread: Thread is done: Agent search 2-712
2026-10-09 01:39:52,453 INFO o.a.j.t.JMeterThread: Thread finished: Agent search 2-712
2026-10-09 01:39:53,389 INFO o.a.j.t.JMeterThread: Thread started: Agent search 2-713
2026-10-09 01:39:53,436 INFO o.a.j.t.JMeterThread: Thread started: Agent search 2-714
2026-10-09 01:39:53,477 INFO o.a.j.t.JMeterThread: Thread is done: Agent search 2-713
2026-10-09 01:39:53,477 INFO o.a.j.t.JMeterThread: Thread finished: Agent search 2-713
2026-10-09 01:39:53,499 INFO o.a.j.t.JMeterThread: Thread is done: Agent search 2-714
2026-10-09 01:39:53,499 INFO o.a.j.t.JMeterThread: Thread finished: Agent search 2-714
2026-10-09 01:39:54,291 INFO o.a.j.t.JMeterThread: Thread started: Agent search 2-715
2026-10-09 01:39:54,500 INFO o.a.j.t.JMeterThread: Thread is done: Agent search 2-715
2026-10-09 01:39:54,500 INFO o.a.j.t.JMeterThread: Thread finished: Agent search 2-715
2026-10-09 01:39:55,008 INFO o.a.j.t.JMeterThread: Thread started: Ticket intake 1-178
2026-10-09 01:39:55,012 INFO o.a.j.t.JMeterThread: Thread is done: Ticket intake 1-177
2026-10-09 01:39:55,012 INFO o.a.j.t.JMeterThread: Thread finished: Ticket intake 1-177
2026-10-09 01:39:58,626 INFO o.a.j.t.JMeterThread: Thread is done: Ticket intake 1-178
2026-10-09 01:39:58,626 INFO o.a.j.t.JMeterThread: Thread finished: Ticket intake 1-178
2026-10-09 01:39:59,085 INFO o.a.j.t.JMeterThread: Thread started: Ticket intake 1-179
2026-10-09 01:40:04,229 INFO o.a.j.r.Summariser: summary +     15 in 00:00:32 =    0.5/s Avg:  2056 Min:    62 Max:  8809 Err:     0 (0.00%) Active: 1 Started: 894 Finished: 893
2026-10-09 01:40:04,229 INFO o.a.j.r.Summariser: summary =    894 in 00:53:29 =    0.3/s Avg:  1447 Min:    54 Max: 18048 Err:     0 (0.00%)
2026-10-09 01:40:04,230 INFO o.a.j.t.JMeterThread: Thread is done: Ticket intake 1-179
2026-10-09 01:40:04,230 INFO o.a.j.t.JMeterThread: Thread finished: Ticket intake 1-179
2026-10-09 01:40:08,992 INFO o.a.j.t.JMeterThread: Thread started: Ticket intake 1-180
2026-10-09 01:40:09,300 INFO o.a.j.t.JMeterThread: Thread started: Agent search 2-716
2026-10-09 01:40:09,553 INFO o.a.j.t.JMeterThread: Thread is done: Agent search 2-716
2026-10-09 01:40:09,554 INFO o.a.j.t.JMeterThread: Thread finished: Agent search 2-716
2026-10-09 01:40:10,789 INFO o.a.j.t.JMeterThread: Thread started: Ticket intake 1-181
2026-10-09 01:40:13,933 INFO o.a.j.t.JMeterThread: Thread started: Agent search 2-717
2026-10-09 01:40:14,161 INFO o.a.j.t.JMeterThread: Thread is done: Agent search 2-717
2026-10-09 01:40:14,161 INFO o.a.j.t.JMeterThread: Thread finished: Agent search 2-717
2026-10-09 01:40:14,366 INFO o.a.j.t.JMeterThread: Thread is done: Ticket intake 1-180
2026-10-09 01:40:14,366 INFO o.a.j.t.JMeterThread: Thread finished: Ticket intake 1-180
2026-10-09 01:40:18,462 INFO o.a.j.t.JMeterThread: Thread is done: Ticket intake 1-181
2026-10-09 01:40:18,463 INFO o.a.j.t.JMeterThread: Thread finished: Ticket intake 1-181
2026-10-09 01:40:22,872 INFO o.a.j.t.JMeterThread: Thread started: Ticket intake 1-182
2026-10-09 01:40:23,460 INFO o.a.j.t.JMeterThread: Thread started: Ticket intake 1-183
2026-10-09 01:40:24,140 INFO o.a.j.t.JMeterThread: Thread started: Agent search 2-718
2026-10-09 01:40:24,402 INFO o.a.j.t.JMeterThread: Thread is done: Agent search 2-718
2026-10-09 01:40:24,402 INFO o.a.j.t.JMeterThread: Thread finished: Agent search 2-718
2026-10-09 01:40:28,754 INFO o.a.j.t.JMeterThread: Thread started: Agent search 2-719
2026-10-09 01:40:28,762 INFO o.a.j.t.JMeterThread: Thread is done: Ticket intake 1-182
2026-10-09 01:40:28,762 INFO o.a.j.t.JMeterThread: Thread finished: Ticket intake 1-182
2026-10-09 01:40:28,832 INFO o.a.j.t.JMeterThread: Thread is done: Agent search 2-719
2026-10-09 01:40:28,832 INFO o.a.j.t.JMeterThread: Thread finished: Agent search 2-719
2026-10-09 01:40:29,969 INFO o.a.j.t.JMeterThread: Thread started: Ticket intake 1-184
2026-10-09 01:40:33,209 INFO o.a.j.r.Summariser: summary +      8 in 00:00:29 =    0.3/s Avg:  3687 Min:    77 Max:  9748 Err:     0 (0.00%) Active: 2 Started: 903 Finished: 901
2026-10-09 01:40:33,209 INFO o.a.j.r.Summariser: summary =    902 in 00:53:58 =    0.3/s Avg:  1467 Min:    54 Max: 18048 Err:     0 (0.00%)
2026-10-09 01:40:33,209 INFO o.a.j.t.JMeterThread: Thread is done: Ticket intake 1-183
2026-10-09 01:40:33,209 INFO o.a.j.t.JMeterThread: Thread finished: Ticket intake 1-183
2026-10-09 01:40:35,092 INFO o.a.j.t.JMeterThread: Thread started: Agent search 2-720
2026-10-09 01:40:35,257 INFO o.a.j.t.JMeterThread: Thread is done: Agent search 2-720
2026-10-09 01:40:35,257 INFO o.a.j.t.JMeterThread: Thread finished: Agent search 2-720
2026-10-09 01:40:37,100 INFO o.a.j.t.JMeterThread: Thread is done: Ticket intake 1-184
2026-10-09 01:40:37,100 INFO o.a.j.t.JMeterThread: Thread finished: Ticket intake 1-184
2026-10-09 01:40:37,924 INFO o.a.j.t.JMeterThread: Thread started: Agent search 2-721
2026-10-09 01:40:38,123 INFO o.a.j.t.JMeterThread: Thread is done: Agent search 2-721
2026-10-09 01:40:38,124 INFO o.a.j.t.JMeterThread: Thread finished: Agent search 2-721
2026-10-09 01:40:41,749 INFO o.a.j.t.JMeterThread: Thread started: Agent search 2-722
2026-10-09 01:40:41,912 INFO o.a.j.t.JMeterThread: Thread is done: Agent search 2-722
2026-10-09 01:40:41,913 INFO o.a.j.t.JMeterThread: Thread finished: Agent search 2-722
2026-10-09 01:40:42,116 INFO o.a.j.t.JMeterThread: Thread started: Agent search 2-723
2026-10-09 01:40:42,425 INFO o.a.j.t.JMeterThread: Thread is done: Agent search 2-723
2026-10-09 01:40:42,425 INFO o.a.j.t.JMeterThread: Thread finished: Agent search 2-723
2026-10-09 01:40:46,137 INFO o.a.j.t.JMeterThread: Thread started: Agent search 2-724
2026-10-09 01:40:46,319 INFO o.a.j.t.JMeterThread: Thread is done: Agent search 2-724
2026-10-09 01:40:46,319 INFO o.a.j.t.JMeterThread: Thread finished: Agent search 2-724
2026-10-09 01:40:50,442 INFO o.a.j.t.JMeterThread: Thread started: Agent search 2-725
2026-10-09 01:40:50,616 INFO o.a.j.t.JMeterThread: Thread is done: Agent search 2-725
2026-10-09 01:40:50,616 INFO o.a.j.t.JMeterThread: Thread finished: Agent search 2-725
2026-10-09 01:41:01,647 INFO o.a.j.t.JMeterThread: Thread started: Agent search 2-726
2026-10-09 01:41:01,699 INFO o.a.j.t.JMeterThread: Thread started: Agent search 2-727
2026-10-09 01:41:01,746 INFO o.a.j.r.Summariser: summary +      8 in 00:00:29 =    0.3/s Avg:  1051 Min:    98 Max:  7130 Err:     0 (0.00%) Active: 2 Started: 911 Finished: 909
2026-10-09 01:41:01,746 INFO o.a.j.r.Summariser: summary =    910 in 00:54:26 =    0.3/s Avg:  1463 Min:    54 Max: 18048 Err:     0 (0.00%)
2026-10-09 01:41:01,746 INFO o.a.j.t.JMeterThread: Thread is done: Agent search 2-726
2026-10-09 01:41:01,746 INFO o.a.j.t.JMeterThread: Thread finished: Agent search 2-726
2026-10-09 01:41:01,767 INFO o.a.j.t.JMeterThread: Thread is done: Agent search 2-727
2026-10-09 01:41:01,767 INFO o.a.j.t.JMeterThread: Thread finished: Agent search 2-727
2026-10-09 01:41:07,809 INFO o.a.j.t.JMeterThread: Thread started: Agent search 2-728
2026-10-09 01:41:07,893 INFO o.a.j.t.JMeterThread: Thread started: Agent search 2-729
2026-10-09 01:41:07,961 INFO o.a.j.t.JMeterThread: Thread is done: Agent search 2-729
2026-10-09 01:41:07,961 INFO o.a.j.t.JMeterThread: Thread finished: Agent search 2-729
2026-10-09 01:41:08,000 INFO o.a.j.t.JMeterThread: Thread is done: Agent search 2-728
2026-10-09 01:41:08,000 INFO o.a.j.t.JMeterThread: Thread finished: Agent search 2-728
2026-10-09 01:41:11,600 INFO o.a.j.t.JMeterThread: Thread started: Ticket intake 1-185
2026-10-09 01:41:13,083 INFO o.a.j.t.JMeterThread: Thread started: Agent search 2-730
2026-10-09 01:41:13,247 INFO o.a.j.t.JMeterThread: Thread is done: Agent search 2-730
2026-10-09 01:41:13,247 INFO o.a.j.t.JMeterThread: Thread finished: Agent search 2-730
2026-10-09 01:41:15,273 INFO o.a.j.t.JMeterThread: Thread started: Agent search 2-731
2026-10-09 01:41:15,603 INFO o.a.j.t.JMeterThread: Thread is done: Agent search 2-731
2026-10-09 01:41:15,603 INFO o.a.j.t.JMeterThread: Thread finished: Agent search 2-731
2026-10-09 01:41:16,729 INFO o.a.j.t.JMeterThread: Thread is done: Ticket intake 1-185
2026-10-09 01:41:16,729 INFO o.a.j.t.JMeterThread: Thread finished: Ticket intake 1-185
2026-10-09 01:41:34,449 INFO o.a.j.t.JMeterThread: Thread started: Agent search 2-732
2026-10-09 01:41:34,650 INFO o.a.j.r.Summariser: summary +      7 in 00:00:33 =    0.2/s Avg:   878 Min:    67 Max:  5129 Err:     0 (0.00%) Active: 1 Started: 917 Finished: 916
2026-10-09 01:41:34,650 INFO o.a.j.r.Summariser: summary =    917 in 00:54:59 =    0.3/s Avg:  1459 Min:    54 Max: 18048 Err:     0 (0.00%)
2026-10-09 01:41:34,650 INFO o.a.j.t.JMeterThread: Thread is done: Agent search 2-732
2026-10-09 01:41:34,650 INFO o.a.j.t.JMeterThread: Thread finished: Agent search 2-732
2026-10-09 01:41:40,435 INFO o.a.j.t.JMeterThread: Thread started: Agent search 2-733
2026-10-09 01:41:40,691 INFO o.a.j.t.JMeterThread: Thread is done: Agent search 2-733
2026-10-09 01:41:40,691 INFO o.a.j.t.JMeterThread: Thread finished: Agent search 2-733
2026-10-09 01:41:44,724 INFO o.a.j.t.JMeterThread: Thread started: Agent search 2-734
2026-10-09 01:41:45,023 INFO o.a.j.t.JMeterThread: Thread is done: Agent search 2-734
2026-10-09 01:41:45,023 INFO o.a.j.t.JMeterThread: Thread finished: Agent search 2-734
2026-10-09 01:41:47,853 INFO o.a.j.t.JMeterThread: Thread started: Agent search 2-735
2026-10-09 01:41:47,961 INFO o.a.j.t.JMeterThread: Thread is done: Agent search 2-735
2026-10-09 01:41:47,962 INFO o.a.j.t.JMeterThread: Thread finished: Agent search 2-735
2026-10-09 01:41:48,767 INFO o.a.j.t.JMeterThread: Thread started: Agent search 2-736
2026-10-09 01:41:48,912 INFO o.a.j.t.JMeterThread: Thread is done: Agent search 2-736
2026-10-09 01:41:48,912 INFO o.a.j.t.JMeterThread: Thread finished: Agent search 2-736
2026-10-09 01:41:50,015 INFO o.a.j.t.JMeterThread: Thread started: Agent search 2-737
2026-10-09 01:41:50,156 INFO o.a.j.t.JMeterThread: Thread is done: Agent search 2-737
2026-10-09 01:41:50,157 INFO o.a.j.t.JMeterThread: Thread finished: Agent search 2-737
2026-10-09 01:41:51,681 INFO o.a.j.t.JMeterThread: Thread started: Ticket intake 1-186
2026-10-09 01:41:56,051 INFO o.a.j.t.JMeterThread: Thread is done: Ticket intake 1-186
2026-10-09 01:41:56,051 INFO o.a.j.t.JMeterThread: Thread finished: Ticket intake 1-186
2026-10-09 01:41:56,860 INFO o.a.j.t.JMeterThread: Thread started: Agent search 2-738
2026-10-09 01:41:56,973 INFO o.a.j.t.JMeterThread: Thread is done: Agent search 2-738
2026-10-09 01:41:56,973 INFO o.a.j.t.JMeterThread: Thread finished: Agent search 2-738
2026-10-09 01:41:57,483 INFO o.a.j.t.JMeterThread: Thread started: Agent search 2-739
2026-10-09 01:41:57,690 INFO o.a.j.t.JMeterThread: Thread is done: Agent search 2-739
2026-10-09 01:41:57,690 INFO o.a.j.t.JMeterThread: Thread finished: Agent search 2-739
2026-10-09 01:41:58,227 INFO o.a.j.t.JMeterThread: Thread started: Agent search 2-740
2026-10-09 01:41:58,304 INFO o.a.j.t.JMeterThread: Thread is done: Agent search 2-740
2026-10-09 01:41:58,304 INFO o.a.j.t.JMeterThread: Thread finished: Agent search 2-740
2026-10-09 01:42:01,957 INFO o.a.j.t.JMeterThread: Thread started: Agent search 2-741
2026-10-09 01:42:02,025 INFO o.a.j.r.Summariser: summary +     10 in 00:00:27 =    0.4/s Avg:   577 Min:    67 Max:  4369 Err:     0 (0.00%) Active: 1 Started: 927 Finished: 926
2026-10-09 01:42:02,025 INFO o.a.j.r.Summariser: summary =    927 in 00:55:26 =    0.3/s Avg:  1449 Min:    54 Max: 18048 Err:     0 (0.00%)
2026-10-09 01:42:02,025 INFO o.a.j.t.JMeterThread: Thread is done: Agent search 2-741
2026-10-09 01:42:02,025 INFO o.a.j.t.JMeterThread: Thread finished: Agent search 2-741
2026-10-09 01:42:06,061 INFO o.a.j.t.JMeterThread: Thread started: Agent search 2-742
2026-10-09 01:42:06,196 INFO o.a.j.t.JMeterThread: Thread is done: Agent search 2-742
2026-10-09 01:42:06,196 INFO o.a.j.t.JMeterThread: Thread finished: Agent search 2-742
2026-10-09 01:42:11,688 INFO o.a.j.t.JMeterThread: Thread started: Agent search 2-743
2026-10-09 01:42:11,788 INFO o.a.j.t.JMeterThread: Thread is done: Agent search 2-743
2026-10-09 01:42:11,788 INFO o.a.j.t.JMeterThread: Thread finished: Agent search 2-743
2026-10-09 01:42:14,965 INFO o.a.j.t.JMeterThread: Thread started: Ticket intake 1-187
2026-10-09 01:42:20,742 INFO o.a.j.t.JMeterThread: Thread is done: Ticket intake 1-187
2026-10-09 01:42:20,742 INFO o.a.j.t.JMeterThread: Thread finished: Ticket intake 1-187
2026-10-09 01:42:24,063 INFO o.a.j.t.JMeterThread: Thread started: Agent search 2-744
2026-10-09 01:42:24,316 INFO o.a.j.t.JMeterThread: Thread is done: Agent search 2-744
2026-10-09 01:42:24,316 INFO o.a.j.t.JMeterThread: Thread finished: Agent search 2-744
2026-10-09 01:42:27,013 INFO o.a.j.t.JMeterThread: Thread started: Agent search 2-745
2026-10-09 01:42:27,181 INFO o.a.j.t.JMeterThread: Thread is done: Agent search 2-745
2026-10-09 01:42:27,181 INFO o.a.j.t.JMeterThread: Thread finished: Agent search 2-745
2026-10-09 01:42:29,148 INFO o.a.j.t.JMeterThread: Thread started: Agent search 2-746
2026-10-09 01:42:29,263 INFO o.a.j.t.JMeterThread: Thread is done: Agent search 2-746
2026-10-09 01:42:29,263 INFO o.a.j.t.JMeterThread: Thread finished: Agent search 2-746
2026-10-09 01:42:42,850 INFO o.a.j.t.JMeterThread: Thread started: Ticket intake 1-188
2026-10-09 01:42:46,118 INFO o.a.j.t.JMeterThread: Thread started: Agent search 2-747
2026-10-09 01:42:46,331 INFO o.a.j.t.JMeterThread: Thread is done: Agent search 2-747
2026-10-09 01:42:46,331 INFO o.a.j.t.JMeterThread: Thread finished: Agent search 2-747
2026-10-09 01:42:47,510 INFO o.a.j.t.JMeterThread: Thread started: Agent search 2-748
2026-10-09 01:42:47,662 INFO o.a.j.t.JMeterThread: Thread is done: Ticket intake 1-188
2026-10-09 01:42:47,662 INFO o.a.j.t.JMeterThread: Thread finished: Ticket intake 1-188
2026-10-09 01:42:47,746 INFO o.a.j.t.JMeterThread: Thread is done: Agent search 2-748
2026-10-09 01:42:47,746 INFO o.a.j.t.JMeterThread: Thread finished: Agent search 2-748
2026-10-09 01:42:48,982 INFO o.a.j.t.JMeterThread: Thread started: Agent search 2-749
2026-10-09 01:42:49,198 INFO o.a.j.t.JMeterThread: Thread is done: Agent search 2-749
2026-10-09 01:42:49,198 INFO o.a.j.t.JMeterThread: Thread finished: Agent search 2-749
2026-10-09 01:42:49,946 INFO o.a.j.t.JMeterThread: Thread started: Agent search 2-750
2026-10-09 01:42:50,121 INFO o.a.j.t.JMeterThread: Thread is done: Agent search 2-750
2026-10-09 01:42:50,121 INFO o.a.j.t.JMeterThread: Thread finished: Agent search 2-750
2026-10-09 01:42:58,552 INFO o.a.j.t.JMeterThread: Thread started: Agent search 2-751
2026-10-09 01:42:58,720 INFO o.a.j.t.JMeterThread: Thread is done: Agent search 2-751
2026-10-09 01:42:58,721 INFO o.a.j.t.JMeterThread: Thread finished: Agent search 2-751
2026-10-09 01:43:00,156 INFO o.a.j.t.JMeterThread: Thread started: Ticket intake 1-189
2026-10-09 01:43:04,455 INFO o.a.j.r.Summariser: summary +     13 in 00:01:02 =    0.2/s Avg:  1281 Min:    98 Max:  5776 Err:     0 (0.00%) Active: 1 Started: 940 Finished: 939
2026-10-09 01:43:04,456 INFO o.a.j.r.Summariser: summary =    940 in 00:56:29 =    0.3/s Avg:  1447 Min:    54 Max: 18048 Err:     0 (0.00%)
2026-10-09 01:43:04,456 INFO o.a.j.t.JMeterThread: Thread is done: Ticket intake 1-189
2026-10-09 01:43:04,456 INFO o.a.j.t.JMeterThread: Thread finished: Ticket intake 1-189
2026-10-09 01:43:18,327 INFO o.a.j.t.JMeterThread: Thread started: Ticket intake 1-190
2026-10-09 01:43:22,486 INFO o.a.j.t.JMeterThread: Thread started: Agent search 2-752
2026-10-09 01:43:22,556 INFO o.a.j.t.JMeterThread: Thread is done: Agent search 2-752
2026-10-09 01:43:22,557 INFO o.a.j.t.JMeterThread: Thread finished: Agent search 2-752
2026-10-09 01:43:22,864 INFO o.a.j.t.JMeterThread: Thread started: Agent search 2-753
2026-10-09 01:43:23,073 INFO o.a.j.t.JMeterThread: Thread started: Agent search 2-754
2026-10-09 01:43:23,081 INFO o.a.j.t.JMeterThread: Thread is done: Ticket intake 1-190
2026-10-09 01:43:23,081 INFO o.a.j.t.JMeterThread: Thread finished: Ticket intake 1-190
2026-10-09 01:43:23,196 INFO o.a.j.t.JMeterThread: Thread is done: Agent search 2-753
2026-10-09 01:43:23,196 INFO o.a.j.t.JMeterThread: Thread finished: Agent search 2-753
2026-10-09 01:43:24,182 INFO o.a.j.t.JMeterThread: Thread is done: Agent search 2-754
2026-10-09 01:43:24,182 INFO o.a.j.t.JMeterThread: Thread finished: Agent search 2-754
2026-10-09 01:43:35,227 INFO o.a.j.t.JMeterThread: Thread started: Agent search 2-755
2026-10-09 01:43:35,383 INFO o.a.j.r.Summariser: summary +      5 in 00:00:31 =    0.2/s Avg:  1283 Min:    70 Max:  4752 Err:     0 (0.00%) Active: 1 Started: 945 Finished: 944
2026-10-09 01:43:35,383 INFO o.a.j.r.Summariser: summary =    945 in 00:57:00 =    0.3/s Avg:  1446 Min:    54 Max: 18048 Err:     0 (0.00%)
2026-10-09 01:43:35,383 INFO o.a.j.t.JMeterThread: Thread is done: Agent search 2-755
2026-10-09 01:43:35,383 INFO o.a.j.t.JMeterThread: Thread finished: Agent search 2-755
2026-10-09 01:43:38,629 INFO o.a.j.t.JMeterThread: Thread started: Agent search 2-756
2026-10-09 01:43:38,753 INFO o.a.j.t.JMeterThread: Thread is done: Agent search 2-756
2026-10-09 01:43:38,754 INFO o.a.j.t.JMeterThread: Thread finished: Agent search 2-756
2026-10-09 01:43:40,897 INFO o.a.j.t.JMeterThread: Thread started: Agent search 2-757
2026-10-09 01:43:41,525 INFO o.a.j.t.JMeterThread: Thread is done: Agent search 2-757
2026-10-09 01:43:41,525 INFO o.a.j.t.JMeterThread: Thread finished: Agent search 2-757
2026-10-09 01:43:41,763 INFO o.a.j.t.JMeterThread: Thread started: Agent search 2-758
2026-10-09 01:43:42,002 INFO o.a.j.t.JMeterThread: Thread is done: Agent search 2-758
2026-10-09 01:43:42,002 INFO o.a.j.t.JMeterThread: Thread finished: Agent search 2-758
2026-10-09 01:43:42,097 INFO o.a.j.t.JMeterThread: Thread started: Agent search 2-759
2026-10-09 01:43:42,242 INFO o.a.j.t.JMeterThread: Thread is done: Agent search 2-759
2026-10-09 01:43:42,242 INFO o.a.j.t.JMeterThread: Thread finished: Agent search 2-759
2026-10-09 01:43:43,492 INFO o.a.j.t.JMeterThread: Thread started: Agent search 2-760
2026-10-09 01:43:43,577 INFO o.a.j.t.JMeterThread: Thread is done: Agent search 2-760
2026-10-09 01:43:43,577 INFO o.a.j.t.JMeterThread: Thread finished: Agent search 2-760
2026-10-09 01:43:47,153 INFO o.a.j.t.JMeterThread: Thread started: Agent search 2-761
2026-10-09 01:43:47,297 INFO o.a.j.t.JMeterThread: Thread is done: Agent search 2-761
2026-10-09 01:43:47,297 INFO o.a.j.t.JMeterThread: Thread finished: Agent search 2-761
2026-10-09 01:43:53,135 INFO o.a.j.t.JMeterThread: Thread started: Agent search 2-762
2026-10-09 01:43:53,303 INFO o.a.j.t.JMeterThread: Thread is done: Agent search 2-762
2026-10-09 01:43:53,303 INFO o.a.j.t.JMeterThread: Thread finished: Agent search 2-762
2026-10-09 01:43:57,501 INFO o.a.j.t.JMeterThread: Thread started: Agent search 2-763
2026-10-09 01:43:57,704 INFO o.a.j.t.JMeterThread: Thread is done: Agent search 2-763
2026-10-09 01:43:57,705 INFO o.a.j.t.JMeterThread: Thread finished: Agent search 2-763
2026-10-09 01:43:57,992 INFO o.a.j.t.JMeterThread: Thread started: Agent search 2-764
2026-10-09 01:43:58,217 INFO o.a.j.t.JMeterThread: Thread is done: Agent search 2-764
2026-10-09 01:43:58,217 INFO o.a.j.t.JMeterThread: Thread finished: Agent search 2-764
2026-10-09 01:43:58,991 INFO o.a.j.t.JMeterThread: Thread started: Agent search 2-765
2026-10-09 01:43:59,059 INFO o.a.j.t.JMeterThread: Thread is done: Agent search 2-765
2026-10-09 01:43:59,059 INFO o.a.j.t.JMeterThread: Thread finished: Agent search 2-765
2026-10-09 01:43:59,660 INFO o.a.j.t.JMeterThread: Thread started: Ticket intake 1-191
2026-10-09 01:44:03,542 INFO o.a.j.r.Summariser: summary +     11 in 00:00:28 =    0.4/s Avg:   536 Min:    66 Max:  3881 Err:     0 (0.00%) Active: 1 Started: 956 Finished: 955
2026-10-09 01:44:03,542 INFO o.a.j.r.Summariser: summary =    956 in 00:57:28 =    0.3/s Avg:  1436 Min:    54 Max: 18048 Err:     0 (0.00%)
2026-10-09 01:44:03,542 INFO o.a.j.t.JMeterThread: Thread is done: Ticket intake 1-191
2026-10-09 01:44:03,542 INFO o.a.j.t.JMeterThread: Thread finished: Ticket intake 1-191
2026-10-09 01:44:05,511 INFO o.a.j.t.JMeterThread: Thread started: Agent search 2-766
2026-10-09 01:44:05,692 INFO o.a.j.t.JMeterThread: Thread is done: Agent search 2-766
2026-10-09 01:44:05,692 INFO o.a.j.t.JMeterThread: Thread finished: Agent search 2-766
2026-10-09 01:44:10,718 INFO o.a.j.t.JMeterThread: Thread started: Agent search 2-767
2026-10-09 01:44:10,914 INFO o.a.j.t.JMeterThread: Thread is done: Agent search 2-767
2026-10-09 01:44:10,914 INFO o.a.j.t.JMeterThread: Thread finished: Agent search 2-767
2026-10-09 01:44:11,232 INFO o.a.j.t.JMeterThread: Thread started: Agent search 2-768
2026-10-09 01:44:11,324 INFO o.a.j.t.JMeterThread: Thread is done: Agent search 2-768
2026-10-09 01:44:11,325 INFO o.a.j.t.JMeterThread: Thread finished: Agent search 2-768
2026-10-09 01:44:23,679 INFO o.a.j.t.JMeterThread: Thread started: Agent search 2-769
2026-10-09 01:44:23,798 INFO o.a.j.t.JMeterThread: Thread is done: Agent search 2-769
2026-10-09 01:44:23,799 INFO o.a.j.t.JMeterThread: Thread finished: Agent search 2-769
2026-10-09 01:44:32,478 INFO o.a.j.t.JMeterThread: Thread started: Agent search 2-770
2026-10-09 01:44:32,618 INFO o.a.j.r.Summariser: summary +      5 in 00:00:29 =    0.2/s Avg:   144 Min:    92 Max:   195 Err:     0 (0.00%) Active: 1 Started: 961 Finished: 960
2026-10-09 01:44:32,619 INFO o.a.j.r.Summariser: summary =    961 in 00:57:57 =    0.3/s Avg:  1429 Min:    54 Max: 18048 Err:     0 (0.00%)
2026-10-09 01:44:32,619 INFO o.a.j.t.JMeterThread: Thread is done: Agent search 2-770
2026-10-09 01:44:32,619 INFO o.a.j.t.JMeterThread: Thread finished: Agent search 2-770
2026-10-09 01:44:39,857 INFO o.a.j.t.JMeterThread: Thread started: Agent search 2-771
2026-10-09 01:44:40,098 INFO o.a.j.t.JMeterThread: Thread is done: Agent search 2-771
2026-10-09 01:44:40,098 INFO o.a.j.t.JMeterThread: Thread finished: Agent search 2-771
2026-10-09 01:44:40,694 INFO o.a.j.t.JMeterThread: Thread started: Agent search 2-772
2026-10-09 01:44:40,919 INFO o.a.j.t.JMeterThread: Thread is done: Agent search 2-772
2026-10-09 01:44:40,919 INFO o.a.j.t.JMeterThread: Thread finished: Agent search 2-772
2026-10-09 01:44:44,087 INFO o.a.j.t.JMeterThread: Thread started: Ticket intake 1-192
2026-10-09 01:44:44,093 INFO o.a.j.t.JMeterThread: Thread started: Agent search 2-773
2026-10-09 01:44:44,298 INFO o.a.j.t.JMeterThread: Thread is done: Agent search 2-773
2026-10-09 01:44:44,298 INFO o.a.j.t.JMeterThread: Thread finished: Agent search 2-773
2026-10-09 01:44:44,339 INFO o.a.j.t.JMeterThread: Thread started: Agent search 2-774
2026-10-09 01:44:44,503 INFO o.a.j.t.JMeterThread: Thread is done: Agent search 2-774
2026-10-09 01:44:44,503 INFO o.a.j.t.JMeterThread: Thread finished: Agent search 2-774
2026-10-09 01:44:47,983 INFO o.a.j.t.JMeterThread: Thread is done: Ticket intake 1-192
2026-10-09 01:44:47,983 INFO o.a.j.t.JMeterThread: Thread finished: Ticket intake 1-192
2026-10-09 01:44:49,256 INFO o.a.j.t.JMeterThread: Thread started: Ticket intake 1-193
2026-10-09 01:44:52,922 INFO o.a.j.t.JMeterThread: Thread started: Agent search 2-775
2026-10-09 01:44:53,103 INFO o.a.j.t.JMeterThread: Thread is done: Agent search 2-775
2026-10-09 01:44:53,104 INFO o.a.j.t.JMeterThread: Thread finished: Agent search 2-775
2026-10-09 01:44:56,790 INFO o.a.j.t.JMeterThread: Thread started: Agent search 2-776
2026-10-09 01:44:56,894 INFO o.a.j.t.JMeterThread: Thread is done: Agent search 2-776
2026-10-09 01:44:56,894 INFO o.a.j.t.JMeterThread: Thread finished: Agent search 2-776
2026-10-09 01:44:58,223 INFO o.a.j.t.JMeterThread: Thread is done: Ticket intake 1-193
2026-10-09 01:44:58,224 INFO o.a.j.t.JMeterThread: Thread finished: Ticket intake 1-193
2026-10-09 01:45:04,190 INFO o.a.j.t.JMeterThread: Thread started: Agent search 2-777
2026-10-09 01:45:04,266 INFO o.a.j.r.Summariser: summary +      9 in 00:00:32 =    0.3/s Avg:  1560 Min:    74 Max:  8966 Err:     0 (0.00%) Active: 1 Started: 970 Finished: 969
2026-10-09 01:45:04,266 INFO o.a.j.r.Summariser: summary =    970 in 00:58:29 =    0.3/s Avg:  1430 Min:    54 Max: 18048 Err:     0 (0.00%)
2026-10-09 01:45:04,266 INFO o.a.j.t.JMeterThread: Thread is done: Agent search 2-777
2026-10-09 01:45:04,266 INFO o.a.j.t.JMeterThread: Thread finished: Agent search 2-777
2026-10-09 01:45:07,862 INFO o.a.j.t.JMeterThread: Thread started: Agent search 2-778
2026-10-09 01:45:08,055 INFO o.a.j.t.JMeterThread: Thread is done: Agent search 2-778
2026-10-09 01:45:08,055 INFO o.a.j.t.JMeterThread: Thread finished: Agent search 2-778
2026-10-09 01:45:09,179 INFO o.a.j.t.JMeterThread: Thread started: Agent search 2-779
2026-10-09 01:45:09,314 INFO o.a.j.t.JMeterThread: Thread is done: Agent search 2-779
2026-10-09 01:45:09,314 INFO o.a.j.t.JMeterThread: Thread finished: Agent search 2-779
2026-10-09 01:45:10,521 INFO o.a.j.t.JMeterThread: Thread started: Ticket intake 1-194
2026-10-09 01:45:10,917 INFO o.a.j.t.JMeterThread: Thread started: Agent search 2-780
2026-10-09 01:45:11,126 INFO o.a.j.t.JMeterThread: Thread is done: Agent search 2-780
2026-10-09 01:45:11,126 INFO o.a.j.t.JMeterThread: Thread finished: Agent search 2-780
2026-10-09 01:45:17,799 INFO o.a.j.t.JMeterThread: Thread is done: Ticket intake 1-194
2026-10-09 01:45:17,799 INFO o.a.j.t.JMeterThread: Thread finished: Ticket intake 1-194
2026-10-09 01:45:23,708 INFO o.a.j.t.JMeterThread: Thread started: Agent search 2-781
2026-10-09 01:45:23,808 INFO o.a.j.t.JMeterThread: Thread is done: Agent search 2-781
2026-10-09 01:45:23,808 INFO o.a.j.t.JMeterThread: Thread finished: Agent search 2-781
2026-10-09 01:45:29,327 INFO o.a.j.t.JMeterThread: Thread started: Agent search 2-782
2026-10-09 01:45:29,396 INFO o.a.j.t.JMeterThread: Thread is done: Agent search 2-782
2026-10-09 01:45:29,396 INFO o.a.j.t.JMeterThread: Thread finished: Agent search 2-782
2026-10-09 01:45:29,496 INFO o.a.j.t.JMeterThread: Thread started: Agent search 2-783
2026-10-09 01:45:29,764 INFO o.a.j.t.JMeterThread: Thread is done: Agent search 2-783
2026-10-09 01:45:29,764 INFO o.a.j.t.JMeterThread: Thread finished: Agent search 2-783
2026-10-09 01:45:31,844 INFO o.a.j.t.JMeterThread: Thread started: Agent search 2-784
2026-10-09 01:45:31,940 INFO o.a.j.r.Summariser: summary +      8 in 00:00:28 =    0.3/s Avg:  1042 Min:    68 Max:  7278 Err:     0 (0.00%) Active: 1 Started: 978 Finished: 977
2026-10-09 01:45:31,940 INFO o.a.j.r.Summariser: summary =    978 in 00:58:56 =    0.3/s Avg:  1427 Min:    54 Max: 18048 Err:     0 (0.00%)
2026-10-09 01:45:31,941 INFO o.a.j.t.JMeterThread: Thread is done: Agent search 2-784
2026-10-09 01:45:31,941 INFO o.a.j.t.JMeterThread: Thread finished: Agent search 2-784
2026-10-09 01:45:39,126 INFO o.a.j.t.JMeterThread: Thread started: Agent search 2-785
2026-10-09 01:45:39,341 INFO o.a.j.t.JMeterThread: Thread is done: Agent search 2-785
2026-10-09 01:45:39,341 INFO o.a.j.t.JMeterThread: Thread finished: Agent search 2-785
2026-10-09 01:45:39,563 INFO o.a.j.t.JMeterThread: Thread started: Ticket intake 1-195
2026-10-09 01:45:40,840 INFO o.a.j.t.JMeterThread: Thread started: Agent search 2-786
2026-10-09 01:45:41,027 INFO o.a.j.t.JMeterThread: Thread is done: Agent search 2-786
2026-10-09 01:45:41,027 INFO o.a.j.t.JMeterThread: Thread finished: Agent search 2-786
2026-10-09 01:45:43,506 INFO o.a.j.t.JMeterThread: Thread started: Agent search 2-787
2026-10-09 01:45:43,691 INFO o.a.j.t.JMeterThread: Thread is done: Agent search 2-787
2026-10-09 01:45:43,691 INFO o.a.j.t.JMeterThread: Thread finished: Agent search 2-787
2026-10-09 01:45:45,534 INFO o.a.j.t.JMeterThread: Thread is done: Ticket intake 1-195
2026-10-09 01:45:45,534 INFO o.a.j.t.JMeterThread: Thread finished: Ticket intake 1-195
2026-10-09 01:45:50,507 INFO o.a.j.t.JMeterThread: Thread started: Agent search 2-788
2026-10-09 01:45:51,031 INFO o.a.j.t.JMeterThread: Thread is done: Agent search 2-788
2026-10-09 01:45:51,031 INFO o.a.j.t.JMeterThread: Thread finished: Agent search 2-788
2026-10-09 01:45:51,542 INFO o.a.j.t.JMeterThread: Thread started: Agent search 2-789
2026-10-09 01:45:51,662 INFO o.a.j.t.JMeterThread: Thread is done: Agent search 2-789
2026-10-09 01:45:51,662 INFO o.a.j.t.JMeterThread: Thread finished: Agent search 2-789
2026-10-09 01:45:53,317 INFO o.a.j.t.JMeterThread: Thread started: Agent search 2-790
2026-10-09 01:45:53,521 INFO o.a.j.t.JMeterThread: Thread is done: Agent search 2-790
2026-10-09 01:45:53,521 INFO o.a.j.t.JMeterThread: Thread finished: Agent search 2-790
2026-10-09 01:45:53,925 INFO o.a.j.t.JMeterThread: Thread started: Ticket intake 1-196
2026-10-09 01:45:55,531 INFO o.a.j.t.JMeterThread: Thread started: Ticket intake 1-197
2026-10-09 01:46:01,304 INFO o.a.j.r.Summariser: summary +      8 in 00:00:29 =    0.3/s Avg:  1847 Min:   119 Max:  7378 Err:     0 (0.00%) Active: 2 Started: 987 Finished: 985
2026-10-09 01:46:01,304 INFO o.a.j.r.Summariser: summary =    986 in 00:59:26 =    0.3/s Avg:  1430 Min:    54 Max: 18048 Err:     0 (0.00%)
2026-10-09 01:46:01,305 INFO o.a.j.t.JMeterThread: Thread is done: Ticket intake 1-196
2026-10-09 01:46:01,305 INFO o.a.j.t.JMeterThread: Thread finished: Ticket intake 1-196
2026-10-09 01:46:06,071 INFO o.a.j.t.JMeterThread: Thread started: Agent search 2-791
2026-10-09 01:46:06,454 INFO o.a.j.t.JMeterThread: Thread is done: Agent search 2-791
2026-10-09 01:46:06,454 INFO o.a.j.t.JMeterThread: Thread finished: Agent search 2-791
2026-10-09 01:46:07,995 INFO o.a.j.t.JMeterThread: Thread is done: Ticket intake 1-197
2026-10-09 01:46:07,995 INFO o.a.j.t.JMeterThread: Thread finished: Ticket intake 1-197
2026-10-09 01:46:08,533 INFO o.a.j.t.JMeterThread: Thread started: Agent search 2-792
2026-10-09 01:46:08,551 INFO o.a.j.t.JMeterThread: Thread started: Agent search 2-793
2026-10-09 01:46:08,600 INFO o.a.j.t.JMeterThread: Thread is done: Agent search 2-792
2026-10-09 01:46:08,600 INFO o.a.j.t.JMeterThread: Thread finished: Agent search 2-792
2026-10-09 01:46:08,614 INFO o.a.j.t.JMeterThread: Thread is done: Agent search 2-793
2026-10-09 01:46:08,614 INFO o.a.j.t.JMeterThread: Thread finished: Agent search 2-793
2026-10-09 01:46:09,713 INFO o.a.j.t.JMeterThread: Thread started: Agent search 2-794
2026-10-09 01:46:10,130 INFO o.a.j.t.JMeterThread: Thread is done: Agent search 2-794
2026-10-09 01:46:10,130 INFO o.a.j.t.JMeterThread: Thread finished: Agent search 2-794
2026-10-09 01:46:13,277 INFO o.a.j.t.JMeterThread: Thread started: Agent search 2-795
2026-10-09 01:46:13,361 INFO o.a.j.t.JMeterThread: Thread is done: Agent search 2-795
2026-10-09 01:46:13,361 INFO o.a.j.t.JMeterThread: Thread finished: Agent search 2-795
2026-10-09 01:46:18,765 INFO o.a.j.t.JMeterThread: Thread started: Agent search 2-796
2026-10-09 01:46:18,947 INFO o.a.j.t.JMeterThread: Thread is done: Agent search 2-796
2026-10-09 01:46:18,947 INFO o.a.j.t.JMeterThread: Thread finished: Agent search 2-796
2026-10-09 01:46:22,841 INFO o.a.j.t.JMeterThread: Thread started: Agent search 2-797
2026-10-09 01:46:23,012 INFO o.a.j.t.JMeterThread: Thread is done: Agent search 2-797
2026-10-09 01:46:23,012 INFO o.a.j.t.JMeterThread: Thread finished: Agent search 2-797
2026-10-09 01:46:27,292 INFO o.a.j.t.JMeterThread: Thread started: Agent search 2-798
2026-10-09 01:46:27,517 INFO o.a.j.t.JMeterThread: Thread is done: Agent search 2-798
2026-10-09 01:46:27,517 INFO o.a.j.t.JMeterThread: Thread finished: Agent search 2-798
2026-10-09 01:46:29,666 INFO o.a.j.t.JMeterThread: Thread started: Ticket intake 1-198
2026-10-09 01:46:29,666 INFO o.a.j.t.o.OpenModelThreadGroup: There will be no more events, so will wait for 5 sec till the end of the schedule
2026-10-09 01:46:30,457 INFO o.a.j.t.JMeterThread: Thread started: Agent search 2-799
2026-10-09 01:46:30,637 INFO o.a.j.r.Summariser: summary +     10 in 00:00:29 =    0.3/s Avg:  1423 Min:    62 Max: 12464 Err:     0 (0.00%) Active: 2 Started: 997 Finished: 995
2026-10-09 01:46:30,637 INFO o.a.j.r.Summariser: summary =    996 in 00:59:55 =    0.3/s Avg:  1430 Min:    54 Max: 18048 Err:     0 (0.00%)
2026-10-09 01:46:30,637 INFO o.a.j.t.JMeterThread: Thread is done: Agent search 2-799
2026-10-09 01:46:30,637 INFO o.a.j.t.JMeterThread: Thread finished: Agent search 2-799
2026-10-09 01:46:34,422 INFO o.a.j.t.JMeterThread: Thread started: Agent search 2-800
2026-10-09 01:46:34,422 INFO o.a.j.t.o.OpenModelThreadGroup: There will be no more events, so will wait for 1 sec till the end of the schedule
2026-10-09 01:46:34,486 INFO o.a.j.t.JMeterThread: Thread is done: Agent search 2-800
2026-10-09 01:46:34,486 INFO o.a.j.t.JMeterThread: Thread finished: Agent search 2-800
2026-10-09 01:46:35,198 INFO o.a.j.t.JMeterThread: Thread is done: Ticket intake 1-198
2026-10-09 01:46:35,198 INFO o.a.j.t.JMeterThread: Thread finished: Ticket intake 1-198
2026-10-09 01:46:35,562 INFO o.a.j.t.o.OpenModelThreadGroup: There will be no more events, will shutdown the thread pool
2026-10-09 01:46:35,562 INFO o.a.j.t.o.OpenModelThreadGroup: Thread starting done
2026-10-09 01:46:35,565 INFO o.a.j.t.o.OpenModelThreadGroup: There will be no more events, will shutdown the thread pool
2026-10-09 01:46:35,565 INFO o.a.j.t.o.OpenModelThreadGroup: Thread starting done
2026-10-09 01:46:35,565 INFO o.a.j.e.StandardJMeterEngine: Notifying test listeners of end of test
2026-10-09 01:46:35,565 INFO o.a.j.s.FileServer: Close: search_terms.txt
2026-10-09 01:46:35,565 INFO o.a.j.s.FileServer: Close: tickets.tsv
2026-10-09 01:46:35,566 INFO o.a.j.r.Summariser: summary +      2 in 00:00:05 =    0.4/s Avg:  2796 Min:    62 Max:  5530 Err:     0 (0.00%) Active: 0 Started: 998 Finished: 998
2026-10-09 01:46:35,566 INFO o.a.j.r.Summariser: summary =    998 in 01:00:00 =    0.3/s Avg:  1433 Min:    54 Max: 18048 Err:     0 (0.00%)
