2026-10-09 07:30:38,066 INFO o.a.j.u.JMeterUtils: Setting Locale to en_EN
2026-10-09 07:30:38,083 INFO o.a.j.JMeter: Loading user properties from: C:\apache-jmeter-5.6.3\bin\user.properties
2026-10-09 07:30:38,093 INFO o.a.j.JMeter: Loading system properties from: C:\apache-jmeter-5.6.3\bin\system.properties
2026-10-09 07:30:38,093 INFO o.a.j.JMeter: Loading additional properties from: C:\Users\josep\Downloads\results\clef-flash-9b\mixed\run1\run.properties
2026-10-09 07:30:38,098 INFO o.a.j.JMeter: Copyright (c) 1998-2024 The Apache Software Foundation
2026-10-09 07:30:38,098 INFO o.a.j.JMeter: Version 5.6.3
2026-10-09 07:30:38,098 INFO o.a.j.JMeter: java.version=25.0.1
2026-10-09 07:30:38,098 INFO o.a.j.JMeter: java.vm.name=Java HotSpot(TM) 64-Bit Server VM
2026-10-09 07:30:38,099 INFO o.a.j.JMeter: os.name=Windows 11
2026-10-09 07:30:38,099 INFO o.a.j.JMeter: os.arch=amd64
2026-10-09 07:30:38,099 INFO o.a.j.JMeter: os.version=10.0
2026-10-09 07:30:38,099 INFO o.a.j.JMeter: file.encoding=UTF-8
2026-10-09 07:30:38,099 INFO o.a.j.JMeter: java.awt.headless=true
2026-10-09 07:30:38,099 INFO o.a.j.JMeter: Max memory     =1073741824
2026-10-09 07:30:38,100 INFO o.a.j.JMeter: Available Processors =16
2026-10-09 07:30:38,107 INFO o.a.j.JMeter: Default Locale=English (EN)
2026-10-09 07:30:38,107 INFO o.a.j.JMeter: JMeter  Locale=English (EN)
2026-10-09 07:30:38,107 INFO o.a.j.JMeter: JMeterHome=C:\apache-jmeter-5.6.3
2026-10-09 07:30:38,107 INFO o.a.j.JMeter: user.dir  =C:\Users\josep\Downloads
2026-10-09 07:30:38,107 INFO o.a.j.JMeter: PWD       =C:\Users\josep\Downloads
2026-10-09 07:30:38,112 INFO o.a.j.JMeter: IP: 172.20.10.7 Name: LAPTOP-JVTGMMI4 FullName: LAPTOP-JVTGMMI4
2026-10-09 07:30:38,118 INFO o.a.j.s.FileServer: Default base='C:\Users\josep\Downloads'
2026-10-09 07:30:38,118 INFO o.a.j.s.FileServer: Set new base='C:\Users\josep\Downloads\loadtest'
2026-10-09 07:30:38,240 INFO o.a.j.s.SaveService: Testplan (JMX) version: 2.2. Testlog (JTL) version: 2.2
2026-10-09 07:30:38,262 INFO o.a.j.s.SaveService: Using SaveService properties version 5.0
2026-10-09 07:30:38,263 INFO o.a.j.s.SaveService: Using SaveService properties file encoding UTF-8
2026-10-09 07:30:38,265 INFO o.a.j.s.SaveService: Loading file: C:\Users\josep\Downloads\loadtest\triage.jmx
2026-10-09 07:30:38,303 INFO o.a.j.p.h.s.HTTPSamplerBase: Parser for text/html is org.apache.jmeter.protocol.http.parser.LagartoBasedHtmlParser
2026-10-09 07:30:38,303 INFO o.a.j.p.h.s.HTTPSamplerBase: Parser for application/xhtml+xml is org.apache.jmeter.protocol.http.parser.LagartoBasedHtmlParser
2026-10-09 07:30:38,303 INFO o.a.j.p.h.s.HTTPSamplerBase: Parser for application/xml is org.apache.jmeter.protocol.http.parser.LagartoBasedHtmlParser
2026-10-09 07:30:38,303 INFO o.a.j.p.h.s.HTTPSamplerBase: Parser for text/xml is org.apache.jmeter.protocol.http.parser.LagartoBasedHtmlParser
2026-10-09 07:30:38,303 INFO o.a.j.p.h.s.HTTPSamplerBase: Parser for text/vnd.wap.wml is org.apache.jmeter.protocol.http.parser.RegexpHTMLParser
2026-10-09 07:30:38,303 INFO o.a.j.p.h.s.HTTPSamplerBase: Parser for text/css is org.apache.jmeter.protocol.http.parser.CssParser
2026-10-09 07:30:38,310 INFO o.a.j.JMeter: Creating summariser <summary>
2026-10-09 07:30:38,320 INFO o.a.j.e.StandardJMeterEngine: Running the test!
2026-10-09 07:30:38,320 INFO o.a.j.s.SampleEvent: List of sample_variables: [req_id, row, term]
2026-10-09 07:30:38,320 INFO o.a.j.s.SampleEvent: List of sample_variables: [req_id, row, term]
2026-10-09 07:30:38,322 INFO o.a.j.e.u.CompoundVariable: Note: Function class names must contain the string: '.functions.'
2026-10-09 07:30:38,322 INFO o.a.j.e.u.CompoundVariable: Note: Function class names must not contain the string: '.gui.'
2026-10-09 07:30:38,357 INFO o.a.j.JMeter: Running test (1791502238357)
2026-10-09 07:30:38,368 INFO o.a.j.e.StandardJMeterEngine: Starting ThreadGroup: 1 : Ticket intake
2026-10-09 07:30:38,369 INFO o.a.j.e.StandardJMeterEngine: Starting 0 threads for group Ticket intake.
2026-10-09 07:30:38,369 INFO o.a.j.e.StandardJMeterEngine: Thread will continue on error
2026-10-09 07:30:38,369 INFO o.a.j.t.o.OpenModelThreadGroup: Starting OpenModelThreadGroup#1 with schedule rate(198/hour) random_arrivals(60 min) rate(198/hour)
2026-10-09 07:30:38,385 INFO o.a.j.e.StandardJMeterEngine: Starting ThreadGroup: 2 : Agent search
2026-10-09 07:30:38,385 INFO o.a.j.e.StandardJMeterEngine: Starting 0 threads for group Agent search.
2026-10-09 07:30:38,385 INFO o.a.j.e.StandardJMeterEngine: Thread will continue on error
2026-10-09 07:30:38,385 INFO o.a.j.t.o.OpenModelThreadGroup: Starting OpenModelThreadGroup#2 with schedule rate(800/hour) random_arrivals(60 min) rate(800/hour)
2026-10-09 07:30:38,386 INFO o.a.j.e.StandardJMeterEngine: All thread groups have been started
2026-10-09 07:30:38,386 INFO o.a.j.t.o.OpenModelThreadGroup: Thread starting init
2026-10-09 07:30:38,386 INFO o.a.j.t.o.OpenModelThreadGroup: Thread starting init
2026-10-09 07:30:38,389 INFO o.a.j.t.o.PoissonArrivalsRamp: Generating 198 events, beginRate = 0.055 / sec, endRate = 0.055 / sec, duration = 3600.0 sec
2026-10-09 07:30:38,389 INFO o.a.j.t.o.PoissonArrivalsRamp: Generating 800 events, beginRate = 0.2222222222222222 / sec, endRate = 0.2222222222222222 / sec, duration = 3600.0 sec
2026-10-09 07:30:40,060 INFO o.a.j.t.JMeterThread: Thread started: Agent search 2-1
2026-10-09 07:30:40,060 INFO o.a.j.s.FileServer: Stored: search_terms.txt
2026-10-09 07:30:40,073 INFO o.a.j.p.h.s.HTTPHCAbstractImpl: Local host = LAPTOP-JVTGMMI4
2026-10-09 07:30:40,076 INFO o.a.j.p.h.s.HTTPHC4Impl: HTTP request retry count = 0
2026-10-09 07:30:40,076 INFO o.a.j.s.SampleResult: Note: Sample TimeStamps are START times
2026-10-09 07:30:40,077 INFO o.a.j.s.SampleResult: sampleresult.default.encoding is set to UTF-8
2026-10-09 07:30:40,077 INFO o.a.j.s.SampleResult: sampleresult.useNanoTime=true
2026-10-09 07:30:40,077 INFO o.a.j.s.SampleResult: sampleresult.nanoThreadSleep=5000
2026-10-09 07:30:40,339 INFO o.a.j.t.JMeterThread: Thread is done: Agent search 2-1
2026-10-09 07:30:40,339 INFO o.a.j.t.JMeterThread: Thread finished: Agent search 2-1
2026-10-09 07:30:45,740 INFO o.a.j.t.JMeterThread: Thread started: Agent search 2-2
2026-10-09 07:30:45,981 INFO o.a.j.t.JMeterThread: Thread is done: Agent search 2-2
2026-10-09 07:30:45,981 INFO o.a.j.t.JMeterThread: Thread finished: Agent search 2-2
2026-10-09 07:30:49,243 INFO o.a.j.t.JMeterThread: Thread started: Ticket intake 1-1
2026-10-09 07:30:49,244 INFO o.a.j.s.FileServer: Stored: tickets.tsv
2026-10-09 07:30:51,244 INFO o.a.j.t.JMeterThread: Thread started: Agent search 2-3
2026-10-09 07:30:51,258 INFO o.a.j.t.JMeterThread: Thread started: Ticket intake 1-2
2026-10-09 07:30:51,393 INFO o.a.j.t.JMeterThread: Thread is done: Agent search 2-3
2026-10-09 07:30:51,393 INFO o.a.j.t.JMeterThread: Thread finished: Agent search 2-3
2026-10-09 07:31:02,761 INFO o.a.j.r.Summariser: summary +      4 in 00:00:24 =    0.2/s Avg:  3532 Min:   148 Max: 13515 Err:     0 (0.00%) Active: 2 Started: 5 Finished: 3
2026-10-09 07:31:02,762 INFO o.a.j.t.JMeterThread: Thread is done: Ticket intake 1-1
2026-10-09 07:31:02,762 INFO o.a.j.t.JMeterThread: Thread finished: Ticket intake 1-1
2026-10-09 07:31:06,755 INFO o.a.j.t.JMeterThread: Thread started: Agent search 2-4
2026-10-09 07:31:06,958 INFO o.a.j.t.JMeterThread: Thread is done: Agent search 2-4
2026-10-09 07:31:06,958 INFO o.a.j.t.JMeterThread: Thread finished: Agent search 2-4
2026-10-09 07:31:09,730 INFO o.a.j.t.JMeterThread: Thread started: Agent search 2-5
2026-10-09 07:31:09,899 INFO o.a.j.t.JMeterThread: Thread is done: Agent search 2-5
2026-10-09 07:31:09,900 INFO o.a.j.t.JMeterThread: Thread finished: Agent search 2-5
2026-10-09 07:31:12,489 INFO o.a.j.t.JMeterThread: Thread is done: Ticket intake 1-2
2026-10-09 07:31:12,489 INFO o.a.j.t.JMeterThread: Thread finished: Ticket intake 1-2
2026-10-09 07:31:18,748 INFO o.a.j.t.JMeterThread: Thread started: Agent search 2-6
2026-10-09 07:31:18,937 INFO o.a.j.t.JMeterThread: Thread is done: Agent search 2-6
2026-10-09 07:31:18,937 INFO o.a.j.t.JMeterThread: Thread finished: Agent search 2-6
2026-10-09 07:31:22,054 INFO o.a.j.t.JMeterThread: Thread started: Agent search 2-7
2026-10-09 07:31:22,215 INFO o.a.j.t.JMeterThread: Thread is done: Agent search 2-7
2026-10-09 07:31:22,215 INFO o.a.j.t.JMeterThread: Thread finished: Agent search 2-7
2026-10-09 07:31:39,440 INFO o.a.j.t.JMeterThread: Thread started: Agent search 2-8
2026-10-09 07:31:39,724 INFO o.a.j.t.JMeterThread: Thread is done: Agent search 2-8
2026-10-09 07:31:39,725 INFO o.a.j.t.JMeterThread: Thread finished: Agent search 2-8
2026-10-09 07:31:46,649 INFO o.a.j.t.JMeterThread: Thread started: Agent search 2-9
2026-10-09 07:31:49,121 INFO o.a.j.t.JMeterThread: Thread is done: Agent search 2-9
2026-10-09 07:31:49,121 INFO o.a.j.t.JMeterThread: Thread finished: Agent search 2-9
2026-10-09 07:31:50,476 INFO o.a.j.t.JMeterThread: Thread started: Agent search 2-10
2026-10-09 07:31:50,571 INFO o.a.j.t.JMeterThread: Thread is done: Agent search 2-10
2026-10-09 07:31:50,571 INFO o.a.j.t.JMeterThread: Thread finished: Agent search 2-10
2026-10-09 07:31:55,447 INFO o.a.j.t.JMeterThread: Thread started: Agent search 2-11
2026-10-09 07:31:55,574 INFO o.a.j.t.JMeterThread: Thread is done: Agent search 2-11
2026-10-09 07:31:55,574 INFO o.a.j.t.JMeterThread: Thread finished: Agent search 2-11
2026-10-09 07:32:01,128 INFO o.a.j.t.JMeterThread: Thread started: Ticket intake 1-3
2026-10-09 07:32:02,373 INFO o.a.j.t.JMeterThread: Thread started: Agent search 2-12
2026-10-09 07:32:02,536 INFO o.a.j.r.Summariser: summary +     10 in 00:01:00 =    0.2/s Avg:  2508 Min:    93 Max: 21230 Err:     0 (0.00%) Active: 2 Started: 15 Finished: 13
2026-10-09 07:32:02,537 INFO o.a.j.r.Summariser: summary =     14 in 00:01:24 =    0.2/s Avg:  2800 Min:    93 Max: 21230 Err:     0 (0.00%)
2026-10-09 07:32:02,537 INFO o.a.j.t.JMeterThread: Thread is done: Agent search 2-12
2026-10-09 07:32:02,537 INFO o.a.j.t.JMeterThread: Thread finished: Agent search 2-12
2026-10-09 07:32:03,689 INFO o.a.j.t.JMeterThread: Thread started: Agent search 2-13
2026-10-09 07:32:03,823 INFO o.a.j.t.JMeterThread: Thread is done: Agent search 2-13
2026-10-09 07:32:03,824 INFO o.a.j.t.JMeterThread: Thread finished: Agent search 2-13
2026-10-09 07:32:07,661 INFO o.a.j.t.JMeterThread: Thread started: Ticket intake 1-4
2026-10-09 07:32:09,856 INFO o.a.j.t.JMeterThread: Thread started: Agent search 2-14
2026-10-09 07:32:09,963 INFO o.a.j.t.JMeterThread: Thread is done: Agent search 2-14
2026-10-09 07:32:09,963 INFO o.a.j.t.JMeterThread: Thread finished: Agent search 2-14
2026-10-09 07:32:13,062 INFO o.a.j.t.JMeterThread: Thread is done: Ticket intake 1-3
2026-10-09 07:32:13,062 INFO o.a.j.t.JMeterThread: Thread finished: Ticket intake 1-3
2026-10-09 07:32:17,010 INFO o.a.j.t.JMeterThread: Thread started: Ticket intake 1-5
2026-10-09 07:32:17,889 INFO o.a.j.t.JMeterThread: Thread started: Ticket intake 1-6
2026-10-09 07:32:18,001 INFO o.a.j.t.JMeterThread: Thread started: Ticket intake 1-7
2026-10-09 07:32:22,928 INFO o.a.j.t.JMeterThread: Thread started: Agent search 2-15
2026-10-09 07:32:23,032 INFO o.a.j.t.JMeterThread: Thread is done: Agent search 2-15
2026-10-09 07:32:23,032 INFO o.a.j.t.JMeterThread: Thread finished: Agent search 2-15
2026-10-09 07:32:25,411 INFO o.a.j.t.JMeterThread: Thread is done: Ticket intake 1-4
2026-10-09 07:32:25,411 INFO o.a.j.t.JMeterThread: Thread finished: Ticket intake 1-4
2026-10-09 07:32:26,863 INFO o.a.j.t.JMeterThread: Thread started: Agent search 2-16
2026-10-09 07:32:27,016 INFO o.a.j.t.JMeterThread: Thread is done: Agent search 2-16
2026-10-09 07:32:27,016 INFO o.a.j.t.JMeterThread: Thread finished: Agent search 2-16
2026-10-09 07:32:31,336 INFO o.a.j.t.JMeterThread: Thread started: Ticket intake 1-8
2026-10-09 07:32:31,948 INFO o.a.j.t.JMeterThread: Thread started: Agent search 2-17
2026-10-09 07:32:32,049 INFO o.a.j.r.Summariser: summary +      7 in 00:00:30 =    0.2/s Avg:  4324 Min:   100 Max: 17749 Err:     0 (0.00%) Active: 5 Started: 25 Finished: 20
2026-10-09 07:32:32,049 INFO o.a.j.r.Summariser: summary =     21 in 00:01:54 =    0.2/s Avg:  3308 Min:    93 Max: 21230 Err:     0 (0.00%)
2026-10-09 07:32:32,050 INFO o.a.j.t.JMeterThread: Thread is done: Agent search 2-17
2026-10-09 07:32:32,050 INFO o.a.j.t.JMeterThread: Thread finished: Agent search 2-17
2026-10-09 07:32:37,950 INFO o.a.j.t.JMeterThread: Thread is done: Ticket intake 1-5
2026-10-09 07:32:37,951 INFO o.a.j.t.JMeterThread: Thread finished: Ticket intake 1-5
2026-10-09 07:32:42,508 INFO o.a.j.t.JMeterThread: Thread started: Ticket intake 1-9
2026-10-09 07:32:42,577 INFO o.a.j.t.JMeterThread: Thread started: Ticket intake 1-10
2026-10-09 07:32:45,374 INFO o.a.j.t.JMeterThread: Thread is done: Ticket intake 1-6
2026-10-09 07:32:45,375 INFO o.a.j.t.JMeterThread: Thread finished: Ticket intake 1-6
2026-10-09 07:32:49,805 INFO o.a.j.t.JMeterThread: Thread started: Agent search 2-18
2026-10-09 07:32:49,882 INFO o.a.j.t.JMeterThread: Thread is done: Agent search 2-18
2026-10-09 07:32:49,882 INFO o.a.j.t.JMeterThread: Thread finished: Agent search 2-18
2026-10-09 07:32:56,035 INFO o.a.j.t.JMeterThread: Thread is done: Ticket intake 1-7
2026-10-09 07:32:56,035 INFO o.a.j.t.JMeterThread: Thread finished: Ticket intake 1-7
2026-10-09 07:32:57,420 INFO o.a.j.t.JMeterThread: Thread started: Agent search 2-19
2026-10-09 07:32:57,573 INFO o.a.j.t.JMeterThread: Thread is done: Agent search 2-19
2026-10-09 07:32:57,573 INFO o.a.j.t.JMeterThread: Thread finished: Agent search 2-19
2026-10-09 07:33:03,107 INFO o.a.j.t.JMeterThread: Thread started: Agent search 2-20
2026-10-09 07:33:03,223 INFO o.a.j.r.Summariser: summary +      6 in 00:00:31 =    0.2/s Avg: 14467 Min:    74 Max: 38035 Err:     0 (0.00%) Active: 4 Started: 30 Finished: 26
2026-10-09 07:33:03,224 INFO o.a.j.r.Summariser: summary =     27 in 00:02:25 =    0.2/s Avg:  5788 Min:    74 Max: 38035 Err:     0 (0.00%)
2026-10-09 07:33:03,224 INFO o.a.j.t.JMeterThread: Thread is done: Agent search 2-20
2026-10-09 07:33:03,224 INFO o.a.j.t.JMeterThread: Thread finished: Agent search 2-20
2026-10-09 07:33:03,789 INFO o.a.j.t.JMeterThread: Thread is done: Ticket intake 1-8
2026-10-09 07:33:03,789 INFO o.a.j.t.JMeterThread: Thread finished: Ticket intake 1-8
2026-10-09 07:33:06,303 INFO o.a.j.t.JMeterThread: Thread started: Agent search 2-21
2026-10-09 07:33:06,415 INFO o.a.j.t.JMeterThread: Thread is done: Agent search 2-21
2026-10-09 07:33:06,415 INFO o.a.j.t.JMeterThread: Thread finished: Agent search 2-21
2026-10-09 07:33:09,310 INFO o.a.j.t.JMeterThread: Thread started: Agent search 2-22
2026-10-09 07:33:09,466 INFO o.a.j.t.JMeterThread: Thread is done: Agent search 2-22
2026-10-09 07:33:09,466 INFO o.a.j.t.JMeterThread: Thread finished: Agent search 2-22
2026-10-09 07:33:11,292 INFO o.a.j.t.JMeterThread: Thread started: Agent search 2-23
2026-10-09 07:33:11,422 INFO o.a.j.t.JMeterThread: Thread is done: Agent search 2-23
2026-10-09 07:33:11,423 INFO o.a.j.t.JMeterThread: Thread finished: Agent search 2-23
2026-10-09 07:33:13,255 INFO o.a.j.t.JMeterThread: Thread is done: Ticket intake 1-9
2026-10-09 07:33:13,255 INFO o.a.j.t.JMeterThread: Thread finished: Ticket intake 1-9
2026-10-09 07:33:15,228 INFO o.a.j.t.JMeterThread: Thread started: Agent search 2-24
2026-10-09 07:33:15,254 INFO o.a.j.t.JMeterThread: Thread started: Ticket intake 1-11
2026-10-09 07:33:15,376 INFO o.a.j.t.JMeterThread: Thread is done: Agent search 2-24
2026-10-09 07:33:15,376 INFO o.a.j.t.JMeterThread: Thread finished: Agent search 2-24
2026-10-09 07:33:18,642 INFO o.a.j.t.JMeterThread: Thread started: Agent search 2-25
2026-10-09 07:33:18,737 INFO o.a.j.t.JMeterThread: Thread is done: Agent search 2-25
2026-10-09 07:33:18,737 INFO o.a.j.t.JMeterThread: Thread finished: Agent search 2-25
2026-10-09 07:33:20,169 INFO o.a.j.t.JMeterThread: Thread started: Agent search 2-26
2026-10-09 07:33:20,292 INFO o.a.j.t.JMeterThread: Thread is done: Agent search 2-26
2026-10-09 07:33:20,292 INFO o.a.j.t.JMeterThread: Thread finished: Agent search 2-26
2026-10-09 07:33:22,771 INFO o.a.j.t.JMeterThread: Thread is done: Ticket intake 1-10
2026-10-09 07:33:22,771 INFO o.a.j.t.JMeterThread: Thread finished: Ticket intake 1-10
2026-10-09 07:33:25,499 INFO o.a.j.t.JMeterThread: Thread started: Agent search 2-27
2026-10-09 07:33:25,603 INFO o.a.j.t.JMeterThread: Thread is done: Agent search 2-27
2026-10-09 07:33:25,603 INFO o.a.j.t.JMeterThread: Thread finished: Agent search 2-27
2026-10-09 07:33:30,478 INFO o.a.j.t.JMeterThread: Thread started: Agent search 2-28
2026-10-09 07:33:30,637 INFO o.a.j.r.Summariser: summary +     11 in 00:00:27 =    0.4/s Avg:  9491 Min:    91 Max: 40195 Err:     0 (0.00%) Active: 2 Started: 39 Finished: 37
2026-10-09 07:33:30,638 INFO o.a.j.r.Summariser: summary =     38 in 00:02:52 =    0.2/s Avg:  6860 Min:    74 Max: 40195 Err:     0 (0.00%)
2026-10-09 07:33:30,638 INFO o.a.j.t.JMeterThread: Thread is done: Agent search 2-28
2026-10-09 07:33:30,638 INFO o.a.j.t.JMeterThread: Thread finished: Agent search 2-28
2026-10-09 07:33:30,697 INFO o.a.j.t.JMeterThread: Thread started: Ticket intake 1-12
2026-10-09 07:33:32,796 INFO o.a.j.t.JMeterThread: Thread started: Agent search 2-29
2026-10-09 07:33:32,895 INFO o.a.j.t.JMeterThread: Thread is done: Agent search 2-29
2026-10-09 07:33:32,896 INFO o.a.j.t.JMeterThread: Thread finished: Agent search 2-29
2026-10-09 07:33:36,134 INFO o.a.j.t.JMeterThread: Thread is done: Ticket intake 1-11
2026-10-09 07:33:36,134 INFO o.a.j.t.JMeterThread: Thread finished: Ticket intake 1-11
2026-10-09 07:33:37,182 INFO o.a.j.t.JMeterThread: Thread started: Agent search 2-30
2026-10-09 07:33:37,276 INFO o.a.j.t.JMeterThread: Thread is done: Agent search 2-30
2026-10-09 07:33:37,276 INFO o.a.j.t.JMeterThread: Thread finished: Agent search 2-30
2026-10-09 07:33:40,383 INFO o.a.j.t.JMeterThread: Thread started: Agent search 2-31
2026-10-09 07:33:40,514 INFO o.a.j.t.JMeterThread: Thread is done: Agent search 2-31
2026-10-09 07:33:40,514 INFO o.a.j.t.JMeterThread: Thread finished: Agent search 2-31
2026-10-09 07:33:43,206 INFO o.a.j.t.JMeterThread: Thread started: Agent search 2-32
2026-10-09 07:33:43,356 INFO o.a.j.t.JMeterThread: Thread is done: Agent search 2-32
2026-10-09 07:33:43,356 INFO o.a.j.t.JMeterThread: Thread finished: Agent search 2-32
2026-10-09 07:33:44,861 INFO o.a.j.t.JMeterThread: Thread started: Agent search 2-33
2026-10-09 07:33:45,071 INFO o.a.j.t.JMeterThread: Thread is done: Agent search 2-33
2026-10-09 07:33:45,071 INFO o.a.j.t.JMeterThread: Thread finished: Agent search 2-33
2026-10-09 07:33:47,555 INFO o.a.j.t.JMeterThread: Thread is done: Ticket intake 1-12
2026-10-09 07:33:47,555 INFO o.a.j.t.JMeterThread: Thread finished: Ticket intake 1-12
2026-10-09 07:33:48,187 INFO o.a.j.t.JMeterThread: Thread started: Agent search 2-34
2026-10-09 07:33:48,302 INFO o.a.j.t.JMeterThread: Thread is done: Agent search 2-34
2026-10-09 07:33:48,302 INFO o.a.j.t.JMeterThread: Thread finished: Agent search 2-34
2026-10-09 07:33:51,354 INFO o.a.j.t.JMeterThread: Thread started: Agent search 2-35
2026-10-09 07:33:51,608 INFO o.a.j.t.JMeterThread: Thread is done: Agent search 2-35
2026-10-09 07:33:51,608 INFO o.a.j.t.JMeterThread: Thread finished: Agent search 2-35
2026-10-09 07:33:53,502 INFO o.a.j.t.JMeterThread: Thread started: Ticket intake 1-13
2026-10-09 07:34:04,924 INFO o.a.j.r.Summariser: summary +     10 in 00:00:34 =    0.3/s Avg:  5019 Min:    93 Max: 20879 Err:     0 (0.00%) Active: 1 Started: 48 Finished: 47
2026-10-09 07:34:04,924 INFO o.a.j.r.Summariser: summary =     48 in 00:03:27 =    0.2/s Avg:  6476 Min:    74 Max: 40195 Err:     0 (0.00%)
2026-10-09 07:34:04,924 INFO o.a.j.t.JMeterThread: Thread is done: Ticket intake 1-13
2026-10-09 07:34:04,924 INFO o.a.j.t.JMeterThread: Thread finished: Ticket intake 1-13
2026-10-09 07:34:16,980 INFO o.a.j.t.JMeterThread: Thread started: Agent search 2-36
2026-10-09 07:34:17,211 INFO o.a.j.t.JMeterThread: Thread is done: Agent search 2-36
2026-10-09 07:34:17,211 INFO o.a.j.t.JMeterThread: Thread finished: Agent search 2-36
2026-10-09 07:34:22,802 INFO o.a.j.t.JMeterThread: Thread started: Agent search 2-37
2026-10-09 07:34:23,046 INFO o.a.j.t.JMeterThread: Thread is done: Agent search 2-37
2026-10-09 07:34:23,047 INFO o.a.j.t.JMeterThread: Thread finished: Agent search 2-37
2026-10-09 07:34:27,687 INFO o.a.j.t.JMeterThread: Thread started: Agent search 2-38
2026-10-09 07:34:27,860 INFO o.a.j.t.JMeterThread: Thread is done: Agent search 2-38
2026-10-09 07:34:27,861 INFO o.a.j.t.JMeterThread: Thread finished: Agent search 2-38
2026-10-09 07:34:39,155 INFO o.a.j.t.JMeterThread: Thread started: Agent search 2-39
2026-10-09 07:34:39,431 INFO o.a.j.t.JMeterThread: Thread is done: Agent search 2-39
2026-10-09 07:34:39,431 INFO o.a.j.t.JMeterThread: Thread finished: Agent search 2-39
2026-10-09 07:34:40,155 INFO o.a.j.t.JMeterThread: Thread started: Agent search 2-40
2026-10-09 07:34:40,455 INFO o.a.j.t.JMeterThread: Thread is done: Agent search 2-40
2026-10-09 07:34:40,455 INFO o.a.j.t.JMeterThread: Thread finished: Agent search 2-40
2026-10-09 07:34:41,722 INFO o.a.j.t.JMeterThread: Thread started: Ticket intake 1-14
2026-10-09 07:34:42,613 INFO o.a.j.t.JMeterThread: Thread started: Agent search 2-41
2026-10-09 07:34:42,682 INFO o.a.j.t.JMeterThread: Thread started: Agent search 2-42
2026-10-09 07:34:42,811 INFO o.a.j.t.JMeterThread: Thread is done: Agent search 2-41
2026-10-09 07:34:42,811 INFO o.a.j.t.JMeterThread: Thread finished: Agent search 2-41
2026-10-09 07:34:42,912 INFO o.a.j.t.JMeterThread: Thread is done: Agent search 2-42
2026-10-09 07:34:42,913 INFO o.a.j.t.JMeterThread: Thread finished: Agent search 2-42
2026-10-09 07:34:45,831 INFO o.a.j.t.JMeterThread: Thread started: Agent search 2-43
2026-10-09 07:34:46,053 INFO o.a.j.t.JMeterThread: Thread is done: Agent search 2-43
2026-10-09 07:34:46,053 INFO o.a.j.t.JMeterThread: Thread finished: Agent search 2-43
2026-10-09 07:34:53,766 INFO o.a.j.t.JMeterThread: Thread is done: Ticket intake 1-14
2026-10-09 07:34:53,766 INFO o.a.j.t.JMeterThread: Thread finished: Ticket intake 1-14
2026-10-09 07:35:00,870 INFO o.a.j.t.JMeterThread: Thread started: Agent search 2-44
2026-10-09 07:35:01,143 INFO o.a.j.r.Summariser: summary +     10 in 00:00:56 =    0.2/s Avg:  1417 Min:   172 Max: 12043 Err:     0 (0.00%) Active: 1 Started: 58 Finished: 57
2026-10-09 07:35:01,143 INFO o.a.j.r.Summariser: summary =     58 in 00:04:23 =    0.2/s Avg:  5604 Min:    74 Max: 40195 Err:     0 (0.00%)
2026-10-09 07:35:01,144 INFO o.a.j.t.JMeterThread: Thread is done: Agent search 2-44
2026-10-09 07:35:01,144 INFO o.a.j.t.JMeterThread: Thread finished: Agent search 2-44
2026-10-09 07:35:04,555 INFO o.a.j.t.JMeterThread: Thread started: Agent search 2-45
2026-10-09 07:35:04,724 INFO o.a.j.t.JMeterThread: Thread is done: Agent search 2-45
2026-10-09 07:35:04,724 INFO o.a.j.t.JMeterThread: Thread finished: Agent search 2-45
2026-10-09 07:35:06,767 INFO o.a.j.t.JMeterThread: Thread started: Agent search 2-46
2026-10-09 07:35:06,867 INFO o.a.j.t.JMeterThread: Thread is done: Agent search 2-46
2026-10-09 07:35:06,867 INFO o.a.j.t.JMeterThread: Thread finished: Agent search 2-46
2026-10-09 07:35:11,941 INFO o.a.j.t.JMeterThread: Thread started: Agent search 2-47
2026-10-09 07:35:12,198 INFO o.a.j.t.JMeterThread: Thread is done: Agent search 2-47
2026-10-09 07:35:12,198 INFO o.a.j.t.JMeterThread: Thread finished: Agent search 2-47
2026-10-09 07:35:16,374 INFO o.a.j.t.JMeterThread: Thread started: Agent search 2-48
2026-10-09 07:35:16,602 INFO o.a.j.t.JMeterThread: Thread is done: Agent search 2-48
2026-10-09 07:35:16,602 INFO o.a.j.t.JMeterThread: Thread finished: Agent search 2-48
2026-10-09 07:35:24,494 INFO o.a.j.t.JMeterThread: Thread started: Agent search 2-49
2026-10-09 07:35:26,171 INFO o.a.j.t.JMeterThread: Thread started: Agent search 2-50
2026-10-09 07:35:27,352 INFO o.a.j.t.JMeterThread: Thread is done: Agent search 2-50
2026-10-09 07:35:27,352 INFO o.a.j.t.JMeterThread: Thread finished: Agent search 2-50
2026-10-09 07:35:27,726 INFO o.a.j.t.JMeterThread: Thread is done: Agent search 2-49
2026-10-09 07:35:27,727 INFO o.a.j.t.JMeterThread: Thread finished: Agent search 2-49
2026-10-09 07:35:28,917 INFO o.a.j.t.JMeterThread: Thread started: Agent search 2-51
2026-10-09 07:35:29,094 INFO o.a.j.t.JMeterThread: Thread is done: Agent search 2-51
2026-10-09 07:35:29,094 INFO o.a.j.t.JMeterThread: Thread finished: Agent search 2-51
2026-10-09 07:35:29,842 INFO o.a.j.t.JMeterThread: Thread started: Agent search 2-52
2026-10-09 07:35:30,118 INFO o.a.j.r.Summariser: summary +      8 in 00:00:29 =    0.3/s Avg:   701 Min:    99 Max:  3231 Err:     0 (0.00%) Active: 1 Started: 66 Finished: 65
2026-10-09 07:35:30,118 INFO o.a.j.r.Summariser: summary =     66 in 00:04:52 =    0.2/s Avg:  5010 Min:    74 Max: 40195 Err:     0 (0.00%)
2026-10-09 07:35:30,118 INFO o.a.j.t.JMeterThread: Thread is done: Agent search 2-52
2026-10-09 07:35:30,118 INFO o.a.j.t.JMeterThread: Thread finished: Agent search 2-52
2026-10-09 07:35:38,119 INFO o.a.j.t.JMeterThread: Thread started: Ticket intake 1-15
2026-10-09 07:35:40,683 INFO o.a.j.t.JMeterThread: Thread started: Ticket intake 1-16
2026-10-09 07:35:40,703 INFO o.a.j.t.JMeterThread: Thread started: Agent search 2-53
2026-10-09 07:35:40,868 INFO o.a.j.t.JMeterThread: Thread is done: Agent search 2-53
2026-10-09 07:35:40,868 INFO o.a.j.t.JMeterThread: Thread finished: Agent search 2-53
2026-10-09 07:35:42,844 INFO o.a.j.t.JMeterThread: Thread started: Agent search 2-54
2026-10-09 07:35:43,128 INFO o.a.j.t.JMeterThread: Thread is done: Agent search 2-54
2026-10-09 07:35:43,128 INFO o.a.j.t.JMeterThread: Thread finished: Agent search 2-54
2026-10-09 07:35:46,006 INFO o.a.j.t.JMeterThread: Thread started: Agent search 2-55
2026-10-09 07:35:46,197 INFO o.a.j.t.JMeterThread: Thread is done: Ticket intake 1-15
2026-10-09 07:35:46,197 INFO o.a.j.t.JMeterThread: Thread is done: Agent search 2-55
2026-10-09 07:35:46,197 INFO o.a.j.t.JMeterThread: Thread finished: Ticket intake 1-15
2026-10-09 07:35:46,197 INFO o.a.j.t.JMeterThread: Thread finished: Agent search 2-55
2026-10-09 07:35:49,833 INFO o.a.j.t.JMeterThread: Thread started: Ticket intake 1-17
2026-10-09 07:35:55,716 INFO o.a.j.t.JMeterThread: Thread is done: Ticket intake 1-16
2026-10-09 07:35:55,716 INFO o.a.j.t.JMeterThread: Thread finished: Ticket intake 1-16
2026-10-09 07:35:57,025 INFO o.a.j.t.JMeterThread: Thread started: Agent search 2-56
2026-10-09 07:35:58,277 INFO o.a.j.t.JMeterThread: Thread is done: Agent search 2-56
2026-10-09 07:35:58,277 INFO o.a.j.t.JMeterThread: Thread finished: Agent search 2-56
2026-10-09 07:36:01,855 INFO o.a.j.t.JMeterThread: Thread started: Agent search 2-57
2026-10-09 07:36:02,065 INFO o.a.j.r.Summariser: summary +      7 in 00:00:32 =    0.2/s Avg:  3599 Min:   163 Max: 15033 Err:     0 (0.00%) Active: 2 Started: 74 Finished: 72
2026-10-09 07:36:02,065 INFO o.a.j.r.Summariser: summary =     73 in 00:05:24 =    0.2/s Avg:  4874 Min:    74 Max: 40195 Err:     0 (0.00%)
2026-10-09 07:36:02,066 INFO o.a.j.t.JMeterThread: Thread is done: Agent search 2-57
2026-10-09 07:36:02,066 INFO o.a.j.t.JMeterThread: Thread finished: Agent search 2-57
2026-10-09 07:36:04,190 INFO o.a.j.t.JMeterThread: Thread started: Agent search 2-58
2026-10-09 07:36:04,420 INFO o.a.j.t.JMeterThread: Thread is done: Agent search 2-58
2026-10-09 07:36:04,420 INFO o.a.j.t.JMeterThread: Thread finished: Agent search 2-58
2026-10-09 07:36:05,693 INFO o.a.j.t.JMeterThread: Thread started: Ticket intake 1-18
2026-10-09 07:36:06,700 INFO o.a.j.t.JMeterThread: Thread started: Agent search 2-59
2026-10-09 07:36:06,805 INFO o.a.j.t.JMeterThread: Thread is done: Agent search 2-59
2026-10-09 07:36:06,805 INFO o.a.j.t.JMeterThread: Thread finished: Agent search 2-59
2026-10-09 07:36:08,515 INFO o.a.j.t.JMeterThread: Thread is done: Ticket intake 1-17
2026-10-09 07:36:08,516 INFO o.a.j.t.JMeterThread: Thread finished: Ticket intake 1-17
2026-10-09 07:36:12,526 INFO o.a.j.t.JMeterThread: Thread started: Agent search 2-60
2026-10-09 07:36:12,715 INFO o.a.j.t.JMeterThread: Thread is done: Agent search 2-60
2026-10-09 07:36:12,715 INFO o.a.j.t.JMeterThread: Thread finished: Agent search 2-60
2026-10-09 07:36:13,398 INFO o.a.j.t.JMeterThread: Thread started: Agent search 2-61
2026-10-09 07:36:15,600 INFO o.a.j.t.JMeterThread: Thread started: Ticket intake 1-19
2026-10-09 07:36:16,316 INFO o.a.j.t.JMeterThread: Thread started: Agent search 2-62
2026-10-09 07:36:16,460 INFO o.a.j.t.JMeterThread: Thread is done: Agent search 2-62
2026-10-09 07:36:16,460 INFO o.a.j.t.JMeterThread: Thread finished: Agent search 2-62
2026-10-09 07:36:16,606 INFO o.a.j.t.JMeterThread: Thread is done: Agent search 2-61
2026-10-09 07:36:16,606 INFO o.a.j.t.JMeterThread: Thread finished: Agent search 2-61
2026-10-09 07:36:18,750 INFO o.a.j.t.JMeterThread: Thread started: Ticket intake 1-20
2026-10-09 07:36:18,759 INFO o.a.j.t.JMeterThread: Thread started: Agent search 2-63
2026-10-09 07:36:19,007 INFO o.a.j.t.JMeterThread: Thread is done: Agent search 2-63
2026-10-09 07:36:19,007 INFO o.a.j.t.JMeterThread: Thread finished: Agent search 2-63
2026-10-09 07:36:21,316 INFO o.a.j.t.JMeterThread: Thread is done: Ticket intake 1-18
2026-10-09 07:36:21,316 INFO o.a.j.t.JMeterThread: Thread finished: Ticket intake 1-18
2026-10-09 07:36:21,654 INFO o.a.j.t.JMeterThread: Thread started: Agent search 2-64
2026-10-09 07:36:21,786 INFO o.a.j.t.JMeterThread: Thread is done: Agent search 2-64
2026-10-09 07:36:21,786 INFO o.a.j.t.JMeterThread: Thread finished: Agent search 2-64
2026-10-09 07:36:22,192 INFO o.a.j.t.JMeterThread: Thread started: Agent search 2-65
2026-10-09 07:36:22,398 INFO o.a.j.t.JMeterThread: Thread is done: Agent search 2-65
2026-10-09 07:36:22,398 INFO o.a.j.t.JMeterThread: Thread finished: Agent search 2-65
2026-10-09 07:36:23,451 INFO o.a.j.t.JMeterThread: Thread started: Ticket intake 1-21
2026-10-09 07:36:26,968 INFO o.a.j.t.JMeterThread: Thread started: Agent search 2-66
2026-10-09 07:36:27,152 INFO o.a.j.t.JMeterThread: Thread is done: Agent search 2-66
2026-10-09 07:36:27,152 INFO o.a.j.t.JMeterThread: Thread finished: Agent search 2-66
2026-10-09 07:36:30,169 INFO o.a.j.t.JMeterThread: Thread started: Agent search 2-67
2026-10-09 07:36:30,429 INFO o.a.j.r.Summariser: summary +     12 in 00:00:28 =    0.4/s Avg:  3265 Min:   103 Max: 18681 Err:     0 (0.00%) Active: 4 Started: 88 Finished: 84
2026-10-09 07:36:30,429 INFO o.a.j.r.Summariser: summary =     85 in 00:05:52 =    0.2/s Avg:  4647 Min:    74 Max: 40195 Err:     0 (0.00%)
2026-10-09 07:36:30,429 INFO o.a.j.t.JMeterThread: Thread is done: Agent search 2-67
2026-10-09 07:36:30,429 INFO o.a.j.t.JMeterThread: Thread finished: Agent search 2-67
2026-10-09 07:36:31,508 INFO o.a.j.t.JMeterThread: Thread started: Agent search 2-68
2026-10-09 07:36:31,760 INFO o.a.j.t.JMeterThread: Thread is done: Agent search 2-68
2026-10-09 07:36:31,760 INFO o.a.j.t.JMeterThread: Thread finished: Agent search 2-68
2026-10-09 07:36:33,227 INFO o.a.j.t.JMeterThread: Thread started: Agent search 2-69
2026-10-09 07:36:33,500 INFO o.a.j.t.JMeterThread: Thread is done: Agent search 2-69
2026-10-09 07:36:33,500 INFO o.a.j.t.JMeterThread: Thread is done: Ticket intake 1-19
2026-10-09 07:36:33,500 INFO o.a.j.t.JMeterThread: Thread finished: Agent search 2-69
2026-10-09 07:36:33,500 INFO o.a.j.t.JMeterThread: Thread finished: Ticket intake 1-19
2026-10-09 07:36:36,335 INFO o.a.j.t.JMeterThread: Thread started: Ticket intake 1-22
2026-10-09 07:36:41,434 INFO o.a.j.t.JMeterThread: Thread started: Agent search 2-70
2026-10-09 07:36:41,642 INFO o.a.j.t.JMeterThread: Thread started: Agent search 2-71
2026-10-09 07:36:41,652 INFO o.a.j.t.JMeterThread: Thread is done: Agent search 2-70
2026-10-09 07:36:41,652 INFO o.a.j.t.JMeterThread: Thread finished: Agent search 2-70
2026-10-09 07:36:41,794 INFO o.a.j.t.JMeterThread: Thread is done: Agent search 2-71
2026-10-09 07:36:41,794 INFO o.a.j.t.JMeterThread: Thread finished: Agent search 2-71
2026-10-09 07:36:41,979 INFO o.a.j.t.JMeterThread: Thread started: Agent search 2-72
2026-10-09 07:36:42,163 INFO o.a.j.t.JMeterThread: Thread is done: Agent search 2-72
2026-10-09 07:36:42,163 INFO o.a.j.t.JMeterThread: Thread finished: Agent search 2-72
2026-10-09 07:36:45,015 INFO o.a.j.t.JMeterThread: Thread started: Agent search 2-73
2026-10-09 07:36:45,173 INFO o.a.j.t.JMeterThread: Thread is done: Agent search 2-73
2026-10-09 07:36:45,173 INFO o.a.j.t.JMeterThread: Thread finished: Agent search 2-73
2026-10-09 07:36:46,916 INFO o.a.j.t.JMeterThread: Thread is done: Ticket intake 1-20
2026-10-09 07:36:46,916 INFO o.a.j.t.JMeterThread: Thread finished: Ticket intake 1-20
2026-10-09 07:36:48,500 INFO o.a.j.t.JMeterThread: Thread started: Agent search 2-74
2026-10-09 07:36:48,654 INFO o.a.j.t.JMeterThread: Thread is done: Agent search 2-74
2026-10-09 07:36:48,654 INFO o.a.j.t.JMeterThread: Thread finished: Agent search 2-74
2026-10-09 07:36:51,896 INFO o.a.j.t.JMeterThread: Thread started: Agent search 2-75
2026-10-09 07:36:52,088 INFO o.a.j.t.JMeterThread: Thread is done: Agent search 2-75
2026-10-09 07:36:52,088 INFO o.a.j.t.JMeterThread: Thread finished: Agent search 2-75
2026-10-09 07:36:57,636 INFO o.a.j.t.JMeterThread: Thread started: Agent search 2-76
2026-10-09 07:36:57,974 INFO o.a.j.t.JMeterThread: Thread is done: Agent search 2-76
2026-10-09 07:36:57,974 INFO o.a.j.t.JMeterThread: Thread finished: Agent search 2-76
2026-10-09 07:37:00,737 INFO o.a.j.r.Summariser: summary +     12 in 00:00:30 =    0.4/s Avg:  7104 Min:   150 Max: 37287 Err:     0 (0.00%) Active: 2 Started: 98 Finished: 96
2026-10-09 07:37:00,738 INFO o.a.j.r.Summariser: summary =     97 in 00:06:22 =    0.3/s Avg:  4951 Min:    74 Max: 40195 Err:     0 (0.00%)
2026-10-09 07:37:00,738 INFO o.a.j.t.JMeterThread: Thread is done: Ticket intake 1-21
2026-10-09 07:37:00,738 INFO o.a.j.t.JMeterThread: Thread finished: Ticket intake 1-21
2026-10-09 07:37:04,787 INFO o.a.j.t.JMeterThread: Thread started: Ticket intake 1-23
2026-10-09 07:37:09,194 INFO o.a.j.t.JMeterThread: Thread started: Agent search 2-77
2026-10-09 07:37:09,442 INFO o.a.j.t.JMeterThread: Thread is done: Agent search 2-77
2026-10-09 07:37:09,442 INFO o.a.j.t.JMeterThread: Thread finished: Agent search 2-77
2026-10-09 07:37:10,773 INFO o.a.j.t.JMeterThread: Thread is done: Ticket intake 1-22
2026-10-09 07:37:10,773 INFO o.a.j.t.JMeterThread: Thread finished: Ticket intake 1-22
2026-10-09 07:37:11,347 INFO o.a.j.t.JMeterThread: Thread started: Agent search 2-78
2026-10-09 07:37:11,592 INFO o.a.j.t.JMeterThread: Thread is done: Agent search 2-78
2026-10-09 07:37:11,592 INFO o.a.j.t.JMeterThread: Thread finished: Agent search 2-78
2026-10-09 07:37:14,298 INFO o.a.j.t.JMeterThread: Thread started: Agent search 2-79
2026-10-09 07:37:14,562 INFO o.a.j.t.JMeterThread: Thread is done: Agent search 2-79
2026-10-09 07:37:14,562 INFO o.a.j.t.JMeterThread: Thread finished: Agent search 2-79
2026-10-09 07:37:17,369 INFO o.a.j.t.JMeterThread: Thread started: Ticket intake 1-24
2026-10-09 07:37:22,139 INFO o.a.j.t.JMeterThread: Thread is done: Ticket intake 1-23
2026-10-09 07:37:22,139 INFO o.a.j.t.JMeterThread: Thread finished: Ticket intake 1-23
2026-10-09 07:37:28,229 INFO o.a.j.t.JMeterThread: Thread started: Agent search 2-80
2026-10-09 07:37:28,389 INFO o.a.j.t.JMeterThread: Thread is done: Agent search 2-80
2026-10-09 07:37:28,389 INFO o.a.j.t.JMeterThread: Thread finished: Agent search 2-80
2026-10-09 07:37:31,721 INFO o.a.j.t.JMeterThread: Thread started: Agent search 2-81
2026-10-09 07:37:31,970 INFO o.a.j.r.Summariser: summary +      7 in 00:00:31 =    0.2/s Avg:  7564 Min:   158 Max: 34439 Err:     0 (0.00%) Active: 2 Started: 105 Finished: 103
2026-10-09 07:37:31,971 INFO o.a.j.r.Summariser: summary =    104 in 00:06:54 =    0.3/s Avg:  5127 Min:    74 Max: 40195 Err:     0 (0.00%)
2026-10-09 07:37:31,971 INFO o.a.j.t.JMeterThread: Thread is done: Agent search 2-81
2026-10-09 07:37:31,971 INFO o.a.j.t.JMeterThread: Thread finished: Agent search 2-81
2026-10-09 07:37:32,583 INFO o.a.j.t.JMeterThread: Thread is done: Ticket intake 1-24
2026-10-09 07:37:32,583 INFO o.a.j.t.JMeterThread: Thread finished: Ticket intake 1-24
2026-10-09 07:37:34,983 INFO o.a.j.t.JMeterThread: Thread started: Agent search 2-82
2026-10-09 07:37:35,143 INFO o.a.j.t.JMeterThread: Thread is done: Agent search 2-82
2026-10-09 07:37:35,143 INFO o.a.j.t.JMeterThread: Thread finished: Agent search 2-82
2026-10-09 07:37:36,063 INFO o.a.j.t.JMeterThread: Thread started: Ticket intake 1-25
2026-10-09 07:37:40,333 INFO o.a.j.t.JMeterThread: Thread started: Ticket intake 1-26
2026-10-09 07:37:46,208 INFO o.a.j.t.JMeterThread: Thread is done: Ticket intake 1-25
2026-10-09 07:37:46,209 INFO o.a.j.t.JMeterThread: Thread finished: Ticket intake 1-25
2026-10-09 07:37:47,258 INFO o.a.j.t.JMeterThread: Thread started: Agent search 2-83
2026-10-09 07:37:47,533 INFO o.a.j.t.JMeterThread: Thread is done: Agent search 2-83
2026-10-09 07:37:47,533 INFO o.a.j.t.JMeterThread: Thread finished: Agent search 2-83
2026-10-09 07:37:47,744 INFO o.a.j.t.JMeterThread: Thread started: Agent search 2-84
2026-10-09 07:37:47,992 INFO o.a.j.t.JMeterThread: Thread is done: Agent search 2-84
2026-10-09 07:37:47,992 INFO o.a.j.t.JMeterThread: Thread finished: Agent search 2-84
2026-10-09 07:37:50,895 INFO o.a.j.t.JMeterThread: Thread started: Agent search 2-85
2026-10-09 07:37:51,120 INFO o.a.j.t.JMeterThread: Thread is done: Agent search 2-85
2026-10-09 07:37:51,120 INFO o.a.j.t.JMeterThread: Thread finished: Agent search 2-85
2026-10-09 07:37:54,701 INFO o.a.j.t.JMeterThread: Thread is done: Ticket intake 1-26
2026-10-09 07:37:54,701 INFO o.a.j.t.JMeterThread: Thread finished: Ticket intake 1-26
2026-10-09 07:37:55,369 INFO o.a.j.t.JMeterThread: Thread started: Agent search 2-86
2026-10-09 07:37:55,598 INFO o.a.j.t.JMeterThread: Thread is done: Agent search 2-86
2026-10-09 07:37:55,598 INFO o.a.j.t.JMeterThread: Thread finished: Agent search 2-86
2026-10-09 07:37:57,525 INFO o.a.j.t.JMeterThread: Thread started: Ticket intake 1-27
2026-10-09 07:38:05,995 INFO o.a.j.t.JMeterThread: Thread started: Agent search 2-87
2026-10-09 07:38:06,170 INFO o.a.j.t.JMeterThread: Thread is done: Agent search 2-87
2026-10-09 07:38:06,170 INFO o.a.j.t.JMeterThread: Thread finished: Agent search 2-87
2026-10-09 07:38:07,398 INFO o.a.j.t.JMeterThread: Thread is done: Ticket intake 1-27
2026-10-09 07:38:07,398 INFO o.a.j.t.JMeterThread: Thread finished: Ticket intake 1-27
2026-10-09 07:38:07,857 INFO o.a.j.t.JMeterThread: Thread started: Agent search 2-88
2026-10-09 07:38:08,114 INFO o.a.j.t.JMeterThread: Thread is done: Agent search 2-88
2026-10-09 07:38:08,114 INFO o.a.j.t.JMeterThread: Thread finished: Agent search 2-88
2026-10-09 07:38:11,463 INFO o.a.j.t.JMeterThread: Thread started: Agent search 2-89
2026-10-09 07:38:11,700 INFO o.a.j.t.JMeterThread: Thread is done: Agent search 2-89
2026-10-09 07:38:11,700 INFO o.a.j.t.JMeterThread: Thread finished: Agent search 2-89
2026-10-09 07:38:13,672 INFO o.a.j.t.JMeterThread: Thread started: Agent search 2-90
2026-10-09 07:38:13,849 INFO o.a.j.t.JMeterThread: Thread is done: Agent search 2-90
2026-10-09 07:38:13,849 INFO o.a.j.t.JMeterThread: Thread finished: Agent search 2-90
2026-10-09 07:38:13,975 INFO o.a.j.t.JMeterThread: Thread started: Agent search 2-91
2026-10-09 07:38:14,157 INFO o.a.j.t.JMeterThread: Thread is done: Agent search 2-91
2026-10-09 07:38:14,157 INFO o.a.j.t.JMeterThread: Thread finished: Agent search 2-91
2026-10-09 07:38:17,841 INFO o.a.j.t.JMeterThread: Thread started: Agent search 2-92
2026-10-09 07:38:17,946 INFO o.a.j.t.JMeterThread: Thread is done: Agent search 2-92
2026-10-09 07:38:17,946 INFO o.a.j.t.JMeterThread: Thread finished: Agent search 2-92
2026-10-09 07:38:18,190 INFO o.a.j.t.JMeterThread: Thread started: Agent search 2-93
2026-10-09 07:38:18,461 INFO o.a.j.t.JMeterThread: Thread is done: Agent search 2-93
2026-10-09 07:38:18,461 INFO o.a.j.t.JMeterThread: Thread finished: Agent search 2-93
2026-10-09 07:38:20,099 INFO o.a.j.t.JMeterThread: Thread started: Agent search 2-94
2026-10-09 07:38:20,403 INFO o.a.j.t.JMeterThread: Thread is done: Agent search 2-94
2026-10-09 07:38:20,403 INFO o.a.j.t.JMeterThread: Thread finished: Agent search 2-94
2026-10-09 07:38:22,392 INFO o.a.j.t.JMeterThread: Thread started: Agent search 2-95
2026-10-09 07:38:22,655 INFO o.a.j.t.JMeterThread: Thread is done: Agent search 2-95
2026-10-09 07:38:22,655 INFO o.a.j.t.JMeterThread: Thread finished: Agent search 2-95
2026-10-09 07:38:27,552 INFO o.a.j.t.JMeterThread: Thread started: Agent search 2-96
2026-10-09 07:38:27,748 INFO o.a.j.t.JMeterThread: Thread is done: Agent search 2-96
2026-10-09 07:38:27,748 INFO o.a.j.t.JMeterThread: Thread finished: Agent search 2-96
2026-10-09 07:38:30,921 INFO o.a.j.t.JMeterThread: Thread started: Agent search 2-97
2026-10-09 07:38:31,155 INFO o.a.j.r.Summariser: summary +     20 in 00:00:59 =    0.3/s Avg:  2655 Min:   105 Max: 15214 Err:     0 (0.00%) Active: 1 Started: 124 Finished: 123
2026-10-09 07:38:31,155 INFO o.a.j.r.Summariser: summary =    124 in 00:07:53 =    0.3/s Avg:  4728 Min:    74 Max: 40195 Err:     0 (0.00%)
2026-10-09 07:38:31,155 INFO o.a.j.t.JMeterThread: Thread is done: Agent search 2-97
2026-10-09 07:38:31,155 INFO o.a.j.t.JMeterThread: Thread finished: Agent search 2-97
2026-10-09 07:38:35,314 INFO o.a.j.t.JMeterThread: Thread started: Ticket intake 1-28
2026-10-09 07:38:36,068 INFO o.a.j.t.JMeterThread: Thread started: Ticket intake 1-29
2026-10-09 07:38:37,516 INFO o.a.j.t.JMeterThread: Thread started: Agent search 2-98
2026-10-09 07:38:37,755 INFO o.a.j.t.JMeterThread: Thread is done: Agent search 2-98
2026-10-09 07:38:37,755 INFO o.a.j.t.JMeterThread: Thread finished: Agent search 2-98
2026-10-09 07:38:44,653 INFO o.a.j.t.JMeterThread: Thread started: Agent search 2-99
2026-10-09 07:38:44,875 INFO o.a.j.t.JMeterThread: Thread is done: Agent search 2-99
2026-10-09 07:38:44,875 INFO o.a.j.t.JMeterThread: Thread finished: Agent search 2-99
2026-10-09 07:38:46,280 INFO o.a.j.t.JMeterThread: Thread started: Ticket intake 1-30
2026-10-09 07:38:48,052 INFO o.a.j.t.JMeterThread: Thread is done: Ticket intake 1-28
2026-10-09 07:38:48,052 INFO o.a.j.t.JMeterThread: Thread finished: Ticket intake 1-28
2026-10-09 07:38:48,314 INFO o.a.j.t.JMeterThread: Thread started: Ticket intake 1-31
2026-10-09 07:38:48,360 INFO o.a.j.t.JMeterThread: Thread started: Agent search 2-100
2026-10-09 07:38:48,563 INFO o.a.j.t.JMeterThread: Thread is done: Agent search 2-100
2026-10-09 07:38:48,563 INFO o.a.j.t.JMeterThread: Thread finished: Agent search 2-100
2026-10-09 07:38:50,867 INFO o.a.j.t.JMeterThread: Thread started: Ticket intake 1-32
2026-10-09 07:38:52,268 INFO o.a.j.t.JMeterThread: Thread started: Agent search 2-101
2026-10-09 07:38:52,454 INFO o.a.j.t.JMeterThread: Thread is done: Agent search 2-101
2026-10-09 07:38:52,454 INFO o.a.j.t.JMeterThread: Thread finished: Agent search 2-101
2026-10-09 07:38:54,649 INFO o.a.j.t.JMeterThread: Thread started: Agent search 2-102
2026-10-09 07:38:54,782 INFO o.a.j.t.JMeterThread: Thread is done: Agent search 2-102
2026-10-09 07:38:54,782 INFO o.a.j.t.JMeterThread: Thread finished: Agent search 2-102
2026-10-09 07:38:55,634 INFO o.a.j.t.JMeterThread: Thread started: Agent search 2-103
2026-10-09 07:38:55,780 INFO o.a.j.t.JMeterThread: Thread is done: Agent search 2-103
2026-10-09 07:38:55,780 INFO o.a.j.t.JMeterThread: Thread finished: Agent search 2-103
2026-10-09 07:38:57,643 INFO o.a.j.t.JMeterThread: Thread started: Agent search 2-104
2026-10-09 07:38:57,777 INFO o.a.j.t.JMeterThread: Thread is done: Agent search 2-104
2026-10-09 07:38:57,777 INFO o.a.j.t.JMeterThread: Thread finished: Agent search 2-104
2026-10-09 07:39:00,235 INFO o.a.j.r.Summariser: summary +      9 in 00:00:29 =    0.3/s Avg:  4239 Min:   132 Max: 24167 Err:     0 (0.00%) Active: 4 Started: 136 Finished: 132
2026-10-09 07:39:00,236 INFO o.a.j.r.Summariser: summary =    133 in 00:08:22 =    0.3/s Avg:  4695 Min:    74 Max: 40195 Err:     0 (0.00%)
2026-10-09 07:39:00,236 INFO o.a.j.t.JMeterThread: Thread is done: Ticket intake 1-29
2026-10-09 07:39:00,236 INFO o.a.j.t.JMeterThread: Thread finished: Ticket intake 1-29
2026-10-09 07:39:01,986 INFO o.a.j.t.JMeterThread: Thread started: Agent search 2-105
2026-10-09 07:39:02,099 INFO o.a.j.t.JMeterThread: Thread is done: Agent search 2-105
2026-10-09 07:39:02,099 INFO o.a.j.t.JMeterThread: Thread finished: Agent search 2-105
2026-10-09 07:39:03,813 INFO o.a.j.t.JMeterThread: Thread started: Ticket intake 1-33
2026-10-09 07:39:07,172 INFO o.a.j.t.JMeterThread: Thread started: Agent search 2-106
2026-10-09 07:39:07,404 INFO o.a.j.t.JMeterThread: Thread is done: Agent search 2-106
2026-10-09 07:39:07,404 INFO o.a.j.t.JMeterThread: Thread finished: Agent search 2-106
2026-10-09 07:39:09,122 INFO o.a.j.t.JMeterThread: Thread started: Agent search 2-107
2026-10-09 07:39:09,347 INFO o.a.j.t.JMeterThread: Thread is done: Agent search 2-107
2026-10-09 07:39:09,347 INFO o.a.j.t.JMeterThread: Thread finished: Agent search 2-107
2026-10-09 07:39:10,781 INFO o.a.j.t.JMeterThread: Thread is done: Ticket intake 1-30
2026-10-09 07:39:10,781 INFO o.a.j.t.JMeterThread: Thread finished: Ticket intake 1-30
2026-10-09 07:39:17,838 INFO o.a.j.t.JMeterThread: Thread started: Agent search 2-108
2026-10-09 07:39:18,053 INFO o.a.j.t.JMeterThread: Thread is done: Agent search 2-108
2026-10-09 07:39:18,053 INFO o.a.j.t.JMeterThread: Thread finished: Agent search 2-108
2026-10-09 07:39:22,353 INFO o.a.j.t.JMeterThread: Thread is done: Ticket intake 1-31
2026-10-09 07:39:22,353 INFO o.a.j.t.JMeterThread: Thread finished: Ticket intake 1-31
2026-10-09 07:39:22,832 INFO o.a.j.t.JMeterThread: Thread started: Ticket intake 1-34
2026-10-09 07:39:27,989 INFO o.a.j.t.JMeterThread: Thread started: Agent search 2-109
2026-10-09 07:39:28,139 INFO o.a.j.t.JMeterThread: Thread is done: Agent search 2-109
2026-10-09 07:39:28,139 INFO o.a.j.t.JMeterThread: Thread finished: Agent search 2-109
2026-10-09 07:39:29,756 INFO o.a.j.t.JMeterThread: Thread started: Agent search 2-110
2026-10-09 07:39:30,032 INFO o.a.j.r.Summariser: summary +      8 in 00:00:30 =    0.3/s Avg:  7467 Min:   112 Max: 34039 Err:     0 (0.00%) Active: 4 Started: 144 Finished: 140
2026-10-09 07:39:30,032 INFO o.a.j.r.Summariser: summary =    141 in 00:08:52 =    0.3/s Avg:  4853 Min:    74 Max: 40195 Err:     0 (0.00%)
2026-10-09 07:39:30,032 INFO o.a.j.t.JMeterThread: Thread is done: Agent search 2-110
2026-10-09 07:39:30,032 INFO o.a.j.t.JMeterThread: Thread finished: Agent search 2-110
2026-10-09 07:39:30,043 INFO o.a.j.t.JMeterThread: Thread started: Agent search 2-111
2026-10-09 07:39:30,134 INFO o.a.j.t.JMeterThread: Thread is done: Agent search 2-111
2026-10-09 07:39:30,134 INFO o.a.j.t.JMeterThread: Thread finished: Agent search 2-111
2026-10-09 07:39:30,646 INFO o.a.j.t.JMeterThread: Thread is done: Ticket intake 1-32
2026-10-09 07:39:30,646 INFO o.a.j.t.JMeterThread: Thread finished: Ticket intake 1-32
2026-10-09 07:39:31,190 INFO o.a.j.t.JMeterThread: Thread started: Agent search 2-112
2026-10-09 07:39:31,365 INFO o.a.j.t.JMeterThread: Thread is done: Agent search 2-112
2026-10-09 07:39:31,365 INFO o.a.j.t.JMeterThread: Thread finished: Agent search 2-112
2026-10-09 07:39:35,292 INFO o.a.j.t.JMeterThread: Thread started: Agent search 2-113
2026-10-09 07:39:35,567 INFO o.a.j.t.JMeterThread: Thread is done: Agent search 2-113
2026-10-09 07:39:35,567 INFO o.a.j.t.JMeterThread: Thread finished: Agent search 2-113
2026-10-09 07:39:36,187 INFO o.a.j.t.JMeterThread: Thread started: Agent search 2-114
2026-10-09 07:39:36,372 INFO o.a.j.t.JMeterThread: Thread is done: Agent search 2-114
2026-10-09 07:39:36,372 INFO o.a.j.t.JMeterThread: Thread finished: Agent search 2-114
2026-10-09 07:39:36,500 INFO o.a.j.t.JMeterThread: Thread started: Agent search 2-115
2026-10-09 07:39:36,688 INFO o.a.j.t.JMeterThread: Thread is done: Agent search 2-115
2026-10-09 07:39:36,688 INFO o.a.j.t.JMeterThread: Thread finished: Agent search 2-115
2026-10-09 07:39:39,248 INFO o.a.j.t.JMeterThread: Thread is done: Ticket intake 1-33
2026-10-09 07:39:39,248 INFO o.a.j.t.JMeterThread: Thread finished: Ticket intake 1-33
2026-10-09 07:39:40,839 INFO o.a.j.t.JMeterThread: Thread started: Agent search 2-116
2026-10-09 07:39:41,091 INFO o.a.j.t.JMeterThread: Thread is done: Agent search 2-116
2026-10-09 07:39:41,091 INFO o.a.j.t.JMeterThread: Thread finished: Agent search 2-116
2026-10-09 07:39:43,428 INFO o.a.j.t.JMeterThread: Thread started: Agent search 2-117
2026-10-09 07:39:43,651 INFO o.a.j.t.JMeterThread: Thread is done: Agent search 2-117
2026-10-09 07:39:43,651 INFO o.a.j.t.JMeterThread: Thread finished: Agent search 2-117
2026-10-09 07:39:44,858 INFO o.a.j.t.JMeterThread: Thread started: Ticket intake 1-35
2026-10-09 07:39:46,928 INFO o.a.j.t.JMeterThread: Thread is done: Ticket intake 1-34
2026-10-09 07:39:46,928 INFO o.a.j.t.JMeterThread: Thread finished: Ticket intake 1-34
2026-10-09 07:39:51,224 INFO o.a.j.t.JMeterThread: Thread started: Agent search 2-118
2026-10-09 07:39:51,433 INFO o.a.j.t.JMeterThread: Thread is done: Agent search 2-118
2026-10-09 07:39:51,433 INFO o.a.j.t.JMeterThread: Thread finished: Agent search 2-118
2026-10-09 07:39:53,892 INFO o.a.j.t.JMeterThread: Thread is done: Ticket intake 1-35
2026-10-09 07:39:53,892 INFO o.a.j.t.JMeterThread: Thread finished: Ticket intake 1-35
2026-10-09 07:39:54,646 INFO o.a.j.t.JMeterThread: Thread started: Agent search 2-119
2026-10-09 07:39:54,817 INFO o.a.j.t.JMeterThread: Thread is done: Agent search 2-119
2026-10-09 07:39:54,817 INFO o.a.j.t.JMeterThread: Thread finished: Agent search 2-119
2026-10-09 07:40:27,806 INFO o.a.j.t.JMeterThread: Thread started: Ticket intake 1-36
2026-10-09 07:40:32,840 INFO o.a.j.t.JMeterThread: Thread started: Ticket intake 1-37
2026-10-09 07:40:35,157 INFO o.a.j.r.Summariser: summary +     14 in 00:01:05 =    0.2/s Avg:  8389 Min:    91 Max: 39781 Err:     0 (0.00%) Active: 2 Started: 156 Finished: 154
2026-10-09 07:40:35,157 INFO o.a.j.r.Summariser: summary =    155 in 00:09:57 =    0.3/s Avg:  5172 Min:    74 Max: 40195 Err:     0 (0.00%)
2026-10-09 07:40:35,158 INFO o.a.j.t.JMeterThread: Thread is done: Ticket intake 1-36
2026-10-09 07:40:35,158 INFO o.a.j.t.JMeterThread: Thread finished: Ticket intake 1-36
2026-10-09 07:40:35,579 INFO o.a.j.t.JMeterThread: Thread started: Agent search 2-120
2026-10-09 07:40:35,770 INFO o.a.j.t.JMeterThread: Thread is done: Agent search 2-120
2026-10-09 07:40:35,770 INFO o.a.j.t.JMeterThread: Thread finished: Agent search 2-120
2026-10-09 07:40:41,988 INFO o.a.j.t.JMeterThread: Thread started: Agent search 2-121
2026-10-09 07:40:42,119 INFO o.a.j.t.JMeterThread: Thread is done: Agent search 2-121
2026-10-09 07:40:42,127 INFO o.a.j.t.JMeterThread: Thread finished: Agent search 2-121
2026-10-09 07:40:43,553 INFO o.a.j.t.JMeterThread: Thread is done: Ticket intake 1-37
2026-10-09 07:40:43,553 INFO o.a.j.t.JMeterThread: Thread finished: Ticket intake 1-37
2026-10-09 07:40:44,032 INFO o.a.j.t.JMeterThread: Thread started: Agent search 2-122
2026-10-09 07:40:44,269 INFO o.a.j.t.JMeterThread: Thread is done: Agent search 2-122
2026-10-09 07:40:44,269 INFO o.a.j.t.JMeterThread: Thread finished: Agent search 2-122
2026-10-09 07:40:44,485 INFO o.a.j.t.JMeterThread: Thread started: Agent search 2-123
2026-10-09 07:40:44,679 INFO o.a.j.t.JMeterThread: Thread is done: Agent search 2-123
2026-10-09 07:40:44,679 INFO o.a.j.t.JMeterThread: Thread finished: Agent search 2-123
2026-10-09 07:40:50,228 INFO o.a.j.t.JMeterThread: Thread started: Ticket intake 1-38
2026-10-09 07:40:52,664 INFO o.a.j.t.JMeterThread: Thread started: Ticket intake 1-39
2026-10-09 07:40:54,337 INFO o.a.j.t.JMeterThread: Thread started: Agent search 2-124
2026-10-09 07:40:54,410 INFO o.a.j.t.JMeterThread: Thread started: Agent search 2-125
2026-10-09 07:40:54,466 INFO o.a.j.t.JMeterThread: Thread is done: Agent search 2-124
2026-10-09 07:40:54,466 INFO o.a.j.t.JMeterThread: Thread finished: Agent search 2-124
2026-10-09 07:40:54,497 INFO o.a.j.t.JMeterThread: Thread is done: Agent search 2-125
2026-10-09 07:40:54,497 INFO o.a.j.t.JMeterThread: Thread finished: Agent search 2-125
2026-10-09 07:40:57,172 INFO o.a.j.t.JMeterThread: Thread started: Agent search 2-126
2026-10-09 07:40:57,376 INFO o.a.j.t.JMeterThread: Thread is done: Agent search 2-126
2026-10-09 07:40:57,376 INFO o.a.j.t.JMeterThread: Thread finished: Agent search 2-126
2026-10-09 07:40:58,732 INFO o.a.j.t.JMeterThread: Thread started: Agent search 2-127
2026-10-09 07:40:58,912 INFO o.a.j.t.JMeterThread: Thread is done: Agent search 2-127
2026-10-09 07:40:58,912 INFO o.a.j.t.JMeterThread: Thread finished: Agent search 2-127
2026-10-09 07:41:00,858 INFO o.a.j.r.Summariser: summary +     10 in 00:00:26 =    0.4/s Avg:  2268 Min:    86 Max: 10712 Err:     0 (0.00%) Active: 2 Started: 166 Finished: 164
2026-10-09 07:41:00,859 INFO o.a.j.r.Summariser: summary =    165 in 00:10:23 =    0.3/s Avg:  4996 Min:    74 Max: 40195 Err:     0 (0.00%)
2026-10-09 07:41:00,859 INFO o.a.j.t.JMeterThread: Thread is done: Ticket intake 1-38
2026-10-09 07:41:00,859 INFO o.a.j.t.JMeterThread: Thread finished: Ticket intake 1-38
2026-10-09 07:41:03,797 INFO o.a.j.t.JMeterThread: Thread started: Agent search 2-128
2026-10-09 07:41:04,091 INFO o.a.j.t.JMeterThread: Thread is done: Agent search 2-128
2026-10-09 07:41:04,091 INFO o.a.j.t.JMeterThread: Thread finished: Agent search 2-128
2026-10-09 07:41:04,808 INFO o.a.j.t.JMeterThread: Thread started: Agent search 2-129
2026-10-09 07:41:05,055 INFO o.a.j.t.JMeterThread: Thread is done: Agent search 2-129
2026-10-09 07:41:05,055 INFO o.a.j.t.JMeterThread: Thread finished: Agent search 2-129
2026-10-09 07:41:07,178 INFO o.a.j.t.JMeterThread: Thread started: Agent search 2-130
2026-10-09 07:41:07,412 INFO o.a.j.t.JMeterThread: Thread is done: Agent search 2-130
2026-10-09 07:41:07,412 INFO o.a.j.t.JMeterThread: Thread finished: Agent search 2-130
2026-10-09 07:41:10,602 INFO o.a.j.t.JMeterThread: Thread started: Agent search 2-131
2026-10-09 07:41:10,790 INFO o.a.j.t.JMeterThread: Thread is done: Agent search 2-131
2026-10-09 07:41:10,790 INFO o.a.j.t.JMeterThread: Thread finished: Agent search 2-131
2026-10-09 07:41:10,803 INFO o.a.j.t.JMeterThread: Thread started: Agent search 2-132
2026-10-09 07:41:10,893 INFO o.a.j.t.JMeterThread: Thread is done: Agent search 2-132
2026-10-09 07:41:10,893 INFO o.a.j.t.JMeterThread: Thread finished: Agent search 2-132
2026-10-09 07:41:13,862 INFO o.a.j.t.JMeterThread: Thread is done: Ticket intake 1-39
2026-10-09 07:41:13,862 INFO o.a.j.t.JMeterThread: Thread finished: Ticket intake 1-39
2026-10-09 07:41:14,186 INFO o.a.j.t.JMeterThread: Thread started: Agent search 2-133
2026-10-09 07:41:14,375 INFO o.a.j.t.JMeterThread: Thread is done: Agent search 2-133
2026-10-09 07:41:14,375 INFO o.a.j.t.JMeterThread: Thread finished: Agent search 2-133
2026-10-09 07:41:14,776 INFO o.a.j.t.JMeterThread: Thread started: Agent search 2-134
2026-10-09 07:41:14,989 INFO o.a.j.t.JMeterThread: Thread is done: Agent search 2-134
2026-10-09 07:41:14,989 INFO o.a.j.t.JMeterThread: Thread finished: Agent search 2-134
2026-10-09 07:41:16,852 INFO o.a.j.t.JMeterThread: Thread started: Agent search 2-135
2026-10-09 07:41:17,037 INFO o.a.j.t.JMeterThread: Thread is done: Agent search 2-135
2026-10-09 07:41:17,037 INFO o.a.j.t.JMeterThread: Thread finished: Agent search 2-135
2026-10-09 07:41:17,038 INFO o.a.j.t.JMeterThread: Thread started: Agent search 2-136
2026-10-09 07:41:17,241 INFO o.a.j.t.JMeterThread: Thread is done: Agent search 2-136
2026-10-09 07:41:17,241 INFO o.a.j.t.JMeterThread: Thread finished: Agent search 2-136
2026-10-09 07:41:21,013 INFO o.a.j.t.JMeterThread: Thread started: Agent search 2-137
2026-10-09 07:41:21,119 INFO o.a.j.t.JMeterThread: Thread is done: Agent search 2-137
2026-10-09 07:41:21,119 INFO o.a.j.t.JMeterThread: Thread finished: Agent search 2-137
2026-10-09 07:41:25,839 INFO o.a.j.t.JMeterThread: Thread started: Agent search 2-138
2026-10-09 07:41:26,047 INFO o.a.j.t.JMeterThread: Thread is done: Agent search 2-138
2026-10-09 07:41:26,047 INFO o.a.j.t.JMeterThread: Thread finished: Agent search 2-138
2026-10-09 07:41:28,017 INFO o.a.j.t.JMeterThread: Thread started: Agent search 2-139
2026-10-09 07:41:28,198 INFO o.a.j.t.JMeterThread: Thread is done: Agent search 2-139
2026-10-09 07:41:28,198 INFO o.a.j.t.JMeterThread: Thread finished: Agent search 2-139
2026-10-09 07:41:32,074 INFO o.a.j.t.JMeterThread: Thread started: Agent search 2-140
2026-10-09 07:41:32,293 INFO o.a.j.r.Summariser: summary +     14 in 00:00:31 =    0.4/s Avg:  1695 Min:    89 Max: 21198 Err:     0 (0.00%) Active: 1 Started: 179 Finished: 178
2026-10-09 07:41:32,294 INFO o.a.j.r.Summariser: summary =    179 in 00:10:54 =    0.3/s Avg:  4738 Min:    74 Max: 40195 Err:     0 (0.00%)
2026-10-09 07:41:32,294 INFO o.a.j.t.JMeterThread: Thread is done: Agent search 2-140
2026-10-09 07:41:32,294 INFO o.a.j.t.JMeterThread: Thread finished: Agent search 2-140
2026-10-09 07:41:33,595 INFO o.a.j.t.JMeterThread: Thread started: Agent search 2-141
2026-10-09 07:41:33,601 INFO o.a.j.t.JMeterThread: Thread started: Agent search 2-142
2026-10-09 07:41:33,829 INFO o.a.j.t.JMeterThread: Thread is done: Agent search 2-141
2026-10-09 07:41:33,829 INFO o.a.j.t.JMeterThread: Thread is done: Agent search 2-142
2026-10-09 07:41:33,829 INFO o.a.j.t.JMeterThread: Thread finished: Agent search 2-141
2026-10-09 07:41:33,829 INFO o.a.j.t.JMeterThread: Thread finished: Agent search 2-142
2026-10-09 07:41:35,294 INFO o.a.j.t.JMeterThread: Thread started: Agent search 2-143
2026-10-09 07:41:35,570 INFO o.a.j.t.JMeterThread: Thread is done: Agent search 2-143
2026-10-09 07:41:35,570 INFO o.a.j.t.JMeterThread: Thread finished: Agent search 2-143
2026-10-09 07:41:40,469 INFO o.a.j.t.JMeterThread: Thread started: Agent search 2-144
2026-10-09 07:41:40,689 INFO o.a.j.t.JMeterThread: Thread is done: Agent search 2-144
2026-10-09 07:41:40,689 INFO o.a.j.t.JMeterThread: Thread finished: Agent search 2-144
2026-10-09 07:41:42,108 INFO o.a.j.t.JMeterThread: Thread started: Ticket intake 1-40
2026-10-09 07:41:44,848 INFO o.a.j.t.JMeterThread: Thread started: Agent search 2-145
2026-10-09 07:41:45,093 INFO o.a.j.t.JMeterThread: Thread is done: Agent search 2-145
2026-10-09 07:41:45,093 INFO o.a.j.t.JMeterThread: Thread finished: Agent search 2-145
2026-10-09 07:41:48,592 INFO o.a.j.t.JMeterThread: Thread started: Agent search 2-146
2026-10-09 07:41:48,779 INFO o.a.j.t.JMeterThread: Thread is done: Agent search 2-146
2026-10-09 07:41:48,779 INFO o.a.j.t.JMeterThread: Thread finished: Agent search 2-146
2026-10-09 07:41:52,823 INFO o.a.j.t.JMeterThread: Thread started: Ticket intake 1-41
2026-10-09 07:41:54,104 INFO o.a.j.t.JMeterThread: Thread is done: Ticket intake 1-40
2026-10-09 07:41:54,104 INFO o.a.j.t.JMeterThread: Thread finished: Ticket intake 1-40
2026-10-09 07:42:03,626 INFO o.a.j.t.JMeterThread: Thread started: Agent search 2-147
2026-10-09 07:42:03,833 INFO o.a.j.r.Summariser: summary +      8 in 00:00:32 =    0.3/s Avg:  1697 Min:   186 Max: 11995 Err:     0 (0.00%) Active: 2 Started: 188 Finished: 186
2026-10-09 07:42:03,833 INFO o.a.j.r.Summariser: summary =    187 in 00:11:25 =    0.3/s Avg:  4608 Min:    74 Max: 40195 Err:     0 (0.00%)
2026-10-09 07:42:03,833 INFO o.a.j.t.JMeterThread: Thread is done: Agent search 2-147
2026-10-09 07:42:03,833 INFO o.a.j.t.JMeterThread: Thread finished: Agent search 2-147
2026-10-09 07:42:04,059 INFO o.a.j.t.JMeterThread: Thread started: Agent search 2-148
2026-10-09 07:42:04,241 INFO o.a.j.t.JMeterThread: Thread is done: Agent search 2-148
2026-10-09 07:42:04,241 INFO o.a.j.t.JMeterThread: Thread finished: Agent search 2-148
2026-10-09 07:42:05,470 INFO o.a.j.t.JMeterThread: Thread is done: Ticket intake 1-41
2026-10-09 07:42:05,471 INFO o.a.j.t.JMeterThread: Thread finished: Ticket intake 1-41
2026-10-09 07:42:08,336 INFO o.a.j.t.JMeterThread: Thread started: Agent search 2-149
2026-10-09 07:42:08,543 INFO o.a.j.t.JMeterThread: Thread is done: Agent search 2-149
2026-10-09 07:42:08,543 INFO o.a.j.t.JMeterThread: Thread finished: Agent search 2-149
2026-10-09 07:42:14,151 INFO o.a.j.t.JMeterThread: Thread started: Agent search 2-150
2026-10-09 07:42:14,379 INFO o.a.j.t.JMeterThread: Thread is done: Agent search 2-150
2026-10-09 07:42:14,379 INFO o.a.j.t.JMeterThread: Thread finished: Agent search 2-150
2026-10-09 07:42:14,459 INFO o.a.j.t.JMeterThread: Thread started: Agent search 2-151
2026-10-09 07:42:14,687 INFO o.a.j.t.JMeterThread: Thread is done: Agent search 2-151
2026-10-09 07:42:14,687 INFO o.a.j.t.JMeterThread: Thread finished: Agent search 2-151
2026-10-09 07:42:16,677 INFO o.a.j.t.JMeterThread: Thread started: Agent search 2-152
2026-10-09 07:42:16,939 INFO o.a.j.t.JMeterThread: Thread is done: Agent search 2-152
2026-10-09 07:42:16,939 INFO o.a.j.t.JMeterThread: Thread finished: Agent search 2-152
2026-10-09 07:42:19,660 INFO o.a.j.t.JMeterThread: Thread started: Agent search 2-153
2026-10-09 07:42:19,806 INFO o.a.j.t.JMeterThread: Thread is done: Agent search 2-153
2026-10-09 07:42:19,806 INFO o.a.j.t.JMeterThread: Thread finished: Agent search 2-153
2026-10-09 07:42:23,786 INFO o.a.j.t.JMeterThread: Thread started: Agent search 2-154
2026-10-09 07:42:24,004 INFO o.a.j.t.JMeterThread: Thread is done: Agent search 2-154
2026-10-09 07:42:24,004 INFO o.a.j.t.JMeterThread: Thread finished: Agent search 2-154
2026-10-09 07:42:25,069 INFO o.a.j.t.JMeterThread: Thread started: Agent search 2-155
2026-10-09 07:42:25,171 INFO o.a.j.t.JMeterThread: Thread is done: Agent search 2-155
2026-10-09 07:42:25,171 INFO o.a.j.t.JMeterThread: Thread finished: Agent search 2-155
2026-10-09 07:42:25,916 INFO o.a.j.t.JMeterThread: Thread started: Ticket intake 1-42
2026-10-09 07:42:33,349 INFO o.a.j.t.JMeterThread: Thread started: Agent search 2-156
2026-10-09 07:42:33,629 INFO o.a.j.r.Summariser: summary +     10 in 00:00:30 =    0.3/s Avg:  1448 Min:   100 Max: 12646 Err:     0 (0.00%) Active: 2 Started: 198 Finished: 196
2026-10-09 07:42:33,629 INFO o.a.j.r.Summariser: summary =    197 in 00:11:55 =    0.3/s Avg:  4447 Min:    74 Max: 40195 Err:     0 (0.00%)
2026-10-09 07:42:33,629 INFO o.a.j.t.JMeterThread: Thread is done: Agent search 2-156
2026-10-09 07:42:33,629 INFO o.a.j.t.JMeterThread: Thread finished: Agent search 2-156
2026-10-09 07:42:33,750 INFO o.a.j.t.JMeterThread: Thread started: Agent search 2-157
2026-10-09 07:42:34,039 INFO o.a.j.t.JMeterThread: Thread is done: Agent search 2-157
2026-10-09 07:42:34,039 INFO o.a.j.t.JMeterThread: Thread finished: Agent search 2-157
2026-10-09 07:42:35,741 INFO o.a.j.t.JMeterThread: Thread started: Agent search 2-158
2026-10-09 07:42:36,086 INFO o.a.j.t.JMeterThread: Thread is done: Agent search 2-158
2026-10-09 07:42:36,086 INFO o.a.j.t.JMeterThread: Thread finished: Agent search 2-158
2026-10-09 07:42:38,748 INFO o.a.j.t.JMeterThread: Thread is done: Ticket intake 1-42
2026-10-09 07:42:38,748 INFO o.a.j.t.JMeterThread: Thread finished: Ticket intake 1-42
2026-10-09 07:42:40,487 INFO o.a.j.t.JMeterThread: Thread started: Ticket intake 1-43
2026-10-09 07:42:42,262 INFO o.a.j.t.JMeterThread: Thread started: Agent search 2-159
2026-10-09 07:42:42,435 INFO o.a.j.t.JMeterThread: Thread is done: Agent search 2-159
2026-10-09 07:42:42,435 INFO o.a.j.t.JMeterThread: Thread finished: Agent search 2-159
2026-10-09 07:42:43,118 INFO o.a.j.t.JMeterThread: Thread started: Agent search 2-160
2026-10-09 07:42:43,253 INFO o.a.j.t.JMeterThread: Thread is done: Agent search 2-160
2026-10-09 07:42:43,253 INFO o.a.j.t.JMeterThread: Thread finished: Agent search 2-160
2026-10-09 07:42:44,661 INFO o.a.j.t.JMeterThread: Thread started: Agent search 2-161
2026-10-09 07:42:44,821 INFO o.a.j.t.JMeterThread: Thread started: Agent search 2-162
2026-10-09 07:42:44,843 INFO o.a.j.t.JMeterThread: Thread is done: Agent search 2-161
2026-10-09 07:42:44,843 INFO o.a.j.t.JMeterThread: Thread finished: Agent search 2-161
2026-10-09 07:42:44,995 INFO o.a.j.t.JMeterThread: Thread is done: Agent search 2-162
2026-10-09 07:42:44,995 INFO o.a.j.t.JMeterThread: Thread finished: Agent search 2-162
2026-10-09 07:42:54,520 INFO o.a.j.t.JMeterThread: Thread is done: Ticket intake 1-43
2026-10-09 07:42:54,520 INFO o.a.j.t.JMeterThread: Thread finished: Ticket intake 1-43
2026-10-09 07:42:55,353 INFO o.a.j.t.JMeterThread: Thread started: Agent search 2-163
2026-10-09 07:42:55,451 INFO o.a.j.t.JMeterThread: Thread is done: Agent search 2-163
2026-10-09 07:42:55,451 INFO o.a.j.t.JMeterThread: Thread finished: Agent search 2-163
2026-10-09 07:42:58,967 INFO o.a.j.t.JMeterThread: Thread started: Agent search 2-164
2026-10-09 07:42:59,228 INFO o.a.j.t.JMeterThread: Thread is done: Agent search 2-164
2026-10-09 07:42:59,228 INFO o.a.j.t.JMeterThread: Thread finished: Agent search 2-164
2026-10-09 07:43:04,986 INFO o.a.j.t.JMeterThread: Thread started: Agent search 2-165
2026-10-09 07:43:05,475 INFO o.a.j.r.Summariser: summary +     11 in 00:00:32 =    0.3/s Avg:  2636 Min:    97 Max: 14033 Err:     0 (0.00%) Active: 1 Started: 208 Finished: 207
2026-10-09 07:43:05,476 INFO o.a.j.r.Summariser: summary =    208 in 00:12:27 =    0.3/s Avg:  4351 Min:    74 Max: 40195 Err:     0 (0.00%)
2026-10-09 07:43:05,476 INFO o.a.j.t.JMeterThread: Thread is done: Agent search 2-165
2026-10-09 07:43:05,476 INFO o.a.j.t.JMeterThread: Thread finished: Agent search 2-165
2026-10-09 07:43:08,880 INFO o.a.j.t.JMeterThread: Thread started: Agent search 2-166
2026-10-09 07:43:09,058 INFO o.a.j.t.JMeterThread: Thread is done: Agent search 2-166
2026-10-09 07:43:09,058 INFO o.a.j.t.JMeterThread: Thread finished: Agent search 2-166
2026-10-09 07:43:12,777 INFO o.a.j.t.JMeterThread: Thread started: Agent search 2-167
2026-10-09 07:43:12,950 INFO o.a.j.t.JMeterThread: Thread is done: Agent search 2-167
2026-10-09 07:43:12,950 INFO o.a.j.t.JMeterThread: Thread finished: Agent search 2-167
2026-10-09 07:43:17,361 INFO o.a.j.t.JMeterThread: Thread started: Agent search 2-168
2026-10-09 07:43:17,558 INFO o.a.j.t.JMeterThread: Thread is done: Agent search 2-168
2026-10-09 07:43:17,558 INFO o.a.j.t.JMeterThread: Thread finished: Agent search 2-168
2026-10-09 07:43:22,662 INFO o.a.j.t.JMeterThread: Thread started: Agent search 2-169
2026-10-09 07:43:22,715 INFO o.a.j.t.JMeterThread: Thread started: Agent search 2-170
2026-10-09 07:43:22,769 INFO o.a.j.t.JMeterThread: Thread is done: Agent search 2-169
2026-10-09 07:43:22,769 INFO o.a.j.t.JMeterThread: Thread finished: Agent search 2-169
2026-10-09 07:43:22,785 INFO o.a.j.t.JMeterThread: Thread is done: Agent search 2-170
2026-10-09 07:43:22,786 INFO o.a.j.t.JMeterThread: Thread finished: Agent search 2-170
2026-10-09 07:43:23,475 INFO o.a.j.t.JMeterThread: Thread started: Agent search 2-171
2026-10-09 07:43:23,701 INFO o.a.j.t.JMeterThread: Thread is done: Agent search 2-171
2026-10-09 07:43:23,701 INFO o.a.j.t.JMeterThread: Thread finished: Agent search 2-171
2026-10-09 07:43:26,120 INFO o.a.j.t.JMeterThread: Thread started: Agent search 2-172
2026-10-09 07:43:26,366 INFO o.a.j.t.JMeterThread: Thread is done: Agent search 2-172
2026-10-09 07:43:26,366 INFO o.a.j.t.JMeterThread: Thread finished: Agent search 2-172
2026-10-09 07:43:27,604 INFO o.a.j.t.JMeterThread: Thread started: Agent search 2-173
2026-10-09 07:43:27,796 INFO o.a.j.t.JMeterThread: Thread is done: Agent search 2-173
2026-10-09 07:43:27,796 INFO o.a.j.t.JMeterThread: Thread finished: Agent search 2-173
2026-10-09 07:43:29,493 INFO o.a.j.t.JMeterThread: Thread started: Ticket intake 1-44
2026-10-09 07:43:31,745 INFO o.a.j.t.JMeterThread: Thread started: Agent search 2-174
2026-10-09 07:43:31,995 INFO o.a.j.r.Summariser: summary +      9 in 00:00:27 =    0.3/s Avg:   180 Min:    69 Max:   249 Err:     0 (0.00%) Active: 2 Started: 218 Finished: 216
2026-10-09 07:43:31,995 INFO o.a.j.r.Summariser: summary =    217 in 00:12:54 =    0.3/s Avg:  4178 Min:    69 Max: 40195 Err:     0 (0.00%)
2026-10-09 07:43:31,995 INFO o.a.j.t.JMeterThread: Thread is done: Agent search 2-174
2026-10-09 07:43:31,996 INFO o.a.j.t.JMeterThread: Thread finished: Agent search 2-174
2026-10-09 07:43:33,958 INFO o.a.j.t.JMeterThread: Thread started: Agent search 2-175
2026-10-09 07:43:34,248 INFO o.a.j.t.JMeterThread: Thread is done: Agent search 2-175
2026-10-09 07:43:34,248 INFO o.a.j.t.JMeterThread: Thread finished: Agent search 2-175
2026-10-09 07:43:36,339 INFO o.a.j.t.JMeterThread: Thread started: Ticket intake 1-45
2026-10-09 07:43:41,330 INFO o.a.j.t.JMeterThread: Thread started: Agent search 2-176
2026-10-09 07:43:41,518 INFO o.a.j.t.JMeterThread: Thread is done: Agent search 2-176
2026-10-09 07:43:41,518 INFO o.a.j.t.JMeterThread: Thread finished: Agent search 2-176
2026-10-09 07:43:42,989 INFO o.a.j.t.JMeterThread: Thread started: Ticket intake 1-46
2026-10-09 07:43:44,385 INFO o.a.j.t.JMeterThread: Thread is done: Ticket intake 1-44
2026-10-09 07:43:44,385 INFO o.a.j.t.JMeterThread: Thread finished: Ticket intake 1-44
2026-10-09 07:43:44,734 INFO o.a.j.t.JMeterThread: Thread started: Agent search 2-177
2026-10-09 07:43:44,999 INFO o.a.j.t.JMeterThread: Thread is done: Agent search 2-177
2026-10-09 07:43:44,999 INFO o.a.j.t.JMeterThread: Thread finished: Agent search 2-177
2026-10-09 07:43:51,669 INFO o.a.j.t.JMeterThread: Thread is done: Ticket intake 1-45
2026-10-09 07:43:51,669 INFO o.a.j.t.JMeterThread: Thread finished: Ticket intake 1-45
2026-10-09 07:43:57,640 INFO o.a.j.t.JMeterThread: Thread started: Agent search 2-178
2026-10-09 07:43:57,902 INFO o.a.j.t.JMeterThread: Thread is done: Agent search 2-178
2026-10-09 07:43:57,902 INFO o.a.j.t.JMeterThread: Thread finished: Agent search 2-178
2026-10-09 07:43:59,491 INFO o.a.j.t.JMeterThread: Thread started: Agent search 2-179
2026-10-09 07:43:59,744 INFO o.a.j.t.JMeterThread: Thread is done: Agent search 2-179
2026-10-09 07:43:59,744 INFO o.a.j.t.JMeterThread: Thread finished: Agent search 2-179
2026-10-09 07:44:01,898 INFO o.a.j.r.Summariser: summary +      8 in 00:00:30 =    0.3/s Avg:  6297 Min:   187 Max: 18909 Err:     0 (0.00%) Active: 1 Started: 225 Finished: 224
2026-10-09 07:44:01,898 INFO o.a.j.r.Summariser: summary =    225 in 00:13:24 =    0.3/s Avg:  4254 Min:    69 Max: 40195 Err:     0 (0.00%)
2026-10-09 07:44:01,898 INFO o.a.j.t.JMeterThread: Thread is done: Ticket intake 1-46
2026-10-09 07:44:01,898 INFO o.a.j.t.JMeterThread: Thread finished: Ticket intake 1-46
2026-10-09 07:44:09,093 INFO o.a.j.t.JMeterThread: Thread started: Agent search 2-180
2026-10-09 07:44:09,267 INFO o.a.j.t.JMeterThread: Thread is done: Agent search 2-180
2026-10-09 07:44:09,267 INFO o.a.j.t.JMeterThread: Thread finished: Agent search 2-180
2026-10-09 07:44:10,253 INFO o.a.j.t.JMeterThread: Thread started: Agent search 2-181
2026-10-09 07:44:10,497 INFO o.a.j.t.JMeterThread: Thread is done: Agent search 2-181
2026-10-09 07:44:10,497 INFO o.a.j.t.JMeterThread: Thread finished: Agent search 2-181
2026-10-09 07:44:14,581 INFO o.a.j.t.JMeterThread: Thread started: Agent search 2-182
2026-10-09 07:44:14,805 INFO o.a.j.t.JMeterThread: Thread is done: Agent search 2-182
2026-10-09 07:44:14,805 INFO o.a.j.t.JMeterThread: Thread finished: Agent search 2-182
2026-10-09 07:44:20,520 INFO o.a.j.t.JMeterThread: Thread started: Agent search 2-183
2026-10-09 07:44:20,636 INFO o.a.j.t.JMeterThread: Thread is done: Agent search 2-183
2026-10-09 07:44:20,636 INFO o.a.j.t.JMeterThread: Thread finished: Agent search 2-183
2026-10-09 07:44:28,402 INFO o.a.j.t.JMeterThread: Thread started: Agent search 2-184
2026-10-09 07:44:28,620 INFO o.a.j.t.JMeterThread: Thread is done: Agent search 2-184
2026-10-09 07:44:28,620 INFO o.a.j.t.JMeterThread: Thread finished: Agent search 2-184
2026-10-09 07:44:29,885 INFO o.a.j.t.JMeterThread: Thread started: Agent search 2-185
2026-10-09 07:44:30,156 INFO o.a.j.r.Summariser: summary +      6 in 00:00:28 =    0.2/s Avg:   206 Min:   114 Max:   270 Err:     0 (0.00%) Active: 1 Started: 231 Finished: 230
2026-10-09 07:44:30,156 INFO o.a.j.r.Summariser: summary =    231 in 00:13:52 =    0.3/s Avg:  4149 Min:    69 Max: 40195 Err:     0 (0.00%)
2026-10-09 07:44:30,156 INFO o.a.j.t.JMeterThread: Thread is done: Agent search 2-185
2026-10-09 07:44:30,156 INFO o.a.j.t.JMeterThread: Thread finished: Agent search 2-185
2026-10-09 07:44:33,612 INFO o.a.j.t.JMeterThread: Thread started: Ticket intake 1-47
2026-10-09 07:44:33,861 INFO o.a.j.t.JMeterThread: Thread started: Agent search 2-186
2026-10-09 07:44:34,049 INFO o.a.j.t.JMeterThread: Thread is done: Agent search 2-186
2026-10-09 07:44:34,049 INFO o.a.j.t.JMeterThread: Thread finished: Agent search 2-186
2026-10-09 07:44:34,738 INFO o.a.j.t.JMeterThread: Thread started: Agent search 2-187
2026-10-09 07:44:34,970 INFO o.a.j.t.JMeterThread: Thread is done: Agent search 2-187
2026-10-09 07:44:34,970 INFO o.a.j.t.JMeterThread: Thread finished: Agent search 2-187
2026-10-09 07:44:37,730 INFO o.a.j.t.JMeterThread: Thread started: Agent search 2-188
2026-10-09 07:44:37,991 INFO o.a.j.t.JMeterThread: Thread is done: Agent search 2-188
2026-10-09 07:44:37,991 INFO o.a.j.t.JMeterThread: Thread finished: Agent search 2-188
2026-10-09 07:44:39,981 INFO o.a.j.t.JMeterThread: Thread started: Ticket intake 1-48
2026-10-09 07:44:42,694 INFO o.a.j.t.JMeterThread: Thread started: Agent search 2-189
2026-10-09 07:44:42,955 INFO o.a.j.t.JMeterThread: Thread is done: Agent search 2-189
2026-10-09 07:44:42,955 INFO o.a.j.t.JMeterThread: Thread finished: Agent search 2-189
2026-10-09 07:44:44,932 INFO o.a.j.t.JMeterThread: Thread started: Agent search 2-190
2026-10-09 07:44:45,058 INFO o.a.j.t.JMeterThread: Thread is done: Agent search 2-190
2026-10-09 07:44:45,058 INFO o.a.j.t.JMeterThread: Thread finished: Agent search 2-190
2026-10-09 07:44:45,666 INFO o.a.j.t.JMeterThread: Thread started: Agent search 2-191
2026-10-09 07:44:45,926 INFO o.a.j.t.JMeterThread: Thread is done: Agent search 2-191
2026-10-09 07:44:45,926 INFO o.a.j.t.JMeterThread: Thread finished: Agent search 2-191
2026-10-09 07:44:46,950 INFO o.a.j.t.JMeterThread: Thread is done: Ticket intake 1-47
2026-10-09 07:44:46,950 INFO o.a.j.t.JMeterThread: Thread finished: Ticket intake 1-47
2026-10-09 07:44:49,613 INFO o.a.j.t.JMeterThread: Thread started: Agent search 2-192
2026-10-09 07:44:49,816 INFO o.a.j.t.JMeterThread: Thread is done: Agent search 2-192
2026-10-09 07:44:49,816 INFO o.a.j.t.JMeterThread: Thread finished: Agent search 2-192
2026-10-09 07:44:54,014 INFO o.a.j.t.JMeterThread: Thread is done: Ticket intake 1-48
2026-10-09 07:44:54,014 INFO o.a.j.t.JMeterThread: Thread finished: Ticket intake 1-48
2026-10-09 07:44:57,080 INFO o.a.j.t.JMeterThread: Thread started: Agent search 2-193
2026-10-09 07:44:57,189 INFO o.a.j.t.JMeterThread: Thread is done: Agent search 2-193
2026-10-09 07:44:57,189 INFO o.a.j.t.JMeterThread: Thread finished: Agent search 2-193
2026-10-09 07:44:58,113 INFO o.a.j.t.JMeterThread: Thread started: Ticket intake 1-49
2026-10-09 07:44:58,539 INFO o.a.j.t.JMeterThread: Thread started: Agent search 2-194
2026-10-09 07:44:58,725 INFO o.a.j.t.JMeterThread: Thread is done: Agent search 2-194
2026-10-09 07:44:58,725 INFO o.a.j.t.JMeterThread: Thread finished: Agent search 2-194
2026-10-09 07:45:01,723 INFO o.a.j.t.JMeterThread: Thread started: Agent search 2-195
2026-10-09 07:45:01,848 INFO o.a.j.r.Summariser: summary +     12 in 00:00:32 =    0.4/s Avg:  2442 Min:   108 Max: 14033 Err:     0 (0.00%) Active: 2 Started: 244 Finished: 242
2026-10-09 07:45:01,849 INFO o.a.j.r.Summariser: summary =    243 in 00:14:23 =    0.3/s Avg:  4064 Min:    69 Max: 40195 Err:     0 (0.00%)
2026-10-09 07:45:01,849 INFO o.a.j.t.JMeterThread: Thread is done: Agent search 2-195
2026-10-09 07:45:01,849 INFO o.a.j.t.JMeterThread: Thread finished: Agent search 2-195
2026-10-09 07:45:06,183 INFO o.a.j.t.JMeterThread: Thread is done: Ticket intake 1-49
2026-10-09 07:45:06,183 INFO o.a.j.t.JMeterThread: Thread finished: Ticket intake 1-49
2026-10-09 07:45:09,083 INFO o.a.j.t.JMeterThread: Thread started: Agent search 2-196
2026-10-09 07:45:09,241 INFO o.a.j.t.JMeterThread: Thread is done: Agent search 2-196
2026-10-09 07:45:09,241 INFO o.a.j.t.JMeterThread: Thread finished: Agent search 2-196
2026-10-09 07:45:12,273 INFO o.a.j.t.JMeterThread: Thread started: Agent search 2-197
2026-10-09 07:45:12,446 INFO o.a.j.t.JMeterThread: Thread is done: Agent search 2-197
2026-10-09 07:45:12,446 INFO o.a.j.t.JMeterThread: Thread finished: Agent search 2-197
2026-10-09 07:45:16,969 INFO o.a.j.t.JMeterThread: Thread started: Ticket intake 1-50
2026-10-09 07:45:24,803 INFO o.a.j.t.JMeterThread: Thread started: Agent search 2-198
2026-10-09 07:45:24,939 INFO o.a.j.t.JMeterThread: Thread is done: Ticket intake 1-50
2026-10-09 07:45:24,939 INFO o.a.j.t.JMeterThread: Thread finished: Ticket intake 1-50
2026-10-09 07:45:25,041 INFO o.a.j.t.JMeterThread: Thread is done: Agent search 2-198
2026-10-09 07:45:25,041 INFO o.a.j.t.JMeterThread: Thread finished: Agent search 2-198
2026-10-09 07:45:31,352 INFO o.a.j.t.JMeterThread: Thread started: Agent search 2-199
2026-10-09 07:45:31,596 INFO o.a.j.r.Summariser: summary +      6 in 00:00:30 =    0.2/s Avg:  2807 Min:   157 Max:  8069 Err:     0 (0.00%) Active: 1 Started: 249 Finished: 248
2026-10-09 07:45:31,596 INFO o.a.j.r.Summariser: summary =    249 in 00:14:53 =    0.3/s Avg:  4034 Min:    69 Max: 40195 Err:     0 (0.00%)
2026-10-09 07:45:31,596 INFO o.a.j.t.JMeterThread: Thread is done: Agent search 2-199
2026-10-09 07:45:31,596 INFO o.a.j.t.JMeterThread: Thread finished: Agent search 2-199
2026-10-09 07:45:31,621 INFO o.a.j.t.JMeterThread: Thread started: Ticket intake 1-51
2026-10-09 07:45:37,500 INFO o.a.j.t.JMeterThread: Thread started: Agent search 2-200
2026-10-09 07:45:37,693 INFO o.a.j.t.JMeterThread: Thread started: Agent search 2-201
2026-10-09 07:45:37,718 INFO o.a.j.t.JMeterThread: Thread is done: Agent search 2-200
2026-10-09 07:45:37,718 INFO o.a.j.t.JMeterThread: Thread finished: Agent search 2-200
2026-10-09 07:45:37,777 INFO o.a.j.t.JMeterThread: Thread is done: Agent search 2-201
2026-10-09 07:45:37,777 INFO o.a.j.t.JMeterThread: Thread finished: Agent search 2-201
2026-10-09 07:45:38,778 INFO o.a.j.t.JMeterThread: Thread started: Agent search 2-202
2026-10-09 07:45:38,975 INFO o.a.j.t.JMeterThread: Thread is done: Agent search 2-202
2026-10-09 07:45:38,975 INFO o.a.j.t.JMeterThread: Thread finished: Agent search 2-202
2026-10-09 07:45:41,099 INFO o.a.j.t.JMeterThread: Thread started: Agent search 2-203
2026-10-09 07:45:41,324 INFO o.a.j.t.JMeterThread: Thread is done: Agent search 2-203
2026-10-09 07:45:41,324 INFO o.a.j.t.JMeterThread: Thread finished: Agent search 2-203
2026-10-09 07:45:43,473 INFO o.a.j.t.JMeterThread: Thread is done: Ticket intake 1-51
2026-10-09 07:45:43,473 INFO o.a.j.t.JMeterThread: Thread finished: Ticket intake 1-51
2026-10-09 07:45:45,157 INFO o.a.j.t.JMeterThread: Thread started: Agent search 2-204
2026-10-09 07:45:45,317 INFO o.a.j.t.JMeterThread: Thread is done: Agent search 2-204
2026-10-09 07:45:45,317 INFO o.a.j.t.JMeterThread: Thread finished: Agent search 2-204
2026-10-09 07:45:45,781 INFO o.a.j.t.JMeterThread: Thread started: Agent search 2-205
2026-10-09 07:45:46,032 INFO o.a.j.t.JMeterThread: Thread is done: Agent search 2-205
2026-10-09 07:45:46,032 INFO o.a.j.t.JMeterThread: Thread finished: Agent search 2-205
2026-10-09 07:45:49,033 INFO o.a.j.t.JMeterThread: Thread started: Ticket intake 1-52
2026-10-09 07:45:53,108 INFO o.a.j.t.JMeterThread: Thread started: Agent search 2-206
2026-10-09 07:45:53,304 INFO o.a.j.t.JMeterThread: Thread is done: Agent search 2-206
2026-10-09 07:45:53,305 INFO o.a.j.t.JMeterThread: Thread finished: Agent search 2-206
2026-10-09 07:45:53,406 INFO o.a.j.t.JMeterThread: Thread started: Ticket intake 1-53
2026-10-09 07:45:54,450 INFO o.a.j.t.JMeterThread: Thread started: Agent search 2-207
2026-10-09 07:45:54,634 INFO o.a.j.t.JMeterThread: Thread is done: Agent search 2-207
2026-10-09 07:45:54,634 INFO o.a.j.t.JMeterThread: Thread finished: Agent search 2-207
2026-10-09 07:45:55,079 INFO o.a.j.t.JMeterThread: Thread started: Agent search 2-208
2026-10-09 07:45:55,164 INFO o.a.j.t.JMeterThread: Thread started: Agent search 2-209
2026-10-09 07:45:55,212 INFO o.a.j.t.JMeterThread: Thread is done: Agent search 2-208
2026-10-09 07:45:55,212 INFO o.a.j.t.JMeterThread: Thread finished: Agent search 2-208
2026-10-09 07:45:55,351 INFO o.a.j.t.JMeterThread: Thread is done: Agent search 2-209
2026-10-09 07:45:55,351 INFO o.a.j.t.JMeterThread: Thread finished: Agent search 2-209
2026-10-09 07:45:59,043 INFO o.a.j.t.JMeterThread: Thread started: Agent search 2-210
2026-10-09 07:45:59,245 INFO o.a.j.t.JMeterThread: Thread is done: Agent search 2-210
2026-10-09 07:45:59,245 INFO o.a.j.t.JMeterThread: Thread finished: Agent search 2-210
2026-10-09 07:45:59,245 INFO o.a.j.t.JMeterThread: Thread is done: Ticket intake 1-52
2026-10-09 07:45:59,245 INFO o.a.j.t.JMeterThread: Thread finished: Ticket intake 1-52
2026-10-09 07:46:03,398 INFO o.a.j.t.JMeterThread: Thread started: Agent search 2-211
2026-10-09 07:46:03,644 INFO o.a.j.r.Summariser: summary +     14 in 00:00:32 =    0.4/s Avg:  1738 Min:    83 Max: 11852 Err:     0 (0.00%) Active: 2 Started: 264 Finished: 262
2026-10-09 07:46:03,644 INFO o.a.j.r.Summariser: summary =    263 in 00:15:25 =    0.3/s Avg:  3912 Min:    69 Max: 40195 Err:     0 (0.00%)
2026-10-09 07:46:03,644 INFO o.a.j.t.JMeterThread: Thread is done: Agent search 2-211
2026-10-09 07:46:03,644 INFO o.a.j.t.JMeterThread: Thread finished: Agent search 2-211
2026-10-09 07:46:04,383 INFO o.a.j.t.JMeterThread: Thread started: Ticket intake 1-54
2026-10-09 07:46:05,156 INFO o.a.j.t.JMeterThread: Thread started: Ticket intake 1-55
2026-10-09 07:46:06,922 INFO o.a.j.t.JMeterThread: Thread is done: Ticket intake 1-53
2026-10-09 07:46:06,922 INFO o.a.j.t.JMeterThread: Thread finished: Ticket intake 1-53
2026-10-09 07:46:07,288 INFO o.a.j.t.JMeterThread: Thread started: Agent search 2-212
2026-10-09 07:46:07,535 INFO o.a.j.t.JMeterThread: Thread is done: Agent search 2-212
2026-10-09 07:46:07,535 INFO o.a.j.t.JMeterThread: Thread finished: Agent search 2-212
2026-10-09 07:46:19,327 INFO o.a.j.t.JMeterThread: Thread is done: Ticket intake 1-54
2026-10-09 07:46:19,327 INFO o.a.j.t.JMeterThread: Thread finished: Ticket intake 1-54
2026-10-09 07:46:21,078 INFO o.a.j.t.JMeterThread: Thread started: Agent search 2-213
2026-10-09 07:46:21,256 INFO o.a.j.t.JMeterThread: Thread is done: Agent search 2-213
2026-10-09 07:46:21,256 INFO o.a.j.t.JMeterThread: Thread finished: Agent search 2-213
2026-10-09 07:46:25,014 INFO o.a.j.t.JMeterThread: Thread started: Agent search 2-214
2026-10-09 07:46:25,250 INFO o.a.j.t.JMeterThread: Thread is done: Agent search 2-214
2026-10-09 07:46:25,250 INFO o.a.j.t.JMeterThread: Thread finished: Agent search 2-214
2026-10-09 07:46:26,443 INFO o.a.j.t.JMeterThread: Thread started: Ticket intake 1-56
2026-10-09 07:46:27,810 INFO o.a.j.t.JMeterThread: Thread is done: Ticket intake 1-55
2026-10-09 07:46:27,810 INFO o.a.j.t.JMeterThread: Thread finished: Ticket intake 1-55
2026-10-09 07:46:29,085 INFO o.a.j.t.JMeterThread: Thread started: Agent search 2-215
2026-10-09 07:46:29,347 INFO o.a.j.t.JMeterThread: Thread is done: Agent search 2-215
2026-10-09 07:46:29,347 INFO o.a.j.t.JMeterThread: Thread finished: Agent search 2-215
2026-10-09 07:46:32,666 INFO o.a.j.t.JMeterThread: Thread started: Agent search 2-216
2026-10-09 07:46:32,906 INFO o.a.j.r.Summariser: summary +      8 in 00:00:29 =    0.3/s Avg:  6533 Min:   178 Max: 22654 Err:     0 (0.00%) Active: 2 Started: 272 Finished: 270
2026-10-09 07:46:32,906 INFO o.a.j.r.Summariser: summary =    271 in 00:15:55 =    0.3/s Avg:  3989 Min:    69 Max: 40195 Err:     0 (0.00%)
2026-10-09 07:46:32,906 INFO o.a.j.t.JMeterThread: Thread is done: Agent search 2-216
2026-10-09 07:46:32,906 INFO o.a.j.t.JMeterThread: Thread finished: Agent search 2-216
2026-10-09 07:46:38,150 INFO o.a.j.t.JMeterThread: Thread started: Agent search 2-217
2026-10-09 07:46:38,356 INFO o.a.j.t.JMeterThread: Thread is done: Agent search 2-217
2026-10-09 07:46:38,356 INFO o.a.j.t.JMeterThread: Thread finished: Agent search 2-217
2026-10-09 07:46:38,560 INFO o.a.j.t.JMeterThread: Thread is done: Ticket intake 1-56
2026-10-09 07:46:38,561 INFO o.a.j.t.JMeterThread: Thread finished: Ticket intake 1-56
2026-10-09 07:46:38,582 INFO o.a.j.t.JMeterThread: Thread started: Ticket intake 1-57
2026-10-09 07:46:40,147 INFO o.a.j.t.JMeterThread: Thread started: Agent search 2-218
2026-10-09 07:46:40,451 INFO o.a.j.t.JMeterThread: Thread is done: Agent search 2-218
2026-10-09 07:46:40,451 INFO o.a.j.t.JMeterThread: Thread finished: Agent search 2-218
2026-10-09 07:46:42,479 INFO o.a.j.t.JMeterThread: Thread started: Agent search 2-219
2026-10-09 07:46:42,658 INFO o.a.j.t.JMeterThread: Thread is done: Agent search 2-219
2026-10-09 07:46:42,658 INFO o.a.j.t.JMeterThread: Thread finished: Agent search 2-219
2026-10-09 07:46:45,107 INFO o.a.j.t.JMeterThread: Thread started: Agent search 2-220
2026-10-09 07:46:45,218 INFO o.a.j.t.JMeterThread: Thread is done: Agent search 2-220
2026-10-09 07:46:45,218 INFO o.a.j.t.JMeterThread: Thread finished: Agent search 2-220
2026-10-09 07:46:47,471 INFO o.a.j.t.JMeterThread: Thread is done: Ticket intake 1-57
2026-10-09 07:46:47,471 INFO o.a.j.t.JMeterThread: Thread finished: Ticket intake 1-57
2026-10-09 07:46:51,523 INFO o.a.j.t.JMeterThread: Thread started: Agent search 2-221
2026-10-09 07:46:51,771 INFO o.a.j.t.JMeterThread: Thread is done: Agent search 2-221
2026-10-09 07:46:51,771 INFO o.a.j.t.JMeterThread: Thread finished: Agent search 2-221
2026-10-09 07:46:51,801 INFO o.a.j.t.JMeterThread: Thread started: Agent search 2-222
2026-10-09 07:46:51,977 INFO o.a.j.t.JMeterThread: Thread is done: Agent search 2-222
2026-10-09 07:46:51,977 INFO o.a.j.t.JMeterThread: Thread finished: Agent search 2-222
2026-10-09 07:46:52,085 INFO o.a.j.t.JMeterThread: Thread started: Agent search 2-223
2026-10-09 07:46:52,191 INFO o.a.j.t.JMeterThread: Thread is done: Agent search 2-223
2026-10-09 07:46:52,191 INFO o.a.j.t.JMeterThread: Thread finished: Agent search 2-223
2026-10-09 07:46:54,714 INFO o.a.j.t.JMeterThread: Thread started: Agent search 2-224
2026-10-09 07:46:54,946 INFO o.a.j.t.JMeterThread: Thread is done: Agent search 2-224
2026-10-09 07:46:54,946 INFO o.a.j.t.JMeterThread: Thread finished: Agent search 2-224
2026-10-09 07:47:02,502 INFO o.a.j.t.JMeterThread: Thread started: Agent search 2-225
2026-10-09 07:47:02,831 INFO o.a.j.r.Summariser: summary +     11 in 00:00:30 =    0.4/s Avg:  2080 Min:   105 Max: 12118 Err:     0 (0.00%) Active: 1 Started: 282 Finished: 281
2026-10-09 07:47:02,831 INFO o.a.j.r.Summariser: summary =    282 in 00:16:24 =    0.3/s Avg:  3915 Min:    69 Max: 40195 Err:     0 (0.00%)
2026-10-09 07:47:02,832 INFO o.a.j.t.JMeterThread: Thread is done: Agent search 2-225
2026-10-09 07:47:02,832 INFO o.a.j.t.JMeterThread: Thread finished: Agent search 2-225
2026-10-09 07:47:06,275 INFO o.a.j.t.JMeterThread: Thread started: Agent search 2-226
2026-10-09 07:47:06,516 INFO o.a.j.t.JMeterThread: Thread is done: Agent search 2-226
2026-10-09 07:47:06,519 INFO o.a.j.t.JMeterThread: Thread finished: Agent search 2-226
2026-10-09 07:47:10,619 INFO o.a.j.t.JMeterThread: Thread started: Agent search 2-227
2026-10-09 07:47:10,818 INFO o.a.j.t.JMeterThread: Thread is done: Agent search 2-227
2026-10-09 07:47:10,818 INFO o.a.j.t.JMeterThread: Thread finished: Agent search 2-227
2026-10-09 07:47:21,954 INFO o.a.j.t.JMeterThread: Thread started: Agent search 2-228
2026-10-09 07:47:22,162 INFO o.a.j.t.JMeterThread: Thread is done: Agent search 2-228
2026-10-09 07:47:22,162 INFO o.a.j.t.JMeterThread: Thread finished: Agent search 2-228
2026-10-09 07:47:38,666 INFO o.a.j.t.JMeterThread: Thread started: Agent search 2-229
2026-10-09 07:47:38,773 INFO o.a.j.t.JMeterThread: Thread is done: Agent search 2-229
2026-10-09 07:47:38,773 INFO o.a.j.t.JMeterThread: Thread finished: Agent search 2-229
2026-10-09 07:47:43,726 INFO o.a.j.t.JMeterThread: Thread started: Agent search 2-230
2026-10-09 07:47:44,095 INFO o.a.j.t.JMeterThread: Thread is done: Agent search 2-230
2026-10-09 07:47:44,095 INFO o.a.j.t.JMeterThread: Thread finished: Agent search 2-230
2026-10-09 07:47:44,798 INFO o.a.j.t.JMeterThread: Thread started: Ticket intake 1-58
2026-10-09 07:47:48,251 INFO o.a.j.t.JMeterThread: Thread started: Agent search 2-231
2026-10-09 07:47:48,499 INFO o.a.j.t.JMeterThread: Thread is done: Agent search 2-231
2026-10-09 07:47:48,499 INFO o.a.j.t.JMeterThread: Thread finished: Agent search 2-231
2026-10-09 07:47:48,552 INFO o.a.j.t.JMeterThread: Thread started: Agent search 2-232
2026-10-09 07:47:48,703 INFO o.a.j.t.JMeterThread: Thread is done: Agent search 2-232
2026-10-09 07:47:48,703 INFO o.a.j.t.JMeterThread: Thread finished: Agent search 2-232
2026-10-09 07:47:51,775 INFO o.a.j.t.JMeterThread: Thread is done: Ticket intake 1-58
2026-10-09 07:47:51,775 INFO o.a.j.t.JMeterThread: Thread finished: Ticket intake 1-58
2026-10-09 07:47:58,144 INFO o.a.j.t.JMeterThread: Thread started: Agent search 2-233
2026-10-09 07:47:58,329 INFO o.a.j.t.JMeterThread: Thread is done: Agent search 2-233
2026-10-09 07:47:58,329 INFO o.a.j.t.JMeterThread: Thread finished: Agent search 2-233
2026-10-09 07:47:59,782 INFO o.a.j.t.JMeterThread: Thread started: Agent search 2-234
2026-10-09 07:47:59,967 INFO o.a.j.t.JMeterThread: Thread is done: Agent search 2-234
2026-10-09 07:47:59,967 INFO o.a.j.t.JMeterThread: Thread finished: Agent search 2-234
2026-10-09 07:48:08,556 INFO o.a.j.t.JMeterThread: Thread started: Agent search 2-235
2026-10-09 07:48:08,774 INFO o.a.j.t.JMeterThread: Thread is done: Agent search 2-235
2026-10-09 07:48:08,774 INFO o.a.j.t.JMeterThread: Thread finished: Agent search 2-235
2026-10-09 07:48:10,318 INFO o.a.j.t.JMeterThread: Thread started: Agent search 2-236
2026-10-09 07:48:10,515 INFO o.a.j.t.JMeterThread: Thread is done: Agent search 2-236
2026-10-09 07:48:10,515 INFO o.a.j.t.JMeterThread: Thread finished: Agent search 2-236
2026-10-09 07:48:10,576 INFO o.a.j.t.JMeterThread: Thread started: Agent search 2-237
2026-10-09 07:48:10,822 INFO o.a.j.t.JMeterThread: Thread is done: Agent search 2-237
2026-10-09 07:48:10,822 INFO o.a.j.t.JMeterThread: Thread finished: Agent search 2-237
2026-10-09 07:48:13,313 INFO o.a.j.t.JMeterThread: Thread started: Agent search 2-238
2026-10-09 07:48:13,485 INFO o.a.j.t.JMeterThread: Thread is done: Agent search 2-238
2026-10-09 07:48:13,485 INFO o.a.j.t.JMeterThread: Thread finished: Agent search 2-238
2026-10-09 07:48:18,341 INFO o.a.j.t.JMeterThread: Thread started: Ticket intake 1-59
2026-10-09 07:48:18,412 INFO o.a.j.t.JMeterThread: Thread started: Agent search 2-239
2026-10-09 07:48:18,493 INFO o.a.j.t.JMeterThread: Thread is done: Agent search 2-239
2026-10-09 07:48:18,493 INFO o.a.j.t.JMeterThread: Thread finished: Agent search 2-239
2026-10-09 07:48:20,291 INFO o.a.j.t.JMeterThread: Thread started: Agent search 2-240
2026-10-09 07:48:20,550 INFO o.a.j.t.JMeterThread: Thread is done: Agent search 2-240
2026-10-09 07:48:20,550 INFO o.a.j.t.JMeterThread: Thread finished: Agent search 2-240
2026-10-09 07:48:22,605 INFO o.a.j.t.JMeterThread: Thread started: Ticket intake 1-60
2026-10-09 07:48:25,431 INFO o.a.j.t.JMeterThread: Thread started: Agent search 2-241
2026-10-09 07:48:25,671 INFO o.a.j.t.JMeterThread: Thread is done: Agent search 2-241
2026-10-09 07:48:25,671 INFO o.a.j.t.JMeterThread: Thread finished: Agent search 2-241
2026-10-09 07:48:30,724 INFO o.a.j.t.JMeterThread: Thread started: Agent search 2-242
2026-10-09 07:48:30,826 INFO o.a.j.t.JMeterThread: Thread started: Agent search 2-243
2026-10-09 07:48:30,840 INFO o.a.j.r.Summariser: summary +     18 in 00:01:28 =    0.2/s Avg:   576 Min:    80 Max:  6977 Err:     0 (0.00%) Active: 4 Started: 303 Finished: 299
2026-10-09 07:48:30,841 INFO o.a.j.r.Summariser: summary =    300 in 00:17:52 =    0.3/s Avg:  3714 Min:    69 Max: 40195 Err:     0 (0.00%)
2026-10-09 07:48:30,841 INFO o.a.j.t.JMeterThread: Thread is done: Agent search 2-242
2026-10-09 07:48:30,841 INFO o.a.j.t.JMeterThread: Thread finished: Agent search 2-242
2026-10-09 07:48:31,097 INFO o.a.j.t.JMeterThread: Thread is done: Agent search 2-243
2026-10-09 07:48:31,097 INFO o.a.j.t.JMeterThread: Thread finished: Agent search 2-243
2026-10-09 07:48:31,108 INFO o.a.j.t.JMeterThread: Thread is done: Ticket intake 1-59
2026-10-09 07:48:31,108 INFO o.a.j.t.JMeterThread: Thread finished: Ticket intake 1-59
2026-10-09 07:48:33,844 INFO o.a.j.t.JMeterThread: Thread started: Ticket intake 1-61
2026-10-09 07:48:35,340 INFO o.a.j.t.JMeterThread: Thread started: Ticket intake 1-62
2026-10-09 07:48:41,131 INFO o.a.j.t.JMeterThread: Thread is done: Ticket intake 1-60
2026-10-09 07:48:41,131 INFO o.a.j.t.JMeterThread: Thread finished: Ticket intake 1-60
2026-10-09 07:48:41,596 INFO o.a.j.t.JMeterThread: Thread started: Agent search 2-244
2026-10-09 07:48:41,696 INFO o.a.j.t.JMeterThread: Thread is done: Agent search 2-244
2026-10-09 07:48:41,696 INFO o.a.j.t.JMeterThread: Thread finished: Agent search 2-244
2026-10-09 07:48:43,696 INFO o.a.j.t.JMeterThread: Thread started: Ticket intake 1-63
2026-10-09 07:48:44,555 INFO o.a.j.t.JMeterThread: Thread started: Ticket intake 1-64
2026-10-09 07:48:48,896 INFO o.a.j.t.JMeterThread: Thread started: Agent search 2-245
2026-10-09 07:48:48,964 INFO o.a.j.t.JMeterThread: Thread started: Agent search 2-246
2026-10-09 07:48:48,972 INFO o.a.j.t.JMeterThread: Thread is done: Ticket intake 1-61
2026-10-09 07:48:48,972 INFO o.a.j.t.JMeterThread: Thread finished: Ticket intake 1-61
2026-10-09 07:48:49,033 INFO o.a.j.t.JMeterThread: Thread is done: Agent search 2-245
2026-10-09 07:48:49,033 INFO o.a.j.t.JMeterThread: Thread finished: Agent search 2-245
2026-10-09 07:48:49,050 INFO o.a.j.t.JMeterThread: Thread is done: Agent search 2-246
2026-10-09 07:48:49,050 INFO o.a.j.t.JMeterThread: Thread finished: Agent search 2-246
2026-10-09 07:48:53,181 INFO o.a.j.t.JMeterThread: Thread started: Agent search 2-247
2026-10-09 07:48:53,419 INFO o.a.j.t.JMeterThread: Thread is done: Agent search 2-247
2026-10-09 07:48:53,419 INFO o.a.j.t.JMeterThread: Thread finished: Agent search 2-247
2026-10-09 07:49:00,894 INFO o.a.j.r.Summariser: summary +      9 in 00:00:30 =    0.3/s Avg:  8088 Min:    85 Max: 25554 Err:     0 (0.00%) Active: 3 Started: 311 Finished: 308
2026-10-09 07:49:00,895 INFO o.a.j.r.Summariser: summary =    309 in 00:18:23 =    0.3/s Avg:  3842 Min:    69 Max: 40195 Err:     0 (0.00%)
2026-10-09 07:49:00,895 INFO o.a.j.t.JMeterThread: Thread is done: Ticket intake 1-62
2026-10-09 07:49:00,895 INFO o.a.j.t.JMeterThread: Thread finished: Ticket intake 1-62
2026-10-09 07:49:09,058 INFO o.a.j.t.JMeterThread: Thread is done: Ticket intake 1-63
2026-10-09 07:49:09,058 INFO o.a.j.t.JMeterThread: Thread finished: Ticket intake 1-63
2026-10-09 07:49:12,680 INFO o.a.j.t.JMeterThread: Thread started: Agent search 2-248
2026-10-09 07:49:13,079 INFO o.a.j.t.JMeterThread: Thread is done: Agent search 2-248
2026-10-09 07:49:13,080 INFO o.a.j.t.JMeterThread: Thread finished: Agent search 2-248
2026-10-09 07:49:16,665 INFO o.a.j.t.JMeterThread: Thread is done: Ticket intake 1-64
2026-10-09 07:49:16,665 INFO o.a.j.t.JMeterThread: Thread finished: Ticket intake 1-64
2026-10-09 07:49:16,865 INFO o.a.j.t.JMeterThread: Thread started: Agent search 2-249
2026-10-09 07:49:16,972 INFO o.a.j.t.JMeterThread: Thread is done: Agent search 2-249
2026-10-09 07:49:16,972 INFO o.a.j.t.JMeterThread: Thread finished: Agent search 2-249
2026-10-09 07:49:17,004 INFO o.a.j.t.JMeterThread: Thread started: Agent search 2-250
2026-10-09 07:49:17,177 INFO o.a.j.t.JMeterThread: Thread is done: Agent search 2-250
2026-10-09 07:49:17,177 INFO o.a.j.t.JMeterThread: Thread finished: Agent search 2-250
2026-10-09 07:49:18,948 INFO o.a.j.t.JMeterThread: Thread started: Agent search 2-251
2026-10-09 07:49:19,174 INFO o.a.j.t.JMeterThread: Thread is done: Agent search 2-251
2026-10-09 07:49:19,174 INFO o.a.j.t.JMeterThread: Thread finished: Agent search 2-251
2026-10-09 07:49:26,180 INFO o.a.j.t.JMeterThread: Thread started: Agent search 2-252
2026-10-09 07:49:26,296 INFO o.a.j.t.JMeterThread: Thread is done: Agent search 2-252
2026-10-09 07:49:26,296 INFO o.a.j.t.JMeterThread: Thread finished: Agent search 2-252
2026-10-09 07:49:26,494 INFO o.a.j.t.JMeterThread: Thread started: Agent search 2-253
2026-10-09 07:49:26,801 INFO o.a.j.t.JMeterThread: Thread is done: Agent search 2-253
2026-10-09 07:49:26,801 INFO o.a.j.t.JMeterThread: Thread finished: Agent search 2-253
2026-10-09 07:49:32,528 INFO o.a.j.t.JMeterThread: Thread started: Agent search 2-254
2026-10-09 07:49:32,740 INFO o.a.j.r.Summariser: summary +      9 in 00:00:32 =    0.3/s Avg:  6555 Min:   105 Max: 32111 Err:     0 (0.00%) Active: 1 Started: 318 Finished: 317
2026-10-09 07:49:32,740 INFO o.a.j.r.Summariser: summary =    318 in 00:18:54 =    0.3/s Avg:  3919 Min:    69 Max: 40195 Err:     0 (0.00%)
2026-10-09 07:49:32,740 INFO o.a.j.t.JMeterThread: Thread is done: Agent search 2-254
2026-10-09 07:49:32,740 INFO o.a.j.t.JMeterThread: Thread finished: Agent search 2-254
2026-10-09 07:49:38,106 INFO o.a.j.t.JMeterThread: Thread started: Agent search 2-255
2026-10-09 07:49:38,270 INFO o.a.j.t.JMeterThread: Thread is done: Agent search 2-255
2026-10-09 07:49:38,270 INFO o.a.j.t.JMeterThread: Thread finished: Agent search 2-255
2026-10-09 07:49:39,103 INFO o.a.j.t.JMeterThread: Thread started: Agent search 2-256
2026-10-09 07:49:39,293 INFO o.a.j.t.JMeterThread: Thread is done: Agent search 2-256
2026-10-09 07:49:39,293 INFO o.a.j.t.JMeterThread: Thread finished: Agent search 2-256
2026-10-09 07:49:53,183 INFO o.a.j.t.JMeterThread: Thread started: Agent search 2-257
2026-10-09 07:49:53,526 INFO o.a.j.t.JMeterThread: Thread is done: Agent search 2-257
2026-10-09 07:49:53,526 INFO o.a.j.t.JMeterThread: Thread finished: Agent search 2-257
2026-10-09 07:49:55,110 INFO o.a.j.t.JMeterThread: Thread started: Agent search 2-258
2026-10-09 07:49:55,231 INFO o.a.j.t.JMeterThread: Thread is done: Agent search 2-258
2026-10-09 07:49:55,231 INFO o.a.j.t.JMeterThread: Thread finished: Agent search 2-258
2026-10-09 07:49:58,050 INFO o.a.j.t.JMeterThread: Thread started: Agent search 2-259
2026-10-09 07:49:58,193 INFO o.a.j.t.JMeterThread: Thread is done: Agent search 2-259
2026-10-09 07:49:58,193 INFO o.a.j.t.JMeterThread: Thread finished: Agent search 2-259
2026-10-09 07:49:59,792 INFO o.a.j.t.JMeterThread: Thread started: Agent search 2-260
2026-10-09 07:50:00,080 INFO o.a.j.r.Summariser: summary +      6 in 00:00:27 =    0.2/s Avg:   207 Min:   120 Max:   343 Err:     0 (0.00%) Active: 1 Started: 324 Finished: 323
2026-10-09 07:50:00,080 INFO o.a.j.r.Summariser: summary =    324 in 00:19:22 =    0.3/s Avg:  3850 Min:    69 Max: 40195 Err:     0 (0.00%)
2026-10-09 07:50:00,080 INFO o.a.j.t.JMeterThread: Thread is done: Agent search 2-260
2026-10-09 07:50:00,080 INFO o.a.j.t.JMeterThread: Thread finished: Agent search 2-260
2026-10-09 07:50:00,673 INFO o.a.j.t.JMeterThread: Thread started: Ticket intake 1-65
2026-10-09 07:50:03,264 INFO o.a.j.t.JMeterThread: Thread started: Agent search 2-261
2026-10-09 07:50:03,461 INFO o.a.j.t.JMeterThread: Thread is done: Agent search 2-261
2026-10-09 07:50:03,461 INFO o.a.j.t.JMeterThread: Thread finished: Agent search 2-261
2026-10-09 07:50:04,081 INFO o.a.j.t.JMeterThread: Thread started: Agent search 2-262
2026-10-09 07:50:04,232 INFO o.a.j.t.JMeterThread: Thread is done: Agent search 2-262
2026-10-09 07:50:04,232 INFO o.a.j.t.JMeterThread: Thread finished: Agent search 2-262
2026-10-09 07:50:05,257 INFO o.a.j.t.JMeterThread: Thread started: Agent search 2-263
2026-10-09 07:50:05,499 INFO o.a.j.t.JMeterThread: Thread is done: Agent search 2-263
2026-10-09 07:50:05,499 INFO o.a.j.t.JMeterThread: Thread finished: Agent search 2-263
2026-10-09 07:50:08,287 INFO o.a.j.t.JMeterThread: Thread started: Agent search 2-264
2026-10-09 07:50:08,478 INFO o.a.j.t.JMeterThread: Thread is done: Agent search 2-264
2026-10-09 07:50:08,478 INFO o.a.j.t.JMeterThread: Thread finished: Agent search 2-264
2026-10-09 07:50:10,192 INFO o.a.j.t.JMeterThread: Thread started: Agent search 2-265
2026-10-09 07:50:10,422 INFO o.a.j.t.JMeterThread: Thread is done: Agent search 2-265
2026-10-09 07:50:10,422 INFO o.a.j.t.JMeterThread: Thread finished: Agent search 2-265
2026-10-09 07:50:12,032 INFO o.a.j.t.JMeterThread: Thread started: Agent search 2-266
2026-10-09 07:50:12,168 INFO o.a.j.t.JMeterThread: Thread is done: Agent search 2-266
2026-10-09 07:50:12,168 INFO o.a.j.t.JMeterThread: Thread is done: Ticket intake 1-65
2026-10-09 07:50:12,168 INFO o.a.j.t.JMeterThread: Thread finished: Agent search 2-266
2026-10-09 07:50:12,168 INFO o.a.j.t.JMeterThread: Thread finished: Ticket intake 1-65
2026-10-09 07:50:15,374 INFO o.a.j.t.JMeterThread: Thread started: Ticket intake 1-66
2026-10-09 07:50:19,952 INFO o.a.j.t.JMeterThread: Thread started: Agent search 2-267
2026-10-09 07:50:20,150 INFO o.a.j.t.JMeterThread: Thread is done: Agent search 2-267
2026-10-09 07:50:20,150 INFO o.a.j.t.JMeterThread: Thread finished: Agent search 2-267
2026-10-09 07:50:23,991 INFO o.a.j.t.JMeterThread: Thread is done: Ticket intake 1-66
2026-10-09 07:50:23,991 INFO o.a.j.t.JMeterThread: Thread finished: Ticket intake 1-66
2026-10-09 07:50:27,117 INFO o.a.j.t.JMeterThread: Thread started: Agent search 2-268
2026-10-09 07:50:27,318 INFO o.a.j.t.JMeterThread: Thread is done: Agent search 2-268
2026-10-09 07:50:27,318 INFO o.a.j.t.JMeterThread: Thread finished: Agent search 2-268
2026-10-09 07:50:28,724 INFO o.a.j.t.JMeterThread: Thread started: Agent search 2-269
2026-10-09 07:50:29,060 INFO o.a.j.t.JMeterThread: Thread is done: Agent search 2-269
2026-10-09 07:50:29,060 INFO o.a.j.t.JMeterThread: Thread finished: Agent search 2-269
2026-10-09 07:50:30,365 INFO o.a.j.t.JMeterThread: Thread started: Agent search 2-270
2026-10-09 07:50:30,595 INFO o.a.j.r.Summariser: summary +     12 in 00:00:31 =    0.4/s Avg:  1850 Min:   134 Max: 11493 Err:     0 (0.00%) Active: 1 Started: 336 Finished: 335
2026-10-09 07:50:30,595 INFO o.a.j.r.Summariser: summary =    336 in 00:19:52 =    0.3/s Avg:  3778 Min:    69 Max: 40195 Err:     0 (0.00%)
2026-10-09 07:50:30,596 INFO o.a.j.t.JMeterThread: Thread is done: Agent search 2-270
2026-10-09 07:50:30,596 INFO o.a.j.t.JMeterThread: Thread finished: Agent search 2-270
2026-10-09 07:50:33,774 INFO o.a.j.t.JMeterThread: Thread started: Agent search 2-271
2026-10-09 07:50:34,076 INFO o.a.j.t.JMeterThread: Thread is done: Agent search 2-271
2026-10-09 07:50:34,076 INFO o.a.j.t.JMeterThread: Thread finished: Agent search 2-271
2026-10-09 07:50:38,036 INFO o.a.j.t.JMeterThread: Thread started: Ticket intake 1-67
2026-10-09 07:50:43,526 INFO o.a.j.t.JMeterThread: Thread started: Agent search 2-272
2026-10-09 07:50:43,804 INFO o.a.j.t.JMeterThread: Thread is done: Agent search 2-272
2026-10-09 07:50:43,804 INFO o.a.j.t.JMeterThread: Thread finished: Agent search 2-272
2026-10-09 07:50:44,458 INFO o.a.j.t.JMeterThread: Thread started: Agent search 2-273
2026-10-09 07:50:44,681 INFO o.a.j.t.JMeterThread: Thread is done: Agent search 2-273
2026-10-09 07:50:44,681 INFO o.a.j.t.JMeterThread: Thread finished: Agent search 2-273
2026-10-09 07:50:45,064 INFO o.a.j.t.JMeterThread: Thread started: Agent search 2-274
2026-10-09 07:50:45,239 INFO o.a.j.t.JMeterThread: Thread is done: Agent search 2-274
2026-10-09 07:50:45,239 INFO o.a.j.t.JMeterThread: Thread finished: Agent search 2-274
2026-10-09 07:50:46,118 INFO o.a.j.t.JMeterThread: Thread is done: Ticket intake 1-67
2026-10-09 07:50:46,119 INFO o.a.j.t.JMeterThread: Thread finished: Ticket intake 1-67
2026-10-09 07:50:46,351 INFO o.a.j.t.JMeterThread: Thread started: Agent search 2-275
2026-10-09 07:50:46,439 INFO o.a.j.t.JMeterThread: Thread is done: Agent search 2-275
2026-10-09 07:50:46,439 INFO o.a.j.t.JMeterThread: Thread finished: Agent search 2-275
2026-10-09 07:50:46,595 INFO o.a.j.t.JMeterThread: Thread started: Agent search 2-276
2026-10-09 07:50:46,684 INFO o.a.j.t.JMeterThread: Thread is done: Agent search 2-276
2026-10-09 07:50:46,684 INFO o.a.j.t.JMeterThread: Thread finished: Agent search 2-276
2026-10-09 07:50:59,440 INFO o.a.j.t.JMeterThread: Thread started: Agent search 2-277
2026-10-09 07:50:59,675 INFO o.a.j.t.JMeterThread: Thread is done: Agent search 2-277
2026-10-09 07:50:59,675 INFO o.a.j.t.JMeterThread: Thread finished: Agent search 2-277
2026-10-09 07:51:02,032 INFO o.a.j.t.JMeterThread: Thread started: Agent search 2-278
2026-10-09 07:51:02,300 INFO o.a.j.r.Summariser: summary +      9 in 00:00:32 =    0.3/s Avg:  1080 Min:    87 Max:  8081 Err:     0 (0.00%) Active: 1 Started: 345 Finished: 344
2026-10-09 07:51:02,300 INFO o.a.j.r.Summariser: summary =    345 in 00:20:24 =    0.3/s Avg:  3708 Min:    69 Max: 40195 Err:     0 (0.00%)
2026-10-09 07:51:02,300 INFO o.a.j.t.JMeterThread: Thread is done: Agent search 2-278
2026-10-09 07:51:02,300 INFO o.a.j.t.JMeterThread: Thread finished: Agent search 2-278
2026-10-09 07:51:05,709 INFO o.a.j.t.JMeterThread: Thread started: Agent search 2-279
2026-10-09 07:51:05,924 INFO o.a.j.t.JMeterThread: Thread is done: Agent search 2-279
2026-10-09 07:51:05,924 INFO o.a.j.t.JMeterThread: Thread finished: Agent search 2-279
2026-10-09 07:51:07,793 INFO o.a.j.t.JMeterThread: Thread started: Agent search 2-280
2026-10-09 07:51:07,970 INFO o.a.j.t.JMeterThread: Thread is done: Agent search 2-280
2026-10-09 07:51:07,970 INFO o.a.j.t.JMeterThread: Thread finished: Agent search 2-280
2026-10-09 07:51:09,858 INFO o.a.j.t.JMeterThread: Thread started: Agent search 2-281
2026-10-09 07:51:10,095 INFO o.a.j.t.JMeterThread: Thread is done: Agent search 2-281
2026-10-09 07:51:10,095 INFO o.a.j.t.JMeterThread: Thread finished: Agent search 2-281
2026-10-09 07:51:12,048 INFO o.a.j.t.JMeterThread: Thread started: Agent search 2-282
2026-10-09 07:51:12,272 INFO o.a.j.t.JMeterThread: Thread is done: Agent search 2-282
2026-10-09 07:51:12,272 INFO o.a.j.t.JMeterThread: Thread finished: Agent search 2-282
2026-10-09 07:51:16,888 INFO o.a.j.t.JMeterThread: Thread started: Agent search 2-283
2026-10-09 07:51:17,083 INFO o.a.j.t.JMeterThread: Thread is done: Agent search 2-283
2026-10-09 07:51:17,083 INFO o.a.j.t.JMeterThread: Thread finished: Agent search 2-283
2026-10-09 07:51:18,409 INFO o.a.j.t.JMeterThread: Thread started: Agent search 2-284
2026-10-09 07:51:18,499 INFO o.a.j.t.JMeterThread: Thread is done: Agent search 2-284
2026-10-09 07:51:18,499 INFO o.a.j.t.JMeterThread: Thread finished: Agent search 2-284
2026-10-09 07:51:33,219 INFO o.a.j.t.JMeterThread: Thread started: Agent search 2-285
2026-10-09 07:51:33,469 INFO o.a.j.r.Summariser: summary +      7 in 00:00:31 =    0.2/s Avg:   197 Min:    89 Max:   248 Err:     0 (0.00%) Active: 1 Started: 352 Finished: 351
2026-10-09 07:51:33,469 INFO o.a.j.r.Summariser: summary =    352 in 00:20:55 =    0.3/s Avg:  3638 Min:    69 Max: 40195 Err:     0 (0.00%)
2026-10-09 07:51:33,469 INFO o.a.j.t.JMeterThread: Thread is done: Agent search 2-285
2026-10-09 07:51:33,469 INFO o.a.j.t.JMeterThread: Thread finished: Agent search 2-285
2026-10-09 07:51:34,216 INFO o.a.j.t.JMeterThread: Thread started: Agent search 2-286
2026-10-09 07:51:34,390 INFO o.a.j.t.JMeterThread: Thread is done: Agent search 2-286
2026-10-09 07:51:34,390 INFO o.a.j.t.JMeterThread: Thread finished: Agent search 2-286
2026-10-09 07:51:36,736 INFO o.a.j.t.JMeterThread: Thread started: Agent search 2-287
2026-10-09 07:51:36,853 INFO o.a.j.t.JMeterThread: Thread started: Agent search 2-288
2026-10-09 07:51:36,949 INFO o.a.j.t.JMeterThread: Thread is done: Agent search 2-287
2026-10-09 07:51:36,949 INFO o.a.j.t.JMeterThread: Thread finished: Agent search 2-287
2026-10-09 07:51:37,051 INFO o.a.j.t.JMeterThread: Thread is done: Agent search 2-288
2026-10-09 07:51:37,051 INFO o.a.j.t.JMeterThread: Thread finished: Agent search 2-288
2026-10-09 07:51:45,279 INFO o.a.j.t.JMeterThread: Thread started: Agent search 2-289
2026-10-09 07:51:45,551 INFO o.a.j.t.JMeterThread: Thread is done: Agent search 2-289
2026-10-09 07:51:45,551 INFO o.a.j.t.JMeterThread: Thread finished: Agent search 2-289
2026-10-09 07:52:00,750 INFO o.a.j.t.JMeterThread: Thread started: Agent search 2-290
2026-10-09 07:52:01,013 INFO o.a.j.r.Summariser: summary +      5 in 00:00:28 =    0.2/s Avg:   222 Min:   174 Max:   270 Err:     0 (0.00%) Active: 1 Started: 357 Finished: 356
2026-10-09 07:52:01,013 INFO o.a.j.r.Summariser: summary =    357 in 00:21:23 =    0.3/s Avg:  3590 Min:    69 Max: 40195 Err:     0 (0.00%)
2026-10-09 07:52:01,013 INFO o.a.j.t.JMeterThread: Thread is done: Agent search 2-290
2026-10-09 07:52:01,013 INFO o.a.j.t.JMeterThread: Thread finished: Agent search 2-290
2026-10-09 07:52:04,903 INFO o.a.j.t.JMeterThread: Thread started: Agent search 2-291
2026-10-09 07:52:05,211 INFO o.a.j.t.JMeterThread: Thread is done: Agent search 2-291
2026-10-09 07:52:05,211 INFO o.a.j.t.JMeterThread: Thread finished: Agent search 2-291
2026-10-09 07:52:05,702 INFO o.a.j.t.JMeterThread: Thread started: Agent search 2-292
2026-10-09 07:52:06,035 INFO o.a.j.t.JMeterThread: Thread is done: Agent search 2-292
2026-10-09 07:52:06,035 INFO o.a.j.t.JMeterThread: Thread finished: Agent search 2-292
2026-10-09 07:52:06,855 INFO o.a.j.t.JMeterThread: Thread started: Agent search 2-293
2026-10-09 07:52:07,055 INFO o.a.j.t.JMeterThread: Thread is done: Agent search 2-293
2026-10-09 07:52:07,055 INFO o.a.j.t.JMeterThread: Thread finished: Agent search 2-293
2026-10-09 07:52:14,043 INFO o.a.j.t.JMeterThread: Thread started: Agent search 2-294
2026-10-09 07:52:14,325 INFO o.a.j.t.JMeterThread: Thread is done: Agent search 2-294
2026-10-09 07:52:14,325 INFO o.a.j.t.JMeterThread: Thread finished: Agent search 2-294
2026-10-09 07:52:15,466 INFO o.a.j.t.JMeterThread: Thread started: Agent search 2-295
2026-10-09 07:52:15,759 INFO o.a.j.t.JMeterThread: Thread is done: Agent search 2-295
2026-10-09 07:52:15,759 INFO o.a.j.t.JMeterThread: Thread finished: Agent search 2-295
2026-10-09 07:52:18,015 INFO o.a.j.t.JMeterThread: Thread started: Ticket intake 1-68
2026-10-09 07:52:25,556 INFO o.a.j.t.JMeterThread: Thread started: Agent search 2-296
2026-10-09 07:52:25,794 INFO o.a.j.t.JMeterThread: Thread is done: Agent search 2-296
2026-10-09 07:52:25,794 INFO o.a.j.t.JMeterThread: Thread finished: Agent search 2-296
2026-10-09 07:52:26,657 INFO o.a.j.t.JMeterThread: Thread started: Agent search 2-297
2026-10-09 07:52:26,667 INFO o.a.j.t.JMeterThread: Thread is done: Ticket intake 1-68
2026-10-09 07:52:26,667 INFO o.a.j.t.JMeterThread: Thread finished: Ticket intake 1-68
2026-10-09 07:52:26,743 INFO o.a.j.t.JMeterThread: Thread is done: Agent search 2-297
2026-10-09 07:52:26,743 INFO o.a.j.t.JMeterThread: Thread finished: Agent search 2-297
2026-10-09 07:52:34,699 INFO o.a.j.t.JMeterThread: Thread started: Agent search 2-298
2026-10-09 07:52:34,865 INFO o.a.j.r.Summariser: summary +      9 in 00:00:34 =    0.3/s Avg:  1172 Min:    85 Max:  8651 Err:     0 (0.00%) Active: 1 Started: 366 Finished: 365
2026-10-09 07:52:34,865 INFO o.a.j.r.Summariser: summary =    366 in 00:21:57 =    0.3/s Avg:  3531 Min:    69 Max: 40195 Err:     0 (0.00%)
2026-10-09 07:52:34,865 INFO o.a.j.t.JMeterThread: Thread is done: Agent search 2-298
2026-10-09 07:52:34,865 INFO o.a.j.t.JMeterThread: Thread finished: Agent search 2-298
2026-10-09 07:52:37,758 INFO o.a.j.t.JMeterThread: Thread started: Agent search 2-299
2026-10-09 07:52:38,081 INFO o.a.j.t.JMeterThread: Thread is done: Agent search 2-299
2026-10-09 07:52:38,081 INFO o.a.j.t.JMeterThread: Thread finished: Agent search 2-299
2026-10-09 07:52:41,398 INFO o.a.j.t.JMeterThread: Thread started: Agent search 2-300
2026-10-09 07:52:41,666 INFO o.a.j.t.JMeterThread: Thread is done: Agent search 2-300
2026-10-09 07:52:41,666 INFO o.a.j.t.JMeterThread: Thread finished: Agent search 2-300
2026-10-09 07:52:55,578 INFO o.a.j.t.JMeterThread: Thread started: Agent search 2-301
2026-10-09 07:52:56,000 INFO o.a.j.t.JMeterThread: Thread is done: Agent search 2-301
2026-10-09 07:52:56,000 INFO o.a.j.t.JMeterThread: Thread finished: Agent search 2-301
2026-10-09 07:52:56,148 INFO o.a.j.t.JMeterThread: Thread started: Agent search 2-302
2026-10-09 07:52:56,411 INFO o.a.j.t.JMeterThread: Thread is done: Agent search 2-302
2026-10-09 07:52:56,411 INFO o.a.j.t.JMeterThread: Thread finished: Agent search 2-302
2026-10-09 07:52:58,840 INFO o.a.j.t.JMeterThread: Thread started: Agent search 2-303
2026-10-09 07:52:59,175 INFO o.a.j.t.JMeterThread: Thread is done: Agent search 2-303
2026-10-09 07:52:59,175 INFO o.a.j.t.JMeterThread: Thread finished: Agent search 2-303
2026-10-09 07:53:02,527 INFO o.a.j.t.JMeterThread: Thread started: Agent search 2-304
2026-10-09 07:53:02,656 INFO o.a.j.r.Summariser: summary +      6 in 00:00:28 =    0.2/s Avg:   288 Min:   128 Max:   419 Err:     0 (0.00%) Active: 1 Started: 372 Finished: 371
2026-10-09 07:53:02,657 INFO o.a.j.r.Summariser: summary =    372 in 00:22:24 =    0.3/s Avg:  3479 Min:    69 Max: 40195 Err:     0 (0.00%)
2026-10-09 07:53:02,657 INFO o.a.j.t.JMeterThread: Thread is done: Agent search 2-304
2026-10-09 07:53:02,657 INFO o.a.j.t.JMeterThread: Thread finished: Agent search 2-304
2026-10-09 07:53:03,117 INFO o.a.j.t.JMeterThread: Thread started: Agent search 2-305
2026-10-09 07:53:03,194 INFO o.a.j.t.JMeterThread: Thread is done: Agent search 2-305
2026-10-09 07:53:03,195 INFO o.a.j.t.JMeterThread: Thread finished: Agent search 2-305
2026-10-09 07:53:07,667 INFO o.a.j.t.JMeterThread: Thread started: Agent search 2-306
2026-10-09 07:53:07,788 INFO o.a.j.t.JMeterThread: Thread is done: Agent search 2-306
2026-10-09 07:53:07,788 INFO o.a.j.t.JMeterThread: Thread finished: Agent search 2-306
2026-10-09 07:53:08,983 INFO o.a.j.t.JMeterThread: Thread started: Agent search 2-307
2026-10-09 07:53:09,100 INFO o.a.j.t.JMeterThread: Thread is done: Agent search 2-307
2026-10-09 07:53:09,101 INFO o.a.j.t.JMeterThread: Thread finished: Agent search 2-307
2026-10-09 07:53:10,638 INFO o.a.j.t.JMeterThread: Thread started: Agent search 2-308
2026-10-09 07:53:10,807 INFO o.a.j.t.JMeterThread: Thread is done: Agent search 2-308
2026-10-09 07:53:10,808 INFO o.a.j.t.JMeterThread: Thread finished: Agent search 2-308
2026-10-09 07:53:12,930 INFO o.a.j.t.JMeterThread: Thread started: Ticket intake 1-69
2026-10-09 07:53:13,489 INFO o.a.j.t.JMeterThread: Thread started: Agent search 2-309
2026-10-09 07:53:13,639 INFO o.a.j.t.JMeterThread: Thread is done: Agent search 2-309
2026-10-09 07:53:13,639 INFO o.a.j.t.JMeterThread: Thread finished: Agent search 2-309
2026-10-09 07:53:13,687 INFO o.a.j.t.JMeterThread: Thread started: Agent search 2-310
2026-10-09 07:53:13,770 INFO o.a.j.t.JMeterThread: Thread is done: Agent search 2-310
2026-10-09 07:53:13,770 INFO o.a.j.t.JMeterThread: Thread finished: Agent search 2-310
2026-10-09 07:53:15,341 INFO o.a.j.t.JMeterThread: Thread started: Agent search 2-311
2026-10-09 07:53:15,431 INFO o.a.j.t.JMeterThread: Thread is done: Agent search 2-311
2026-10-09 07:53:15,431 INFO o.a.j.t.JMeterThread: Thread finished: Agent search 2-311
2026-10-09 07:53:15,549 INFO o.a.j.t.JMeterThread: Thread started: Agent search 2-312
2026-10-09 07:53:15,640 INFO o.a.j.t.JMeterThread: Thread is done: Agent search 2-312
2026-10-09 07:53:15,640 INFO o.a.j.t.JMeterThread: Thread finished: Agent search 2-312
2026-10-09 07:53:20,404 INFO o.a.j.t.JMeterThread: Thread is done: Ticket intake 1-69
2026-10-09 07:53:20,405 INFO o.a.j.t.JMeterThread: Thread finished: Ticket intake 1-69
2026-10-09 07:53:25,206 INFO o.a.j.t.JMeterThread: Thread started: Ticket intake 1-70
2026-10-09 07:53:27,493 INFO o.a.j.t.JMeterThread: Thread started: Agent search 2-313
2026-10-09 07:53:27,615 INFO o.a.j.t.JMeterThread: Thread is done: Agent search 2-313
2026-10-09 07:53:27,615 INFO o.a.j.t.JMeterThread: Thread finished: Agent search 2-313
2026-10-09 07:53:31,284 INFO o.a.j.t.JMeterThread: Thread started: Agent search 2-314
2026-10-09 07:53:31,372 INFO o.a.j.r.Summariser: summary +     11 in 00:00:29 =    0.4/s Avg:   779 Min:    76 Max:  7474 Err:     0 (0.00%) Active: 2 Started: 384 Finished: 382
2026-10-09 07:53:31,372 INFO o.a.j.r.Summariser: summary =    383 in 00:22:53 =    0.3/s Avg:  3401 Min:    69 Max: 40195 Err:     0 (0.00%)
2026-10-09 07:53:31,373 INFO o.a.j.t.JMeterThread: Thread is done: Agent search 2-314
2026-10-09 07:53:31,373 INFO o.a.j.t.JMeterThread: Thread finished: Agent search 2-314
2026-10-09 07:53:35,982 INFO o.a.j.t.JMeterThread: Thread started: Ticket intake 1-71
2026-10-09 07:53:37,928 INFO o.a.j.t.JMeterThread: Thread is done: Ticket intake 1-70
2026-10-09 07:53:37,928 INFO o.a.j.t.JMeterThread: Thread finished: Ticket intake 1-70
2026-10-09 07:53:40,633 INFO o.a.j.t.JMeterThread: Thread started: Agent search 2-315
2026-10-09 07:53:40,769 INFO o.a.j.t.JMeterThread: Thread is done: Agent search 2-315
2026-10-09 07:53:40,769 INFO o.a.j.t.JMeterThread: Thread finished: Agent search 2-315
2026-10-09 07:53:48,961 INFO o.a.j.t.JMeterThread: Thread is done: Ticket intake 1-71
2026-10-09 07:53:48,961 INFO o.a.j.t.JMeterThread: Thread finished: Ticket intake 1-71
2026-10-09 07:53:49,239 INFO o.a.j.t.JMeterThread: Thread started: Agent search 2-316
2026-10-09 07:53:49,358 INFO o.a.j.t.JMeterThread: Thread is done: Agent search 2-316
2026-10-09 07:53:49,358 INFO o.a.j.t.JMeterThread: Thread finished: Agent search 2-316
2026-10-09 07:53:55,774 INFO o.a.j.t.JMeterThread: Thread started: Agent search 2-317
2026-10-09 07:53:55,905 INFO o.a.j.t.JMeterThread: Thread is done: Agent search 2-317
2026-10-09 07:53:55,905 INFO o.a.j.t.JMeterThread: Thread finished: Agent search 2-317
2026-10-09 07:54:01,072 INFO o.a.j.t.JMeterThread: Thread started: Ticket intake 1-72
2026-10-09 07:54:05,075 INFO o.a.j.t.JMeterThread: Thread started: Agent search 2-318
2026-10-09 07:54:05,168 INFO o.a.j.r.Summariser: summary +      6 in 00:00:34 =    0.2/s Avg:  4361 Min:    91 Max: 12977 Err:     0 (0.00%) Active: 2 Started: 390 Finished: 388
2026-10-09 07:54:05,168 INFO o.a.j.r.Summariser: summary =    389 in 00:23:27 =    0.3/s Avg:  3416 Min:    69 Max: 40195 Err:     0 (0.00%)
2026-10-09 07:54:05,169 INFO o.a.j.t.JMeterThread: Thread is done: Agent search 2-318
2026-10-09 07:54:05,169 INFO o.a.j.t.JMeterThread: Thread finished: Agent search 2-318
2026-10-09 07:54:08,138 INFO o.a.j.t.JMeterThread: Thread is done: Ticket intake 1-72
2026-10-09 07:54:08,138 INFO o.a.j.t.JMeterThread: Thread finished: Ticket intake 1-72
2026-10-09 07:54:08,879 INFO o.a.j.t.JMeterThread: Thread started: Agent search 2-319
2026-10-09 07:54:08,971 INFO o.a.j.t.JMeterThread: Thread is done: Agent search 2-319
2026-10-09 07:54:08,971 INFO o.a.j.t.JMeterThread: Thread finished: Agent search 2-319
2026-10-09 07:54:14,354 INFO o.a.j.t.JMeterThread: Thread started: Ticket intake 1-73
2026-10-09 07:54:18,634 INFO o.a.j.t.JMeterThread: Thread started: Agent search 2-320
2026-10-09 07:54:18,757 INFO o.a.j.t.JMeterThread: Thread is done: Agent search 2-320
2026-10-09 07:54:18,758 INFO o.a.j.t.JMeterThread: Thread finished: Agent search 2-320
2026-10-09 07:54:22,327 INFO o.a.j.t.JMeterThread: Thread is done: Ticket intake 1-73
2026-10-09 07:54:22,327 INFO o.a.j.t.JMeterThread: Thread finished: Ticket intake 1-73
2026-10-09 07:54:27,889 INFO o.a.j.t.JMeterThread: Thread started: Agent search 2-321
2026-10-09 07:54:28,060 INFO o.a.j.t.JMeterThread: Thread is done: Agent search 2-321
2026-10-09 07:54:28,060 INFO o.a.j.t.JMeterThread: Thread finished: Agent search 2-321
2026-10-09 07:54:28,564 INFO o.a.j.t.JMeterThread: Thread started: Ticket intake 1-74
2026-10-09 07:54:33,174 INFO o.a.j.t.JMeterThread: Thread started: Agent search 2-322
2026-10-09 07:54:33,204 INFO o.a.j.t.JMeterThread: Thread started: Agent search 2-323
2026-10-09 07:54:33,270 INFO o.a.j.r.Summariser: summary +      6 in 00:00:28 =    0.2/s Avg:  2585 Min:    90 Max:  7973 Err:     0 (0.00%) Active: 3 Started: 397 Finished: 394
2026-10-09 07:54:33,271 INFO o.a.j.r.Summariser: summary =    395 in 00:23:55 =    0.3/s Avg:  3403 Min:    69 Max: 40195 Err:     0 (0.00%)
2026-10-09 07:54:33,271 INFO o.a.j.t.JMeterThread: Thread is done: Agent search 2-322
2026-10-09 07:54:33,271 INFO o.a.j.t.JMeterThread: Thread finished: Agent search 2-322
2026-10-09 07:54:33,308 INFO o.a.j.t.JMeterThread: Thread is done: Agent search 2-323
2026-10-09 07:54:33,308 INFO o.a.j.t.JMeterThread: Thread finished: Agent search 2-323
2026-10-09 07:54:38,346 INFO o.a.j.t.JMeterThread: Thread is done: Ticket intake 1-74
2026-10-09 07:54:38,346 INFO o.a.j.t.JMeterThread: Thread finished: Ticket intake 1-74
2026-10-09 07:54:45,150 INFO o.a.j.t.JMeterThread: Thread started: Agent search 2-324
2026-10-09 07:54:45,269 INFO o.a.j.t.JMeterThread: Thread is done: Agent search 2-324
2026-10-09 07:54:45,282 INFO o.a.j.t.JMeterThread: Thread finished: Agent search 2-324
2026-10-09 07:54:51,396 INFO o.a.j.t.JMeterThread: Thread started: Agent search 2-325
2026-10-09 07:54:51,497 INFO o.a.j.t.JMeterThread: Thread is done: Agent search 2-325
2026-10-09 07:54:51,497 INFO o.a.j.t.JMeterThread: Thread finished: Agent search 2-325
2026-10-09 07:54:58,112 INFO o.a.j.t.JMeterThread: Thread started: Agent search 2-326
2026-10-09 07:54:58,222 INFO o.a.j.t.JMeterThread: Thread is done: Agent search 2-326
2026-10-09 07:54:58,222 INFO o.a.j.t.JMeterThread: Thread finished: Agent search 2-326
2026-10-09 07:55:00,740 INFO o.a.j.t.JMeterThread: Thread started: Ticket intake 1-75
2026-10-09 07:55:04,112 INFO o.a.j.t.JMeterThread: Thread started: Ticket intake 1-76
2026-10-09 07:55:04,446 INFO o.a.j.t.JMeterThread: Thread started: Ticket intake 1-77
2026-10-09 07:55:04,795 INFO o.a.j.t.JMeterThread: Thread started: Ticket intake 1-78
2026-10-09 07:55:05,382 INFO o.a.j.t.JMeterThread: Thread started: Agent search 2-327
2026-10-09 07:55:05,637 INFO o.a.j.r.Summariser: summary +      6 in 00:00:32 =    0.2/s Avg:  1743 Min:   100 Max:  9781 Err:     0 (0.00%) Active: 5 Started: 405 Finished: 400
2026-10-09 07:55:05,637 INFO o.a.j.r.Summariser: summary =    401 in 00:24:27 =    0.3/s Avg:  3378 Min:    69 Max: 40195 Err:     0 (0.00%)
2026-10-09 07:55:05,637 INFO o.a.j.t.JMeterThread: Thread is done: Agent search 2-327
2026-10-09 07:55:05,637 INFO o.a.j.t.JMeterThread: Thread finished: Agent search 2-327
2026-10-09 07:55:05,714 INFO o.a.j.t.JMeterThread: Thread started: Agent search 2-328
2026-10-09 07:55:05,945 INFO o.a.j.t.JMeterThread: Thread is done: Agent search 2-328
2026-10-09 07:55:05,945 INFO o.a.j.t.JMeterThread: Thread finished: Agent search 2-328
2026-10-09 07:55:07,808 INFO o.a.j.t.JMeterThread: Thread started: Agent search 2-329
2026-10-09 07:55:07,991 INFO o.a.j.t.JMeterThread: Thread is done: Agent search 2-329
2026-10-09 07:55:07,991 INFO o.a.j.t.JMeterThread: Thread finished: Agent search 2-329
2026-10-09 07:55:10,867 INFO o.a.j.t.JMeterThread: Thread is done: Ticket intake 1-75
2026-10-09 07:55:10,867 INFO o.a.j.t.JMeterThread: Thread finished: Ticket intake 1-75
2026-10-09 07:55:13,269 INFO o.a.j.t.JMeterThread: Thread started: Agent search 2-330
2026-10-09 07:55:13,418 INFO o.a.j.t.JMeterThread: Thread is done: Agent search 2-330
2026-10-09 07:55:13,419 INFO o.a.j.t.JMeterThread: Thread finished: Agent search 2-330
2026-10-09 07:55:15,835 INFO o.a.j.t.JMeterThread: Thread started: Agent search 2-331
2026-10-09 07:55:16,081 INFO o.a.j.t.JMeterThread: Thread is done: Agent search 2-331
2026-10-09 07:55:16,081 INFO o.a.j.t.JMeterThread: Thread finished: Agent search 2-331
2026-10-09 07:55:18,341 INFO o.a.j.t.JMeterThread: Thread is done: Ticket intake 1-76
2026-10-09 07:55:18,341 INFO o.a.j.t.JMeterThread: Thread finished: Ticket intake 1-76
2026-10-09 07:55:19,318 INFO o.a.j.t.JMeterThread: Thread started: Ticket intake 1-79
2026-10-09 07:55:21,956 INFO o.a.j.t.JMeterThread: Thread started: Ticket intake 1-80
2026-10-09 07:55:24,884 INFO o.a.j.t.JMeterThread: Thread started: Agent search 2-332
2026-10-09 07:55:25,093 INFO o.a.j.t.JMeterThread: Thread is done: Agent search 2-332
2026-10-09 07:55:25,093 INFO o.a.j.t.JMeterThread: Thread finished: Agent search 2-332
2026-10-09 07:55:27,188 INFO o.a.j.t.JMeterThread: Thread is done: Ticket intake 1-77
2026-10-09 07:55:27,188 INFO o.a.j.t.JMeterThread: Thread finished: Ticket intake 1-77
2026-10-09 07:55:29,040 INFO o.a.j.t.JMeterThread: Thread started: Agent search 2-333
2026-10-09 07:55:29,496 INFO o.a.j.t.JMeterThread: Thread is done: Agent search 2-333
2026-10-09 07:55:29,496 INFO o.a.j.t.JMeterThread: Thread finished: Agent search 2-333
2026-10-09 07:55:29,515 INFO o.a.j.t.JMeterThread: Thread started: Agent search 2-334
2026-10-09 07:55:29,701 INFO o.a.j.t.JMeterThread: Thread is done: Agent search 2-334
2026-10-09 07:55:29,701 INFO o.a.j.t.JMeterThread: Thread finished: Agent search 2-334
2026-10-09 07:55:31,236 INFO o.a.j.t.JMeterThread: Thread started: Agent search 2-335
2026-10-09 07:55:31,361 INFO o.a.j.r.Summariser: summary +     11 in 00:00:26 =    0.4/s Avg:  4443 Min:   123 Max: 22742 Err:     0 (0.00%) Active: 4 Started: 415 Finished: 411
2026-10-09 07:55:31,362 INFO o.a.j.r.Summariser: summary =    412 in 00:24:53 =    0.3/s Avg:  3407 Min:    69 Max: 40195 Err:     0 (0.00%)
2026-10-09 07:55:31,362 INFO o.a.j.t.JMeterThread: Thread is done: Agent search 2-335
2026-10-09 07:55:31,362 INFO o.a.j.t.JMeterThread: Thread finished: Agent search 2-335
2026-10-09 07:55:32,166 INFO o.a.j.t.JMeterThread: Thread started: Agent search 2-336
2026-10-09 07:55:32,281 INFO o.a.j.t.JMeterThread: Thread is done: Agent search 2-336
2026-10-09 07:55:32,281 INFO o.a.j.t.JMeterThread: Thread finished: Agent search 2-336
2026-10-09 07:55:36,757 INFO o.a.j.t.JMeterThread: Thread started: Agent search 2-337
2026-10-09 07:55:36,971 INFO o.a.j.t.JMeterThread: Thread is done: Agent search 2-337
2026-10-09 07:55:36,971 INFO o.a.j.t.JMeterThread: Thread finished: Agent search 2-337
2026-10-09 07:55:39,279 INFO o.a.j.t.JMeterThread: Thread started: Agent search 2-338
2026-10-09 07:55:39,511 INFO o.a.j.t.JMeterThread: Thread is done: Agent search 2-338
2026-10-09 07:55:39,511 INFO o.a.j.t.JMeterThread: Thread finished: Agent search 2-338
2026-10-09 07:55:39,837 INFO o.a.j.t.JMeterThread: Thread is done: Ticket intake 1-78
2026-10-09 07:55:39,837 INFO o.a.j.t.JMeterThread: Thread finished: Ticket intake 1-78
2026-10-09 07:55:41,345 INFO o.a.j.t.JMeterThread: Thread started: Agent search 2-339
2026-10-09 07:55:41,444 INFO o.a.j.t.JMeterThread: Thread is done: Agent search 2-339
2026-10-09 07:55:41,444 INFO o.a.j.t.JMeterThread: Thread finished: Agent search 2-339
2026-10-09 07:55:44,871 INFO o.a.j.t.JMeterThread: Thread started: Agent search 2-340
2026-10-09 07:55:45,059 INFO o.a.j.t.JMeterThread: Thread is done: Agent search 2-340
2026-10-09 07:55:45,059 INFO o.a.j.t.JMeterThread: Thread finished: Agent search 2-340
2026-10-09 07:55:49,359 INFO o.a.j.t.JMeterThread: Thread started: Agent search 2-341
2026-10-09 07:55:49,667 INFO o.a.j.t.JMeterThread: Thread is done: Agent search 2-341
2026-10-09 07:55:49,667 INFO o.a.j.t.JMeterThread: Thread finished: Agent search 2-341
2026-10-09 07:55:51,100 INFO o.a.j.t.JMeterThread: Thread started: Agent search 2-342
2026-10-09 07:55:51,203 INFO o.a.j.t.JMeterThread: Thread started: Agent search 2-343
2026-10-09 07:55:51,307 INFO o.a.j.t.JMeterThread: Thread is done: Agent search 2-342
2026-10-09 07:55:51,307 INFO o.a.j.t.JMeterThread: Thread finished: Agent search 2-342
2026-10-09 07:55:51,410 INFO o.a.j.t.JMeterThread: Thread is done: Agent search 2-343
2026-10-09 07:55:51,410 INFO o.a.j.t.JMeterThread: Thread finished: Agent search 2-343
2026-10-09 07:55:51,921 INFO o.a.j.t.JMeterThread: Thread is done: Ticket intake 1-79
2026-10-09 07:55:51,921 INFO o.a.j.t.JMeterThread: Thread finished: Ticket intake 1-79
2026-10-09 07:55:52,478 INFO o.a.j.t.JMeterThread: Thread started: Ticket intake 1-81
2026-10-09 07:56:00,419 INFO o.a.j.r.Summariser: summary +     11 in 00:00:29 =    0.4/s Avg:  9788 Min:    98 Max: 38463 Err:     0 (0.00%) Active: 2 Started: 424 Finished: 422
2026-10-09 07:56:00,419 INFO o.a.j.r.Summariser: summary =    423 in 00:25:22 =    0.3/s Avg:  3573 Min:    69 Max: 40195 Err:     0 (0.00%)
2026-10-09 07:56:00,419 INFO o.a.j.t.JMeterThread: Thread is done: Ticket intake 1-80
2026-10-09 07:56:00,419 INFO o.a.j.t.JMeterThread: Thread finished: Ticket intake 1-80
2026-10-09 07:56:07,161 INFO o.a.j.t.JMeterThread: Thread started: Agent search 2-344
2026-10-09 07:56:07,384 INFO o.a.j.t.JMeterThread: Thread is done: Agent search 2-344
2026-10-09 07:56:07,384 INFO o.a.j.t.JMeterThread: Thread finished: Agent search 2-344
2026-10-09 07:56:07,451 INFO o.a.j.t.JMeterThread: Thread started: Agent search 2-345
2026-10-09 07:56:07,691 INFO o.a.j.t.JMeterThread: Thread is done: Agent search 2-345
2026-10-09 07:56:07,691 INFO o.a.j.t.JMeterThread: Thread finished: Agent search 2-345
2026-10-09 07:56:10,352 INFO o.a.j.t.JMeterThread: Thread is done: Ticket intake 1-81
2026-10-09 07:56:10,352 INFO o.a.j.t.JMeterThread: Thread finished: Ticket intake 1-81
2026-10-09 07:56:12,743 INFO o.a.j.t.JMeterThread: Thread started: Agent search 2-346
2026-10-09 07:56:12,865 INFO o.a.j.t.JMeterThread: Thread is done: Agent search 2-346
2026-10-09 07:56:12,865 INFO o.a.j.t.JMeterThread: Thread finished: Agent search 2-346
2026-10-09 07:56:16,099 INFO o.a.j.t.JMeterThread: Thread started: Agent search 2-347
2026-10-09 07:56:16,261 INFO o.a.j.t.JMeterThread: Thread is done: Agent search 2-347
2026-10-09 07:56:16,261 INFO o.a.j.t.JMeterThread: Thread finished: Agent search 2-347
2026-10-09 07:56:18,089 INFO o.a.j.t.JMeterThread: Thread started: Agent search 2-348
2026-10-09 07:56:18,340 INFO o.a.j.t.JMeterThread: Thread is done: Agent search 2-348
2026-10-09 07:56:18,340 INFO o.a.j.t.JMeterThread: Thread finished: Agent search 2-348
2026-10-09 07:56:18,884 INFO o.a.j.t.JMeterThread: Thread started: Agent search 2-349
2026-10-09 07:56:19,159 INFO o.a.j.t.JMeterThread: Thread is done: Agent search 2-349
2026-10-09 07:56:19,159 INFO o.a.j.t.JMeterThread: Thread finished: Agent search 2-349
2026-10-09 07:56:21,555 INFO o.a.j.t.JMeterThread: Thread started: Agent search 2-350
2026-10-09 07:56:21,823 INFO o.a.j.t.JMeterThread: Thread is done: Agent search 2-350
2026-10-09 07:56:21,823 INFO o.a.j.t.JMeterThread: Thread finished: Agent search 2-350
2026-10-09 07:56:24,765 INFO o.a.j.t.JMeterThread: Thread started: Ticket intake 1-82
2026-10-09 07:56:25,144 INFO o.a.j.t.JMeterThread: Thread started: Agent search 2-351
2026-10-09 07:56:25,258 INFO o.a.j.t.JMeterThread: Thread is done: Agent search 2-351
2026-10-09 07:56:25,258 INFO o.a.j.t.JMeterThread: Thread finished: Agent search 2-351
2026-10-09 07:56:26,337 INFO o.a.j.t.JMeterThread: Thread started: Agent search 2-352
2026-10-09 07:56:26,531 INFO o.a.j.t.JMeterThread: Thread is done: Agent search 2-352
2026-10-09 07:56:26,532 INFO o.a.j.t.JMeterThread: Thread finished: Agent search 2-352
2026-10-09 07:56:26,925 INFO o.a.j.t.JMeterThread: Thread started: Agent search 2-353
2026-10-09 07:56:27,145 INFO o.a.j.t.JMeterThread: Thread is done: Agent search 2-353
2026-10-09 07:56:27,145 INFO o.a.j.t.JMeterThread: Thread finished: Agent search 2-353
2026-10-09 07:56:30,094 INFO o.a.j.t.JMeterThread: Thread started: Agent search 2-354
2026-10-09 07:56:30,321 INFO o.a.j.r.Summariser: summary +     12 in 00:00:30 =    0.4/s Avg:  1679 Min:   112 Max: 17873 Err:     0 (0.00%) Active: 2 Started: 436 Finished: 434
2026-10-09 07:56:30,321 INFO o.a.j.r.Summariser: summary =    435 in 00:25:52 =    0.3/s Avg:  3521 Min:    69 Max: 40195 Err:     0 (0.00%)
2026-10-09 07:56:30,321 INFO o.a.j.t.JMeterThread: Thread is done: Agent search 2-354
2026-10-09 07:56:30,321 INFO o.a.j.t.JMeterThread: Thread finished: Agent search 2-354
2026-10-09 07:56:35,849 INFO o.a.j.t.JMeterThread: Thread is done: Ticket intake 1-82
2026-10-09 07:56:35,849 INFO o.a.j.t.JMeterThread: Thread finished: Ticket intake 1-82
2026-10-09 07:56:36,435 INFO o.a.j.t.JMeterThread: Thread started: Agent search 2-355
2026-10-09 07:56:36,670 INFO o.a.j.t.JMeterThread: Thread is done: Agent search 2-355
2026-10-09 07:56:36,670 INFO o.a.j.t.JMeterThread: Thread finished: Agent search 2-355
2026-10-09 07:56:40,505 INFO o.a.j.t.JMeterThread: Thread started: Agent search 2-356
2026-10-09 07:56:40,767 INFO o.a.j.t.JMeterThread: Thread is done: Agent search 2-356
2026-10-09 07:56:40,767 INFO o.a.j.t.JMeterThread: Thread finished: Agent search 2-356
2026-10-09 07:56:42,633 INFO o.a.j.t.JMeterThread: Thread started: Ticket intake 1-83
2026-10-09 07:56:44,148 INFO o.a.j.t.JMeterThread: Thread started: Ticket intake 1-84
2026-10-09 07:56:44,676 INFO o.a.j.t.JMeterThread: Thread started: Agent search 2-357
2026-10-09 07:56:44,808 INFO o.a.j.t.JMeterThread: Thread started: Ticket intake 1-85
2026-10-09 07:56:44,816 INFO o.a.j.t.JMeterThread: Thread is done: Agent search 2-357
2026-10-09 07:56:44,816 INFO o.a.j.t.JMeterThread: Thread finished: Agent search 2-357
2026-10-09 07:56:44,866 INFO o.a.j.t.JMeterThread: Thread started: Agent search 2-358
2026-10-09 07:56:44,948 INFO o.a.j.t.JMeterThread: Thread is done: Agent search 2-358
2026-10-09 07:56:44,948 INFO o.a.j.t.JMeterThread: Thread finished: Agent search 2-358
2026-10-09 07:56:45,883 INFO o.a.j.t.JMeterThread: Thread started: Agent search 2-359
2026-10-09 07:56:46,088 INFO o.a.j.t.JMeterThread: Thread is done: Agent search 2-359
2026-10-09 07:56:46,088 INFO o.a.j.t.JMeterThread: Thread finished: Agent search 2-359
2026-10-09 07:56:49,221 INFO o.a.j.t.JMeterThread: Thread started: Ticket intake 1-86
2026-10-09 07:56:49,234 INFO o.a.j.t.JMeterThread: Thread started: Agent search 2-360
2026-10-09 07:56:49,367 INFO o.a.j.t.JMeterThread: Thread is done: Agent search 2-360
2026-10-09 07:56:49,367 INFO o.a.j.t.JMeterThread: Thread finished: Agent search 2-360
2026-10-09 07:56:50,434 INFO o.a.j.t.JMeterThread: Thread started: Agent search 2-361
2026-10-09 07:56:50,698 INFO o.a.j.t.JMeterThread: Thread is done: Agent search 2-361
2026-10-09 07:56:50,698 INFO o.a.j.t.JMeterThread: Thread finished: Agent search 2-361
2026-10-09 07:56:51,378 INFO o.a.j.t.JMeterThread: Thread started: Ticket intake 1-87
2026-10-09 07:56:51,620 INFO o.a.j.t.JMeterThread: Thread is done: Ticket intake 1-83
2026-10-09 07:56:51,620 INFO o.a.j.t.JMeterThread: Thread finished: Ticket intake 1-83
2026-10-09 07:56:52,423 INFO o.a.j.t.JMeterThread: Thread started: Agent search 2-362
2026-10-09 07:56:52,643 INFO o.a.j.t.JMeterThread: Thread is done: Agent search 2-362
2026-10-09 07:56:52,644 INFO o.a.j.t.JMeterThread: Thread finished: Agent search 2-362
2026-10-09 07:56:56,376 INFO o.a.j.t.JMeterThread: Thread started: Agent search 2-363
2026-10-09 07:56:56,698 INFO o.a.j.t.JMeterThread: Thread is done: Agent search 2-363
2026-10-09 07:56:56,699 INFO o.a.j.t.JMeterThread: Thread finished: Agent search 2-363
2026-10-09 07:57:00,362 INFO o.a.j.t.JMeterThread: Thread started: Ticket intake 1-88
2026-10-09 07:57:01,550 INFO o.a.j.r.Summariser: summary +     12 in 00:00:31 =    0.4/s Avg:  3277 Min:    81 Max: 17402 Err:     0 (0.00%) Active: 5 Started: 451 Finished: 446
2026-10-09 07:57:01,551 INFO o.a.j.r.Summariser: summary =    447 in 00:26:23 =    0.3/s Avg:  3514 Min:    69 Max: 40195 Err:     0 (0.00%)
2026-10-09 07:57:01,551 INFO o.a.j.t.JMeterThread: Thread is done: Ticket intake 1-84
2026-10-09 07:57:01,551 INFO o.a.j.t.JMeterThread: Thread finished: Ticket intake 1-84
2026-10-09 07:57:02,849 INFO o.a.j.t.JMeterThread: Thread started: Agent search 2-364
2026-10-09 07:57:03,087 INFO o.a.j.t.JMeterThread: Thread is done: Agent search 2-364
2026-10-09 07:57:03,087 INFO o.a.j.t.JMeterThread: Thread finished: Agent search 2-364
2026-10-09 07:57:05,056 INFO o.a.j.t.JMeterThread: Thread started: Agent search 2-365
2026-10-09 07:57:05,293 INFO o.a.j.t.JMeterThread: Thread is done: Agent search 2-365
2026-10-09 07:57:05,293 INFO o.a.j.t.JMeterThread: Thread finished: Agent search 2-365
2026-10-09 07:57:05,557 INFO o.a.j.t.JMeterThread: Thread started: Ticket intake 1-89
2026-10-09 07:57:07,129 INFO o.a.j.t.JMeterThread: Thread started: Agent search 2-366
2026-10-09 07:57:07,388 INFO o.a.j.t.JMeterThread: Thread is done: Agent search 2-366
2026-10-09 07:57:07,388 INFO o.a.j.t.JMeterThread: Thread finished: Agent search 2-366
2026-10-09 07:57:08,542 INFO o.a.j.t.JMeterThread: Thread started: Agent search 2-367
2026-10-09 07:57:08,719 INFO o.a.j.t.JMeterThread: Thread is done: Agent search 2-367
2026-10-09 07:57:08,719 INFO o.a.j.t.JMeterThread: Thread finished: Agent search 2-367
2026-10-09 07:57:09,846 INFO o.a.j.t.JMeterThread: Thread is done: Ticket intake 1-85
2026-10-09 07:57:09,846 INFO o.a.j.t.JMeterThread: Thread finished: Ticket intake 1-85
2026-10-09 07:57:10,223 INFO o.a.j.t.JMeterThread: Thread started: Agent search 2-368
2026-10-09 07:57:10,460 INFO o.a.j.t.JMeterThread: Thread is done: Agent search 2-368
2026-10-09 07:57:10,461 INFO o.a.j.t.JMeterThread: Thread finished: Agent search 2-368
2026-10-09 07:57:18,154 INFO o.a.j.t.JMeterThread: Thread started: Agent search 2-369
2026-10-09 07:57:18,345 INFO o.a.j.t.JMeterThread: Thread is done: Agent search 2-369
2026-10-09 07:57:18,345 INFO o.a.j.t.JMeterThread: Thread finished: Agent search 2-369
2026-10-09 07:57:23,362 INFO o.a.j.t.JMeterThread: Thread is done: Ticket intake 1-86
2026-10-09 07:57:23,362 INFO o.a.j.t.JMeterThread: Thread finished: Ticket intake 1-86
2026-10-09 07:57:24,740 INFO o.a.j.t.JMeterThread: Thread started: Agent search 2-370
2026-10-09 07:57:25,001 INFO o.a.j.t.JMeterThread: Thread is done: Agent search 2-370
2026-10-09 07:57:25,001 INFO o.a.j.t.JMeterThread: Thread finished: Agent search 2-370
2026-10-09 07:57:25,094 INFO o.a.j.t.JMeterThread: Thread started: Agent search 2-371
2026-10-09 07:57:25,269 INFO o.a.j.t.JMeterThread: Thread is done: Agent search 2-371
2026-10-09 07:57:25,269 INFO o.a.j.t.JMeterThread: Thread finished: Agent search 2-371
2026-10-09 07:57:31,759 INFO o.a.j.r.Summariser: summary +     11 in 00:00:30 =    0.4/s Avg:  9211 Min:   173 Max: 40381 Err:     0 (0.00%) Active: 3 Started: 460 Finished: 457
2026-10-09 07:57:31,759 INFO o.a.j.r.Summariser: summary =    458 in 00:26:53 =    0.3/s Avg:  3651 Min:    69 Max: 40381 Err:     0 (0.00%)
2026-10-09 07:57:31,760 INFO o.a.j.t.JMeterThread: Thread is done: Ticket intake 1-87
2026-10-09 07:57:31,760 INFO o.a.j.t.JMeterThread: Thread finished: Ticket intake 1-87
2026-10-09 07:57:34,427 INFO o.a.j.t.JMeterThread: Thread started: Agent search 2-372
2026-10-09 07:57:34,524 INFO o.a.j.t.JMeterThread: Thread is done: Agent search 2-372
2026-10-09 07:57:34,524 INFO o.a.j.t.JMeterThread: Thread finished: Agent search 2-372
2026-10-09 07:57:40,872 INFO o.a.j.t.JMeterThread: Thread is done: Ticket intake 1-88
2026-10-09 07:57:40,872 INFO o.a.j.t.JMeterThread: Thread finished: Ticket intake 1-88
2026-10-09 07:57:41,582 INFO o.a.j.t.JMeterThread: Thread started: Agent search 2-373
2026-10-09 07:57:41,794 INFO o.a.j.t.JMeterThread: Thread is done: Agent search 2-373
2026-10-09 07:57:41,794 INFO o.a.j.t.JMeterThread: Thread finished: Agent search 2-373
2026-10-09 07:57:42,471 INFO o.a.j.t.JMeterThread: Thread started: Ticket intake 1-90
2026-10-09 07:57:44,738 INFO o.a.j.t.JMeterThread: Thread started: Agent search 2-374
2026-10-09 07:57:45,070 INFO o.a.j.t.JMeterThread: Thread is done: Agent search 2-374
2026-10-09 07:57:45,071 INFO o.a.j.t.JMeterThread: Thread finished: Agent search 2-374
2026-10-09 07:57:46,379 INFO o.a.j.t.JMeterThread: Thread started: Agent search 2-375
2026-10-09 07:57:46,607 INFO o.a.j.t.JMeterThread: Thread is done: Agent search 2-375
2026-10-09 07:57:46,607 INFO o.a.j.t.JMeterThread: Thread finished: Agent search 2-375
2026-10-09 07:57:49,068 INFO o.a.j.t.JMeterThread: Thread is done: Ticket intake 1-89
2026-10-09 07:57:49,068 INFO o.a.j.t.JMeterThread: Thread finished: Ticket intake 1-89
2026-10-09 07:57:52,271 INFO o.a.j.t.JMeterThread: Thread started: Agent search 2-376
2026-10-09 07:57:52,442 INFO o.a.j.t.JMeterThread: Thread is done: Agent search 2-376
2026-10-09 07:57:52,442 INFO o.a.j.t.JMeterThread: Thread finished: Agent search 2-376
2026-10-09 07:57:53,044 INFO o.a.j.t.JMeterThread: Thread started: Agent search 2-377
2026-10-09 07:57:53,219 INFO o.a.j.t.JMeterThread: Thread is done: Agent search 2-377
2026-10-09 07:57:53,219 INFO o.a.j.t.JMeterThread: Thread finished: Agent search 2-377
2026-10-09 07:57:56,377 INFO o.a.j.t.JMeterThread: Thread started: Agent search 2-378
2026-10-09 07:57:56,644 INFO o.a.j.t.JMeterThread: Thread is done: Agent search 2-378
2026-10-09 07:57:56,644 INFO o.a.j.t.JMeterThread: Thread finished: Agent search 2-378
2026-10-09 07:57:58,037 INFO o.a.j.t.JMeterThread: Thread started: Agent search 2-379
2026-10-09 07:57:58,063 INFO o.a.j.t.JMeterThread: Thread is done: Ticket intake 1-90
2026-10-09 07:57:58,063 INFO o.a.j.t.JMeterThread: Thread finished: Ticket intake 1-90
2026-10-09 07:57:58,177 INFO o.a.j.t.JMeterThread: Thread is done: Agent search 2-379
2026-10-09 07:57:58,177 INFO o.a.j.t.JMeterThread: Thread finished: Agent search 2-379
2026-10-09 07:58:01,764 INFO o.a.j.t.JMeterThread: Thread started: Agent search 2-380
2026-10-09 07:58:01,966 INFO o.a.j.r.Summariser: summary +     12 in 00:00:30 =    0.4/s Avg:  8452 Min:    96 Max: 43511 Err:     0 (0.00%) Active: 1 Started: 470 Finished: 469
2026-10-09 07:58:01,966 INFO o.a.j.r.Summariser: summary =    470 in 00:27:24 =    0.3/s Avg:  3773 Min:    69 Max: 43511 Err:     0 (0.00%)
2026-10-09 07:58:01,966 INFO o.a.j.t.JMeterThread: Thread is done: Agent search 2-380
2026-10-09 07:58:01,966 INFO o.a.j.t.JMeterThread: Thread finished: Agent search 2-380
2026-10-09 07:58:02,700 INFO o.a.j.t.JMeterThread: Thread started: Agent search 2-381
2026-10-09 07:58:02,888 INFO o.a.j.t.JMeterThread: Thread is done: Agent search 2-381
2026-10-09 07:58:02,888 INFO o.a.j.t.JMeterThread: Thread finished: Agent search 2-381
2026-10-09 07:58:06,621 INFO o.a.j.t.JMeterThread: Thread started: Agent search 2-382
2026-10-09 07:58:06,881 INFO o.a.j.t.JMeterThread: Thread is done: Agent search 2-382
2026-10-09 07:58:06,882 INFO o.a.j.t.JMeterThread: Thread finished: Agent search 2-382
2026-10-09 07:58:08,233 INFO o.a.j.t.JMeterThread: Thread started: Agent search 2-383
2026-10-09 07:58:08,417 INFO o.a.j.t.JMeterThread: Thread is done: Agent search 2-383
2026-10-09 07:58:08,418 INFO o.a.j.t.JMeterThread: Thread finished: Agent search 2-383
2026-10-09 07:58:19,866 INFO o.a.j.t.JMeterThread: Thread started: Agent search 2-384
2026-10-09 07:58:19,888 INFO o.a.j.t.JMeterThread: Thread started: Ticket intake 1-91
2026-10-09 07:58:19,959 INFO o.a.j.t.JMeterThread: Thread is done: Agent search 2-384
2026-10-09 07:58:19,959 INFO o.a.j.t.JMeterThread: Thread finished: Agent search 2-384
2026-10-09 07:58:23,801 INFO o.a.j.t.JMeterThread: Thread started: Agent search 2-385
2026-10-09 07:58:23,981 INFO o.a.j.t.JMeterThread: Thread is done: Agent search 2-385
2026-10-09 07:58:23,981 INFO o.a.j.t.JMeterThread: Thread finished: Agent search 2-385
2026-10-09 07:58:31,252 INFO o.a.j.r.Summariser: summary +      6 in 00:00:29 =    0.2/s Avg:  2043 Min:    92 Max: 11363 Err:     0 (0.00%) Active: 1 Started: 476 Finished: 475
2026-10-09 07:58:31,252 INFO o.a.j.r.Summariser: summary =    476 in 00:27:53 =    0.3/s Avg:  3752 Min:    69 Max: 43511 Err:     0 (0.00%)
2026-10-09 07:58:31,252 INFO o.a.j.t.JMeterThread: Thread is done: Ticket intake 1-91
2026-10-09 07:58:31,252 INFO o.a.j.t.JMeterThread: Thread finished: Ticket intake 1-91
2026-10-09 07:58:31,523 INFO o.a.j.t.JMeterThread: Thread started: Agent search 2-386
2026-10-09 07:58:31,704 INFO o.a.j.t.JMeterThread: Thread is done: Agent search 2-386
2026-10-09 07:58:31,704 INFO o.a.j.t.JMeterThread: Thread finished: Agent search 2-386
2026-10-09 07:58:35,303 INFO o.a.j.t.JMeterThread: Thread started: Agent search 2-387
2026-10-09 07:58:35,553 INFO o.a.j.t.JMeterThread: Thread is done: Agent search 2-387
2026-10-09 07:58:35,553 INFO o.a.j.t.JMeterThread: Thread finished: Agent search 2-387
2026-10-09 07:58:37,123 INFO o.a.j.t.JMeterThread: Thread started: Agent search 2-388
2026-10-09 07:58:37,278 INFO o.a.j.t.JMeterThread: Thread is done: Agent search 2-388
2026-10-09 07:58:37,278 INFO o.a.j.t.JMeterThread: Thread finished: Agent search 2-388
2026-10-09 07:58:46,000 INFO o.a.j.t.JMeterThread: Thread started: Agent search 2-389
2026-10-09 07:58:46,203 INFO o.a.j.t.JMeterThread: Thread is done: Agent search 2-389
2026-10-09 07:58:46,203 INFO o.a.j.t.JMeterThread: Thread finished: Agent search 2-389
2026-10-09 07:58:52,664 INFO o.a.j.t.JMeterThread: Thread started: Agent search 2-390
2026-10-09 07:58:52,857 INFO o.a.j.t.JMeterThread: Thread is done: Agent search 2-390
2026-10-09 07:58:52,857 INFO o.a.j.t.JMeterThread: Thread finished: Agent search 2-390
2026-10-09 07:58:58,281 INFO o.a.j.t.JMeterThread: Thread started: Ticket intake 1-92
2026-10-09 07:59:01,554 INFO o.a.j.t.JMeterThread: Thread started: Agent search 2-391
2026-10-09 07:59:01,765 INFO o.a.j.r.Summariser: summary +      6 in 00:00:31 =    0.2/s Avg:   193 Min:   154 Max:   249 Err:     0 (0.00%) Active: 2 Started: 483 Finished: 481
2026-10-09 07:59:01,766 INFO o.a.j.r.Summariser: summary =    482 in 00:28:23 =    0.3/s Avg:  3707 Min:    69 Max: 43511 Err:     0 (0.00%)
2026-10-09 07:59:01,766 INFO o.a.j.t.JMeterThread: Thread is done: Agent search 2-391
2026-10-09 07:59:01,766 INFO o.a.j.t.JMeterThread: Thread finished: Agent search 2-391
2026-10-09 07:59:02,828 INFO o.a.j.t.JMeterThread: Thread started: Ticket intake 1-93
2026-10-09 07:59:06,066 INFO o.a.j.t.JMeterThread: Thread is done: Ticket intake 1-92
2026-10-09 07:59:06,066 INFO o.a.j.t.JMeterThread: Thread finished: Ticket intake 1-92
2026-10-09 07:59:06,277 INFO o.a.j.t.JMeterThread: Thread started: Agent search 2-392
2026-10-09 07:59:06,311 INFO o.a.j.t.JMeterThread: Thread started: Agent search 2-393
2026-10-09 07:59:06,476 INFO o.a.j.t.JMeterThread: Thread is done: Agent search 2-392
2026-10-09 07:59:06,477 INFO o.a.j.t.JMeterThread: Thread finished: Agent search 2-392
2026-10-09 07:59:06,580 INFO o.a.j.t.JMeterThread: Thread is done: Agent search 2-393
2026-10-09 07:59:06,580 INFO o.a.j.t.JMeterThread: Thread finished: Agent search 2-393
2026-10-09 07:59:14,975 INFO o.a.j.t.JMeterThread: Thread is done: Ticket intake 1-93
2026-10-09 07:59:14,975 INFO o.a.j.t.JMeterThread: Thread finished: Ticket intake 1-93
2026-10-09 07:59:15,302 INFO o.a.j.t.JMeterThread: Thread started: Agent search 2-394
2026-10-09 07:59:15,487 INFO o.a.j.t.JMeterThread: Thread is done: Agent search 2-394
2026-10-09 07:59:15,487 INFO o.a.j.t.JMeterThread: Thread finished: Agent search 2-394
2026-10-09 07:59:18,472 INFO o.a.j.t.JMeterThread: Thread started: Agent search 2-395
2026-10-09 07:59:18,969 INFO o.a.j.t.JMeterThread: Thread is done: Agent search 2-395
2026-10-09 07:59:18,969 INFO o.a.j.t.JMeterThread: Thread finished: Agent search 2-395
2026-10-09 07:59:20,596 INFO o.a.j.t.JMeterThread: Thread started: Agent search 2-396
2026-10-09 07:59:20,602 INFO o.a.j.t.JMeterThread: Thread started: Agent search 2-397
2026-10-09 07:59:20,689 INFO o.a.j.t.JMeterThread: Thread started: Ticket intake 1-94
2026-10-09 07:59:20,766 INFO o.a.j.t.JMeterThread: Thread is done: Agent search 2-396
2026-10-09 07:59:20,767 INFO o.a.j.t.JMeterThread: Thread finished: Agent search 2-396
2026-10-09 07:59:20,771 INFO o.a.j.t.JMeterThread: Thread is done: Agent search 2-397
2026-10-09 07:59:20,771 INFO o.a.j.t.JMeterThread: Thread finished: Agent search 2-397
2026-10-09 07:59:20,902 INFO o.a.j.t.JMeterThread: Thread started: Agent search 2-398
2026-10-09 07:59:21,162 INFO o.a.j.t.JMeterThread: Thread is done: Agent search 2-398
2026-10-09 07:59:21,162 INFO o.a.j.t.JMeterThread: Thread finished: Agent search 2-398
2026-10-09 07:59:26,108 INFO o.a.j.t.JMeterThread: Thread started: Agent search 2-399
2026-10-09 07:59:26,344 INFO o.a.j.t.JMeterThread: Thread is done: Agent search 2-399
2026-10-09 07:59:26,345 INFO o.a.j.t.JMeterThread: Thread finished: Agent search 2-399
2026-10-09 07:59:27,766 INFO o.a.j.t.JMeterThread: Thread started: Ticket intake 1-95
2026-10-09 07:59:28,576 INFO o.a.j.t.JMeterThread: Thread started: Ticket intake 1-96
2026-10-09 07:59:31,359 INFO o.a.j.r.Summariser: summary +     11 in 00:00:30 =    0.4/s Avg:  2961 Min:   169 Max: 12147 Err:     0 (0.00%) Active: 3 Started: 495 Finished: 492
2026-10-09 07:59:31,359 INFO o.a.j.r.Summariser: summary =    493 in 00:28:53 =    0.3/s Avg:  3691 Min:    69 Max: 43511 Err:     0 (0.00%)
2026-10-09 07:59:31,359 INFO o.a.j.t.JMeterThread: Thread is done: Ticket intake 1-94
2026-10-09 07:59:31,359 INFO o.a.j.t.JMeterThread: Thread finished: Ticket intake 1-94
2026-10-09 07:59:38,540 INFO o.a.j.t.JMeterThread: Thread started: Agent search 2-400
2026-10-09 07:59:38,702 INFO o.a.j.t.JMeterThread: Thread started: Agent search 2-401
2026-10-09 07:59:38,835 INFO o.a.j.t.JMeterThread: Thread is done: Agent search 2-400
2026-10-09 07:59:38,835 INFO o.a.j.t.JMeterThread: Thread finished: Agent search 2-400
2026-10-09 07:59:39,038 INFO o.a.j.t.JMeterThread: Thread is done: Agent search 2-401
2026-10-09 07:59:39,038 INFO o.a.j.t.JMeterThread: Thread finished: Agent search 2-401
2026-10-09 07:59:40,267 INFO o.a.j.t.JMeterThread: Thread is done: Ticket intake 1-95
2026-10-09 07:59:40,267 INFO o.a.j.t.JMeterThread: Thread finished: Ticket intake 1-95
2026-10-09 07:59:40,542 INFO o.a.j.t.JMeterThread: Thread started: Agent search 2-402
2026-10-09 07:59:40,778 INFO o.a.j.t.JMeterThread: Thread is done: Agent search 2-402
2026-10-09 07:59:40,778 INFO o.a.j.t.JMeterThread: Thread finished: Agent search 2-402
2026-10-09 07:59:40,978 INFO o.a.j.t.JMeterThread: Thread started: Ticket intake 1-97
2026-10-09 07:59:44,734 INFO o.a.j.t.JMeterThread: Thread started: Agent search 2-403
2026-10-09 07:59:44,821 INFO o.a.j.t.JMeterThread: Thread started: Agent search 2-404
2026-10-09 07:59:44,875 INFO o.a.j.t.JMeterThread: Thread is done: Agent search 2-403
2026-10-09 07:59:44,875 INFO o.a.j.t.JMeterThread: Thread finished: Agent search 2-403
2026-10-09 07:59:45,133 INFO o.a.j.t.JMeterThread: Thread is done: Agent search 2-404
2026-10-09 07:59:45,133 INFO o.a.j.t.JMeterThread: Thread finished: Agent search 2-404
2026-10-09 07:59:50,200 INFO o.a.j.t.JMeterThread: Thread is done: Ticket intake 1-96
2026-10-09 07:59:50,200 INFO o.a.j.t.JMeterThread: Thread finished: Ticket intake 1-96
2026-10-09 07:59:50,568 INFO o.a.j.t.JMeterThread: Thread started: Agent search 2-405
2026-10-09 07:59:50,814 INFO o.a.j.t.JMeterThread: Thread is done: Agent search 2-405
2026-10-09 07:59:50,814 INFO o.a.j.t.JMeterThread: Thread finished: Agent search 2-405
2026-10-09 07:59:50,891 INFO o.a.j.t.JMeterThread: Thread started: Agent search 2-406
2026-10-09 07:59:51,121 INFO o.a.j.t.JMeterThread: Thread is done: Agent search 2-406
2026-10-09 07:59:51,121 INFO o.a.j.t.JMeterThread: Thread finished: Agent search 2-406
2026-10-09 07:59:51,491 INFO o.a.j.t.JMeterThread: Thread started: Agent search 2-407
2026-10-09 07:59:51,736 INFO o.a.j.t.JMeterThread: Thread is done: Agent search 2-407
2026-10-09 07:59:51,736 INFO o.a.j.t.JMeterThread: Thread finished: Agent search 2-407
2026-10-09 07:59:57,292 INFO o.a.j.t.JMeterThread: Thread started: Agent search 2-408
2026-10-09 07:59:57,469 INFO o.a.j.t.JMeterThread: Thread is done: Agent search 2-408
2026-10-09 07:59:57,469 INFO o.a.j.t.JMeterThread: Thread finished: Agent search 2-408
2026-10-09 07:59:58,861 INFO o.a.j.t.JMeterThread: Thread started: Agent search 2-409
2026-10-09 07:59:59,109 INFO o.a.j.t.JMeterThread: Thread is done: Agent search 2-409
2026-10-09 07:59:59,109 INFO o.a.j.t.JMeterThread: Thread finished: Agent search 2-409
2026-10-09 07:59:59,409 INFO o.a.j.t.JMeterThread: Thread started: Agent search 2-410
2026-10-09 07:59:59,620 INFO o.a.j.t.JMeterThread: Thread is done: Agent search 2-410
2026-10-09 07:59:59,620 INFO o.a.j.t.JMeterThread: Thread finished: Agent search 2-410
2026-10-09 08:00:05,630 INFO o.a.j.t.JMeterThread: Thread started: Agent search 2-411
2026-10-09 08:00:05,765 INFO o.a.j.t.JMeterThread: Thread is done: Ticket intake 1-97
2026-10-09 08:00:05,765 INFO o.a.j.r.Summariser: summary +     14 in 00:00:34 =    0.4/s Avg:  2637 Min:   134 Max: 21624 Err:     0 (0.00%) Active: 2 Started: 508 Finished: 506
2026-10-09 08:00:05,765 INFO o.a.j.t.JMeterThread: Thread finished: Ticket intake 1-97
2026-10-09 08:00:05,766 INFO o.a.j.r.Summariser: summary =    507 in 00:29:27 =    0.3/s Avg:  3662 Min:    69 Max: 43511 Err:     0 (0.00%)
2026-10-09 08:00:05,766 INFO o.a.j.t.JMeterThread: Thread is done: Agent search 2-411
2026-10-09 08:00:05,766 INFO o.a.j.t.JMeterThread: Thread finished: Agent search 2-411
2026-10-09 08:00:11,373 INFO o.a.j.t.JMeterThread: Thread started: Agent search 2-412
2026-10-09 08:00:11,602 INFO o.a.j.t.JMeterThread: Thread is done: Agent search 2-412
2026-10-09 08:00:11,602 INFO o.a.j.t.JMeterThread: Thread finished: Agent search 2-412
2026-10-09 08:00:17,876 INFO o.a.j.t.JMeterThread: Thread started: Ticket intake 1-98
2026-10-09 08:00:18,952 INFO o.a.j.t.JMeterThread: Thread started: Ticket intake 1-99
2026-10-09 08:00:22,319 INFO o.a.j.t.JMeterThread: Thread started: Ticket intake 1-100
2026-10-09 08:00:22,964 INFO o.a.j.t.JMeterThread: Thread started: Agent search 2-413
2026-10-09 08:00:23,173 INFO o.a.j.t.JMeterThread: Thread is done: Agent search 2-413
2026-10-09 08:00:23,173 INFO o.a.j.t.JMeterThread: Thread finished: Agent search 2-413
2026-10-09 08:00:23,328 INFO o.a.j.t.JMeterThread: Thread started: Agent search 2-414
2026-10-09 08:00:23,581 INFO o.a.j.t.JMeterThread: Thread is done: Agent search 2-414
2026-10-09 08:00:23,581 INFO o.a.j.t.JMeterThread: Thread finished: Agent search 2-414
2026-10-09 08:00:27,984 INFO o.a.j.t.JMeterThread: Thread is done: Ticket intake 1-98
2026-10-09 08:00:27,984 INFO o.a.j.t.JMeterThread: Thread finished: Ticket intake 1-98
2026-10-09 08:00:30,896 INFO o.a.j.t.JMeterThread: Thread started: Ticket intake 1-101
2026-10-09 08:00:31,770 INFO o.a.j.t.JMeterThread: Thread started: Agent search 2-415
2026-10-09 08:00:31,979 INFO o.a.j.r.Summariser: summary +      6 in 00:00:26 =    0.2/s Avg:  5964 Min:   208 Max: 24786 Err:     0 (0.00%) Active: 4 Started: 516 Finished: 512
2026-10-09 08:00:31,979 INFO o.a.j.r.Summariser: summary =    513 in 00:29:54 =    0.3/s Avg:  3688 Min:    69 Max: 43511 Err:     0 (0.00%)
2026-10-09 08:00:31,979 INFO o.a.j.t.JMeterThread: Thread is done: Agent search 2-415
2026-10-09 08:00:31,979 INFO o.a.j.t.JMeterThread: Thread finished: Agent search 2-415
2026-10-09 08:00:32,641 INFO o.a.j.t.JMeterThread: Thread started: Agent search 2-416
2026-10-09 08:00:32,899 INFO o.a.j.t.JMeterThread: Thread is done: Agent search 2-416
2026-10-09 08:00:32,900 INFO o.a.j.t.JMeterThread: Thread finished: Agent search 2-416
2026-10-09 08:00:33,481 INFO o.a.j.t.JMeterThread: Thread started: Ticket intake 1-102
2026-10-09 08:00:35,279 INFO o.a.j.t.JMeterThread: Thread started: Agent search 2-417
2026-10-09 08:00:35,663 INFO o.a.j.t.JMeterThread: Thread is done: Agent search 2-417
2026-10-09 08:00:35,663 INFO o.a.j.t.JMeterThread: Thread finished: Agent search 2-417
2026-10-09 08:00:38,838 INFO o.a.j.t.JMeterThread: Thread started: Ticket intake 1-103
2026-10-09 08:00:39,248 INFO o.a.j.t.JMeterThread: Thread is done: Ticket intake 1-99
2026-10-09 08:00:39,248 INFO o.a.j.t.JMeterThread: Thread finished: Ticket intake 1-99
2026-10-09 08:00:43,296 INFO o.a.j.t.JMeterThread: Thread started: Agent search 2-418
2026-10-09 08:00:43,651 INFO o.a.j.t.JMeterThread: Thread is done: Agent search 2-418
2026-10-09 08:00:43,651 INFO o.a.j.t.JMeterThread: Thread finished: Agent search 2-418
2026-10-09 08:00:43,924 INFO o.a.j.t.JMeterThread: Thread started: Agent search 2-419
2026-10-09 08:00:44,163 INFO o.a.j.t.JMeterThread: Thread is done: Agent search 2-419
2026-10-09 08:00:44,163 INFO o.a.j.t.JMeterThread: Thread finished: Agent search 2-419
2026-10-09 08:00:49,898 INFO o.a.j.t.JMeterThread: Thread is done: Ticket intake 1-100
2026-10-09 08:00:49,898 INFO o.a.j.t.JMeterThread: Thread finished: Ticket intake 1-100
2026-10-09 08:00:50,458 INFO o.a.j.t.JMeterThread: Thread started: Agent search 2-420
2026-10-09 08:00:50,925 INFO o.a.j.t.JMeterThread: Thread is done: Agent search 2-420
2026-10-09 08:00:50,925 INFO o.a.j.t.JMeterThread: Thread finished: Agent search 2-420
2026-10-09 08:00:51,858 INFO o.a.j.t.JMeterThread: Thread started: Agent search 2-421
2026-10-09 08:00:52,048 INFO o.a.j.t.JMeterThread: Thread is done: Agent search 2-421
2026-10-09 08:00:52,048 INFO o.a.j.t.JMeterThread: Thread finished: Agent search 2-421
2026-10-09 08:00:54,281 INFO o.a.j.t.JMeterThread: Thread started: Agent search 2-422
2026-10-09 08:00:54,507 INFO o.a.j.t.JMeterThread: Thread is done: Agent search 2-422
2026-10-09 08:00:54,507 INFO o.a.j.t.JMeterThread: Thread finished: Agent search 2-422
2026-10-09 08:00:59,523 INFO o.a.j.t.JMeterThread: Thread is done: Ticket intake 1-101
2026-10-09 08:00:59,523 INFO o.a.j.t.JMeterThread: Thread finished: Ticket intake 1-101
2026-10-09 08:01:04,484 INFO o.a.j.t.JMeterThread: Thread started: Ticket intake 1-104
2026-10-09 08:01:06,996 INFO o.a.j.t.JMeterThread: Thread started: Agent search 2-423
2026-10-09 08:01:07,262 INFO o.a.j.t.JMeterThread: Thread is done: Agent search 2-423
2026-10-09 08:01:07,262 INFO o.a.j.t.JMeterThread: Thread finished: Agent search 2-423
2026-10-09 08:01:07,284 INFO o.a.j.t.JMeterThread: Thread started: Ticket intake 1-105
2026-10-09 08:01:09,047 INFO o.a.j.t.JMeterThread: Thread is done: Ticket intake 1-102
2026-10-09 08:01:09,047 INFO o.a.j.t.JMeterThread: Thread finished: Ticket intake 1-102
2026-10-09 08:01:10,409 INFO o.a.j.t.JMeterThread: Thread started: Agent search 2-424
2026-10-09 08:01:10,583 INFO o.a.j.t.JMeterThread: Thread is done: Agent search 2-424
2026-10-09 08:01:10,584 INFO o.a.j.t.JMeterThread: Thread finished: Agent search 2-424
2026-10-09 08:01:12,278 INFO o.a.j.t.JMeterThread: Thread started: Agent search 2-425
2026-10-09 08:01:12,528 INFO o.a.j.t.JMeterThread: Thread is done: Agent search 2-425
2026-10-09 08:01:12,528 INFO o.a.j.t.JMeterThread: Thread finished: Agent search 2-425
2026-10-09 08:01:14,846 INFO o.a.j.t.JMeterThread: Thread started: Agent search 2-426
2026-10-09 08:01:14,985 INFO o.a.j.t.JMeterThread: Thread is done: Agent search 2-426
2026-10-09 08:01:14,986 INFO o.a.j.t.JMeterThread: Thread finished: Agent search 2-426
2026-10-09 08:01:19,594 INFO o.a.j.t.JMeterThread: Thread is done: Ticket intake 1-103
2026-10-09 08:01:19,594 INFO o.a.j.t.JMeterThread: Thread finished: Ticket intake 1-103
2026-10-09 08:01:23,430 INFO o.a.j.t.JMeterThread: Thread started: Agent search 2-427
2026-10-09 08:01:23,587 INFO o.a.j.t.JMeterThread: Thread is done: Agent search 2-427
2026-10-09 08:01:23,587 INFO o.a.j.t.JMeterThread: Thread finished: Agent search 2-427
2026-10-09 08:01:27,260 INFO o.a.j.t.JMeterThread: Thread started: Ticket intake 1-106
2026-10-09 08:01:27,887 INFO o.a.j.t.JMeterThread: Thread is done: Ticket intake 1-104
2026-10-09 08:01:27,887 INFO o.a.j.t.JMeterThread: Thread finished: Ticket intake 1-104
2026-10-09 08:01:28,333 INFO o.a.j.t.JMeterThread: Thread started: Agent search 2-428
2026-10-09 08:01:28,605 INFO o.a.j.t.JMeterThread: Thread is done: Agent search 2-428
2026-10-09 08:01:28,605 INFO o.a.j.t.JMeterThread: Thread finished: Agent search 2-428
2026-10-09 08:01:32,558 INFO o.a.j.t.JMeterThread: Thread started: Ticket intake 1-107
2026-10-09 08:01:33,558 INFO o.a.j.t.JMeterThread: Thread started: Ticket intake 1-108
2026-10-09 08:01:34,796 INFO o.a.j.t.JMeterThread: Thread started: Agent search 2-429
2026-10-09 08:01:35,020 INFO o.a.j.r.Summariser: summary +     20 in 00:01:03 =    0.3/s Avg:  8990 Min:   139 Max: 40756 Err:     0 (0.00%) Active: 5 Started: 537 Finished: 532
2026-10-09 08:01:35,020 INFO o.a.j.r.Summariser: summary =    533 in 00:30:57 =    0.3/s Avg:  3887 Min:    69 Max: 43511 Err:     0 (0.00%)
2026-10-09 08:01:35,020 INFO o.a.j.t.JMeterThread: Thread is done: Agent search 2-429
2026-10-09 08:01:35,020 INFO o.a.j.t.JMeterThread: Thread finished: Agent search 2-429
2026-10-09 08:01:37,001 INFO o.a.j.t.JMeterThread: Thread is done: Ticket intake 1-105
2026-10-09 08:01:37,001 INFO o.a.j.t.JMeterThread: Thread finished: Ticket intake 1-105
2026-10-09 08:01:39,113 INFO o.a.j.t.JMeterThread: Thread started: Ticket intake 1-109
2026-10-09 08:01:49,390 INFO o.a.j.t.JMeterThread: Thread is done: Ticket intake 1-106
2026-10-09 08:01:49,391 INFO o.a.j.t.JMeterThread: Thread finished: Ticket intake 1-106
2026-10-09 08:01:52,991 INFO o.a.j.t.JMeterThread: Thread started: Agent search 2-430
2026-10-09 08:01:53,179 INFO o.a.j.t.JMeterThread: Thread is done: Agent search 2-430
2026-10-09 08:01:53,180 INFO o.a.j.t.JMeterThread: Thread finished: Agent search 2-430
2026-10-09 08:01:57,891 INFO o.a.j.t.JMeterThread: Thread is done: Ticket intake 1-107
2026-10-09 08:01:57,891 INFO o.a.j.t.JMeterThread: Thread finished: Ticket intake 1-107
2026-10-09 08:01:58,391 INFO o.a.j.t.JMeterThread: Thread started: Agent search 2-431
2026-10-09 08:01:58,562 INFO o.a.j.t.JMeterThread: Thread is done: Agent search 2-431
2026-10-09 08:01:58,562 INFO o.a.j.t.JMeterThread: Thread finished: Agent search 2-431
2026-10-09 08:02:04,744 INFO o.a.j.t.JMeterThread: Thread started: Agent search 2-432
2026-10-09 08:02:04,956 INFO o.a.j.r.Summariser: summary +      6 in 00:00:30 =    0.2/s Avg: 12958 Min:   170 Max: 29717 Err:     0 (0.00%) Active: 3 Started: 541 Finished: 538
2026-10-09 08:02:04,956 INFO o.a.j.r.Summariser: summary =    539 in 00:31:27 =    0.3/s Avg:  3988 Min:    69 Max: 43511 Err:     0 (0.00%)
2026-10-09 08:02:04,956 INFO o.a.j.t.JMeterThread: Thread is done: Agent search 2-432
2026-10-09 08:02:04,956 INFO o.a.j.t.JMeterThread: Thread finished: Agent search 2-432
2026-10-09 08:02:06,082 INFO o.a.j.t.JMeterThread: Thread is done: Ticket intake 1-108
2026-10-09 08:02:06,082 INFO o.a.j.t.JMeterThread: Thread finished: Ticket intake 1-108
2026-10-09 08:02:10,435 INFO o.a.j.t.JMeterThread: Thread started: Agent search 2-433
2026-10-09 08:02:10,587 INFO o.a.j.t.JMeterThread: Thread is done: Agent search 2-433
2026-10-09 08:02:10,606 INFO o.a.j.t.JMeterThread: Thread finished: Agent search 2-433
2026-10-09 08:02:12,513 INFO o.a.j.t.JMeterThread: Thread started: Agent search 2-434
2026-10-09 08:02:12,771 INFO o.a.j.t.JMeterThread: Thread is done: Agent search 2-434
2026-10-09 08:02:12,772 INFO o.a.j.t.JMeterThread: Thread finished: Agent search 2-434
2026-10-09 08:02:14,995 INFO o.a.j.t.JMeterThread: Thread started: Ticket intake 1-110
2026-10-09 08:02:15,866 INFO o.a.j.t.JMeterThread: Thread is done: Ticket intake 1-109
2026-10-09 08:02:15,866 INFO o.a.j.t.JMeterThread: Thread finished: Ticket intake 1-109
2026-10-09 08:02:29,289 INFO o.a.j.t.JMeterThread: Thread started: Agent search 2-435
2026-10-09 08:02:29,531 INFO o.a.j.t.JMeterThread: Thread is done: Agent search 2-435
2026-10-09 08:02:29,532 INFO o.a.j.t.JMeterThread: Thread finished: Agent search 2-435
2026-10-09 08:02:32,501 INFO o.a.j.r.Summariser: summary +      6 in 00:00:28 =    0.2/s Avg: 14572 Min:   153 Max: 36754 Err:     0 (0.00%) Active: 1 Started: 545 Finished: 544
2026-10-09 08:02:32,501 INFO o.a.j.r.Summariser: summary =    545 in 00:31:54 =    0.3/s Avg:  4105 Min:    69 Max: 43511 Err:     0 (0.00%)
2026-10-09 08:02:32,501 INFO o.a.j.t.JMeterThread: Thread is done: Ticket intake 1-110
2026-10-09 08:02:32,501 INFO o.a.j.t.JMeterThread: Thread finished: Ticket intake 1-110
2026-10-09 08:02:34,279 INFO o.a.j.t.JMeterThread: Thread started: Agent search 2-436
2026-10-09 08:02:34,407 INFO o.a.j.t.JMeterThread: Thread is done: Agent search 2-436
2026-10-09 08:02:34,408 INFO o.a.j.t.JMeterThread: Thread finished: Agent search 2-436
2026-10-09 08:02:36,733 INFO o.a.j.t.JMeterThread: Thread started: Agent search 2-437
2026-10-09 08:02:36,905 INFO o.a.j.t.JMeterThread: Thread is done: Agent search 2-437
2026-10-09 08:02:36,905 INFO o.a.j.t.JMeterThread: Thread finished: Agent search 2-437
2026-10-09 08:02:41,194 INFO o.a.j.t.JMeterThread: Thread started: Agent search 2-438
2026-10-09 08:02:41,410 INFO o.a.j.t.JMeterThread: Thread is done: Agent search 2-438
2026-10-09 08:02:41,410 INFO o.a.j.t.JMeterThread: Thread finished: Agent search 2-438
2026-10-09 08:02:41,903 INFO o.a.j.t.JMeterThread: Thread started: Agent search 2-439
2026-10-09 08:02:42,228 INFO o.a.j.t.JMeterThread: Thread is done: Agent search 2-439
2026-10-09 08:02:42,228 INFO o.a.j.t.JMeterThread: Thread finished: Agent search 2-439
2026-10-09 08:02:43,954 INFO o.a.j.t.JMeterThread: Thread started: Agent search 2-440
2026-10-09 08:02:44,174 INFO o.a.j.t.JMeterThread: Thread is done: Agent search 2-440
2026-10-09 08:02:44,175 INFO o.a.j.t.JMeterThread: Thread finished: Agent search 2-440
2026-10-09 08:02:45,885 INFO o.a.j.t.JMeterThread: Thread started: Agent search 2-441
2026-10-09 08:02:45,898 INFO o.a.j.t.JMeterThread: Thread started: Agent search 2-442
2026-10-09 08:02:46,073 INFO o.a.j.t.JMeterThread: Thread is done: Agent search 2-442
2026-10-09 08:02:46,073 INFO o.a.j.t.JMeterThread: Thread finished: Agent search 2-442
2026-10-09 08:02:46,073 INFO o.a.j.t.JMeterThread: Thread is done: Agent search 2-441
2026-10-09 08:02:46,073 INFO o.a.j.t.JMeterThread: Thread finished: Agent search 2-441
2026-10-09 08:02:47,552 INFO o.a.j.t.JMeterThread: Thread started: Ticket intake 1-111
2026-10-09 08:02:52,947 INFO o.a.j.t.JMeterThread: Thread started: Agent search 2-443
2026-10-09 08:02:53,185 INFO o.a.j.t.JMeterThread: Thread is done: Agent search 2-443
2026-10-09 08:02:53,186 INFO o.a.j.t.JMeterThread: Thread finished: Agent search 2-443
2026-10-09 08:02:54,086 INFO o.a.j.t.JMeterThread: Thread started: Agent search 2-444
2026-10-09 08:02:54,414 INFO o.a.j.t.JMeterThread: Thread is done: Agent search 2-444
2026-10-09 08:02:54,414 INFO o.a.j.t.JMeterThread: Thread finished: Agent search 2-444
2026-10-09 08:02:56,737 INFO o.a.j.t.JMeterThread: Thread started: Ticket intake 1-112
2026-10-09 08:02:58,072 INFO o.a.j.t.JMeterThread: Thread is done: Ticket intake 1-111
2026-10-09 08:02:58,072 INFO o.a.j.t.JMeterThread: Thread finished: Ticket intake 1-111
2026-10-09 08:02:58,850 INFO o.a.j.t.JMeterThread: Thread started: Agent search 2-445
2026-10-09 08:02:59,123 INFO o.a.j.t.JMeterThread: Thread is done: Agent search 2-445
2026-10-09 08:02:59,123 INFO o.a.j.t.JMeterThread: Thread finished: Agent search 2-445
2026-10-09 08:03:01,935 INFO o.a.j.t.JMeterThread: Thread started: Agent search 2-446
2026-10-09 08:03:02,197 INFO o.a.j.r.Summariser: summary +     12 in 00:00:30 =    0.4/s Avg:  1086 Min:   128 Max: 10520 Err:     0 (0.00%) Active: 2 Started: 558 Finished: 556
2026-10-09 08:03:02,197 INFO o.a.j.r.Summariser: summary =    557 in 00:32:24 =    0.3/s Avg:  4040 Min:    69 Max: 43511 Err:     0 (0.00%)
2026-10-09 08:03:02,197 INFO o.a.j.t.JMeterThread: Thread is done: Agent search 2-446
2026-10-09 08:03:02,197 INFO o.a.j.t.JMeterThread: Thread finished: Agent search 2-446
2026-10-09 08:03:07,235 INFO o.a.j.t.JMeterThread: Thread started: Ticket intake 1-113
2026-10-09 08:03:07,249 INFO o.a.j.t.JMeterThread: Thread is done: Ticket intake 1-112
2026-10-09 08:03:07,249 INFO o.a.j.t.JMeterThread: Thread finished: Ticket intake 1-112
2026-10-09 08:03:12,049 INFO o.a.j.t.JMeterThread: Thread started: Agent search 2-447
2026-10-09 08:03:12,232 INFO o.a.j.t.JMeterThread: Thread is done: Agent search 2-447
2026-10-09 08:03:12,232 INFO o.a.j.t.JMeterThread: Thread finished: Agent search 2-447
2026-10-09 08:03:18,568 INFO o.a.j.t.JMeterThread: Thread started: Agent search 2-448
2026-10-09 08:03:18,589 INFO o.a.j.t.JMeterThread: Thread started: Agent search 2-449
2026-10-09 08:03:18,887 INFO o.a.j.t.JMeterThread: Thread is done: Agent search 2-449
2026-10-09 08:03:18,887 INFO o.a.j.t.JMeterThread: Thread is done: Agent search 2-448
2026-10-09 08:03:18,887 INFO o.a.j.t.JMeterThread: Thread finished: Agent search 2-449
2026-10-09 08:03:18,887 INFO o.a.j.t.JMeterThread: Thread finished: Agent search 2-448
2026-10-09 08:03:20,834 INFO o.a.j.t.JMeterThread: Thread is done: Ticket intake 1-113
2026-10-09 08:03:20,834 INFO o.a.j.t.JMeterThread: Thread finished: Ticket intake 1-113
2026-10-09 08:03:21,210 INFO o.a.j.t.JMeterThread: Thread started: Agent search 2-450
2026-10-09 08:03:21,344 INFO o.a.j.t.JMeterThread: Thread is done: Agent search 2-450
2026-10-09 08:03:21,344 INFO o.a.j.t.JMeterThread: Thread finished: Agent search 2-450
2026-10-09 08:03:43,347 INFO o.a.j.t.JMeterThread: Thread started: Agent search 2-451
2026-10-09 08:03:43,566 INFO o.a.j.t.JMeterThread: Thread is done: Agent search 2-451
2026-10-09 08:03:43,566 INFO o.a.j.t.JMeterThread: Thread finished: Agent search 2-451
2026-10-09 08:03:45,468 INFO o.a.j.t.JMeterThread: Thread started: Agent search 2-452
2026-10-09 08:03:45,715 INFO o.a.j.t.JMeterThread: Thread is done: Agent search 2-452
2026-10-09 08:03:45,715 INFO o.a.j.t.JMeterThread: Thread finished: Agent search 2-452
2026-10-09 08:03:45,896 INFO o.a.j.t.JMeterThread: Thread started: Ticket intake 1-114
2026-10-09 08:03:49,165 INFO o.a.j.t.JMeterThread: Thread started: Agent search 2-453
2026-10-09 08:03:49,422 INFO o.a.j.t.JMeterThread: Thread is done: Agent search 2-453
2026-10-09 08:03:49,422 INFO o.a.j.t.JMeterThread: Thread finished: Agent search 2-453
2026-10-09 08:03:56,402 INFO o.a.j.t.JMeterThread: Thread started: Agent search 2-454
2026-10-09 08:03:56,673 INFO o.a.j.t.JMeterThread: Thread is done: Agent search 2-454
2026-10-09 08:03:56,673 INFO o.a.j.t.JMeterThread: Thread finished: Agent search 2-454
2026-10-09 08:04:00,227 INFO o.a.j.r.Summariser: summary +     11 in 00:00:58 =    0.2/s Avg:  3669 Min:   133 Max: 14330 Err:     0 (0.00%) Active: 1 Started: 568 Finished: 567
2026-10-09 08:04:00,227 INFO o.a.j.r.Summariser: summary =    568 in 00:33:22 =    0.3/s Avg:  4033 Min:    69 Max: 43511 Err:     0 (0.00%)
2026-10-09 08:04:00,227 INFO o.a.j.t.JMeterThread: Thread is done: Ticket intake 1-114
2026-10-09 08:04:00,227 INFO o.a.j.t.JMeterThread: Thread finished: Ticket intake 1-114
2026-10-09 08:04:00,244 INFO o.a.j.t.JMeterThread: Thread started: Agent search 2-455
2026-10-09 08:04:00,358 INFO o.a.j.t.JMeterThread: Thread is done: Agent search 2-455
2026-10-09 08:04:00,358 INFO o.a.j.t.JMeterThread: Thread finished: Agent search 2-455
2026-10-09 08:04:02,053 INFO o.a.j.t.JMeterThread: Thread started: Ticket intake 1-115
2026-10-09 08:04:03,572 INFO o.a.j.t.JMeterThread: Thread started: Agent search 2-456
2026-10-09 08:04:03,738 INFO o.a.j.t.JMeterThread: Thread is done: Agent search 2-456
2026-10-09 08:04:03,738 INFO o.a.j.t.JMeterThread: Thread finished: Agent search 2-456
2026-10-09 08:04:05,156 INFO o.a.j.t.JMeterThread: Thread started: Agent search 2-457
2026-10-09 08:04:05,376 INFO o.a.j.t.JMeterThread: Thread is done: Agent search 2-457
2026-10-09 08:04:05,376 INFO o.a.j.t.JMeterThread: Thread finished: Agent search 2-457
2026-10-09 08:04:06,315 INFO o.a.j.t.JMeterThread: Thread started: Ticket intake 1-116
2026-10-09 08:04:07,319 INFO o.a.j.t.JMeterThread: Thread started: Agent search 2-458
2026-10-09 08:04:07,527 INFO o.a.j.t.JMeterThread: Thread is done: Agent search 2-458
2026-10-09 08:04:07,527 INFO o.a.j.t.JMeterThread: Thread finished: Agent search 2-458
2026-10-09 08:04:09,378 INFO o.a.j.t.JMeterThread: Thread started: Agent search 2-459
2026-10-09 08:04:09,472 INFO o.a.j.t.JMeterThread: Thread is done: Agent search 2-459
2026-10-09 08:04:09,472 INFO o.a.j.t.JMeterThread: Thread finished: Agent search 2-459
2026-10-09 08:04:10,228 INFO o.a.j.t.JMeterThread: Thread started: Agent search 2-460
2026-10-09 08:04:10,490 INFO o.a.j.t.JMeterThread: Thread is done: Agent search 2-460
2026-10-09 08:04:10,490 INFO o.a.j.t.JMeterThread: Thread finished: Agent search 2-460
2026-10-09 08:04:10,624 INFO o.a.j.t.JMeterThread: Thread is done: Ticket intake 1-115
2026-10-09 08:04:10,624 INFO o.a.j.t.JMeterThread: Thread finished: Ticket intake 1-115
2026-10-09 08:04:10,678 INFO o.a.j.t.JMeterThread: Thread started: Agent search 2-461
2026-10-09 08:04:10,887 INFO o.a.j.t.JMeterThread: Thread is done: Agent search 2-461
2026-10-09 08:04:10,887 INFO o.a.j.t.JMeterThread: Thread finished: Agent search 2-461
2026-10-09 08:04:17,460 INFO o.a.j.t.JMeterThread: Thread is done: Ticket intake 1-116
2026-10-09 08:04:17,460 INFO o.a.j.t.JMeterThread: Thread finished: Ticket intake 1-116
2026-10-09 08:04:20,907 INFO o.a.j.t.JMeterThread: Thread started: Agent search 2-462
2026-10-09 08:04:21,246 INFO o.a.j.t.JMeterThread: Thread is done: Agent search 2-462
2026-10-09 08:04:21,246 INFO o.a.j.t.JMeterThread: Thread finished: Agent search 2-462
2026-10-09 08:04:23,219 INFO o.a.j.t.JMeterThread: Thread started: Ticket intake 1-117
2026-10-09 08:04:26,433 INFO o.a.j.t.JMeterThread: Thread started: Ticket intake 1-118
2026-10-09 08:04:32,511 INFO o.a.j.r.Summariser: summary +     11 in 00:00:32 =    0.3/s Avg:  2782 Min:    92 Max: 11145 Err:     0 (0.00%) Active: 2 Started: 580 Finished: 578
2026-10-09 08:04:32,511 INFO o.a.j.r.Summariser: summary =    579 in 00:33:54 =    0.3/s Avg:  4009 Min:    69 Max: 43511 Err:     0 (0.00%)
2026-10-09 08:04:32,511 INFO o.a.j.t.JMeterThread: Thread is done: Ticket intake 1-117
2026-10-09 08:04:32,511 INFO o.a.j.t.JMeterThread: Thread finished: Ticket intake 1-117
2026-10-09 08:04:32,831 INFO o.a.j.t.JMeterThread: Thread started: Agent search 2-463
2026-10-09 08:04:33,022 INFO o.a.j.t.JMeterThread: Thread is done: Agent search 2-463
2026-10-09 08:04:33,022 INFO o.a.j.t.JMeterThread: Thread finished: Agent search 2-463
2026-10-09 08:04:36,908 INFO o.a.j.t.JMeterThread: Thread started: Agent search 2-464
2026-10-09 08:04:37,222 INFO o.a.j.t.JMeterThread: Thread is done: Agent search 2-464
2026-10-09 08:04:37,222 INFO o.a.j.t.JMeterThread: Thread finished: Agent search 2-464
2026-10-09 08:04:37,782 INFO o.a.j.t.JMeterThread: Thread started: Agent search 2-465
2026-10-09 08:04:37,938 INFO o.a.j.t.JMeterThread: Thread is done: Agent search 2-465
2026-10-09 08:04:37,938 INFO o.a.j.t.JMeterThread: Thread finished: Agent search 2-465
2026-10-09 08:04:38,081 INFO o.a.j.t.JMeterThread: Thread started: Agent search 2-466
2026-10-09 08:04:38,222 INFO o.a.j.t.JMeterThread: Thread is done: Agent search 2-466
2026-10-09 08:04:38,222 INFO o.a.j.t.JMeterThread: Thread finished: Agent search 2-466
2026-10-09 08:04:42,765 INFO o.a.j.t.JMeterThread: Thread started: Agent search 2-467
2026-10-09 08:04:42,955 INFO o.a.j.t.JMeterThread: Thread is done: Agent search 2-467
2026-10-09 08:04:42,956 INFO o.a.j.t.JMeterThread: Thread finished: Agent search 2-467
2026-10-09 08:04:43,027 INFO o.a.j.t.JMeterThread: Thread started: Agent search 2-468
2026-10-09 08:04:43,263 INFO o.a.j.t.JMeterThread: Thread is done: Agent search 2-468
2026-10-09 08:04:43,286 INFO o.a.j.t.JMeterThread: Thread finished: Agent search 2-468
2026-10-09 08:04:45,411 INFO o.a.j.t.JMeterThread: Thread started: Agent search 2-469
2026-10-09 08:04:45,619 INFO o.a.j.t.JMeterThread: Thread is done: Agent search 2-469
2026-10-09 08:04:45,619 INFO o.a.j.t.JMeterThread: Thread finished: Agent search 2-469
2026-10-09 08:04:47,421 INFO o.a.j.t.JMeterThread: Thread started: Agent search 2-470
2026-10-09 08:04:47,651 INFO o.a.j.t.JMeterThread: Thread is done: Agent search 2-470
2026-10-09 08:04:47,651 INFO o.a.j.t.JMeterThread: Thread finished: Agent search 2-470
2026-10-09 08:04:47,770 INFO o.a.j.t.JMeterThread: Thread is done: Ticket intake 1-118
2026-10-09 08:04:47,770 INFO o.a.j.t.JMeterThread: Thread finished: Ticket intake 1-118
2026-10-09 08:04:51,655 INFO o.a.j.t.JMeterThread: Thread started: Agent search 2-471
2026-10-09 08:04:51,696 INFO o.a.j.t.JMeterThread: Thread started: Agent search 2-472
2026-10-09 08:04:51,732 INFO o.a.j.t.JMeterThread: Thread is done: Agent search 2-471
2026-10-09 08:04:51,732 INFO o.a.j.t.JMeterThread: Thread finished: Agent search 2-471
2026-10-09 08:04:51,765 INFO o.a.j.t.JMeterThread: Thread started: Agent search 2-473
2026-10-09 08:04:51,833 INFO o.a.j.t.JMeterThread: Thread is done: Agent search 2-472
2026-10-09 08:04:51,833 INFO o.a.j.t.JMeterThread: Thread finished: Agent search 2-472
2026-10-09 08:04:51,855 INFO o.a.j.t.JMeterThread: Thread is done: Agent search 2-473
2026-10-09 08:04:51,855 INFO o.a.j.t.JMeterThread: Thread finished: Agent search 2-473
2026-10-09 08:04:57,385 INFO o.a.j.t.JMeterThread: Thread started: Agent search 2-474
2026-10-09 08:04:57,598 INFO o.a.j.t.JMeterThread: Thread is done: Agent search 2-474
2026-10-09 08:04:57,598 INFO o.a.j.t.JMeterThread: Thread finished: Agent search 2-474
2026-10-09 08:04:59,791 INFO o.a.j.t.JMeterThread: Thread started: Agent search 2-475
2026-10-09 08:05:00,057 INFO o.a.j.r.Summariser: summary +     14 in 00:00:28 =    0.5/s Avg:  1698 Min:    76 Max: 21335 Err:     0 (0.00%) Active: 1 Started: 593 Finished: 592
2026-10-09 08:05:00,057 INFO o.a.j.r.Summariser: summary =    593 in 00:34:22 =    0.3/s Avg:  3954 Min:    69 Max: 43511 Err:     0 (0.00%)
2026-10-09 08:05:00,058 INFO o.a.j.t.JMeterThread: Thread is done: Agent search 2-475
2026-10-09 08:05:00,058 INFO o.a.j.t.JMeterThread: Thread finished: Agent search 2-475
2026-10-09 08:05:02,023 INFO o.a.j.t.JMeterThread: Thread started: Agent search 2-476
2026-10-09 08:05:02,261 INFO o.a.j.t.JMeterThread: Thread started: Ticket intake 1-119
2026-10-09 08:05:02,269 INFO o.a.j.t.JMeterThread: Thread is done: Agent search 2-476
2026-10-09 08:05:02,269 INFO o.a.j.t.JMeterThread: Thread finished: Agent search 2-476
2026-10-09 08:05:03,868 INFO o.a.j.t.JMeterThread: Thread started: Ticket intake 1-120
2026-10-09 08:05:04,057 INFO o.a.j.t.JMeterThread: Thread started: Agent search 2-477
2026-10-09 08:05:04,183 INFO o.a.j.t.JMeterThread: Thread is done: Agent search 2-477
2026-10-09 08:05:04,183 INFO o.a.j.t.JMeterThread: Thread finished: Agent search 2-477
2026-10-09 08:05:13,356 INFO o.a.j.t.JMeterThread: Thread is done: Ticket intake 1-119
2026-10-09 08:05:13,356 INFO o.a.j.t.JMeterThread: Thread finished: Ticket intake 1-119
2026-10-09 08:05:13,650 INFO o.a.j.t.JMeterThread: Thread started: Ticket intake 1-121
2026-10-09 08:05:14,901 INFO o.a.j.t.JMeterThread: Thread started: Ticket intake 1-122
2026-10-09 08:05:16,088 INFO o.a.j.t.JMeterThread: Thread started: Agent search 2-478
2026-10-09 08:05:16,174 INFO o.a.j.t.JMeterThread: Thread is done: Agent search 2-478
2026-10-09 08:05:16,174 INFO o.a.j.t.JMeterThread: Thread finished: Agent search 2-478
2026-10-09 08:05:22,296 INFO o.a.j.t.JMeterThread: Thread started: Agent search 2-479
2026-10-09 08:05:22,482 INFO o.a.j.t.JMeterThread: Thread is done: Agent search 2-479
2026-10-09 08:05:22,482 INFO o.a.j.t.JMeterThread: Thread finished: Agent search 2-479
2026-10-09 08:05:22,891 INFO o.a.j.t.JMeterThread: Thread is done: Ticket intake 1-120
2026-10-09 08:05:22,891 INFO o.a.j.t.JMeterThread: Thread finished: Ticket intake 1-120
2026-10-09 08:05:31,493 INFO o.a.j.r.Summariser: summary +      7 in 00:00:31 =    0.2/s Avg:  6942 Min:    85 Max: 19022 Err:     0 (0.00%) Active: 2 Started: 601 Finished: 599
2026-10-09 08:05:31,493 INFO o.a.j.r.Summariser: summary =    600 in 00:34:53 =    0.3/s Avg:  3989 Min:    69 Max: 43511 Err:     0 (0.00%)
2026-10-09 08:05:31,493 INFO o.a.j.t.JMeterThread: Thread is done: Ticket intake 1-121
2026-10-09 08:05:31,493 INFO o.a.j.t.JMeterThread: Thread finished: Ticket intake 1-121
2026-10-09 08:05:37,466 INFO o.a.j.t.JMeterThread: Thread started: Agent search 2-480
2026-10-09 08:05:37,739 INFO o.a.j.t.JMeterThread: Thread is done: Agent search 2-480
2026-10-09 08:05:37,739 INFO o.a.j.t.JMeterThread: Thread finished: Agent search 2-480
2026-10-09 08:05:37,973 INFO o.a.j.t.JMeterThread: Thread started: Ticket intake 1-123
2026-10-09 08:05:38,359 INFO o.a.j.t.JMeterThread: Thread started: Agent search 2-481
2026-10-09 08:05:38,521 INFO o.a.j.t.JMeterThread: Thread is done: Agent search 2-481
2026-10-09 08:05:38,521 INFO o.a.j.t.JMeterThread: Thread finished: Agent search 2-481
2026-10-09 08:05:46,750 INFO o.a.j.t.JMeterThread: Thread is done: Ticket intake 1-122
2026-10-09 08:05:46,750 INFO o.a.j.t.JMeterThread: Thread finished: Ticket intake 1-122
2026-10-09 08:05:48,288 INFO o.a.j.t.JMeterThread: Thread started: Ticket intake 1-124
2026-10-09 08:05:50,775 INFO o.a.j.t.JMeterThread: Thread started: Ticket intake 1-125
2026-10-09 08:05:51,148 INFO o.a.j.t.JMeterThread: Thread started: Agent search 2-482
2026-10-09 08:05:51,359 INFO o.a.j.t.JMeterThread: Thread is done: Agent search 2-482
2026-10-09 08:05:51,359 INFO o.a.j.t.JMeterThread: Thread finished: Agent search 2-482
2026-10-09 08:05:54,828 INFO o.a.j.t.JMeterThread: Thread started: Agent search 2-483
2026-10-09 08:05:55,089 INFO o.a.j.t.JMeterThread: Thread is done: Agent search 2-483
2026-10-09 08:05:55,089 INFO o.a.j.t.JMeterThread: Thread finished: Agent search 2-483
2026-10-09 08:05:56,154 INFO o.a.j.t.JMeterThread: Thread started: Agent search 2-484
2026-10-09 08:05:56,275 INFO o.a.j.t.JMeterThread: Thread is done: Agent search 2-484
2026-10-09 08:05:56,275 INFO o.a.j.t.JMeterThread: Thread finished: Agent search 2-484
2026-10-09 08:05:58,014 INFO o.a.j.t.JMeterThread: Thread is done: Ticket intake 1-123
2026-10-09 08:05:58,014 INFO o.a.j.t.JMeterThread: Thread finished: Ticket intake 1-123
2026-10-09 08:05:58,667 INFO o.a.j.t.JMeterThread: Thread started: Agent search 2-485
2026-10-09 08:05:58,941 INFO o.a.j.t.JMeterThread: Thread is done: Agent search 2-485
2026-10-09 08:05:58,941 INFO o.a.j.t.JMeterThread: Thread finished: Agent search 2-485
2026-10-09 08:06:01,368 INFO o.a.j.t.JMeterThread: Thread started: Ticket intake 1-126
2026-10-09 08:06:04,425 INFO o.a.j.t.JMeterThread: Thread started: Agent search 2-486
2026-10-09 08:06:04,568 INFO o.a.j.r.Summariser: summary +      9 in 00:00:33 =    0.3/s Avg:  5925 Min:   121 Max: 31849 Err:     0 (0.00%) Active: 4 Started: 612 Finished: 608
2026-10-09 08:06:04,569 INFO o.a.j.r.Summariser: summary =    609 in 00:35:26 =    0.3/s Avg:  4018 Min:    69 Max: 43511 Err:     0 (0.00%)
2026-10-09 08:06:04,569 INFO o.a.j.t.JMeterThread: Thread is done: Agent search 2-486
2026-10-09 08:06:04,569 INFO o.a.j.t.JMeterThread: Thread finished: Agent search 2-486
2026-10-09 08:06:05,285 INFO o.a.j.t.JMeterThread: Thread is done: Ticket intake 1-124
2026-10-09 08:06:05,286 INFO o.a.j.t.JMeterThread: Thread finished: Ticket intake 1-124
2026-10-09 08:06:09,185 INFO o.a.j.t.JMeterThread: Thread started: Ticket intake 1-127
2026-10-09 08:06:12,197 INFO o.a.j.t.JMeterThread: Thread is done: Ticket intake 1-125
2026-10-09 08:06:12,197 INFO o.a.j.t.JMeterThread: Thread finished: Ticket intake 1-125
2026-10-09 08:06:13,545 INFO o.a.j.t.JMeterThread: Thread started: Ticket intake 1-128
2026-10-09 08:06:15,135 INFO o.a.j.t.JMeterThread: Thread started: Ticket intake 1-129
2026-10-09 08:06:17,598 INFO o.a.j.t.JMeterThread: Thread started: Ticket intake 1-130
2026-10-09 08:06:21,056 INFO o.a.j.t.JMeterThread: Thread is done: Ticket intake 1-126
2026-10-09 08:06:21,056 INFO o.a.j.t.JMeterThread: Thread finished: Ticket intake 1-126
2026-10-09 08:06:22,543 INFO o.a.j.t.JMeterThread: Thread started: Agent search 2-487
2026-10-09 08:06:22,824 INFO o.a.j.t.JMeterThread: Thread is done: Agent search 2-487
2026-10-09 08:06:22,824 INFO o.a.j.t.JMeterThread: Thread finished: Agent search 2-487
2026-10-09 08:06:30,979 INFO o.a.j.t.JMeterThread: Thread started: Agent search 2-488
2026-10-09 08:06:31,163 INFO o.a.j.r.Summariser: summary +      5 in 00:00:27 =    0.2/s Avg: 11713 Min:   183 Max: 21421 Err:     0 (0.00%) Active: 5 Started: 618 Finished: 613
2026-10-09 08:06:31,164 INFO o.a.j.r.Summariser: summary =    614 in 00:35:53 =    0.3/s Avg:  4080 Min:    69 Max: 43511 Err:     0 (0.00%)
2026-10-09 08:06:31,164 INFO o.a.j.t.JMeterThread: Thread is done: Agent search 2-488
2026-10-09 08:06:31,164 INFO o.a.j.t.JMeterThread: Thread finished: Agent search 2-488
2026-10-09 08:06:33,129 INFO o.a.j.t.JMeterThread: Thread is done: Ticket intake 1-127
2026-10-09 08:06:33,129 INFO o.a.j.t.JMeterThread: Thread finished: Ticket intake 1-127
2026-10-09 08:06:40,552 INFO o.a.j.t.JMeterThread: Thread started: Agent search 2-489
2026-10-09 08:06:40,674 INFO o.a.j.t.JMeterThread: Thread is done: Agent search 2-489
2026-10-09 08:06:40,674 INFO o.a.j.t.JMeterThread: Thread finished: Agent search 2-489
2026-10-09 08:06:41,742 INFO o.a.j.t.JMeterThread: Thread is done: Ticket intake 1-128
2026-10-09 08:06:41,742 INFO o.a.j.t.JMeterThread: Thread finished: Ticket intake 1-128
2026-10-09 08:06:45,815 INFO o.a.j.t.JMeterThread: Thread started: Agent search 2-490
2026-10-09 08:06:45,931 INFO o.a.j.t.JMeterThread: Thread is done: Agent search 2-490
2026-10-09 08:06:45,932 INFO o.a.j.t.JMeterThread: Thread finished: Agent search 2-490
2026-10-09 08:06:50,668 INFO o.a.j.t.JMeterThread: Thread started: Agent search 2-491
2026-10-09 08:06:50,956 INFO o.a.j.t.JMeterThread: Thread is done: Agent search 2-491
2026-10-09 08:06:50,956 INFO o.a.j.t.JMeterThread: Thread finished: Agent search 2-491
2026-10-09 08:06:52,514 INFO o.a.j.t.JMeterThread: Thread is done: Ticket intake 1-129
2026-10-09 08:06:52,514 INFO o.a.j.t.JMeterThread: Thread finished: Ticket intake 1-129
2026-10-09 08:06:57,163 INFO o.a.j.t.JMeterThread: Thread started: Agent search 2-492
2026-10-09 08:06:57,202 INFO o.a.j.t.JMeterThread: Thread started: Agent search 2-493
2026-10-09 08:06:57,339 INFO o.a.j.t.JMeterThread: Thread is done: Agent search 2-493
2026-10-09 08:06:57,340 INFO o.a.j.t.JMeterThread: Thread finished: Agent search 2-493
2026-10-09 08:06:57,339 INFO o.a.j.t.JMeterThread: Thread is done: Agent search 2-492
2026-10-09 08:06:57,340 INFO o.a.j.t.JMeterThread: Thread finished: Agent search 2-492
2026-10-09 08:07:00,018 INFO o.a.j.t.JMeterThread: Thread started: Agent search 2-494
2026-10-09 08:07:00,162 INFO o.a.j.r.Summariser: summary +      9 in 00:00:29 =    0.3/s Avg: 10055 Min:   115 Max: 37379 Err:     0 (0.00%) Active: 2 Started: 624 Finished: 622
2026-10-09 08:07:00,162 INFO o.a.j.r.Summariser: summary =    623 in 00:36:22 =    0.3/s Avg:  4167 Min:    69 Max: 43511 Err:     0 (0.00%)
2026-10-09 08:07:00,162 INFO o.a.j.t.JMeterThread: Thread is done: Agent search 2-494
2026-10-09 08:07:00,162 INFO o.a.j.t.JMeterThread: Thread finished: Agent search 2-494
2026-10-09 08:07:04,383 INFO o.a.j.t.JMeterThread: Thread is done: Ticket intake 1-130
2026-10-09 08:07:04,384 INFO o.a.j.t.JMeterThread: Thread finished: Ticket intake 1-130
2026-10-09 08:07:13,973 INFO o.a.j.t.JMeterThread: Thread started: Agent search 2-495
2026-10-09 08:07:14,134 INFO o.a.j.t.JMeterThread: Thread is done: Agent search 2-495
2026-10-09 08:07:14,134 INFO o.a.j.t.JMeterThread: Thread finished: Agent search 2-495
2026-10-09 08:07:15,806 INFO o.a.j.t.JMeterThread: Thread started: Agent search 2-496
2026-10-09 08:07:15,944 INFO o.a.j.t.JMeterThread: Thread is done: Agent search 2-496
2026-10-09 08:07:15,945 INFO o.a.j.t.JMeterThread: Thread finished: Agent search 2-496
2026-10-09 08:07:23,333 INFO o.a.j.t.JMeterThread: Thread started: Ticket intake 1-131
2026-10-09 08:07:24,755 INFO o.a.j.t.JMeterThread: Thread started: Agent search 2-497
2026-10-09 08:07:24,858 INFO o.a.j.t.JMeterThread: Thread is done: Agent search 2-497
2026-10-09 08:07:24,859 INFO o.a.j.t.JMeterThread: Thread finished: Agent search 2-497
2026-10-09 08:07:25,907 INFO o.a.j.t.JMeterThread: Thread started: Agent search 2-498
2026-10-09 08:07:26,004 INFO o.a.j.t.JMeterThread: Thread is done: Agent search 2-498
2026-10-09 08:07:26,005 INFO o.a.j.t.JMeterThread: Thread finished: Agent search 2-498
2026-10-09 08:07:29,871 INFO o.a.j.t.JMeterThread: Thread started: Agent search 2-499
2026-10-09 08:07:29,980 INFO o.a.j.t.JMeterThread: Thread is done: Agent search 2-499
2026-10-09 08:07:29,981 INFO o.a.j.t.JMeterThread: Thread finished: Agent search 2-499
2026-10-09 08:07:33,024 INFO o.a.j.r.Summariser: summary +      7 in 00:00:33 =    0.2/s Avg:  8154 Min:    97 Max: 46785 Err:     0 (0.00%) Active: 1 Started: 630 Finished: 629
2026-10-09 08:07:33,025 INFO o.a.j.r.Summariser: summary =    630 in 00:36:55 =    0.3/s Avg:  4211 Min:    69 Max: 46785 Err:     0 (0.00%)
2026-10-09 08:07:33,025 INFO o.a.j.t.JMeterThread: Thread is done: Ticket intake 1-131
2026-10-09 08:07:33,025 INFO o.a.j.t.JMeterThread: Thread finished: Ticket intake 1-131
2026-10-09 08:07:36,346 INFO o.a.j.t.JMeterThread: Thread started: Agent search 2-500
2026-10-09 08:07:36,432 INFO o.a.j.t.JMeterThread: Thread is done: Agent search 2-500
2026-10-09 08:07:36,433 INFO o.a.j.t.JMeterThread: Thread finished: Agent search 2-500
2026-10-09 08:07:40,228 INFO o.a.j.t.JMeterThread: Thread started: Agent search 2-501
2026-10-09 08:07:40,326 INFO o.a.j.t.JMeterThread: Thread is done: Agent search 2-501
2026-10-09 08:07:40,327 INFO o.a.j.t.JMeterThread: Thread finished: Agent search 2-501
2026-10-09 08:07:45,660 INFO o.a.j.t.JMeterThread: Thread started: Agent search 2-502
2026-10-09 08:07:45,823 INFO o.a.j.t.JMeterThread: Thread is done: Agent search 2-502
2026-10-09 08:07:45,823 INFO o.a.j.t.JMeterThread: Thread finished: Agent search 2-502
2026-10-09 08:07:54,883 INFO o.a.j.t.JMeterThread: Thread started: Agent search 2-503
2026-10-09 08:07:54,974 INFO o.a.j.t.JMeterThread: Thread is done: Agent search 2-503
2026-10-09 08:07:54,974 INFO o.a.j.t.JMeterThread: Thread finished: Agent search 2-503
2026-10-09 08:08:01,370 INFO o.a.j.t.JMeterThread: Thread started: Agent search 2-504
2026-10-09 08:08:01,463 INFO o.a.j.r.Summariser: summary +      5 in 00:00:28 =    0.2/s Avg:   105 Min:    86 Max:   163 Err:     0 (0.00%) Active: 1 Started: 635 Finished: 634
2026-10-09 08:08:01,463 INFO o.a.j.r.Summariser: summary =    635 in 00:37:23 =    0.3/s Avg:  4179 Min:    69 Max: 46785 Err:     0 (0.00%)
2026-10-09 08:08:01,464 INFO o.a.j.t.JMeterThread: Thread is done: Agent search 2-504
2026-10-09 08:08:01,464 INFO o.a.j.t.JMeterThread: Thread finished: Agent search 2-504
2026-10-09 08:08:02,333 INFO o.a.j.t.JMeterThread: Thread started: Agent search 2-505
2026-10-09 08:08:02,465 INFO o.a.j.t.JMeterThread: Thread is done: Agent search 2-505
2026-10-09 08:08:02,465 INFO o.a.j.t.JMeterThread: Thread finished: Agent search 2-505
2026-10-09 08:08:05,254 INFO o.a.j.t.JMeterThread: Thread started: Agent search 2-506
2026-10-09 08:08:05,358 INFO o.a.j.t.JMeterThread: Thread is done: Agent search 2-506
2026-10-09 08:08:05,358 INFO o.a.j.t.JMeterThread: Thread finished: Agent search 2-506
2026-10-09 08:08:06,738 INFO o.a.j.t.JMeterThread: Thread started: Ticket intake 1-132
2026-10-09 08:08:07,472 INFO o.a.j.t.JMeterThread: Thread started: Agent search 2-507
2026-10-09 08:08:07,562 INFO o.a.j.t.JMeterThread: Thread is done: Agent search 2-507
2026-10-09 08:08:07,562 INFO o.a.j.t.JMeterThread: Thread finished: Agent search 2-507
2026-10-09 08:08:16,450 INFO o.a.j.t.JMeterThread: Thread is done: Ticket intake 1-132
2026-10-09 08:08:16,450 INFO o.a.j.t.JMeterThread: Thread finished: Ticket intake 1-132
2026-10-09 08:08:23,935 INFO o.a.j.t.JMeterThread: Thread started: Agent search 2-508
2026-10-09 08:08:24,063 INFO o.a.j.t.JMeterThread: Thread is done: Agent search 2-508
2026-10-09 08:08:24,063 INFO o.a.j.t.JMeterThread: Thread finished: Agent search 2-508
2026-10-09 08:08:25,391 INFO o.a.j.t.JMeterThread: Thread started: Agent search 2-509
2026-10-09 08:08:25,572 INFO o.a.j.t.JMeterThread: Thread is done: Agent search 2-509
2026-10-09 08:08:25,572 INFO o.a.j.t.JMeterThread: Thread finished: Agent search 2-509
2026-10-09 08:08:35,029 INFO o.a.j.t.JMeterThread: Thread started: Ticket intake 1-133
2026-10-09 08:08:35,218 INFO o.a.j.t.JMeterThread: Thread started: Agent search 2-510
2026-10-09 08:08:35,505 INFO o.a.j.r.Summariser: summary +      7 in 00:00:34 =    0.2/s Avg:  1518 Min:    90 Max:  9711 Err:     0 (0.00%) Active: 2 Started: 643 Finished: 641
2026-10-09 08:08:35,505 INFO o.a.j.r.Summariser: summary =    642 in 00:37:57 =    0.3/s Avg:  4150 Min:    69 Max: 46785 Err:     0 (0.00%)
2026-10-09 08:08:35,505 INFO o.a.j.t.JMeterThread: Thread is done: Agent search 2-510
2026-10-09 08:08:35,505 INFO o.a.j.t.JMeterThread: Thread finished: Agent search 2-510
2026-10-09 08:08:36,876 INFO o.a.j.t.JMeterThread: Thread started: Agent search 2-511
2026-10-09 08:08:37,143 INFO o.a.j.t.JMeterThread: Thread is done: Agent search 2-511
2026-10-09 08:08:37,143 INFO o.a.j.t.JMeterThread: Thread finished: Agent search 2-511
2026-10-09 08:08:39,567 INFO o.a.j.t.JMeterThread: Thread started: Ticket intake 1-134
2026-10-09 08:08:40,018 INFO o.a.j.t.JMeterThread: Thread started: Agent search 2-512
2026-10-09 08:08:40,143 INFO o.a.j.t.JMeterThread: Thread started: Agent search 2-513
2026-10-09 08:08:40,169 INFO o.a.j.t.JMeterThread: Thread is done: Agent search 2-512
2026-10-09 08:08:40,169 INFO o.a.j.t.JMeterThread: Thread finished: Agent search 2-512
2026-10-09 08:08:40,326 INFO o.a.j.t.JMeterThread: Thread is done: Agent search 2-513
2026-10-09 08:08:40,326 INFO o.a.j.t.JMeterThread: Thread finished: Agent search 2-513
2026-10-09 08:08:49,841 INFO o.a.j.t.JMeterThread: Thread is done: Ticket intake 1-133
2026-10-09 08:08:49,841 INFO o.a.j.t.JMeterThread: Thread finished: Ticket intake 1-133
2026-10-09 08:08:52,877 INFO o.a.j.t.JMeterThread: Thread started: Ticket intake 1-135
2026-10-09 08:08:56,498 INFO o.a.j.t.JMeterThread: Thread started: Agent search 2-514
2026-10-09 08:08:56,701 INFO o.a.j.t.JMeterThread: Thread is done: Agent search 2-514
2026-10-09 08:08:56,701 INFO o.a.j.t.JMeterThread: Thread finished: Agent search 2-514
2026-10-09 08:09:00,797 INFO o.a.j.r.Summariser: summary +      6 in 00:00:25 =    0.2/s Avg:  6139 Min:   150 Max: 21229 Err:     0 (0.00%) Active: 2 Started: 649 Finished: 647
2026-10-09 08:09:00,797 INFO o.a.j.r.Summariser: summary =    648 in 00:38:22 =    0.3/s Avg:  4168 Min:    69 Max: 46785 Err:     0 (0.00%)
2026-10-09 08:09:00,797 INFO o.a.j.t.JMeterThread: Thread is done: Ticket intake 1-134
2026-10-09 08:09:00,797 INFO o.a.j.t.JMeterThread: Thread finished: Ticket intake 1-134
2026-10-09 08:09:02,353 INFO o.a.j.t.JMeterThread: Thread started: Agent search 2-515
2026-10-09 08:09:02,640 INFO o.a.j.t.JMeterThread: Thread is done: Agent search 2-515
2026-10-09 08:09:02,640 INFO o.a.j.t.JMeterThread: Thread finished: Agent search 2-515
2026-10-09 08:09:03,788 INFO o.a.j.t.JMeterThread: Thread started: Agent search 2-516
2026-10-09 08:09:03,906 INFO o.a.j.t.JMeterThread: Thread started: Agent search 2-517
2026-10-09 08:09:03,936 INFO o.a.j.t.JMeterThread: Thread is done: Agent search 2-516
2026-10-09 08:09:03,936 INFO o.a.j.t.JMeterThread: Thread finished: Agent search 2-516
2026-10-09 08:09:03,990 INFO o.a.j.t.JMeterThread: Thread is done: Agent search 2-517
2026-10-09 08:09:03,990 INFO o.a.j.t.JMeterThread: Thread finished: Agent search 2-517
2026-10-09 08:09:05,228 INFO o.a.j.t.JMeterThread: Thread started: Agent search 2-518
2026-10-09 08:09:05,461 INFO o.a.j.t.JMeterThread: Thread is done: Agent search 2-518
2026-10-09 08:09:05,461 INFO o.a.j.t.JMeterThread: Thread finished: Agent search 2-518
2026-10-09 08:09:06,464 INFO o.a.j.t.JMeterThread: Thread started: Agent search 2-519
2026-10-09 08:09:06,609 INFO o.a.j.t.JMeterThread: Thread is done: Agent search 2-519
2026-10-09 08:09:06,609 INFO o.a.j.t.JMeterThread: Thread finished: Agent search 2-519
2026-10-09 08:09:09,091 INFO o.a.j.t.JMeterThread: Thread is done: Ticket intake 1-135
2026-10-09 08:09:09,091 INFO o.a.j.t.JMeterThread: Thread finished: Ticket intake 1-135
2026-10-09 08:09:13,709 INFO o.a.j.t.JMeterThread: Thread started: Agent search 2-520
2026-10-09 08:09:13,777 INFO o.a.j.t.JMeterThread: Thread started: Agent search 2-521
2026-10-09 08:09:13,906 INFO o.a.j.t.JMeterThread: Thread is done: Agent search 2-520
2026-10-09 08:09:13,906 INFO o.a.j.t.JMeterThread: Thread finished: Agent search 2-520
2026-10-09 08:09:14,115 INFO o.a.j.t.JMeterThread: Thread is done: Agent search 2-521
2026-10-09 08:09:14,115 INFO o.a.j.t.JMeterThread: Thread finished: Agent search 2-521
2026-10-09 08:09:14,185 INFO o.a.j.t.JMeterThread: Thread started: Agent search 2-522
2026-10-09 08:09:14,313 INFO o.a.j.t.JMeterThread: Thread is done: Agent search 2-522
2026-10-09 08:09:14,314 INFO o.a.j.t.JMeterThread: Thread finished: Agent search 2-522
2026-10-09 08:09:16,592 INFO o.a.j.t.JMeterThread: Thread started: Agent search 2-523
2026-10-09 08:09:16,771 INFO o.a.j.t.JMeterThread: Thread is done: Agent search 2-523
2026-10-09 08:09:16,771 INFO o.a.j.t.JMeterThread: Thread finished: Agent search 2-523
2026-10-09 08:09:17,570 INFO o.a.j.t.JMeterThread: Thread started: Agent search 2-524
2026-10-09 08:09:17,897 INFO o.a.j.t.JMeterThread: Thread is done: Agent search 2-524
2026-10-09 08:09:17,897 INFO o.a.j.t.JMeterThread: Thread finished: Agent search 2-524
2026-10-09 08:09:21,494 INFO o.a.j.t.JMeterThread: Thread started: Ticket intake 1-136
2026-10-09 08:09:25,158 INFO o.a.j.t.JMeterThread: Thread started: Ticket intake 1-137
2026-10-09 08:09:27,270 INFO o.a.j.t.JMeterThread: Thread started: Agent search 2-525
2026-10-09 08:09:27,523 INFO o.a.j.t.JMeterThread: Thread is done: Agent search 2-525
2026-10-09 08:09:27,523 INFO o.a.j.t.JMeterThread: Thread finished: Agent search 2-525
2026-10-09 08:09:30,403 INFO o.a.j.r.Summariser: summary +     13 in 00:00:30 =    0.4/s Avg:  2109 Min:    83 Max: 16213 Err:     0 (0.00%) Active: 2 Started: 662 Finished: 660
2026-10-09 08:09:30,403 INFO o.a.j.r.Summariser: summary =    661 in 00:38:52 =    0.3/s Avg:  4128 Min:    69 Max: 46785 Err:     0 (0.00%)
2026-10-09 08:09:30,403 INFO o.a.j.t.JMeterThread: Thread is done: Ticket intake 1-136
2026-10-09 08:09:30,403 INFO o.a.j.t.JMeterThread: Thread finished: Ticket intake 1-136
2026-10-09 08:09:32,427 INFO o.a.j.t.JMeterThread: Thread started: Agent search 2-526
2026-10-09 08:09:32,435 INFO o.a.j.t.JMeterThread: Thread started: Agent search 2-527
2026-10-09 08:09:32,643 INFO o.a.j.t.JMeterThread: Thread is done: Agent search 2-527
2026-10-09 08:09:32,643 INFO o.a.j.t.JMeterThread: Thread is done: Agent search 2-526
2026-10-09 08:09:32,644 INFO o.a.j.t.JMeterThread: Thread finished: Agent search 2-527
2026-10-09 08:09:32,644 INFO o.a.j.t.JMeterThread: Thread finished: Agent search 2-526
2026-10-09 08:09:33,702 INFO o.a.j.t.JMeterThread: Thread started: Agent search 2-528
2026-10-09 08:09:33,816 INFO o.a.j.t.JMeterThread: Thread is done: Agent search 2-528
2026-10-09 08:09:33,816 INFO o.a.j.t.JMeterThread: Thread finished: Agent search 2-528
2026-10-09 08:09:34,316 INFO o.a.j.t.JMeterThread: Thread started: Ticket intake 1-138
2026-10-09 08:09:35,279 INFO o.a.j.t.JMeterThread: Thread started: Agent search 2-529
2026-10-09 08:09:35,445 INFO o.a.j.t.JMeterThread: Thread started: Agent search 2-530
2026-10-09 08:09:35,612 INFO o.a.j.t.JMeterThread: Thread is done: Agent search 2-529
2026-10-09 08:09:35,612 INFO o.a.j.t.JMeterThread: Thread finished: Agent search 2-529
2026-10-09 08:09:35,671 INFO o.a.j.t.JMeterThread: Thread is done: Agent search 2-530
2026-10-09 08:09:35,671 INFO o.a.j.t.JMeterThread: Thread finished: Agent search 2-530
2026-10-09 08:09:36,785 INFO o.a.j.t.JMeterThread: Thread started: Ticket intake 1-139
2026-10-09 08:09:38,480 INFO o.a.j.t.JMeterThread: Thread is done: Ticket intake 1-137
2026-10-09 08:09:38,480 INFO o.a.j.t.JMeterThread: Thread finished: Ticket intake 1-137
2026-10-09 08:09:40,880 INFO o.a.j.t.JMeterThread: Thread started: Agent search 2-531
2026-10-09 08:09:41,142 INFO o.a.j.t.JMeterThread: Thread is done: Agent search 2-531
2026-10-09 08:09:41,142 INFO o.a.j.t.JMeterThread: Thread finished: Agent search 2-531
2026-10-09 08:09:45,186 INFO o.a.j.t.JMeterThread: Thread is done: Ticket intake 1-138
2026-10-09 08:09:45,186 INFO o.a.j.t.JMeterThread: Thread finished: Ticket intake 1-138
2026-10-09 08:09:52,815 INFO o.a.j.t.JMeterThread: Thread is done: Ticket intake 1-139
2026-10-09 08:09:52,815 INFO o.a.j.t.JMeterThread: Thread finished: Ticket intake 1-139
2026-10-09 08:09:58,961 INFO o.a.j.t.JMeterThread: Thread started: Agent search 2-532
2026-10-09 08:09:59,268 INFO o.a.j.t.JMeterThread: Thread is done: Agent search 2-532
2026-10-09 08:09:59,268 INFO o.a.j.t.JMeterThread: Thread finished: Agent search 2-532
2026-10-09 08:10:14,509 INFO o.a.j.t.JMeterThread: Thread started: Ticket intake 1-140
2026-10-09 08:10:18,054 INFO o.a.j.t.JMeterThread: Thread started: Agent search 2-533
2026-10-09 08:10:18,314 INFO o.a.j.t.JMeterThread: Thread is done: Agent search 2-533
2026-10-09 08:10:18,314 INFO o.a.j.t.JMeterThread: Thread finished: Agent search 2-533
2026-10-09 08:10:18,477 INFO o.a.j.t.JMeterThread: Thread started: Agent search 2-534
2026-10-09 08:10:18,740 INFO o.a.j.t.JMeterThread: Thread is done: Agent search 2-534
2026-10-09 08:10:18,741 INFO o.a.j.t.JMeterThread: Thread finished: Agent search 2-534
2026-10-09 08:10:19,940 INFO o.a.j.t.JMeterThread: Thread started: Ticket intake 1-141
2026-10-09 08:10:21,421 INFO o.a.j.t.JMeterThread: Thread started: Agent search 2-535
2026-10-09 08:10:21,659 INFO o.a.j.t.JMeterThread: Thread is done: Agent search 2-535
2026-10-09 08:10:21,659 INFO o.a.j.t.JMeterThread: Thread finished: Agent search 2-535
2026-10-09 08:10:23,325 INFO o.a.j.t.JMeterThread: Thread started: Ticket intake 1-142
2026-10-09 08:10:23,946 INFO o.a.j.t.JMeterThread: Thread is done: Ticket intake 1-140
2026-10-09 08:10:23,946 INFO o.a.j.t.JMeterThread: Thread finished: Ticket intake 1-140
2026-10-09 08:10:25,471 INFO o.a.j.t.JMeterThread: Thread started: Agent search 2-536
2026-10-09 08:10:25,584 INFO o.a.j.t.JMeterThread: Thread is done: Agent search 2-536
2026-10-09 08:10:25,584 INFO o.a.j.t.JMeterThread: Thread finished: Agent search 2-536
2026-10-09 08:10:31,597 INFO o.a.j.t.JMeterThread: Thread started: Agent search 2-537
2026-10-09 08:10:31,831 INFO o.a.j.r.Summariser: summary +     16 in 00:01:01 =    0.3/s Avg:  3276 Min:   112 Max: 16029 Err:     0 (0.00%) Active: 3 Started: 679 Finished: 676
2026-10-09 08:10:31,831 INFO o.a.j.r.Summariser: summary =    677 in 00:39:53 =    0.3/s Avg:  4108 Min:    69 Max: 46785 Err:     0 (0.00%)
2026-10-09 08:10:31,831 INFO o.a.j.t.JMeterThread: Thread is done: Agent search 2-537
2026-10-09 08:10:31,831 INFO o.a.j.t.JMeterThread: Thread finished: Agent search 2-537
2026-10-09 08:10:36,028 INFO o.a.j.t.JMeterThread: Thread started: Ticket intake 1-143
2026-10-09 08:10:37,359 INFO o.a.j.t.JMeterThread: Thread is done: Ticket intake 1-141
2026-10-09 08:10:37,359 INFO o.a.j.t.JMeterThread: Thread finished: Ticket intake 1-141
2026-10-09 08:10:37,591 INFO o.a.j.t.JMeterThread: Thread started: Agent search 2-538
2026-10-09 08:10:37,770 INFO o.a.j.t.JMeterThread: Thread is done: Agent search 2-538
2026-10-09 08:10:37,770 INFO o.a.j.t.JMeterThread: Thread finished: Agent search 2-538
2026-10-09 08:10:44,894 INFO o.a.j.t.JMeterThread: Thread started: Agent search 2-539
2026-10-09 08:10:45,038 INFO o.a.j.t.JMeterThread: Thread started: Ticket intake 1-144
2026-10-09 08:10:45,143 INFO o.a.j.t.JMeterThread: Thread is done: Agent search 2-539
2026-10-09 08:10:45,143 INFO o.a.j.t.JMeterThread: Thread finished: Agent search 2-539
2026-10-09 08:10:49,716 INFO o.a.j.t.JMeterThread: Thread started: Ticket intake 1-145
2026-10-09 08:10:50,057 INFO o.a.j.t.JMeterThread: Thread is done: Ticket intake 1-142
2026-10-09 08:10:50,057 INFO o.a.j.t.JMeterThread: Thread finished: Ticket intake 1-142
2026-10-09 08:10:52,429 INFO o.a.j.t.JMeterThread: Thread started: Agent search 2-540
2026-10-09 08:10:52,512 INFO o.a.j.t.JMeterThread: Thread started: Agent search 2-541
2026-10-09 08:10:52,617 INFO o.a.j.t.JMeterThread: Thread is done: Agent search 2-540
2026-10-09 08:10:52,617 INFO o.a.j.t.JMeterThread: Thread finished: Agent search 2-540
2026-10-09 08:10:52,718 INFO o.a.j.t.JMeterThread: Thread is done: Agent search 2-541
2026-10-09 08:10:52,718 INFO o.a.j.t.JMeterThread: Thread finished: Agent search 2-541
2026-10-09 08:10:57,019 INFO o.a.j.t.JMeterThread: Thread is done: Ticket intake 1-143
2026-10-09 08:10:57,020 INFO o.a.j.t.JMeterThread: Thread finished: Ticket intake 1-143
2026-10-09 08:11:02,146 INFO o.a.j.t.JMeterThread: Thread started: Agent search 2-542
2026-10-09 08:11:02,345 INFO o.a.j.r.Summariser: summary +      8 in 00:00:31 =    0.3/s Avg:  8269 Min:   178 Max: 26732 Err:     0 (0.00%) Active: 3 Started: 687 Finished: 684
2026-10-09 08:11:02,345 INFO o.a.j.r.Summariser: summary =    685 in 00:40:24 =    0.3/s Avg:  4156 Min:    69 Max: 46785 Err:     0 (0.00%)
2026-10-09 08:11:02,345 INFO o.a.j.t.JMeterThread: Thread is done: Agent search 2-542
2026-10-09 08:11:02,345 INFO o.a.j.t.JMeterThread: Thread finished: Agent search 2-542
2026-10-09 08:11:05,416 INFO o.a.j.t.JMeterThread: Thread is done: Ticket intake 1-144
2026-10-09 08:11:05,417 INFO o.a.j.t.JMeterThread: Thread finished: Ticket intake 1-144
2026-10-09 08:11:10,188 INFO o.a.j.t.JMeterThread: Thread started: Agent search 2-543
2026-10-09 08:11:10,538 INFO o.a.j.t.JMeterThread: Thread is done: Agent search 2-543
2026-10-09 08:11:10,538 INFO o.a.j.t.JMeterThread: Thread finished: Agent search 2-543
2026-10-09 08:11:11,403 INFO o.a.j.t.JMeterThread: Thread started: Agent search 2-544
2026-10-09 08:11:11,482 INFO o.a.j.t.JMeterThread: Thread is done: Agent search 2-544
2026-10-09 08:11:11,483 INFO o.a.j.t.JMeterThread: Thread finished: Agent search 2-544
2026-10-09 08:11:13,534 INFO o.a.j.t.JMeterThread: Thread is done: Ticket intake 1-145
2026-10-09 08:11:13,534 INFO o.a.j.t.JMeterThread: Thread finished: Ticket intake 1-145
2026-10-09 08:11:15,776 INFO o.a.j.t.JMeterThread: Thread started: Ticket intake 1-146
2026-10-09 08:11:21,485 INFO o.a.j.t.JMeterThread: Thread started: Agent search 2-545
2026-10-09 08:11:21,697 INFO o.a.j.t.JMeterThread: Thread is done: Agent search 2-545
2026-10-09 08:11:21,697 INFO o.a.j.t.JMeterThread: Thread finished: Agent search 2-545
2026-10-09 08:11:22,416 INFO o.a.j.t.JMeterThread: Thread is done: Ticket intake 1-146
2026-10-09 08:11:22,416 INFO o.a.j.t.JMeterThread: Thread finished: Ticket intake 1-146
2026-10-09 08:11:23,615 INFO o.a.j.t.JMeterThread: Thread started: Agent search 2-546
2026-10-09 08:11:23,849 INFO o.a.j.t.JMeterThread: Thread is done: Agent search 2-546
2026-10-09 08:11:23,849 INFO o.a.j.t.JMeterThread: Thread finished: Agent search 2-546
2026-10-09 08:11:32,717 INFO o.a.j.t.JMeterThread: Thread started: Agent search 2-547
2026-10-09 08:11:32,961 INFO o.a.j.r.Summariser: summary +      8 in 00:00:31 =    0.3/s Avg:  6493 Min:    78 Max: 23818 Err:     0 (0.00%) Active: 1 Started: 693 Finished: 692
2026-10-09 08:11:32,961 INFO o.a.j.r.Summariser: summary =    693 in 00:40:55 =    0.3/s Avg:  4183 Min:    69 Max: 46785 Err:     0 (0.00%)
2026-10-09 08:11:32,961 INFO o.a.j.t.JMeterThread: Thread is done: Agent search 2-547
2026-10-09 08:11:32,961 INFO o.a.j.t.JMeterThread: Thread finished: Agent search 2-547
2026-10-09 08:11:38,365 INFO o.a.j.t.JMeterThread: Thread started: Agent search 2-548
2026-10-09 08:11:38,697 INFO o.a.j.t.JMeterThread: Thread is done: Agent search 2-548
2026-10-09 08:11:38,697 INFO o.a.j.t.JMeterThread: Thread finished: Agent search 2-548
2026-10-09 08:11:43,998 INFO o.a.j.t.JMeterThread: Thread started: Agent search 2-549
2026-10-09 08:11:44,225 INFO o.a.j.t.JMeterThread: Thread is done: Agent search 2-549
2026-10-09 08:11:44,226 INFO o.a.j.t.JMeterThread: Thread finished: Agent search 2-549
2026-10-09 08:11:44,501 INFO o.a.j.t.JMeterThread: Thread started: Agent search 2-550
2026-10-09 08:11:44,737 INFO o.a.j.t.JMeterThread: Thread is done: Agent search 2-550
2026-10-09 08:11:44,737 INFO o.a.j.t.JMeterThread: Thread finished: Agent search 2-550
2026-10-09 08:11:47,445 INFO o.a.j.t.JMeterThread: Thread started: Agent search 2-551
2026-10-09 08:11:47,810 INFO o.a.j.t.JMeterThread: Thread is done: Agent search 2-551
2026-10-09 08:11:47,810 INFO o.a.j.t.JMeterThread: Thread finished: Agent search 2-551
2026-10-09 08:12:01,686 INFO o.a.j.t.JMeterThread: Thread started: Agent search 2-552
2026-10-09 08:12:01,941 INFO o.a.j.r.Summariser: summary +      5 in 00:00:29 =    0.2/s Avg:   281 Min:   227 Max:   364 Err:     0 (0.00%) Active: 1 Started: 698 Finished: 697
2026-10-09 08:12:01,941 INFO o.a.j.r.Summariser: summary =    698 in 00:41:24 =    0.3/s Avg:  4155 Min:    69 Max: 46785 Err:     0 (0.00%)
2026-10-09 08:12:01,941 INFO o.a.j.t.JMeterThread: Thread is done: Agent search 2-552
2026-10-09 08:12:01,941 INFO o.a.j.t.JMeterThread: Thread finished: Agent search 2-552
2026-10-09 08:12:04,190 INFO o.a.j.t.JMeterThread: Thread started: Ticket intake 1-147
2026-10-09 08:12:06,519 INFO o.a.j.t.JMeterThread: Thread started: Agent search 2-553
2026-10-09 08:12:06,754 INFO o.a.j.t.JMeterThread: Thread is done: Agent search 2-553
2026-10-09 08:12:06,754 INFO o.a.j.t.JMeterThread: Thread finished: Agent search 2-553
2026-10-09 08:12:12,496 INFO o.a.j.t.JMeterThread: Thread started: Agent search 2-554
2026-10-09 08:12:12,747 INFO o.a.j.t.JMeterThread: Thread is done: Agent search 2-554
2026-10-09 08:12:12,747 INFO o.a.j.t.JMeterThread: Thread finished: Agent search 2-554
2026-10-09 08:12:14,334 INFO o.a.j.t.JMeterThread: Thread is done: Ticket intake 1-147
2026-10-09 08:12:14,334 INFO o.a.j.t.JMeterThread: Thread finished: Ticket intake 1-147
2026-10-09 08:12:19,713 INFO o.a.j.t.JMeterThread: Thread started: Agent search 2-555
2026-10-09 08:12:20,065 INFO o.a.j.t.JMeterThread: Thread is done: Agent search 2-555
2026-10-09 08:12:20,065 INFO o.a.j.t.JMeterThread: Thread finished: Agent search 2-555
2026-10-09 08:12:21,799 INFO o.a.j.t.JMeterThread: Thread started: Agent search 2-556
2026-10-09 08:12:22,012 INFO o.a.j.t.JMeterThread: Thread is done: Agent search 2-556
2026-10-09 08:12:22,013 INFO o.a.j.t.JMeterThread: Thread finished: Agent search 2-556
2026-10-09 08:12:22,328 INFO o.a.j.t.JMeterThread: Thread started: Agent search 2-557
2026-10-09 08:12:22,523 INFO o.a.j.t.JMeterThread: Thread is done: Agent search 2-557
2026-10-09 08:12:22,523 INFO o.a.j.t.JMeterThread: Thread finished: Agent search 2-557
2026-10-09 08:12:24,613 INFO o.a.j.t.JMeterThread: Thread started: Agent search 2-558
2026-10-09 08:12:24,878 INFO o.a.j.t.JMeterThread: Thread is done: Agent search 2-558
2026-10-09 08:12:24,878 INFO o.a.j.t.JMeterThread: Thread finished: Agent search 2-558
2026-10-09 08:12:25,919 INFO o.a.j.t.JMeterThread: Thread started: Agent search 2-559
2026-10-09 08:12:26,062 INFO o.a.j.t.JMeterThread: Thread is done: Agent search 2-559
2026-10-09 08:12:26,062 INFO o.a.j.t.JMeterThread: Thread finished: Agent search 2-559
2026-10-09 08:12:28,988 INFO o.a.j.t.JMeterThread: Thread started: Ticket intake 1-148
2026-10-09 08:12:32,180 INFO o.a.j.t.JMeterThread: Thread started: Agent search 2-560
2026-10-09 08:12:32,355 INFO o.a.j.r.Summariser: summary +      9 in 00:00:30 =    0.3/s Avg:  1329 Min:   143 Max: 10144 Err:     0 (0.00%) Active: 2 Started: 708 Finished: 706
2026-10-09 08:12:32,355 INFO o.a.j.r.Summariser: summary =    707 in 00:41:54 =    0.3/s Avg:  4119 Min:    69 Max: 46785 Err:     0 (0.00%)
2026-10-09 08:12:32,355 INFO o.a.j.t.JMeterThread: Thread is done: Agent search 2-560
2026-10-09 08:12:32,355 INFO o.a.j.t.JMeterThread: Thread finished: Agent search 2-560
2026-10-09 08:12:36,800 INFO o.a.j.t.JMeterThread: Thread is done: Ticket intake 1-148
2026-10-09 08:12:36,800 INFO o.a.j.t.JMeterThread: Thread finished: Ticket intake 1-148
2026-10-09 08:12:36,859 INFO o.a.j.t.JMeterThread: Thread started: Agent search 2-561
2026-10-09 08:12:37,064 INFO o.a.j.t.JMeterThread: Thread is done: Agent search 2-561
2026-10-09 08:12:37,064 INFO o.a.j.t.JMeterThread: Thread finished: Agent search 2-561
2026-10-09 08:12:37,512 INFO o.a.j.t.JMeterThread: Thread started: Agent search 2-562
2026-10-09 08:12:37,677 INFO o.a.j.t.JMeterThread: Thread is done: Agent search 2-562
2026-10-09 08:12:37,677 INFO o.a.j.t.JMeterThread: Thread finished: Agent search 2-562
2026-10-09 08:12:59,111 INFO o.a.j.t.JMeterThread: Thread started: Agent search 2-563
2026-10-09 08:12:59,286 INFO o.a.j.t.JMeterThread: Thread is done: Agent search 2-563
2026-10-09 08:12:59,286 INFO o.a.j.t.JMeterThread: Thread finished: Agent search 2-563
2026-10-09 08:13:02,581 INFO o.a.j.t.JMeterThread: Thread started: Agent search 2-564
2026-10-09 08:13:02,720 INFO o.a.j.r.Summariser: summary +      5 in 00:00:30 =    0.2/s Avg:  1698 Min:   138 Max:  7811 Err:     0 (0.00%) Active: 1 Started: 712 Finished: 711
2026-10-09 08:13:02,720 INFO o.a.j.r.Summariser: summary =    712 in 00:42:24 =    0.3/s Avg:  4102 Min:    69 Max: 46785 Err:     0 (0.00%)
2026-10-09 08:13:02,720 INFO o.a.j.t.JMeterThread: Thread is done: Agent search 2-564
2026-10-09 08:13:02,720 INFO o.a.j.t.JMeterThread: Thread finished: Agent search 2-564
2026-10-09 08:13:06,385 INFO o.a.j.t.JMeterThread: Thread started: Ticket intake 1-149
2026-10-09 08:13:07,594 INFO o.a.j.t.JMeterThread: Thread started: Agent search 2-565
2026-10-09 08:13:07,785 INFO o.a.j.t.JMeterThread: Thread is done: Agent search 2-565
2026-10-09 08:13:07,785 INFO o.a.j.t.JMeterThread: Thread finished: Agent search 2-565
2026-10-09 08:13:15,259 INFO o.a.j.t.JMeterThread: Thread is done: Ticket intake 1-149
2026-10-09 08:13:15,259 INFO o.a.j.t.JMeterThread: Thread finished: Ticket intake 1-149
2026-10-09 08:13:18,191 INFO o.a.j.t.JMeterThread: Thread started: Agent search 2-566
2026-10-09 08:13:18,421 INFO o.a.j.t.JMeterThread: Thread is done: Agent search 2-566
2026-10-09 08:13:18,421 INFO o.a.j.t.JMeterThread: Thread finished: Agent search 2-566
2026-10-09 08:13:25,790 INFO o.a.j.t.JMeterThread: Thread started: Agent search 2-567
2026-10-09 08:13:26,012 INFO o.a.j.t.JMeterThread: Thread is done: Agent search 2-567
2026-10-09 08:13:26,012 INFO o.a.j.t.JMeterThread: Thread finished: Agent search 2-567
2026-10-09 08:13:27,103 INFO o.a.j.t.JMeterThread: Thread started: Agent search 2-568
2026-10-09 08:13:27,240 INFO o.a.j.t.JMeterThread: Thread is done: Agent search 2-568
2026-10-09 08:13:27,240 INFO o.a.j.t.JMeterThread: Thread finished: Agent search 2-568
2026-10-09 08:13:27,987 INFO o.a.j.t.JMeterThread: Thread started: Ticket intake 1-150
2026-10-09 08:13:28,239 INFO o.a.j.t.JMeterThread: Thread started: Ticket intake 1-151
2026-10-09 08:13:35,162 INFO o.a.j.t.JMeterThread: Thread started: Agent search 2-569
2026-10-09 08:13:35,533 INFO o.a.j.r.Summariser: summary +      6 in 00:00:33 =    0.2/s Avg:  1669 Min:   136 Max:  8873 Err:     0 (0.00%) Active: 3 Started: 720 Finished: 717
2026-10-09 08:13:35,533 INFO o.a.j.r.Summariser: summary =    718 in 00:42:57 =    0.3/s Avg:  4082 Min:    69 Max: 46785 Err:     0 (0.00%)
2026-10-09 08:13:35,533 INFO o.a.j.t.JMeterThread: Thread is done: Agent search 2-569
2026-10-09 08:13:35,533 INFO o.a.j.t.JMeterThread: Thread finished: Agent search 2-569
2026-10-09 08:13:42,752 INFO o.a.j.t.JMeterThread: Thread started: Agent search 2-570
2026-10-09 08:13:43,009 INFO o.a.j.t.JMeterThread: Thread is done: Agent search 2-570
2026-10-09 08:13:43,009 INFO o.a.j.t.JMeterThread: Thread finished: Agent search 2-570
2026-10-09 08:13:43,016 INFO o.a.j.t.JMeterThread: Thread is done: Ticket intake 1-150
2026-10-09 08:13:43,016 INFO o.a.j.t.JMeterThread: Thread finished: Ticket intake 1-150
2026-10-09 08:13:45,527 INFO o.a.j.t.JMeterThread: Thread started: Agent search 2-571
2026-10-09 08:13:45,773 INFO o.a.j.t.JMeterThread: Thread is done: Agent search 2-571
2026-10-09 08:13:45,773 INFO o.a.j.t.JMeterThread: Thread finished: Agent search 2-571
2026-10-09 08:13:55,400 INFO o.a.j.t.JMeterThread: Thread is done: Ticket intake 1-151
2026-10-09 08:13:55,400 INFO o.a.j.t.JMeterThread: Thread finished: Ticket intake 1-151
2026-10-09 08:14:02,287 INFO o.a.j.t.JMeterThread: Thread started: Agent search 2-572
2026-10-09 08:14:02,464 INFO o.a.j.r.Summariser: summary +      5 in 00:00:27 =    0.2/s Avg:  8573 Min:   176 Max: 27161 Err:     0 (0.00%) Active: 1 Started: 723 Finished: 722
2026-10-09 08:14:02,465 INFO o.a.j.r.Summariser: summary =    723 in 00:43:24 =    0.3/s Avg:  4113 Min:    69 Max: 46785 Err:     0 (0.00%)
2026-10-09 08:14:02,465 INFO o.a.j.t.JMeterThread: Thread is done: Agent search 2-572
2026-10-09 08:14:02,465 INFO o.a.j.t.JMeterThread: Thread finished: Agent search 2-572
2026-10-09 08:14:09,000 INFO o.a.j.t.JMeterThread: Thread started: Agent search 2-573
2026-10-09 08:14:09,325 INFO o.a.j.t.JMeterThread: Thread is done: Agent search 2-573
2026-10-09 08:14:09,325 INFO o.a.j.t.JMeterThread: Thread finished: Agent search 2-573
2026-10-09 08:14:15,485 INFO o.a.j.t.JMeterThread: Thread started: Agent search 2-574
2026-10-09 08:14:15,686 INFO o.a.j.t.JMeterThread: Thread is done: Agent search 2-574
2026-10-09 08:14:15,687 INFO o.a.j.t.JMeterThread: Thread finished: Agent search 2-574
2026-10-09 08:14:19,709 INFO o.a.j.t.JMeterThread: Thread started: Agent search 2-575
2026-10-09 08:14:20,078 INFO o.a.j.t.JMeterThread: Thread is done: Agent search 2-575
2026-10-09 08:14:20,078 INFO o.a.j.t.JMeterThread: Thread finished: Agent search 2-575
2026-10-09 08:14:22,049 INFO o.a.j.t.JMeterThread: Thread started: Agent search 2-576
2026-10-09 08:14:22,227 INFO o.a.j.t.JMeterThread: Thread is done: Agent search 2-576
2026-10-09 08:14:22,227 INFO o.a.j.t.JMeterThread: Thread finished: Agent search 2-576
2026-10-09 08:14:25,204 INFO o.a.j.t.JMeterThread: Thread started: Agent search 2-577
2026-10-09 08:14:25,402 INFO o.a.j.t.JMeterThread: Thread is done: Agent search 2-577
2026-10-09 08:14:25,402 INFO o.a.j.t.JMeterThread: Thread finished: Agent search 2-577
2026-10-09 08:14:25,517 INFO o.a.j.t.JMeterThread: Thread started: Agent search 2-578
2026-10-09 08:14:25,811 INFO o.a.j.t.JMeterThread: Thread is done: Agent search 2-578
2026-10-09 08:14:25,811 INFO o.a.j.t.JMeterThread: Thread finished: Agent search 2-578
2026-10-09 08:14:26,268 INFO o.a.j.t.JMeterThread: Thread started: Ticket intake 1-152
2026-10-09 08:14:33,390 INFO o.a.j.r.Summariser: summary +      7 in 00:00:31 =    0.2/s Avg:  1240 Min:   177 Max:  7121 Err:     0 (0.00%) Active: 1 Started: 730 Finished: 729
2026-10-09 08:14:33,390 INFO o.a.j.r.Summariser: summary =    730 in 00:43:55 =    0.3/s Avg:  4085 Min:    69 Max: 46785 Err:     0 (0.00%)
2026-10-09 08:14:33,390 INFO o.a.j.t.JMeterThread: Thread is done: Ticket intake 1-152
2026-10-09 08:14:33,390 INFO o.a.j.t.JMeterThread: Thread finished: Ticket intake 1-152
2026-10-09 08:14:41,086 INFO o.a.j.t.JMeterThread: Thread started: Agent search 2-579
2026-10-09 08:14:41,123 INFO o.a.j.t.JMeterThread: Thread started: Agent search 2-580
2026-10-09 08:14:41,273 INFO o.a.j.t.JMeterThread: Thread is done: Agent search 2-579
2026-10-09 08:14:41,273 INFO o.a.j.t.JMeterThread: Thread finished: Agent search 2-579
2026-10-09 08:14:41,273 INFO o.a.j.t.JMeterThread: Thread is done: Agent search 2-580
2026-10-09 08:14:41,273 INFO o.a.j.t.JMeterThread: Thread finished: Agent search 2-580
2026-10-09 08:14:48,526 INFO o.a.j.t.JMeterThread: Thread started: Agent search 2-581
2026-10-09 08:14:48,674 INFO o.a.j.t.JMeterThread: Thread is done: Agent search 2-581
2026-10-09 08:14:48,674 INFO o.a.j.t.JMeterThread: Thread finished: Agent search 2-581
2026-10-09 08:14:51,160 INFO o.a.j.t.JMeterThread: Thread started: Agent search 2-582
2026-10-09 08:14:51,320 INFO o.a.j.t.JMeterThread: Thread is done: Agent search 2-582
2026-10-09 08:14:51,320 INFO o.a.j.t.JMeterThread: Thread finished: Agent search 2-582
2026-10-09 08:14:52,789 INFO o.a.j.t.JMeterThread: Thread started: Ticket intake 1-153
2026-10-09 08:14:53,951 INFO o.a.j.t.JMeterThread: Thread started: Agent search 2-583
2026-10-09 08:14:54,038 INFO o.a.j.t.JMeterThread: Thread is done: Agent search 2-583
2026-10-09 08:14:54,038 INFO o.a.j.t.JMeterThread: Thread finished: Agent search 2-583
2026-10-09 08:15:01,053 INFO o.a.j.r.Summariser: summary +      6 in 00:00:28 =    0.2/s Avg:  1498 Min:    86 Max:  8263 Err:     0 (0.00%) Active: 1 Started: 736 Finished: 735
2026-10-09 08:15:01,053 INFO o.a.j.r.Summariser: summary =    736 in 00:44:23 =    0.3/s Avg:  4064 Min:    69 Max: 46785 Err:     0 (0.00%)
2026-10-09 08:15:01,053 INFO o.a.j.t.JMeterThread: Thread is done: Ticket intake 1-153
2026-10-09 08:15:01,053 INFO o.a.j.t.JMeterThread: Thread finished: Ticket intake 1-153
2026-10-09 08:15:02,997 INFO o.a.j.t.JMeterThread: Thread started: Ticket intake 1-154
2026-10-09 08:15:06,635 INFO o.a.j.t.JMeterThread: Thread started: Agent search 2-584
2026-10-09 08:15:07,078 INFO o.a.j.t.JMeterThread: Thread is done: Agent search 2-584
2026-10-09 08:15:07,078 INFO o.a.j.t.JMeterThread: Thread finished: Agent search 2-584
2026-10-09 08:15:08,022 INFO o.a.j.t.JMeterThread: Thread started: Agent search 2-585
2026-10-09 08:15:08,308 INFO o.a.j.t.JMeterThread: Thread is done: Agent search 2-585
2026-10-09 08:15:08,308 INFO o.a.j.t.JMeterThread: Thread finished: Agent search 2-585
2026-10-09 08:15:09,042 INFO o.a.j.t.JMeterThread: Thread started: Ticket intake 1-155
2026-10-09 08:15:13,837 INFO o.a.j.t.JMeterThread: Thread is done: Ticket intake 1-154
2026-10-09 08:15:13,837 INFO o.a.j.t.JMeterThread: Thread finished: Ticket intake 1-154
2026-10-09 08:15:19,263 INFO o.a.j.t.JMeterThread: Thread started: Agent search 2-586
2026-10-09 08:15:19,570 INFO o.a.j.t.JMeterThread: Thread is done: Agent search 2-586
2026-10-09 08:15:19,570 INFO o.a.j.t.JMeterThread: Thread finished: Agent search 2-586
2026-10-09 08:15:23,723 INFO o.a.j.t.JMeterThread: Thread started: Agent search 2-587
2026-10-09 08:15:23,973 INFO o.a.j.t.JMeterThread: Thread is done: Agent search 2-587
2026-10-09 08:15:23,974 INFO o.a.j.t.JMeterThread: Thread finished: Agent search 2-587
2026-10-09 08:15:24,004 INFO o.a.j.t.JMeterThread: Thread started: Agent search 2-588
2026-10-09 08:15:24,179 INFO o.a.j.t.JMeterThread: Thread is done: Agent search 2-588
2026-10-09 08:15:24,179 INFO o.a.j.t.JMeterThread: Thread finished: Agent search 2-588
2026-10-09 08:15:25,136 INFO o.a.j.t.JMeterThread: Thread started: Agent search 2-589
2026-10-09 08:15:25,476 INFO o.a.j.t.JMeterThread: Thread is done: Agent search 2-589
2026-10-09 08:15:25,476 INFO o.a.j.t.JMeterThread: Thread finished: Agent search 2-589
2026-10-09 08:15:26,738 INFO o.a.j.t.JMeterThread: Thread is done: Ticket intake 1-155
2026-10-09 08:15:26,738 INFO o.a.j.t.JMeterThread: Thread finished: Ticket intake 1-155
2026-10-09 08:15:28,055 INFO o.a.j.t.JMeterThread: Thread started: Agent search 2-590
2026-10-09 08:15:28,274 INFO o.a.j.t.JMeterThread: Thread is done: Agent search 2-590
2026-10-09 08:15:28,275 INFO o.a.j.t.JMeterThread: Thread finished: Agent search 2-590
2026-10-09 08:15:29,814 INFO o.a.j.t.JMeterThread: Thread started: Agent search 2-591
2026-10-09 08:15:30,015 INFO o.a.j.r.Summariser: summary +     10 in 00:00:29 =    0.3/s Avg:  3074 Min:   174 Max: 17695 Err:     0 (0.00%) Active: 1 Started: 746 Finished: 745
2026-10-09 08:15:30,015 INFO o.a.j.r.Summariser: summary =    746 in 00:44:52 =    0.3/s Avg:  4051 Min:    69 Max: 46785 Err:     0 (0.00%)
2026-10-09 08:15:30,015 INFO o.a.j.t.JMeterThread: Thread is done: Agent search 2-591
2026-10-09 08:15:30,015 INFO o.a.j.t.JMeterThread: Thread finished: Agent search 2-591
2026-10-09 08:15:33,864 INFO o.a.j.t.JMeterThread: Thread started: Ticket intake 1-156
2026-10-09 08:15:34,761 INFO o.a.j.t.JMeterThread: Thread started: Agent search 2-592
2026-10-09 08:15:35,135 INFO o.a.j.t.JMeterThread: Thread is done: Agent search 2-592
2026-10-09 08:15:35,136 INFO o.a.j.t.JMeterThread: Thread finished: Agent search 2-592
2026-10-09 08:15:36,263 INFO o.a.j.t.JMeterThread: Thread started: Agent search 2-593
2026-10-09 08:15:36,467 INFO o.a.j.t.JMeterThread: Thread is done: Agent search 2-593
2026-10-09 08:15:36,467 INFO o.a.j.t.JMeterThread: Thread finished: Agent search 2-593
2026-10-09 08:15:37,309 INFO o.a.j.t.JMeterThread: Thread started: Agent search 2-594
2026-10-09 08:15:37,478 INFO o.a.j.t.JMeterThread: Thread is done: Agent search 2-594
2026-10-09 08:15:37,478 INFO o.a.j.t.JMeterThread: Thread finished: Agent search 2-594
2026-10-09 08:15:40,557 INFO o.a.j.t.JMeterThread: Thread started: Ticket intake 1-157
2026-10-09 08:15:47,424 INFO o.a.j.t.JMeterThread: Thread is done: Ticket intake 1-156
2026-10-09 08:15:47,424 INFO o.a.j.t.JMeterThread: Thread finished: Ticket intake 1-156
2026-10-09 08:15:50,184 INFO o.a.j.t.JMeterThread: Thread started: Agent search 2-595
2026-10-09 08:15:50,392 INFO o.a.j.t.JMeterThread: Thread is done: Agent search 2-595
2026-10-09 08:15:50,392 INFO o.a.j.t.JMeterThread: Thread finished: Agent search 2-595
2026-10-09 08:15:58,278 INFO o.a.j.t.JMeterThread: Thread is done: Ticket intake 1-157
2026-10-09 08:15:58,278 INFO o.a.j.t.JMeterThread: Thread finished: Ticket intake 1-157
2026-10-09 08:16:05,042 INFO o.a.j.t.JMeterThread: Thread started: Agent search 2-596
2026-10-09 08:16:05,242 INFO o.a.j.r.Summariser: summary +      7 in 00:00:35 =    0.2/s Avg:  4632 Min:   167 Max: 17720 Err:     0 (0.00%) Active: 1 Started: 753 Finished: 752
2026-10-09 08:16:05,242 INFO o.a.j.r.Summariser: summary =    753 in 00:45:27 =    0.3/s Avg:  4056 Min:    69 Max: 46785 Err:     0 (0.00%)
2026-10-09 08:16:05,242 INFO o.a.j.t.JMeterThread: Thread is done: Agent search 2-596
2026-10-09 08:16:05,242 INFO o.a.j.t.JMeterThread: Thread finished: Agent search 2-596
2026-10-09 08:16:09,619 INFO o.a.j.t.JMeterThread: Thread started: Ticket intake 1-158
2026-10-09 08:16:10,562 INFO o.a.j.t.JMeterThread: Thread started: Agent search 2-597
2026-10-09 08:16:10,668 INFO o.a.j.t.JMeterThread: Thread is done: Agent search 2-597
2026-10-09 08:16:10,668 INFO o.a.j.t.JMeterThread: Thread finished: Agent search 2-597
2026-10-09 08:16:11,067 INFO o.a.j.t.JMeterThread: Thread started: Agent search 2-598
2026-10-09 08:16:11,283 INFO o.a.j.t.JMeterThread: Thread is done: Agent search 2-598
2026-10-09 08:16:11,283 INFO o.a.j.t.JMeterThread: Thread finished: Agent search 2-598
2026-10-09 08:16:17,275 INFO o.a.j.t.JMeterThread: Thread started: Agent search 2-599
2026-10-09 08:16:17,529 INFO o.a.j.t.JMeterThread: Thread is done: Agent search 2-599
2026-10-09 08:16:17,529 INFO o.a.j.t.JMeterThread: Thread finished: Agent search 2-599
2026-10-09 08:16:18,451 INFO o.a.j.t.JMeterThread: Thread is done: Ticket intake 1-158
2026-10-09 08:16:18,451 INFO o.a.j.t.JMeterThread: Thread finished: Ticket intake 1-158
2026-10-09 08:16:18,529 INFO o.a.j.t.JMeterThread: Thread started: Agent search 2-600
2026-10-09 08:16:18,656 INFO o.a.j.t.JMeterThread: Thread is done: Agent search 2-600
2026-10-09 08:16:18,656 INFO o.a.j.t.JMeterThread: Thread finished: Agent search 2-600
2026-10-09 08:16:21,537 INFO o.a.j.t.JMeterThread: Thread started: Agent search 2-601
2026-10-09 08:16:21,591 INFO o.a.j.t.JMeterThread: Thread started: Agent search 2-602
2026-10-09 08:16:21,668 INFO o.a.j.t.JMeterThread: Thread is done: Agent search 2-601
2026-10-09 08:16:21,669 INFO o.a.j.t.JMeterThread: Thread finished: Agent search 2-601
2026-10-09 08:16:21,694 INFO o.a.j.t.JMeterThread: Thread is done: Agent search 2-602
2026-10-09 08:16:21,694 INFO o.a.j.t.JMeterThread: Thread finished: Agent search 2-602
2026-10-09 08:16:26,595 INFO o.a.j.t.JMeterThread: Thread started: Agent search 2-603
2026-10-09 08:16:26,624 INFO o.a.j.t.JMeterThread: Thread started: Ticket intake 1-159
2026-10-09 08:16:26,950 INFO o.a.j.t.JMeterThread: Thread is done: Agent search 2-603
2026-10-09 08:16:26,950 INFO o.a.j.t.JMeterThread: Thread finished: Agent search 2-603
2026-10-09 08:16:27,127 INFO o.a.j.t.JMeterThread: Thread started: Ticket intake 1-160
2026-10-09 08:16:32,349 INFO o.a.j.t.JMeterThread: Thread started: Agent search 2-604
2026-10-09 08:16:32,582 INFO o.a.j.r.Summariser: summary +      9 in 00:00:27 =    0.3/s Avg:  1149 Min:   102 Max:  8830 Err:     0 (0.00%) Active: 3 Started: 764 Finished: 761
2026-10-09 08:16:32,582 INFO o.a.j.r.Summariser: summary =    762 in 00:45:54 =    0.3/s Avg:  4022 Min:    69 Max: 46785 Err:     0 (0.00%)
2026-10-09 08:16:32,583 INFO o.a.j.t.JMeterThread: Thread is done: Agent search 2-604
2026-10-09 08:16:32,583 INFO o.a.j.t.JMeterThread: Thread finished: Agent search 2-604
2026-10-09 08:16:34,324 INFO o.a.j.t.JMeterThread: Thread is done: Ticket intake 1-159
2026-10-09 08:16:34,324 INFO o.a.j.t.JMeterThread: Thread finished: Ticket intake 1-159
2026-10-09 08:16:40,876 INFO o.a.j.t.JMeterThread: Thread is done: Ticket intake 1-160
2026-10-09 08:16:40,876 INFO o.a.j.t.JMeterThread: Thread finished: Ticket intake 1-160
2026-10-09 08:16:49,528 INFO o.a.j.t.JMeterThread: Thread started: Agent search 2-605
2026-10-09 08:16:49,784 INFO o.a.j.t.JMeterThread: Thread is done: Agent search 2-605
2026-10-09 08:16:49,785 INFO o.a.j.t.JMeterThread: Thread finished: Agent search 2-605
2026-10-09 08:16:58,088 INFO o.a.j.t.JMeterThread: Thread started: Agent search 2-606
2026-10-09 08:16:58,284 INFO o.a.j.t.JMeterThread: Thread is done: Agent search 2-606
2026-10-09 08:16:58,284 INFO o.a.j.t.JMeterThread: Thread finished: Agent search 2-606
2026-10-09 08:17:01,132 INFO o.a.j.t.JMeterThread: Thread started: Agent search 2-607
2026-10-09 08:17:01,459 INFO o.a.j.r.Summariser: summary +      5 in 00:00:29 =    0.2/s Avg:  4445 Min:   195 Max: 13749 Err:     0 (0.00%) Active: 1 Started: 767 Finished: 766
2026-10-09 08:17:01,459 INFO o.a.j.r.Summariser: summary =    767 in 00:46:23 =    0.3/s Avg:  4025 Min:    69 Max: 46785 Err:     0 (0.00%)
2026-10-09 08:17:01,459 INFO o.a.j.t.JMeterThread: Thread is done: Agent search 2-607
2026-10-09 08:17:01,459 INFO o.a.j.t.JMeterThread: Thread finished: Agent search 2-607
2026-10-09 08:17:03,587 INFO o.a.j.t.JMeterThread: Thread started: Ticket intake 1-161
2026-10-09 08:17:06,305 INFO o.a.j.t.JMeterThread: Thread started: Agent search 2-608
2026-10-09 08:17:06,725 INFO o.a.j.t.JMeterThread: Thread is done: Agent search 2-608
2026-10-09 08:17:06,725 INFO o.a.j.t.JMeterThread: Thread finished: Agent search 2-608
2026-10-09 08:17:09,009 INFO o.a.j.t.JMeterThread: Thread started: Agent search 2-609
2026-10-09 08:17:09,240 INFO o.a.j.t.JMeterThread: Thread is done: Agent search 2-609
2026-10-09 08:17:09,240 INFO o.a.j.t.JMeterThread: Thread finished: Agent search 2-609
2026-10-09 08:17:11,717 INFO o.a.j.t.JMeterThread: Thread started: Agent search 2-610
2026-10-09 08:17:12,005 INFO o.a.j.t.JMeterThread: Thread is done: Agent search 2-610
2026-10-09 08:17:12,005 INFO o.a.j.t.JMeterThread: Thread finished: Agent search 2-610
2026-10-09 08:17:12,982 INFO o.a.j.t.JMeterThread: Thread is done: Ticket intake 1-161
2026-10-09 08:17:12,982 INFO o.a.j.t.JMeterThread: Thread finished: Ticket intake 1-161
2026-10-09 08:17:21,212 INFO o.a.j.t.JMeterThread: Thread started: Agent search 2-611
2026-10-09 08:17:21,528 INFO o.a.j.t.JMeterThread: Thread is done: Agent search 2-611
2026-10-09 08:17:21,528 INFO o.a.j.t.JMeterThread: Thread finished: Agent search 2-611
2026-10-09 08:17:21,640 INFO o.a.j.t.JMeterThread: Thread started: Ticket intake 1-162
2026-10-09 08:17:22,847 INFO o.a.j.t.JMeterThread: Thread started: Agent search 2-612
2026-10-09 08:17:23,064 INFO o.a.j.t.JMeterThread: Thread is done: Agent search 2-612
2026-10-09 08:17:23,064 INFO o.a.j.t.JMeterThread: Thread finished: Agent search 2-612
2026-10-09 08:17:26,955 INFO o.a.j.t.JMeterThread: Thread started: Ticket intake 1-163
2026-10-09 08:17:29,720 INFO o.a.j.t.JMeterThread: Thread is done: Ticket intake 1-162
2026-10-09 08:17:29,720 INFO o.a.j.t.JMeterThread: Thread finished: Ticket intake 1-162
2026-10-09 08:17:30,106 INFO o.a.j.t.JMeterThread: Thread started: Agent search 2-613
2026-10-09 08:17:30,232 INFO o.a.j.r.Summariser: summary +      8 in 00:00:29 =    0.3/s Avg:  2383 Min:   125 Max:  9394 Err:     0 (0.00%) Active: 2 Started: 776 Finished: 774
2026-10-09 08:17:30,232 INFO o.a.j.r.Summariser: summary =    775 in 00:46:52 =    0.3/s Avg:  4008 Min:    69 Max: 46785 Err:     0 (0.00%)
2026-10-09 08:17:30,233 INFO o.a.j.t.JMeterThread: Thread is done: Agent search 2-613
2026-10-09 08:17:30,233 INFO o.a.j.t.JMeterThread: Thread finished: Agent search 2-613
2026-10-09 08:17:31,389 INFO o.a.j.t.JMeterThread: Thread started: Agent search 2-614
2026-10-09 08:17:31,545 INFO o.a.j.t.JMeterThread: Thread is done: Agent search 2-614
2026-10-09 08:17:31,546 INFO o.a.j.t.JMeterThread: Thread finished: Agent search 2-614
2026-10-09 08:17:34,224 INFO o.a.j.t.JMeterThread: Thread started: Agent search 2-615
2026-10-09 08:17:34,499 INFO o.a.j.t.JMeterThread: Thread is done: Agent search 2-615
2026-10-09 08:17:34,499 INFO o.a.j.t.JMeterThread: Thread finished: Agent search 2-615
2026-10-09 08:17:34,693 INFO o.a.j.t.JMeterThread: Thread started: Agent search 2-616
2026-10-09 08:17:34,942 INFO o.a.j.t.JMeterThread: Thread is done: Agent search 2-616
2026-10-09 08:17:34,943 INFO o.a.j.t.JMeterThread: Thread finished: Agent search 2-616
2026-10-09 08:17:40,165 INFO o.a.j.t.JMeterThread: Thread is done: Ticket intake 1-163
2026-10-09 08:17:40,165 INFO o.a.j.t.JMeterThread: Thread finished: Ticket intake 1-163
2026-10-09 08:17:40,634 INFO o.a.j.t.JMeterThread: Thread started: Agent search 2-617
2026-10-09 08:17:40,833 INFO o.a.j.t.JMeterThread: Thread is done: Agent search 2-617
2026-10-09 08:17:40,833 INFO o.a.j.t.JMeterThread: Thread finished: Agent search 2-617
2026-10-09 08:17:43,491 INFO o.a.j.t.JMeterThread: Thread started: Agent search 2-618
2026-10-09 08:17:43,630 INFO o.a.j.t.JMeterThread: Thread is done: Agent search 2-618
2026-10-09 08:17:43,630 INFO o.a.j.t.JMeterThread: Thread finished: Agent search 2-618
2026-10-09 08:17:44,560 INFO o.a.j.t.JMeterThread: Thread started: Agent search 2-619
2026-10-09 08:17:44,773 INFO o.a.j.t.JMeterThread: Thread is done: Agent search 2-619
2026-10-09 08:17:44,773 INFO o.a.j.t.JMeterThread: Thread finished: Agent search 2-619
2026-10-09 08:17:53,906 INFO o.a.j.t.JMeterThread: Thread started: Agent search 2-620
2026-10-09 08:17:54,091 INFO o.a.j.t.JMeterThread: Thread is done: Agent search 2-620
2026-10-09 08:17:54,091 INFO o.a.j.t.JMeterThread: Thread finished: Agent search 2-620
2026-10-09 08:17:55,676 INFO o.a.j.t.JMeterThread: Thread started: Agent search 2-621
2026-10-09 08:17:55,914 INFO o.a.j.t.JMeterThread: Thread is done: Agent search 2-621
2026-10-09 08:17:55,914 INFO o.a.j.t.JMeterThread: Thread finished: Agent search 2-621
2026-10-09 08:17:56,792 INFO o.a.j.t.JMeterThread: Thread started: Agent search 2-622
2026-10-09 08:17:57,016 INFO o.a.j.t.JMeterThread: Thread started: Ticket intake 1-164
2026-10-09 08:17:57,025 INFO o.a.j.t.JMeterThread: Thread is done: Agent search 2-622
2026-10-09 08:17:57,025 INFO o.a.j.t.JMeterThread: Thread finished: Agent search 2-622
2026-10-09 08:18:03,923 INFO o.a.j.r.Summariser: summary +     11 in 00:00:34 =    0.3/s Avg:  1999 Min:   137 Max: 13209 Err:     0 (0.00%) Active: 1 Started: 786 Finished: 785
2026-10-09 08:18:03,923 INFO o.a.j.r.Summariser: summary =    786 in 00:47:26 =    0.3/s Avg:  3980 Min:    69 Max: 46785 Err:     0 (0.00%)
2026-10-09 08:18:03,923 INFO o.a.j.t.JMeterThread: Thread is done: Ticket intake 1-164
2026-10-09 08:18:03,923 INFO o.a.j.t.JMeterThread: Thread finished: Ticket intake 1-164
2026-10-09 08:18:07,719 INFO o.a.j.t.JMeterThread: Thread started: Agent search 2-623
2026-10-09 08:18:07,915 INFO o.a.j.t.JMeterThread: Thread is done: Agent search 2-623
2026-10-09 08:18:07,915 INFO o.a.j.t.JMeterThread: Thread finished: Agent search 2-623
2026-10-09 08:18:18,051 INFO o.a.j.t.JMeterThread: Thread started: Agent search 2-624
2026-10-09 08:18:18,210 INFO o.a.j.t.JMeterThread: Thread is done: Agent search 2-624
2026-10-09 08:18:18,210 INFO o.a.j.t.JMeterThread: Thread finished: Agent search 2-624
2026-10-09 08:18:23,540 INFO o.a.j.t.JMeterThread: Thread started: Agent search 2-625
2026-10-09 08:18:23,787 INFO o.a.j.t.JMeterThread: Thread is done: Agent search 2-625
2026-10-09 08:18:23,787 INFO o.a.j.t.JMeterThread: Thread finished: Agent search 2-625
2026-10-09 08:18:24,401 INFO o.a.j.t.JMeterThread: Thread started: Agent search 2-626
2026-10-09 08:18:24,605 INFO o.a.j.t.JMeterThread: Thread is done: Agent search 2-626
2026-10-09 08:18:24,606 INFO o.a.j.t.JMeterThread: Thread finished: Agent search 2-626
2026-10-09 08:18:27,657 INFO o.a.j.t.JMeterThread: Thread started: Agent search 2-627
2026-10-09 08:18:27,882 INFO o.a.j.t.JMeterThread: Thread is done: Agent search 2-627
2026-10-09 08:18:27,882 INFO o.a.j.t.JMeterThread: Thread finished: Agent search 2-627
2026-10-09 08:18:31,935 INFO o.a.j.t.JMeterThread: Thread started: Ticket intake 1-165
2026-10-09 08:18:32,200 INFO o.a.j.t.JMeterThread: Thread started: Ticket intake 1-166
2026-10-09 08:18:32,651 INFO o.a.j.t.JMeterThread: Thread started: Agent search 2-628
2026-10-09 08:18:32,901 INFO o.a.j.r.Summariser: summary +      6 in 00:00:29 =    0.2/s Avg:   212 Min:   158 Max:   249 Err:     0 (0.00%) Active: 3 Started: 794 Finished: 791
2026-10-09 08:18:32,902 INFO o.a.j.r.Summariser: summary =    792 in 00:47:55 =    0.3/s Avg:  3951 Min:    69 Max: 46785 Err:     0 (0.00%)
2026-10-09 08:18:32,902 INFO o.a.j.t.JMeterThread: Thread is done: Agent search 2-628
2026-10-09 08:18:32,902 INFO o.a.j.t.JMeterThread: Thread finished: Agent search 2-628
2026-10-09 08:18:34,573 INFO o.a.j.t.JMeterThread: Thread started: Ticket intake 1-167
2026-10-09 08:18:35,474 INFO o.a.j.t.JMeterThread: Thread started: Agent search 2-629
2026-10-09 08:18:35,665 INFO o.a.j.t.JMeterThread: Thread is done: Agent search 2-629
2026-10-09 08:18:35,665 INFO o.a.j.t.JMeterThread: Thread finished: Agent search 2-629
2026-10-09 08:18:37,442 INFO o.a.j.t.JMeterThread: Thread started: Agent search 2-630
2026-10-09 08:18:37,611 INFO o.a.j.t.JMeterThread: Thread is done: Agent search 2-630
2026-10-09 08:18:37,611 INFO o.a.j.t.JMeterThread: Thread finished: Agent search 2-630
2026-10-09 08:18:38,559 INFO o.a.j.t.JMeterThread: Thread started: Agent search 2-631
2026-10-09 08:18:38,840 INFO o.a.j.t.JMeterThread: Thread is done: Agent search 2-631
2026-10-09 08:18:38,840 INFO o.a.j.t.JMeterThread: Thread finished: Agent search 2-631
2026-10-09 08:18:39,249 INFO o.a.j.t.JMeterThread: Thread is done: Ticket intake 1-165
2026-10-09 08:18:39,249 INFO o.a.j.t.JMeterThread: Thread finished: Ticket intake 1-165
2026-10-09 08:18:39,319 INFO o.a.j.t.JMeterThread: Thread started: Agent search 2-632
2026-10-09 08:18:39,454 INFO o.a.j.t.JMeterThread: Thread is done: Agent search 2-632
2026-10-09 08:18:39,454 INFO o.a.j.t.JMeterThread: Thread finished: Agent search 2-632
2026-10-09 08:18:42,928 INFO o.a.j.t.JMeterThread: Thread started: Agent search 2-633
2026-10-09 08:18:43,199 INFO o.a.j.t.JMeterThread: Thread is done: Agent search 2-633
2026-10-09 08:18:43,199 INFO o.a.j.t.JMeterThread: Thread finished: Agent search 2-633
2026-10-09 08:18:43,315 INFO o.a.j.t.JMeterThread: Thread started: Agent search 2-634
2026-10-09 08:18:43,513 INFO o.a.j.t.JMeterThread: Thread is done: Agent search 2-634
2026-10-09 08:18:43,513 INFO o.a.j.t.JMeterThread: Thread finished: Agent search 2-634
2026-10-09 08:18:45,395 INFO o.a.j.t.JMeterThread: Thread started: Agent search 2-635
2026-10-09 08:18:45,529 INFO o.a.j.t.JMeterThread: Thread is done: Agent search 2-635
2026-10-09 08:18:45,529 INFO o.a.j.t.JMeterThread: Thread finished: Agent search 2-635
2026-10-09 08:18:52,972 INFO o.a.j.t.JMeterThread: Thread is done: Ticket intake 1-166
2026-10-09 08:18:52,972 INFO o.a.j.t.JMeterThread: Thread finished: Ticket intake 1-166
2026-10-09 08:18:56,235 INFO o.a.j.t.JMeterThread: Thread started: Agent search 2-636
2026-10-09 08:18:56,453 INFO o.a.j.t.JMeterThread: Thread is done: Agent search 2-636
2026-10-09 08:18:56,453 INFO o.a.j.t.JMeterThread: Thread finished: Agent search 2-636
2026-10-09 08:19:00,273 INFO o.a.j.t.JMeterThread: Thread started: Agent search 2-637
2026-10-09 08:19:00,446 INFO o.a.j.r.Summariser: summary +     11 in 00:00:28 =    0.4/s Avg:  2713 Min:   133 Max: 20770 Err:     0 (0.00%) Active: 2 Started: 804 Finished: 802
2026-10-09 08:19:00,446 INFO o.a.j.r.Summariser: summary =    803 in 00:48:22 =    0.3/s Avg:  3934 Min:    69 Max: 46785 Err:     0 (0.00%)
2026-10-09 08:19:00,447 INFO o.a.j.t.JMeterThread: Thread is done: Agent search 2-637
2026-10-09 08:19:00,447 INFO o.a.j.t.JMeterThread: Thread finished: Agent search 2-637
2026-10-09 08:19:01,368 INFO o.a.j.t.JMeterThread: Thread is done: Ticket intake 1-167
2026-10-09 08:19:01,368 INFO o.a.j.t.JMeterThread: Thread finished: Ticket intake 1-167
2026-10-09 08:19:03,678 INFO o.a.j.t.JMeterThread: Thread started: Ticket intake 1-168
2026-10-09 08:19:04,578 INFO o.a.j.t.JMeterThread: Thread started: Ticket intake 1-169
2026-10-09 08:19:08,254 INFO o.a.j.t.JMeterThread: Thread started: Agent search 2-638
2026-10-09 08:19:08,534 INFO o.a.j.t.JMeterThread: Thread is done: Agent search 2-638
2026-10-09 08:19:08,534 INFO o.a.j.t.JMeterThread: Thread finished: Agent search 2-638
2026-10-09 08:19:08,939 INFO o.a.j.t.JMeterThread: Thread started: Agent search 2-639
2026-10-09 08:19:09,149 INFO o.a.j.t.JMeterThread: Thread is done: Agent search 2-639
2026-10-09 08:19:09,150 INFO o.a.j.t.JMeterThread: Thread finished: Agent search 2-639
2026-10-09 08:19:11,090 INFO o.a.j.t.JMeterThread: Thread started: Agent search 2-640
2026-10-09 08:19:11,229 INFO o.a.j.t.JMeterThread: Thread is done: Agent search 2-640
2026-10-09 08:19:11,230 INFO o.a.j.t.JMeterThread: Thread finished: Agent search 2-640
2026-10-09 08:19:12,356 INFO o.a.j.t.JMeterThread: Thread started: Agent search 2-641
2026-10-09 08:19:12,583 INFO o.a.j.t.JMeterThread: Thread is done: Agent search 2-641
2026-10-09 08:19:12,583 INFO o.a.j.t.JMeterThread: Thread finished: Agent search 2-641
2026-10-09 08:19:16,104 INFO o.a.j.t.JMeterThread: Thread started: Agent search 2-642
2026-10-09 08:19:16,139 INFO o.a.j.t.JMeterThread: Thread is done: Ticket intake 1-168
2026-10-09 08:19:16,139 INFO o.a.j.t.JMeterThread: Thread finished: Ticket intake 1-168
2026-10-09 08:19:16,319 INFO o.a.j.t.JMeterThread: Thread is done: Agent search 2-642
2026-10-09 08:19:16,319 INFO o.a.j.t.JMeterThread: Thread finished: Agent search 2-642
2026-10-09 08:19:22,945 INFO o.a.j.t.JMeterThread: Thread started: Agent search 2-643
2026-10-09 08:19:23,180 INFO o.a.j.t.JMeterThread: Thread is done: Agent search 2-643
2026-10-09 08:19:23,180 INFO o.a.j.t.JMeterThread: Thread finished: Agent search 2-643
2026-10-09 08:19:26,017 INFO o.a.j.t.JMeterThread: Thread started: Ticket intake 1-170
2026-10-09 08:19:27,171 INFO o.a.j.t.JMeterThread: Thread is done: Ticket intake 1-169
2026-10-09 08:19:27,171 INFO o.a.j.t.JMeterThread: Thread finished: Ticket intake 1-169
2026-10-09 08:19:27,445 INFO o.a.j.t.JMeterThread: Thread started: Agent search 2-644
2026-10-09 08:19:27,786 INFO o.a.j.t.JMeterThread: Thread is done: Agent search 2-644
2026-10-09 08:19:27,787 INFO o.a.j.t.JMeterThread: Thread finished: Agent search 2-644
2026-10-09 08:19:28,015 INFO o.a.j.t.JMeterThread: Thread started: Agent search 2-645
2026-10-09 08:19:28,196 INFO o.a.j.t.JMeterThread: Thread is done: Agent search 2-645
2026-10-09 08:19:28,196 INFO o.a.j.t.JMeterThread: Thread finished: Agent search 2-645
2026-10-09 08:19:31,068 INFO o.a.j.t.JMeterThread: Thread started: Agent search 2-646
2026-10-09 08:19:31,168 INFO o.a.j.r.Summariser: summary +     12 in 00:00:31 =    0.4/s Avg:  5314 Min:    99 Max: 26794 Err:     0 (0.00%) Active: 2 Started: 816 Finished: 814
2026-10-09 08:19:31,168 INFO o.a.j.r.Summariser: summary =    815 in 00:48:53 =    0.3/s Avg:  3955 Min:    69 Max: 46785 Err:     0 (0.00%)
2026-10-09 08:19:31,168 INFO o.a.j.t.JMeterThread: Thread is done: Agent search 2-646
2026-10-09 08:19:31,168 INFO o.a.j.t.JMeterThread: Thread finished: Agent search 2-646
2026-10-09 08:19:31,352 INFO o.a.j.t.JMeterThread: Thread started: Ticket intake 1-171
2026-10-09 08:19:34,928 INFO o.a.j.t.JMeterThread: Thread started: Agent search 2-647
2026-10-09 08:19:35,262 INFO o.a.j.t.JMeterThread: Thread is done: Agent search 2-647
2026-10-09 08:19:35,262 INFO o.a.j.t.JMeterThread: Thread finished: Agent search 2-647
2026-10-09 08:19:37,398 INFO o.a.j.t.JMeterThread: Thread started: Ticket intake 1-172
2026-10-09 08:19:38,334 INFO o.a.j.t.JMeterThread: Thread is done: Ticket intake 1-170
2026-10-09 08:19:38,334 INFO o.a.j.t.JMeterThread: Thread finished: Ticket intake 1-170
2026-10-09 08:19:43,464 INFO o.a.j.t.JMeterThread: Thread started: Agent search 2-648
2026-10-09 08:19:43,658 INFO o.a.j.t.JMeterThread: Thread is done: Agent search 2-648
2026-10-09 08:19:43,658 INFO o.a.j.t.JMeterThread: Thread finished: Agent search 2-648
2026-10-09 08:19:45,697 INFO o.a.j.t.JMeterThread: Thread started: Agent search 2-649
2026-10-09 08:19:45,911 INFO o.a.j.t.JMeterThread: Thread is done: Agent search 2-649
2026-10-09 08:19:45,911 INFO o.a.j.t.JMeterThread: Thread finished: Agent search 2-649
2026-10-09 08:19:46,692 INFO o.a.j.t.JMeterThread: Thread started: Agent search 2-650
2026-10-09 08:19:46,935 INFO o.a.j.t.JMeterThread: Thread is done: Agent search 2-650
2026-10-09 08:19:46,935 INFO o.a.j.t.JMeterThread: Thread finished: Agent search 2-650
2026-10-09 08:19:49,400 INFO o.a.j.t.JMeterThread: Thread started: Agent search 2-651
2026-10-09 08:19:49,486 INFO o.a.j.t.JMeterThread: Thread started: Agent search 2-652
2026-10-09 08:19:49,580 INFO o.a.j.t.JMeterThread: Thread is done: Agent search 2-651
2026-10-09 08:19:49,580 INFO o.a.j.t.JMeterThread: Thread finished: Agent search 2-651
2026-10-09 08:19:49,602 INFO o.a.j.t.JMeterThread: Thread is done: Agent search 2-652
2026-10-09 08:19:49,602 INFO o.a.j.t.JMeterThread: Thread finished: Agent search 2-652
2026-10-09 08:19:50,416 INFO o.a.j.t.JMeterThread: Thread is done: Ticket intake 1-171
2026-10-09 08:19:50,416 INFO o.a.j.t.JMeterThread: Thread finished: Ticket intake 1-171
2026-10-09 08:19:53,222 INFO o.a.j.t.JMeterThread: Thread started: Agent search 2-653
2026-10-09 08:19:53,490 INFO o.a.j.t.JMeterThread: Thread is done: Agent search 2-653
2026-10-09 08:19:53,491 INFO o.a.j.t.JMeterThread: Thread finished: Agent search 2-653
2026-10-09 08:19:55,440 INFO o.a.j.t.JMeterThread: Thread started: Ticket intake 1-173
2026-10-09 08:20:00,216 INFO o.a.j.t.JMeterThread: Thread started: Ticket intake 1-174
2026-10-09 08:20:00,899 INFO o.a.j.t.JMeterThread: Thread started: Agent search 2-654
2026-10-09 08:20:00,907 INFO o.a.j.r.Summariser: summary +     10 in 00:00:30 =    0.3/s Avg:  5643 Min:   115 Max: 23508 Err:     0 (0.00%) Active: 4 Started: 828 Finished: 824
2026-10-09 08:20:00,907 INFO o.a.j.r.Summariser: summary =    825 in 00:49:23 =    0.3/s Avg:  3975 Min:    69 Max: 46785 Err:     0 (0.00%)
2026-10-09 08:20:00,907 INFO o.a.j.t.JMeterThread: Thread is done: Ticket intake 1-172
2026-10-09 08:20:00,907 INFO o.a.j.t.JMeterThread: Thread finished: Ticket intake 1-172
2026-10-09 08:20:01,066 INFO o.a.j.t.JMeterThread: Thread is done: Agent search 2-654
2026-10-09 08:20:01,066 INFO o.a.j.t.JMeterThread: Thread finished: Agent search 2-654
2026-10-09 08:20:04,367 INFO o.a.j.t.JMeterThread: Thread started: Agent search 2-655
2026-10-09 08:20:04,529 INFO o.a.j.t.JMeterThread: Thread is done: Agent search 2-655
2026-10-09 08:20:04,529 INFO o.a.j.t.JMeterThread: Thread finished: Agent search 2-655
2026-10-09 08:20:06,599 INFO o.a.j.t.JMeterThread: Thread started: Agent search 2-656
2026-10-09 08:20:06,799 INFO o.a.j.t.JMeterThread: Thread is done: Agent search 2-656
2026-10-09 08:20:06,800 INFO o.a.j.t.JMeterThread: Thread finished: Agent search 2-656
2026-10-09 08:20:09,258 INFO o.a.j.t.JMeterThread: Thread is done: Ticket intake 1-173
2026-10-09 08:20:09,258 INFO o.a.j.t.JMeterThread: Thread finished: Ticket intake 1-173
2026-10-09 08:20:09,393 INFO o.a.j.t.JMeterThread: Thread started: Agent search 2-657
2026-10-09 08:20:09,564 INFO o.a.j.t.JMeterThread: Thread is done: Agent search 2-657
2026-10-09 08:20:09,564 INFO o.a.j.t.JMeterThread: Thread finished: Agent search 2-657
2026-10-09 08:20:09,801 INFO o.a.j.t.JMeterThread: Thread started: Ticket intake 1-175
2026-10-09 08:20:12,611 INFO o.a.j.t.JMeterThread: Thread started: Agent search 2-658
2026-10-09 08:20:12,842 INFO o.a.j.t.JMeterThread: Thread is done: Agent search 2-658
2026-10-09 08:20:12,842 INFO o.a.j.t.JMeterThread: Thread finished: Agent search 2-658
2026-10-09 08:20:13,457 INFO o.a.j.t.JMeterThread: Thread started: Agent search 2-659
2026-10-09 08:20:13,560 INFO o.a.j.t.JMeterThread: Thread is done: Agent search 2-659
2026-10-09 08:20:13,560 INFO o.a.j.t.JMeterThread: Thread finished: Agent search 2-659
2026-10-09 08:20:15,885 INFO o.a.j.t.JMeterThread: Thread is done: Ticket intake 1-174
2026-10-09 08:20:15,885 INFO o.a.j.t.JMeterThread: Thread finished: Ticket intake 1-174
2026-10-09 08:20:22,445 INFO o.a.j.t.JMeterThread: Thread started: Agent search 2-660
2026-10-09 08:20:22,604 INFO o.a.j.t.JMeterThread: Thread is done: Agent search 2-660
2026-10-09 08:20:22,604 INFO o.a.j.t.JMeterThread: Thread finished: Agent search 2-660
2026-10-09 08:20:24,003 INFO o.a.j.t.JMeterThread: Thread is done: Ticket intake 1-175
2026-10-09 08:20:24,003 INFO o.a.j.t.JMeterThread: Thread finished: Ticket intake 1-175
2026-10-09 08:20:25,962 INFO o.a.j.t.JMeterThread: Thread started: Agent search 2-661
2026-10-09 08:20:26,256 INFO o.a.j.t.JMeterThread: Thread is done: Agent search 2-661
2026-10-09 08:20:26,257 INFO o.a.j.t.JMeterThread: Thread finished: Agent search 2-661
2026-10-09 08:20:26,920 INFO o.a.j.t.JMeterThread: Thread started: Agent search 2-662
2026-10-09 08:20:27,076 INFO o.a.j.t.JMeterThread: Thread is done: Agent search 2-662
2026-10-09 08:20:27,076 INFO o.a.j.t.JMeterThread: Thread finished: Agent search 2-662
2026-10-09 08:20:27,859 INFO o.a.j.t.JMeterThread: Thread started: Agent search 2-663
2026-10-09 08:20:28,122 INFO o.a.j.t.JMeterThread: Thread is done: Agent search 2-663
2026-10-09 08:20:28,122 INFO o.a.j.t.JMeterThread: Thread finished: Agent search 2-663
2026-10-09 08:20:35,528 INFO o.a.j.t.JMeterThread: Thread started: Agent search 2-664
2026-10-09 08:20:35,785 INFO o.a.j.r.Summariser: summary +     14 in 00:00:35 =    0.4/s Avg:  3274 Min:   101 Max: 15667 Err:     0 (0.00%) Active: 1 Started: 839 Finished: 838
2026-10-09 08:20:35,785 INFO o.a.j.r.Summariser: summary =    839 in 00:49:57 =    0.3/s Avg:  3963 Min:    69 Max: 46785 Err:     0 (0.00%)
2026-10-09 08:20:35,786 INFO o.a.j.t.JMeterThread: Thread is done: Agent search 2-664
2026-10-09 08:20:35,786 INFO o.a.j.t.JMeterThread: Thread finished: Agent search 2-664
2026-10-09 08:20:37,823 INFO o.a.j.t.JMeterThread: Thread started: Agent search 2-665
2026-10-09 08:20:38,033 INFO o.a.j.t.JMeterThread: Thread is done: Agent search 2-665
2026-10-09 08:20:38,033 INFO o.a.j.t.JMeterThread: Thread finished: Agent search 2-665
2026-10-09 08:20:44,864 INFO o.a.j.t.JMeterThread: Thread started: Agent search 2-666
2026-10-09 08:20:45,098 INFO o.a.j.t.JMeterThread: Thread is done: Agent search 2-666
2026-10-09 08:20:45,098 INFO o.a.j.t.JMeterThread: Thread finished: Agent search 2-666
2026-10-09 08:20:46,711 INFO o.a.j.t.JMeterThread: Thread started: Agent search 2-667
2026-10-09 08:20:46,941 INFO o.a.j.t.JMeterThread: Thread is done: Agent search 2-667
2026-10-09 08:20:46,941 INFO o.a.j.t.JMeterThread: Thread finished: Agent search 2-667
2026-10-09 08:20:46,961 INFO o.a.j.t.JMeterThread: Thread started: Agent search 2-668
2026-10-09 08:20:47,224 INFO o.a.j.t.JMeterThread: Thread is done: Agent search 2-668
2026-10-09 08:20:47,224 INFO o.a.j.t.JMeterThread: Thread finished: Agent search 2-668
2026-10-09 08:20:55,080 INFO o.a.j.t.JMeterThread: Thread started: Ticket intake 1-176
2026-10-09 08:21:06,500 INFO o.a.j.t.JMeterThread: Thread is done: Ticket intake 1-176
2026-10-09 08:21:06,500 INFO o.a.j.t.JMeterThread: Thread finished: Ticket intake 1-176
2026-10-09 08:21:06,988 INFO o.a.j.t.JMeterThread: Thread started: Agent search 2-669
2026-10-09 08:21:07,004 INFO o.a.j.t.JMeterThread: Thread started: Agent search 2-670
2026-10-09 08:21:07,215 INFO o.a.j.t.JMeterThread: Thread is done: Agent search 2-670
2026-10-09 08:21:07,216 INFO o.a.j.t.JMeterThread: Thread finished: Agent search 2-670
2026-10-09 08:21:07,215 INFO o.a.j.t.JMeterThread: Thread is done: Agent search 2-669
2026-10-09 08:21:07,216 INFO o.a.j.t.JMeterThread: Thread finished: Agent search 2-669
2026-10-09 08:21:09,957 INFO o.a.j.t.JMeterThread: Thread started: Agent search 2-671
2026-10-09 08:21:10,344 INFO o.a.j.t.JMeterThread: Thread is done: Agent search 2-671
2026-10-09 08:21:10,344 INFO o.a.j.t.JMeterThread: Thread finished: Agent search 2-671
2026-10-09 08:21:12,327 INFO o.a.j.t.JMeterThread: Thread started: Agent search 2-672
2026-10-09 08:21:12,451 INFO o.a.j.t.JMeterThread: Thread is done: Agent search 2-672
2026-10-09 08:21:12,451 INFO o.a.j.t.JMeterThread: Thread finished: Agent search 2-672
2026-10-09 08:21:12,461 INFO o.a.j.t.JMeterThread: Thread started: Ticket intake 1-177
2026-10-09 08:21:15,241 INFO o.a.j.t.JMeterThread: Thread started: Agent search 2-673
2026-10-09 08:21:15,409 INFO o.a.j.t.JMeterThread: Thread is done: Agent search 2-673
2026-10-09 08:21:15,409 INFO o.a.j.t.JMeterThread: Thread finished: Agent search 2-673
2026-10-09 08:21:21,147 INFO o.a.j.t.JMeterThread: Thread is done: Ticket intake 1-177
2026-10-09 08:21:21,147 INFO o.a.j.t.JMeterThread: Thread finished: Ticket intake 1-177
2026-10-09 08:21:43,259 INFO o.a.j.t.JMeterThread: Thread started: Ticket intake 1-178
2026-10-09 08:21:50,326 INFO o.a.j.t.JMeterThread: Thread is done: Ticket intake 1-178
2026-10-09 08:21:50,326 INFO o.a.j.t.JMeterThread: Thread finished: Ticket intake 1-178
2026-10-09 08:21:51,200 INFO o.a.j.t.JMeterThread: Thread started: Agent search 2-674
2026-10-09 08:21:51,440 INFO o.a.j.t.JMeterThread: Thread is done: Agent search 2-674
2026-10-09 08:21:51,440 INFO o.a.j.t.JMeterThread: Thread finished: Agent search 2-674
2026-10-09 08:21:54,443 INFO o.a.j.t.JMeterThread: Thread started: Agent search 2-675
2026-10-09 08:21:54,627 INFO o.a.j.t.JMeterThread: Thread is done: Agent search 2-675
2026-10-09 08:21:54,627 INFO o.a.j.t.JMeterThread: Thread finished: Agent search 2-675
2026-10-09 08:21:56,513 INFO o.a.j.t.JMeterThread: Thread started: Ticket intake 1-179
2026-10-09 08:22:03,912 INFO o.a.j.t.JMeterThread: Thread started: Agent search 2-676
2026-10-09 08:22:04,149 INFO o.a.j.r.Summariser: summary +     15 in 00:01:28 =    0.2/s Avg:  1991 Min:   123 Max: 11418 Err:     0 (0.00%) Active: 2 Started: 855 Finished: 853
2026-10-09 08:22:04,150 INFO o.a.j.r.Summariser: summary =    854 in 00:51:26 =    0.3/s Avg:  3929 Min:    69 Max: 46785 Err:     0 (0.00%)
2026-10-09 08:22:04,150 INFO o.a.j.t.JMeterThread: Thread is done: Agent search 2-676
2026-10-09 08:22:04,150 INFO o.a.j.t.JMeterThread: Thread finished: Agent search 2-676
2026-10-09 08:22:04,233 INFO o.a.j.t.JMeterThread: Thread started: Agent search 2-677
2026-10-09 08:22:04,457 INFO o.a.j.t.JMeterThread: Thread is done: Agent search 2-677
2026-10-09 08:22:04,457 INFO o.a.j.t.JMeterThread: Thread finished: Agent search 2-677
2026-10-09 08:22:05,993 INFO o.a.j.t.JMeterThread: Thread is done: Ticket intake 1-179
2026-10-09 08:22:05,993 INFO o.a.j.t.JMeterThread: Thread finished: Ticket intake 1-179
2026-10-09 08:22:15,013 INFO o.a.j.t.JMeterThread: Thread started: Agent search 2-678
2026-10-09 08:22:15,516 INFO o.a.j.t.JMeterThread: Thread is done: Agent search 2-678
2026-10-09 08:22:15,516 INFO o.a.j.t.JMeterThread: Thread finished: Agent search 2-678
2026-10-09 08:22:19,223 INFO o.a.j.t.JMeterThread: Thread started: Agent search 2-679
2026-10-09 08:22:19,510 INFO o.a.j.t.JMeterThread: Thread is done: Agent search 2-679
2026-10-09 08:22:19,510 INFO o.a.j.t.JMeterThread: Thread finished: Agent search 2-679
2026-10-09 08:22:22,769 INFO o.a.j.t.JMeterThread: Thread started: Agent search 2-680
2026-10-09 08:22:22,992 INFO o.a.j.t.JMeterThread: Thread is done: Agent search 2-680
2026-10-09 08:22:22,992 INFO o.a.j.t.JMeterThread: Thread finished: Agent search 2-680
2026-10-09 08:22:25,821 INFO o.a.j.t.JMeterThread: Thread started: Agent search 2-681
2026-10-09 08:22:26,064 INFO o.a.j.t.JMeterThread: Thread is done: Agent search 2-681
2026-10-09 08:22:26,064 INFO o.a.j.t.JMeterThread: Thread finished: Agent search 2-681
2026-10-09 08:22:26,301 INFO o.a.j.t.JMeterThread: Thread started: Agent search 2-682
2026-10-09 08:22:26,474 INFO o.a.j.t.JMeterThread: Thread is done: Agent search 2-682
2026-10-09 08:22:26,474 INFO o.a.j.t.JMeterThread: Thread finished: Agent search 2-682
2026-10-09 08:22:27,998 INFO o.a.j.t.JMeterThread: Thread started: Agent search 2-683
2026-10-09 08:22:28,214 INFO o.a.j.t.JMeterThread: Thread is done: Agent search 2-683
2026-10-09 08:22:28,215 INFO o.a.j.t.JMeterThread: Thread finished: Agent search 2-683
2026-10-09 08:22:31,593 INFO o.a.j.t.JMeterThread: Thread started: Agent search 2-684
2026-10-09 08:22:31,799 INFO o.a.j.r.Summariser: summary +      9 in 00:00:28 =    0.3/s Avg:  1282 Min:   172 Max:  9479 Err:     0 (0.00%) Active: 1 Started: 863 Finished: 862
2026-10-09 08:22:31,799 INFO o.a.j.r.Summariser: summary =    863 in 00:51:53 =    0.3/s Avg:  3901 Min:    69 Max: 46785 Err:     0 (0.00%)
2026-10-09 08:22:31,799 INFO o.a.j.t.JMeterThread: Thread is done: Agent search 2-684
2026-10-09 08:22:31,799 INFO o.a.j.t.JMeterThread: Thread finished: Agent search 2-684
2026-10-09 08:22:34,655 INFO o.a.j.t.JMeterThread: Thread started: Agent search 2-685
2026-10-09 08:22:34,870 INFO o.a.j.t.JMeterThread: Thread is done: Agent search 2-685
2026-10-09 08:22:34,871 INFO o.a.j.t.JMeterThread: Thread finished: Agent search 2-685
2026-10-09 08:22:36,624 INFO o.a.j.t.JMeterThread: Thread started: Agent search 2-686
2026-10-09 08:22:36,816 INFO o.a.j.t.JMeterThread: Thread is done: Agent search 2-686
2026-10-09 08:22:36,816 INFO o.a.j.t.JMeterThread: Thread finished: Agent search 2-686
2026-10-09 08:22:43,031 INFO o.a.j.t.JMeterThread: Thread started: Agent search 2-687
2026-10-09 08:22:43,267 INFO o.a.j.t.JMeterThread: Thread is done: Agent search 2-687
2026-10-09 08:22:43,267 INFO o.a.j.t.JMeterThread: Thread finished: Agent search 2-687
2026-10-09 08:22:43,755 INFO o.a.j.t.JMeterThread: Thread started: Agent search 2-688
2026-10-09 08:22:43,984 INFO o.a.j.t.JMeterThread: Thread is done: Agent search 2-688
2026-10-09 08:22:43,984 INFO o.a.j.t.JMeterThread: Thread finished: Agent search 2-688
2026-10-09 08:22:46,194 INFO o.a.j.t.JMeterThread: Thread started: Agent search 2-689
2026-10-09 08:22:46,548 INFO o.a.j.t.JMeterThread: Thread is done: Agent search 2-689
2026-10-09 08:22:46,548 INFO o.a.j.t.JMeterThread: Thread finished: Agent search 2-689
2026-10-09 08:22:46,596 INFO o.a.j.t.JMeterThread: Thread started: Ticket intake 1-180
2026-10-09 08:22:51,450 INFO o.a.j.t.JMeterThread: Thread started: Agent search 2-690
2026-10-09 08:22:51,667 INFO o.a.j.t.JMeterThread: Thread is done: Agent search 2-690
2026-10-09 08:22:51,667 INFO o.a.j.t.JMeterThread: Thread finished: Agent search 2-690
2026-10-09 08:22:56,273 INFO o.a.j.t.JMeterThread: Thread is done: Ticket intake 1-180
2026-10-09 08:22:56,273 INFO o.a.j.t.JMeterThread: Thread finished: Ticket intake 1-180
2026-10-09 08:22:56,849 INFO o.a.j.t.JMeterThread: Thread started: Ticket intake 1-181
2026-10-09 08:23:00,821 INFO o.a.j.t.JMeterThread: Thread started: Agent search 2-691
2026-10-09 08:23:01,085 INFO o.a.j.r.Summariser: summary +      8 in 00:00:29 =    0.3/s Avg:  1422 Min:   192 Max:  9676 Err:     0 (0.00%) Active: 2 Started: 872 Finished: 870
2026-10-09 08:23:01,085 INFO o.a.j.r.Summariser: summary =    871 in 00:52:23 =    0.3/s Avg:  3878 Min:    69 Max: 46785 Err:     0 (0.00%)
2026-10-09 08:23:01,086 INFO o.a.j.t.JMeterThread: Thread is done: Agent search 2-691
2026-10-09 08:23:01,086 INFO o.a.j.t.JMeterThread: Thread finished: Agent search 2-691
2026-10-09 08:23:04,873 INFO o.a.j.t.JMeterThread: Thread is done: Ticket intake 1-181
2026-10-09 08:23:04,873 INFO o.a.j.t.JMeterThread: Thread finished: Ticket intake 1-181
2026-10-09 08:23:05,576 INFO o.a.j.t.JMeterThread: Thread started: Agent search 2-692
2026-10-09 08:23:05,696 INFO o.a.j.t.JMeterThread: Thread is done: Agent search 2-692
2026-10-09 08:23:05,696 INFO o.a.j.t.JMeterThread: Thread finished: Agent search 2-692
2026-10-09 08:23:09,455 INFO o.a.j.t.JMeterThread: Thread started: Agent search 2-693
2026-10-09 08:23:09,656 INFO o.a.j.t.JMeterThread: Thread is done: Agent search 2-693
2026-10-09 08:23:09,656 INFO o.a.j.t.JMeterThread: Thread finished: Agent search 2-693
2026-10-09 08:23:18,835 INFO o.a.j.t.JMeterThread: Thread started: Agent search 2-694
2026-10-09 08:23:19,106 INFO o.a.j.t.JMeterThread: Thread is done: Agent search 2-694
2026-10-09 08:23:19,106 INFO o.a.j.t.JMeterThread: Thread finished: Agent search 2-694
2026-10-09 08:23:19,740 INFO o.a.j.t.JMeterThread: Thread started: Ticket intake 1-182
2026-10-09 08:23:22,742 INFO o.a.j.t.JMeterThread: Thread started: Agent search 2-695
2026-10-09 08:23:22,849 INFO o.a.j.t.JMeterThread: Thread is done: Agent search 2-695
2026-10-09 08:23:22,849 INFO o.a.j.t.JMeterThread: Thread finished: Agent search 2-695
2026-10-09 08:23:23,764 INFO o.a.j.t.JMeterThread: Thread started: Agent search 2-696
2026-10-09 08:23:23,969 INFO o.a.j.t.JMeterThread: Thread is done: Agent search 2-696
2026-10-09 08:23:23,969 INFO o.a.j.t.JMeterThread: Thread finished: Agent search 2-696
2026-10-09 08:23:27,187 INFO o.a.j.t.JMeterThread: Thread started: Agent search 2-697
2026-10-09 08:23:27,368 INFO o.a.j.t.JMeterThread: Thread is done: Agent search 2-697
2026-10-09 08:23:27,368 INFO o.a.j.t.JMeterThread: Thread finished: Agent search 2-697
2026-10-09 08:23:30,575 INFO o.a.j.r.Summariser: summary +      8 in 00:00:29 =    0.3/s Avg:  2492 Min:   107 Max: 10835 Err:     0 (0.00%) Active: 1 Started: 879 Finished: 878
2026-10-09 08:23:30,575 INFO o.a.j.r.Summariser: summary =    879 in 00:52:52 =    0.3/s Avg:  3866 Min:    69 Max: 46785 Err:     0 (0.00%)
2026-10-09 08:23:30,576 INFO o.a.j.t.JMeterThread: Thread is done: Ticket intake 1-182
2026-10-09 08:23:30,576 INFO o.a.j.t.JMeterThread: Thread finished: Ticket intake 1-182
2026-10-09 08:23:31,119 INFO o.a.j.t.JMeterThread: Thread started: Agent search 2-698
2026-10-09 08:23:31,388 INFO o.a.j.t.JMeterThread: Thread started: Agent search 2-699
2026-10-09 08:23:31,566 INFO o.a.j.t.JMeterThread: Thread is done: Agent search 2-698
2026-10-09 08:23:31,566 INFO o.a.j.t.JMeterThread: Thread finished: Agent search 2-698
2026-10-09 08:23:31,566 INFO o.a.j.t.JMeterThread: Thread is done: Agent search 2-699
2026-10-09 08:23:31,567 INFO o.a.j.t.JMeterThread: Thread finished: Agent search 2-699
2026-10-09 08:23:32,954 INFO o.a.j.t.JMeterThread: Thread started: Agent search 2-700
2026-10-09 08:23:33,068 INFO o.a.j.t.JMeterThread: Thread is done: Agent search 2-700
2026-10-09 08:23:33,068 INFO o.a.j.t.JMeterThread: Thread finished: Agent search 2-700
2026-10-09 08:23:35,628 INFO o.a.j.t.JMeterThread: Thread started: Agent search 2-701
2026-10-09 08:23:35,900 INFO o.a.j.t.JMeterThread: Thread is done: Agent search 2-701
2026-10-09 08:23:35,900 INFO o.a.j.t.JMeterThread: Thread finished: Agent search 2-701
2026-10-09 08:23:38,677 INFO o.a.j.t.JMeterThread: Thread started: Agent search 2-702
2026-10-09 08:23:38,870 INFO o.a.j.t.JMeterThread: Thread is done: Agent search 2-702
2026-10-09 08:23:38,870 INFO o.a.j.t.JMeterThread: Thread finished: Agent search 2-702
2026-10-09 08:23:49,127 INFO o.a.j.t.JMeterThread: Thread started: Agent search 2-703
2026-10-09 08:23:49,315 INFO o.a.j.t.JMeterThread: Thread is done: Agent search 2-703
2026-10-09 08:23:49,315 INFO o.a.j.t.JMeterThread: Thread finished: Agent search 2-703
2026-10-09 08:23:53,720 INFO o.a.j.t.JMeterThread: Thread started: Ticket intake 1-183
2026-10-09 08:23:55,055 INFO o.a.j.t.JMeterThread: Thread started: Agent search 2-704
2026-10-09 08:23:55,321 INFO o.a.j.t.JMeterThread: Thread is done: Agent search 2-704
2026-10-09 08:23:55,322 INFO o.a.j.t.JMeterThread: Thread finished: Agent search 2-704
2026-10-09 08:23:57,460 INFO o.a.j.t.JMeterThread: Thread started: Agent search 2-705
2026-10-09 08:23:57,569 INFO o.a.j.t.JMeterThread: Thread is done: Agent search 2-705
2026-10-09 08:23:57,569 INFO o.a.j.t.JMeterThread: Thread finished: Agent search 2-705
2026-10-09 08:24:02,321 INFO o.a.j.r.Summariser: summary +      9 in 00:00:32 =    0.3/s Avg:  1151 Min:   108 Max:  8600 Err:     0 (0.00%) Active: 1 Started: 888 Finished: 887
2026-10-09 08:24:02,321 INFO o.a.j.r.Summariser: summary =    888 in 00:53:24 =    0.3/s Avg:  3838 Min:    69 Max: 46785 Err:     0 (0.00%)
2026-10-09 08:24:02,321 INFO o.a.j.t.JMeterThread: Thread is done: Ticket intake 1-183
2026-10-09 08:24:02,321 INFO o.a.j.t.JMeterThread: Thread finished: Ticket intake 1-183
2026-10-09 08:24:09,524 INFO o.a.j.t.JMeterThread: Thread started: Agent search 2-706
2026-10-09 08:24:09,693 INFO o.a.j.t.JMeterThread: Thread is done: Agent search 2-706
2026-10-09 08:24:09,693 INFO o.a.j.t.JMeterThread: Thread finished: Agent search 2-706
2026-10-09 08:24:11,068 INFO o.a.j.t.JMeterThread: Thread started: Agent search 2-707
2026-10-09 08:24:11,229 INFO o.a.j.t.JMeterThread: Thread is done: Agent search 2-707
2026-10-09 08:24:11,230 INFO o.a.j.t.JMeterThread: Thread finished: Agent search 2-707
2026-10-09 08:24:11,934 INFO o.a.j.t.JMeterThread: Thread started: Ticket intake 1-184
2026-10-09 08:24:13,299 INFO o.a.j.t.JMeterThread: Thread started: Agent search 2-708
2026-10-09 08:24:13,481 INFO o.a.j.t.JMeterThread: Thread is done: Agent search 2-708
2026-10-09 08:24:13,481 INFO o.a.j.t.JMeterThread: Thread finished: Agent search 2-708
2026-10-09 08:24:15,330 INFO o.a.j.t.JMeterThread: Thread started: Agent search 2-709
2026-10-09 08:24:15,632 INFO o.a.j.t.JMeterThread: Thread is done: Agent search 2-709
2026-10-09 08:24:15,632 INFO o.a.j.t.JMeterThread: Thread finished: Agent search 2-709
2026-10-09 08:24:19,524 INFO o.a.j.t.JMeterThread: Thread is done: Ticket intake 1-184
2026-10-09 08:24:19,525 INFO o.a.j.t.JMeterThread: Thread finished: Ticket intake 1-184
2026-10-09 08:24:21,092 INFO o.a.j.t.JMeterThread: Thread started: Agent search 2-710
2026-10-09 08:24:21,263 INFO o.a.j.t.JMeterThread: Thread is done: Agent search 2-710
2026-10-09 08:24:21,264 INFO o.a.j.t.JMeterThread: Thread finished: Agent search 2-710
2026-10-09 08:24:22,015 INFO o.a.j.t.JMeterThread: Thread started: Ticket intake 1-185
2026-10-09 08:24:24,133 INFO o.a.j.t.JMeterThread: Thread started: Agent search 2-711
2026-10-09 08:24:24,336 INFO o.a.j.t.JMeterThread: Thread is done: Agent search 2-711
2026-10-09 08:24:24,336 INFO o.a.j.t.JMeterThread: Thread finished: Agent search 2-711
2026-10-09 08:24:26,598 INFO o.a.j.t.JMeterThread: Thread started: Agent search 2-712
2026-10-09 08:24:26,896 INFO o.a.j.t.JMeterThread: Thread is done: Agent search 2-712
2026-10-09 08:24:26,897 INFO o.a.j.t.JMeterThread: Thread finished: Agent search 2-712
2026-10-09 08:24:28,674 INFO o.a.j.t.JMeterThread: Thread started: Ticket intake 1-186
2026-10-09 08:24:29,421 INFO o.a.j.t.JMeterThread: Thread started: Agent search 2-713
2026-10-09 08:24:29,762 INFO o.a.j.t.JMeterThread: Thread is done: Agent search 2-713
2026-10-09 08:24:29,762 INFO o.a.j.t.JMeterThread: Thread finished: Agent search 2-713
2026-10-09 08:24:31,511 INFO o.a.j.r.Summariser: summary +     10 in 00:00:29 =    0.3/s Avg:  1890 Min:   160 Max:  9494 Err:     0 (0.00%) Active: 2 Started: 899 Finished: 897
2026-10-09 08:24:31,511 INFO o.a.j.r.Summariser: summary =    898 in 00:53:53 =    0.3/s Avg:  3816 Min:    69 Max: 46785 Err:     0 (0.00%)
2026-10-09 08:24:31,511 INFO o.a.j.t.JMeterThread: Thread is done: Ticket intake 1-185
2026-10-09 08:24:31,511 INFO o.a.j.t.JMeterThread: Thread finished: Ticket intake 1-185
2026-10-09 08:24:38,451 INFO o.a.j.t.JMeterThread: Thread started: Ticket intake 1-187
2026-10-09 08:24:39,331 INFO o.a.j.t.JMeterThread: Thread started: Agent search 2-714
2026-10-09 08:24:39,491 INFO o.a.j.t.JMeterThread: Thread is done: Ticket intake 1-186
2026-10-09 08:24:39,491 INFO o.a.j.t.JMeterThread: Thread finished: Ticket intake 1-186
2026-10-09 08:24:39,594 INFO o.a.j.t.JMeterThread: Thread is done: Agent search 2-714
2026-10-09 08:24:39,594 INFO o.a.j.t.JMeterThread: Thread finished: Agent search 2-714
2026-10-09 08:24:50,243 INFO o.a.j.t.JMeterThread: Thread is done: Ticket intake 1-187
2026-10-09 08:24:50,243 INFO o.a.j.t.JMeterThread: Thread finished: Ticket intake 1-187
2026-10-09 08:25:02,168 INFO o.a.j.t.JMeterThread: Thread started: Agent search 2-715
2026-10-09 08:25:02,326 INFO o.a.j.r.Summariser: summary +      4 in 00:00:31 =    0.1/s Avg:  5756 Min:   156 Max: 11792 Err:     0 (0.00%) Active: 1 Started: 902 Finished: 901
2026-10-09 08:25:02,326 INFO o.a.j.r.Summariser: summary =    902 in 00:54:24 =    0.3/s Avg:  3825 Min:    69 Max: 46785 Err:     0 (0.00%)
2026-10-09 08:25:02,327 INFO o.a.j.t.JMeterThread: Thread is done: Agent search 2-715
2026-10-09 08:25:02,327 INFO o.a.j.t.JMeterThread: Thread finished: Agent search 2-715
2026-10-09 08:25:02,484 INFO o.a.j.t.JMeterThread: Thread started: Agent search 2-716
2026-10-09 08:25:02,571 INFO o.a.j.t.JMeterThread: Thread is done: Agent search 2-716
2026-10-09 08:25:02,571 INFO o.a.j.t.JMeterThread: Thread finished: Agent search 2-716
2026-10-09 08:25:14,737 INFO o.a.j.t.JMeterThread: Thread started: Agent search 2-717
2026-10-09 08:25:14,921 INFO o.a.j.t.JMeterThread: Thread is done: Agent search 2-717
2026-10-09 08:25:14,922 INFO o.a.j.t.JMeterThread: Thread finished: Agent search 2-717
2026-10-09 08:25:19,372 INFO o.a.j.t.JMeterThread: Thread started: Agent search 2-718
2026-10-09 08:25:19,615 INFO o.a.j.t.JMeterThread: Thread is done: Agent search 2-718
2026-10-09 08:25:19,615 INFO o.a.j.t.JMeterThread: Thread finished: Agent search 2-718
2026-10-09 08:25:27,573 INFO o.a.j.t.JMeterThread: Thread started: Agent search 2-719
2026-10-09 08:25:27,823 INFO o.a.j.t.JMeterThread: Thread is done: Agent search 2-719
2026-10-09 08:25:27,824 INFO o.a.j.t.JMeterThread: Thread finished: Agent search 2-719
2026-10-09 08:25:29,635 INFO o.a.j.t.JMeterThread: Thread started: Agent search 2-720
2026-10-09 08:25:29,871 INFO o.a.j.t.JMeterThread: Thread is done: Agent search 2-720
2026-10-09 08:25:29,871 INFO o.a.j.t.JMeterThread: Thread finished: Agent search 2-720
2026-10-09 08:25:44,097 INFO o.a.j.t.JMeterThread: Thread started: Agent search 2-721
2026-10-09 08:25:44,312 INFO o.a.j.t.JMeterThread: Thread is done: Agent search 2-721
2026-10-09 08:25:44,313 INFO o.a.j.t.JMeterThread: Thread finished: Agent search 2-721
2026-10-09 08:25:47,219 INFO o.a.j.t.JMeterThread: Thread started: Agent search 2-722
2026-10-09 08:25:47,586 INFO o.a.j.t.JMeterThread: Thread is done: Agent search 2-722
2026-10-09 08:25:47,586 INFO o.a.j.t.JMeterThread: Thread finished: Agent search 2-722
2026-10-09 08:25:47,641 INFO o.a.j.t.JMeterThread: Thread started: Ticket intake 1-188
2026-10-09 08:25:49,921 INFO o.a.j.t.JMeterThread: Thread started: Agent search 2-723
2026-10-09 08:25:50,353 INFO o.a.j.t.JMeterThread: Thread is done: Agent search 2-723
2026-10-09 08:25:50,353 INFO o.a.j.t.JMeterThread: Thread finished: Agent search 2-723
2026-10-09 08:25:56,133 INFO o.a.j.t.JMeterThread: Thread started: Agent search 2-724
2026-10-09 08:25:56,291 INFO o.a.j.t.JMeterThread: Thread is done: Ticket intake 1-188
2026-10-09 08:25:56,291 INFO o.a.j.t.JMeterThread: Thread finished: Ticket intake 1-188
2026-10-09 08:25:56,394 INFO o.a.j.t.JMeterThread: Thread is done: Agent search 2-724
2026-10-09 08:25:56,394 INFO o.a.j.t.JMeterThread: Thread finished: Agent search 2-724
2026-10-09 08:25:58,151 INFO o.a.j.t.JMeterThread: Thread started: Agent search 2-725
2026-10-09 08:25:58,339 INFO o.a.j.t.JMeterThread: Thread is done: Agent search 2-725
2026-10-09 08:25:58,339 INFO o.a.j.t.JMeterThread: Thread finished: Agent search 2-725
2026-10-09 08:25:58,620 INFO o.a.j.t.JMeterThread: Thread started: Agent search 2-726
2026-10-09 08:25:58,748 INFO o.a.j.t.JMeterThread: Thread is done: Agent search 2-726
2026-10-09 08:25:58,749 INFO o.a.j.t.JMeterThread: Thread finished: Agent search 2-726
2026-10-09 08:26:02,140 INFO o.a.j.t.JMeterThread: Thread started: Agent search 2-727
2026-10-09 08:26:02,336 INFO o.a.j.r.Summariser: summary +     13 in 00:01:00 =    0.2/s Avg:   878 Min:    87 Max:  8650 Err:     0 (0.00%) Active: 1 Started: 915 Finished: 914
2026-10-09 08:26:02,337 INFO o.a.j.r.Summariser: summary =    915 in 00:55:24 =    0.3/s Avg:  3783 Min:    69 Max: 46785 Err:     0 (0.00%)
2026-10-09 08:26:02,337 INFO o.a.j.t.JMeterThread: Thread is done: Agent search 2-727
2026-10-09 08:26:02,337 INFO o.a.j.t.JMeterThread: Thread finished: Agent search 2-727
2026-10-09 08:26:02,632 INFO o.a.j.t.JMeterThread: Thread started: Agent search 2-728
2026-10-09 08:26:02,816 INFO o.a.j.t.JMeterThread: Thread started: Agent search 2-729
2026-10-09 08:26:02,894 INFO o.a.j.t.JMeterThread: Thread is done: Agent search 2-729
2026-10-09 08:26:02,894 INFO o.a.j.t.JMeterThread: Thread finished: Agent search 2-729
2026-10-09 08:26:02,894 INFO o.a.j.t.JMeterThread: Thread is done: Agent search 2-728
2026-10-09 08:26:02,894 INFO o.a.j.t.JMeterThread: Thread finished: Agent search 2-728
2026-10-09 08:26:04,824 INFO o.a.j.t.JMeterThread: Thread started: Agent search 2-730
2026-10-09 08:26:04,907 INFO o.a.j.t.JMeterThread: Thread is done: Agent search 2-730
2026-10-09 08:26:04,907 INFO o.a.j.t.JMeterThread: Thread finished: Agent search 2-730
2026-10-09 08:26:07,404 INFO o.a.j.t.JMeterThread: Thread started: Agent search 2-731
2026-10-09 08:26:07,760 INFO o.a.j.t.JMeterThread: Thread is done: Agent search 2-731
2026-10-09 08:26:07,760 INFO o.a.j.t.JMeterThread: Thread finished: Agent search 2-731
2026-10-09 08:26:11,472 INFO o.a.j.t.JMeterThread: Thread started: Agent search 2-732
2026-10-09 08:26:11,619 INFO o.a.j.t.JMeterThread: Thread is done: Agent search 2-732
2026-10-09 08:26:11,619 INFO o.a.j.t.JMeterThread: Thread finished: Agent search 2-732
2026-10-09 08:26:13,431 INFO o.a.j.t.JMeterThread: Thread started: Agent search 2-733
2026-10-09 08:26:13,628 INFO o.a.j.t.JMeterThread: Thread started: Agent search 2-734
2026-10-09 08:26:13,700 INFO o.a.j.t.JMeterThread: Thread is done: Agent search 2-733
2026-10-09 08:26:13,700 INFO o.a.j.t.JMeterThread: Thread finished: Agent search 2-733
2026-10-09 08:26:13,854 INFO o.a.j.t.JMeterThread: Thread is done: Agent search 2-734
2026-10-09 08:26:13,854 INFO o.a.j.t.JMeterThread: Thread finished: Agent search 2-734
2026-10-09 08:26:14,320 INFO o.a.j.t.JMeterThread: Thread started: Agent search 2-735
2026-10-09 08:26:14,518 INFO o.a.j.t.JMeterThread: Thread is done: Agent search 2-735
2026-10-09 08:26:14,518 INFO o.a.j.t.JMeterThread: Thread finished: Agent search 2-735
2026-10-09 08:26:19,100 INFO o.a.j.t.JMeterThread: Thread started: Agent search 2-736
2026-10-09 08:26:19,331 INFO o.a.j.t.JMeterThread: Thread is done: Agent search 2-736
2026-10-09 08:26:19,332 INFO o.a.j.t.JMeterThread: Thread finished: Agent search 2-736
2026-10-09 08:26:20,438 INFO o.a.j.t.JMeterThread: Thread started: Agent search 2-737
2026-10-09 08:26:20,662 INFO o.a.j.t.JMeterThread: Thread is done: Agent search 2-737
2026-10-09 08:26:20,662 INFO o.a.j.t.JMeterThread: Thread finished: Agent search 2-737
2026-10-09 08:26:21,195 INFO o.a.j.t.JMeterThread: Thread started: Agent search 2-738
2026-10-09 08:26:21,379 INFO o.a.j.t.JMeterThread: Thread is done: Agent search 2-738
2026-10-09 08:26:21,379 INFO o.a.j.t.JMeterThread: Thread finished: Agent search 2-738
2026-10-09 08:26:22,442 INFO o.a.j.t.JMeterThread: Thread started: Agent search 2-739
2026-10-09 08:26:22,605 INFO o.a.j.t.JMeterThread: Thread is done: Agent search 2-739
2026-10-09 08:26:22,605 INFO o.a.j.t.JMeterThread: Thread finished: Agent search 2-739
2026-10-09 08:26:25,987 INFO o.a.j.t.JMeterThread: Thread started: Agent search 2-740
2026-10-09 08:26:26,192 INFO o.a.j.t.JMeterThread: Thread is done: Agent search 2-740
2026-10-09 08:26:26,192 INFO o.a.j.t.JMeterThread: Thread finished: Agent search 2-740
2026-10-09 08:26:27,127 INFO o.a.j.t.JMeterThread: Thread started: Ticket intake 1-189
2026-10-09 08:26:28,798 INFO o.a.j.t.JMeterThread: Thread started: Agent search 2-741
2026-10-09 08:26:29,059 INFO o.a.j.t.JMeterThread: Thread is done: Agent search 2-741
2026-10-09 08:26:29,059 INFO o.a.j.t.JMeterThread: Thread finished: Agent search 2-741
2026-10-09 08:26:29,927 INFO o.a.j.t.JMeterThread: Thread started: Agent search 2-742
2026-10-09 08:26:30,011 INFO o.a.j.r.Summariser: summary +     15 in 00:00:28 =    0.5/s Avg:   197 Min:    77 Max:   355 Err:     0 (0.00%) Active: 2 Started: 931 Finished: 929
2026-10-09 08:26:30,011 INFO o.a.j.r.Summariser: summary =    930 in 00:55:52 =    0.3/s Avg:  3725 Min:    69 Max: 46785 Err:     0 (0.00%)
2026-10-09 08:26:30,012 INFO o.a.j.t.JMeterThread: Thread is done: Agent search 2-742
2026-10-09 08:26:30,012 INFO o.a.j.t.JMeterThread: Thread finished: Agent search 2-742
2026-10-09 08:26:30,752 INFO o.a.j.t.JMeterThread: Thread started: Ticket intake 1-190
2026-10-09 08:26:35,305 INFO o.a.j.t.JMeterThread: Thread is done: Ticket intake 1-189
2026-10-09 08:26:35,306 INFO o.a.j.t.JMeterThread: Thread finished: Ticket intake 1-189
2026-10-09 08:26:37,964 INFO o.a.j.t.JMeterThread: Thread started: Agent search 2-743
2026-10-09 08:26:38,172 INFO o.a.j.t.JMeterThread: Thread is done: Agent search 2-743
2026-10-09 08:26:38,172 INFO o.a.j.t.JMeterThread: Thread finished: Agent search 2-743
2026-10-09 08:26:41,587 INFO o.a.j.t.JMeterThread: Thread started: Agent search 2-744
2026-10-09 08:26:41,757 INFO o.a.j.t.JMeterThread: Thread is done: Agent search 2-744
2026-10-09 08:26:41,757 INFO o.a.j.t.JMeterThread: Thread finished: Agent search 2-744
2026-10-09 08:26:43,804 INFO o.a.j.t.JMeterThread: Thread is done: Ticket intake 1-190
2026-10-09 08:26:43,804 INFO o.a.j.t.JMeterThread: Thread finished: Ticket intake 1-190
2026-10-09 08:26:44,391 INFO o.a.j.t.JMeterThread: Thread started: Agent search 2-745
2026-10-09 08:26:44,623 INFO o.a.j.t.JMeterThread: Thread is done: Agent search 2-745
2026-10-09 08:26:44,623 INFO o.a.j.t.JMeterThread: Thread finished: Agent search 2-745
2026-10-09 08:27:09,575 INFO o.a.j.t.JMeterThread: Thread started: Agent search 2-746
2026-10-09 08:27:09,815 INFO o.a.j.t.JMeterThread: Thread is done: Agent search 2-746
2026-10-09 08:27:09,815 INFO o.a.j.t.JMeterThread: Thread finished: Agent search 2-746
2026-10-09 08:27:17,160 INFO o.a.j.t.JMeterThread: Thread started: Agent search 2-747
2026-10-09 08:27:17,392 INFO o.a.j.t.JMeterThread: Thread is done: Agent search 2-747
2026-10-09 08:27:17,392 INFO o.a.j.t.JMeterThread: Thread finished: Agent search 2-747
2026-10-09 08:27:20,580 INFO o.a.j.t.JMeterThread: Thread started: Agent search 2-748
2026-10-09 08:27:20,880 INFO o.a.j.t.JMeterThread: Thread is done: Agent search 2-748
2026-10-09 08:27:20,880 INFO o.a.j.t.JMeterThread: Thread finished: Agent search 2-748
2026-10-09 08:27:24,197 INFO o.a.j.t.JMeterThread: Thread started: Agent search 2-749
2026-10-09 08:27:24,398 INFO o.a.j.t.JMeterThread: Thread is done: Agent search 2-749
2026-10-09 08:27:24,399 INFO o.a.j.t.JMeterThread: Thread finished: Agent search 2-749
2026-10-09 08:27:25,048 INFO o.a.j.t.JMeterThread: Thread started: Agent search 2-750
2026-10-09 08:27:25,282 INFO o.a.j.t.JMeterThread: Thread is done: Agent search 2-750
2026-10-09 08:27:25,282 INFO o.a.j.t.JMeterThread: Thread finished: Agent search 2-750
2026-10-09 08:27:26,293 INFO o.a.j.t.JMeterThread: Thread started: Agent search 2-751
2026-10-09 08:27:26,616 INFO o.a.j.t.JMeterThread: Thread is done: Agent search 2-751
2026-10-09 08:27:26,616 INFO o.a.j.t.JMeterThread: Thread finished: Agent search 2-751
2026-10-09 08:27:38,500 INFO o.a.j.t.JMeterThread: Thread started: Ticket intake 1-191
2026-10-09 08:27:41,605 INFO o.a.j.t.JMeterThread: Thread started: Agent search 2-752
2026-10-09 08:27:41,866 INFO o.a.j.t.JMeterThread: Thread is done: Agent search 2-752
2026-10-09 08:27:41,866 INFO o.a.j.t.JMeterThread: Thread finished: Agent search 2-752
2026-10-09 08:27:44,494 INFO o.a.j.t.JMeterThread: Thread started: Agent search 2-753
2026-10-09 08:27:44,835 INFO o.a.j.t.JMeterThread: Thread is done: Agent search 2-753
2026-10-09 08:27:44,836 INFO o.a.j.t.JMeterThread: Thread finished: Agent search 2-753
2026-10-09 08:27:45,757 INFO o.a.j.t.JMeterThread: Thread is done: Ticket intake 1-191
2026-10-09 08:27:45,757 INFO o.a.j.t.JMeterThread: Thread finished: Ticket intake 1-191
2026-10-09 08:27:48,272 INFO o.a.j.t.JMeterThread: Thread started: Agent search 2-754
2026-10-09 08:27:48,634 INFO o.a.j.t.JMeterThread: Thread is done: Agent search 2-754
2026-10-09 08:27:48,634 INFO o.a.j.t.JMeterThread: Thread finished: Agent search 2-754
2026-10-09 08:27:48,962 INFO o.a.j.t.JMeterThread: Thread started: Ticket intake 1-192
2026-10-09 08:27:49,096 INFO o.a.j.t.JMeterThread: Thread started: Agent search 2-755
2026-10-09 08:27:49,340 INFO o.a.j.t.JMeterThread: Thread is done: Agent search 2-755
2026-10-09 08:27:49,341 INFO o.a.j.t.JMeterThread: Thread finished: Agent search 2-755
2026-10-09 08:27:49,572 INFO o.a.j.t.JMeterThread: Thread started: Agent search 2-756
2026-10-09 08:27:49,750 INFO o.a.j.t.JMeterThread: Thread is done: Agent search 2-756
2026-10-09 08:27:49,751 INFO o.a.j.t.JMeterThread: Thread finished: Agent search 2-756
2026-10-09 08:27:54,482 INFO o.a.j.t.JMeterThread: Thread started: Agent search 2-757
2026-10-09 08:27:54,666 INFO o.a.j.t.JMeterThread: Thread is done: Agent search 2-757
2026-10-09 08:27:54,666 INFO o.a.j.t.JMeterThread: Thread finished: Agent search 2-757
2026-10-09 08:27:56,406 INFO o.a.j.t.JMeterThread: Thread is done: Ticket intake 1-192
2026-10-09 08:27:56,406 INFO o.a.j.t.JMeterThread: Thread finished: Ticket intake 1-192
2026-10-09 08:27:59,379 INFO o.a.j.t.JMeterThread: Thread started: Agent search 2-758
2026-10-09 08:27:59,698 INFO o.a.j.t.JMeterThread: Thread is done: Agent search 2-758
2026-10-09 08:27:59,698 INFO o.a.j.t.JMeterThread: Thread finished: Agent search 2-758
2026-10-09 08:28:03,180 INFO o.a.j.t.JMeterThread: Thread started: Agent search 2-759
2026-10-09 08:28:03,370 INFO o.a.j.r.Summariser: summary +     21 in 00:01:33 =    0.2/s Avg:  1911 Min:   169 Max: 13051 Err:     0 (0.00%) Active: 1 Started: 951 Finished: 950
2026-10-09 08:28:03,370 INFO o.a.j.r.Summariser: summary =    951 in 00:57:25 =    0.3/s Avg:  3685 Min:    69 Max: 46785 Err:     0 (0.00%)
2026-10-09 08:28:03,370 INFO o.a.j.t.JMeterThread: Thread is done: Agent search 2-759
2026-10-09 08:28:03,370 INFO o.a.j.t.JMeterThread: Thread finished: Agent search 2-759
2026-10-09 08:28:06,571 INFO o.a.j.t.JMeterThread: Thread started: Agent search 2-760
2026-10-09 08:28:06,748 INFO o.a.j.t.JMeterThread: Thread is done: Agent search 2-760
2026-10-09 08:28:06,748 INFO o.a.j.t.JMeterThread: Thread finished: Agent search 2-760
2026-10-09 08:28:07,989 INFO o.a.j.t.JMeterThread: Thread started: Ticket intake 1-193
2026-10-09 08:28:14,457 INFO o.a.j.t.JMeterThread: Thread started: Agent search 2-761
2026-10-09 08:28:14,946 INFO o.a.j.t.JMeterThread: Thread is done: Agent search 2-761
2026-10-09 08:28:14,946 INFO o.a.j.t.JMeterThread: Thread finished: Agent search 2-761
2026-10-09 08:28:19,746 INFO o.a.j.t.JMeterThread: Thread started: Agent search 2-762
2026-10-09 08:28:19,752 INFO o.a.j.t.JMeterThread: Thread started: Agent search 2-763
2026-10-09 08:28:19,959 INFO o.a.j.t.JMeterThread: Thread is done: Agent search 2-763
2026-10-09 08:28:19,959 INFO o.a.j.t.JMeterThread: Thread finished: Agent search 2-763
2026-10-09 08:28:19,959 INFO o.a.j.t.JMeterThread: Thread is done: Agent search 2-762
2026-10-09 08:28:19,959 INFO o.a.j.t.JMeterThread: Thread finished: Agent search 2-762
2026-10-09 08:28:21,813 INFO o.a.j.t.JMeterThread: Thread started: Agent search 2-764
2026-10-09 08:28:22,109 INFO o.a.j.t.JMeterThread: Thread is done: Agent search 2-764
2026-10-09 08:28:22,110 INFO o.a.j.t.JMeterThread: Thread finished: Agent search 2-764
2026-10-09 08:28:22,826 INFO o.a.j.t.JMeterThread: Thread is done: Ticket intake 1-193
2026-10-09 08:28:22,826 INFO o.a.j.t.JMeterThread: Thread finished: Ticket intake 1-193
2026-10-09 08:28:23,121 INFO o.a.j.t.JMeterThread: Thread started: Agent search 2-765
2026-10-09 08:28:23,439 INFO o.a.j.t.JMeterThread: Thread is done: Agent search 2-765
2026-10-09 08:28:23,440 INFO o.a.j.t.JMeterThread: Thread finished: Agent search 2-765
2026-10-09 08:28:30,962 INFO o.a.j.t.JMeterThread: Thread started: Agent search 2-766
2026-10-09 08:28:31,326 INFO o.a.j.r.Summariser: summary +      8 in 00:00:28 =    0.3/s Avg:  2112 Min:   177 Max: 14837 Err:     0 (0.00%) Active: 1 Started: 959 Finished: 958
2026-10-09 08:28:31,326 INFO o.a.j.r.Summariser: summary =    959 in 00:57:53 =    0.3/s Avg:  3672 Min:    69 Max: 46785 Err:     0 (0.00%)
2026-10-09 08:28:31,326 INFO o.a.j.t.JMeterThread: Thread is done: Agent search 2-766
2026-10-09 08:28:31,326 INFO o.a.j.t.JMeterThread: Thread finished: Agent search 2-766
2026-10-09 08:28:31,662 INFO o.a.j.t.JMeterThread: Thread started: Agent search 2-767
2026-10-09 08:28:31,839 INFO o.a.j.t.JMeterThread: Thread is done: Agent search 2-767
2026-10-09 08:28:31,839 INFO o.a.j.t.JMeterThread: Thread finished: Agent search 2-767
2026-10-09 08:28:34,947 INFO o.a.j.t.JMeterThread: Thread started: Agent search 2-768
2026-10-09 08:28:35,317 INFO o.a.j.t.JMeterThread: Thread is done: Agent search 2-768
2026-10-09 08:28:35,317 INFO o.a.j.t.JMeterThread: Thread finished: Agent search 2-768
2026-10-09 08:28:38,062 INFO o.a.j.t.JMeterThread: Thread started: Agent search 2-769
2026-10-09 08:28:38,248 INFO o.a.j.t.JMeterThread: Thread is done: Agent search 2-769
2026-10-09 08:28:38,248 INFO o.a.j.t.JMeterThread: Thread finished: Agent search 2-769
2026-10-09 08:28:39,836 INFO o.a.j.t.JMeterThread: Thread started: Agent search 2-770
2026-10-09 08:28:40,028 INFO o.a.j.t.JMeterThread: Thread is done: Agent search 2-770
2026-10-09 08:28:40,028 INFO o.a.j.t.JMeterThread: Thread finished: Agent search 2-770
2026-10-09 08:28:45,307 INFO o.a.j.t.JMeterThread: Thread started: Agent search 2-771
2026-10-09 08:28:45,462 INFO o.a.j.t.JMeterThread: Thread is done: Agent search 2-771
2026-10-09 08:28:45,462 INFO o.a.j.t.JMeterThread: Thread finished: Agent search 2-771
2026-10-09 08:28:51,984 INFO o.a.j.t.JMeterThread: Thread started: Ticket intake 1-194
2026-10-09 08:28:54,465 INFO o.a.j.t.JMeterThread: Thread started: Ticket intake 1-195
2026-10-09 08:28:55,674 INFO o.a.j.t.JMeterThread: Thread started: Agent search 2-772
2026-10-09 08:28:56,003 INFO o.a.j.t.JMeterThread: Thread is done: Agent search 2-772
2026-10-09 08:28:56,003 INFO o.a.j.t.JMeterThread: Thread finished: Agent search 2-772
2026-10-09 08:28:56,153 INFO o.a.j.t.JMeterThread: Thread started: Agent search 2-773
2026-10-09 08:28:56,272 INFO o.a.j.t.JMeterThread: Thread started: Agent search 2-774
2026-10-09 08:28:56,281 INFO o.a.j.t.JMeterThread: Thread is done: Agent search 2-773
2026-10-09 08:28:56,281 INFO o.a.j.t.JMeterThread: Thread finished: Agent search 2-773
2026-10-09 08:28:56,366 INFO o.a.j.t.JMeterThread: Thread is done: Agent search 2-774
2026-10-09 08:28:56,366 INFO o.a.j.t.JMeterThread: Thread finished: Agent search 2-774
2026-10-09 08:29:05,116 INFO o.a.j.r.Summariser: summary +      9 in 00:00:34 =    0.3/s Avg:  1639 Min:    93 Max: 13132 Err:     0 (0.00%) Active: 2 Started: 969 Finished: 967
2026-10-09 08:29:05,116 INFO o.a.j.r.Summariser: summary =    968 in 00:58:27 =    0.3/s Avg:  3653 Min:    69 Max: 46785 Err:     0 (0.00%)
2026-10-09 08:29:05,117 INFO o.a.j.t.JMeterThread: Thread is done: Ticket intake 1-194
2026-10-09 08:29:05,117 INFO o.a.j.t.JMeterThread: Thread finished: Ticket intake 1-194
2026-10-09 08:29:05,158 INFO o.a.j.t.JMeterThread: Thread started: Agent search 2-775
2026-10-09 08:29:05,322 INFO o.a.j.t.JMeterThread: Thread is done: Agent search 2-775
2026-10-09 08:29:05,323 INFO o.a.j.t.JMeterThread: Thread finished: Agent search 2-775
2026-10-09 08:29:07,270 INFO o.a.j.t.JMeterThread: Thread started: Ticket intake 1-196
2026-10-09 08:29:07,405 INFO o.a.j.t.JMeterThread: Thread started: Agent search 2-776
2026-10-09 08:29:07,574 INFO o.a.j.t.JMeterThread: Thread is done: Agent search 2-776
2026-10-09 08:29:07,574 INFO o.a.j.t.JMeterThread: Thread finished: Agent search 2-776
2026-10-09 08:29:07,680 INFO o.a.j.t.JMeterThread: Thread started: Agent search 2-777
2026-10-09 08:29:07,881 INFO o.a.j.t.JMeterThread: Thread is done: Agent search 2-777
2026-10-09 08:29:07,881 INFO o.a.j.t.JMeterThread: Thread finished: Agent search 2-777
2026-10-09 08:29:08,015 INFO o.a.j.t.JMeterThread: Thread started: Agent search 2-778
2026-10-09 08:29:09,314 INFO o.a.j.t.JMeterThread: Thread is done: Agent search 2-778
2026-10-09 08:29:09,315 INFO o.a.j.t.JMeterThread: Thread finished: Agent search 2-778
2026-10-09 08:29:13,837 INFO o.a.j.t.JMeterThread: Thread started: Agent search 2-779
2026-10-09 08:29:14,025 INFO o.a.j.t.JMeterThread: Thread is done: Agent search 2-779
2026-10-09 08:29:14,025 INFO o.a.j.t.JMeterThread: Thread finished: Agent search 2-779
2026-10-09 08:29:14,619 INFO o.a.j.t.JMeterThread: Thread started: Agent search 2-780
2026-10-09 08:29:14,844 INFO o.a.j.t.JMeterThread: Thread is done: Agent search 2-780
2026-10-09 08:29:14,844 INFO o.a.j.t.JMeterThread: Thread finished: Agent search 2-780
2026-10-09 08:29:15,663 INFO o.a.j.t.JMeterThread: Thread is done: Ticket intake 1-195
2026-10-09 08:29:15,663 INFO o.a.j.t.JMeterThread: Thread finished: Ticket intake 1-195
2026-10-09 08:29:16,422 INFO o.a.j.t.JMeterThread: Thread started: Agent search 2-781
2026-10-09 08:29:16,643 INFO o.a.j.t.JMeterThread: Thread is done: Agent search 2-781
2026-10-09 08:29:16,643 INFO o.a.j.t.JMeterThread: Thread finished: Agent search 2-781
2026-10-09 08:29:19,091 INFO o.a.j.t.JMeterThread: Thread started: Ticket intake 1-197
2026-10-09 08:29:20,789 INFO o.a.j.t.JMeterThread: Thread started: Agent search 2-782
2026-10-09 08:29:21,090 INFO o.a.j.t.JMeterThread: Thread is done: Agent search 2-782
2026-10-09 08:29:21,090 INFO o.a.j.t.JMeterThread: Thread finished: Agent search 2-782
2026-10-09 08:29:21,248 INFO o.a.j.t.JMeterThread: Thread started: Agent search 2-783
2026-10-09 08:29:21,491 INFO o.a.j.t.JMeterThread: Thread is done: Agent search 2-783
2026-10-09 08:29:21,491 INFO o.a.j.t.JMeterThread: Thread finished: Agent search 2-783
2026-10-09 08:29:23,761 INFO o.a.j.t.JMeterThread: Thread started: Agent search 2-784
2026-10-09 08:29:23,840 INFO o.a.j.t.JMeterThread: Thread is done: Agent search 2-784
2026-10-09 08:29:23,840 INFO o.a.j.t.JMeterThread: Thread finished: Agent search 2-784
2026-10-09 08:29:23,936 INFO o.a.j.t.JMeterThread: Thread started: Agent search 2-785
2026-10-09 08:29:24,030 INFO o.a.j.t.JMeterThread: Thread is done: Agent search 2-785
2026-10-09 08:29:24,031 INFO o.a.j.t.JMeterThread: Thread finished: Agent search 2-785
2026-10-09 08:29:25,346 INFO o.a.j.t.JMeterThread: Thread started: Agent search 2-786
2026-10-09 08:29:25,597 INFO o.a.j.t.JMeterThread: Thread is done: Agent search 2-786
2026-10-09 08:29:25,597 INFO o.a.j.t.JMeterThread: Thread finished: Agent search 2-786
2026-10-09 08:29:27,398 INFO o.a.j.t.JMeterThread: Thread started: Agent search 2-787
2026-10-09 08:29:27,619 INFO o.a.j.t.JMeterThread: Thread is done: Agent search 2-787
2026-10-09 08:29:27,619 INFO o.a.j.t.JMeterThread: Thread finished: Agent search 2-787
2026-10-09 08:29:28,361 INFO o.a.j.t.JMeterThread: Thread is done: Ticket intake 1-196
2026-10-09 08:29:28,361 INFO o.a.j.t.JMeterThread: Thread finished: Ticket intake 1-196
2026-10-09 08:29:38,503 INFO o.a.j.t.JMeterThread: Thread started: Agent search 2-788
2026-10-09 08:29:38,852 INFO o.a.j.t.JMeterThread: Thread is done: Agent search 2-788
2026-10-09 08:29:38,852 INFO o.a.j.t.JMeterThread: Thread finished: Agent search 2-788
2026-10-09 08:29:40,329 INFO o.a.j.t.JMeterThread: Thread started: Agent search 2-789
2026-10-09 08:29:40,457 INFO o.a.j.t.JMeterThread: Thread is done: Agent search 2-789
2026-10-09 08:29:40,458 INFO o.a.j.t.JMeterThread: Thread finished: Agent search 2-789
2026-10-09 08:29:40,770 INFO o.a.j.t.JMeterThread: Thread is done: Ticket intake 1-197
2026-10-09 08:29:40,771 INFO o.a.j.t.JMeterThread: Thread finished: Ticket intake 1-197
2026-10-09 08:29:42,319 INFO o.a.j.t.JMeterThread: Thread started: Agent search 2-790
2026-10-09 08:29:42,397 INFO o.a.j.t.JMeterThread: Thread is done: Agent search 2-790
2026-10-09 08:29:42,397 INFO o.a.j.t.JMeterThread: Thread finished: Agent search 2-790
2026-10-09 08:29:58,184 INFO o.a.j.t.JMeterThread: Thread started: Agent search 2-791
2026-10-09 08:29:58,570 INFO o.a.j.t.JMeterThread: Thread is done: Agent search 2-791
2026-10-09 08:29:58,570 INFO o.a.j.t.JMeterThread: Thread finished: Agent search 2-791
2026-10-09 08:30:02,654 INFO o.a.j.t.JMeterThread: Thread started: Agent search 2-792
2026-10-09 08:30:02,870 INFO o.a.j.r.Summariser: summary +     21 in 00:00:58 =    0.4/s Avg:  3274 Min:    77 Max: 21679 Err:     0 (0.00%) Active: 1 Started: 989 Finished: 988
2026-10-09 08:30:02,870 INFO o.a.j.r.Summariser: summary =    989 in 00:59:25 =    0.3/s Avg:  3645 Min:    69 Max: 46785 Err:     0 (0.00%)
2026-10-09 08:30:02,870 INFO o.a.j.t.JMeterThread: Thread is done: Agent search 2-792
2026-10-09 08:30:02,870 INFO o.a.j.t.JMeterThread: Thread finished: Agent search 2-792
2026-10-09 08:30:08,823 INFO o.a.j.t.JMeterThread: Thread started: Agent search 2-793
2026-10-09 08:30:09,098 INFO o.a.j.t.JMeterThread: Thread is done: Agent search 2-793
2026-10-09 08:30:09,098 INFO o.a.j.t.JMeterThread: Thread finished: Agent search 2-793
2026-10-09 08:30:12,883 INFO o.a.j.t.JMeterThread: Thread started: Agent search 2-794
2026-10-09 08:30:13,212 INFO o.a.j.t.JMeterThread: Thread is done: Agent search 2-794
2026-10-09 08:30:13,212 INFO o.a.j.t.JMeterThread: Thread finished: Agent search 2-794
2026-10-09 08:30:13,374 INFO o.a.j.t.JMeterThread: Thread started: Agent search 2-795
2026-10-09 08:30:13,520 INFO o.a.j.t.JMeterThread: Thread is done: Agent search 2-795
2026-10-09 08:30:13,521 INFO o.a.j.t.JMeterThread: Thread finished: Agent search 2-795
2026-10-09 08:30:16,381 INFO o.a.j.t.JMeterThread: Thread started: Agent search 2-796
2026-10-09 08:30:16,492 INFO o.a.j.t.JMeterThread: Thread is done: Agent search 2-796
2026-10-09 08:30:16,492 INFO o.a.j.t.JMeterThread: Thread finished: Agent search 2-796
2026-10-09 08:30:17,587 INFO o.a.j.t.JMeterThread: Thread started: Agent search 2-797
2026-10-09 08:30:17,822 INFO o.a.j.t.JMeterThread: Thread is done: Agent search 2-797
2026-10-09 08:30:17,822 INFO o.a.j.t.JMeterThread: Thread finished: Agent search 2-797
2026-10-09 08:30:21,476 INFO o.a.j.t.JMeterThread: Thread started: Agent search 2-798
2026-10-09 08:30:21,616 INFO o.a.j.t.JMeterThread: Thread is done: Agent search 2-798
2026-10-09 08:30:21,616 INFO o.a.j.t.JMeterThread: Thread finished: Agent search 2-798
2026-10-09 08:30:27,417 INFO o.a.j.t.JMeterThread: Thread started: Agent search 2-799
2026-10-09 08:30:27,652 INFO o.a.j.t.JMeterThread: Thread is done: Agent search 2-799
2026-10-09 08:30:27,652 INFO o.a.j.t.JMeterThread: Thread finished: Agent search 2-799
2026-10-09 08:30:30,551 INFO o.a.j.t.JMeterThread: Thread started: Ticket intake 1-198
2026-10-09 08:30:30,551 INFO o.a.j.t.o.OpenModelThreadGroup: There will be no more events, so will wait for 7 sec till the end of the schedule
2026-10-09 08:30:35,039 INFO o.a.j.t.JMeterThread: Thread started: Agent search 2-800
2026-10-09 08:30:35,039 INFO o.a.j.t.o.OpenModelThreadGroup: There will be no more events, so will wait for 3 sec till the end of the schedule
2026-10-09 08:30:35,228 INFO o.a.j.r.Summariser: summary +      8 in 00:00:32 =    0.2/s Avg:   206 Min:   110 Max:   328 Err:     0 (0.00%) Active: 2 Started: 998 Finished: 996
2026-10-09 08:30:35,229 INFO o.a.j.r.Summariser: summary =    997 in 00:59:57 =    0.3/s Avg:  3618 Min:    69 Max: 46785 Err:     0 (0.00%)
2026-10-09 08:30:35,229 INFO o.a.j.t.JMeterThread: Thread is done: Agent search 2-800
2026-10-09 08:30:35,229 INFO o.a.j.t.JMeterThread: Thread finished: Agent search 2-800
2026-10-09 08:30:38,321 INFO o.a.j.t.o.OpenModelThreadGroup: There will be no more events, will shutdown the thread pool
2026-10-09 08:30:38,321 INFO o.a.j.t.o.OpenModelThreadGroup: Thread starting done
2026-10-09 08:30:38,322 INFO o.a.j.t.o.OpenModelThreadGroup: Test schedule finished, however, there are 1 thread(s) still running. Will interrupt the threads. If you want to keep some time for the threads to complete, consider adding pause(10 min) at the end of the schedule.
2026-10-09 08:30:38,323 INFO o.a.j.t.o.OpenModelThreadGroup: Terminating thread org.apache.jmeter.threads.JMeterThread@16c3a175
2026-10-09 08:30:38,323 INFO o.a.j.t.JMeterThread: Stopping: Ticket intake 1-198
2026-10-09 08:30:38,323 WARN o.a.j.t.JMeterThread: Interrupting: Ticket intake 1-198 sampler: POST /tickets
2026-10-09 08:30:38,323 INFO o.a.j.t.o.OpenModelThreadGroup: Thread starting done
2026-10-09 08:30:38,325 INFO o.a.j.t.JMeterThread: Thread is done: Ticket intake 1-198
2026-10-09 08:30:38,325 INFO o.a.j.t.JMeterThread: Thread finished: Ticket intake 1-198
2026-10-09 08:30:38,326 INFO o.a.j.e.StandardJMeterEngine: Notifying test listeners of end of test
2026-10-09 08:30:38,326 INFO o.a.j.s.FileServer: Close: search_terms.txt
2026-10-09 08:30:38,326 INFO o.a.j.s.FileServer: Close: tickets.tsv
2026-10-09 08:30:38,326 INFO o.a.j.r.Summariser: summary +      1 in 00:00:03 =    0.3/s Avg:  7773 Min:  7773 Max:  7773 Err:     1 (100.00%) Active: 0 Started: 998 Finished: 998
2026-10-09 08:30:38,326 INFO o.a.j.r.Summariser: summary =    998 in 01:00:00 =    0.3/s Avg:  3622 Min:    69 Max: 46785 Err:     1 (0.10%)
