2026-10-09 06:28:33,039 INFO o.a.j.u.JMeterUtils: Setting Locale to en_EN
2026-10-09 06:28:33,048 INFO o.a.j.JMeter: Loading user properties from: C:\apache-jmeter-5.6.3\bin\user.properties
2026-10-09 06:28:33,048 INFO o.a.j.JMeter: Loading system properties from: C:\apache-jmeter-5.6.3\bin\system.properties
2026-10-09 06:28:33,048 INFO o.a.j.JMeter: Loading additional properties from: C:\Users\josep\Downloads\results\tev1-4b\stress\run1\run.properties
2026-10-09 06:28:33,052 INFO o.a.j.JMeter: Copyright (c) 1998-2024 The Apache Software Foundation
2026-10-09 06:28:33,052 INFO o.a.j.JMeter: Version 5.6.3
2026-10-09 06:28:33,052 INFO o.a.j.JMeter: java.version=25.0.1
2026-10-09 06:28:33,053 INFO o.a.j.JMeter: java.vm.name=Java HotSpot(TM) 64-Bit Server VM
2026-10-09 06:28:33,056 INFO o.a.j.JMeter: os.name=Windows 11
2026-10-09 06:28:33,056 INFO o.a.j.JMeter: os.arch=amd64
2026-10-09 06:28:33,056 INFO o.a.j.JMeter: os.version=10.0
2026-10-09 06:28:33,056 INFO o.a.j.JMeter: file.encoding=UTF-8
2026-10-09 06:28:33,056 INFO o.a.j.JMeter: java.awt.headless=true
2026-10-09 06:28:33,056 INFO o.a.j.JMeter: Max memory     =1073741824
2026-10-09 06:28:33,056 INFO o.a.j.JMeter: Available Processors =16
2026-10-09 06:28:33,064 INFO o.a.j.JMeter: Default Locale=English (EN)
2026-10-09 06:28:33,064 INFO o.a.j.JMeter: JMeter  Locale=English (EN)
2026-10-09 06:28:33,064 INFO o.a.j.JMeter: JMeterHome=C:\apache-jmeter-5.6.3
2026-10-09 06:28:33,064 INFO o.a.j.JMeter: user.dir  =C:\Users\josep\Downloads
2026-10-09 06:28:33,065 INFO o.a.j.JMeter: PWD       =C:\Users\josep\Downloads
2026-10-09 06:28:33,069 INFO o.a.j.JMeter: IP: 172.20.10.7 Name: LAPTOP-JVTGMMI4 FullName: LAPTOP-JVTGMMI4
2026-10-09 06:28:33,076 INFO o.a.j.s.FileServer: Default base='C:\Users\josep\Downloads'
2026-10-09 06:28:33,076 INFO o.a.j.s.FileServer: Set new base='C:\Users\josep\Downloads\loadtest'
2026-10-09 06:28:33,197 INFO o.a.j.s.SaveService: Testplan (JMX) version: 2.2. Testlog (JTL) version: 2.2
2026-10-09 06:28:33,207 INFO o.a.j.s.SaveService: Using SaveService properties version 5.0
2026-10-09 06:28:33,209 INFO o.a.j.s.SaveService: Using SaveService properties file encoding UTF-8
2026-10-09 06:28:33,211 INFO o.a.j.s.SaveService: Loading file: C:\Users\josep\Downloads\loadtest\triage.jmx
2026-10-09 06:28:33,238 INFO o.a.j.p.h.s.HTTPSamplerBase: Parser for text/html is org.apache.jmeter.protocol.http.parser.LagartoBasedHtmlParser
2026-10-09 06:28:33,238 INFO o.a.j.p.h.s.HTTPSamplerBase: Parser for application/xhtml+xml is org.apache.jmeter.protocol.http.parser.LagartoBasedHtmlParser
2026-10-09 06:28:33,238 INFO o.a.j.p.h.s.HTTPSamplerBase: Parser for application/xml is org.apache.jmeter.protocol.http.parser.LagartoBasedHtmlParser
2026-10-09 06:28:33,238 INFO o.a.j.p.h.s.HTTPSamplerBase: Parser for text/xml is org.apache.jmeter.protocol.http.parser.LagartoBasedHtmlParser
2026-10-09 06:28:33,238 INFO o.a.j.p.h.s.HTTPSamplerBase: Parser for text/vnd.wap.wml is org.apache.jmeter.protocol.http.parser.RegexpHTMLParser
2026-10-09 06:28:33,238 INFO o.a.j.p.h.s.HTTPSamplerBase: Parser for text/css is org.apache.jmeter.protocol.http.parser.CssParser
2026-10-09 06:28:33,245 INFO o.a.j.JMeter: Creating summariser <summary>
2026-10-09 06:28:33,256 INFO o.a.j.e.StandardJMeterEngine: Running the test!
2026-10-09 06:28:33,257 INFO o.a.j.s.SampleEvent: List of sample_variables: [req_id, row, term]
2026-10-09 06:28:33,257 INFO o.a.j.s.SampleEvent: List of sample_variables: [req_id, row, term]
2026-10-09 06:28:33,259 INFO o.a.j.e.u.CompoundVariable: Note: Function class names must contain the string: '.functions.'
2026-10-09 06:28:33,259 INFO o.a.j.e.u.CompoundVariable: Note: Function class names must not contain the string: '.gui.'
2026-10-09 06:28:33,297 INFO o.a.j.JMeter: Running test (1791498513297)
2026-10-09 06:28:33,308 INFO o.a.j.e.StandardJMeterEngine: Starting ThreadGroup: 1 : Ticket intake
2026-10-09 06:28:33,308 INFO o.a.j.e.StandardJMeterEngine: Starting 0 threads for group Ticket intake.
2026-10-09 06:28:33,308 INFO o.a.j.e.StandardJMeterEngine: Thread will continue on error
2026-10-09 06:28:33,308 INFO o.a.j.t.o.OpenModelThreadGroup: Starting OpenModelThreadGroup#1 with schedule rate(400/hour) random_arrivals(15 min) rate(400/hour) rate(600/hour) random_arrivals(15 min) rate(600/hour) rate(800/hour) random_arrivals(15 min) rate(800/hour) rate(1000/hour) random_arrivals(15 min) rate(1000/hour)
2026-10-09 06:28:33,325 INFO o.a.j.e.StandardJMeterEngine: Starting ThreadGroup: 2 : Agent search
2026-10-09 06:28:33,325 INFO o.a.j.e.StandardJMeterEngine: Starting 0 threads for group Agent search.
2026-10-09 06:28:33,325 INFO o.a.j.e.StandardJMeterEngine: Thread will continue on error
2026-10-09 06:28:33,325 INFO o.a.j.t.o.OpenModelThreadGroup: Starting OpenModelThreadGroup#2 with schedule rate(0/hour) random_arrivals(1 min)
2026-10-09 06:28:33,325 INFO o.a.j.e.StandardJMeterEngine: All thread groups have been started
2026-10-09 06:28:33,325 INFO o.a.j.t.o.OpenModelThreadGroup: Thread starting init
2026-10-09 06:28:33,325 INFO o.a.j.t.o.OpenModelThreadGroup: Thread starting init
2026-10-09 06:28:33,329 INFO o.a.j.t.o.PoissonArrivalsRamp: Generating 100 events, beginRate = 0.1111111111111111 / sec, endRate = 0.1111111111111111 / sec, duration = 900.0 sec
2026-10-09 06:28:33,329 INFO o.a.j.t.o.PoissonArrivalsRamp: Generating 0 events, beginRate = 0.0 / sec, endRate = 0.0 / sec, duration = 60.0 sec
2026-10-09 06:28:33,330 INFO o.a.j.t.o.OpenModelThreadGroup: There will be no more events, so will wait for 59 sec till the end of the schedule
2026-10-09 06:28:49,170 INFO o.a.j.t.JMeterThread: Thread started: Ticket intake 1-1
2026-10-09 06:28:49,170 INFO o.a.j.s.FileServer: Stored: tickets.tsv
2026-10-09 06:28:49,184 INFO o.a.j.p.h.s.HTTPHCAbstractImpl: Local host = LAPTOP-JVTGMMI4
2026-10-09 06:28:49,187 INFO o.a.j.p.h.s.HTTPHC4Impl: HTTP request retry count = 0
2026-10-09 06:28:49,188 INFO o.a.j.s.SampleResult: Note: Sample TimeStamps are START times
2026-10-09 06:28:49,188 INFO o.a.j.s.SampleResult: sampleresult.default.encoding is set to UTF-8
2026-10-09 06:28:49,188 INFO o.a.j.s.SampleResult: sampleresult.useNanoTime=true
2026-10-09 06:28:49,188 INFO o.a.j.s.SampleResult: sampleresult.nanoThreadSleep=5000
2026-10-09 06:28:51,233 INFO o.a.j.t.JMeterThread: Thread started: Ticket intake 1-2
2026-10-09 06:28:57,054 INFO o.a.j.t.JMeterThread: Thread is done: Ticket intake 1-1
2026-10-09 06:28:57,054 INFO o.a.j.t.JMeterThread: Thread finished: Ticket intake 1-1
2026-10-09 06:28:57,222 INFO o.a.j.t.JMeterThread: Thread started: Ticket intake 1-3
2026-10-09 06:29:01,967 INFO o.a.j.r.Summariser: summary +      2 in 00:00:29 =    0.1/s Avg:  9278 Min:  7826 Max: 10731 Err:     0 (0.00%) Active: 2 Started: 3 Finished: 1
2026-10-09 06:29:01,968 INFO o.a.j.t.JMeterThread: Thread is done: Ticket intake 1-2
2026-10-09 06:29:01,968 INFO o.a.j.t.JMeterThread: Thread finished: Ticket intake 1-2
2026-10-09 06:29:08,009 INFO o.a.j.t.JMeterThread: Thread is done: Ticket intake 1-3
2026-10-09 06:29:08,009 INFO o.a.j.t.JMeterThread: Thread finished: Ticket intake 1-3
2026-10-09 06:29:12,359 INFO o.a.j.t.JMeterThread: Thread started: Ticket intake 1-4
2026-10-09 06:29:18,964 INFO o.a.j.t.JMeterThread: Thread is done: Ticket intake 1-4
2026-10-09 06:29:18,964 INFO o.a.j.t.JMeterThread: Thread finished: Ticket intake 1-4
2026-10-09 06:29:27,432 INFO o.a.j.t.JMeterThread: Thread started: Ticket intake 1-5
2026-10-09 06:29:33,259 INFO o.a.j.t.o.OpenModelThreadGroup: There will be no more events, will shutdown the thread pool
2026-10-09 06:29:33,259 INFO o.a.j.t.o.OpenModelThreadGroup: Thread starting done
2026-10-09 06:29:34,529 INFO o.a.j.r.Summariser: summary +      3 in 00:00:33 =    0.1/s Avg:  8161 Min:  6603 Max: 10785 Err:     0 (0.00%) Active: 1 Started: 5 Finished: 4
2026-10-09 06:29:34,530 INFO o.a.j.r.Summariser: summary =      5 in 00:01:01 =    0.1/s Avg:  8608 Min:  6603 Max: 10785 Err:     0 (0.00%)
2026-10-09 06:29:34,530 INFO o.a.j.t.JMeterThread: Thread is done: Ticket intake 1-5
2026-10-09 06:29:34,530 INFO o.a.j.t.JMeterThread: Thread finished: Ticket intake 1-5
2026-10-09 06:29:42,955 INFO o.a.j.t.JMeterThread: Thread started: Ticket intake 1-6
2026-10-09 06:29:43,478 INFO o.a.j.t.JMeterThread: Thread started: Ticket intake 1-7
2026-10-09 06:29:46,715 INFO o.a.j.t.JMeterThread: Thread is done: Ticket intake 1-6
2026-10-09 06:29:46,715 INFO o.a.j.t.JMeterThread: Thread finished: Ticket intake 1-6
2026-10-09 06:29:52,246 INFO o.a.j.t.JMeterThread: Thread is done: Ticket intake 1-7
2026-10-09 06:29:52,246 INFO o.a.j.t.JMeterThread: Thread finished: Ticket intake 1-7
2026-10-09 06:29:57,008 INFO o.a.j.t.JMeterThread: Thread started: Ticket intake 1-8
2026-10-09 06:30:00,278 INFO o.a.j.t.JMeterThread: Thread started: Ticket intake 1-9
2026-10-09 06:30:01,051 INFO o.a.j.r.Summariser: summary +      3 in 00:00:27 =    0.1/s Avg:  5522 Min:  3760 Max:  8766 Err:     0 (0.00%) Active: 2 Started: 9 Finished: 7
2026-10-09 06:30:01,051 INFO o.a.j.r.Summariser: summary =      8 in 00:01:28 =    0.1/s Avg:  7451 Min:  3760 Max: 10785 Err:     0 (0.00%)
2026-10-09 06:30:01,052 INFO o.a.j.t.JMeterThread: Thread is done: Ticket intake 1-8
2026-10-09 06:30:01,052 INFO o.a.j.t.JMeterThread: Thread finished: Ticket intake 1-8
2026-10-09 06:30:05,660 INFO o.a.j.t.JMeterThread: Thread is done: Ticket intake 1-9
2026-10-09 06:30:05,660 INFO o.a.j.t.JMeterThread: Thread finished: Ticket intake 1-9
2026-10-09 06:30:23,017 INFO o.a.j.t.JMeterThread: Thread started: Ticket intake 1-10
2026-10-09 06:30:28,087 INFO o.a.j.t.JMeterThread: Thread is done: Ticket intake 1-10
2026-10-09 06:30:28,087 INFO o.a.j.t.JMeterThread: Thread finished: Ticket intake 1-10
2026-10-09 06:30:39,986 INFO o.a.j.t.JMeterThread: Thread started: Ticket intake 1-11
2026-10-09 06:30:47,566 INFO o.a.j.t.JMeterThread: Thread is done: Ticket intake 1-11
2026-10-09 06:30:47,566 INFO o.a.j.t.JMeterThread: Thread finished: Ticket intake 1-11
2026-10-09 06:31:06,568 INFO o.a.j.t.JMeterThread: Thread started: Ticket intake 1-12
2026-10-09 06:31:07,965 INFO o.a.j.t.JMeterThread: Thread started: Ticket intake 1-13
2026-10-09 06:31:12,733 INFO o.a.j.t.JMeterThread: Thread is done: Ticket intake 1-12
2026-10-09 06:31:12,733 INFO o.a.j.t.JMeterThread: Thread finished: Ticket intake 1-12
2026-10-09 06:31:18,264 INFO o.a.j.t.JMeterThread: Thread is done: Ticket intake 1-13
2026-10-09 06:31:18,264 INFO o.a.j.t.JMeterThread: Thread finished: Ticket intake 1-13
2026-10-09 06:31:25,111 INFO o.a.j.t.JMeterThread: Thread started: Ticket intake 1-14
2026-10-09 06:31:25,361 INFO o.a.j.t.JMeterThread: Thread started: Ticket intake 1-15
2026-10-09 06:31:28,666 INFO o.a.j.t.JMeterThread: Thread started: Ticket intake 1-16
2026-10-09 06:31:31,743 INFO o.a.j.t.JMeterThread: Thread started: Ticket intake 1-17
2026-10-09 06:31:32,835 INFO o.a.j.r.Summariser: summary +      6 in 00:01:32 =    0.1/s Avg:  7035 Min:  5069 Max: 10297 Err:     0 (0.00%) Active: 4 Started: 17 Finished: 13
2026-10-09 06:31:32,835 INFO o.a.j.r.Summariser: summary =     14 in 00:03:00 =    0.1/s Avg:  7272 Min:  3760 Max: 10785 Err:     0 (0.00%)
2026-10-09 06:31:32,835 INFO o.a.j.t.JMeterThread: Thread is done: Ticket intake 1-14
2026-10-09 06:31:32,835 INFO o.a.j.t.JMeterThread: Thread finished: Ticket intake 1-14
2026-10-09 06:31:35,259 INFO o.a.j.t.JMeterThread: Thread is done: Ticket intake 1-15
2026-10-09 06:31:35,260 INFO o.a.j.t.JMeterThread: Thread finished: Ticket intake 1-15
2026-10-09 06:31:40,067 INFO o.a.j.t.JMeterThread: Thread is done: Ticket intake 1-16
2026-10-09 06:31:40,067 INFO o.a.j.t.JMeterThread: Thread finished: Ticket intake 1-16
2026-10-09 06:31:40,200 INFO o.a.j.t.JMeterThread: Thread started: Ticket intake 1-18
2026-10-09 06:31:41,858 INFO o.a.j.t.JMeterThread: Thread started: Ticket intake 1-19
2026-10-09 06:31:47,268 INFO o.a.j.t.JMeterThread: Thread is done: Ticket intake 1-17
2026-10-09 06:31:47,268 INFO o.a.j.t.JMeterThread: Thread finished: Ticket intake 1-17
2026-10-09 06:31:49,790 INFO o.a.j.t.JMeterThread: Thread started: Ticket intake 1-20
2026-10-09 06:31:54,159 INFO o.a.j.t.JMeterThread: Thread is done: Ticket intake 1-18
2026-10-09 06:31:54,159 INFO o.a.j.t.JMeterThread: Thread finished: Ticket intake 1-18
2026-10-09 06:31:54,521 INFO o.a.j.t.JMeterThread: Thread started: Ticket intake 1-21
2026-10-09 06:32:00,577 INFO o.a.j.r.Summariser: summary +      5 in 00:00:28 =    0.2/s Avg: 13899 Min:  9897 Max: 18718 Err:     0 (0.00%) Active: 3 Started: 21 Finished: 18
2026-10-09 06:32:00,578 INFO o.a.j.r.Summariser: summary =     19 in 00:03:27 =    0.1/s Avg:  9016 Min:  3760 Max: 18718 Err:     0 (0.00%)
2026-10-09 06:32:00,578 INFO o.a.j.t.JMeterThread: Thread is done: Ticket intake 1-19
2026-10-09 06:32:00,579 INFO o.a.j.t.JMeterThread: Thread finished: Ticket intake 1-19
2026-10-09 06:32:08,141 INFO o.a.j.t.JMeterThread: Thread is done: Ticket intake 1-20
2026-10-09 06:32:08,142 INFO o.a.j.t.JMeterThread: Thread finished: Ticket intake 1-20
2026-10-09 06:32:09,434 INFO o.a.j.t.JMeterThread: Thread started: Ticket intake 1-22
2026-10-09 06:32:11,172 INFO o.a.j.t.JMeterThread: Thread started: Ticket intake 1-23
2026-10-09 06:32:15,983 INFO o.a.j.t.JMeterThread: Thread is done: Ticket intake 1-21
2026-10-09 06:32:15,983 INFO o.a.j.t.JMeterThread: Thread finished: Ticket intake 1-21
2026-10-09 06:32:16,124 INFO o.a.j.t.JMeterThread: Thread started: Ticket intake 1-24
2026-10-09 06:32:21,179 INFO o.a.j.t.JMeterThread: Thread is done: Ticket intake 1-22
2026-10-09 06:32:21,179 INFO o.a.j.t.JMeterThread: Thread finished: Ticket intake 1-22
2026-10-09 06:32:24,038 INFO o.a.j.t.JMeterThread: Thread started: Ticket intake 1-25
2026-10-09 06:32:27,028 INFO o.a.j.t.JMeterThread: Thread is done: Ticket intake 1-23
2026-10-09 06:32:27,028 INFO o.a.j.t.JMeterThread: Thread finished: Ticket intake 1-23
2026-10-09 06:32:29,226 INFO o.a.j.t.JMeterThread: Thread started: Ticket intake 1-26
2026-10-09 06:32:32,172 INFO o.a.j.r.Summariser: summary +      5 in 00:00:32 =    0.2/s Avg: 16691 Min: 11745 Max: 21460 Err:     0 (0.00%) Active: 3 Started: 26 Finished: 23
2026-10-09 06:32:32,172 INFO o.a.j.r.Summariser: summary =     24 in 00:03:59 =    0.1/s Avg: 10615 Min:  3760 Max: 21460 Err:     0 (0.00%)
2026-10-09 06:32:32,172 INFO o.a.j.t.JMeterThread: Thread is done: Ticket intake 1-24
2026-10-09 06:32:32,172 INFO o.a.j.t.JMeterThread: Thread finished: Ticket intake 1-24
2026-10-09 06:32:34,597 INFO o.a.j.t.JMeterThread: Thread started: Ticket intake 1-27
2026-10-09 06:32:37,341 INFO o.a.j.t.JMeterThread: Thread is done: Ticket intake 1-25
2026-10-09 06:32:37,341 INFO o.a.j.t.JMeterThread: Thread finished: Ticket intake 1-25
2026-10-09 06:32:41,499 INFO o.a.j.t.JMeterThread: Thread is done: Ticket intake 1-26
2026-10-09 06:32:41,499 INFO o.a.j.t.JMeterThread: Thread finished: Ticket intake 1-26
2026-10-09 06:32:46,451 INFO o.a.j.t.JMeterThread: Thread is done: Ticket intake 1-27
2026-10-09 06:32:46,451 INFO o.a.j.t.JMeterThread: Thread finished: Ticket intake 1-27
2026-10-09 06:32:51,915 INFO o.a.j.t.JMeterThread: Thread started: Ticket intake 1-28
2026-10-09 06:32:59,257 INFO o.a.j.t.JMeterThread: Thread started: Ticket intake 1-29
2026-10-09 06:32:59,267 INFO o.a.j.t.JMeterThread: Thread is done: Ticket intake 1-28
2026-10-09 06:32:59,267 INFO o.a.j.t.JMeterThread: Thread finished: Ticket intake 1-28
2026-10-09 06:33:01,215 INFO o.a.j.t.JMeterThread: Thread started: Ticket intake 1-30
2026-10-09 06:33:05,902 INFO o.a.j.r.Summariser: summary +      5 in 00:00:34 =    0.1/s Avg: 10284 Min:  6643 Max: 13302 Err:     0 (0.00%) Active: 2 Started: 30 Finished: 28
2026-10-09 06:33:05,902 INFO o.a.j.r.Summariser: summary =     29 in 00:04:33 =    0.1/s Avg: 10558 Min:  3760 Max: 21460 Err:     0 (0.00%)
2026-10-09 06:33:05,902 INFO o.a.j.t.JMeterThread: Thread is done: Ticket intake 1-29
2026-10-09 06:33:05,902 INFO o.a.j.t.JMeterThread: Thread finished: Ticket intake 1-29
2026-10-09 06:33:07,651 INFO o.a.j.t.JMeterThread: Thread started: Ticket intake 1-31
2026-10-09 06:33:08,692 INFO o.a.j.t.JMeterThread: Thread started: Ticket intake 1-32
2026-10-09 06:33:11,338 INFO o.a.j.t.JMeterThread: Thread is done: Ticket intake 1-30
2026-10-09 06:33:11,338 INFO o.a.j.t.JMeterThread: Thread finished: Ticket intake 1-30
2026-10-09 06:33:17,502 INFO o.a.j.t.JMeterThread: Thread is done: Ticket intake 1-31
2026-10-09 06:33:17,503 INFO o.a.j.t.JMeterThread: Thread finished: Ticket intake 1-31
2026-10-09 06:33:21,499 INFO o.a.j.t.JMeterThread: Thread is done: Ticket intake 1-32
2026-10-09 06:33:21,499 INFO o.a.j.t.JMeterThread: Thread finished: Ticket intake 1-32
2026-10-09 06:33:29,042 INFO o.a.j.t.JMeterThread: Thread started: Ticket intake 1-33
2026-10-09 06:33:33,535 INFO o.a.j.r.Summariser: summary +      4 in 00:00:28 =    0.1/s Avg:  9316 Min:  4491 Max: 12807 Err:     0 (0.00%) Active: 1 Started: 33 Finished: 32
2026-10-09 06:33:33,536 INFO o.a.j.r.Summariser: summary =     33 in 00:05:00 =    0.1/s Avg: 10407 Min:  3760 Max: 21460 Err:     0 (0.00%)
2026-10-09 06:33:33,536 INFO o.a.j.t.JMeterThread: Thread is done: Ticket intake 1-33
2026-10-09 06:33:33,536 INFO o.a.j.t.JMeterThread: Thread finished: Ticket intake 1-33
2026-10-09 06:33:38,976 INFO o.a.j.t.JMeterThread: Thread started: Ticket intake 1-34
2026-10-09 06:33:42,956 INFO o.a.j.t.JMeterThread: Thread is done: Ticket intake 1-34
2026-10-09 06:33:42,957 INFO o.a.j.t.JMeterThread: Thread finished: Ticket intake 1-34
2026-10-09 06:33:44,490 INFO o.a.j.t.JMeterThread: Thread started: Ticket intake 1-35
2026-10-09 06:33:47,883 INFO o.a.j.t.JMeterThread: Thread is done: Ticket intake 1-35
2026-10-09 06:33:47,883 INFO o.a.j.t.JMeterThread: Thread finished: Ticket intake 1-35
2026-10-09 06:33:53,889 INFO o.a.j.t.JMeterThread: Thread started: Ticket intake 1-36
2026-10-09 06:33:57,600 INFO o.a.j.t.JMeterThread: Thread is done: Ticket intake 1-36
2026-10-09 06:33:57,600 INFO o.a.j.t.JMeterThread: Thread finished: Ticket intake 1-36
2026-10-09 06:34:16,177 INFO o.a.j.t.JMeterThread: Thread started: Ticket intake 1-37
2026-10-09 06:34:17,491 INFO o.a.j.t.JMeterThread: Thread started: Ticket intake 1-38
2026-10-09 06:34:20,742 INFO o.a.j.t.JMeterThread: Thread is done: Ticket intake 1-37
2026-10-09 06:34:20,743 INFO o.a.j.t.JMeterThread: Thread finished: Ticket intake 1-37
2026-10-09 06:34:26,067 INFO o.a.j.t.JMeterThread: Thread is done: Ticket intake 1-38
2026-10-09 06:34:26,067 INFO o.a.j.t.JMeterThread: Thread finished: Ticket intake 1-38
2026-10-09 06:34:28,674 INFO o.a.j.t.JMeterThread: Thread started: Ticket intake 1-39
2026-10-09 06:34:31,303 INFO o.a.j.t.JMeterThread: Thread started: Ticket intake 1-40
2026-10-09 06:34:36,307 INFO o.a.j.t.JMeterThread: Thread is done: Ticket intake 1-39
2026-10-09 06:34:36,308 INFO o.a.j.t.JMeterThread: Thread finished: Ticket intake 1-39
2026-10-09 06:34:39,570 INFO o.a.j.t.JMeterThread: Thread started: Ticket intake 1-41
2026-10-09 06:34:42,349 INFO o.a.j.t.JMeterThread: Thread is done: Ticket intake 1-40
2026-10-09 06:34:42,350 INFO o.a.j.t.JMeterThread: Thread finished: Ticket intake 1-40
2026-10-09 06:34:44,388 INFO o.a.j.t.JMeterThread: Thread started: Ticket intake 1-42
2026-10-09 06:34:48,290 INFO o.a.j.t.JMeterThread: Thread is done: Ticket intake 1-41
2026-10-09 06:34:48,290 INFO o.a.j.t.JMeterThread: Thread finished: Ticket intake 1-41
2026-10-09 06:34:55,149 INFO o.a.j.t.JMeterThread: Thread is done: Ticket intake 1-42
2026-10-09 06:34:55,150 INFO o.a.j.t.JMeterThread: Thread finished: Ticket intake 1-42
2026-10-09 06:34:57,593 INFO o.a.j.t.JMeterThread: Thread started: Ticket intake 1-43
2026-10-09 06:35:05,595 INFO o.a.j.r.Summariser: summary +     10 in 00:01:32 =    0.1/s Avg:  7037 Min:  3390 Max: 11045 Err:     0 (0.00%) Active: 1 Started: 43 Finished: 42
2026-10-09 06:35:05,596 INFO o.a.j.r.Summariser: summary =     43 in 00:06:32 =    0.1/s Avg:  9623 Min:  3390 Max: 21460 Err:     0 (0.00%)
2026-10-09 06:35:05,596 INFO o.a.j.t.JMeterThread: Thread is done: Ticket intake 1-43
2026-10-09 06:35:05,596 INFO o.a.j.t.JMeterThread: Thread finished: Ticket intake 1-43
2026-10-09 06:35:05,596 INFO o.a.j.t.JMeterThread: Thread started: Ticket intake 1-44
2026-10-09 06:35:14,401 INFO o.a.j.t.JMeterThread: Thread is done: Ticket intake 1-44
2026-10-09 06:35:14,401 INFO o.a.j.t.JMeterThread: Thread finished: Ticket intake 1-44
2026-10-09 06:35:36,337 INFO o.a.j.t.JMeterThread: Thread started: Ticket intake 1-45
2026-10-09 06:35:39,991 INFO o.a.j.t.JMeterThread: Thread started: Ticket intake 1-46
2026-10-09 06:35:40,207 INFO o.a.j.t.JMeterThread: Thread is done: Ticket intake 1-45
2026-10-09 06:35:40,207 INFO o.a.j.t.JMeterThread: Thread finished: Ticket intake 1-45
2026-10-09 06:35:45,545 INFO o.a.j.t.JMeterThread: Thread is done: Ticket intake 1-46
2026-10-09 06:35:45,545 INFO o.a.j.t.JMeterThread: Thread finished: Ticket intake 1-46
2026-10-09 06:35:47,723 INFO o.a.j.t.JMeterThread: Thread started: Ticket intake 1-47
2026-10-09 06:35:55,670 INFO o.a.j.t.JMeterThread: Thread is done: Ticket intake 1-47
2026-10-09 06:35:55,670 INFO o.a.j.t.JMeterThread: Thread finished: Ticket intake 1-47
2026-10-09 06:36:04,490 INFO o.a.j.t.JMeterThread: Thread started: Ticket intake 1-48
2026-10-09 06:36:04,880 INFO o.a.j.t.JMeterThread: Thread started: Ticket intake 1-49
2026-10-09 06:36:05,320 INFO o.a.j.t.JMeterThread: Thread started: Ticket intake 1-50
2026-10-09 06:36:08,059 INFO o.a.j.t.JMeterThread: Thread is done: Ticket intake 1-48
2026-10-09 06:36:08,060 INFO o.a.j.t.JMeterThread: Thread finished: Ticket intake 1-48
2026-10-09 06:36:12,054 INFO o.a.j.t.JMeterThread: Thread is done: Ticket intake 1-49
2026-10-09 06:36:12,054 INFO o.a.j.t.JMeterThread: Thread finished: Ticket intake 1-49
2026-10-09 06:36:15,842 INFO o.a.j.t.JMeterThread: Thread is done: Ticket intake 1-50
2026-10-09 06:36:15,842 INFO o.a.j.t.JMeterThread: Thread finished: Ticket intake 1-50
2026-10-09 06:36:18,030 INFO o.a.j.t.JMeterThread: Thread started: Ticket intake 1-51
2026-10-09 06:36:18,648 INFO o.a.j.t.JMeterThread: Thread started: Ticket intake 1-52
2026-10-09 06:36:24,561 INFO o.a.j.t.JMeterThread: Thread is done: Ticket intake 1-51
2026-10-09 06:36:24,561 INFO o.a.j.t.JMeterThread: Thread finished: Ticket intake 1-51
2026-10-09 06:36:27,797 INFO o.a.j.t.JMeterThread: Thread started: Ticket intake 1-53
2026-10-09 06:36:29,770 INFO o.a.j.t.JMeterThread: Thread is done: Ticket intake 1-52
2026-10-09 06:36:29,770 INFO o.a.j.t.JMeterThread: Thread finished: Ticket intake 1-52
2026-10-09 06:36:33,558 INFO o.a.j.r.Summariser: summary +     10 in 00:01:28 =    0.1/s Avg:  7083 Min:  3567 Max: 11120 Err:     0 (0.00%) Active: 1 Started: 53 Finished: 52
2026-10-09 06:36:33,558 INFO o.a.j.r.Summariser: summary =     53 in 00:08:00 =    0.1/s Avg:  9144 Min:  3390 Max: 21460 Err:     0 (0.00%)
2026-10-09 06:36:33,558 INFO o.a.j.t.JMeterThread: Thread is done: Ticket intake 1-53
2026-10-09 06:36:33,558 INFO o.a.j.t.JMeterThread: Thread finished: Ticket intake 1-53
2026-10-09 06:36:52,851 INFO o.a.j.t.JMeterThread: Thread started: Ticket intake 1-54
2026-10-09 06:36:52,927 INFO o.a.j.t.JMeterThread: Thread started: Ticket intake 1-55
2026-10-09 06:36:55,030 INFO o.a.j.t.JMeterThread: Thread started: Ticket intake 1-56
2026-10-09 06:36:59,997 INFO o.a.j.t.JMeterThread: Thread is done: Ticket intake 1-54
2026-10-09 06:36:59,997 INFO o.a.j.t.JMeterThread: Thread finished: Ticket intake 1-54
2026-10-09 06:37:03,397 INFO o.a.j.t.JMeterThread: Thread started: Ticket intake 1-57
2026-10-09 06:37:03,562 INFO o.a.j.t.JMeterThread: Thread started: Ticket intake 1-58
2026-10-09 06:37:04,179 INFO o.a.j.r.Summariser: summary +      2 in 00:00:31 =    0.1/s Avg:  9197 Min:  7144 Max: 11250 Err:     0 (0.00%) Active: 4 Started: 58 Finished: 54
2026-10-09 06:37:04,179 INFO o.a.j.r.Summariser: summary =     55 in 00:08:31 =    0.1/s Avg:  9146 Min:  3390 Max: 21460 Err:     0 (0.00%)
2026-10-09 06:37:04,179 INFO o.a.j.t.JMeterThread: Thread is done: Ticket intake 1-55
2026-10-09 06:37:04,179 INFO o.a.j.t.JMeterThread: Thread finished: Ticket intake 1-55
2026-10-09 06:37:09,832 INFO o.a.j.t.JMeterThread: Thread is done: Ticket intake 1-56
2026-10-09 06:37:09,833 INFO o.a.j.t.JMeterThread: Thread finished: Ticket intake 1-56
2026-10-09 06:37:13,401 INFO o.a.j.t.JMeterThread: Thread started: Ticket intake 1-59
2026-10-09 06:37:14,226 INFO o.a.j.t.JMeterThread: Thread is done: Ticket intake 1-57
2026-10-09 06:37:14,226 INFO o.a.j.t.JMeterThread: Thread finished: Ticket intake 1-57
2026-10-09 06:37:17,432 INFO o.a.j.t.JMeterThread: Thread is done: Ticket intake 1-58
2026-10-09 06:37:17,433 INFO o.a.j.t.JMeterThread: Thread finished: Ticket intake 1-58
2026-10-09 06:37:24,625 INFO o.a.j.t.JMeterThread: Thread is done: Ticket intake 1-59
2026-10-09 06:37:24,625 INFO o.a.j.t.JMeterThread: Thread finished: Ticket intake 1-59
2026-10-09 06:37:31,292 INFO o.a.j.t.JMeterThread: Thread started: Ticket intake 1-60
2026-10-09 06:37:36,521 INFO o.a.j.t.JMeterThread: Thread is done: Ticket intake 1-60
2026-10-09 06:37:36,521 INFO o.a.j.t.JMeterThread: Thread finished: Ticket intake 1-60
2026-10-09 06:37:40,772 INFO o.a.j.t.JMeterThread: Thread started: Ticket intake 1-61
2026-10-09 06:37:44,794 INFO o.a.j.t.JMeterThread: Thread is done: Ticket intake 1-61
2026-10-09 06:37:44,794 INFO o.a.j.t.JMeterThread: Thread finished: Ticket intake 1-61
2026-10-09 06:37:52,591 INFO o.a.j.t.JMeterThread: Thread started: Ticket intake 1-62
2026-10-09 06:37:59,291 INFO o.a.j.t.JMeterThread: Thread is done: Ticket intake 1-62
2026-10-09 06:37:59,292 INFO o.a.j.t.JMeterThread: Thread finished: Ticket intake 1-62
2026-10-09 06:38:00,540 INFO o.a.j.t.JMeterThread: Thread started: Ticket intake 1-63
2026-10-09 06:38:02,834 INFO o.a.j.t.JMeterThread: Thread started: Ticket intake 1-64
2026-10-09 06:38:04,798 INFO o.a.j.r.Summariser: summary +      8 in 00:01:01 =    0.1/s Avg:  8864 Min:  4020 Max: 14800 Err:     0 (0.00%) Active: 2 Started: 64 Finished: 62
2026-10-09 06:38:04,798 INFO o.a.j.r.Summariser: summary =     63 in 00:09:32 =    0.1/s Avg:  9110 Min:  3390 Max: 21460 Err:     0 (0.00%)
2026-10-09 06:38:04,799 INFO o.a.j.t.JMeterThread: Thread is done: Ticket intake 1-63
2026-10-09 06:38:04,799 INFO o.a.j.t.JMeterThread: Thread finished: Ticket intake 1-63
2026-10-09 06:38:08,340 INFO o.a.j.t.JMeterThread: Thread is done: Ticket intake 1-64
2026-10-09 06:38:08,340 INFO o.a.j.t.JMeterThread: Thread finished: Ticket intake 1-64
2026-10-09 06:38:17,711 INFO o.a.j.t.JMeterThread: Thread started: Ticket intake 1-65
2026-10-09 06:38:23,946 INFO o.a.j.t.JMeterThread: Thread is done: Ticket intake 1-65
2026-10-09 06:38:23,946 INFO o.a.j.t.JMeterThread: Thread finished: Ticket intake 1-65
2026-10-09 06:38:36,770 INFO o.a.j.t.JMeterThread: Thread started: Ticket intake 1-66
2026-10-09 06:38:39,037 INFO o.a.j.t.JMeterThread: Thread started: Ticket intake 1-67
2026-10-09 06:38:40,977 INFO o.a.j.t.JMeterThread: Thread is done: Ticket intake 1-66
2026-10-09 06:38:40,977 INFO o.a.j.t.JMeterThread: Thread finished: Ticket intake 1-66
2026-10-09 06:38:44,939 INFO o.a.j.t.JMeterThread: Thread is done: Ticket intake 1-67
2026-10-09 06:38:44,939 INFO o.a.j.t.JMeterThread: Thread finished: Ticket intake 1-67
2026-10-09 06:38:50,773 INFO o.a.j.t.JMeterThread: Thread started: Ticket intake 1-68
2026-10-09 06:38:51,198 INFO o.a.j.t.JMeterThread: Thread started: Ticket intake 1-69
2026-10-09 06:38:55,281 INFO o.a.j.t.JMeterThread: Thread is done: Ticket intake 1-68
2026-10-09 06:38:55,281 INFO o.a.j.t.JMeterThread: Thread finished: Ticket intake 1-68
2026-10-09 06:38:58,765 INFO o.a.j.t.JMeterThread: Thread is done: Ticket intake 1-69
2026-10-09 06:38:58,765 INFO o.a.j.t.JMeterThread: Thread finished: Ticket intake 1-69
2026-10-09 06:39:09,943 INFO o.a.j.t.JMeterThread: Thread started: Ticket intake 1-70
2026-10-09 06:39:10,524 INFO o.a.j.t.JMeterThread: Thread started: Ticket intake 1-71
2026-10-09 06:39:16,991 INFO o.a.j.t.JMeterThread: Thread is done: Ticket intake 1-70
2026-10-09 06:39:16,991 INFO o.a.j.t.JMeterThread: Thread finished: Ticket intake 1-70
2026-10-09 06:39:22,726 INFO o.a.j.t.JMeterThread: Thread is done: Ticket intake 1-71
2026-10-09 06:39:22,726 INFO o.a.j.t.JMeterThread: Thread finished: Ticket intake 1-71
2026-10-09 06:39:23,025 INFO o.a.j.t.JMeterThread: Thread started: Ticket intake 1-72
2026-10-09 06:39:26,618 INFO o.a.j.t.JMeterThread: Thread is done: Ticket intake 1-72
2026-10-09 06:39:26,618 INFO o.a.j.t.JMeterThread: Thread finished: Ticket intake 1-72
2026-10-09 06:39:46,506 INFO o.a.j.t.JMeterThread: Thread started: Ticket intake 1-73
2026-10-09 06:39:50,681 INFO o.a.j.t.JMeterThread: Thread is done: Ticket intake 1-73
2026-10-09 06:39:50,681 INFO o.a.j.t.JMeterThread: Thread finished: Ticket intake 1-73
2026-10-09 06:39:52,823 INFO o.a.j.t.JMeterThread: Thread started: Ticket intake 1-74
2026-10-09 06:39:55,481 INFO o.a.j.t.JMeterThread: Thread started: Ticket intake 1-75
2026-10-09 06:39:58,259 INFO o.a.j.t.JMeterThread: Thread is done: Ticket intake 1-74
2026-10-09 06:39:58,259 INFO o.a.j.t.JMeterThread: Thread finished: Ticket intake 1-74
2026-10-09 06:39:58,821 INFO o.a.j.t.JMeterThread: Thread started: Ticket intake 1-76
2026-10-09 06:40:03,277 INFO o.a.j.r.Summariser: summary +     12 in 00:01:58 =    0.1/s Avg:  6179 Min:  3591 Max: 12200 Err:     0 (0.00%) Active: 2 Started: 76 Finished: 74
2026-10-09 06:40:03,277 INFO o.a.j.r.Summariser: summary =     75 in 00:11:30 =    0.1/s Avg:  8641 Min:  3390 Max: 21460 Err:     0 (0.00%)
2026-10-09 06:40:03,278 INFO o.a.j.t.JMeterThread: Thread is done: Ticket intake 1-75
2026-10-09 06:40:03,278 INFO o.a.j.t.JMeterThread: Thread finished: Ticket intake 1-75
2026-10-09 06:40:07,168 INFO o.a.j.t.JMeterThread: Thread is done: Ticket intake 1-76
2026-10-09 06:40:07,168 INFO o.a.j.t.JMeterThread: Thread finished: Ticket intake 1-76
2026-10-09 06:40:20,648 INFO o.a.j.t.JMeterThread: Thread started: Ticket intake 1-77
2026-10-09 06:40:24,182 INFO o.a.j.t.JMeterThread: Thread started: Ticket intake 1-78
2026-10-09 06:40:25,394 INFO o.a.j.t.JMeterThread: Thread is done: Ticket intake 1-77
2026-10-09 06:40:25,394 INFO o.a.j.t.JMeterThread: Thread finished: Ticket intake 1-77
2026-10-09 06:40:31,317 INFO o.a.j.t.JMeterThread: Thread started: Ticket intake 1-79
2026-10-09 06:40:32,461 INFO o.a.j.r.Summariser: summary +      3 in 00:00:29 =    0.1/s Avg:  7122 Min:  4746 Max:  8345 Err:     0 (0.00%) Active: 2 Started: 79 Finished: 77
2026-10-09 06:40:32,461 INFO o.a.j.r.Summariser: summary =     78 in 00:11:59 =    0.1/s Avg:  8583 Min:  3390 Max: 21460 Err:     0 (0.00%)
2026-10-09 06:40:32,462 INFO o.a.j.t.JMeterThread: Thread is done: Ticket intake 1-78
2026-10-09 06:40:32,462 INFO o.a.j.t.JMeterThread: Thread finished: Ticket intake 1-78
2026-10-09 06:40:38,811 INFO o.a.j.t.JMeterThread: Thread is done: Ticket intake 1-79
2026-10-09 06:40:38,811 INFO o.a.j.t.JMeterThread: Thread finished: Ticket intake 1-79
2026-10-09 06:40:43,606 INFO o.a.j.t.JMeterThread: Thread started: Ticket intake 1-80
2026-10-09 06:40:48,128 INFO o.a.j.t.JMeterThread: Thread is done: Ticket intake 1-80
2026-10-09 06:40:48,129 INFO o.a.j.t.JMeterThread: Thread finished: Ticket intake 1-80
2026-10-09 06:40:53,680 INFO o.a.j.t.JMeterThread: Thread started: Ticket intake 1-81
2026-10-09 06:40:59,290 INFO o.a.j.t.JMeterThread: Thread is done: Ticket intake 1-81
2026-10-09 06:40:59,290 INFO o.a.j.t.JMeterThread: Thread finished: Ticket intake 1-81
2026-10-09 06:41:00,000 INFO o.a.j.t.JMeterThread: Thread started: Ticket intake 1-82
2026-10-09 06:41:05,947 INFO o.a.j.r.Summariser: summary +      4 in 00:00:33 =    0.1/s Avg:  5892 Min:  4521 Max:  7493 Err:     0 (0.00%) Active: 1 Started: 82 Finished: 81
2026-10-09 06:41:05,947 INFO o.a.j.r.Summariser: summary =     82 in 00:12:33 =    0.1/s Avg:  8452 Min:  3390 Max: 21460 Err:     0 (0.00%)
2026-10-09 06:41:05,947 INFO o.a.j.t.JMeterThread: Thread is done: Ticket intake 1-82
2026-10-09 06:41:05,947 INFO o.a.j.t.JMeterThread: Thread finished: Ticket intake 1-82
2026-10-09 06:41:15,906 INFO o.a.j.t.JMeterThread: Thread started: Ticket intake 1-83
2026-10-09 06:41:17,650 INFO o.a.j.t.JMeterThread: Thread started: Ticket intake 1-84
2026-10-09 06:41:20,488 INFO o.a.j.t.JMeterThread: Thread is done: Ticket intake 1-83
2026-10-09 06:41:20,488 INFO o.a.j.t.JMeterThread: Thread finished: Ticket intake 1-83
2026-10-09 06:41:25,609 INFO o.a.j.t.JMeterThread: Thread is done: Ticket intake 1-84
2026-10-09 06:41:25,609 INFO o.a.j.t.JMeterThread: Thread finished: Ticket intake 1-84
2026-10-09 06:41:25,937 INFO o.a.j.t.JMeterThread: Thread started: Ticket intake 1-85
2026-10-09 06:41:30,234 INFO o.a.j.r.Summariser: summary +      3 in 00:00:24 =    0.1/s Avg:  5609 Min:  4294 Max:  7956 Err:     0 (0.00%) Active: 1 Started: 85 Finished: 84
2026-10-09 06:41:30,234 INFO o.a.j.r.Summariser: summary =     85 in 00:12:57 =    0.1/s Avg:  8351 Min:  3390 Max: 21460 Err:     0 (0.00%)
2026-10-09 06:41:30,235 INFO o.a.j.t.JMeterThread: Thread is done: Ticket intake 1-85
2026-10-09 06:41:30,235 INFO o.a.j.t.JMeterThread: Thread finished: Ticket intake 1-85
2026-10-09 06:41:36,016 INFO o.a.j.t.JMeterThread: Thread started: Ticket intake 1-86
2026-10-09 06:41:38,755 INFO o.a.j.t.JMeterThread: Thread started: Ticket intake 1-87
2026-10-09 06:41:43,427 INFO o.a.j.t.JMeterThread: Thread is done: Ticket intake 1-86
2026-10-09 06:41:43,427 INFO o.a.j.t.JMeterThread: Thread finished: Ticket intake 1-86
2026-10-09 06:41:45,975 INFO o.a.j.t.JMeterThread: Thread started: Ticket intake 1-88
2026-10-09 06:41:47,659 INFO o.a.j.t.JMeterThread: Thread started: Ticket intake 1-89
2026-10-09 06:41:47,668 INFO o.a.j.t.JMeterThread: Thread is done: Ticket intake 1-87
2026-10-09 06:41:47,668 INFO o.a.j.t.JMeterThread: Thread finished: Ticket intake 1-87
2026-10-09 06:41:52,334 INFO o.a.j.t.JMeterThread: Thread is done: Ticket intake 1-88
2026-10-09 06:41:52,334 INFO o.a.j.t.JMeterThread: Thread finished: Ticket intake 1-88
2026-10-09 06:41:56,329 INFO o.a.j.t.JMeterThread: Thread is done: Ticket intake 1-89
2026-10-09 06:41:56,329 INFO o.a.j.t.JMeterThread: Thread finished: Ticket intake 1-89
2026-10-09 06:42:10,660 INFO o.a.j.t.JMeterThread: Thread started: Ticket intake 1-90
2026-10-09 06:42:15,477 INFO o.a.j.t.JMeterThread: Thread is done: Ticket intake 1-90
2026-10-09 06:42:15,477 INFO o.a.j.t.JMeterThread: Thread finished: Ticket intake 1-90
2026-10-09 06:42:25,234 INFO o.a.j.t.JMeterThread: Thread started: Ticket intake 1-91
2026-10-09 06:42:31,350 INFO o.a.j.r.Summariser: summary +      6 in 00:01:01 =    0.1/s Avg:  7046 Min:  4816 Max:  8913 Err:     0 (0.00%) Active: 1 Started: 91 Finished: 90
2026-10-09 06:42:31,350 INFO o.a.j.r.Summariser: summary =     91 in 00:13:58 =    0.1/s Avg:  8265 Min:  3390 Max: 21460 Err:     0 (0.00%)
2026-10-09 06:42:31,350 INFO o.a.j.t.JMeterThread: Thread is done: Ticket intake 1-91
2026-10-09 06:42:31,350 INFO o.a.j.t.JMeterThread: Thread finished: Ticket intake 1-91
2026-10-09 06:42:31,837 INFO o.a.j.t.JMeterThread: Thread started: Ticket intake 1-92
2026-10-09 06:42:35,667 INFO o.a.j.t.JMeterThread: Thread is done: Ticket intake 1-92
2026-10-09 06:42:35,667 INFO o.a.j.t.JMeterThread: Thread finished: Ticket intake 1-92
2026-10-09 06:42:39,760 INFO o.a.j.t.JMeterThread: Thread started: Ticket intake 1-93
2026-10-09 06:42:44,662 INFO o.a.j.t.JMeterThread: Thread is done: Ticket intake 1-93
2026-10-09 06:42:44,662 INFO o.a.j.t.JMeterThread: Thread finished: Ticket intake 1-93
2026-10-09 06:42:47,519 INFO o.a.j.t.JMeterThread: Thread started: Ticket intake 1-94
2026-10-09 06:42:53,367 INFO o.a.j.t.JMeterThread: Thread is done: Ticket intake 1-94
2026-10-09 06:42:53,367 INFO o.a.j.t.JMeterThread: Thread finished: Ticket intake 1-94
2026-10-09 06:42:54,774 INFO o.a.j.t.JMeterThread: Thread started: Ticket intake 1-95
2026-10-09 06:42:59,510 INFO o.a.j.t.JMeterThread: Thread is done: Ticket intake 1-95
2026-10-09 06:42:59,510 INFO o.a.j.t.JMeterThread: Thread finished: Ticket intake 1-95
2026-10-09 06:43:06,978 INFO o.a.j.t.JMeterThread: Thread started: Ticket intake 1-96
2026-10-09 06:43:07,859 INFO o.a.j.t.JMeterThread: Thread started: Ticket intake 1-97
2026-10-09 06:43:12,413 INFO o.a.j.t.JMeterThread: Thread is done: Ticket intake 1-96
2026-10-09 06:43:12,413 INFO o.a.j.t.JMeterThread: Thread finished: Ticket intake 1-96
2026-10-09 06:43:15,578 INFO o.a.j.t.JMeterThread: Thread started: Ticket intake 1-98
2026-10-09 06:43:21,156 INFO o.a.j.t.JMeterThread: Thread started: Ticket intake 1-99
2026-10-09 06:43:21,469 INFO o.a.j.t.JMeterThread: Thread is done: Ticket intake 1-97
2026-10-09 06:43:21,469 INFO o.a.j.t.JMeterThread: Thread finished: Ticket intake 1-97
2026-10-09 06:43:25,436 INFO o.a.j.t.o.PoissonArrivalsRamp: Generating 150 events, beginRate = 0.16666666666666666 / sec, endRate = 0.16666666666666666 / sec, duration = 900.0 sec
2026-10-09 06:43:25,436 INFO o.a.j.t.JMeterThread: Thread started: Ticket intake 1-100
2026-10-09 06:43:26,648 INFO o.a.j.t.JMeterThread: Thread is done: Ticket intake 1-98
2026-10-09 06:43:26,648 INFO o.a.j.t.JMeterThread: Thread finished: Ticket intake 1-98
2026-10-09 06:43:32,484 INFO o.a.j.r.Summariser: summary +      8 in 00:01:01 =    0.1/s Avg:  7593 Min:  3827 Max: 13610 Err:     0 (0.00%) Active: 2 Started: 100 Finished: 98
2026-10-09 06:43:32,484 INFO o.a.j.r.Summariser: summary =     99 in 00:14:59 =    0.1/s Avg:  8211 Min:  3390 Max: 21460 Err:     0 (0.00%)
2026-10-09 06:43:32,484 INFO o.a.j.t.JMeterThread: Thread is done: Ticket intake 1-99
2026-10-09 06:43:32,484 INFO o.a.j.t.JMeterThread: Thread finished: Ticket intake 1-99
2026-10-09 06:43:33,825 INFO o.a.j.t.JMeterThread: Thread started: Ticket intake 1-101
2026-10-09 06:43:35,231 INFO o.a.j.t.JMeterThread: Thread started: Ticket intake 1-102
2026-10-09 06:43:37,912 INFO o.a.j.t.JMeterThread: Thread is done: Ticket intake 1-100
2026-10-09 06:43:37,912 INFO o.a.j.t.JMeterThread: Thread finished: Ticket intake 1-100
2026-10-09 06:43:41,784 INFO o.a.j.t.JMeterThread: Thread started: Ticket intake 1-103
2026-10-09 06:43:42,826 INFO o.a.j.t.JMeterThread: Thread is done: Ticket intake 1-101
2026-10-09 06:43:42,826 INFO o.a.j.t.JMeterThread: Thread finished: Ticket intake 1-101
2026-10-09 06:43:47,743 INFO o.a.j.t.JMeterThread: Thread is done: Ticket intake 1-102
2026-10-09 06:43:47,743 INFO o.a.j.t.JMeterThread: Thread finished: Ticket intake 1-102
2026-10-09 06:43:53,168 INFO o.a.j.t.JMeterThread: Thread is done: Ticket intake 1-103
2026-10-09 06:43:53,168 INFO o.a.j.t.JMeterThread: Thread finished: Ticket intake 1-103
2026-10-09 06:43:54,031 INFO o.a.j.t.JMeterThread: Thread started: Ticket intake 1-104
2026-10-09 06:43:55,112 INFO o.a.j.t.JMeterThread: Thread started: Ticket intake 1-105
2026-10-09 06:43:58,493 INFO o.a.j.t.JMeterThread: Thread is done: Ticket intake 1-104
2026-10-09 06:43:58,493 INFO o.a.j.t.JMeterThread: Thread finished: Ticket intake 1-104
2026-10-09 06:44:00,033 INFO o.a.j.t.JMeterThread: Thread started: Ticket intake 1-106
2026-10-09 06:44:03,102 INFO o.a.j.r.Summariser: summary +      6 in 00:00:31 =    0.2/s Avg:  9635 Min:  4460 Max: 12510 Err:     0 (0.00%) Active: 2 Started: 106 Finished: 104
2026-10-09 06:44:03,103 INFO o.a.j.r.Summariser: summary =    105 in 00:15:30 =    0.1/s Avg:  8292 Min:  3390 Max: 21460 Err:     0 (0.00%)
2026-10-09 06:44:03,103 INFO o.a.j.t.JMeterThread: Thread is done: Ticket intake 1-105
2026-10-09 06:44:03,103 INFO o.a.j.t.JMeterThread: Thread finished: Ticket intake 1-105
2026-10-09 06:44:08,670 INFO o.a.j.t.JMeterThread: Thread started: Ticket intake 1-107
2026-10-09 06:44:09,152 INFO o.a.j.t.JMeterThread: Thread started: Ticket intake 1-108
2026-10-09 06:44:10,065 INFO o.a.j.t.JMeterThread: Thread is done: Ticket intake 1-106
2026-10-09 06:44:10,065 INFO o.a.j.t.JMeterThread: Thread finished: Ticket intake 1-106
2026-10-09 06:44:14,366 INFO o.a.j.t.JMeterThread: Thread is done: Ticket intake 1-107
2026-10-09 06:44:14,366 INFO o.a.j.t.JMeterThread: Thread finished: Ticket intake 1-107
2026-10-09 06:44:18,390 INFO o.a.j.t.JMeterThread: Thread is done: Ticket intake 1-108
2026-10-09 06:44:18,390 INFO o.a.j.t.JMeterThread: Thread finished: Ticket intake 1-108
2026-10-09 06:44:36,257 INFO o.a.j.t.JMeterThread: Thread started: Ticket intake 1-109
2026-10-09 06:44:41,605 INFO o.a.j.t.JMeterThread: Thread is done: Ticket intake 1-109
2026-10-09 06:44:41,605 INFO o.a.j.t.JMeterThread: Thread finished: Ticket intake 1-109
2026-10-09 06:44:44,519 INFO o.a.j.t.JMeterThread: Thread started: Ticket intake 1-110
2026-10-09 06:44:53,014 INFO o.a.j.t.JMeterThread: Thread started: Ticket intake 1-111
2026-10-09 06:44:54,303 INFO o.a.j.t.JMeterThread: Thread is done: Ticket intake 1-110
2026-10-09 06:44:54,303 INFO o.a.j.t.JMeterThread: Thread finished: Ticket intake 1-110
2026-10-09 06:44:55,197 INFO o.a.j.t.JMeterThread: Thread started: Ticket intake 1-112
2026-10-09 06:44:59,627 INFO o.a.j.t.JMeterThread: Thread is done: Ticket intake 1-111
2026-10-09 06:44:59,627 INFO o.a.j.t.JMeterThread: Thread finished: Ticket intake 1-111
2026-10-09 06:45:01,912 INFO o.a.j.t.JMeterThread: Thread started: Ticket intake 1-113
2026-10-09 06:45:04,178 INFO o.a.j.t.JMeterThread: Thread started: Ticket intake 1-114
2026-10-09 06:45:04,339 INFO o.a.j.r.Summariser: summary +      7 in 00:01:01 =    0.1/s Avg:  7977 Min:  5346 Max: 10030 Err:     0 (0.00%) Active: 3 Started: 114 Finished: 111
2026-10-09 06:45:04,339 INFO o.a.j.r.Summariser: summary =    112 in 00:16:31 =    0.1/s Avg:  8272 Min:  3390 Max: 21460 Err:     0 (0.00%)
2026-10-09 06:45:04,340 INFO o.a.j.t.JMeterThread: Thread is done: Ticket intake 1-112
2026-10-09 06:45:04,340 INFO o.a.j.t.JMeterThread: Thread finished: Ticket intake 1-112
2026-10-09 06:45:04,398 INFO o.a.j.t.JMeterThread: Thread started: Ticket intake 1-115
2026-10-09 06:45:12,121 INFO o.a.j.t.JMeterThread: Thread is done: Ticket intake 1-113
2026-10-09 06:45:12,121 INFO o.a.j.t.JMeterThread: Thread finished: Ticket intake 1-113
2026-10-09 06:45:20,415 INFO o.a.j.t.JMeterThread: Thread is done: Ticket intake 1-114
2026-10-09 06:45:20,415 INFO o.a.j.t.JMeterThread: Thread finished: Ticket intake 1-114
2026-10-09 06:45:24,512 INFO o.a.j.t.JMeterThread: Thread is done: Ticket intake 1-115
2026-10-09 06:45:24,512 INFO o.a.j.t.JMeterThread: Thread finished: Ticket intake 1-115
2026-10-09 06:45:37,267 INFO o.a.j.t.JMeterThread: Thread started: Ticket intake 1-116
2026-10-09 06:45:40,690 INFO o.a.j.t.JMeterThread: Thread is done: Ticket intake 1-116
2026-10-09 06:45:40,691 INFO o.a.j.t.JMeterThread: Thread finished: Ticket intake 1-116
2026-10-09 06:45:52,233 INFO o.a.j.t.JMeterThread: Thread started: Ticket intake 1-117
2026-10-09 06:45:52,401 INFO o.a.j.t.JMeterThread: Thread started: Ticket intake 1-118
2026-10-09 06:45:56,973 INFO o.a.j.t.JMeterThread: Thread is done: Ticket intake 1-117
2026-10-09 06:45:56,973 INFO o.a.j.t.JMeterThread: Thread finished: Ticket intake 1-117
2026-10-09 06:46:05,677 INFO o.a.j.r.Summariser: summary +      6 in 00:01:01 =    0.1/s Avg: 11331 Min:  3422 Max: 20113 Err:     0 (0.00%) Active: 1 Started: 118 Finished: 117
2026-10-09 06:46:05,678 INFO o.a.j.r.Summariser: summary =    118 in 00:17:32 =    0.1/s Avg:  8428 Min:  3390 Max: 21460 Err:     0 (0.00%)
2026-10-09 06:46:05,678 INFO o.a.j.t.JMeterThread: Thread is done: Ticket intake 1-118
2026-10-09 06:46:05,678 INFO o.a.j.t.JMeterThread: Thread finished: Ticket intake 1-118
2026-10-09 06:46:15,763 INFO o.a.j.t.JMeterThread: Thread started: Ticket intake 1-119
2026-10-09 06:46:20,647 INFO o.a.j.t.JMeterThread: Thread started: Ticket intake 1-120
2026-10-09 06:46:21,446 INFO o.a.j.t.JMeterThread: Thread is done: Ticket intake 1-119
2026-10-09 06:46:21,446 INFO o.a.j.t.JMeterThread: Thread finished: Ticket intake 1-119
2026-10-09 06:46:21,949 INFO o.a.j.t.JMeterThread: Thread started: Ticket intake 1-121
2026-10-09 06:46:26,259 INFO o.a.j.t.JMeterThread: Thread is done: Ticket intake 1-120
2026-10-09 06:46:26,259 INFO o.a.j.t.JMeterThread: Thread finished: Ticket intake 1-120
2026-10-09 06:46:26,739 INFO o.a.j.t.JMeterThread: Thread started: Ticket intake 1-122
2026-10-09 06:46:30,584 INFO o.a.j.r.Summariser: summary +      3 in 00:00:25 =    0.1/s Avg:  6641 Min:  5611 Max:  8633 Err:     0 (0.00%) Active: 2 Started: 122 Finished: 120
2026-10-09 06:46:30,584 INFO o.a.j.r.Summariser: summary =    121 in 00:17:57 =    0.1/s Avg:  8384 Min:  3390 Max: 21460 Err:     0 (0.00%)
2026-10-09 06:46:30,584 INFO o.a.j.t.JMeterThread: Thread is done: Ticket intake 1-121
2026-10-09 06:46:30,584 INFO o.a.j.t.JMeterThread: Thread finished: Ticket intake 1-121
2026-10-09 06:46:32,131 INFO o.a.j.t.JMeterThread: Thread started: Ticket intake 1-123
2026-10-09 06:46:35,148 INFO o.a.j.t.JMeterThread: Thread started: Ticket intake 1-124
2026-10-09 06:46:39,265 INFO o.a.j.t.JMeterThread: Thread is done: Ticket intake 1-122
2026-10-09 06:46:39,265 INFO o.a.j.t.JMeterThread: Thread finished: Ticket intake 1-122
2026-10-09 06:46:42,031 INFO o.a.j.t.JMeterThread: Thread started: Ticket intake 1-125
2026-10-09 06:46:42,763 INFO o.a.j.t.JMeterThread: Thread started: Ticket intake 1-126
2026-10-09 06:46:44,196 INFO o.a.j.t.JMeterThread: Thread started: Ticket intake 1-127
2026-10-09 06:46:45,306 INFO o.a.j.t.JMeterThread: Thread is done: Ticket intake 1-123
2026-10-09 06:46:45,306 INFO o.a.j.t.JMeterThread: Thread finished: Ticket intake 1-123
2026-10-09 06:46:48,787 INFO o.a.j.t.JMeterThread: Thread is done: Ticket intake 1-124
2026-10-09 06:46:48,787 INFO o.a.j.t.JMeterThread: Thread finished: Ticket intake 1-124
2026-10-09 06:46:52,065 INFO o.a.j.t.JMeterThread: Thread is done: Ticket intake 1-125
2026-10-09 06:46:52,065 INFO o.a.j.t.JMeterThread: Thread finished: Ticket intake 1-125
2026-10-09 06:46:53,481 INFO o.a.j.t.JMeterThread: Thread started: Ticket intake 1-128
2026-10-09 06:46:56,383 INFO o.a.j.t.JMeterThread: Thread started: Ticket intake 1-129
2026-10-09 06:46:56,400 INFO o.a.j.t.JMeterThread: Thread is done: Ticket intake 1-126
2026-10-09 06:46:56,400 INFO o.a.j.t.JMeterThread: Thread finished: Ticket intake 1-126
2026-10-09 06:47:02,715 INFO o.a.j.r.Summariser: summary +      6 in 00:00:32 =    0.2/s Avg: 13587 Min: 10033 Max: 18518 Err:     0 (0.00%) Active: 3 Started: 129 Finished: 126
2026-10-09 06:47:02,715 INFO o.a.j.r.Summariser: summary =    127 in 00:18:29 =    0.1/s Avg:  8629 Min:  3390 Max: 21460 Err:     0 (0.00%)
2026-10-09 06:47:02,716 INFO o.a.j.t.JMeterThread: Thread is done: Ticket intake 1-127
2026-10-09 06:47:02,716 INFO o.a.j.t.JMeterThread: Thread finished: Ticket intake 1-127
2026-10-09 06:47:03,455 INFO o.a.j.t.JMeterThread: Thread started: Ticket intake 1-130
2026-10-09 06:47:03,598 INFO o.a.j.t.JMeterThread: Thread started: Ticket intake 1-131
2026-10-09 06:47:05,400 INFO o.a.j.t.JMeterThread: Thread started: Ticket intake 1-132
2026-10-09 06:47:07,221 INFO o.a.j.t.JMeterThread: Thread is done: Ticket intake 1-128
2026-10-09 06:47:07,221 INFO o.a.j.t.JMeterThread: Thread finished: Ticket intake 1-128
2026-10-09 06:47:08,454 INFO o.a.j.t.JMeterThread: Thread started: Ticket intake 1-133
2026-10-09 06:47:12,594 INFO o.a.j.t.JMeterThread: Thread is done: Ticket intake 1-129
2026-10-09 06:47:12,594 INFO o.a.j.t.JMeterThread: Thread finished: Ticket intake 1-129
2026-10-09 06:47:13,539 INFO o.a.j.t.JMeterThread: Thread started: Ticket intake 1-134
2026-10-09 06:47:18,615 INFO o.a.j.t.JMeterThread: Thread is done: Ticket intake 1-130
2026-10-09 06:47:18,615 INFO o.a.j.t.JMeterThread: Thread finished: Ticket intake 1-130
2026-10-09 06:47:23,605 INFO o.a.j.t.JMeterThread: Thread is done: Ticket intake 1-131
2026-10-09 06:47:23,605 INFO o.a.j.t.JMeterThread: Thread finished: Ticket intake 1-131
2026-10-09 06:47:25,584 INFO o.a.j.t.JMeterThread: Thread started: Ticket intake 1-135
2026-10-09 06:47:28,519 INFO o.a.j.t.JMeterThread: Thread is done: Ticket intake 1-132
2026-10-09 06:47:28,519 INFO o.a.j.t.JMeterThread: Thread finished: Ticket intake 1-132
2026-10-09 06:47:36,816 INFO o.a.j.t.JMeterThread: Thread is done: Ticket intake 1-133
2026-10-09 06:47:36,816 INFO o.a.j.t.JMeterThread: Thread finished: Ticket intake 1-133
2026-10-09 06:47:40,510 INFO o.a.j.t.JMeterThread: Thread started: Ticket intake 1-136
2026-10-09 06:47:42,022 INFO o.a.j.t.JMeterThread: Thread started: Ticket intake 1-137
2026-10-09 06:47:42,675 INFO o.a.j.t.JMeterThread: Thread is done: Ticket intake 1-134
2026-10-09 06:47:42,675 INFO o.a.j.t.JMeterThread: Thread finished: Ticket intake 1-134
2026-10-09 06:47:44,999 INFO o.a.j.t.JMeterThread: Thread started: Ticket intake 1-138
2026-10-09 06:47:46,645 INFO o.a.j.t.JMeterThread: Thread is done: Ticket intake 1-135
2026-10-09 06:47:46,645 INFO o.a.j.t.JMeterThread: Thread finished: Ticket intake 1-135
2026-10-09 06:47:51,151 INFO o.a.j.t.JMeterThread: Thread is done: Ticket intake 1-136
2026-10-09 06:47:51,151 INFO o.a.j.t.JMeterThread: Thread finished: Ticket intake 1-136
2026-10-09 06:47:55,248 INFO o.a.j.t.JMeterThread: Thread is done: Ticket intake 1-137
2026-10-09 06:47:55,248 INFO o.a.j.t.JMeterThread: Thread finished: Ticket intake 1-137
2026-10-09 06:47:55,950 INFO o.a.j.t.JMeterThread: Thread started: Ticket intake 1-139
2026-10-09 06:47:58,523 INFO o.a.j.t.JMeterThread: Thread is done: Ticket intake 1-138
2026-10-09 06:47:58,523 INFO o.a.j.t.JMeterThread: Thread finished: Ticket intake 1-138
2026-10-09 06:48:02,312 INFO o.a.j.r.Summariser: summary +     12 in 00:01:00 =    0.2/s Avg: 17544 Min:  6361 Max: 29134 Err:     0 (0.00%) Active: 1 Started: 139 Finished: 138
2026-10-09 06:48:02,313 INFO o.a.j.r.Summariser: summary =    139 in 00:19:29 =    0.1/s Avg:  9399 Min:  3390 Max: 29134 Err:     0 (0.00%)
2026-10-09 06:48:02,313 INFO o.a.j.t.JMeterThread: Thread is done: Ticket intake 1-139
2026-10-09 06:48:02,313 INFO o.a.j.t.JMeterThread: Thread finished: Ticket intake 1-139
2026-10-09 06:48:05,180 INFO o.a.j.t.JMeterThread: Thread started: Ticket intake 1-140
2026-10-09 06:48:10,198 INFO o.a.j.t.JMeterThread: Thread is done: Ticket intake 1-140
2026-10-09 06:48:10,198 INFO o.a.j.t.JMeterThread: Thread finished: Ticket intake 1-140
2026-10-09 06:48:10,340 INFO o.a.j.t.JMeterThread: Thread started: Ticket intake 1-141
2026-10-09 06:48:12,810 INFO o.a.j.t.JMeterThread: Thread started: Ticket intake 1-142
2026-10-09 06:48:13,545 INFO o.a.j.t.JMeterThread: Thread started: Ticket intake 1-143
2026-10-09 06:48:14,777 INFO o.a.j.t.JMeterThread: Thread started: Ticket intake 1-144
2026-10-09 06:48:14,788 INFO o.a.j.t.JMeterThread: Thread started: Ticket intake 1-145
2026-10-09 06:48:18,186 INFO o.a.j.t.JMeterThread: Thread is done: Ticket intake 1-141
2026-10-09 06:48:18,186 INFO o.a.j.t.JMeterThread: Thread finished: Ticket intake 1-141
2026-10-09 06:48:22,829 INFO o.a.j.t.JMeterThread: Thread started: Ticket intake 1-146
2026-10-09 06:48:25,353 INFO o.a.j.t.JMeterThread: Thread is done: Ticket intake 1-142
2026-10-09 06:48:25,353 INFO o.a.j.t.JMeterThread: Thread finished: Ticket intake 1-142
2026-10-09 06:48:28,641 INFO o.a.j.t.JMeterThread: Thread is done: Ticket intake 1-143
2026-10-09 06:48:28,641 INFO o.a.j.t.JMeterThread: Thread finished: Ticket intake 1-143
2026-10-09 06:48:29,474 INFO o.a.j.t.JMeterThread: Thread started: Ticket intake 1-147
2026-10-09 06:48:30,582 INFO o.a.j.t.JMeterThread: Thread started: Ticket intake 1-148
2026-10-09 06:48:32,930 INFO o.a.j.r.Summariser: summary +      5 in 00:00:31 =    0.2/s Avg: 11729 Min:  5017 Max: 18151 Err:     0 (0.00%) Active: 5 Started: 148 Finished: 143
2026-10-09 06:48:32,930 INFO o.a.j.r.Summariser: summary =    144 in 00:20:00 =    0.1/s Avg:  9480 Min:  3390 Max: 29134 Err:     0 (0.00%)
2026-10-09 06:48:32,930 INFO o.a.j.t.JMeterThread: Thread is done: Ticket intake 1-144
2026-10-09 06:48:32,930 INFO o.a.j.t.JMeterThread: Thread finished: Ticket intake 1-144
2026-10-09 06:48:36,861 INFO o.a.j.t.JMeterThread: Thread started: Ticket intake 1-149
2026-10-09 06:48:37,026 INFO o.a.j.t.JMeterThread: Thread is done: Ticket intake 1-145
2026-10-09 06:48:37,026 INFO o.a.j.t.JMeterThread: Thread finished: Ticket intake 1-145
2026-10-09 06:48:40,099 INFO o.a.j.t.JMeterThread: Thread is done: Ticket intake 1-146
2026-10-09 06:48:40,099 INFO o.a.j.t.JMeterThread: Thread finished: Ticket intake 1-146
2026-10-09 06:48:45,219 INFO o.a.j.t.JMeterThread: Thread is done: Ticket intake 1-147
2026-10-09 06:48:45,219 INFO o.a.j.t.JMeterThread: Thread finished: Ticket intake 1-147
2026-10-09 06:48:49,009 INFO o.a.j.t.JMeterThread: Thread is done: Ticket intake 1-148
2026-10-09 06:48:49,009 INFO o.a.j.t.JMeterThread: Thread finished: Ticket intake 1-148
2026-10-09 06:48:53,513 INFO o.a.j.t.JMeterThread: Thread is done: Ticket intake 1-149
2026-10-09 06:48:53,513 INFO o.a.j.t.JMeterThread: Thread finished: Ticket intake 1-149
2026-10-09 06:48:58,969 INFO o.a.j.t.JMeterThread: Thread started: Ticket intake 1-150
2026-10-09 06:49:05,585 INFO o.a.j.t.JMeterThread: Thread started: Ticket intake 1-151
2026-10-09 06:49:07,634 INFO o.a.j.t.JMeterThread: Thread started: Ticket intake 1-152
2026-10-09 06:49:08,054 INFO o.a.j.t.JMeterThread: Thread is done: Ticket intake 1-150
2026-10-09 06:49:08,054 INFO o.a.j.t.JMeterThread: Thread finished: Ticket intake 1-150
2026-10-09 06:49:13,469 INFO o.a.j.t.JMeterThread: Thread started: Ticket intake 1-153
2026-10-09 06:49:14,062 INFO o.a.j.t.JMeterThread: Thread started: Ticket intake 1-154
2026-10-09 06:49:15,017 INFO o.a.j.t.JMeterThread: Thread is done: Ticket intake 1-151
2026-10-09 06:49:15,017 INFO o.a.j.t.JMeterThread: Thread finished: Ticket intake 1-151
2026-10-09 06:49:18,398 INFO o.a.j.t.JMeterThread: Thread is done: Ticket intake 1-152
2026-10-09 06:49:18,398 INFO o.a.j.t.JMeterThread: Thread finished: Ticket intake 1-152
2026-10-09 06:49:18,885 INFO o.a.j.t.JMeterThread: Thread started: Ticket intake 1-155
2026-10-09 06:49:19,294 INFO o.a.j.t.JMeterThread: Thread started: Ticket intake 1-156
2026-10-09 06:49:19,464 INFO o.a.j.t.JMeterThread: Thread started: Ticket intake 1-157
2026-10-09 06:49:21,408 INFO o.a.j.t.JMeterThread: Thread started: Ticket intake 1-158
2026-10-09 06:49:22,595 INFO o.a.j.t.JMeterThread: Thread is done: Ticket intake 1-153
2026-10-09 06:49:22,595 INFO o.a.j.t.JMeterThread: Thread finished: Ticket intake 1-153
2026-10-09 06:49:25,017 INFO o.a.j.t.JMeterThread: Thread started: Ticket intake 1-159
2026-10-09 06:49:25,122 INFO o.a.j.t.JMeterThread: Thread started: Ticket intake 1-160
2026-10-09 06:49:28,329 INFO o.a.j.t.JMeterThread: Thread is done: Ticket intake 1-154
2026-10-09 06:49:28,329 INFO o.a.j.t.JMeterThread: Thread finished: Ticket intake 1-154
2026-10-09 06:49:35,498 INFO o.a.j.r.Summariser: summary +     11 in 00:01:03 =    0.2/s Avg: 14509 Min:  9082 Max: 22236 Err:     0 (0.00%) Active: 6 Started: 160 Finished: 154
2026-10-09 06:49:35,499 INFO o.a.j.r.Summariser: summary =    155 in 00:21:02 =    0.1/s Avg:  9837 Min:  3390 Max: 29134 Err:     0 (0.00%)
2026-10-09 06:49:35,499 INFO o.a.j.t.JMeterThread: Thread is done: Ticket intake 1-155
2026-10-09 06:49:35,499 INFO o.a.j.t.JMeterThread: Thread finished: Ticket intake 1-155
2026-10-09 06:49:40,817 INFO o.a.j.t.JMeterThread: Thread started: Ticket intake 1-161
2026-10-09 06:49:43,383 INFO o.a.j.t.JMeterThread: Thread is done: Ticket intake 1-156
2026-10-09 06:49:43,383 INFO o.a.j.t.JMeterThread: Thread finished: Ticket intake 1-156
2026-10-09 06:49:47,005 INFO o.a.j.t.JMeterThread: Thread started: Ticket intake 1-162
2026-10-09 06:49:49,220 INFO o.a.j.t.JMeterThread: Thread is done: Ticket intake 1-157
2026-10-09 06:49:49,220 INFO o.a.j.t.JMeterThread: Thread finished: Ticket intake 1-157
2026-10-09 06:49:53,727 INFO o.a.j.t.JMeterThread: Thread is done: Ticket intake 1-158
2026-10-09 06:49:53,727 INFO o.a.j.t.JMeterThread: Thread finished: Ticket intake 1-158
2026-10-09 06:49:57,311 INFO o.a.j.t.JMeterThread: Thread is done: Ticket intake 1-159
2026-10-09 06:49:57,311 INFO o.a.j.t.JMeterThread: Thread finished: Ticket intake 1-159
2026-10-09 06:50:00,561 INFO o.a.j.r.Summariser: summary +      5 in 00:00:25 =    0.2/s Avg: 30777 Min: 24088 Max: 35437 Err:     0 (0.00%) Active: 3 Started: 162 Finished: 159
2026-10-09 06:50:00,561 INFO o.a.j.r.Summariser: summary =    160 in 00:21:27 =    0.1/s Avg: 10491 Min:  3390 Max: 35437 Err:     0 (0.00%)
2026-10-09 06:50:00,561 INFO o.a.j.t.JMeterThread: Thread is done: Ticket intake 1-160
2026-10-09 06:50:00,561 INFO o.a.j.t.JMeterThread: Thread finished: Ticket intake 1-160
2026-10-09 06:50:05,502 INFO o.a.j.t.JMeterThread: Thread is done: Ticket intake 1-161
2026-10-09 06:50:05,502 INFO o.a.j.t.JMeterThread: Thread finished: Ticket intake 1-161
2026-10-09 06:50:06,809 INFO o.a.j.t.JMeterThread: Thread started: Ticket intake 1-163
2026-10-09 06:50:09,598 INFO o.a.j.t.JMeterThread: Thread is done: Ticket intake 1-162
2026-10-09 06:50:09,598 INFO o.a.j.t.JMeterThread: Thread finished: Ticket intake 1-162
2026-10-09 06:50:15,127 INFO o.a.j.t.JMeterThread: Thread is done: Ticket intake 1-163
2026-10-09 06:50:15,127 INFO o.a.j.t.JMeterThread: Thread finished: Ticket intake 1-163
2026-10-09 06:50:21,476 INFO o.a.j.t.JMeterThread: Thread started: Ticket intake 1-164
2026-10-09 06:50:24,960 INFO o.a.j.t.JMeterThread: Thread is done: Ticket intake 1-164
2026-10-09 06:50:24,960 INFO o.a.j.t.JMeterThread: Thread finished: Ticket intake 1-164
2026-10-09 06:50:27,286 INFO o.a.j.t.JMeterThread: Thread started: Ticket intake 1-165
2026-10-09 06:50:30,898 INFO o.a.j.r.Summariser: summary +      5 in 00:00:30 =    0.2/s Avg: 12537 Min:  3482 Max: 24684 Err:     0 (0.00%) Active: 1 Started: 165 Finished: 164
2026-10-09 06:50:30,899 INFO o.a.j.r.Summariser: summary =    165 in 00:21:58 =    0.1/s Avg: 10553 Min:  3390 Max: 35437 Err:     0 (0.00%)
2026-10-09 06:50:30,899 INFO o.a.j.t.JMeterThread: Thread is done: Ticket intake 1-165
2026-10-09 06:50:30,899 INFO o.a.j.t.JMeterThread: Thread finished: Ticket intake 1-165
2026-10-09 06:50:32,068 INFO o.a.j.t.JMeterThread: Thread started: Ticket intake 1-166
2026-10-09 06:50:38,332 INFO o.a.j.t.JMeterThread: Thread started: Ticket intake 1-167
2026-10-09 06:50:38,677 INFO o.a.j.t.JMeterThread: Thread started: Ticket intake 1-168
2026-10-09 06:50:39,574 INFO o.a.j.t.JMeterThread: Thread started: Ticket intake 1-169
2026-10-09 06:50:40,367 INFO o.a.j.t.JMeterThread: Thread started: Ticket intake 1-170
2026-10-09 06:50:40,418 INFO o.a.j.t.JMeterThread: Thread is done: Ticket intake 1-166
2026-10-09 06:50:40,418 INFO o.a.j.t.JMeterThread: Thread finished: Ticket intake 1-166
2026-10-09 06:50:44,678 INFO o.a.j.t.JMeterThread: Thread is done: Ticket intake 1-167
2026-10-09 06:50:44,678 INFO o.a.j.t.JMeterThread: Thread finished: Ticket intake 1-167
2026-10-09 06:50:51,484 INFO o.a.j.t.JMeterThread: Thread is done: Ticket intake 1-168
2026-10-09 06:50:51,484 INFO o.a.j.t.JMeterThread: Thread finished: Ticket intake 1-168
2026-10-09 06:50:53,217 INFO o.a.j.t.JMeterThread: Thread started: Ticket intake 1-171
2026-10-09 06:50:53,888 INFO o.a.j.t.JMeterThread: Thread started: Ticket intake 1-172
2026-10-09 06:50:57,419 INFO o.a.j.t.JMeterThread: Thread is done: Ticket intake 1-169
2026-10-09 06:50:57,419 INFO o.a.j.t.JMeterThread: Thread finished: Ticket intake 1-169
2026-10-09 06:51:03,426 INFO o.a.j.r.Summariser: summary +      5 in 00:00:33 =    0.2/s Avg: 13679 Min:  6343 Max: 23057 Err:     0 (0.00%) Active: 3 Started: 172 Finished: 169
2026-10-09 06:51:03,426 INFO o.a.j.r.Summariser: summary =    170 in 00:22:30 =    0.1/s Avg: 10645 Min:  3390 Max: 35437 Err:     0 (0.00%)
2026-10-09 06:51:03,427 INFO o.a.j.t.JMeterThread: Thread is done: Ticket intake 1-170
2026-10-09 06:51:03,427 INFO o.a.j.t.JMeterThread: Thread finished: Ticket intake 1-170
2026-10-09 06:51:09,454 INFO o.a.j.t.JMeterThread: Thread started: Ticket intake 1-173
2026-10-09 06:51:10,014 INFO o.a.j.t.JMeterThread: Thread is done: Ticket intake 1-171
2026-10-09 06:51:10,014 INFO o.a.j.t.JMeterThread: Thread finished: Ticket intake 1-171
2026-10-09 06:51:15,645 INFO o.a.j.t.JMeterThread: Thread is done: Ticket intake 1-172
2026-10-09 06:51:15,645 INFO o.a.j.t.JMeterThread: Thread finished: Ticket intake 1-172
2026-10-09 06:51:19,948 INFO o.a.j.t.JMeterThread: Thread is done: Ticket intake 1-173
2026-10-09 06:51:19,948 INFO o.a.j.t.JMeterThread: Thread finished: Ticket intake 1-173
2026-10-09 06:51:27,077 INFO o.a.j.t.JMeterThread: Thread started: Ticket intake 1-174
2026-10-09 06:51:27,570 INFO o.a.j.t.JMeterThread: Thread started: Ticket intake 1-175
2026-10-09 06:51:30,341 INFO o.a.j.t.JMeterThread: Thread started: Ticket intake 1-176
2026-10-09 06:51:30,495 INFO o.a.j.r.Summariser: summary +      4 in 00:00:27 =    0.1/s Avg: 13115 Min:  3417 Max: 21755 Err:     0 (0.00%) Active: 3 Started: 176 Finished: 173
2026-10-09 06:51:30,495 INFO o.a.j.r.Summariser: summary =    174 in 00:22:57 =    0.1/s Avg: 10702 Min:  3390 Max: 35437 Err:     0 (0.00%)
2026-10-09 06:51:30,496 INFO o.a.j.t.JMeterThread: Thread is done: Ticket intake 1-174
2026-10-09 06:51:30,496 INFO o.a.j.t.JMeterThread: Thread finished: Ticket intake 1-174
2026-10-09 06:51:34,591 INFO o.a.j.t.JMeterThread: Thread is done: Ticket intake 1-175
2026-10-09 06:51:34,591 INFO o.a.j.t.JMeterThread: Thread finished: Ticket intake 1-175
2026-10-09 06:51:40,736 INFO o.a.j.t.JMeterThread: Thread is done: Ticket intake 1-176
2026-10-09 06:51:40,736 INFO o.a.j.t.JMeterThread: Thread finished: Ticket intake 1-176
2026-10-09 06:51:42,311 INFO o.a.j.t.JMeterThread: Thread started: Ticket intake 1-177
2026-10-09 06:51:43,253 INFO o.a.j.t.JMeterThread: Thread started: Ticket intake 1-178
2026-10-09 06:51:44,644 INFO o.a.j.t.JMeterThread: Thread started: Ticket intake 1-179
2026-10-09 06:51:46,982 INFO o.a.j.t.JMeterThread: Thread is done: Ticket intake 1-177
2026-10-09 06:51:46,982 INFO o.a.j.t.JMeterThread: Thread finished: Ticket intake 1-177
2026-10-09 06:51:47,080 INFO o.a.j.t.JMeterThread: Thread started: Ticket intake 1-180
2026-10-09 06:51:50,337 INFO o.a.j.t.JMeterThread: Thread started: Ticket intake 1-181
2026-10-09 06:51:50,346 INFO o.a.j.t.JMeterThread: Thread is done: Ticket intake 1-178
2026-10-09 06:51:50,346 INFO o.a.j.t.JMeterThread: Thread finished: Ticket intake 1-178
2026-10-09 06:51:55,089 INFO o.a.j.t.JMeterThread: Thread started: Ticket intake 1-182
2026-10-09 06:51:55,188 INFO o.a.j.t.JMeterThread: Thread is done: Ticket intake 1-179
2026-10-09 06:51:55,188 INFO o.a.j.t.JMeterThread: Thread finished: Ticket intake 1-179
2026-10-09 06:51:57,837 INFO o.a.j.t.JMeterThread: Thread started: Ticket intake 1-183
2026-10-09 06:52:00,139 INFO o.a.j.t.JMeterThread: Thread started: Ticket intake 1-184
2026-10-09 06:52:00,500 INFO o.a.j.r.Summariser: summary +      6 in 00:00:30 =    0.2/s Avg:  8855 Min:  4669 Max: 13419 Err:     0 (0.00%) Active: 5 Started: 184 Finished: 179
2026-10-09 06:52:00,501 INFO o.a.j.r.Summariser: summary =    180 in 00:23:27 =    0.1/s Avg: 10640 Min:  3390 Max: 35437 Err:     0 (0.00%)
2026-10-09 06:52:00,501 INFO o.a.j.t.JMeterThread: Thread is done: Ticket intake 1-180
2026-10-09 06:52:00,501 INFO o.a.j.t.JMeterThread: Thread finished: Ticket intake 1-180
2026-10-09 06:52:04,493 INFO o.a.j.t.JMeterThread: Thread is done: Ticket intake 1-181
2026-10-09 06:52:04,493 INFO o.a.j.t.JMeterThread: Thread finished: Ticket intake 1-181
2026-10-09 06:52:10,330 INFO o.a.j.t.JMeterThread: Thread is done: Ticket intake 1-182
2026-10-09 06:52:10,330 INFO o.a.j.t.JMeterThread: Thread finished: Ticket intake 1-182
2026-10-09 06:52:11,859 INFO o.a.j.t.JMeterThread: Thread started: Ticket intake 1-185
2026-10-09 06:52:13,227 INFO o.a.j.t.JMeterThread: Thread started: Ticket intake 1-186
2026-10-09 06:52:14,732 INFO o.a.j.t.JMeterThread: Thread is done: Ticket intake 1-183
2026-10-09 06:52:14,732 INFO o.a.j.t.JMeterThread: Thread finished: Ticket intake 1-183
2026-10-09 06:52:18,421 INFO o.a.j.t.JMeterThread: Thread is done: Ticket intake 1-184
2026-10-09 06:52:18,421 INFO o.a.j.t.JMeterThread: Thread finished: Ticket intake 1-184
2026-10-09 06:52:23,437 INFO o.a.j.t.JMeterThread: Thread is done: Ticket intake 1-185
2026-10-09 06:52:23,437 INFO o.a.j.t.JMeterThread: Thread finished: Ticket intake 1-185
2026-10-09 06:52:27,660 INFO o.a.j.t.JMeterThread: Thread is done: Ticket intake 1-186
2026-10-09 06:52:27,660 INFO o.a.j.t.JMeterThread: Thread finished: Ticket intake 1-186
2026-10-09 06:52:34,177 INFO o.a.j.t.JMeterThread: Thread started: Ticket intake 1-187
2026-10-09 06:52:34,869 INFO o.a.j.t.JMeterThread: Thread started: Ticket intake 1-188
2026-10-09 06:52:40,129 INFO o.a.j.t.JMeterThread: Thread is done: Ticket intake 1-187
2026-10-09 06:52:40,129 INFO o.a.j.t.JMeterThread: Thread finished: Ticket intake 1-187
2026-10-09 06:52:44,634 INFO o.a.j.t.JMeterThread: Thread is done: Ticket intake 1-188
2026-10-09 06:52:44,634 INFO o.a.j.t.JMeterThread: Thread finished: Ticket intake 1-188
2026-10-09 06:52:46,061 INFO o.a.j.t.JMeterThread: Thread started: Ticket intake 1-189
2026-10-09 06:52:50,369 INFO o.a.j.t.JMeterThread: Thread is done: Ticket intake 1-189
2026-10-09 06:52:50,369 INFO o.a.j.t.JMeterThread: Thread finished: Ticket intake 1-189
2026-10-09 06:52:54,505 INFO o.a.j.t.JMeterThread: Thread started: Ticket intake 1-190
2026-10-09 06:52:57,891 INFO o.a.j.t.JMeterThread: Thread started: Ticket intake 1-191
2026-10-09 06:52:59,279 INFO o.a.j.t.JMeterThread: Thread is done: Ticket intake 1-190
2026-10-09 06:52:59,279 INFO o.a.j.t.JMeterThread: Thread finished: Ticket intake 1-190
2026-10-09 06:53:02,144 INFO o.a.j.t.JMeterThread: Thread started: Ticket intake 1-192
2026-10-09 06:53:02,759 INFO o.a.j.r.Summariser: summary +     11 in 00:01:02 =    0.2/s Avg: 10930 Min:  4306 Max: 18280 Err:     0 (0.00%) Active: 2 Started: 192 Finished: 190
2026-10-09 06:53:02,759 INFO o.a.j.r.Summariser: summary =    191 in 00:24:29 =    0.1/s Avg: 10657 Min:  3390 Max: 35437 Err:     0 (0.00%)
2026-10-09 06:53:02,759 INFO o.a.j.t.JMeterThread: Thread is done: Ticket intake 1-191
2026-10-09 06:53:02,759 INFO o.a.j.t.JMeterThread: Thread finished: Ticket intake 1-191
2026-10-09 06:53:06,343 INFO o.a.j.t.JMeterThread: Thread is done: Ticket intake 1-192
2026-10-09 06:53:06,343 INFO o.a.j.t.JMeterThread: Thread finished: Ticket intake 1-192
2026-10-09 06:53:10,052 INFO o.a.j.t.JMeterThread: Thread started: Ticket intake 1-193
2026-10-09 06:53:18,285 INFO o.a.j.t.JMeterThread: Thread started: Ticket intake 1-194
2026-10-09 06:53:19,143 INFO o.a.j.t.JMeterThread: Thread is done: Ticket intake 1-193
2026-10-09 06:53:19,143 INFO o.a.j.t.JMeterThread: Thread finished: Ticket intake 1-193
2026-10-09 06:53:26,312 INFO o.a.j.t.JMeterThread: Thread is done: Ticket intake 1-194
2026-10-09 06:53:26,312 INFO o.a.j.t.JMeterThread: Thread finished: Ticket intake 1-194
2026-10-09 06:53:44,140 INFO o.a.j.t.JMeterThread: Thread started: Ticket intake 1-195
2026-10-09 06:53:46,485 INFO o.a.j.t.JMeterThread: Thread started: Ticket intake 1-196
2026-10-09 06:53:47,478 INFO o.a.j.t.JMeterThread: Thread started: Ticket intake 1-197
2026-10-09 06:53:50,069 INFO o.a.j.t.JMeterThread: Thread is done: Ticket intake 1-195
2026-10-09 06:53:50,069 INFO o.a.j.t.JMeterThread: Thread finished: Ticket intake 1-195
2026-10-09 06:53:50,512 INFO o.a.j.t.JMeterThread: Thread started: Ticket intake 1-198
2026-10-09 06:53:51,511 INFO o.a.j.t.JMeterThread: Thread started: Ticket intake 1-199
2026-10-09 06:53:57,339 INFO o.a.j.t.JMeterThread: Thread is done: Ticket intake 1-196
2026-10-09 06:53:57,339 INFO o.a.j.t.JMeterThread: Thread finished: Ticket intake 1-196
2026-10-09 06:53:58,931 INFO o.a.j.t.JMeterThread: Thread started: Ticket intake 1-200
2026-10-09 06:54:00,192 INFO o.a.j.t.JMeterThread: Thread started: Ticket intake 1-201
2026-10-09 06:54:02,166 INFO o.a.j.t.JMeterThread: Thread started: Ticket intake 1-202
2026-10-09 06:54:04,302 INFO o.a.j.r.Summariser: summary +      6 in 00:01:02 =    0.1/s Avg:  9152 Min:  4197 Max: 16823 Err:     0 (0.00%) Active: 6 Started: 202 Finished: 196
2026-10-09 06:54:04,303 INFO o.a.j.r.Summariser: summary =    197 in 00:25:31 =    0.1/s Avg: 10611 Min:  3390 Max: 35437 Err:     0 (0.00%)
2026-10-09 06:54:04,303 INFO o.a.j.t.JMeterThread: Thread is done: Ticket intake 1-197
2026-10-09 06:54:04,303 INFO o.a.j.t.JMeterThread: Thread finished: Ticket intake 1-197
2026-10-09 06:54:05,553 INFO o.a.j.t.JMeterThread: Thread started: Ticket intake 1-203
2026-10-09 06:54:07,375 INFO o.a.j.t.JMeterThread: Thread started: Ticket intake 1-204
2026-10-09 06:54:08,604 INFO o.a.j.t.JMeterThread: Thread is done: Ticket intake 1-198
2026-10-09 06:54:08,604 INFO o.a.j.t.JMeterThread: Thread finished: Ticket intake 1-198
2026-10-09 06:54:13,211 INFO o.a.j.t.JMeterThread: Thread is done: Ticket intake 1-199
2026-10-09 06:54:13,211 INFO o.a.j.t.JMeterThread: Thread finished: Ticket intake 1-199
2026-10-09 06:54:13,279 INFO o.a.j.t.JMeterThread: Thread started: Ticket intake 1-205
2026-10-09 06:54:15,825 INFO o.a.j.t.JMeterThread: Thread started: Ticket intake 1-206
2026-10-09 06:54:16,812 INFO o.a.j.t.JMeterThread: Thread started: Ticket intake 1-207
2026-10-09 06:54:19,868 INFO o.a.j.t.JMeterThread: Thread is done: Ticket intake 1-200
2026-10-09 06:54:19,868 INFO o.a.j.t.JMeterThread: Thread finished: Ticket intake 1-200
2026-10-09 06:54:24,886 INFO o.a.j.t.JMeterThread: Thread is done: Ticket intake 1-201
2026-10-09 06:54:24,886 INFO o.a.j.t.JMeterThread: Thread finished: Ticket intake 1-201
2026-10-09 06:54:29,904 INFO o.a.j.t.JMeterThread: Thread is done: Ticket intake 1-202
2026-10-09 06:54:29,904 INFO o.a.j.t.JMeterThread: Thread finished: Ticket intake 1-202
2026-10-09 06:54:34,101 INFO o.a.j.r.Summariser: summary +      6 in 00:00:30 =    0.2/s Avg: 23617 Min: 18091 Max: 28547 Err:     0 (0.00%) Active: 5 Started: 207 Finished: 202
2026-10-09 06:54:34,102 INFO o.a.j.r.Summariser: summary =    203 in 00:26:01 =    0.1/s Avg: 10996 Min:  3390 Max: 35437 Err:     0 (0.00%)
2026-10-09 06:54:34,102 INFO o.a.j.t.JMeterThread: Thread is done: Ticket intake 1-203
2026-10-09 06:54:34,102 INFO o.a.j.t.JMeterThread: Thread finished: Ticket intake 1-203
2026-10-09 06:54:40,451 INFO o.a.j.t.JMeterThread: Thread started: Ticket intake 1-208
2026-10-09 06:54:40,860 INFO o.a.j.t.JMeterThread: Thread is done: Ticket intake 1-204
2026-10-09 06:54:40,860 INFO o.a.j.t.JMeterThread: Thread finished: Ticket intake 1-204
2026-10-09 06:54:45,368 INFO o.a.j.t.JMeterThread: Thread started: Ticket intake 1-209
2026-10-09 06:54:45,571 INFO o.a.j.t.JMeterThread: Thread is done: Ticket intake 1-205
2026-10-09 06:54:45,571 INFO o.a.j.t.JMeterThread: Thread finished: Ticket intake 1-205
2026-10-09 06:54:49,260 INFO o.a.j.t.JMeterThread: Thread started: Ticket intake 1-210
2026-10-09 06:54:49,473 INFO o.a.j.t.JMeterThread: Thread is done: Ticket intake 1-206
2026-10-09 06:54:49,473 INFO o.a.j.t.JMeterThread: Thread finished: Ticket intake 1-206
2026-10-09 06:54:53,196 INFO o.a.j.t.JMeterThread: Thread started: Ticket intake 1-211
2026-10-09 06:54:53,251 INFO o.a.j.t.JMeterThread: Thread started: Ticket intake 1-212
2026-10-09 06:54:57,143 INFO o.a.j.t.JMeterThread: Thread is done: Ticket intake 1-207
2026-10-09 06:54:57,143 INFO o.a.j.t.JMeterThread: Thread finished: Ticket intake 1-207
2026-10-09 06:55:00,726 INFO o.a.j.r.Summariser: summary +      5 in 00:00:27 =    0.2/s Avg: 32005 Min: 20275 Max: 40329 Err:     0 (0.00%) Active: 5 Started: 212 Finished: 207
2026-10-09 06:55:00,727 INFO o.a.j.r.Summariser: summary =    208 in 00:26:27 =    0.1/s Avg: 11501 Min:  3390 Max: 40329 Err:     0 (0.00%)
2026-10-09 06:55:00,727 INFO o.a.j.t.JMeterThread: Thread is done: Ticket intake 1-208
2026-10-09 06:55:00,727 INFO o.a.j.t.JMeterThread: Thread finished: Ticket intake 1-208
2026-10-09 06:55:02,791 INFO o.a.j.t.JMeterThread: Thread started: Ticket intake 1-213
2026-10-09 06:55:04,327 INFO o.a.j.t.JMeterThread: Thread is done: Ticket intake 1-209
2026-10-09 06:55:04,327 INFO o.a.j.t.JMeterThread: Thread finished: Ticket intake 1-209
2026-10-09 06:55:04,751 INFO o.a.j.t.JMeterThread: Thread started: Ticket intake 1-214
2026-10-09 06:55:10,147 INFO o.a.j.t.JMeterThread: Thread is done: Ticket intake 1-210
2026-10-09 06:55:10,147 INFO o.a.j.t.JMeterThread: Thread finished: Ticket intake 1-210
2026-10-09 06:55:13,018 INFO o.a.j.t.JMeterThread: Thread started: Ticket intake 1-215
2026-10-09 06:55:15,089 INFO o.a.j.t.JMeterThread: Thread started: Ticket intake 1-216
2026-10-09 06:55:17,316 INFO o.a.j.t.JMeterThread: Thread is done: Ticket intake 1-211
2026-10-09 06:55:17,316 INFO o.a.j.t.JMeterThread: Thread finished: Ticket intake 1-211
2026-10-09 06:55:22,450 INFO o.a.j.t.JMeterThread: Thread started: Ticket intake 1-217
2026-10-09 06:55:24,809 INFO o.a.j.t.JMeterThread: Thread is done: Ticket intake 1-212
2026-10-09 06:55:24,809 INFO o.a.j.t.JMeterThread: Thread finished: Ticket intake 1-212
2026-10-09 06:55:27,124 INFO o.a.j.t.JMeterThread: Thread started: Ticket intake 1-218
2026-10-09 06:55:29,194 INFO o.a.j.t.JMeterThread: Thread is done: Ticket intake 1-213
2026-10-09 06:55:29,194 INFO o.a.j.t.JMeterThread: Thread finished: Ticket intake 1-213
2026-10-09 06:55:33,625 INFO o.a.j.t.JMeterThread: Thread started: Ticket intake 1-219
2026-10-09 06:55:34,314 INFO o.a.j.r.Summariser: summary +      6 in 00:00:34 =    0.2/s Avg: 25246 Min: 18957 Max: 31556 Err:     0 (0.00%) Active: 6 Started: 219 Finished: 213
2026-10-09 06:55:34,315 INFO o.a.j.r.Summariser: summary =    214 in 00:27:01 =    0.1/s Avg: 11886 Min:  3390 Max: 40329 Err:     0 (0.00%)
2026-10-09 06:55:34,315 INFO o.a.j.t.JMeterThread: Thread is done: Ticket intake 1-214
2026-10-09 06:55:34,315 INFO o.a.j.t.JMeterThread: Thread finished: Ticket intake 1-214
2026-10-09 06:55:37,386 INFO o.a.j.t.JMeterThread: Thread is done: Ticket intake 1-215
2026-10-09 06:55:37,386 INFO o.a.j.t.JMeterThread: Thread finished: Ticket intake 1-215
2026-10-09 06:55:37,711 INFO o.a.j.t.JMeterThread: Thread started: Ticket intake 1-220
2026-10-09 06:55:41,790 INFO o.a.j.t.JMeterThread: Thread is done: Ticket intake 1-216
2026-10-09 06:55:41,790 INFO o.a.j.t.JMeterThread: Thread finished: Ticket intake 1-216
2026-10-09 06:55:43,336 INFO o.a.j.t.JMeterThread: Thread started: Ticket intake 1-221
2026-10-09 06:55:46,194 INFO o.a.j.t.JMeterThread: Thread is done: Ticket intake 1-217
2026-10-09 06:55:46,194 INFO o.a.j.t.JMeterThread: Thread finished: Ticket intake 1-217
2026-10-09 06:55:47,132 INFO o.a.j.t.JMeterThread: Thread started: Ticket intake 1-222
2026-10-09 06:55:50,841 INFO o.a.j.t.JMeterThread: Thread is done: Ticket intake 1-218
2026-10-09 06:55:50,841 INFO o.a.j.t.JMeterThread: Thread finished: Ticket intake 1-218
2026-10-09 06:55:55,819 INFO o.a.j.t.JMeterThread: Thread is done: Ticket intake 1-219
2026-10-09 06:55:55,819 INFO o.a.j.t.JMeterThread: Thread finished: Ticket intake 1-219
2026-10-09 06:55:57,043 INFO o.a.j.t.JMeterThread: Thread started: Ticket intake 1-223
2026-10-09 06:55:58,340 INFO o.a.j.t.JMeterThread: Thread started: Ticket intake 1-224
2026-10-09 06:56:00,222 INFO o.a.j.r.Summariser: summary +      6 in 00:00:26 =    0.2/s Avg: 23871 Min: 22194 Max: 26699 Err:     0 (0.00%) Active: 5 Started: 224 Finished: 219
2026-10-09 06:56:00,222 INFO o.a.j.r.Summariser: summary =    220 in 00:27:27 =    0.1/s Avg: 12213 Min:  3390 Max: 40329 Err:     0 (0.00%)
2026-10-09 06:56:00,222 INFO o.a.j.t.JMeterThread: Thread is done: Ticket intake 1-220
2026-10-09 06:56:00,222 INFO o.a.j.t.JMeterThread: Thread finished: Ticket intake 1-220
2026-10-09 06:56:00,495 INFO o.a.j.t.JMeterThread: Thread started: Ticket intake 1-225
2026-10-09 06:56:01,213 INFO o.a.j.t.JMeterThread: Thread started: Ticket intake 1-226
2026-10-09 06:56:04,114 INFO o.a.j.t.JMeterThread: Thread is done: Ticket intake 1-221
2026-10-09 06:56:04,114 INFO o.a.j.t.JMeterThread: Thread finished: Ticket intake 1-221
2026-10-09 06:56:08,408 INFO o.a.j.t.JMeterThread: Thread started: Ticket intake 1-227
2026-10-09 06:56:10,154 INFO o.a.j.t.JMeterThread: Thread is done: Ticket intake 1-222
2026-10-09 06:56:10,154 INFO o.a.j.t.JMeterThread: Thread finished: Ticket intake 1-222
2026-10-09 06:56:16,855 INFO o.a.j.t.JMeterThread: Thread started: Ticket intake 1-228
2026-10-09 06:56:18,960 INFO o.a.j.t.JMeterThread: Thread is done: Ticket intake 1-223
2026-10-09 06:56:18,960 INFO o.a.j.t.JMeterThread: Thread finished: Ticket intake 1-223
2026-10-09 06:56:20,272 INFO o.a.j.t.JMeterThread: Thread started: Ticket intake 1-229
2026-10-09 06:56:24,592 INFO o.a.j.t.JMeterThread: Thread is done: Ticket intake 1-224
2026-10-09 06:56:24,592 INFO o.a.j.t.JMeterThread: Thread finished: Ticket intake 1-224
2026-10-09 06:56:26,066 INFO o.a.j.t.JMeterThread: Thread started: Ticket intake 1-230
2026-10-09 06:56:30,530 INFO o.a.j.r.Summariser: summary +      5 in 00:00:30 =    0.2/s Avg: 24400 Min: 20775 Max: 30036 Err:     0 (0.00%) Active: 6 Started: 230 Finished: 224
2026-10-09 06:56:30,530 INFO o.a.j.r.Summariser: summary =    225 in 00:27:57 =    0.1/s Avg: 12484 Min:  3390 Max: 40329 Err:     0 (0.00%)
2026-10-09 06:56:30,530 INFO o.a.j.t.JMeterThread: Thread is done: Ticket intake 1-225
2026-10-09 06:56:30,530 INFO o.a.j.t.JMeterThread: Thread finished: Ticket intake 1-225
2026-10-09 06:56:35,563 INFO o.a.j.t.JMeterThread: Thread is done: Ticket intake 1-226
2026-10-09 06:56:35,563 INFO o.a.j.t.JMeterThread: Thread finished: Ticket intake 1-226
2026-10-09 06:56:39,131 INFO o.a.j.t.JMeterThread: Thread is done: Ticket intake 1-227
2026-10-09 06:56:39,131 INFO o.a.j.t.JMeterThread: Thread finished: Ticket intake 1-227
2026-10-09 06:56:43,021 INFO o.a.j.t.JMeterThread: Thread is done: Ticket intake 1-228
2026-10-09 06:56:43,021 INFO o.a.j.t.JMeterThread: Thread finished: Ticket intake 1-228
2026-10-09 06:56:44,796 INFO o.a.j.t.JMeterThread: Thread started: Ticket intake 1-231
2026-10-09 06:56:49,370 INFO o.a.j.t.JMeterThread: Thread is done: Ticket intake 1-229
2026-10-09 06:56:49,370 INFO o.a.j.t.JMeterThread: Thread finished: Ticket intake 1-229
2026-10-09 06:56:50,655 INFO o.a.j.t.JMeterThread: Thread started: Ticket intake 1-232
2026-10-09 06:56:57,049 INFO o.a.j.t.JMeterThread: Thread is done: Ticket intake 1-230
2026-10-09 06:56:57,049 INFO o.a.j.t.JMeterThread: Thread finished: Ticket intake 1-230
2026-10-09 06:57:02,271 INFO o.a.j.r.Summariser: summary +      6 in 00:00:32 =    0.2/s Avg: 28133 Min: 17475 Max: 34351 Err:     0 (0.00%) Active: 2 Started: 232 Finished: 230
2026-10-09 06:57:02,271 INFO o.a.j.r.Summariser: summary =    231 in 00:28:29 =    0.1/s Avg: 12890 Min:  3390 Max: 40329 Err:     0 (0.00%)
2026-10-09 06:57:02,271 INFO o.a.j.t.JMeterThread: Thread is done: Ticket intake 1-231
2026-10-09 06:57:02,271 INFO o.a.j.t.JMeterThread: Thread finished: Ticket intake 1-231
2026-10-09 06:57:05,753 INFO o.a.j.t.JMeterThread: Thread is done: Ticket intake 1-232
2026-10-09 06:57:05,753 INFO o.a.j.t.JMeterThread: Thread finished: Ticket intake 1-232
2026-10-09 06:57:06,468 INFO o.a.j.t.JMeterThread: Thread started: Ticket intake 1-233
2026-10-09 06:57:12,305 INFO o.a.j.t.JMeterThread: Thread is done: Ticket intake 1-233
2026-10-09 06:57:12,305 INFO o.a.j.t.JMeterThread: Thread finished: Ticket intake 1-233
2026-10-09 06:57:13,129 INFO o.a.j.t.JMeterThread: Thread started: Ticket intake 1-234
2026-10-09 06:57:14,053 INFO o.a.j.t.JMeterThread: Thread started: Ticket intake 1-235
2026-10-09 06:57:17,916 INFO o.a.j.t.JMeterThread: Thread is done: Ticket intake 1-234
2026-10-09 06:57:17,916 INFO o.a.j.t.JMeterThread: Thread finished: Ticket intake 1-234
2026-10-09 06:57:18,258 INFO o.a.j.t.JMeterThread: Thread started: Ticket intake 1-236
2026-10-09 06:57:21,623 INFO o.a.j.t.JMeterThread: Thread is done: Ticket intake 1-235
2026-10-09 06:57:21,623 INFO o.a.j.t.JMeterThread: Thread finished: Ticket intake 1-235
2026-10-09 06:57:23,950 INFO o.a.j.t.JMeterThread: Thread started: Ticket intake 1-237
2026-10-09 06:57:25,002 INFO o.a.j.t.JMeterThread: Thread is done: Ticket intake 1-236
2026-10-09 06:57:25,002 INFO o.a.j.t.JMeterThread: Thread finished: Ticket intake 1-236
2026-10-09 06:57:26,256 INFO o.a.j.t.JMeterThread: Thread started: Ticket intake 1-238
2026-10-09 06:57:30,251 INFO o.a.j.t.JMeterThread: Thread started: Ticket intake 1-239
2026-10-09 06:57:32,784 INFO o.a.j.r.Summariser: summary +      6 in 00:00:31 =    0.2/s Avg:  8144 Min:  4786 Max: 15097 Err:     0 (0.00%) Active: 3 Started: 239 Finished: 236
2026-10-09 06:57:32,785 INFO o.a.j.r.Summariser: summary =    237 in 00:28:59 =    0.1/s Avg: 12770 Min:  3390 Max: 40329 Err:     0 (0.00%)
2026-10-09 06:57:32,785 INFO o.a.j.t.JMeterThread: Thread is done: Ticket intake 1-237
2026-10-09 06:57:32,785 INFO o.a.j.t.JMeterThread: Thread finished: Ticket intake 1-237
2026-10-09 06:57:33,939 INFO o.a.j.t.JMeterThread: Thread started: Ticket intake 1-240
2026-10-09 06:57:34,540 INFO o.a.j.t.JMeterThread: Thread started: Ticket intake 1-241
2026-10-09 06:57:36,239 INFO o.a.j.t.JMeterThread: Thread started: Ticket intake 1-242
2026-10-09 06:57:38,591 INFO o.a.j.t.JMeterThread: Thread started: Ticket intake 1-243
2026-10-09 06:57:39,440 INFO o.a.j.t.JMeterThread: Thread is done: Ticket intake 1-238
2026-10-09 06:57:39,440 INFO o.a.j.t.JMeterThread: Thread finished: Ticket intake 1-238
2026-10-09 06:57:40,648 INFO o.a.j.t.JMeterThread: Thread started: Ticket intake 1-244
2026-10-09 06:57:43,535 INFO o.a.j.t.JMeterThread: Thread started: Ticket intake 1-245
2026-10-09 06:57:44,095 INFO o.a.j.t.JMeterThread: Thread started: Ticket intake 1-246
2026-10-09 06:57:44,103 INFO o.a.j.t.JMeterThread: Thread is done: Ticket intake 1-239
2026-10-09 06:57:44,104 INFO o.a.j.t.JMeterThread: Thread finished: Ticket intake 1-239
2026-10-09 06:57:47,528 INFO o.a.j.t.JMeterThread: Thread is done: Ticket intake 1-240
2026-10-09 06:57:47,528 INFO o.a.j.t.JMeterThread: Thread finished: Ticket intake 1-240
2026-10-09 06:57:48,821 INFO o.a.j.t.JMeterThread: Thread started: Ticket intake 1-247
2026-10-09 06:57:52,794 INFO o.a.j.t.JMeterThread: Thread started: Ticket intake 1-248
2026-10-09 06:57:55,003 INFO o.a.j.t.JMeterThread: Thread is done: Ticket intake 1-241
2026-10-09 06:57:55,003 INFO o.a.j.t.JMeterThread: Thread finished: Ticket intake 1-241
2026-10-09 06:57:59,612 INFO o.a.j.t.JMeterThread: Thread is done: Ticket intake 1-242
2026-10-09 06:57:59,612 INFO o.a.j.t.JMeterThread: Thread finished: Ticket intake 1-242
2026-10-09 06:58:02,887 INFO o.a.j.r.Summariser: summary +      6 in 00:00:30 =    0.2/s Avg: 18126 Min: 13184 Max: 24298 Err:     0 (0.00%) Active: 6 Started: 248 Finished: 242
2026-10-09 06:58:02,888 INFO o.a.j.r.Summariser: summary =    243 in 00:29:30 =    0.1/s Avg: 12902 Min:  3390 Max: 40329 Err:     0 (0.00%)
2026-10-09 06:58:02,888 INFO o.a.j.t.JMeterThread: Thread is done: Ticket intake 1-243
2026-10-09 06:58:02,888 INFO o.a.j.t.JMeterThread: Thread finished: Ticket intake 1-243
2026-10-09 06:58:07,802 INFO o.a.j.t.JMeterThread: Thread is done: Ticket intake 1-244
2026-10-09 06:58:07,802 INFO o.a.j.t.JMeterThread: Thread finished: Ticket intake 1-244
2026-10-09 06:58:14,560 INFO o.a.j.t.JMeterThread: Thread is done: Ticket intake 1-245
2026-10-09 06:58:14,560 INFO o.a.j.t.JMeterThread: Thread finished: Ticket intake 1-245
2026-10-09 06:58:15,210 INFO o.a.j.t.JMeterThread: Thread started: Ticket intake 1-249
2026-10-09 06:58:18,033 INFO o.a.j.t.o.PoissonArrivalsRamp: Generating 200 events, beginRate = 0.2222222222222222 / sec, endRate = 0.2222222222222222 / sec, duration = 900.0 sec
2026-10-09 06:58:18,033 INFO o.a.j.t.JMeterThread: Thread started: Ticket intake 1-250
2026-10-09 06:58:20,806 INFO o.a.j.t.JMeterThread: Thread is done: Ticket intake 1-246
2026-10-09 06:58:20,806 INFO o.a.j.t.JMeterThread: Thread finished: Ticket intake 1-246
2026-10-09 06:58:26,028 INFO o.a.j.t.JMeterThread: Thread is done: Ticket intake 1-247
2026-10-09 06:58:26,028 INFO o.a.j.t.JMeterThread: Thread finished: Ticket intake 1-247
2026-10-09 06:58:35,652 INFO o.a.j.r.Summariser: summary +      5 in 00:00:33 =    0.2/s Avg: 34992 Min: 27155 Max: 42861 Err:     0 (0.00%) Active: 3 Started: 250 Finished: 247
2026-10-09 06:58:35,653 INFO o.a.j.r.Summariser: summary =    248 in 00:30:02 =    0.1/s Avg: 13348 Min:  3390 Max: 42861 Err:     0 (0.00%)
2026-10-09 06:58:35,653 INFO o.a.j.t.JMeterThread: Thread is done: Ticket intake 1-248
2026-10-09 06:58:35,653 INFO o.a.j.t.JMeterThread: Thread finished: Ticket intake 1-248
2026-10-09 06:58:37,599 INFO o.a.j.t.JMeterThread: Thread is done: Ticket intake 1-249
2026-10-09 06:58:37,599 INFO o.a.j.t.JMeterThread: Thread finished: Ticket intake 1-249
2026-10-09 06:58:41,139 INFO o.a.j.t.JMeterThread: Thread started: Ticket intake 1-251
2026-10-09 06:58:44,426 INFO o.a.j.t.JMeterThread: Thread is done: Ticket intake 1-250
2026-10-09 06:58:44,426 INFO o.a.j.t.JMeterThread: Thread finished: Ticket intake 1-250
2026-10-09 06:58:44,955 INFO o.a.j.t.JMeterThread: Thread started: Ticket intake 1-252
2026-10-09 06:58:47,555 INFO o.a.j.t.JMeterThread: Thread started: Ticket intake 1-253
2026-10-09 06:58:51,114 INFO o.a.j.t.JMeterThread: Thread is done: Ticket intake 1-251
2026-10-09 06:58:51,114 INFO o.a.j.t.JMeterThread: Thread finished: Ticket intake 1-251
2026-10-09 06:58:56,029 INFO o.a.j.t.JMeterThread: Thread is done: Ticket intake 1-252
2026-10-09 06:58:56,029 INFO o.a.j.t.JMeterThread: Thread finished: Ticket intake 1-252
2026-10-09 06:59:03,298 INFO o.a.j.r.Summariser: summary +      5 in 00:00:28 =    0.2/s Avg: 17115 Min:  9974 Max: 26395 Err:     0 (0.00%) Active: 1 Started: 253 Finished: 252
2026-10-09 06:59:03,298 INFO o.a.j.r.Summariser: summary =    253 in 00:30:30 =    0.1/s Avg: 13422 Min:  3390 Max: 42861 Err:     0 (0.00%)
2026-10-09 06:59:03,298 INFO o.a.j.t.JMeterThread: Thread is done: Ticket intake 1-253
2026-10-09 06:59:03,298 INFO o.a.j.t.JMeterThread: Thread finished: Ticket intake 1-253
2026-10-09 06:59:05,611 INFO o.a.j.t.JMeterThread: Thread started: Ticket intake 1-254
2026-10-09 06:59:11,182 INFO o.a.j.t.JMeterThread: Thread is done: Ticket intake 1-254
2026-10-09 06:59:11,182 INFO o.a.j.t.JMeterThread: Thread finished: Ticket intake 1-254
2026-10-09 06:59:13,951 INFO o.a.j.t.JMeterThread: Thread started: Ticket intake 1-255
2026-10-09 06:59:15,078 INFO o.a.j.t.JMeterThread: Thread started: Ticket intake 1-256
2026-10-09 06:59:18,034 INFO o.a.j.t.JMeterThread: Thread started: Ticket intake 1-257
2026-10-09 06:59:18,183 INFO o.a.j.t.JMeterThread: Thread started: Ticket intake 1-258
2026-10-09 06:59:18,861 INFO o.a.j.t.JMeterThread: Thread is done: Ticket intake 1-255
2026-10-09 06:59:18,861 INFO o.a.j.t.JMeterThread: Thread finished: Ticket intake 1-255
2026-10-09 06:59:19,118 INFO o.a.j.t.JMeterThread: Thread started: Ticket intake 1-259
2026-10-09 06:59:26,848 INFO o.a.j.t.JMeterThread: Thread is done: Ticket intake 1-256
2026-10-09 06:59:26,848 INFO o.a.j.t.JMeterThread: Thread finished: Ticket intake 1-256
2026-10-09 06:59:30,303 INFO o.a.j.t.JMeterThread: Thread started: Ticket intake 1-260
2026-10-09 06:59:33,710 INFO o.a.j.t.JMeterThread: Thread started: Ticket intake 1-261
2026-10-09 06:59:33,812 INFO o.a.j.r.Summariser: summary +      4 in 00:00:31 =    0.1/s Avg:  9506 Min:  4909 Max: 15776 Err:     0 (0.00%) Active: 5 Started: 261 Finished: 256
2026-10-09 06:59:33,812 INFO o.a.j.r.Summariser: summary =    257 in 00:31:01 =    0.1/s Avg: 13361 Min:  3390 Max: 42861 Err:     0 (0.00%)
2026-10-09 06:59:33,813 INFO o.a.j.t.JMeterThread: Thread is done: Ticket intake 1-257
2026-10-09 06:59:33,813 INFO o.a.j.t.JMeterThread: Thread finished: Ticket intake 1-257
2026-10-09 06:59:36,334 INFO o.a.j.t.JMeterThread: Thread started: Ticket intake 1-262
2026-10-09 06:59:39,545 INFO o.a.j.t.JMeterThread: Thread is done: Ticket intake 1-258
2026-10-09 06:59:39,545 INFO o.a.j.t.JMeterThread: Thread finished: Ticket intake 1-258
2026-10-09 06:59:42,893 INFO o.a.j.t.JMeterThread: Thread started: Ticket intake 1-263
2026-10-09 06:59:45,483 INFO o.a.j.t.JMeterThread: Thread is done: Ticket intake 1-259
2026-10-09 06:59:45,483 INFO o.a.j.t.JMeterThread: Thread finished: Ticket intake 1-259
2026-10-09 06:59:45,682 INFO o.a.j.t.JMeterThread: Thread started: Ticket intake 1-264
2026-10-09 06:59:50,090 INFO o.a.j.t.JMeterThread: Thread is done: Ticket intake 1-260
2026-10-09 06:59:50,090 INFO o.a.j.t.JMeterThread: Thread finished: Ticket intake 1-260
2026-10-09 06:59:53,439 INFO o.a.j.t.JMeterThread: Thread is done: Ticket intake 1-261
2026-10-09 06:59:53,439 INFO o.a.j.t.JMeterThread: Thread finished: Ticket intake 1-261
2026-10-09 07:00:00,045 INFO o.a.j.r.Summariser: summary +      5 in 00:00:26 =    0.2/s Avg: 22191 Min: 19729 Max: 26367 Err:     0 (0.00%) Active: 3 Started: 264 Finished: 261
2026-10-09 07:00:00,045 INFO o.a.j.r.Summariser: summary =    262 in 00:31:27 =    0.1/s Avg: 13530 Min:  3390 Max: 42861 Err:     0 (0.00%)
2026-10-09 07:00:00,045 INFO o.a.j.t.JMeterThread: Thread is done: Ticket intake 1-262
2026-10-09 07:00:00,045 INFO o.a.j.t.JMeterThread: Thread finished: Ticket intake 1-262
2026-10-09 07:00:04,630 INFO o.a.j.t.JMeterThread: Thread is done: Ticket intake 1-263
2026-10-09 07:00:04,630 INFO o.a.j.t.JMeterThread: Thread finished: Ticket intake 1-263
2026-10-09 07:00:08,089 INFO o.a.j.t.JMeterThread: Thread started: Ticket intake 1-265
2026-10-09 07:00:11,333 INFO o.a.j.t.JMeterThread: Thread started: Ticket intake 1-266
2026-10-09 07:00:13,538 INFO o.a.j.t.JMeterThread: Thread is done: Ticket intake 1-264
2026-10-09 07:00:13,538 INFO o.a.j.t.JMeterThread: Thread finished: Ticket intake 1-264
2026-10-09 07:00:14,882 INFO o.a.j.t.JMeterThread: Thread started: Ticket intake 1-267
2026-10-09 07:00:21,094 INFO o.a.j.t.JMeterThread: Thread started: Ticket intake 1-268
2026-10-09 07:00:21,217 INFO o.a.j.t.JMeterThread: Thread is done: Ticket intake 1-265
2026-10-09 07:00:21,217 INFO o.a.j.t.JMeterThread: Thread finished: Ticket intake 1-265
2026-10-09 07:00:25,779 INFO o.a.j.t.JMeterThread: Thread started: Ticket intake 1-269
2026-10-09 07:00:28,692 INFO o.a.j.t.JMeterThread: Thread is done: Ticket intake 1-266
2026-10-09 07:00:28,692 INFO o.a.j.t.JMeterThread: Thread finished: Ticket intake 1-266
2026-10-09 07:00:35,451 INFO o.a.j.r.Summariser: summary +      5 in 00:00:35 =    0.1/s Avg: 20131 Min: 13129 Max: 27858 Err:     0 (0.00%) Active: 3 Started: 269 Finished: 266
2026-10-09 07:00:35,451 INFO o.a.j.r.Summariser: summary =    267 in 00:32:02 =    0.1/s Avg: 13653 Min:  3390 Max: 42861 Err:     0 (0.00%)
2026-10-09 07:00:35,451 INFO o.a.j.t.JMeterThread: Thread is done: Ticket intake 1-267
2026-10-09 07:00:35,451 INFO o.a.j.t.JMeterThread: Thread finished: Ticket intake 1-267
2026-10-09 07:00:37,486 INFO o.a.j.t.JMeterThread: Thread started: Ticket intake 1-270
2026-10-09 07:00:42,165 INFO o.a.j.t.JMeterThread: Thread started: Ticket intake 1-271
2026-10-09 07:00:42,924 INFO o.a.j.t.JMeterThread: Thread is done: Ticket intake 1-268
2026-10-09 07:00:42,924 INFO o.a.j.t.JMeterThread: Thread finished: Ticket intake 1-268
2026-10-09 07:00:45,968 INFO o.a.j.t.JMeterThread: Thread started: Ticket intake 1-272
2026-10-09 07:00:46,307 INFO o.a.j.t.JMeterThread: Thread started: Ticket intake 1-273
2026-10-09 07:00:48,759 INFO o.a.j.t.JMeterThread: Thread is done: Ticket intake 1-269
2026-10-09 07:00:48,759 INFO o.a.j.t.JMeterThread: Thread finished: Ticket intake 1-269
2026-10-09 07:00:49,649 INFO o.a.j.t.JMeterThread: Thread started: Ticket intake 1-274
2026-10-09 07:00:50,899 INFO o.a.j.t.JMeterThread: Thread started: Ticket intake 1-275
2026-10-09 07:00:54,927 INFO o.a.j.t.JMeterThread: Thread started: Ticket intake 1-276
2026-10-09 07:00:55,040 INFO o.a.j.t.JMeterThread: Thread started: Ticket intake 1-277
2026-10-09 07:00:55,416 INFO o.a.j.t.JMeterThread: Thread is done: Ticket intake 1-270
2026-10-09 07:00:55,416 INFO o.a.j.t.JMeterThread: Thread finished: Ticket intake 1-270
2026-10-09 07:00:55,493 INFO o.a.j.t.JMeterThread: Thread started: Ticket intake 1-278
2026-10-09 07:00:58,271 INFO o.a.j.t.JMeterThread: Thread started: Ticket intake 1-279
2026-10-09 07:00:59,819 INFO o.a.j.t.JMeterThread: Thread is done: Ticket intake 1-271
2026-10-09 07:00:59,819 INFO o.a.j.t.JMeterThread: Thread finished: Ticket intake 1-271
2026-10-09 07:01:05,042 INFO o.a.j.r.Summariser: summary +      5 in 00:00:30 =    0.2/s Avg: 19894 Min: 17655 Max: 22982 Err:     0 (0.00%) Active: 8 Started: 279 Finished: 271
2026-10-09 07:01:05,043 INFO o.a.j.r.Summariser: summary =    272 in 00:32:32 =    0.1/s Avg: 13768 Min:  3390 Max: 42861 Err:     0 (0.00%)
2026-10-09 07:01:05,043 INFO o.a.j.t.JMeterThread: Thread is done: Ticket intake 1-272
2026-10-09 07:01:05,043 INFO o.a.j.t.JMeterThread: Thread finished: Ticket intake 1-272
2026-10-09 07:01:13,847 INFO o.a.j.t.JMeterThread: Thread is done: Ticket intake 1-273
2026-10-09 07:01:13,847 INFO o.a.j.t.JMeterThread: Thread finished: Ticket intake 1-273
2026-10-09 07:01:16,412 INFO o.a.j.t.JMeterThread: Thread started: Ticket intake 1-280
2026-10-09 07:01:18,300 INFO o.a.j.t.JMeterThread: Thread is done: Ticket intake 1-274
2026-10-09 07:01:18,300 INFO o.a.j.t.JMeterThread: Thread finished: Ticket intake 1-274
2026-10-09 07:01:20,011 INFO o.a.j.t.JMeterThread: Thread started: Ticket intake 1-281
2026-10-09 07:01:20,247 INFO o.a.j.t.JMeterThread: Thread started: Ticket intake 1-282
2026-10-09 07:01:22,755 INFO o.a.j.t.JMeterThread: Thread is done: Ticket intake 1-275
2026-10-09 07:01:22,755 INFO o.a.j.t.JMeterThread: Thread finished: Ticket intake 1-275
2026-10-09 07:01:27,271 INFO o.a.j.t.JMeterThread: Thread started: Ticket intake 1-283
2026-10-09 07:01:27,466 INFO o.a.j.t.JMeterThread: Thread is done: Ticket intake 1-276
2026-10-09 07:01:27,466 INFO o.a.j.t.JMeterThread: Thread finished: Ticket intake 1-276
2026-10-09 07:01:30,845 INFO o.a.j.r.Summariser: summary +      5 in 00:00:26 =    0.2/s Avg: 31279 Min: 27539 Max: 35807 Err:     0 (0.00%) Active: 7 Started: 283 Finished: 276
2026-10-09 07:01:30,845 INFO o.a.j.r.Summariser: summary =    277 in 00:32:58 =    0.1/s Avg: 14084 Min:  3390 Max: 42861 Err:     0 (0.00%)
2026-10-09 07:01:30,846 INFO o.a.j.t.JMeterThread: Thread is done: Ticket intake 1-277
2026-10-09 07:01:30,846 INFO o.a.j.t.JMeterThread: Thread finished: Ticket intake 1-277
2026-10-09 07:01:35,759 INFO o.a.j.t.JMeterThread: Thread is done: Ticket intake 1-278
2026-10-09 07:01:35,759 INFO o.a.j.t.JMeterThread: Thread finished: Ticket intake 1-278
2026-10-09 07:01:39,445 INFO o.a.j.t.JMeterThread: Thread is done: Ticket intake 1-279
2026-10-09 07:01:39,445 INFO o.a.j.t.JMeterThread: Thread finished: Ticket intake 1-279
2026-10-09 07:01:40,487 INFO o.a.j.t.JMeterThread: Thread started: Ticket intake 1-284
2026-10-09 07:01:45,486 INFO o.a.j.t.JMeterThread: Thread is done: Ticket intake 1-280
2026-10-09 07:01:45,486 INFO o.a.j.t.JMeterThread: Thread finished: Ticket intake 1-280
2026-10-09 07:01:49,991 INFO o.a.j.t.JMeterThread: Thread is done: Ticket intake 1-281
2026-10-09 07:01:49,991 INFO o.a.j.t.JMeterThread: Thread finished: Ticket intake 1-281
2026-10-09 07:01:51,493 INFO o.a.j.t.JMeterThread: Thread started: Ticket intake 1-285
2026-10-09 07:01:53,472 INFO o.a.j.t.JMeterThread: Thread is done: Ticket intake 1-282
2026-10-09 07:01:53,472 INFO o.a.j.t.JMeterThread: Thread finished: Ticket intake 1-282
2026-10-09 07:01:56,941 INFO o.a.j.t.JMeterThread: Thread started: Ticket intake 1-286
2026-10-09 07:01:57,771 INFO o.a.j.t.JMeterThread: Thread is done: Ticket intake 1-283
2026-10-09 07:01:57,771 INFO o.a.j.t.JMeterThread: Thread finished: Ticket intake 1-283
2026-10-09 07:02:00,176 INFO o.a.j.t.JMeterThread: Thread started: Ticket intake 1-287
2026-10-09 07:02:02,277 INFO o.a.j.r.Summariser: summary +      7 in 00:00:31 =    0.2/s Avg: 32289 Min: 21791 Max: 41177 Err:     0 (0.00%) Active: 4 Started: 287 Finished: 283
2026-10-09 07:02:02,278 INFO o.a.j.r.Summariser: summary =    284 in 00:33:29 =    0.1/s Avg: 14533 Min:  3390 Max: 42861 Err:     0 (0.00%)
2026-10-09 07:02:02,278 INFO o.a.j.t.JMeterThread: Thread is done: Ticket intake 1-284
2026-10-09 07:02:02,278 INFO o.a.j.t.JMeterThread: Thread finished: Ticket intake 1-284
2026-10-09 07:02:06,332 INFO o.a.j.t.JMeterThread: Thread is done: Ticket intake 1-285
2026-10-09 07:02:06,332 INFO o.a.j.t.JMeterThread: Thread finished: Ticket intake 1-285
2026-10-09 07:02:11,211 INFO o.a.j.t.JMeterThread: Thread started: Ticket intake 1-288
2026-10-09 07:02:14,258 INFO o.a.j.t.JMeterThread: Thread is done: Ticket intake 1-286
2026-10-09 07:02:14,258 INFO o.a.j.t.JMeterThread: Thread finished: Ticket intake 1-286
2026-10-09 07:02:19,305 INFO o.a.j.t.JMeterThread: Thread is done: Ticket intake 1-287
2026-10-09 07:02:19,306 INFO o.a.j.t.JMeterThread: Thread finished: Ticket intake 1-287
2026-10-09 07:02:23,547 INFO o.a.j.t.JMeterThread: Thread started: Ticket intake 1-289
2026-10-09 07:02:23,594 INFO o.a.j.t.JMeterThread: Thread started: Ticket intake 1-290
2026-10-09 07:02:24,190 INFO o.a.j.t.JMeterThread: Thread is done: Ticket intake 1-288
2026-10-09 07:02:24,190 INFO o.a.j.t.JMeterThread: Thread finished: Ticket intake 1-288
2026-10-09 07:02:26,554 INFO o.a.j.t.JMeterThread: Thread started: Ticket intake 1-291
2026-10-09 07:02:27,695 INFO o.a.j.t.JMeterThread: Thread started: Ticket intake 1-292
2026-10-09 07:02:28,470 INFO o.a.j.t.JMeterThread: Thread started: Ticket intake 1-293
2026-10-09 07:02:29,149 INFO o.a.j.t.JMeterThread: Thread started: Ticket intake 1-294
2026-10-09 07:02:31,109 INFO o.a.j.t.JMeterThread: Thread started: Ticket intake 1-295
2026-10-09 07:02:31,118 INFO o.a.j.r.Summariser: summary +      5 in 00:00:29 =    0.2/s Avg: 14367 Min:  7570 Max: 19131 Err:     0 (0.00%) Active: 7 Started: 295 Finished: 288
2026-10-09 07:02:31,119 INFO o.a.j.r.Summariser: summary =    289 in 00:33:58 =    0.1/s Avg: 14530 Min:  3390 Max: 42861 Err:     0 (0.00%)
2026-10-09 07:02:31,119 INFO o.a.j.t.JMeterThread: Thread is done: Ticket intake 1-289
2026-10-09 07:02:31,119 INFO o.a.j.t.JMeterThread: Thread finished: Ticket intake 1-289
2026-10-09 07:02:34,401 INFO o.a.j.t.JMeterThread: Thread started: Ticket intake 1-296
2026-10-09 07:02:34,800 INFO o.a.j.t.JMeterThread: Thread started: Ticket intake 1-297
2026-10-09 07:02:36,335 INFO o.a.j.t.JMeterThread: Thread is done: Ticket intake 1-290
2026-10-09 07:02:36,335 INFO o.a.j.t.JMeterThread: Thread finished: Ticket intake 1-290
2026-10-09 07:02:39,277 INFO o.a.j.t.JMeterThread: Thread started: Ticket intake 1-298
2026-10-09 07:02:42,621 INFO o.a.j.t.JMeterThread: Thread is done: Ticket intake 1-291
2026-10-09 07:02:42,621 INFO o.a.j.t.JMeterThread: Thread finished: Ticket intake 1-291
2026-10-09 07:02:48,456 INFO o.a.j.t.JMeterThread: Thread is done: Ticket intake 1-292
2026-10-09 07:02:48,456 INFO o.a.j.t.JMeterThread: Thread finished: Ticket intake 1-292
2026-10-09 07:02:54,497 INFO o.a.j.t.JMeterThread: Thread is done: Ticket intake 1-293
2026-10-09 07:02:54,498 INFO o.a.j.t.JMeterThread: Thread finished: Ticket intake 1-293
2026-10-09 07:02:54,519 INFO o.a.j.t.JMeterThread: Thread started: Ticket intake 1-299
2026-10-09 07:02:55,677 INFO o.a.j.t.JMeterThread: Thread started: Ticket intake 1-300
2026-10-09 07:02:57,104 INFO o.a.j.t.JMeterThread: Thread started: Ticket intake 1-301
2026-10-09 07:02:58,618 INFO o.a.j.t.JMeterThread: Thread started: Ticket intake 1-302
2026-10-09 07:02:58,901 INFO o.a.j.t.JMeterThread: Thread is done: Ticket intake 1-294
2026-10-09 07:02:58,901 INFO o.a.j.t.JMeterThread: Thread finished: Ticket intake 1-294
2026-10-09 07:03:03,044 INFO o.a.j.t.JMeterThread: Thread started: Ticket intake 1-303
2026-10-09 07:03:03,611 INFO o.a.j.r.Summariser: summary +      6 in 00:00:32 =    0.2/s Avg: 22976 Min: 12742 Max: 32503 Err:     0 (0.00%) Active: 9 Started: 303 Finished: 294
2026-10-09 07:03:03,612 INFO o.a.j.r.Summariser: summary =    295 in 00:34:30 =    0.1/s Avg: 14702 Min:  3390 Max: 42861 Err:     0 (0.00%)
2026-10-09 07:03:03,612 INFO o.a.j.t.JMeterThread: Thread is done: Ticket intake 1-295
2026-10-09 07:03:03,612 INFO o.a.j.t.JMeterThread: Thread finished: Ticket intake 1-295
2026-10-09 07:03:04,412 INFO o.a.j.t.JMeterThread: Thread started: Ticket intake 1-304
2026-10-09 07:03:05,837 INFO o.a.j.t.JMeterThread: Thread started: Ticket intake 1-305
2026-10-09 07:03:08,010 INFO o.a.j.t.JMeterThread: Thread started: Ticket intake 1-306
2026-10-09 07:03:08,383 INFO o.a.j.t.JMeterThread: Thread started: Ticket intake 1-307
2026-10-09 07:03:09,550 INFO o.a.j.t.JMeterThread: Thread is done: Ticket intake 1-296
2026-10-09 07:03:09,550 INFO o.a.j.t.JMeterThread: Thread finished: Ticket intake 1-296
2026-10-09 07:03:10,552 INFO o.a.j.t.JMeterThread: Thread started: Ticket intake 1-308
2026-10-09 07:03:11,376 INFO o.a.j.t.JMeterThread: Thread started: Ticket intake 1-309
2026-10-09 07:03:12,927 INFO o.a.j.t.JMeterThread: Thread is done: Ticket intake 1-297
2026-10-09 07:03:12,928 INFO o.a.j.t.JMeterThread: Thread finished: Ticket intake 1-297
2026-10-09 07:03:14,104 INFO o.a.j.t.JMeterThread: Thread started: Ticket intake 1-310
2026-10-09 07:03:18,323 INFO o.a.j.t.JMeterThread: Thread started: Ticket intake 1-311
2026-10-09 07:03:19,890 INFO o.a.j.t.JMeterThread: Thread is done: Ticket intake 1-298
2026-10-09 07:03:19,890 INFO o.a.j.t.JMeterThread: Thread finished: Ticket intake 1-298
2026-10-09 07:03:20,364 INFO o.a.j.t.JMeterThread: Thread started: Ticket intake 1-312
2026-10-09 07:03:21,408 INFO o.a.j.t.JMeterThread: Thread started: Ticket intake 1-313
2026-10-09 07:03:23,007 INFO o.a.j.t.JMeterThread: Thread started: Ticket intake 1-314
2026-10-09 07:03:24,294 INFO o.a.j.t.JMeterThread: Thread is done: Ticket intake 1-299
2026-10-09 07:03:24,294 INFO o.a.j.t.JMeterThread: Thread finished: Ticket intake 1-299
2026-10-09 07:03:31,359 INFO o.a.j.r.Summariser: summary +      5 in 00:00:28 =    0.2/s Avg: 35871 Min: 29776 Max: 40616 Err:     0 (0.00%) Active: 15 Started: 314 Finished: 299
2026-10-09 07:03:31,359 INFO o.a.j.r.Summariser: summary =    300 in 00:34:58 =    0.1/s Avg: 15054 Min:  3390 Max: 42861 Err:     0 (0.00%)
2026-10-09 07:03:31,359 INFO o.a.j.t.JMeterThread: Thread is done: Ticket intake 1-300
2026-10-09 07:03:31,359 INFO o.a.j.t.JMeterThread: Thread finished: Ticket intake 1-300
2026-10-09 07:03:39,038 INFO o.a.j.t.JMeterThread: Thread is done: Ticket intake 1-301
2026-10-09 07:03:39,038 INFO o.a.j.t.JMeterThread: Thread finished: Ticket intake 1-301
2026-10-09 07:03:46,189 INFO o.a.j.t.JMeterThread: Thread started: Ticket intake 1-315
2026-10-09 07:03:48,048 INFO o.a.j.t.JMeterThread: Thread is done: Ticket intake 1-302
2026-10-09 07:03:48,048 INFO o.a.j.t.JMeterThread: Thread finished: Ticket intake 1-302
2026-10-09 07:03:50,514 INFO o.a.j.t.JMeterThread: Thread started: Ticket intake 1-316
2026-10-09 07:03:50,601 INFO o.a.j.t.JMeterThread: Thread started: Ticket intake 1-317
2026-10-09 07:03:56,145 INFO o.a.j.t.JMeterThread: Thread is done: Ticket intake 1-303
2026-10-09 07:03:56,145 INFO o.a.j.t.JMeterThread: Thread finished: Ticket intake 1-303
2026-10-09 07:03:59,067 INFO o.a.j.t.JMeterThread: Thread started: Ticket intake 1-318
2026-10-09 07:04:00,630 INFO o.a.j.t.JMeterThread: Thread started: Ticket intake 1-319
2026-10-09 07:04:00,646 INFO o.a.j.t.JMeterThread: Thread started: Ticket intake 1-320
2026-10-09 07:04:02,588 INFO o.a.j.r.Summariser: summary +      4 in 00:00:31 =    0.1/s Avg: 50664 Min: 41937 Max: 58180 Err:     0 (0.00%) Active: 17 Started: 320 Finished: 303
2026-10-09 07:04:02,589 INFO o.a.j.r.Summariser: summary =    304 in 00:35:29 =    0.1/s Avg: 15523 Min:  3390 Max: 58180 Err:     0 (0.00%)
2026-10-09 07:04:02,589 INFO o.a.j.t.JMeterThread: Thread is done: Ticket intake 1-304
2026-10-09 07:04:02,589 INFO o.a.j.t.JMeterThread: Thread finished: Ticket intake 1-304
2026-10-09 07:04:03,624 INFO o.a.j.t.JMeterThread: Thread started: Ticket intake 1-321
2026-10-09 07:04:06,377 INFO o.a.j.t.JMeterThread: Thread is done: Ticket intake 1-305
2026-10-09 07:04:06,377 INFO o.a.j.t.JMeterThread: Thread finished: Ticket intake 1-305
2026-10-09 07:04:06,600 INFO o.a.j.t.JMeterThread: Thread started: Ticket intake 1-322
2026-10-09 07:04:10,780 INFO o.a.j.t.JMeterThread: Thread is done: Ticket intake 1-306
2026-10-09 07:04:10,780 INFO o.a.j.t.JMeterThread: Thread finished: Ticket intake 1-306
2026-10-09 07:04:12,601 INFO o.a.j.t.JMeterThread: Thread started: Ticket intake 1-323
2026-10-09 07:04:12,640 INFO o.a.j.t.JMeterThread: Thread started: Ticket intake 1-324
2026-10-09 07:04:13,307 INFO o.a.j.t.JMeterThread: Thread started: Ticket intake 1-325
2026-10-09 07:04:15,591 INFO o.a.j.t.JMeterThread: Thread is done: Ticket intake 1-307
2026-10-09 07:04:15,591 INFO o.a.j.t.JMeterThread: Thread finished: Ticket intake 1-307
2026-10-09 07:04:18,623 INFO o.a.j.t.JMeterThread: Thread started: Ticket intake 1-326
2026-10-09 07:04:20,928 INFO o.a.j.t.JMeterThread: Thread started: Ticket intake 1-327
2026-10-09 07:04:22,156 INFO o.a.j.t.JMeterThread: Thread is done: Ticket intake 1-308
2026-10-09 07:04:22,157 INFO o.a.j.t.JMeterThread: Thread finished: Ticket intake 1-308
2026-10-09 07:04:24,826 INFO o.a.j.t.JMeterThread: Thread started: Ticket intake 1-328
2026-10-09 07:04:26,468 INFO o.a.j.t.JMeterThread: Thread is done: Ticket intake 1-309
2026-10-09 07:04:26,468 INFO o.a.j.t.JMeterThread: Thread finished: Ticket intake 1-309
2026-10-09 07:04:29,823 INFO o.a.j.t.JMeterThread: Thread is done: Ticket intake 1-310
2026-10-09 07:04:29,823 INFO o.a.j.t.JMeterThread: Thread finished: Ticket intake 1-310
2026-10-09 07:04:32,834 INFO o.a.j.t.JMeterThread: Thread started: Ticket intake 1-329
2026-10-09 07:04:34,937 INFO o.a.j.t.JMeterThread: Thread started: Ticket intake 1-330
2026-10-09 07:04:36,274 INFO o.a.j.t.JMeterThread: Thread is done: Ticket intake 1-311
2026-10-09 07:04:36,274 INFO o.a.j.t.JMeterThread: Thread finished: Ticket intake 1-311
2026-10-09 07:04:40,576 INFO o.a.j.t.JMeterThread: Thread is done: Ticket intake 1-312
2026-10-09 07:04:40,576 INFO o.a.j.t.JMeterThread: Thread finished: Ticket intake 1-312
2026-10-09 07:04:43,795 INFO o.a.j.t.JMeterThread: Thread started: Ticket intake 1-331
2026-10-09 07:04:45,208 INFO o.a.j.t.JMeterThread: Thread started: Ticket intake 1-332
2026-10-09 07:04:47,026 INFO o.a.j.t.JMeterThread: Thread is done: Ticket intake 1-313
2026-10-09 07:04:47,026 INFO o.a.j.t.JMeterThread: Thread finished: Ticket intake 1-313
2026-10-09 07:04:50,317 INFO o.a.j.t.JMeterThread: Thread started: Ticket intake 1-333
2026-10-09 07:04:50,929 INFO o.a.j.t.JMeterThread: Thread started: Ticket intake 1-334
2026-10-09 07:04:52,554 INFO o.a.j.t.JMeterThread: Thread is done: Ticket intake 1-314
2026-10-09 07:04:52,554 INFO o.a.j.t.JMeterThread: Thread finished: Ticket intake 1-314
2026-10-09 07:04:54,302 INFO o.a.j.t.JMeterThread: Thread started: Ticket intake 1-335
2026-10-09 07:04:57,265 INFO o.a.j.t.JMeterThread: Thread is done: Ticket intake 1-315
2026-10-09 07:04:57,265 INFO o.a.j.t.JMeterThread: Thread finished: Ticket intake 1-315
2026-10-09 07:04:57,274 INFO o.a.j.t.JMeterThread: Thread started: Ticket intake 1-336
2026-10-09 07:05:04,052 INFO o.a.j.r.Summariser: summary +     12 in 00:01:01 =    0.2/s Avg: 74246 Min: 60545 Max: 89556 Err:     0 (0.00%) Active: 21 Started: 336 Finished: 315
2026-10-09 07:05:04,053 INFO o.a.j.r.Summariser: summary =    316 in 00:36:31 =    0.1/s Avg: 17753 Min:  3390 Max: 89556 Err:     0 (0.00%)
2026-10-09 07:05:04,053 INFO o.a.j.t.JMeterThread: Thread is done: Ticket intake 1-316
2026-10-09 07:05:04,053 INFO o.a.j.t.JMeterThread: Thread finished: Ticket intake 1-316
2026-10-09 07:05:06,924 INFO o.a.j.t.JMeterThread: Thread started: Ticket intake 1-337
2026-10-09 07:05:07,811 INFO o.a.j.t.JMeterThread: Thread started: Ticket intake 1-338
2026-10-09 07:05:11,601 INFO o.a.j.t.JMeterThread: Thread is done: Ticket intake 1-317
2026-10-09 07:05:11,601 INFO o.a.j.t.JMeterThread: Thread finished: Ticket intake 1-317
2026-10-09 07:05:14,888 INFO o.a.j.t.JMeterThread: Thread started: Ticket intake 1-339
2026-10-09 07:05:14,913 INFO o.a.j.t.JMeterThread: Thread is done: Ticket intake 1-318
2026-10-09 07:05:14,913 INFO o.a.j.t.JMeterThread: Thread finished: Ticket intake 1-318
2026-10-09 07:05:15,626 INFO o.a.j.t.JMeterThread: Thread started: Ticket intake 1-340
2026-10-09 07:05:16,544 INFO o.a.j.t.JMeterThread: Thread started: Ticket intake 1-341
2026-10-09 07:05:18,241 INFO o.a.j.t.JMeterThread: Thread started: Ticket intake 1-342
2026-10-09 07:05:18,777 INFO o.a.j.t.JMeterThread: Thread started: Ticket intake 1-343
2026-10-09 07:05:19,586 INFO o.a.j.t.JMeterThread: Thread is done: Ticket intake 1-320
2026-10-09 07:05:19,586 INFO o.a.j.t.JMeterThread: Thread finished: Ticket intake 1-320
2026-10-09 07:05:20,559 INFO o.a.j.t.JMeterThread: Thread started: Ticket intake 1-344
2026-10-09 07:05:24,076 INFO o.a.j.t.JMeterThread: Thread started: Ticket intake 1-345
2026-10-09 07:05:24,641 INFO o.a.j.t.JMeterThread: Thread started: Ticket intake 1-346
2026-10-09 07:05:27,574 INFO o.a.j.t.JMeterThread: Thread is done: Ticket intake 1-319
2026-10-09 07:05:27,574 INFO o.a.j.t.JMeterThread: Thread finished: Ticket intake 1-319
2026-10-09 07:05:30,783 INFO o.a.j.t.JMeterThread: Thread started: Ticket intake 1-347
2026-10-09 07:05:34,330 INFO o.a.j.r.Summariser: summary +      5 in 00:00:30 =    0.2/s Avg: 82694 Min: 75853 Max: 90714 Err:     0 (0.00%) Active: 27 Started: 347 Finished: 320
2026-10-09 07:05:34,330 INFO o.a.j.r.Summariser: summary =    321 in 00:37:01 =    0.1/s Avg: 18765 Min:  3390 Max: 90714 Err:     0 (0.00%)
2026-10-09 07:05:34,330 INFO o.a.j.t.JMeterThread: Thread is done: Ticket intake 1-321
2026-10-09 07:05:34,330 INFO o.a.j.t.JMeterThread: Thread finished: Ticket intake 1-321
2026-10-09 07:05:39,268 INFO o.a.j.t.JMeterThread: Thread started: Ticket intake 1-348
2026-10-09 07:05:39,450 INFO o.a.j.t.JMeterThread: Thread is done: Ticket intake 1-322
2026-10-09 07:05:39,450 INFO o.a.j.t.JMeterThread: Thread finished: Ticket intake 1-322
2026-10-09 07:05:44,877 INFO o.a.j.t.JMeterThread: Thread is done: Ticket intake 1-324
2026-10-09 07:05:44,877 INFO o.a.j.t.JMeterThread: Thread finished: Ticket intake 1-324
2026-10-09 07:05:45,866 INFO o.a.j.t.JMeterThread: Thread started: Ticket intake 1-349
2026-10-09 07:05:47,727 INFO o.a.j.t.JMeterThread: Thread started: Ticket intake 1-350
2026-10-09 07:05:48,359 INFO o.a.j.t.JMeterThread: Thread is done: Ticket intake 1-323
2026-10-09 07:05:48,359 INFO o.a.j.t.JMeterThread: Thread finished: Ticket intake 1-323
2026-10-09 07:05:54,010 INFO o.a.j.t.JMeterThread: Thread started: Ticket intake 1-351
2026-10-09 07:05:55,322 INFO o.a.j.t.JMeterThread: Thread is done: Ticket intake 1-325
2026-10-09 07:05:55,322 INFO o.a.j.t.JMeterThread: Thread finished: Ticket intake 1-325
2026-10-09 07:05:56,646 INFO o.a.j.t.JMeterThread: Thread started: Ticket intake 1-352
2026-10-09 07:05:57,066 INFO o.a.j.t.JMeterThread: Thread started: Ticket intake 1-353
2026-10-09 07:05:57,949 INFO o.a.j.t.JMeterThread: Thread started: Ticket intake 1-354
2026-10-09 07:05:58,388 INFO o.a.j.t.JMeterThread: Thread started: Ticket intake 1-355
2026-10-09 07:06:04,741 INFO o.a.j.r.Summariser: summary +      5 in 00:00:30 =    0.2/s Avg: 97804 Min: 92246 Max: 106127 Err:     0 (0.00%) Active: 30 Started: 355 Finished: 325
2026-10-09 07:06:04,741 INFO o.a.j.r.Summariser: summary =    326 in 00:37:31 =    0.1/s Avg: 19977 Min:  3390 Max: 106127 Err:     0 (0.00%)
2026-10-09 07:06:04,741 INFO o.a.j.t.JMeterThread: Thread is done: Ticket intake 1-326
2026-10-09 07:06:04,741 INFO o.a.j.t.JMeterThread: Thread finished: Ticket intake 1-326
2026-10-09 07:06:08,056 INFO o.a.j.t.JMeterThread: Thread started: Ticket intake 1-356
2026-10-09 07:06:08,427 INFO o.a.j.t.JMeterThread: Thread is done: Ticket intake 1-327
2026-10-09 07:06:08,427 INFO o.a.j.t.JMeterThread: Thread finished: Ticket intake 1-327
2026-10-09 07:06:10,884 INFO o.a.j.t.JMeterThread: Thread started: Ticket intake 1-357
2026-10-09 07:06:11,034 INFO o.a.j.t.JMeterThread: Thread started: Ticket intake 1-358
2026-10-09 07:06:13,467 INFO o.a.j.t.JMeterThread: Thread started: Ticket intake 1-359
2026-10-09 07:06:14,264 INFO o.a.j.t.JMeterThread: Thread is done: Ticket intake 1-328
2026-10-09 07:06:14,264 INFO o.a.j.t.JMeterThread: Thread finished: Ticket intake 1-328
2026-10-09 07:06:17,768 INFO o.a.j.t.JMeterThread: Thread started: Ticket intake 1-360
2026-10-09 07:06:21,532 INFO o.a.j.t.JMeterThread: Thread is done: Ticket intake 1-329
2026-10-09 07:06:21,532 INFO o.a.j.t.JMeterThread: Thread finished: Ticket intake 1-329
2026-10-09 07:06:24,168 INFO o.a.j.t.JMeterThread: Thread started: Ticket intake 1-361
2026-10-09 07:06:26,653 INFO o.a.j.t.JMeterThread: Thread is done: Ticket intake 1-330
2026-10-09 07:06:26,653 INFO o.a.j.t.JMeterThread: Thread finished: Ticket intake 1-330
2026-10-09 07:06:28,675 INFO o.a.j.t.JMeterThread: Thread started: Ticket intake 1-362
2026-10-09 07:06:33,512 INFO o.a.j.r.Summariser: summary +      5 in 00:00:29 =    0.2/s Avg: 109423 Min: 107508 Max: 111726 Err:     0 (0.00%) Active: 32 Started: 362 Finished: 330
2026-10-09 07:06:33,513 INFO o.a.j.r.Summariser: summary =    331 in 00:38:00 =    0.1/s Avg: 21328 Min:  3390 Max: 111726 Err:     0 (0.00%)
2026-10-09 07:06:33,513 INFO o.a.j.t.JMeterThread: Thread is done: Ticket intake 1-331
2026-10-09 07:06:33,513 INFO o.a.j.t.JMeterThread: Thread finished: Ticket intake 1-331
2026-10-09 07:06:34,373 INFO o.a.j.t.JMeterThread: Thread started: Ticket intake 1-363
2026-10-09 07:06:37,869 INFO o.a.j.t.JMeterThread: Thread started: Ticket intake 1-364
2026-10-09 07:06:43,241 INFO o.a.j.t.JMeterThread: Thread is done: Ticket intake 1-332
2026-10-09 07:06:43,241 INFO o.a.j.t.JMeterThread: Thread finished: Ticket intake 1-332
2026-10-09 07:06:49,077 INFO o.a.j.t.JMeterThread: Thread is done: Ticket intake 1-333
2026-10-09 07:06:49,077 INFO o.a.j.t.JMeterThread: Thread finished: Ticket intake 1-333
2026-10-09 07:06:51,406 INFO o.a.j.t.JMeterThread: Thread started: Ticket intake 1-365
2026-10-09 07:06:54,606 INFO o.a.j.t.JMeterThread: Thread is done: Ticket intake 1-334
2026-10-09 07:06:54,606 INFO o.a.j.t.JMeterThread: Thread finished: Ticket intake 1-334
2026-10-09 07:06:58,006 INFO o.a.j.t.JMeterThread: Thread started: Ticket intake 1-366
2026-10-09 07:06:59,726 INFO o.a.j.t.JMeterThread: Thread is done: Ticket intake 1-335
2026-10-09 07:06:59,726 INFO o.a.j.t.JMeterThread: Thread finished: Ticket intake 1-335
2026-10-09 07:07:03,515 INFO o.a.j.t.JMeterThread: Thread started: Ticket intake 1-367
2026-10-09 07:07:04,641 INFO o.a.j.r.Summariser: summary +      5 in 00:00:31 =    0.2/s Avg: 122663 Min: 118044 Max: 127380 Err:     0 (0.00%) Active: 32 Started: 367 Finished: 335
2026-10-09 07:07:04,641 INFO o.a.j.r.Summariser: summary =    336 in 00:38:31 =    0.1/s Avg: 22836 Min:  3390 Max: 127380 Err:     0 (0.00%)
2026-10-09 07:07:04,641 INFO o.a.j.t.JMeterThread: Thread is done: Ticket intake 1-336
2026-10-09 07:07:04,641 INFO o.a.j.t.JMeterThread: Thread finished: Ticket intake 1-336
2026-10-09 07:07:06,276 INFO o.a.j.t.JMeterThread: Thread started: Ticket intake 1-368
2026-10-09 07:07:09,144 INFO o.a.j.t.JMeterThread: Thread is done: Ticket intake 1-337
2026-10-09 07:07:09,145 INFO o.a.j.t.JMeterThread: Thread finished: Ticket intake 1-337
2026-10-09 07:07:09,572 INFO o.a.j.t.JMeterThread: Thread started: Ticket intake 1-369
2026-10-09 07:07:12,500 INFO o.a.j.t.JMeterThread: Thread started: Ticket intake 1-370
2026-10-09 07:07:12,626 INFO o.a.j.t.JMeterThread: Thread is done: Ticket intake 1-338
2026-10-09 07:07:12,626 INFO o.a.j.t.JMeterThread: Thread finished: Ticket intake 1-338
2026-10-09 07:07:16,621 INFO o.a.j.t.JMeterThread: Thread is done: Ticket intake 1-339
2026-10-09 07:07:16,621 INFO o.a.j.t.JMeterThread: Thread finished: Ticket intake 1-339
2026-10-09 07:07:16,926 INFO o.a.j.t.JMeterThread: Thread started: Ticket intake 1-371
2026-10-09 07:07:23,000 INFO o.a.j.t.JMeterThread: Thread is done: Ticket intake 1-340
2026-10-09 07:07:23,000 INFO o.a.j.t.JMeterThread: Thread finished: Ticket intake 1-340
2026-10-09 07:07:26,348 INFO o.a.j.t.JMeterThread: Thread is done: Ticket intake 1-341
2026-10-09 07:07:26,348 INFO o.a.j.t.JMeterThread: Thread finished: Ticket intake 1-341
2026-10-09 07:07:31,671 INFO o.a.j.r.Summariser: summary +      6 in 00:00:27 =    0.2/s Avg: 126574 Min: 121744 Max: 133443 Err:     0 (0.00%) Active: 30 Started: 371 Finished: 341
2026-10-09 07:07:31,672 INFO o.a.j.r.Summariser: summary =    342 in 00:38:58 =    0.1/s Avg: 24656 Min:  3390 Max: 133443 Err:     0 (0.00%)
2026-10-09 07:07:31,672 INFO o.a.j.t.JMeterThread: Thread is done: Ticket intake 1-342
2026-10-09 07:07:31,672 INFO o.a.j.t.JMeterThread: Thread finished: Ticket intake 1-342
2026-10-09 07:07:32,887 INFO o.a.j.t.JMeterThread: Thread started: Ticket intake 1-372
2026-10-09 07:07:33,770 INFO o.a.j.t.JMeterThread: Thread started: Ticket intake 1-373
2026-10-09 07:07:35,308 INFO o.a.j.t.JMeterThread: Thread started: Ticket intake 1-374
2026-10-09 07:07:38,327 INFO o.a.j.t.JMeterThread: Thread is done: Ticket intake 1-343
2026-10-09 07:07:38,327 INFO o.a.j.t.JMeterThread: Thread finished: Ticket intake 1-343
2026-10-09 07:07:42,524 INFO o.a.j.t.JMeterThread: Thread is done: Ticket intake 1-344
2026-10-09 07:07:42,525 INFO o.a.j.t.JMeterThread: Thread finished: Ticket intake 1-344
2026-10-09 07:07:49,589 INFO o.a.j.t.JMeterThread: Thread is done: Ticket intake 1-345
2026-10-09 07:07:49,589 INFO o.a.j.t.JMeterThread: Thread finished: Ticket intake 1-345
2026-10-09 07:07:51,188 INFO o.a.j.t.JMeterThread: Thread started: Ticket intake 1-375
2026-10-09 07:07:55,136 INFO o.a.j.t.JMeterThread: Thread is done: Ticket intake 1-346
2026-10-09 07:07:55,136 INFO o.a.j.t.JMeterThread: Thread finished: Ticket intake 1-346
2026-10-09 07:07:56,443 INFO o.a.j.t.JMeterThread: Thread started: Ticket intake 1-376
2026-10-09 07:07:57,344 INFO o.a.j.t.JMeterThread: Thread started: Ticket intake 1-377
2026-10-09 07:07:59,010 INFO o.a.j.t.JMeterThread: Thread is done: Ticket intake 1-347
2026-10-09 07:07:59,010 INFO o.a.j.t.JMeterThread: Thread finished: Ticket intake 1-347
2026-10-09 07:08:02,491 INFO o.a.j.r.Summariser: summary +      6 in 00:00:31 =    0.2/s Avg: 144842 Min: 139563 Max: 150510 Err:     0 (0.00%) Active: 30 Started: 377 Finished: 347
2026-10-09 07:08:02,492 INFO o.a.j.r.Summariser: summary =    348 in 00:39:29 =    0.1/s Avg: 26728 Min:  3390 Max: 150510 Err:     0 (0.00%)
2026-10-09 07:08:02,492 INFO o.a.j.t.JMeterThread: Thread is done: Ticket intake 1-348
2026-10-09 07:08:02,492 INFO o.a.j.t.JMeterThread: Thread finished: Ticket intake 1-348
2026-10-09 07:08:04,071 INFO o.a.j.t.JMeterThread: Thread started: Ticket intake 1-378
2026-10-09 07:08:08,533 INFO o.a.j.t.JMeterThread: Thread is done: Ticket intake 1-349
2026-10-09 07:08:08,533 INFO o.a.j.t.JMeterThread: Thread finished: Ticket intake 1-349
2026-10-09 07:08:10,671 INFO o.a.j.t.JMeterThread: Thread started: Ticket intake 1-379
2026-10-09 07:08:13,345 INFO o.a.j.t.JMeterThread: Thread is done: Ticket intake 1-350
2026-10-09 07:08:13,345 INFO o.a.j.t.JMeterThread: Thread finished: Ticket intake 1-350
2026-10-09 07:08:18,669 INFO o.a.j.t.JMeterThread: Thread is done: Ticket intake 1-351
2026-10-09 07:08:18,669 INFO o.a.j.t.JMeterThread: Thread finished: Ticket intake 1-351
2026-10-09 07:08:24,209 INFO o.a.j.t.JMeterThread: Thread is done: Ticket intake 1-352
2026-10-09 07:08:24,209 INFO o.a.j.t.JMeterThread: Thread finished: Ticket intake 1-352
2026-10-09 07:08:28,703 INFO o.a.j.t.JMeterThread: Thread is done: Ticket intake 1-353
2026-10-09 07:08:28,703 INFO o.a.j.t.JMeterThread: Thread finished: Ticket intake 1-353
2026-10-09 07:08:31,331 INFO o.a.j.t.JMeterThread: Thread started: Ticket intake 1-380
2026-10-09 07:08:32,355 INFO o.a.j.t.JMeterThread: Thread started: Ticket intake 1-381
2026-10-09 07:08:33,849 INFO o.a.j.r.Summariser: summary +      6 in 00:00:31 =    0.2/s Avg: 148021 Min: 142681 Max: 155916 Err:     0 (0.00%) Active: 28 Started: 381 Finished: 353
2026-10-09 07:08:33,850 INFO o.a.j.r.Summariser: summary =    354 in 00:40:01 =    0.1/s Avg: 28784 Min:  3390 Max: 155916 Err:     0 (0.00%)
2026-10-09 07:08:33,850 INFO o.a.j.t.JMeterThread: Thread is done: Ticket intake 1-354
2026-10-09 07:08:33,850 INFO o.a.j.t.JMeterThread: Thread finished: Ticket intake 1-354
2026-10-09 07:08:37,905 INFO o.a.j.t.JMeterThread: Thread started: Ticket intake 1-382
2026-10-09 07:08:38,430 INFO o.a.j.t.JMeterThread: Thread is done: Ticket intake 1-355
2026-10-09 07:08:38,431 INFO o.a.j.t.JMeterThread: Thread finished: Ticket intake 1-355
2026-10-09 07:08:43,140 INFO o.a.j.t.JMeterThread: Thread is done: Ticket intake 1-356
2026-10-09 07:08:43,140 INFO o.a.j.t.JMeterThread: Thread finished: Ticket intake 1-356
2026-10-09 07:08:46,623 INFO o.a.j.t.JMeterThread: Thread is done: Ticket intake 1-357
2026-10-09 07:08:46,623 INFO o.a.j.t.JMeterThread: Thread finished: Ticket intake 1-357
2026-10-09 07:08:51,177 INFO o.a.j.t.JMeterThread: Thread started: Ticket intake 1-383
2026-10-09 07:08:51,948 INFO o.a.j.t.JMeterThread: Thread is done: Ticket intake 1-358
2026-10-09 07:08:51,948 INFO o.a.j.t.JMeterThread: Thread finished: Ticket intake 1-358
2026-10-09 07:08:56,656 INFO o.a.j.t.JMeterThread: Thread is done: Ticket intake 1-359
2026-10-09 07:08:56,656 INFO o.a.j.t.JMeterThread: Thread finished: Ticket intake 1-359
2026-10-09 07:08:57,036 INFO o.a.j.t.JMeterThread: Thread started: Ticket intake 1-384
2026-10-09 07:08:59,545 INFO o.a.j.t.JMeterThread: Thread started: Ticket intake 1-385
2026-10-09 07:09:02,288 INFO o.a.j.r.Summariser: summary +      6 in 00:00:28 =    0.2/s Avg: 159929 Min: 155099 Max: 164536 Err:     0 (0.00%) Active: 26 Started: 385 Finished: 359
2026-10-09 07:09:02,288 INFO o.a.j.r.Summariser: summary =    360 in 00:40:29 =    0.1/s Avg: 30970 Min:  3390 Max: 164536 Err:     0 (0.00%)
2026-10-09 07:09:02,288 INFO o.a.j.t.JMeterThread: Thread is done: Ticket intake 1-360
2026-10-09 07:09:02,288 INFO o.a.j.t.JMeterThread: Thread finished: Ticket intake 1-360
2026-10-09 07:09:05,666 INFO o.a.j.t.JMeterThread: Thread is done: Ticket intake 1-361
2026-10-09 07:09:05,666 INFO o.a.j.t.JMeterThread: Thread finished: Ticket intake 1-361
2026-10-09 07:09:08,893 INFO o.a.j.t.JMeterThread: Thread started: Ticket intake 1-386
2026-10-09 07:09:12,811 INFO o.a.j.t.JMeterThread: Thread is done: Ticket intake 1-362
2026-10-09 07:09:12,811 INFO o.a.j.t.JMeterThread: Thread finished: Ticket intake 1-362
2026-10-09 07:09:14,605 INFO o.a.j.t.JMeterThread: Thread started: Ticket intake 1-387
2026-10-09 07:09:18,387 INFO o.a.j.t.JMeterThread: Thread started: Ticket intake 1-388
2026-10-09 07:09:18,982 INFO o.a.j.t.JMeterThread: Thread is done: Ticket intake 1-363
2026-10-09 07:09:18,982 INFO o.a.j.t.JMeterThread: Thread finished: Ticket intake 1-363
2026-10-09 07:09:21,184 INFO o.a.j.t.JMeterThread: Thread started: Ticket intake 1-389
2026-10-09 07:09:23,585 INFO o.a.j.t.JMeterThread: Thread is done: Ticket intake 1-364
2026-10-09 07:09:23,585 INFO o.a.j.t.JMeterThread: Thread finished: Ticket intake 1-364
2026-10-09 07:09:25,044 INFO o.a.j.t.JMeterThread: Thread started: Ticket intake 1-390
2026-10-09 07:09:27,568 INFO o.a.j.t.JMeterThread: Thread started: Ticket intake 1-391
2026-10-09 07:09:29,454 INFO o.a.j.t.JMeterThread: Thread started: Ticket intake 1-392
2026-10-09 07:09:30,545 INFO o.a.j.t.JMeterThread: Thread started: Ticket intake 1-393
2026-10-09 07:09:31,572 INFO o.a.j.r.Summariser: summary +      5 in 00:00:29 =    0.2/s Avg: 163240 Min: 160181 Max: 165731 Err:     0 (0.00%) Active: 29 Started: 393 Finished: 364
2026-10-09 07:09:31,573 INFO o.a.j.r.Summariser: summary =    365 in 00:40:58 =    0.1/s Avg: 32782 Min:  3390 Max: 165731 Err:     0 (0.00%)
2026-10-09 07:09:31,573 INFO o.a.j.t.JMeterThread: Thread is done: Ticket intake 1-365
2026-10-09 07:09:31,573 INFO o.a.j.t.JMeterThread: Thread finished: Ticket intake 1-365
2026-10-09 07:09:35,424 INFO o.a.j.t.JMeterThread: Thread started: Ticket intake 1-394
2026-10-09 07:09:36,804 INFO o.a.j.t.JMeterThread: Thread started: Ticket intake 1-395
2026-10-09 07:09:36,998 INFO o.a.j.t.JMeterThread: Thread is done: Ticket intake 1-366
2026-10-09 07:09:36,999 INFO o.a.j.t.JMeterThread: Thread finished: Ticket intake 1-366
2026-10-09 07:09:41,168 INFO o.a.j.t.JMeterThread: Thread started: Ticket intake 1-396
2026-10-09 07:09:42,324 INFO o.a.j.t.JMeterThread: Thread started: Ticket intake 1-397
2026-10-09 07:09:42,425 INFO o.a.j.t.JMeterThread: Thread is done: Ticket intake 1-367
2026-10-09 07:09:42,425 INFO o.a.j.t.JMeterThread: Thread finished: Ticket intake 1-367
2026-10-09 07:09:48,569 INFO o.a.j.t.JMeterThread: Thread is done: Ticket intake 1-368
2026-10-09 07:09:48,569 INFO o.a.j.t.JMeterThread: Thread finished: Ticket intake 1-368
2026-10-09 07:09:52,221 INFO o.a.j.t.JMeterThread: Thread started: Ticket intake 1-398
2026-10-09 07:09:55,071 INFO o.a.j.t.JMeterThread: Thread started: Ticket intake 1-399
2026-10-09 07:09:55,429 INFO o.a.j.t.JMeterThread: Thread is done: Ticket intake 1-369
2026-10-09 07:09:55,429 INFO o.a.j.t.JMeterThread: Thread finished: Ticket intake 1-369
2026-10-09 07:09:58,730 INFO o.a.j.t.JMeterThread: Thread started: Ticket intake 1-400
2026-10-09 07:09:58,946 INFO o.a.j.t.JMeterThread: Thread started: Ticket intake 1-401
2026-10-09 07:10:01,278 INFO o.a.j.t.JMeterThread: Thread started: Ticket intake 1-402
2026-10-09 07:10:03,006 INFO o.a.j.r.Summariser: summary +      5 in 00:00:31 =    0.2/s Avg: 163326 Min: 158924 Max: 170522 Err:     0 (0.00%) Active: 33 Started: 402 Finished: 369
2026-10-09 07:10:03,006 INFO o.a.j.r.Summariser: summary =    370 in 00:41:30 =    0.1/s Avg: 34546 Min:  3390 Max: 170522 Err:     0 (0.00%)
2026-10-09 07:10:03,006 INFO o.a.j.t.JMeterThread: Thread is done: Ticket intake 1-370
2026-10-09 07:10:03,006 INFO o.a.j.t.JMeterThread: Thread finished: Ticket intake 1-370
2026-10-09 07:10:06,384 INFO o.a.j.t.JMeterThread: Thread is done: Ticket intake 1-371
2026-10-09 07:10:06,384 INFO o.a.j.t.JMeterThread: Thread finished: Ticket intake 1-371
2026-10-09 07:10:11,504 INFO o.a.j.t.JMeterThread: Thread is done: Ticket intake 1-372
2026-10-09 07:10:11,504 INFO o.a.j.t.JMeterThread: Thread finished: Ticket intake 1-372
2026-10-09 07:10:17,340 INFO o.a.j.t.JMeterThread: Thread is done: Ticket intake 1-373
2026-10-09 07:10:17,340 INFO o.a.j.t.JMeterThread: Thread finished: Ticket intake 1-373
2026-10-09 07:10:17,678 INFO o.a.j.t.JMeterThread: Thread started: Ticket intake 1-403
2026-10-09 07:10:19,179 INFO o.a.j.t.JMeterThread: Thread started: Ticket intake 1-404
2026-10-09 07:10:19,525 INFO o.a.j.t.JMeterThread: Thread started: Ticket intake 1-405
2026-10-09 07:10:20,798 INFO o.a.j.t.JMeterThread: Thread started: Ticket intake 1-406
2026-10-09 07:10:22,563 INFO o.a.j.t.JMeterThread: Thread is done: Ticket intake 1-374
2026-10-09 07:10:22,563 INFO o.a.j.t.JMeterThread: Thread finished: Ticket intake 1-374
2026-10-09 07:10:22,591 INFO o.a.j.t.JMeterThread: Thread started: Ticket intake 1-407
2026-10-09 07:10:25,881 INFO o.a.j.t.JMeterThread: Thread started: Ticket intake 1-408
2026-10-09 07:10:29,423 INFO o.a.j.t.JMeterThread: Thread is done: Ticket intake 1-375
2026-10-09 07:10:29,423 INFO o.a.j.t.JMeterThread: Thread finished: Ticket intake 1-375
2026-10-09 07:10:32,636 INFO o.a.j.t.JMeterThread: Thread started: Ticket intake 1-409
2026-10-09 07:10:33,632 INFO o.a.j.r.Summariser: summary +      6 in 00:00:31 =    0.2/s Avg: 162402 Min: 157202 Max: 169474 Err:     0 (0.00%) Active: 34 Started: 409 Finished: 375
2026-10-09 07:10:33,632 INFO o.a.j.r.Summariser: summary =    376 in 00:42:00 =    0.1/s Avg: 36586 Min:  3390 Max: 170522 Err:     0 (0.00%)
2026-10-09 07:10:33,632 INFO o.a.j.t.JMeterThread: Thread is done: Ticket intake 1-376
2026-10-09 07:10:33,632 INFO o.a.j.t.JMeterThread: Thread finished: Ticket intake 1-376
2026-10-09 07:10:33,932 INFO o.a.j.t.JMeterThread: Thread started: Ticket intake 1-410
2026-10-09 07:10:35,778 INFO o.a.j.t.JMeterThread: Thread started: Ticket intake 1-411
2026-10-09 07:10:37,920 INFO o.a.j.t.JMeterThread: Thread started: Ticket intake 1-412
2026-10-09 07:10:38,433 INFO o.a.j.t.JMeterThread: Thread is done: Ticket intake 1-377
2026-10-09 07:10:38,433 INFO o.a.j.t.JMeterThread: Thread finished: Ticket intake 1-377
2026-10-09 07:10:42,529 INFO o.a.j.t.JMeterThread: Thread is done: Ticket intake 1-378
2026-10-09 07:10:42,529 INFO o.a.j.t.JMeterThread: Thread finished: Ticket intake 1-378
2026-10-09 07:10:47,393 INFO o.a.j.t.JMeterThread: Thread started: Ticket intake 1-413
2026-10-09 07:10:47,639 INFO o.a.j.t.JMeterThread: Thread started: Ticket intake 1-414
2026-10-09 07:10:49,491 INFO o.a.j.t.JMeterThread: Thread is done: Ticket intake 1-379
2026-10-09 07:10:49,491 INFO o.a.j.t.JMeterThread: Thread finished: Ticket intake 1-379
2026-10-09 07:10:55,839 INFO o.a.j.t.JMeterThread: Thread is done: Ticket intake 1-380
2026-10-09 07:10:55,839 INFO o.a.j.t.JMeterThread: Thread finished: Ticket intake 1-380
2026-10-09 07:10:59,650 INFO o.a.j.t.JMeterThread: Thread started: Ticket intake 1-415
2026-10-09 07:11:00,027 INFO o.a.j.t.JMeterThread: Thread started: Ticket intake 1-416
2026-10-09 07:11:00,371 INFO o.a.j.r.Summariser: summary +      5 in 00:00:27 =    0.2/s Avg: 154192 Min: 144520 Max: 161104 Err:     0 (0.00%) Active: 36 Started: 416 Finished: 380
2026-10-09 07:11:00,371 INFO o.a.j.r.Summariser: summary =    381 in 00:42:27 =    0.1/s Avg: 38129 Min:  3390 Max: 170522 Err:     0 (0.00%)
2026-10-09 07:11:00,371 INFO o.a.j.t.JMeterThread: Thread is done: Ticket intake 1-381
2026-10-09 07:11:00,371 INFO o.a.j.t.JMeterThread: Thread finished: Ticket intake 1-381
2026-10-09 07:11:03,929 INFO o.a.j.t.JMeterThread: Thread is done: Ticket intake 1-382
2026-10-09 07:11:03,929 INFO o.a.j.t.JMeterThread: Thread finished: Ticket intake 1-382
2026-10-09 07:11:05,617 INFO o.a.j.t.JMeterThread: Thread started: Ticket intake 1-417
2026-10-09 07:11:09,253 INFO o.a.j.t.JMeterThread: Thread is done: Ticket intake 1-383
2026-10-09 07:11:09,253 INFO o.a.j.t.JMeterThread: Thread finished: Ticket intake 1-383
2026-10-09 07:11:09,254 INFO o.a.j.t.JMeterThread: Thread started: Ticket intake 1-418
2026-10-09 07:11:11,083 INFO o.a.j.t.JMeterThread: Thread started: Ticket intake 1-419
2026-10-09 07:11:12,650 INFO o.a.j.t.JMeterThread: Thread is done: Ticket intake 1-384
2026-10-09 07:11:12,650 INFO o.a.j.t.JMeterThread: Thread finished: Ticket intake 1-384
2026-10-09 07:11:13,194 INFO o.a.j.t.JMeterThread: Thread started: Ticket intake 1-420
2026-10-09 07:11:18,366 INFO o.a.j.t.JMeterThread: Thread is done: Ticket intake 1-385
2026-10-09 07:11:18,367 INFO o.a.j.t.JMeterThread: Thread finished: Ticket intake 1-385
2026-10-09 07:11:21,823 INFO o.a.j.t.JMeterThread: Thread is done: Ticket intake 1-386
2026-10-09 07:11:21,823 INFO o.a.j.t.JMeterThread: Thread finished: Ticket intake 1-386
2026-10-09 07:11:27,991 INFO o.a.j.t.JMeterThread: Thread is done: Ticket intake 1-387
2026-10-09 07:11:27,991 INFO o.a.j.t.JMeterThread: Thread finished: Ticket intake 1-387
2026-10-09 07:11:31,983 INFO o.a.j.r.Summariser: summary +      7 in 00:00:32 =    0.2/s Avg: 136933 Min: 132942 Max: 146037 Err:     0 (0.00%) Active: 33 Started: 420 Finished: 387
2026-10-09 07:11:31,983 INFO o.a.j.r.Summariser: summary =    388 in 00:42:59 =    0.2/s Avg: 39912 Min:  3390 Max: 170522 Err:     0 (0.00%)
2026-10-09 07:11:31,984 INFO o.a.j.t.JMeterThread: Thread is done: Ticket intake 1-388
2026-10-09 07:11:31,984 INFO o.a.j.t.JMeterThread: Thread finished: Ticket intake 1-388
2026-10-09 07:11:39,971 INFO o.a.j.t.JMeterThread: Thread is done: Ticket intake 1-389
2026-10-09 07:11:39,971 INFO o.a.j.t.JMeterThread: Thread finished: Ticket intake 1-389
2026-10-09 07:11:40,821 INFO o.a.j.t.JMeterThread: Thread started: Ticket intake 1-421
2026-10-09 07:11:43,358 INFO o.a.j.t.JMeterThread: Thread started: Ticket intake 1-422
2026-10-09 07:11:45,294 INFO o.a.j.t.JMeterThread: Thread is done: Ticket intake 1-390
2026-10-09 07:11:45,295 INFO o.a.j.t.JMeterThread: Thread finished: Ticket intake 1-390
2026-10-09 07:11:47,712 INFO o.a.j.t.JMeterThread: Thread started: Ticket intake 1-423
2026-10-09 07:11:47,754 INFO o.a.j.t.JMeterThread: Thread started: Ticket intake 1-424
2026-10-09 07:11:50,916 INFO o.a.j.t.JMeterThread: Thread started: Ticket intake 1-425
2026-10-09 07:11:51,233 INFO o.a.j.t.JMeterThread: Thread is done: Ticket intake 1-391
2026-10-09 07:11:51,233 INFO o.a.j.t.JMeterThread: Thread finished: Ticket intake 1-391
2026-10-09 07:11:56,251 INFO o.a.j.t.JMeterThread: Thread is done: Ticket intake 1-392
2026-10-09 07:11:56,251 INFO o.a.j.t.JMeterThread: Thread finished: Ticket intake 1-392
2026-10-09 07:11:58,278 INFO o.a.j.t.JMeterThread: Thread started: Ticket intake 1-426
2026-10-09 07:12:01,166 INFO o.a.j.r.Summariser: summary +      5 in 00:00:29 =    0.2/s Avg: 144037 Min: 138800 Max: 150635 Err:     0 (0.00%) Active: 34 Started: 426 Finished: 392
2026-10-09 07:12:01,167 INFO o.a.j.r.Summariser: summary =    393 in 00:43:28 =    0.2/s Avg: 41237 Min:  3390 Max: 170522 Err:     0 (0.00%)
2026-10-09 07:12:01,167 INFO o.a.j.t.JMeterThread: Thread is done: Ticket intake 1-393
2026-10-09 07:12:01,167 INFO o.a.j.t.JMeterThread: Thread finished: Ticket intake 1-393
2026-10-09 07:12:05,977 INFO o.a.j.t.JMeterThread: Thread is done: Ticket intake 1-394
2026-10-09 07:12:05,977 INFO o.a.j.t.JMeterThread: Thread finished: Ticket intake 1-394
2026-10-09 07:12:09,219 INFO o.a.j.t.JMeterThread: Thread started: Ticket intake 1-427
2026-10-09 07:12:10,615 INFO o.a.j.t.JMeterThread: Thread started: Ticket intake 1-428
2026-10-09 07:12:11,302 INFO o.a.j.t.JMeterThread: Thread is done: Ticket intake 1-395
2026-10-09 07:12:11,302 INFO o.a.j.t.JMeterThread: Thread finished: Ticket intake 1-395
2026-10-09 07:12:12,501 INFO o.a.j.t.JMeterThread: Thread started: Ticket intake 1-429
2026-10-09 07:12:13,446 INFO o.a.j.t.JMeterThread: Thread started: Ticket intake 1-430
2026-10-09 07:12:14,759 INFO o.a.j.t.JMeterThread: Thread started: Ticket intake 1-431
2026-10-09 07:12:16,369 INFO o.a.j.t.JMeterThread: Thread started: Ticket intake 1-432
2026-10-09 07:12:17,433 INFO o.a.j.t.JMeterThread: Thread started: Ticket intake 1-433
2026-10-09 07:12:19,493 INFO o.a.j.t.JMeterThread: Thread is done: Ticket intake 1-396
2026-10-09 07:12:19,493 INFO o.a.j.t.JMeterThread: Thread finished: Ticket intake 1-396
2026-10-09 07:12:25,431 INFO o.a.j.t.JMeterThread: Thread is done: Ticket intake 1-397
2026-10-09 07:12:25,432 INFO o.a.j.t.JMeterThread: Thread finished: Ticket intake 1-397
2026-10-09 07:12:29,733 INFO o.a.j.t.JMeterThread: Thread is done: Ticket intake 1-398
2026-10-09 07:12:29,733 INFO o.a.j.t.JMeterThread: Thread finished: Ticket intake 1-398
2026-10-09 07:12:33,821 INFO o.a.j.r.Summariser: summary +      6 in 00:00:33 =    0.2/s Avg: 157139 Min: 150568 Max: 163123 Err:     0 (0.00%) Active: 35 Started: 433 Finished: 398
2026-10-09 07:12:33,821 INFO o.a.j.r.Summariser: summary =    399 in 00:44:01 =    0.2/s Avg: 42979 Min:  3390 Max: 170522 Err:     0 (0.00%)
2026-10-09 07:12:33,821 INFO o.a.j.t.JMeterThread: Thread is done: Ticket intake 1-399
2026-10-09 07:12:33,822 INFO o.a.j.t.JMeterThread: Thread finished: Ticket intake 1-399
2026-10-09 07:12:34,827 INFO o.a.j.t.JMeterThread: Thread started: Ticket intake 1-434
2026-10-09 07:12:35,485 INFO o.a.j.t.JMeterThread: Thread started: Ticket intake 1-435
2026-10-09 07:12:38,038 INFO o.a.j.t.JMeterThread: Thread started: Ticket intake 1-436
2026-10-09 07:12:38,159 INFO o.a.j.t.JMeterThread: Thread started: Ticket intake 1-437
2026-10-09 07:12:39,591 INFO o.a.j.t.JMeterThread: Thread started: Ticket intake 1-438
2026-10-09 07:12:40,566 INFO o.a.j.t.JMeterThread: Thread started: Ticket intake 1-439
2026-10-09 07:12:41,923 INFO o.a.j.t.JMeterThread: Thread is done: Ticket intake 1-400
2026-10-09 07:12:41,923 INFO o.a.j.t.JMeterThread: Thread finished: Ticket intake 1-400
2026-10-09 07:12:42,300 INFO o.a.j.t.JMeterThread: Thread started: Ticket intake 1-440
2026-10-09 07:12:44,158 INFO o.a.j.t.JMeterThread: Thread started: Ticket intake 1-441
2026-10-09 07:12:45,067 INFO o.a.j.t.JMeterThread: Thread started: Ticket intake 1-442
2026-10-09 07:12:47,242 INFO o.a.j.t.JMeterThread: Thread is done: Ticket intake 1-401
2026-10-09 07:12:47,242 INFO o.a.j.t.JMeterThread: Thread finished: Ticket intake 1-401
2026-10-09 07:12:51,986 INFO o.a.j.t.JMeterThread: Thread started: Ticket intake 1-443
2026-10-09 07:12:56,354 INFO o.a.j.t.JMeterThread: Thread is done: Ticket intake 1-402
2026-10-09 07:12:56,354 INFO o.a.j.t.JMeterThread: Thread finished: Ticket intake 1-402
2026-10-09 07:12:56,446 INFO o.a.j.t.JMeterThread: Thread started: Ticket intake 1-444
2026-10-09 07:12:58,588 INFO o.a.j.t.JMeterThread: Thread started: Ticket intake 1-445
2026-10-09 07:13:01,680 INFO o.a.j.r.Summariser: summary +      4 in 00:00:28 =    0.1/s Avg: 167657 Min: 163208 Max: 175093 Err:     0 (0.00%) Active: 43 Started: 445 Finished: 402
2026-10-09 07:13:01,680 INFO o.a.j.r.Summariser: summary =    403 in 00:44:28 =    0.2/s Avg: 44217 Min:  3390 Max: 175093 Err:     0 (0.00%)
2026-10-09 07:13:01,680 INFO o.a.j.t.JMeterThread: Thread is done: Ticket intake 1-403
2026-10-09 07:13:01,680 INFO o.a.j.t.JMeterThread: Thread finished: Ticket intake 1-403
2026-10-09 07:13:02,879 INFO o.a.j.t.JMeterThread: Thread started: Ticket intake 1-446
2026-10-09 07:13:04,802 INFO o.a.j.t.JMeterThread: Thread started: Ticket intake 1-447
2026-10-09 07:13:06,697 INFO o.a.j.t.JMeterThread: Thread is done: Ticket intake 1-404
2026-10-09 07:13:06,697 INFO o.a.j.t.JMeterThread: Thread finished: Ticket intake 1-404
2026-10-09 07:13:10,689 INFO o.a.j.t.JMeterThread: Thread is done: Ticket intake 1-405
2026-10-09 07:13:10,689 INFO o.a.j.t.JMeterThread: Thread finished: Ticket intake 1-405
2026-10-09 07:13:14,507 INFO o.a.j.t.JMeterThread: Thread is done: Ticket intake 1-406
2026-10-09 07:13:14,507 INFO o.a.j.t.JMeterThread: Thread finished: Ticket intake 1-406
2026-10-09 07:13:22,362 INFO o.a.j.t.JMeterThread: Thread is done: Ticket intake 1-407
2026-10-09 07:13:22,362 INFO o.a.j.t.JMeterThread: Thread finished: Ticket intake 1-407
2026-10-09 07:13:23,845 INFO o.a.j.t.JMeterThread: Thread started: Ticket intake 1-448
2026-10-09 07:13:26,212 INFO o.a.j.t.JMeterThread: Thread started: Ticket intake 1-449
2026-10-09 07:13:26,490 INFO o.a.j.t.JMeterThread: Thread started: Ticket intake 1-450
2026-10-09 07:13:26,490 INFO o.a.j.t.o.PoissonArrivalsRamp: Generating 250 events, beginRate = 0.2777777777777778 / sec, endRate = 0.2777777777777778 / sec, duration = 900.0 sec
2026-10-09 07:13:27,788 INFO o.a.j.t.JMeterThread: Thread is done: Ticket intake 1-408
2026-10-09 07:13:27,789 INFO o.a.j.t.JMeterThread: Thread finished: Ticket intake 1-408
2026-10-09 07:13:34,323 INFO o.a.j.t.JMeterThread: Thread started: Ticket intake 1-451
2026-10-09 07:13:34,752 INFO o.a.j.r.Summariser: summary +      6 in 00:00:33 =    0.2/s Avg: 176047 Min: 167535 Max: 182133 Err:     0 (0.00%) Active: 43 Started: 451 Finished: 408
2026-10-09 07:13:34,753 INFO o.a.j.r.Summariser: summary =    409 in 00:45:01 =    0.2/s Avg: 46151 Min:  3390 Max: 182133 Err:     0 (0.00%)
2026-10-09 07:13:34,753 INFO o.a.j.t.JMeterThread: Thread is done: Ticket intake 1-409
2026-10-09 07:13:34,753 INFO o.a.j.t.JMeterThread: Thread finished: Ticket intake 1-409
2026-10-09 07:13:36,518 INFO o.a.j.t.JMeterThread: Thread started: Ticket intake 1-452
2026-10-09 07:13:39,359 INFO o.a.j.t.JMeterThread: Thread is done: Ticket intake 1-410
2026-10-09 07:13:39,359 INFO o.a.j.t.JMeterThread: Thread finished: Ticket intake 1-410
2026-10-09 07:13:44,377 INFO o.a.j.t.JMeterThread: Thread is done: Ticket intake 1-411
2026-10-09 07:13:44,377 INFO o.a.j.t.JMeterThread: Thread finished: Ticket intake 1-411
2026-10-09 07:13:49,701 INFO o.a.j.t.JMeterThread: Thread is done: Ticket intake 1-412
2026-10-09 07:13:49,701 INFO o.a.j.t.JMeterThread: Thread finished: Ticket intake 1-412
2026-10-09 07:13:53,659 INFO o.a.j.t.JMeterThread: Thread started: Ticket intake 1-453
2026-10-09 07:13:56,446 INFO o.a.j.t.JMeterThread: Thread started: Ticket intake 1-454
2026-10-09 07:13:57,073 INFO o.a.j.t.JMeterThread: Thread is done: Ticket intake 1-413
2026-10-09 07:13:57,073 INFO o.a.j.t.JMeterThread: Thread finished: Ticket intake 1-413
2026-10-09 07:13:58,952 INFO o.a.j.t.JMeterThread: Thread started: Ticket intake 1-455
2026-10-09 07:13:59,216 INFO o.a.j.t.JMeterThread: Thread started: Ticket intake 1-456
2026-10-09 07:14:01,920 INFO o.a.j.t.JMeterThread: Thread started: Ticket intake 1-457
2026-10-09 07:14:03,730 INFO o.a.j.r.Summariser: summary +      5 in 00:00:29 =    0.2/s Avg: 190333 Min: 185444 Max: 196109 Err:     0 (0.00%) Active: 44 Started: 457 Finished: 413
2026-10-09 07:14:03,730 INFO o.a.j.r.Summariser: summary =    414 in 00:45:30 =    0.2/s Avg: 47892 Min:  3390 Max: 196109 Err:     0 (0.00%)
2026-10-09 07:14:03,731 INFO o.a.j.t.JMeterThread: Thread is done: Ticket intake 1-414
2026-10-09 07:14:03,731 INFO o.a.j.t.JMeterThread: Thread finished: Ticket intake 1-414
2026-10-09 07:14:04,670 INFO o.a.j.t.JMeterThread: Thread started: Ticket intake 1-458
2026-10-09 07:14:07,062 INFO o.a.j.t.JMeterThread: Thread started: Ticket intake 1-459
2026-10-09 07:14:08,347 INFO o.a.j.t.JMeterThread: Thread started: Ticket intake 1-460
2026-10-09 07:14:10,143 INFO o.a.j.t.JMeterThread: Thread started: Ticket intake 1-461
2026-10-09 07:14:10,276 INFO o.a.j.t.JMeterThread: Thread started: Ticket intake 1-462
2026-10-09 07:14:10,868 INFO o.a.j.t.JMeterThread: Thread started: Ticket intake 1-463
2026-10-09 07:14:11,818 INFO o.a.j.t.JMeterThread: Thread is done: Ticket intake 1-415
2026-10-09 07:14:11,818 INFO o.a.j.t.JMeterThread: Thread finished: Ticket intake 1-415
2026-10-09 07:14:16,427 INFO o.a.j.t.JMeterThread: Thread is done: Ticket intake 1-416
2026-10-09 07:14:16,427 INFO o.a.j.t.JMeterThread: Thread finished: Ticket intake 1-416
2026-10-09 07:14:19,601 INFO o.a.j.t.JMeterThread: Thread is done: Ticket intake 1-417
2026-10-09 07:14:19,601 INFO o.a.j.t.JMeterThread: Thread finished: Ticket intake 1-417
2026-10-09 07:14:20,243 INFO o.a.j.t.JMeterThread: Thread started: Ticket intake 1-464
2026-10-09 07:14:20,928 INFO o.a.j.t.JMeterThread: Thread started: Ticket intake 1-465
2026-10-09 07:14:24,209 INFO o.a.j.t.JMeterThread: Thread is done: Ticket intake 1-418
2026-10-09 07:14:24,209 INFO o.a.j.t.JMeterThread: Thread finished: Ticket intake 1-418
2026-10-09 07:14:24,436 INFO o.a.j.t.JMeterThread: Thread started: Ticket intake 1-466
2026-10-09 07:14:28,307 INFO o.a.j.t.JMeterThread: Thread started: Ticket intake 1-467
2026-10-09 07:14:28,816 INFO o.a.j.t.JMeterThread: Thread is done: Ticket intake 1-419
2026-10-09 07:14:28,816 INFO o.a.j.t.JMeterThread: Thread finished: Ticket intake 1-419
2026-10-09 07:14:30,545 INFO o.a.j.t.JMeterThread: Thread started: Ticket intake 1-468
2026-10-09 07:14:30,644 INFO o.a.j.t.JMeterThread: Thread started: Ticket intake 1-469
2026-10-09 07:14:32,611 INFO o.a.j.t.JMeterThread: Thread started: Ticket intake 1-470
2026-10-09 07:14:33,666 INFO o.a.j.t.JMeterThread: Thread started: Ticket intake 1-471
2026-10-09 07:14:34,755 INFO o.a.j.r.Summariser: summary +      6 in 00:00:31 =    0.2/s Avg: 196150 Min: 192185 Max: 201578 Err:     0 (0.00%) Active: 52 Started: 471 Finished: 419
2026-10-09 07:14:34,755 INFO o.a.j.r.Summariser: summary =    420 in 00:46:01 =    0.2/s Avg: 50010 Min:  3390 Max: 201578 Err:     0 (0.00%)
2026-10-09 07:14:34,755 INFO o.a.j.t.JMeterThread: Thread is done: Ticket intake 1-420
2026-10-09 07:14:34,755 INFO o.a.j.t.JMeterThread: Thread finished: Ticket intake 1-420
2026-10-09 07:14:36,378 INFO o.a.j.t.JMeterThread: Thread started: Ticket intake 1-472
2026-10-09 07:14:36,754 INFO o.a.j.t.JMeterThread: Thread started: Ticket intake 1-473
2026-10-09 07:14:40,622 INFO o.a.j.t.JMeterThread: Thread is done: Ticket intake 1-421
2026-10-09 07:14:40,623 INFO o.a.j.t.JMeterThread: Thread finished: Ticket intake 1-421
2026-10-09 07:14:43,191 INFO o.a.j.t.JMeterThread: Thread started: Ticket intake 1-474
2026-10-09 07:14:44,923 INFO o.a.j.t.JMeterThread: Thread is done: Ticket intake 1-422
2026-10-09 07:14:44,923 INFO o.a.j.t.JMeterThread: Thread finished: Ticket intake 1-422
2026-10-09 07:14:45,942 INFO o.a.j.t.JMeterThread: Thread started: Ticket intake 1-475
2026-10-09 07:14:49,688 INFO o.a.j.t.JMeterThread: Thread is done: Ticket intake 1-423
2026-10-09 07:14:49,688 INFO o.a.j.t.JMeterThread: Thread finished: Ticket intake 1-423
2026-10-09 07:14:49,887 INFO o.a.j.t.JMeterThread: Thread started: Ticket intake 1-476
2026-10-09 07:14:52,052 INFO o.a.j.t.JMeterThread: Thread started: Ticket intake 1-477
2026-10-09 07:14:54,137 INFO o.a.j.t.JMeterThread: Thread started: Ticket intake 1-478
2026-10-09 07:14:55,626 INFO o.a.j.t.JMeterThread: Thread is done: Ticket intake 1-424
2026-10-09 07:14:55,626 INFO o.a.j.t.JMeterThread: Thread finished: Ticket intake 1-424
2026-10-09 07:15:00,990 INFO o.a.j.t.JMeterThread: Thread started: Ticket intake 1-479
2026-10-09 07:15:01,868 INFO o.a.j.r.Summariser: summary +      5 in 00:00:27 =    0.2/s Avg: 184448 Min: 179817 Max: 190966 Err:     0 (0.00%) Active: 55 Started: 479 Finished: 424
2026-10-09 07:15:01,868 INFO o.a.j.r.Summariser: summary =    425 in 00:46:29 =    0.2/s Avg: 51592 Min:  3390 Max: 201578 Err:     0 (0.00%)
2026-10-09 07:15:01,869 INFO o.a.j.t.JMeterThread: Thread is done: Ticket intake 1-425
2026-10-09 07:15:01,869 INFO o.a.j.t.JMeterThread: Thread finished: Ticket intake 1-425
2026-10-09 07:15:08,347 INFO o.a.j.t.JMeterThread: Thread is done: Ticket intake 1-426
2026-10-09 07:15:08,347 INFO o.a.j.t.JMeterThread: Thread finished: Ticket intake 1-426
2026-10-09 07:15:15,712 INFO o.a.j.t.JMeterThread: Thread is done: Ticket intake 1-427
2026-10-09 07:15:15,713 INFO o.a.j.t.JMeterThread: Thread finished: Ticket intake 1-427
2026-10-09 07:15:15,713 INFO o.a.j.t.JMeterThread: Thread started: Ticket intake 1-480
2026-10-09 07:15:17,550 INFO o.a.j.t.JMeterThread: Thread started: Ticket intake 1-481
2026-10-09 07:15:20,670 INFO o.a.j.t.JMeterThread: Thread started: Ticket intake 1-482
2026-10-09 07:15:20,699 INFO o.a.j.t.JMeterThread: Thread started: Ticket intake 1-483
2026-10-09 07:15:21,242 INFO o.a.j.t.JMeterThread: Thread is done: Ticket intake 1-428
2026-10-09 07:15:21,242 INFO o.a.j.t.JMeterThread: Thread finished: Ticket intake 1-428
2026-10-09 07:15:23,555 INFO o.a.j.t.JMeterThread: Thread started: Ticket intake 1-484
2026-10-09 07:15:24,901 INFO o.a.j.t.JMeterThread: Thread started: Ticket intake 1-485
2026-10-09 07:15:25,338 INFO o.a.j.t.JMeterThread: Thread is done: Ticket intake 1-429
2026-10-09 07:15:25,338 INFO o.a.j.t.JMeterThread: Thread finished: Ticket intake 1-429
2026-10-09 07:15:25,969 INFO o.a.j.t.JMeterThread: Thread started: Ticket intake 1-486
2026-10-09 07:15:29,028 INFO o.a.j.t.JMeterThread: Thread started: Ticket intake 1-487
2026-10-09 07:15:30,191 INFO o.a.j.t.JMeterThread: Thread started: Ticket intake 1-488
2026-10-09 07:15:30,199 INFO o.a.j.r.Summariser: summary +      5 in 00:00:28 =    0.2/s Avg: 191370 Min: 186508 Max: 196768 Err:     0 (0.00%) Active: 59 Started: 488 Finished: 429
2026-10-09 07:15:30,200 INFO o.a.j.r.Summariser: summary =    430 in 00:46:57 =    0.2/s Avg: 53217 Min:  3390 Max: 201578 Err:     0 (0.00%)
2026-10-09 07:15:30,200 INFO o.a.j.t.JMeterThread: Thread is done: Ticket intake 1-430
2026-10-09 07:15:30,200 INFO o.a.j.t.JMeterThread: Thread finished: Ticket intake 1-430
2026-10-09 07:15:30,285 INFO o.a.j.t.JMeterThread: Thread started: Ticket intake 1-489
2026-10-09 07:15:32,730 INFO o.a.j.t.JMeterThread: Thread started: Ticket intake 1-490
2026-10-09 07:15:35,373 INFO o.a.j.t.JMeterThread: Thread is done: Ticket intake 1-431
2026-10-09 07:15:35,373 INFO o.a.j.t.JMeterThread: Thread finished: Ticket intake 1-431
2026-10-09 07:15:35,595 INFO o.a.j.t.JMeterThread: Thread started: Ticket intake 1-491
2026-10-09 07:15:40,390 INFO o.a.j.t.JMeterThread: Thread is done: Ticket intake 1-432
2026-10-09 07:15:40,390 INFO o.a.j.t.JMeterThread: Thread finished: Ticket intake 1-432
2026-10-09 07:15:46,383 INFO o.a.j.t.JMeterThread: Thread started: Ticket intake 1-492
2026-10-09 07:15:46,391 INFO o.a.j.t.JMeterThread: Thread is done: Ticket intake 1-433
2026-10-09 07:15:46,391 INFO o.a.j.t.JMeterThread: Thread finished: Ticket intake 1-433
2026-10-09 07:15:47,716 INFO o.a.j.t.JMeterThread: Thread started: Ticket intake 1-493
2026-10-09 07:15:50,990 INFO o.a.j.t.JMeterThread: Thread started: Ticket intake 1-494
2026-10-09 07:15:53,325 INFO o.a.j.t.JMeterThread: Thread is done: Ticket intake 1-434
2026-10-09 07:15:53,325 INFO o.a.j.t.JMeterThread: Thread finished: Ticket intake 1-434
2026-10-09 07:16:00,781 INFO o.a.j.r.Summariser: summary +      5 in 00:00:31 =    0.2/s Avg: 203492 Min: 198513 Max: 208972 Err:     0 (0.00%) Active: 60 Started: 494 Finished: 434
2026-10-09 07:16:00,781 INFO o.a.j.r.Summariser: summary =    435 in 00:47:27 =    0.2/s Avg: 54944 Min:  3390 Max: 208972 Err:     0 (0.00%)
2026-10-09 07:16:00,781 INFO o.a.j.t.JMeterThread: Thread is done: Ticket intake 1-435
2026-10-09 07:16:00,782 INFO o.a.j.t.JMeterThread: Thread finished: Ticket intake 1-435
2026-10-09 07:16:05,066 INFO o.a.j.t.JMeterThread: Thread is done: Ticket intake 1-436
2026-10-09 07:16:05,066 INFO o.a.j.t.JMeterThread: Thread finished: Ticket intake 1-436
2026-10-09 07:16:09,419 INFO o.a.j.t.JMeterThread: Thread started: Ticket intake 1-495
2026-10-09 07:16:09,626 INFO o.a.j.t.JMeterThread: Thread started: Ticket intake 1-496
2026-10-09 07:16:10,933 INFO o.a.j.t.JMeterThread: Thread is done: Ticket intake 1-437
2026-10-09 07:16:10,933 INFO o.a.j.t.JMeterThread: Thread finished: Ticket intake 1-437
2026-10-09 07:16:12,188 INFO o.a.j.t.JMeterThread: Thread started: Ticket intake 1-497
2026-10-09 07:16:13,786 INFO o.a.j.t.JMeterThread: Thread started: Ticket intake 1-498
2026-10-09 07:16:16,126 INFO o.a.j.t.JMeterThread: Thread started: Ticket intake 1-499
2026-10-09 07:16:17,363 INFO o.a.j.t.JMeterThread: Thread is done: Ticket intake 1-438
2026-10-09 07:16:17,363 INFO o.a.j.t.JMeterThread: Thread finished: Ticket intake 1-438
2026-10-09 07:16:18,592 INFO o.a.j.t.JMeterThread: Thread started: Ticket intake 1-500
2026-10-09 07:16:19,327 INFO o.a.j.t.JMeterThread: Thread started: Ticket intake 1-501
2026-10-09 07:16:19,473 INFO o.a.j.t.JMeterThread: Thread started: Ticket intake 1-502
2026-10-09 07:16:19,658 INFO o.a.j.t.JMeterThread: Thread started: Ticket intake 1-503
2026-10-09 07:16:20,733 INFO o.a.j.t.JMeterThread: Thread is done: Ticket intake 1-439
2026-10-09 07:16:20,733 INFO o.a.j.t.JMeterThread: Thread finished: Ticket intake 1-439
2026-10-09 07:16:25,708 INFO o.a.j.t.JMeterThread: Thread started: Ticket intake 1-504
2026-10-09 07:16:27,717 INFO o.a.j.t.JMeterThread: Thread started: Ticket intake 1-505
2026-10-09 07:16:27,814 INFO o.a.j.t.JMeterThread: Thread is done: Ticket intake 1-440
2026-10-09 07:16:27,814 INFO o.a.j.t.JMeterThread: Thread finished: Ticket intake 1-440
2026-10-09 07:16:33,743 INFO o.a.j.r.Summariser: summary +      6 in 00:00:33 =    0.2/s Avg: 218822 Min: 207043 Max: 229601 Err:     0 (0.00%) Active: 65 Started: 505 Finished: 440
2026-10-09 07:16:33,744 INFO o.a.j.r.Summariser: summary =    441 in 00:48:00 =    0.2/s Avg: 57174 Min:  3390 Max: 229601 Err:     0 (0.00%)
2026-10-09 07:16:33,744 INFO o.a.j.t.JMeterThread: Thread is done: Ticket intake 1-441
2026-10-09 07:16:33,744 INFO o.a.j.t.JMeterThread: Thread finished: Ticket intake 1-441
2026-10-09 07:16:38,038 INFO o.a.j.t.JMeterThread: Thread is done: Ticket intake 1-442
2026-10-09 07:16:38,038 INFO o.a.j.t.JMeterThread: Thread finished: Ticket intake 1-442
2026-10-09 07:16:42,646 INFO o.a.j.t.JMeterThread: Thread is done: Ticket intake 1-443
2026-10-09 07:16:42,646 INFO o.a.j.t.JMeterThread: Thread finished: Ticket intake 1-443
2026-10-09 07:16:43,110 INFO o.a.j.t.JMeterThread: Thread started: Ticket intake 1-506
2026-10-09 07:16:44,717 INFO o.a.j.t.JMeterThread: Thread started: Ticket intake 1-507
2026-10-09 07:16:45,076 INFO o.a.j.t.JMeterThread: Thread started: Ticket intake 1-508
2026-10-09 07:16:47,306 INFO o.a.j.t.JMeterThread: Thread started: Ticket intake 1-509
2026-10-09 07:16:48,789 INFO o.a.j.t.JMeterThread: Thread is done: Ticket intake 1-444
2026-10-09 07:16:48,789 INFO o.a.j.t.JMeterThread: Thread finished: Ticket intake 1-444
2026-10-09 07:16:56,162 INFO o.a.j.t.JMeterThread: Thread is done: Ticket intake 1-445
2026-10-09 07:16:56,162 INFO o.a.j.t.JMeterThread: Thread finished: Ticket intake 1-445
2026-10-09 07:17:02,645 INFO o.a.j.t.JMeterThread: Thread started: Ticket intake 1-510
2026-10-09 07:17:03,329 INFO o.a.j.r.Summariser: summary +      5 in 00:00:30 =    0.2/s Avg: 234816 Min: 230676 Max: 240466 Err:     0 (0.00%) Active: 65 Started: 510 Finished: 445
2026-10-09 07:17:03,329 INFO o.a.j.r.Summariser: summary =    446 in 00:48:30 =    0.2/s Avg: 59166 Min:  3390 Max: 240466 Err:     0 (0.00%)
2026-10-09 07:17:03,330 INFO o.a.j.t.JMeterThread: Thread is done: Ticket intake 1-446
2026-10-09 07:17:03,330 INFO o.a.j.t.JMeterThread: Thread finished: Ticket intake 1-446
2026-10-09 07:17:04,079 INFO o.a.j.t.JMeterThread: Thread started: Ticket intake 1-511
2026-10-09 07:17:05,453 INFO o.a.j.t.JMeterThread: Thread started: Ticket intake 1-512
2026-10-09 07:17:07,415 INFO o.a.j.t.JMeterThread: Thread started: Ticket intake 1-513
2026-10-09 07:17:08,654 INFO o.a.j.t.JMeterThread: Thread is done: Ticket intake 1-447
2026-10-09 07:17:08,654 INFO o.a.j.t.JMeterThread: Thread finished: Ticket intake 1-447
2026-10-09 07:17:09,705 INFO o.a.j.t.JMeterThread: Thread started: Ticket intake 1-514
2026-10-09 07:17:10,043 INFO o.a.j.t.JMeterThread: Thread started: Ticket intake 1-515
2026-10-09 07:17:12,852 INFO o.a.j.t.JMeterThread: Thread is done: Ticket intake 1-448
2026-10-09 07:17:12,852 INFO o.a.j.t.JMeterThread: Thread finished: Ticket intake 1-448
2026-10-09 07:17:15,212 INFO o.a.j.t.JMeterThread: Thread started: Ticket intake 1-516
2026-10-09 07:17:16,846 INFO o.a.j.t.JMeterThread: Thread is done: Ticket intake 1-449
2026-10-09 07:17:16,846 INFO o.a.j.t.JMeterThread: Thread finished: Ticket intake 1-449
2026-10-09 07:17:19,082 INFO o.a.j.t.JMeterThread: Thread started: Ticket intake 1-517
2026-10-09 07:17:20,530 INFO o.a.j.t.JMeterThread: Thread started: Ticket intake 1-518
2026-10-09 07:17:20,638 INFO o.a.j.t.JMeterThread: Thread started: Ticket intake 1-519
2026-10-09 07:17:21,290 INFO o.a.j.t.JMeterThread: Thread started: Ticket intake 1-520
2026-10-09 07:17:23,116 INFO o.a.j.t.JMeterThread: Thread started: Ticket intake 1-521
2026-10-09 07:17:25,775 INFO o.a.j.t.JMeterThread: Thread started: Ticket intake 1-522
2026-10-09 07:17:26,163 INFO o.a.j.t.JMeterThread: Thread is done: Ticket intake 1-450
2026-10-09 07:17:26,163 INFO o.a.j.t.JMeterThread: Thread finished: Ticket intake 1-450
2026-10-09 07:17:27,707 INFO o.a.j.t.JMeterThread: Thread started: Ticket intake 1-523
2026-10-09 07:17:29,962 INFO o.a.j.t.JMeterThread: Thread started: Ticket intake 1-524
2026-10-09 07:17:32,366 INFO o.a.j.t.JMeterThread: Thread started: Ticket intake 1-525
2026-10-09 07:17:33,340 INFO o.a.j.t.JMeterThread: Thread started: Ticket intake 1-526
2026-10-09 07:17:34,981 INFO o.a.j.r.Summariser: summary +      5 in 00:00:32 =    0.2/s Avg: 236781 Min: 229022 Max: 243869 Err:     0 (0.00%) Active: 76 Started: 526 Finished: 450
2026-10-09 07:17:34,982 INFO o.a.j.r.Summariser: summary =    451 in 00:49:02 =    0.2/s Avg: 61135 Min:  3390 Max: 243869 Err:     0 (0.00%)
2026-10-09 07:17:34,982 INFO o.a.j.t.JMeterThread: Thread is done: Ticket intake 1-451
2026-10-09 07:17:34,982 INFO o.a.j.t.JMeterThread: Thread finished: Ticket intake 1-451
2026-10-09 07:17:37,777 INFO o.a.j.t.JMeterThread: Thread started: Ticket intake 1-527
2026-10-09 07:17:41,285 INFO o.a.j.t.JMeterThread: Thread started: Ticket intake 1-528
2026-10-09 07:17:41,420 INFO o.a.j.t.JMeterThread: Thread is done: Ticket intake 1-452
2026-10-09 07:17:41,420 INFO o.a.j.t.JMeterThread: Thread finished: Ticket intake 1-452
2026-10-09 07:17:42,624 INFO o.a.j.t.JMeterThread: Thread started: Ticket intake 1-529
2026-10-09 07:17:42,919 INFO o.a.j.t.JMeterThread: Thread started: Ticket intake 1-530
2026-10-09 07:17:45,102 INFO o.a.j.t.JMeterThread: Thread is done: Ticket intake 1-453
2026-10-09 07:17:45,102 INFO o.a.j.t.JMeterThread: Thread finished: Ticket intake 1-453
2026-10-09 07:17:45,209 INFO o.a.j.t.JMeterThread: Thread started: Ticket intake 1-531
2026-10-09 07:17:46,935 INFO o.a.j.t.JMeterThread: Thread started: Ticket intake 1-532
2026-10-09 07:17:49,305 INFO o.a.j.t.JMeterThread: Thread is done: Ticket intake 1-454
2026-10-09 07:17:49,305 INFO o.a.j.t.JMeterThread: Thread finished: Ticket intake 1-454
2026-10-09 07:17:53,051 INFO o.a.j.t.JMeterThread: Thread started: Ticket intake 1-533
2026-10-09 07:17:56,695 INFO o.a.j.t.JMeterThread: Thread started: Ticket intake 1-534
2026-10-09 07:17:57,188 INFO o.a.j.t.JMeterThread: Thread is done: Ticket intake 1-455
2026-10-09 07:17:57,188 INFO o.a.j.t.JMeterThread: Thread finished: Ticket intake 1-455
2026-10-09 07:18:01,991 INFO o.a.j.t.JMeterThread: Thread started: Ticket intake 1-535
2026-10-09 07:18:02,616 INFO o.a.j.r.Summariser: summary +      5 in 00:00:28 =    0.2/s Avg: 238184 Min: 231459 Max: 244919 Err:     0 (0.00%) Active: 80 Started: 535 Finished: 455
2026-10-09 07:18:02,616 INFO o.a.j.r.Summariser: summary =    456 in 00:49:29 =    0.2/s Avg: 63076 Min:  3390 Max: 244919 Err:     0 (0.00%)
2026-10-09 07:18:02,616 INFO o.a.j.t.JMeterThread: Thread is done: Ticket intake 1-456
2026-10-09 07:18:02,616 INFO o.a.j.t.JMeterThread: Thread finished: Ticket intake 1-456
2026-10-09 07:18:03,173 INFO o.a.j.t.JMeterThread: Thread started: Ticket intake 1-536
2026-10-09 07:18:05,892 INFO o.a.j.t.JMeterThread: Thread is done: Ticket intake 1-457
2026-10-09 07:18:05,892 INFO o.a.j.t.JMeterThread: Thread finished: Ticket intake 1-457
2026-10-09 07:18:10,089 INFO o.a.j.t.JMeterThread: Thread is done: Ticket intake 1-458
2026-10-09 07:18:10,089 INFO o.a.j.t.JMeterThread: Thread finished: Ticket intake 1-458
2026-10-09 07:18:11,899 INFO o.a.j.t.JMeterThread: Thread started: Ticket intake 1-537
2026-10-09 07:18:13,483 INFO o.a.j.t.JMeterThread: Thread started: Ticket intake 1-538
2026-10-09 07:18:18,590 INFO o.a.j.t.JMeterThread: Thread is done: Ticket intake 1-459
2026-10-09 07:18:18,590 INFO o.a.j.t.JMeterThread: Thread finished: Ticket intake 1-459
2026-10-09 07:18:20,627 INFO o.a.j.t.JMeterThread: Thread started: Ticket intake 1-539
2026-10-09 07:18:24,655 INFO o.a.j.t.JMeterThread: Thread started: Ticket intake 1-540
2026-10-09 07:18:27,086 INFO o.a.j.t.JMeterThread: Thread is done: Ticket intake 1-460
2026-10-09 07:18:27,087 INFO o.a.j.t.JMeterThread: Thread finished: Ticket intake 1-460
2026-10-09 07:18:27,122 INFO o.a.j.t.JMeterThread: Thread started: Ticket intake 1-541
2026-10-09 07:18:27,506 INFO o.a.j.t.JMeterThread: Thread started: Ticket intake 1-542
2026-10-09 07:18:33,436 INFO o.a.j.r.Summariser: summary +      5 in 00:00:31 =    0.2/s Avg: 252608 Min: 243989 Max: 263312 Err:     0 (0.00%) Active: 82 Started: 542 Finished: 460
2026-10-09 07:18:33,436 INFO o.a.j.r.Summariser: summary =    461 in 00:50:00 =    0.2/s Avg: 65132 Min:  3390 Max: 263312 Err:     0 (0.00%)
2026-10-09 07:18:33,437 INFO o.a.j.t.JMeterThread: Thread is done: Ticket intake 1-461
2026-10-09 07:18:33,437 INFO o.a.j.t.JMeterThread: Thread finished: Ticket intake 1-461
2026-10-09 07:18:37,225 INFO o.a.j.t.JMeterThread: Thread is done: Ticket intake 1-462
2026-10-09 07:18:37,225 INFO o.a.j.t.JMeterThread: Thread finished: Ticket intake 1-462
2026-10-09 07:18:37,978 INFO o.a.j.t.JMeterThread: Thread started: Ticket intake 1-543
2026-10-09 07:18:41,699 INFO o.a.j.t.JMeterThread: Thread started: Ticket intake 1-544
2026-10-09 07:18:41,710 INFO o.a.j.t.JMeterThread: Thread is done: Ticket intake 1-463
2026-10-09 07:18:41,710 INFO o.a.j.t.JMeterThread: Thread finished: Ticket intake 1-463
2026-10-09 07:18:47,361 INFO o.a.j.t.JMeterThread: Thread is done: Ticket intake 1-464
2026-10-09 07:18:47,362 INFO o.a.j.t.JMeterThread: Thread finished: Ticket intake 1-464
2026-10-09 07:18:49,159 INFO o.a.j.t.JMeterThread: Thread started: Ticket intake 1-545
2026-10-09 07:18:50,843 INFO o.a.j.t.JMeterThread: Thread is done: Ticket intake 1-465
2026-10-09 07:18:50,843 INFO o.a.j.t.JMeterThread: Thread finished: Ticket intake 1-465
2026-10-09 07:18:51,278 INFO o.a.j.t.JMeterThread: Thread started: Ticket intake 1-546
2026-10-09 07:18:55,041 INFO o.a.j.t.JMeterThread: Thread is done: Ticket intake 1-466
2026-10-09 07:18:55,041 INFO o.a.j.t.JMeterThread: Thread finished: Ticket intake 1-466
2026-10-09 07:18:56,884 INFO o.a.j.t.JMeterThread: Thread started: Ticket intake 1-547
2026-10-09 07:19:00,673 INFO o.a.j.r.Summariser: summary +      6 in 00:00:27 =    0.2/s Avg: 269651 Min: 266968 Max: 272384 Err:     0 (0.00%) Active: 81 Started: 547 Finished: 466
2026-10-09 07:19:00,673 INFO o.a.j.r.Summariser: summary =    467 in 00:50:27 =    0.2/s Avg: 67759 Min:  3390 Max: 272384 Err:     0 (0.00%)
2026-10-09 07:19:00,673 INFO o.a.j.t.JMeterThread: Thread is done: Ticket intake 1-467
2026-10-09 07:19:00,673 INFO o.a.j.t.JMeterThread: Thread finished: Ticket intake 1-467
2026-10-09 07:19:04,643 INFO o.a.j.t.JMeterThread: Thread started: Ticket intake 1-548
2026-10-09 07:19:05,691 INFO o.a.j.t.JMeterThread: Thread is done: Ticket intake 1-468
2026-10-09 07:19:05,691 INFO o.a.j.t.JMeterThread: Thread finished: Ticket intake 1-468
2026-10-09 07:19:08,404 INFO o.a.j.t.JMeterThread: Thread started: Ticket intake 1-549
2026-10-09 07:19:09,380 INFO o.a.j.t.JMeterThread: Thread started: Ticket intake 1-550
2026-10-09 07:19:10,158 INFO o.a.j.t.JMeterThread: Thread started: Ticket intake 1-551
2026-10-09 07:19:12,084 INFO o.a.j.t.JMeterThread: Thread started: Ticket intake 1-552
2026-10-09 07:19:14,088 INFO o.a.j.t.JMeterThread: Thread is done: Ticket intake 1-469
2026-10-09 07:19:14,088 INFO o.a.j.t.JMeterThread: Thread finished: Ticket intake 1-469
2026-10-09 07:19:15,935 INFO o.a.j.t.JMeterThread: Thread started: Ticket intake 1-553
2026-10-09 07:19:20,211 INFO o.a.j.t.JMeterThread: Thread started: Ticket intake 1-554
2026-10-09 07:19:22,175 INFO o.a.j.t.JMeterThread: Thread is done: Ticket intake 1-470
2026-10-09 07:19:22,175 INFO o.a.j.t.JMeterThread: Thread finished: Ticket intake 1-470
2026-10-09 07:19:27,790 INFO o.a.j.t.JMeterThread: Thread is done: Ticket intake 1-471
2026-10-09 07:19:27,790 INFO o.a.j.t.JMeterThread: Thread finished: Ticket intake 1-471
2026-10-09 07:19:33,543 INFO o.a.j.r.Summariser: summary +      5 in 00:00:33 =    0.2/s Avg: 287908 Min: 275165 Max: 297184 Err:     0 (0.00%) Active: 83 Started: 554 Finished: 471
2026-10-09 07:19:33,543 INFO o.a.j.r.Summariser: summary =    472 in 00:51:00 =    0.2/s Avg: 70091 Min:  3390 Max: 297184 Err:     0 (0.00%)
2026-10-09 07:19:33,543 INFO o.a.j.t.JMeterThread: Thread is done: Ticket intake 1-472
2026-10-09 07:19:33,543 INFO o.a.j.t.JMeterThread: Thread finished: Ticket intake 1-472
2026-10-09 07:19:36,477 INFO o.a.j.t.JMeterThread: Thread started: Ticket intake 1-555
2026-10-09 07:19:41,142 INFO o.a.j.t.JMeterThread: Thread started: Ticket intake 1-556
2026-10-09 07:19:41,459 INFO o.a.j.t.JMeterThread: Thread started: Ticket intake 1-557
2026-10-09 07:19:41,635 INFO o.a.j.t.JMeterThread: Thread is done: Ticket intake 1-473
2026-10-09 07:19:41,635 INFO o.a.j.t.JMeterThread: Thread finished: Ticket intake 1-473
2026-10-09 07:19:45,905 INFO o.a.j.t.JMeterThread: Thread is done: Ticket intake 1-474
2026-10-09 07:19:45,905 INFO o.a.j.t.JMeterThread: Thread finished: Ticket intake 1-474
2026-10-09 07:19:52,814 INFO o.a.j.t.JMeterThread: Thread is done: Ticket intake 1-475
2026-10-09 07:19:52,814 INFO o.a.j.t.JMeterThread: Thread finished: Ticket intake 1-475
2026-10-09 07:19:53,783 INFO o.a.j.t.JMeterThread: Thread started: Ticket intake 1-558
2026-10-09 07:19:58,504 INFO o.a.j.t.JMeterThread: Thread started: Ticket intake 1-559
2026-10-09 07:19:58,512 INFO o.a.j.t.JMeterThread: Thread is done: Ticket intake 1-476
2026-10-09 07:19:58,512 INFO o.a.j.t.JMeterThread: Thread finished: Ticket intake 1-476
2026-10-09 07:20:01,857 INFO o.a.j.t.JMeterThread: Thread started: Ticket intake 1-560
2026-10-09 07:20:02,212 INFO o.a.j.r.Summariser: summary +      5 in 00:00:29 =    0.2/s Avg: 306672 Min: 302735 Max: 310182 Err:     0 (0.00%) Active: 84 Started: 560 Finished: 476
2026-10-09 07:20:02,212 INFO o.a.j.r.Summariser: summary =    477 in 00:51:29 =    0.2/s Avg: 72571 Min:  3390 Max: 310182 Err:     0 (0.00%)
2026-10-09 07:20:02,212 INFO o.a.j.t.JMeterThread: Thread is done: Ticket intake 1-477
2026-10-09 07:20:02,212 INFO o.a.j.t.JMeterThread: Thread finished: Ticket intake 1-477
2026-10-09 07:20:05,333 INFO o.a.j.t.JMeterThread: Thread started: Ticket intake 1-561
2026-10-09 07:20:05,694 INFO o.a.j.t.JMeterThread: Thread is done: Ticket intake 1-478
2026-10-09 07:20:05,694 INFO o.a.j.t.JMeterThread: Thread finished: Ticket intake 1-478
2026-10-09 07:20:09,381 INFO o.a.j.t.JMeterThread: Thread is done: Ticket intake 1-479
2026-10-09 07:20:09,381 INFO o.a.j.t.JMeterThread: Thread finished: Ticket intake 1-479
2026-10-09 07:20:12,072 INFO o.a.j.t.JMeterThread: Thread started: Ticket intake 1-562
2026-10-09 07:20:13,988 INFO o.a.j.t.JMeterThread: Thread is done: Ticket intake 1-480
2026-10-09 07:20:13,988 INFO o.a.j.t.JMeterThread: Thread finished: Ticket intake 1-480
2026-10-09 07:20:14,539 INFO o.a.j.t.JMeterThread: Thread started: Ticket intake 1-563
2026-10-09 07:20:17,990 INFO o.a.j.t.JMeterThread: Thread is done: Ticket intake 1-481
2026-10-09 07:20:17,990 INFO o.a.j.t.JMeterThread: Thread finished: Ticket intake 1-481
2026-10-09 07:20:18,449 INFO o.a.j.t.JMeterThread: Thread started: Ticket intake 1-564
2026-10-09 07:20:18,881 INFO o.a.j.t.JMeterThread: Thread started: Ticket intake 1-565
2026-10-09 07:20:19,393 INFO o.a.j.t.JMeterThread: Thread started: Ticket intake 1-566
2026-10-09 07:20:22,908 INFO o.a.j.t.JMeterThread: Thread started: Ticket intake 1-567
2026-10-09 07:20:25,065 INFO o.a.j.t.JMeterThread: Thread started: Ticket intake 1-568
2026-10-09 07:20:25,866 INFO o.a.j.t.JMeterThread: Thread is done: Ticket intake 1-482
2026-10-09 07:20:25,866 INFO o.a.j.t.JMeterThread: Thread finished: Ticket intake 1-482
2026-10-09 07:20:28,008 INFO o.a.j.t.JMeterThread: Thread started: Ticket intake 1-569
2026-10-09 07:20:28,927 INFO o.a.j.t.JMeterThread: Thread started: Ticket intake 1-570
2026-10-09 07:20:30,068 INFO o.a.j.r.Summariser: summary +      6 in 00:00:28 =    0.2/s Avg: 305558 Min: 298295 Max: 311579 Err:     0 (0.00%) Active: 88 Started: 570 Finished: 482
2026-10-09 07:20:30,068 INFO o.a.j.r.Summariser: summary =    483 in 00:51:57 =    0.2/s Avg: 75466 Min:  3390 Max: 311579 Err:     0 (0.00%)
2026-10-09 07:20:30,069 INFO o.a.j.t.JMeterThread: Thread is done: Ticket intake 1-483
2026-10-09 07:20:30,069 INFO o.a.j.t.JMeterThread: Thread finished: Ticket intake 1-483
2026-10-09 07:20:30,178 INFO o.a.j.t.JMeterThread: Thread started: Ticket intake 1-571
2026-10-09 07:20:32,808 INFO o.a.j.t.JMeterThread: Thread started: Ticket intake 1-572
2026-10-09 07:20:33,545 INFO o.a.j.t.JMeterThread: Thread is done: Ticket intake 1-484
2026-10-09 07:20:33,545 INFO o.a.j.t.JMeterThread: Thread finished: Ticket intake 1-484
2026-10-09 07:20:33,944 INFO o.a.j.t.JMeterThread: Thread started: Ticket intake 1-573
2026-10-09 07:20:38,565 INFO o.a.j.t.JMeterThread: Thread is done: Ticket intake 1-485
2026-10-09 07:20:38,565 INFO o.a.j.t.JMeterThread: Thread finished: Ticket intake 1-485
2026-10-09 07:20:41,715 INFO o.a.j.t.JMeterThread: Thread started: Ticket intake 1-574
2026-10-09 07:20:43,376 INFO o.a.j.t.JMeterThread: Thread is done: Ticket intake 1-486
2026-10-09 07:20:43,376 INFO o.a.j.t.JMeterThread: Thread finished: Ticket intake 1-486
2026-10-09 07:20:49,280 INFO o.a.j.t.JMeterThread: Thread started: Ticket intake 1-575
2026-10-09 07:20:50,086 INFO o.a.j.t.JMeterThread: Thread started: Ticket intake 1-576
2026-10-09 07:20:51,284 INFO o.a.j.t.JMeterThread: Thread started: Ticket intake 1-577
2026-10-09 07:20:51,361 INFO o.a.j.t.JMeterThread: Thread is done: Ticket intake 1-487
2026-10-09 07:20:51,361 INFO o.a.j.t.JMeterThread: Thread finished: Ticket intake 1-487
2026-10-09 07:20:54,551 INFO o.a.j.t.JMeterThread: Thread started: Ticket intake 1-578
2026-10-09 07:20:54,886 INFO o.a.j.t.JMeterThread: Thread started: Ticket intake 1-579
2026-10-09 07:20:55,764 INFO o.a.j.t.JMeterThread: Thread is done: Ticket intake 1-488
2026-10-09 07:20:55,764 INFO o.a.j.t.JMeterThread: Thread finished: Ticket intake 1-488
2026-10-09 07:20:58,742 INFO o.a.j.t.JMeterThread: Thread started: Ticket intake 1-580
2026-10-09 07:20:59,364 INFO o.a.j.t.JMeterThread: Thread started: Ticket intake 1-581
2026-10-09 07:21:00,340 INFO o.a.j.t.JMeterThread: Thread started: Ticket intake 1-582
2026-10-09 07:21:01,250 INFO o.a.j.t.JMeterThread: Thread started: Ticket intake 1-583
2026-10-09 07:21:03,752 INFO o.a.j.r.Summariser: summary +      6 in 00:00:34 =    0.2/s Avg: 320427 Min: 310011 Max: 333491 Err:     0 (0.00%) Active: 95 Started: 583 Finished: 488
2026-10-09 07:21:03,753 INFO o.a.j.r.Summariser: summary =    489 in 00:52:30 =    0.2/s Avg: 78471 Min:  3390 Max: 333491 Err:     0 (0.00%)
2026-10-09 07:21:03,753 INFO o.a.j.t.JMeterThread: Thread is done: Ticket intake 1-489
2026-10-09 07:21:03,753 INFO o.a.j.t.JMeterThread: Thread finished: Ticket intake 1-489
2026-10-09 07:21:06,506 INFO o.a.j.t.JMeterThread: Thread started: Ticket intake 1-584
2026-10-09 07:21:11,153 INFO o.a.j.t.JMeterThread: Thread started: Ticket intake 1-585
2026-10-09 07:21:13,171 INFO o.a.j.t.JMeterThread: Thread is done: Ticket intake 1-490
2026-10-09 07:21:13,172 INFO o.a.j.t.JMeterThread: Thread finished: Ticket intake 1-490
2026-10-09 07:21:14,726 INFO o.a.j.t.JMeterThread: Thread started: Ticket intake 1-586
2026-10-09 07:21:17,472 INFO o.a.j.t.JMeterThread: Thread is done: Ticket intake 1-491
2026-10-09 07:21:17,472 INFO o.a.j.t.JMeterThread: Thread finished: Ticket intake 1-491
2026-10-09 07:21:19,478 INFO o.a.j.t.JMeterThread: Thread started: Ticket intake 1-587
2026-10-09 07:21:24,556 INFO o.a.j.t.JMeterThread: Thread is done: Ticket intake 1-492
2026-10-09 07:21:24,556 INFO o.a.j.t.JMeterThread: Thread finished: Ticket intake 1-492
2026-10-09 07:21:27,594 INFO o.a.j.t.JMeterThread: Thread started: Ticket intake 1-588
2026-10-09 07:21:27,901 INFO o.a.j.t.JMeterThread: Thread is done: Ticket intake 1-493
2026-10-09 07:21:27,901 INFO o.a.j.t.JMeterThread: Thread finished: Ticket intake 1-493
2026-10-09 07:21:27,968 INFO o.a.j.t.JMeterThread: Thread started: Ticket intake 1-589
2026-10-09 07:21:28,391 INFO o.a.j.t.JMeterThread: Thread started: Ticket intake 1-590
2026-10-09 07:21:31,479 INFO o.a.j.t.JMeterThread: Thread started: Ticket intake 1-591
2026-10-09 07:21:33,230 INFO o.a.j.t.JMeterThread: Thread started: Ticket intake 1-592
2026-10-09 07:21:34,573 INFO o.a.j.r.Summariser: summary +      5 in 00:00:31 =    0.2/s Avg: 340875 Min: 338196 Max: 343607 Err:     0 (0.00%) Active: 99 Started: 592 Finished: 493
2026-10-09 07:21:34,573 INFO o.a.j.r.Summariser: summary =    494 in 00:53:01 =    0.2/s Avg: 81127 Min:  3390 Max: 343607 Err:     0 (0.00%)
2026-10-09 07:21:34,573 INFO o.a.j.t.JMeterThread: Thread is done: Ticket intake 1-494
2026-10-09 07:21:34,573 INFO o.a.j.t.JMeterThread: Thread finished: Ticket intake 1-494
2026-10-09 07:21:38,668 INFO o.a.j.t.JMeterThread: Thread is done: Ticket intake 1-495
2026-10-09 07:21:38,668 INFO o.a.j.t.JMeterThread: Thread finished: Ticket intake 1-495
2026-10-09 07:21:40,848 INFO o.a.j.t.JMeterThread: Thread started: Ticket intake 1-593
2026-10-09 07:21:41,043 INFO o.a.j.t.JMeterThread: Thread started: Ticket intake 1-594
2026-10-09 07:21:42,919 INFO o.a.j.t.JMeterThread: Thread is done: Ticket intake 1-496
2026-10-09 07:21:42,919 INFO o.a.j.t.JMeterThread: Thread finished: Ticket intake 1-496
2026-10-09 07:21:47,033 INFO o.a.j.t.JMeterThread: Thread started: Ticket intake 1-595
2026-10-09 07:21:48,190 INFO o.a.j.t.JMeterThread: Thread started: Ticket intake 1-596
2026-10-09 07:21:49,624 INFO o.a.j.t.JMeterThread: Thread is done: Ticket intake 1-497
2026-10-09 07:21:49,624 INFO o.a.j.t.JMeterThread: Thread finished: Ticket intake 1-497
2026-10-09 07:21:51,389 INFO o.a.j.t.JMeterThread: Thread started: Ticket intake 1-597
2026-10-09 07:21:52,544 INFO o.a.j.t.JMeterThread: Thread started: Ticket intake 1-598
2026-10-09 07:21:57,000 INFO o.a.j.t.JMeterThread: Thread is done: Ticket intake 1-498
2026-10-09 07:21:57,000 INFO o.a.j.t.JMeterThread: Thread finished: Ticket intake 1-498
2026-10-09 07:22:03,105 INFO o.a.j.t.JMeterThread: Thread started: Ticket intake 1-599
2026-10-09 07:22:03,549 INFO o.a.j.r.Summariser: summary +      5 in 00:00:29 =    0.2/s Avg: 338146 Min: 329272 Max: 347448 Err:     0 (0.00%) Active: 101 Started: 599 Finished: 498
2026-10-09 07:22:03,549 INFO o.a.j.r.Summariser: summary =    499 in 00:53:30 =    0.2/s Avg: 83702 Min:  3390 Max: 347448 Err:     0 (0.00%)
2026-10-09 07:22:03,550 INFO o.a.j.t.JMeterThread: Thread is done: Ticket intake 1-499
2026-10-09 07:22:03,550 INFO o.a.j.t.JMeterThread: Thread finished: Ticket intake 1-499
2026-10-09 07:22:05,776 INFO o.a.j.t.JMeterThread: Thread started: Ticket intake 1-600
2026-10-09 07:22:07,338 INFO o.a.j.t.JMeterThread: Thread is done: Ticket intake 1-500
2026-10-09 07:22:07,338 INFO o.a.j.t.JMeterThread: Thread finished: Ticket intake 1-500
2026-10-09 07:22:10,229 INFO o.a.j.t.JMeterThread: Thread started: Ticket intake 1-601
2026-10-09 07:22:12,459 INFO o.a.j.t.JMeterThread: Thread is done: Ticket intake 1-501
2026-10-09 07:22:12,459 INFO o.a.j.t.JMeterThread: Thread finished: Ticket intake 1-501
2026-10-09 07:22:14,995 INFO o.a.j.t.JMeterThread: Thread started: Ticket intake 1-602
2026-10-09 07:22:16,758 INFO o.a.j.t.JMeterThread: Thread is done: Ticket intake 1-502
2026-10-09 07:22:16,758 INFO o.a.j.t.JMeterThread: Thread finished: Ticket intake 1-502
2026-10-09 07:22:17,706 INFO o.a.j.t.JMeterThread: Thread started: Ticket intake 1-603
2026-10-09 07:22:20,240 INFO o.a.j.t.JMeterThread: Thread is done: Ticket intake 1-503
2026-10-09 07:22:20,240 INFO o.a.j.t.JMeterThread: Thread finished: Ticket intake 1-503
2026-10-09 07:22:24,130 INFO o.a.j.t.JMeterThread: Thread is done: Ticket intake 1-504
2026-10-09 07:22:24,130 INFO o.a.j.t.JMeterThread: Thread finished: Ticket intake 1-504
2026-10-09 07:22:26,034 INFO o.a.j.t.JMeterThread: Thread started: Ticket intake 1-604
2026-10-09 07:22:26,193 INFO o.a.j.t.JMeterThread: Thread started: Ticket intake 1-605
2026-10-09 07:22:26,201 INFO o.a.j.t.JMeterThread: Thread started: Ticket intake 1-606
2026-10-09 07:22:27,049 INFO o.a.j.t.JMeterThread: Thread started: Ticket intake 1-607
2026-10-09 07:22:29,001 INFO o.a.j.t.JMeterThread: Thread started: Ticket intake 1-608
2026-10-09 07:22:32,323 INFO o.a.j.r.Summariser: summary +      6 in 00:00:29 =    0.2/s Avg: 357154 Min: 348771 Max: 364632 Err:     0 (0.00%) Active: 104 Started: 608 Finished: 504
2026-10-09 07:22:32,323 INFO o.a.j.r.Summariser: summary =    505 in 00:53:59 =    0.2/s Avg: 86951 Min:  3390 Max: 364632 Err:     0 (0.00%)
2026-10-09 07:22:32,323 INFO o.a.j.t.JMeterThread: Thread is done: Ticket intake 1-505
2026-10-09 07:22:32,323 INFO o.a.j.t.JMeterThread: Thread finished: Ticket intake 1-505
2026-10-09 07:22:33,876 INFO o.a.j.t.JMeterThread: Thread started: Ticket intake 1-609
2026-10-09 07:22:35,599 INFO o.a.j.t.JMeterThread: Thread is done: Ticket intake 1-506
2026-10-09 07:22:35,599 INFO o.a.j.t.JMeterThread: Thread finished: Ticket intake 1-506
2026-10-09 07:22:36,875 INFO o.a.j.t.JMeterThread: Thread started: Ticket intake 1-610
2026-10-09 07:22:40,104 INFO o.a.j.t.JMeterThread: Thread is done: Ticket intake 1-507
2026-10-09 07:22:40,105 INFO o.a.j.t.JMeterThread: Thread finished: Ticket intake 1-507
2026-10-09 07:22:45,237 INFO o.a.j.t.JMeterThread: Thread is done: Ticket intake 1-508
2026-10-09 07:22:45,237 INFO o.a.j.t.JMeterThread: Thread finished: Ticket intake 1-508
2026-10-09 07:22:46,240 INFO o.a.j.t.JMeterThread: Thread started: Ticket intake 1-611
2026-10-09 07:22:50,991 INFO o.a.j.t.JMeterThread: Thread is done: Ticket intake 1-509
2026-10-09 07:22:50,991 INFO o.a.j.t.JMeterThread: Thread finished: Ticket intake 1-509
2026-10-09 07:22:54,249 INFO o.a.j.t.JMeterThread: Thread started: Ticket intake 1-612
2026-10-09 07:22:54,848 INFO o.a.j.t.JMeterThread: Thread is done: Ticket intake 1-510
2026-10-09 07:22:54,848 INFO o.a.j.t.JMeterThread: Thread finished: Ticket intake 1-510
2026-10-09 07:22:56,628 INFO o.a.j.t.JMeterThread: Thread started: Ticket intake 1-613
2026-10-09 07:22:58,843 INFO o.a.j.t.JMeterThread: Thread started: Ticket intake 1-614
2026-10-09 07:22:59,699 INFO o.a.j.t.JMeterThread: Thread started: Ticket intake 1-615
2026-10-09 07:22:59,709 INFO o.a.j.t.JMeterThread: Thread started: Ticket intake 1-616
2026-10-09 07:23:00,016 INFO o.a.j.t.JMeterThread: Thread started: Ticket intake 1-617
2026-10-09 07:23:00,102 INFO o.a.j.r.Summariser: summary +      6 in 00:00:28 =    0.2/s Avg: 356683 Min: 352228 Max: 363711 Err:     0 (0.00%) Active: 107 Started: 617 Finished: 510
2026-10-09 07:23:00,103 INFO o.a.j.r.Summariser: summary =    511 in 00:54:27 =    0.2/s Avg: 90118 Min:  3390 Max: 364632 Err:     0 (0.00%)
2026-10-09 07:23:00,103 INFO o.a.j.t.JMeterThread: Thread is done: Ticket intake 1-511
2026-10-09 07:23:00,103 INFO o.a.j.t.JMeterThread: Thread finished: Ticket intake 1-511
2026-10-09 07:23:01,891 INFO o.a.j.t.JMeterThread: Thread started: Ticket intake 1-618
2026-10-09 07:23:03,147 INFO o.a.j.t.JMeterThread: Thread started: Ticket intake 1-619
2026-10-09 07:23:03,758 INFO o.a.j.t.JMeterThread: Thread is done: Ticket intake 1-512
2026-10-09 07:23:03,758 INFO o.a.j.t.JMeterThread: Thread finished: Ticket intake 1-512
2026-10-09 07:23:10,105 INFO o.a.j.t.JMeterThread: Thread is done: Ticket intake 1-513
2026-10-09 07:23:10,106 INFO o.a.j.t.JMeterThread: Thread finished: Ticket intake 1-513
2026-10-09 07:23:12,035 INFO o.a.j.t.JMeterThread: Thread started: Ticket intake 1-620
2026-10-09 07:23:17,791 INFO o.a.j.t.JMeterThread: Thread is done: Ticket intake 1-514
2026-10-09 07:23:17,791 INFO o.a.j.t.JMeterThread: Thread finished: Ticket intake 1-514
2026-10-09 07:23:18,510 INFO o.a.j.t.JMeterThread: Thread started: Ticket intake 1-621
2026-10-09 07:23:21,134 INFO o.a.j.t.JMeterThread: Thread started: Ticket intake 1-622
2026-10-09 07:23:23,398 INFO o.a.j.t.JMeterThread: Thread started: Ticket intake 1-623
2026-10-09 07:23:23,787 INFO o.a.j.t.JMeterThread: Thread started: Ticket intake 1-624
2026-10-09 07:23:24,569 INFO o.a.j.t.JMeterThread: Thread started: Ticket intake 1-625
2026-10-09 07:23:25,967 INFO o.a.j.t.JMeterThread: Thread started: Ticket intake 1-626
2026-10-09 07:23:26,898 INFO o.a.j.t.JMeterThread: Thread is done: Ticket intake 1-515
2026-10-09 07:23:26,898 INFO o.a.j.t.JMeterThread: Thread finished: Ticket intake 1-515
2026-10-09 07:23:27,857 INFO o.a.j.t.JMeterThread: Thread started: Ticket intake 1-627
2026-10-09 07:23:30,891 INFO o.a.j.r.Summariser: summary +      5 in 00:00:31 =    0.2/s Avg: 368349 Min: 358329 Max: 376883 Err:     0 (0.00%) Active: 112 Started: 627 Finished: 515
2026-10-09 07:23:30,891 INFO o.a.j.r.Summariser: summary =    516 in 00:54:58 =    0.2/s Avg: 92814 Min:  3390 Max: 376883 Err:     0 (0.00%)
2026-10-09 07:23:30,892 INFO o.a.j.t.JMeterThread: Thread is done: Ticket intake 1-516
2026-10-09 07:23:30,892 INFO o.a.j.t.JMeterThread: Thread finished: Ticket intake 1-516
2026-10-09 07:23:35,315 INFO o.a.j.t.JMeterThread: Thread is done: Ticket intake 1-517
2026-10-09 07:23:35,315 INFO o.a.j.t.JMeterThread: Thread finished: Ticket intake 1-517
2026-10-09 07:23:39,298 INFO o.a.j.t.JMeterThread: Thread started: Ticket intake 1-628
2026-10-09 07:23:40,546 INFO o.a.j.t.JMeterThread: Thread started: Ticket intake 1-629
2026-10-09 07:23:40,823 INFO o.a.j.t.JMeterThread: Thread is done: Ticket intake 1-518
2026-10-09 07:23:40,824 INFO o.a.j.t.JMeterThread: Thread finished: Ticket intake 1-518
2026-10-09 07:23:43,478 INFO o.a.j.t.JMeterThread: Thread started: Ticket intake 1-630
2026-10-09 07:23:44,384 INFO o.a.j.t.JMeterThread: Thread started: Ticket intake 1-631
2026-10-09 07:23:44,511 INFO o.a.j.t.JMeterThread: Thread is done: Ticket intake 1-519
2026-10-09 07:23:44,511 INFO o.a.j.t.JMeterThread: Thread finished: Ticket intake 1-519
2026-10-09 07:23:47,018 INFO o.a.j.t.JMeterThread: Thread started: Ticket intake 1-632
2026-10-09 07:23:50,449 INFO o.a.j.t.JMeterThread: Thread is done: Ticket intake 1-520
2026-10-09 07:23:50,450 INFO o.a.j.t.JMeterThread: Thread finished: Ticket intake 1-520
2026-10-09 07:23:51,786 INFO o.a.j.t.JMeterThread: Thread started: Ticket intake 1-633
2026-10-09 07:23:52,230 INFO o.a.j.t.JMeterThread: Thread started: Ticket intake 1-634
2026-10-09 07:23:55,364 INFO o.a.j.t.JMeterThread: Thread is done: Ticket intake 1-521
2026-10-09 07:23:55,364 INFO o.a.j.t.JMeterThread: Thread finished: Ticket intake 1-521
2026-10-09 07:24:03,239 INFO o.a.j.r.Summariser: summary +      6 in 00:00:32 =    0.2/s Avg: 386571 Min: 376260 Max: 397492 Err:     0 (0.00%) Active: 113 Started: 634 Finished: 521
2026-10-09 07:24:03,240 INFO o.a.j.r.Summariser: summary =    522 in 00:55:30 =    0.2/s Avg: 96191 Min:  3390 Max: 397492 Err:     0 (0.00%)
2026-10-09 07:24:03,240 INFO o.a.j.t.JMeterThread: Thread is done: Ticket intake 1-522
2026-10-09 07:24:03,240 INFO o.a.j.t.JMeterThread: Thread finished: Ticket intake 1-522
2026-10-09 07:24:09,305 INFO o.a.j.t.JMeterThread: Thread started: Ticket intake 1-635
2026-10-09 07:24:09,768 INFO o.a.j.t.JMeterThread: Thread is done: Ticket intake 1-523
2026-10-09 07:24:09,768 INFO o.a.j.t.JMeterThread: Thread finished: Ticket intake 1-523
2026-10-09 07:24:15,843 INFO o.a.j.t.JMeterThread: Thread is done: Ticket intake 1-524
2026-10-09 07:24:15,843 INFO o.a.j.t.JMeterThread: Thread finished: Ticket intake 1-524
2026-10-09 07:24:18,930 INFO o.a.j.t.JMeterThread: Thread started: Ticket intake 1-636
2026-10-09 07:24:21,898 INFO o.a.j.t.JMeterThread: Thread is done: Ticket intake 1-525
2026-10-09 07:24:21,898 INFO o.a.j.t.JMeterThread: Thread finished: Ticket intake 1-525
2026-10-09 07:24:24,887 INFO o.a.j.t.JMeterThread: Thread started: Ticket intake 1-637
2026-10-09 07:24:25,608 INFO o.a.j.t.JMeterThread: Thread is done: Ticket intake 1-526
2026-10-09 07:24:25,608 INFO o.a.j.t.JMeterThread: Thread finished: Ticket intake 1-526
2026-10-09 07:24:26,977 INFO o.a.j.t.JMeterThread: Thread started: Ticket intake 1-638
2026-10-09 07:24:30,299 INFO o.a.j.t.JMeterThread: Thread started: Ticket intake 1-639
2026-10-09 07:24:30,773 INFO o.a.j.t.JMeterThread: Thread started: Ticket intake 1-640
2026-10-09 07:24:30,997 INFO o.a.j.r.Summariser: summary +      5 in 00:00:28 =    0.2/s Avg: 408621 Min: 402089 Max: 413250 Err:     0 (0.00%) Active: 114 Started: 640 Finished: 526
2026-10-09 07:24:30,997 INFO o.a.j.r.Summariser: summary =    527 in 00:55:58 =    0.2/s Avg: 99155 Min:  3390 Max: 413250 Err:     0 (0.00%)
2026-10-09 07:24:30,997 INFO o.a.j.t.JMeterThread: Thread is done: Ticket intake 1-527
2026-10-09 07:24:30,997 INFO o.a.j.t.JMeterThread: Thread finished: Ticket intake 1-527
2026-10-09 07:24:33,285 INFO o.a.j.t.JMeterThread: Thread started: Ticket intake 1-641
2026-10-09 07:24:34,113 INFO o.a.j.t.JMeterThread: Thread started: Ticket intake 1-642
2026-10-09 07:24:36,576 INFO o.a.j.t.JMeterThread: Thread started: Ticket intake 1-643
2026-10-09 07:24:37,551 INFO o.a.j.t.JMeterThread: Thread is done: Ticket intake 1-528
2026-10-09 07:24:37,551 INFO o.a.j.t.JMeterThread: Thread finished: Ticket intake 1-528
2026-10-09 07:24:39,873 INFO o.a.j.t.JMeterThread: Thread started: Ticket intake 1-644
2026-10-09 07:24:39,928 INFO o.a.j.t.JMeterThread: Thread started: Ticket intake 1-645
2026-10-09 07:24:44,684 INFO o.a.j.t.JMeterThread: Thread is done: Ticket intake 1-529
2026-10-09 07:24:44,684 INFO o.a.j.t.JMeterThread: Thread finished: Ticket intake 1-529
2026-10-09 07:24:48,814 INFO o.a.j.t.JMeterThread: Thread is done: Ticket intake 1-530
2026-10-09 07:24:48,814 INFO o.a.j.t.JMeterThread: Thread finished: Ticket intake 1-530
2026-10-09 07:24:54,295 INFO o.a.j.t.JMeterThread: Thread started: Ticket intake 1-646
2026-10-09 07:24:54,821 INFO o.a.j.t.JMeterThread: Thread is done: Ticket intake 1-531
2026-10-09 07:24:54,821 INFO o.a.j.t.JMeterThread: Thread finished: Ticket intake 1-531
2026-10-09 07:25:00,999 INFO o.a.j.r.Summariser: summary +      5 in 00:00:30 =    0.2/s Avg: 425609 Min: 416295 Max: 434094 Err:     0 (0.00%) Active: 115 Started: 646 Finished: 531
2026-10-09 07:25:01,000 INFO o.a.j.r.Summariser: summary =    532 in 00:56:28 =    0.2/s Avg: 102223 Min:  3390 Max: 434094 Err:     0 (0.00%)
2026-10-09 07:25:01,000 INFO o.a.j.t.JMeterThread: Thread is done: Ticket intake 1-532
2026-10-09 07:25:01,000 INFO o.a.j.t.JMeterThread: Thread finished: Ticket intake 1-532
2026-10-09 07:25:03,489 INFO o.a.j.t.JMeterThread: Thread started: Ticket intake 1-647
2026-10-09 07:25:07,340 INFO o.a.j.t.JMeterThread: Thread started: Ticket intake 1-648
2026-10-09 07:25:07,755 INFO o.a.j.t.JMeterThread: Thread is done: Ticket intake 1-533
2026-10-09 07:25:07,755 INFO o.a.j.t.JMeterThread: Thread finished: Ticket intake 1-533
2026-10-09 07:25:11,103 INFO o.a.j.t.JMeterThread: Thread started: Ticket intake 1-649
2026-10-09 07:25:12,365 INFO o.a.j.t.JMeterThread: Thread is done: Ticket intake 1-534
2026-10-09 07:25:12,365 INFO o.a.j.t.JMeterThread: Thread finished: Ticket intake 1-534
2026-10-09 07:25:14,745 INFO o.a.j.t.JMeterThread: Thread started: Ticket intake 1-650
2026-10-09 07:25:16,194 INFO o.a.j.t.JMeterThread: Thread started: Ticket intake 1-651
2026-10-09 07:25:16,203 INFO o.a.j.t.JMeterThread: Thread is done: Ticket intake 1-535
2026-10-09 07:25:16,203 INFO o.a.j.t.JMeterThread: Thread finished: Ticket intake 1-535
2026-10-09 07:25:16,789 INFO o.a.j.t.JMeterThread: Thread started: Ticket intake 1-652
2026-10-09 07:25:19,531 INFO o.a.j.t.JMeterThread: Thread is done: Ticket intake 1-536
2026-10-09 07:25:19,532 INFO o.a.j.t.JMeterThread: Thread finished: Ticket intake 1-536
2026-10-09 07:25:23,628 INFO o.a.j.t.JMeterThread: Thread is done: Ticket intake 1-537
2026-10-09 07:25:23,628 INFO o.a.j.t.JMeterThread: Thread finished: Ticket intake 1-537
2026-10-09 07:25:24,412 INFO o.a.j.t.JMeterThread: Thread started: Ticket intake 1-653
2026-10-09 07:25:25,531 INFO o.a.j.t.JMeterThread: Thread started: Ticket intake 1-654
2026-10-09 07:25:27,622 INFO o.a.j.t.JMeterThread: Thread is done: Ticket intake 1-538
2026-10-09 07:25:27,622 INFO o.a.j.t.JMeterThread: Thread finished: Ticket intake 1-538
2026-10-09 07:25:31,138 INFO o.a.j.t.JMeterThread: Thread started: Ticket intake 1-655
2026-10-09 07:25:31,307 INFO o.a.j.r.Summariser: summary +      7 in 00:00:30 =    0.2/s Avg: 433958 Min: 430710 Max: 436390 Err:     0 (0.00%) Active: 117 Started: 655 Finished: 538
2026-10-09 07:25:31,308 INFO o.a.j.r.Summariser: summary =    539 in 00:56:58 =    0.2/s Avg: 106532 Min:  3390 Max: 436390 Err:     0 (0.00%)
2026-10-09 07:25:31,308 INFO o.a.j.t.JMeterThread: Thread is done: Ticket intake 1-539
2026-10-09 07:25:31,308 INFO o.a.j.t.JMeterThread: Thread finished: Ticket intake 1-539
2026-10-09 07:25:33,300 INFO o.a.j.t.JMeterThread: Thread started: Ticket intake 1-656
2026-10-09 07:25:36,838 INFO o.a.j.t.JMeterThread: Thread is done: Ticket intake 1-540
2026-10-09 07:25:36,838 INFO o.a.j.t.JMeterThread: Thread finished: Ticket intake 1-540
2026-10-09 07:25:37,203 INFO o.a.j.t.JMeterThread: Thread started: Ticket intake 1-657
2026-10-09 07:25:38,290 INFO o.a.j.t.JMeterThread: Thread started: Ticket intake 1-658
2026-10-09 07:25:45,030 INFO o.a.j.t.JMeterThread: Thread is done: Ticket intake 1-541
2026-10-09 07:25:45,031 INFO o.a.j.t.JMeterThread: Thread finished: Ticket intake 1-541
2026-10-09 07:25:51,277 INFO o.a.j.t.JMeterThread: Thread is done: Ticket intake 1-542
2026-10-09 07:25:51,277 INFO o.a.j.t.JMeterThread: Thread finished: Ticket intake 1-542
2026-10-09 07:25:55,824 INFO o.a.j.t.JMeterThread: Thread started: Ticket intake 1-659
2026-10-09 07:25:59,671 INFO o.a.j.t.JMeterThread: Thread is done: Ticket intake 1-543
2026-10-09 07:25:59,671 INFO o.a.j.t.JMeterThread: Thread finished: Ticket intake 1-543
2026-10-09 07:26:02,631 INFO o.a.j.t.JMeterThread: Thread started: Ticket intake 1-660
2026-10-09 07:26:04,688 INFO o.a.j.r.Summariser: summary +      5 in 00:00:33 =    0.1/s Avg: 439739 Min: 432213 Max: 443801 Err:     0 (0.00%) Active: 117 Started: 660 Finished: 543
2026-10-09 07:26:04,688 INFO o.a.j.r.Summariser: summary =    544 in 00:57:31 =    0.2/s Avg: 109594 Min:  3390 Max: 443801 Err:     0 (0.00%)
2026-10-09 07:26:04,689 INFO o.a.j.t.JMeterThread: Thread is done: Ticket intake 1-544
2026-10-09 07:26:04,689 INFO o.a.j.t.JMeterThread: Thread finished: Ticket intake 1-544
2026-10-09 07:26:05,662 INFO o.a.j.t.JMeterThread: Thread started: Ticket intake 1-661
2026-10-09 07:26:08,684 INFO o.a.j.t.JMeterThread: Thread is done: Ticket intake 1-545
2026-10-09 07:26:08,684 INFO o.a.j.t.JMeterThread: Thread finished: Ticket intake 1-545
2026-10-09 07:26:10,857 INFO o.a.j.t.JMeterThread: Thread started: Ticket intake 1-662
2026-10-09 07:26:13,161 INFO o.a.j.t.JMeterThread: Thread started: Ticket intake 1-663
2026-10-09 07:26:15,942 INFO o.a.j.t.JMeterThread: Thread is done: Ticket intake 1-546
2026-10-09 07:26:15,942 INFO o.a.j.t.JMeterThread: Thread finished: Ticket intake 1-546
2026-10-09 07:26:15,999 INFO o.a.j.t.JMeterThread: Thread started: Ticket intake 1-664
2026-10-09 07:26:17,716 INFO o.a.j.t.JMeterThread: Thread started: Ticket intake 1-665
2026-10-09 07:26:18,761 INFO o.a.j.t.JMeterThread: Thread started: Ticket intake 1-666
2026-10-09 07:26:22,505 INFO o.a.j.t.JMeterThread: Thread is done: Ticket intake 1-547
2026-10-09 07:26:22,505 INFO o.a.j.t.JMeterThread: Thread finished: Ticket intake 1-547
2026-10-09 07:26:23,577 INFO o.a.j.t.JMeterThread: Thread started: Ticket intake 1-667
2026-10-09 07:26:25,190 INFO o.a.j.t.JMeterThread: Thread started: Ticket intake 1-668
2026-10-09 07:26:29,389 INFO o.a.j.t.JMeterThread: Thread started: Ticket intake 1-669
2026-10-09 07:26:30,082 INFO o.a.j.r.Summariser: summary +      4 in 00:00:25 =    0.2/s Avg: 443843 Min: 439556 Max: 445652 Err:     0 (0.00%) Active: 122 Started: 669 Finished: 547
2026-10-09 07:26:30,082 INFO o.a.j.r.Summariser: summary =    548 in 00:57:57 =    0.2/s Avg: 112034 Min:  3390 Max: 445652 Err:     0 (0.00%)
2026-10-09 07:26:30,082 INFO o.a.j.t.JMeterThread: Thread is done: Ticket intake 1-548
2026-10-09 07:26:30,082 INFO o.a.j.t.JMeterThread: Thread finished: Ticket intake 1-548
2026-10-09 07:26:31,243 INFO o.a.j.t.JMeterThread: Thread started: Ticket intake 1-670
2026-10-09 07:26:33,520 INFO o.a.j.t.JMeterThread: Thread started: Ticket intake 1-671
2026-10-09 07:26:35,178 INFO o.a.j.t.JMeterThread: Thread started: Ticket intake 1-672
2026-10-09 07:26:37,352 INFO o.a.j.t.JMeterThread: Thread is done: Ticket intake 1-549
2026-10-09 07:26:37,353 INFO o.a.j.t.JMeterThread: Thread finished: Ticket intake 1-549
2026-10-09 07:26:39,130 INFO o.a.j.t.JMeterThread: Thread started: Ticket intake 1-673
2026-10-09 07:26:42,165 INFO o.a.j.t.JMeterThread: Thread is done: Ticket intake 1-550
2026-10-09 07:26:42,165 INFO o.a.j.t.JMeterThread: Thread finished: Ticket intake 1-550
2026-10-09 07:26:45,611 INFO o.a.j.t.JMeterThread: Thread started: Ticket intake 1-674
2026-10-09 07:26:45,947 INFO o.a.j.t.JMeterThread: Thread is done: Ticket intake 1-551
2026-10-09 07:26:45,947 INFO o.a.j.t.JMeterThread: Thread finished: Ticket intake 1-551
2026-10-09 07:26:47,685 INFO o.a.j.t.JMeterThread: Thread started: Ticket intake 1-675
2026-10-09 07:26:49,769 INFO o.a.j.t.JMeterThread: Thread started: Ticket intake 1-676
2026-10-09 07:26:49,926 INFO o.a.j.t.JMeterThread: Thread started: Ticket intake 1-677
2026-10-09 07:26:50,357 INFO o.a.j.t.JMeterThread: Thread is done: Ticket intake 1-552
2026-10-09 07:26:50,357 INFO o.a.j.t.JMeterThread: Thread finished: Ticket intake 1-552
2026-10-09 07:26:59,367 INFO o.a.j.t.JMeterThread: Thread is done: Ticket intake 1-553
2026-10-09 07:26:59,367 INFO o.a.j.t.JMeterThread: Thread finished: Ticket intake 1-553
2026-10-09 07:27:01,967 INFO o.a.j.t.JMeterThread: Thread started: Ticket intake 1-678
2026-10-09 07:27:02,652 INFO o.a.j.t.JMeterThread: Thread started: Ticket intake 1-679
2026-10-09 07:27:04,212 INFO o.a.j.t.JMeterThread: Thread started: Ticket intake 1-680
2026-10-09 07:27:05,101 INFO o.a.j.r.Summariser: summary +      6 in 00:00:35 =    0.2/s Avg: 457385 Min: 448981 Max: 464922 Err:     0 (0.00%) Active: 127 Started: 680 Finished: 553
2026-10-09 07:27:05,101 INFO o.a.j.r.Summariser: summary =    554 in 00:58:32 =    0.2/s Avg: 115774 Min:  3390 Max: 464922 Err:     0 (0.00%)
2026-10-09 07:27:05,101 INFO o.a.j.t.JMeterThread: Thread is done: Ticket intake 1-554
2026-10-09 07:27:05,101 INFO o.a.j.t.JMeterThread: Thread finished: Ticket intake 1-554
2026-10-09 07:27:08,891 INFO o.a.j.t.JMeterThread: Thread is done: Ticket intake 1-555
2026-10-09 07:27:08,891 INFO o.a.j.t.JMeterThread: Thread finished: Ticket intake 1-555
2026-10-09 07:27:10,690 INFO o.a.j.t.JMeterThread: Thread started: Ticket intake 1-681
2026-10-09 07:27:13,818 INFO o.a.j.t.JMeterThread: Thread started: Ticket intake 1-682
2026-10-09 07:27:16,671 INFO o.a.j.t.JMeterThread: Thread is done: Ticket intake 1-556
2026-10-09 07:27:16,671 INFO o.a.j.t.JMeterThread: Thread finished: Ticket intake 1-556
2026-10-09 07:27:22,713 INFO o.a.j.t.JMeterThread: Thread is done: Ticket intake 1-557
2026-10-09 07:27:22,713 INFO o.a.j.t.JMeterThread: Thread finished: Ticket intake 1-557
2026-10-09 07:27:23,877 INFO o.a.j.t.JMeterThread: Thread started: Ticket intake 1-683
2026-10-09 07:27:26,812 INFO o.a.j.t.JMeterThread: Thread is done: Ticket intake 1-558
2026-10-09 07:27:26,812 INFO o.a.j.t.JMeterThread: Thread finished: Ticket intake 1-558
2026-10-09 07:27:29,151 INFO o.a.j.t.JMeterThread: Thread started: Ticket intake 1-684
2026-10-09 07:27:35,205 INFO o.a.j.r.Summariser: summary +      5 in 00:00:30 =    0.2/s Avg: 455817 Min: 452445 Max: 461286 Err:     0 (0.00%) Active: 126 Started: 684 Finished: 558
2026-10-09 07:27:35,205 INFO o.a.j.r.Summariser: summary =    559 in 00:59:02 =    0.2/s Avg: 118816 Min:  3390 Max: 464922 Err:     0 (0.00%)
2026-10-09 07:27:35,205 INFO o.a.j.t.JMeterThread: Thread is done: Ticket intake 1-559
2026-10-09 07:27:35,206 INFO o.a.j.t.JMeterThread: Thread finished: Ticket intake 1-559
2026-10-09 07:27:35,412 INFO o.a.j.t.JMeterThread: Thread started: Ticket intake 1-685
2026-10-09 07:27:38,153 INFO o.a.j.t.JMeterThread: Thread started: Ticket intake 1-686
2026-10-09 07:27:39,710 INFO o.a.j.t.JMeterThread: Thread is done: Ticket intake 1-560
2026-10-09 07:27:39,710 INFO o.a.j.t.JMeterThread: Thread finished: Ticket intake 1-560
2026-10-09 07:27:42,137 INFO o.a.j.t.JMeterThread: Thread started: Ticket intake 1-687
2026-10-09 07:27:43,757 INFO o.a.j.t.JMeterThread: Thread is done: Ticket intake 1-561
2026-10-09 07:27:43,757 INFO o.a.j.t.JMeterThread: Thread finished: Ticket intake 1-561
2026-10-09 07:27:43,812 INFO o.a.j.t.JMeterThread: Thread started: Ticket intake 1-688
2026-10-09 07:27:44,355 INFO o.a.j.t.JMeterThread: Thread started: Ticket intake 1-689
2026-10-09 07:27:45,737 INFO o.a.j.t.JMeterThread: Thread started: Ticket intake 1-690
2026-10-09 07:27:48,755 INFO o.a.j.t.JMeterThread: Thread started: Ticket intake 1-691
2026-10-09 07:27:50,214 INFO o.a.j.t.JMeterThread: Thread is done: Ticket intake 1-562
2026-10-09 07:27:50,214 INFO o.a.j.t.JMeterThread: Thread finished: Ticket intake 1-562
2026-10-09 07:27:52,723 INFO o.a.j.t.JMeterThread: Thread started: Ticket intake 1-692
2026-10-09 07:27:57,321 INFO o.a.j.t.JMeterThread: Thread is done: Ticket intake 1-563
2026-10-09 07:27:57,321 INFO o.a.j.t.JMeterThread: Thread finished: Ticket intake 1-563
2026-10-09 07:27:59,847 INFO o.a.j.t.JMeterThread: Thread started: Ticket intake 1-693
2026-10-09 07:28:02,385 INFO o.a.j.t.JMeterThread: Thread started: Ticket intake 1-694
2026-10-09 07:28:03,466 INFO o.a.j.r.Summariser: summary +      5 in 00:00:28 =    0.2/s Avg: 460476 Min: 457885 Max: 465048 Err:     0 (0.00%) Active: 131 Started: 694 Finished: 563
2026-10-09 07:28:03,466 INFO o.a.j.r.Summariser: summary =    564 in 00:59:30 =    0.2/s Avg: 121845 Min:  3390 Max: 465048 Err:     0 (0.00%)
2026-10-09 07:28:03,466 INFO o.a.j.t.JMeterThread: Thread is done: Ticket intake 1-564
2026-10-09 07:28:03,466 INFO o.a.j.t.JMeterThread: Thread finished: Ticket intake 1-564
2026-10-09 07:28:07,882 INFO o.a.j.t.JMeterThread: Thread started: Ticket intake 1-695
2026-10-09 07:28:10,531 INFO o.a.j.t.JMeterThread: Thread is done: Ticket intake 1-565
2026-10-09 07:28:10,531 INFO o.a.j.t.JMeterThread: Thread finished: Ticket intake 1-565
2026-10-09 07:28:15,383 INFO o.a.j.t.JMeterThread: Thread started: Ticket intake 1-696
2026-10-09 07:28:16,878 INFO o.a.j.t.JMeterThread: Thread is done: Ticket intake 1-566
2026-10-09 07:28:16,878 INFO o.a.j.t.JMeterThread: Thread finished: Ticket intake 1-566
2026-10-09 07:28:20,941 INFO o.a.j.t.JMeterThread: Thread is done: Ticket intake 1-567
2026-10-09 07:28:20,941 INFO o.a.j.t.JMeterThread: Thread finished: Ticket intake 1-567
2026-10-09 07:28:24,709 INFO o.a.j.t.JMeterThread: Thread started: Ticket intake 1-697
2026-10-09 07:28:29,785 INFO o.a.j.t.JMeterThread: Thread is done: Ticket intake 1-568
2026-10-09 07:28:29,785 INFO o.a.j.t.JMeterThread: Thread finished: Ticket intake 1-568
2026-10-09 07:28:30,341 INFO o.a.j.t.JMeterThread: Thread started: Ticket intake 1-698
2026-10-09 07:28:30,728 INFO o.a.j.t.JMeterThread: Thread started: Ticket intake 1-699
2026-10-09 07:28:31,290 INFO o.a.j.t.o.OpenModelThreadGroup: There will be no more events, so will wait for 1 sec till the end of the schedule
2026-10-09 07:28:31,291 INFO o.a.j.t.JMeterThread: Thread started: Ticket intake 1-700
2026-10-09 07:28:33,261 INFO o.a.j.t.o.OpenModelThreadGroup: Test schedule finished, however, there are 132 thread(s) still running. Will interrupt the threads. If you want to keep some time for the threads to complete, consider adding pause(10 min) at the end of the schedule.
2026-10-09 07:28:33,261 INFO o.a.j.t.o.OpenModelThreadGroup: Terminating thread org.apache.jmeter.threads.JMeterThread@78b646b6
2026-10-09 07:28:33,261 INFO o.a.j.t.JMeterThread: Stopping: Ticket intake 1-662
2026-10-09 07:28:33,261 WARN o.a.j.t.JMeterThread: Interrupting: Ticket intake 1-662 sampler: POST /tickets
2026-10-09 07:28:33,262 INFO o.a.j.t.o.OpenModelThreadGroup: Terminating thread org.apache.jmeter.threads.JMeterThread@4a59cd5d
2026-10-09 07:28:33,262 INFO o.a.j.t.JMeterThread: Stopping: Ticket intake 1-628
2026-10-09 07:28:33,262 WARN o.a.j.t.JMeterThread: Interrupting: Ticket intake 1-628 sampler: POST /tickets
2026-10-09 07:28:33,262 INFO o.a.j.t.o.OpenModelThreadGroup: Terminating thread org.apache.jmeter.threads.JMeterThread@6575a570
2026-10-09 07:28:33,262 INFO o.a.j.t.JMeterThread: Stopping: Ticket intake 1-643
2026-10-09 07:28:33,262 WARN o.a.j.t.JMeterThread: Interrupting: Ticket intake 1-643 sampler: POST /tickets
2026-10-09 07:28:33,262 INFO o.a.j.t.o.OpenModelThreadGroup: Terminating thread org.apache.jmeter.threads.JMeterThread@1e0aad0d
2026-10-09 07:28:33,262 INFO o.a.j.t.JMeterThread: Stopping: Ticket intake 1-604
2026-10-09 07:28:33,262 WARN o.a.j.t.JMeterThread: Interrupting: Ticket intake 1-604 sampler: POST /tickets
2026-10-09 07:28:33,262 INFO o.a.j.t.o.OpenModelThreadGroup: Terminating thread org.apache.jmeter.threads.JMeterThread@37ea39e0
2026-10-09 07:28:33,262 INFO o.a.j.t.JMeterThread: Stopping: Ticket intake 1-618
2026-10-09 07:28:33,262 WARN o.a.j.t.JMeterThread: Interrupting: Ticket intake 1-618 sampler: POST /tickets
2026-10-09 07:28:33,262 INFO o.a.j.t.o.OpenModelThreadGroup: Terminating thread org.apache.jmeter.threads.JMeterThread@cc0dfcb
2026-10-09 07:28:33,262 INFO o.a.j.t.JMeterThread: Stopping: Ticket intake 1-578
2026-10-09 07:28:33,262 WARN o.a.j.t.JMeterThread: Interrupting: Ticket intake 1-578 sampler: POST /tickets
2026-10-09 07:28:33,262 INFO o.a.j.t.o.OpenModelThreadGroup: Terminating thread org.apache.jmeter.threads.JMeterThread@50145d
2026-10-09 07:28:33,262 INFO o.a.j.t.JMeterThread: Stopping: Ticket intake 1-672
2026-10-09 07:28:33,262 WARN o.a.j.t.JMeterThread: Interrupting: Ticket intake 1-672 sampler: POST /tickets
2026-10-09 07:28:33,262 INFO o.a.j.t.o.OpenModelThreadGroup: Terminating thread org.apache.jmeter.threads.JMeterThread@593ac437
2026-10-09 07:28:33,262 INFO o.a.j.t.JMeterThread: Stopping: Ticket intake 1-674
2026-10-09 07:28:33,262 WARN o.a.j.t.JMeterThread: Interrupting: Ticket intake 1-674 sampler: POST /tickets
2026-10-09 07:28:33,262 INFO o.a.j.t.o.OpenModelThreadGroup: Terminating thread org.apache.jmeter.threads.JMeterThread@1e9e2d8e
2026-10-09 07:28:33,262 INFO o.a.j.t.JMeterThread: Stopping: Ticket intake 1-645
2026-10-09 07:28:33,262 WARN o.a.j.t.JMeterThread: Interrupting: Ticket intake 1-645 sampler: POST /tickets
2026-10-09 07:28:33,262 INFO o.a.j.t.o.OpenModelThreadGroup: Terminating thread org.apache.jmeter.threads.JMeterThread@655fbb4d
2026-10-09 07:28:33,262 INFO o.a.j.t.JMeterThread: Stopping: Ticket intake 1-582
2026-10-09 07:28:33,262 WARN o.a.j.t.JMeterThread: Interrupting: Ticket intake 1-582 sampler: POST /tickets
2026-10-09 07:28:33,263 INFO o.a.j.t.o.OpenModelThreadGroup: Terminating thread org.apache.jmeter.threads.JMeterThread@19c1888
2026-10-09 07:28:33,263 INFO o.a.j.t.JMeterThread: Stopping: Ticket intake 1-676
2026-10-09 07:28:33,263 WARN o.a.j.t.JMeterThread: Interrupting: Ticket intake 1-676 sampler: POST /tickets
2026-10-09 07:28:33,263 INFO o.a.j.t.JMeterThread: Thread is done: Ticket intake 1-662
2026-10-09 07:28:33,263 INFO o.a.j.t.JMeterThread: Thread is done: Ticket intake 1-645
2026-10-09 07:28:33,263 INFO o.a.j.t.JMeterThread: Thread finished: Ticket intake 1-662
2026-10-09 07:28:33,263 INFO o.a.j.r.Summariser: summary +      5 in 00:00:30 =    0.2/s Avg: 406023 Min: 118092 Max: 484755 Err:     1 (20.00%) Active: 132 Started: 700 Finished: 568
2026-10-09 07:28:33,263 INFO o.a.j.t.JMeterThread: Thread finished: Ticket intake 1-645
2026-10-09 07:28:33,263 INFO o.a.j.t.JMeterThread: Thread is done: Ticket intake 1-628
2026-10-09 07:28:33,263 INFO o.a.j.t.o.OpenModelThreadGroup: Terminating thread org.apache.jmeter.threads.JMeterThread@65831b95
2026-10-09 07:28:33,263 INFO o.a.j.t.JMeterThread: Thread is done: Ticket intake 1-604
2026-10-09 07:28:33,263 INFO o.a.j.t.JMeterThread: Thread is done: Ticket intake 1-578
2026-10-09 07:28:33,263 INFO o.a.j.t.JMeterThread: Stopping: Ticket intake 1-591
2026-10-09 07:28:33,263 INFO o.a.j.t.JMeterThread: Thread finished: Ticket intake 1-628
2026-10-09 07:28:33,263 INFO o.a.j.t.JMeterThread: Thread finished: Ticket intake 1-578
2026-10-09 07:28:33,263 WARN o.a.j.t.JMeterThread: Interrupting: Ticket intake 1-591 sampler: POST /tickets
2026-10-09 07:28:33,263 INFO o.a.j.t.JMeterThread: Thread finished: Ticket intake 1-604
2026-10-09 07:28:33,263 INFO o.a.j.r.Summariser: summary =    569 in 01:00:00 =    0.2/s Avg: 124342 Min:  3390 Max: 484755 Err:     1 (0.18%)
2026-10-09 07:28:33,263 INFO o.a.j.t.JMeterThread: Thread is done: Ticket intake 1-618
2026-10-09 07:28:33,263 INFO o.a.j.t.JMeterThread: Thread is done: Ticket intake 1-643
2026-10-09 07:28:33,263 INFO o.a.j.t.JMeterThread: Thread is done: Ticket intake 1-582
2026-10-09 07:28:33,263 INFO o.a.j.t.JMeterThread: Thread finished: Ticket intake 1-618
2026-10-09 07:28:33,263 INFO o.a.j.t.JMeterThread: Thread finished: Ticket intake 1-643
2026-10-09 07:28:33,263 INFO o.a.j.t.JMeterThread: Thread is done: Ticket intake 1-676
2026-10-09 07:28:33,263 INFO o.a.j.t.JMeterThread: Thread finished: Ticket intake 1-582
2026-10-09 07:28:33,263 INFO o.a.j.t.JMeterThread: Thread is done: Ticket intake 1-674
2026-10-09 07:28:33,263 INFO o.a.j.t.JMeterThread: Thread finished: Ticket intake 1-676
2026-10-09 07:28:33,263 INFO o.a.j.t.o.OpenModelThreadGroup: Terminating thread org.apache.jmeter.threads.JMeterThread@5573ad6a
2026-10-09 07:28:33,263 INFO o.a.j.t.JMeterThread: Thread finished: Ticket intake 1-674
2026-10-09 07:28:33,263 INFO o.a.j.t.JMeterThread: Stopping: Ticket intake 1-678
2026-10-09 07:28:33,263 INFO o.a.j.t.JMeterThread: Thread is done: Ticket intake 1-672
2026-10-09 07:28:33,263 INFO o.a.j.t.JMeterThread: Thread finished: Ticket intake 1-672
2026-10-09 07:28:33,263 INFO o.a.j.t.JMeterThread: Thread is done: Ticket intake 1-591
2026-10-09 07:28:33,263 INFO o.a.j.t.JMeterThread: Thread finished: Ticket intake 1-591
2026-10-09 07:28:33,263 WARN o.a.j.t.JMeterThread: Interrupting: Ticket intake 1-678 sampler: POST /tickets
2026-10-09 07:28:33,264 INFO o.a.j.t.o.OpenModelThreadGroup: Terminating thread org.apache.jmeter.threads.JMeterThread@4a2b3336
2026-10-09 07:28:33,264 INFO o.a.j.t.JMeterThread: Stopping: Ticket intake 1-612
2026-10-09 07:28:33,264 WARN o.a.j.t.JMeterThread: Interrupting: Ticket intake 1-612 sampler: POST /tickets
2026-10-09 07:28:33,264 INFO o.a.j.t.o.OpenModelThreadGroup: Terminating thread org.apache.jmeter.threads.JMeterThread@34f404ea
2026-10-09 07:28:33,264 INFO o.a.j.t.JMeterThread: Stopping: Ticket intake 1-588
2026-10-09 07:28:33,264 WARN o.a.j.t.JMeterThread: Interrupting: Ticket intake 1-588 sampler: POST /tickets
2026-10-09 07:28:33,264 INFO o.a.j.t.o.OpenModelThreadGroup: Terminating thread org.apache.jmeter.threads.JMeterThread@7a62a37c
2026-10-09 07:28:33,264 INFO o.a.j.t.JMeterThread: Stopping: Ticket intake 1-666
2026-10-09 07:28:33,264 WARN o.a.j.t.JMeterThread: Interrupting: Ticket intake 1-666 sampler: POST /tickets
2026-10-09 07:28:33,264 INFO o.a.j.t.o.OpenModelThreadGroup: Terminating thread org.apache.jmeter.threads.JMeterThread@4d473862
2026-10-09 07:28:33,264 INFO o.a.j.t.JMeterThread: Stopping: Ticket intake 1-639
2026-10-09 07:28:33,264 WARN o.a.j.t.JMeterThread: Interrupting: Ticket intake 1-639 sampler: POST /tickets
2026-10-09 07:28:33,264 INFO o.a.j.t.JMeterThread: Thread is done: Ticket intake 1-588
2026-10-09 07:28:33,264 INFO o.a.j.t.JMeterThread: Thread finished: Ticket intake 1-588
2026-10-09 07:28:33,264 INFO o.a.j.t.JMeterThread: Thread is done: Ticket intake 1-612
2026-10-09 07:28:33,264 INFO o.a.j.t.o.OpenModelThreadGroup: Terminating thread org.apache.jmeter.threads.JMeterThread@39e1e1c6
2026-10-09 07:28:33,264 INFO o.a.j.t.JMeterThread: Stopping: Ticket intake 1-677
2026-10-09 07:28:33,264 INFO o.a.j.t.JMeterThread: Thread finished: Ticket intake 1-612
2026-10-09 07:28:33,264 WARN o.a.j.t.JMeterThread: Interrupting: Ticket intake 1-677 sampler: POST /tickets
2026-10-09 07:28:33,264 INFO o.a.j.t.JMeterThread: Thread is done: Ticket intake 1-666
2026-10-09 07:28:33,264 INFO o.a.j.t.JMeterThread: Thread is done: Ticket intake 1-678
2026-10-09 07:28:33,264 INFO o.a.j.t.JMeterThread: Thread finished: Ticket intake 1-666
2026-10-09 07:28:33,264 INFO o.a.j.t.JMeterThread: Thread finished: Ticket intake 1-678
2026-10-09 07:28:33,264 INFO o.a.j.t.o.OpenModelThreadGroup: Terminating thread org.apache.jmeter.threads.JMeterThread@69cca8e4
2026-10-09 07:28:33,264 INFO o.a.j.t.JMeterThread: Stopping: Ticket intake 1-600
2026-10-09 07:28:33,264 WARN o.a.j.t.JMeterThread: Interrupting: Ticket intake 1-600 sampler: POST /tickets
2026-10-09 07:28:33,264 INFO o.a.j.t.o.OpenModelThreadGroup: Terminating thread org.apache.jmeter.threads.JMeterThread@13515e78
2026-10-09 07:28:33,264 INFO o.a.j.t.JMeterThread: Stopping: Ticket intake 1-619
2026-10-09 07:28:33,264 WARN o.a.j.t.JMeterThread: Interrupting: Ticket intake 1-619 sampler: POST /tickets
2026-10-09 07:28:33,264 INFO o.a.j.t.JMeterThread: Thread is done: Ticket intake 1-677
2026-10-09 07:28:33,264 INFO o.a.j.t.JMeterThread: Thread is done: Ticket intake 1-639
2026-10-09 07:28:33,264 INFO o.a.j.t.JMeterThread: Thread finished: Ticket intake 1-639
2026-10-09 07:28:33,264 INFO o.a.j.t.JMeterThread: Thread finished: Ticket intake 1-677
2026-10-09 07:28:33,264 INFO o.a.j.t.o.OpenModelThreadGroup: Terminating thread org.apache.jmeter.threads.JMeterThread@19021e2b
2026-10-09 07:28:33,264 INFO o.a.j.t.JMeterThread: Stopping: Ticket intake 1-632
2026-10-09 07:28:33,264 WARN o.a.j.t.JMeterThread: Interrupting: Ticket intake 1-632 sampler: POST /tickets
2026-10-09 07:28:33,264 INFO o.a.j.t.JMeterThread: Thread is done: Ticket intake 1-600
2026-10-09 07:28:33,265 INFO o.a.j.t.JMeterThread: Thread finished: Ticket intake 1-600
2026-10-09 07:28:33,265 INFO o.a.j.t.o.OpenModelThreadGroup: Terminating thread org.apache.jmeter.threads.JMeterThread@390e0f25
2026-10-09 07:28:33,265 INFO o.a.j.t.JMeterThread: Stopping: Ticket intake 1-649
2026-10-09 07:28:33,265 WARN o.a.j.t.JMeterThread: Interrupting: Ticket intake 1-649 sampler: POST /tickets
2026-10-09 07:28:33,265 INFO o.a.j.t.JMeterThread: Thread is done: Ticket intake 1-619
2026-10-09 07:28:33,265 INFO o.a.j.t.o.OpenModelThreadGroup: Terminating thread org.apache.jmeter.threads.JMeterThread@79cc45e1
2026-10-09 07:28:33,265 INFO o.a.j.t.JMeterThread: Thread finished: Ticket intake 1-619
2026-10-09 07:28:33,265 INFO o.a.j.t.JMeterThread: Stopping: Ticket intake 1-660
2026-10-09 07:28:33,265 WARN o.a.j.t.JMeterThread: Interrupting: Ticket intake 1-660 sampler: POST /tickets
2026-10-09 07:28:33,265 INFO o.a.j.t.o.OpenModelThreadGroup: Terminating thread org.apache.jmeter.threads.JMeterThread@e3e5910
2026-10-09 07:28:33,265 INFO o.a.j.t.JMeterThread: Stopping: Ticket intake 1-595
2026-10-09 07:28:33,265 WARN o.a.j.t.JMeterThread: Interrupting: Ticket intake 1-595 sampler: POST /tickets
2026-10-09 07:28:33,265 INFO o.a.j.t.JMeterThread: Thread is done: Ticket intake 1-632
2026-10-09 07:28:33,265 INFO o.a.j.t.o.OpenModelThreadGroup: Terminating thread org.apache.jmeter.threads.JMeterThread@3fb83a89
2026-10-09 07:28:33,265 INFO o.a.j.t.JMeterThread: Thread finished: Ticket intake 1-632
2026-10-09 07:28:33,265 INFO o.a.j.t.JMeterThread: Stopping: Ticket intake 1-697
2026-10-09 07:28:33,265 INFO o.a.j.t.JMeterThread: Thread is done: Ticket intake 1-649
2026-10-09 07:28:33,265 INFO o.a.j.t.JMeterThread: Thread finished: Ticket intake 1-649
2026-10-09 07:28:33,265 WARN o.a.j.t.JMeterThread: Interrupting: Ticket intake 1-697 sampler: POST /tickets
2026-10-09 07:28:33,265 INFO o.a.j.t.JMeterThread: Thread is done: Ticket intake 1-660
2026-10-09 07:28:33,265 INFO o.a.j.t.JMeterThread: Thread finished: Ticket intake 1-660
2026-10-09 07:28:33,265 INFO o.a.j.t.o.OpenModelThreadGroup: Terminating thread org.apache.jmeter.threads.JMeterThread@427c6948
2026-10-09 07:28:33,265 INFO o.a.j.t.JMeterThread: Stopping: Ticket intake 1-615
2026-10-09 07:28:33,265 WARN o.a.j.t.JMeterThread: Interrupting: Ticket intake 1-615 sampler: POST /tickets
2026-10-09 07:28:33,265 INFO o.a.j.t.o.OpenModelThreadGroup: Terminating thread org.apache.jmeter.threads.JMeterThread@52df5dea
2026-10-09 07:28:33,265 INFO o.a.j.t.JMeterThread: Stopping: Ticket intake 1-601
2026-10-09 07:28:33,265 WARN o.a.j.t.JMeterThread: Interrupting: Ticket intake 1-601 sampler: POST /tickets
2026-10-09 07:28:33,265 INFO o.a.j.t.JMeterThread: Thread is done: Ticket intake 1-595
2026-10-09 07:28:33,265 INFO o.a.j.t.o.OpenModelThreadGroup: Terminating thread org.apache.jmeter.threads.JMeterThread@6e605c56
2026-10-09 07:28:33,265 INFO o.a.j.t.JMeterThread: Stopping: Ticket intake 1-609
2026-10-09 07:28:33,265 INFO o.a.j.t.JMeterThread: Thread finished: Ticket intake 1-595
2026-10-09 07:28:33,265 WARN o.a.j.t.JMeterThread: Interrupting: Ticket intake 1-609 sampler: POST /tickets
2026-10-09 07:28:33,265 INFO o.a.j.t.JMeterThread: Thread is done: Ticket intake 1-697
2026-10-09 07:28:33,265 INFO o.a.j.t.JMeterThread: Thread finished: Ticket intake 1-697
2026-10-09 07:28:33,265 INFO o.a.j.t.JMeterThread: Thread is done: Ticket intake 1-615
2026-10-09 07:28:33,265 INFO o.a.j.t.o.OpenModelThreadGroup: Terminating thread org.apache.jmeter.threads.JMeterThread@7649e771
2026-10-09 07:28:33,265 INFO o.a.j.t.JMeterThread: Thread finished: Ticket intake 1-615
2026-10-09 07:28:33,265 INFO o.a.j.t.JMeterThread: Stopping: Ticket intake 1-587
2026-10-09 07:28:33,265 WARN o.a.j.t.JMeterThread: Interrupting: Ticket intake 1-587 sampler: POST /tickets
2026-10-09 07:28:33,265 INFO o.a.j.t.o.OpenModelThreadGroup: Terminating thread org.apache.jmeter.threads.JMeterThread@5a956bad
2026-10-09 07:28:33,265 INFO o.a.j.t.JMeterThread: Stopping: Ticket intake 1-598
2026-10-09 07:28:33,265 INFO o.a.j.t.JMeterThread: Thread is done: Ticket intake 1-601
2026-10-09 07:28:33,265 WARN o.a.j.t.JMeterThread: Interrupting: Ticket intake 1-598 sampler: POST /tickets
2026-10-09 07:28:33,265 INFO o.a.j.t.JMeterThread: Thread finished: Ticket intake 1-601
2026-10-09 07:28:33,265 INFO o.a.j.t.o.OpenModelThreadGroup: Terminating thread org.apache.jmeter.threads.JMeterThread@545c4f62
2026-10-09 07:28:33,265 INFO o.a.j.t.JMeterThread: Stopping: Ticket intake 1-684
2026-10-09 07:28:33,265 WARN o.a.j.t.JMeterThread: Interrupting: Ticket intake 1-684 sampler: POST /tickets
2026-10-09 07:28:33,265 INFO o.a.j.t.o.OpenModelThreadGroup: Terminating thread org.apache.jmeter.threads.JMeterThread@4dc0c6ff
2026-10-09 07:28:33,265 INFO o.a.j.t.JMeterThread: Thread is done: Ticket intake 1-609
2026-10-09 07:28:33,265 INFO o.a.j.t.JMeterThread: Thread finished: Ticket intake 1-609
2026-10-09 07:28:33,265 INFO o.a.j.t.JMeterThread: Stopping: Ticket intake 1-671
2026-10-09 07:28:33,265 WARN o.a.j.t.JMeterThread: Interrupting: Ticket intake 1-671 sampler: POST /tickets
2026-10-09 07:28:33,265 INFO o.a.j.t.JMeterThread: Thread is done: Ticket intake 1-587
2026-10-09 07:28:33,265 INFO o.a.j.t.o.OpenModelThreadGroup: Terminating thread org.apache.jmeter.threads.JMeterThread@66fb9eb8
2026-10-09 07:28:33,265 INFO o.a.j.t.JMeterThread: Stopping: Ticket intake 1-654
2026-10-09 07:28:33,266 WARN o.a.j.t.JMeterThread: Interrupting: Ticket intake 1-654 sampler: POST /tickets
2026-10-09 07:28:33,265 INFO o.a.j.t.JMeterThread: Thread finished: Ticket intake 1-587
2026-10-09 07:28:33,266 INFO o.a.j.t.o.OpenModelThreadGroup: Terminating thread org.apache.jmeter.threads.JMeterThread@16125d54
2026-10-09 07:28:33,266 INFO o.a.j.t.JMeterThread: Stopping: Ticket intake 1-597
2026-10-09 07:28:33,266 WARN o.a.j.t.JMeterThread: Interrupting: Ticket intake 1-597 sampler: POST /tickets
2026-10-09 07:28:33,266 INFO o.a.j.t.JMeterThread: Thread is done: Ticket intake 1-598
2026-10-09 07:28:33,266 INFO o.a.j.t.JMeterThread: Thread finished: Ticket intake 1-598
2026-10-09 07:28:33,266 INFO o.a.j.t.o.OpenModelThreadGroup: Terminating thread org.apache.jmeter.threads.JMeterThread@5bc3b685
2026-10-09 07:28:33,266 INFO o.a.j.t.JMeterThread: Thread is done: Ticket intake 1-684
2026-10-09 07:28:33,266 INFO o.a.j.t.JMeterThread: Thread finished: Ticket intake 1-684
2026-10-09 07:28:33,266 INFO o.a.j.t.JMeterThread: Stopping: Ticket intake 1-620
2026-10-09 07:28:33,266 WARN o.a.j.t.JMeterThread: Interrupting: Ticket intake 1-620 sampler: POST /tickets
2026-10-09 07:28:33,266 INFO o.a.j.t.JMeterThread: Thread is done: Ticket intake 1-654
2026-10-09 07:28:33,266 INFO o.a.j.t.JMeterThread: Thread finished: Ticket intake 1-654
2026-10-09 07:28:33,266 INFO o.a.j.t.JMeterThread: Thread is done: Ticket intake 1-597
2026-10-09 07:28:33,266 INFO o.a.j.t.JMeterThread: Thread finished: Ticket intake 1-597
2026-10-09 07:28:33,266 INFO o.a.j.t.JMeterThread: Thread is done: Ticket intake 1-671
2026-10-09 07:28:33,266 INFO o.a.j.t.JMeterThread: Thread finished: Ticket intake 1-671
2026-10-09 07:28:33,266 INFO o.a.j.t.o.OpenModelThreadGroup: Terminating thread org.apache.jmeter.threads.JMeterThread@1e262a8
2026-10-09 07:28:33,266 INFO o.a.j.t.JMeterThread: Stopping: Ticket intake 1-692
2026-10-09 07:28:33,266 WARN o.a.j.t.JMeterThread: Interrupting: Ticket intake 1-692 sampler: POST /tickets
2026-10-09 07:28:33,266 INFO o.a.j.t.o.OpenModelThreadGroup: Terminating thread org.apache.jmeter.threads.JMeterThread@11fe12b5
2026-10-09 07:28:33,266 INFO o.a.j.t.JMeterThread: Stopping: Ticket intake 1-622
2026-10-09 07:28:33,266 WARN o.a.j.t.JMeterThread: Interrupting: Ticket intake 1-622 sampler: POST /tickets
2026-10-09 07:28:33,266 INFO o.a.j.t.o.OpenModelThreadGroup: Terminating thread org.apache.jmeter.threads.JMeterThread@78193c55
2026-10-09 07:28:33,266 INFO o.a.j.t.JMeterThread: Thread is done: Ticket intake 1-620
2026-10-09 07:28:33,266 INFO o.a.j.t.JMeterThread: Stopping: Ticket intake 1-646
2026-10-09 07:28:33,266 INFO o.a.j.t.JMeterThread: Thread finished: Ticket intake 1-620
2026-10-09 07:28:33,266 WARN o.a.j.t.JMeterThread: Interrupting: Ticket intake 1-646 sampler: POST /tickets
2026-10-09 07:28:33,266 INFO o.a.j.t.JMeterThread: Thread is done: Ticket intake 1-692
2026-10-09 07:28:33,266 INFO o.a.j.t.JMeterThread: Thread finished: Ticket intake 1-692
2026-10-09 07:28:33,266 INFO o.a.j.t.o.OpenModelThreadGroup: Terminating thread org.apache.jmeter.threads.JMeterThread@53a983e6
2026-10-09 07:28:33,266 INFO o.a.j.t.JMeterThread: Stopping: Ticket intake 1-668
2026-10-09 07:28:33,266 WARN o.a.j.t.JMeterThread: Interrupting: Ticket intake 1-668 sampler: POST /tickets
2026-10-09 07:28:33,266 INFO o.a.j.t.o.OpenModelThreadGroup: Terminating thread org.apache.jmeter.threads.JMeterThread@58ad8db
2026-10-09 07:28:33,266 INFO o.a.j.t.JMeterThread: Stopping: Ticket intake 1-661
2026-10-09 07:28:33,266 WARN o.a.j.t.JMeterThread: Interrupting: Ticket intake 1-661 sampler: POST /tickets
2026-10-09 07:28:33,266 INFO o.a.j.t.JMeterThread: Thread is done: Ticket intake 1-646
2026-10-09 07:28:33,266 INFO o.a.j.t.JMeterThread: Thread finished: Ticket intake 1-646
2026-10-09 07:28:33,266 INFO o.a.j.t.JMeterThread: Thread is done: Ticket intake 1-622
2026-10-09 07:28:33,266 INFO o.a.j.t.o.OpenModelThreadGroup: Terminating thread org.apache.jmeter.threads.JMeterThread@69ddd289
2026-10-09 07:28:33,266 INFO o.a.j.t.JMeterThread: Thread finished: Ticket intake 1-622
2026-10-09 07:28:33,266 INFO o.a.j.t.JMeterThread: Stopping: Ticket intake 1-664
2026-10-09 07:28:33,266 WARN o.a.j.t.JMeterThread: Interrupting: Ticket intake 1-664 sampler: POST /tickets
2026-10-09 07:28:33,266 INFO o.a.j.t.JMeterThread: Thread is done: Ticket intake 1-668
2026-10-09 07:28:33,266 INFO o.a.j.t.JMeterThread: Thread finished: Ticket intake 1-668
2026-10-09 07:28:33,266 INFO o.a.j.t.o.OpenModelThreadGroup: Terminating thread org.apache.jmeter.threads.JMeterThread@2e4efb1b
2026-10-09 07:28:33,266 INFO o.a.j.t.JMeterThread: Stopping: Ticket intake 1-613
2026-10-09 07:28:33,266 WARN o.a.j.t.JMeterThread: Interrupting: Ticket intake 1-613 sampler: POST /tickets
2026-10-09 07:28:33,266 INFO o.a.j.t.o.OpenModelThreadGroup: Terminating thread org.apache.jmeter.threads.JMeterThread@9b242e5
2026-10-09 07:28:33,266 INFO o.a.j.t.JMeterThread: Stopping: Ticket intake 1-585
2026-10-09 07:28:33,266 WARN o.a.j.t.JMeterThread: Interrupting: Ticket intake 1-585 sampler: POST /tickets
2026-10-09 07:28:33,266 INFO o.a.j.t.JMeterThread: Thread is done: Ticket intake 1-661
2026-10-09 07:28:33,266 INFO o.a.j.t.JMeterThread: Thread finished: Ticket intake 1-661
2026-10-09 07:28:33,266 INFO o.a.j.t.o.OpenModelThreadGroup: Terminating thread org.apache.jmeter.threads.JMeterThread@5db99ee0
2026-10-09 07:28:33,266 INFO o.a.j.t.JMeterThread: Stopping: Ticket intake 1-627
2026-10-09 07:28:33,266 WARN o.a.j.t.JMeterThread: Interrupting: Ticket intake 1-627 sampler: POST /tickets
2026-10-09 07:28:33,266 INFO o.a.j.t.o.OpenModelThreadGroup: Terminating thread org.apache.jmeter.threads.JMeterThread@3296bacd
2026-10-09 07:28:33,266 INFO o.a.j.t.JMeterThread: Stopping: Ticket intake 1-630
2026-10-09 07:28:33,266 WARN o.a.j.t.JMeterThread: Interrupting: Ticket intake 1-630 sampler: POST /tickets
2026-10-09 07:28:33,266 INFO o.a.j.t.o.OpenModelThreadGroup: Terminating thread org.apache.jmeter.threads.JMeterThread@563b8d60
2026-10-09 07:28:33,266 INFO o.a.j.t.JMeterThread: Stopping: Ticket intake 1-680
2026-10-09 07:28:33,266 WARN o.a.j.t.JMeterThread: Interrupting: Ticket intake 1-680 sampler: POST /tickets
2026-10-09 07:28:33,266 INFO o.a.j.t.o.OpenModelThreadGroup: Terminating thread org.apache.jmeter.threads.JMeterThread@53182d43
2026-10-09 07:28:33,267 INFO o.a.j.t.JMeterThread: Stopping: Ticket intake 1-691
2026-10-09 07:28:33,267 INFO o.a.j.t.JMeterThread: Thread is done: Ticket intake 1-613
2026-10-09 07:28:33,267 WARN o.a.j.t.JMeterThread: Interrupting: Ticket intake 1-691 sampler: POST /tickets
2026-10-09 07:28:33,267 INFO o.a.j.t.JMeterThread: Thread is done: Ticket intake 1-585
2026-10-09 07:28:33,267 INFO o.a.j.t.JMeterThread: Thread is done: Ticket intake 1-664
2026-10-09 07:28:33,267 INFO o.a.j.t.JMeterThread: Thread finished: Ticket intake 1-664
2026-10-09 07:28:33,267 INFO o.a.j.t.JMeterThread: Thread finished: Ticket intake 1-613
2026-10-09 07:28:33,267 INFO o.a.j.t.JMeterThread: Thread finished: Ticket intake 1-585
2026-10-09 07:28:33,267 INFO o.a.j.t.JMeterThread: Thread is done: Ticket intake 1-680
2026-10-09 07:28:33,267 INFO o.a.j.t.JMeterThread: Thread is done: Ticket intake 1-627
2026-10-09 07:28:33,267 INFO o.a.j.t.o.OpenModelThreadGroup: Terminating thread org.apache.jmeter.threads.JMeterThread@15585105
2026-10-09 07:28:33,267 INFO o.a.j.t.JMeterThread: Thread finished: Ticket intake 1-627
2026-10-09 07:28:33,267 INFO o.a.j.t.JMeterThread: Thread finished: Ticket intake 1-680
2026-10-09 07:28:33,267 INFO o.a.j.t.JMeterThread: Thread is done: Ticket intake 1-630
2026-10-09 07:28:33,267 INFO o.a.j.t.JMeterThread: Stopping: Ticket intake 1-589
2026-10-09 07:28:33,267 INFO o.a.j.t.JMeterThread: Thread finished: Ticket intake 1-630
2026-10-09 07:28:33,267 WARN o.a.j.t.JMeterThread: Interrupting: Ticket intake 1-589 sampler: POST /tickets
2026-10-09 07:28:33,267 INFO o.a.j.t.o.OpenModelThreadGroup: Terminating thread org.apache.jmeter.threads.JMeterThread@3f0dcf50
2026-10-09 07:28:33,267 INFO o.a.j.t.JMeterThread: Stopping: Ticket intake 1-693
2026-10-09 07:28:33,267 WARN o.a.j.t.JMeterThread: Interrupting: Ticket intake 1-693 sampler: POST /tickets
2026-10-09 07:28:33,267 INFO o.a.j.t.o.OpenModelThreadGroup: Terminating thread org.apache.jmeter.threads.JMeterThread@53f899a7
2026-10-09 07:28:33,267 INFO o.a.j.t.JMeterThread: Stopping: Ticket intake 1-606
2026-10-09 07:28:33,267 WARN o.a.j.t.JMeterThread: Interrupting: Ticket intake 1-606 sampler: POST /tickets
2026-10-09 07:28:33,267 INFO o.a.j.t.o.OpenModelThreadGroup: Terminating thread org.apache.jmeter.threads.JMeterThread@606bc80b
2026-10-09 07:28:33,267 INFO o.a.j.t.JMeterThread: Stopping: Ticket intake 1-669
2026-10-09 07:28:33,267 WARN o.a.j.t.JMeterThread: Interrupting: Ticket intake 1-669 sampler: POST /tickets
2026-10-09 07:28:33,267 INFO o.a.j.t.o.OpenModelThreadGroup: Terminating thread org.apache.jmeter.threads.JMeterThread@2278fe1a
2026-10-09 07:28:33,267 INFO o.a.j.t.JMeterThread: Stopping: Ticket intake 1-583
2026-10-09 07:28:33,267 WARN o.a.j.t.JMeterThread: Interrupting: Ticket intake 1-583 sampler: POST /tickets
2026-10-09 07:28:33,267 INFO o.a.j.t.JMeterThread: Thread is done: Ticket intake 1-589
2026-10-09 07:28:33,267 INFO o.a.j.t.JMeterThread: Thread finished: Ticket intake 1-589
2026-10-09 07:28:33,267 INFO o.a.j.t.o.OpenModelThreadGroup: Terminating thread org.apache.jmeter.threads.JMeterThread@72b8748
2026-10-09 07:28:33,267 INFO o.a.j.t.JMeterThread: Thread is done: Ticket intake 1-693
2026-10-09 07:28:33,267 INFO o.a.j.t.JMeterThread: Thread is done: Ticket intake 1-691
2026-10-09 07:28:33,267 INFO o.a.j.t.JMeterThread: Thread finished: Ticket intake 1-693
2026-10-09 07:28:33,267 INFO o.a.j.t.JMeterThread: Thread finished: Ticket intake 1-691
2026-10-09 07:28:33,267 INFO o.a.j.t.JMeterThread: Stopping: Ticket intake 1-629
2026-10-09 07:28:33,267 WARN o.a.j.t.JMeterThread: Interrupting: Ticket intake 1-629 sampler: POST /tickets
2026-10-09 07:28:33,267 INFO o.a.j.t.o.OpenModelThreadGroup: Terminating thread org.apache.jmeter.threads.JMeterThread@563ad55e
2026-10-09 07:28:33,267 INFO o.a.j.t.JMeterThread: Thread is done: Ticket intake 1-606
2026-10-09 07:28:33,267 INFO o.a.j.t.JMeterThread: Thread is done: Ticket intake 1-669
2026-10-09 07:28:33,267 INFO o.a.j.t.JMeterThread: Thread finished: Ticket intake 1-669
2026-10-09 07:28:33,267 INFO o.a.j.t.JMeterThread: Stopping: Ticket intake 1-575
2026-10-09 07:28:33,267 INFO o.a.j.t.JMeterThread: Thread is done: Ticket intake 1-583
2026-10-09 07:28:33,267 WARN o.a.j.t.JMeterThread: Interrupting: Ticket intake 1-575 sampler: POST /tickets
2026-10-09 07:28:33,267 INFO o.a.j.t.JMeterThread: Thread finished: Ticket intake 1-606
2026-10-09 07:28:33,267 INFO o.a.j.t.JMeterThread: Thread is done: Ticket intake 1-629
2026-10-09 07:28:33,267 INFO o.a.j.t.JMeterThread: Thread finished: Ticket intake 1-629
2026-10-09 07:28:33,267 INFO o.a.j.t.JMeterThread: Thread finished: Ticket intake 1-583
2026-10-09 07:28:33,267 INFO o.a.j.t.o.OpenModelThreadGroup: Terminating thread org.apache.jmeter.threads.JMeterThread@404bf62
2026-10-09 07:28:33,267 INFO o.a.j.t.JMeterThread: Stopping: Ticket intake 1-608
2026-10-09 07:28:33,267 WARN o.a.j.t.JMeterThread: Interrupting: Ticket intake 1-608 sampler: POST /tickets
2026-10-09 07:28:33,267 INFO o.a.j.t.o.OpenModelThreadGroup: Terminating thread org.apache.jmeter.threads.JMeterThread@4c4d862b
2026-10-09 07:28:33,267 INFO o.a.j.t.JMeterThread: Stopping: Ticket intake 1-636
2026-10-09 07:28:33,267 WARN o.a.j.t.JMeterThread: Interrupting: Ticket intake 1-636 sampler: POST /tickets
2026-10-09 07:28:33,267 INFO o.a.j.t.o.OpenModelThreadGroup: Terminating thread org.apache.jmeter.threads.JMeterThread@3f0a5a63
2026-10-09 07:28:33,268 INFO o.a.j.t.JMeterThread: Stopping: Ticket intake 1-648
2026-10-09 07:28:33,268 WARN o.a.j.t.JMeterThread: Interrupting: Ticket intake 1-648 sampler: POST /tickets
2026-10-09 07:28:33,268 INFO o.a.j.t.o.OpenModelThreadGroup: Terminating thread org.apache.jmeter.threads.JMeterThread@4fda79b0
2026-10-09 07:28:33,268 INFO o.a.j.t.JMeterThread: Stopping: Ticket intake 1-634
2026-10-09 07:28:33,268 WARN o.a.j.t.JMeterThread: Interrupting: Ticket intake 1-634 sampler: POST /tickets
2026-10-09 07:28:33,268 INFO o.a.j.t.o.OpenModelThreadGroup: Terminating thread org.apache.jmeter.threads.JMeterThread@4e770c1c
2026-10-09 07:28:33,268 INFO o.a.j.t.JMeterThread: Stopping: Ticket intake 1-625
2026-10-09 07:28:33,268 INFO o.a.j.t.JMeterThread: Thread is done: Ticket intake 1-575
2026-10-09 07:28:33,268 WARN o.a.j.t.JMeterThread: Interrupting: Ticket intake 1-625 sampler: POST /tickets
2026-10-09 07:28:33,268 INFO o.a.j.t.JMeterThread: Thread finished: Ticket intake 1-575
2026-10-09 07:28:33,268 INFO o.a.j.t.JMeterThread: Thread is done: Ticket intake 1-608
2026-10-09 07:28:33,268 INFO o.a.j.t.JMeterThread: Thread is done: Ticket intake 1-648
2026-10-09 07:28:33,268 INFO o.a.j.t.JMeterThread: Thread finished: Ticket intake 1-648
2026-10-09 07:28:33,268 INFO o.a.j.t.JMeterThread: Thread finished: Ticket intake 1-608
2026-10-09 07:28:33,268 INFO o.a.j.t.o.OpenModelThreadGroup: Terminating thread org.apache.jmeter.threads.JMeterThread@93a724a
2026-10-09 07:28:33,268 INFO o.a.j.t.JMeterThread: Thread is done: Ticket intake 1-636
2026-10-09 07:28:33,268 INFO o.a.j.t.JMeterThread: Stopping: Ticket intake 1-663
2026-10-09 07:28:33,268 INFO o.a.j.t.JMeterThread: Thread finished: Ticket intake 1-636
2026-10-09 07:28:33,268 INFO o.a.j.t.JMeterThread: Thread is done: Ticket intake 1-634
2026-10-09 07:28:33,268 INFO o.a.j.t.JMeterThread: Thread finished: Ticket intake 1-634
2026-10-09 07:28:33,268 INFO o.a.j.t.JMeterThread: Thread is done: Ticket intake 1-625
2026-10-09 07:28:33,268 WARN o.a.j.t.JMeterThread: Interrupting: Ticket intake 1-663 sampler: POST /tickets
2026-10-09 07:28:33,268 INFO o.a.j.t.JMeterThread: Thread finished: Ticket intake 1-625
2026-10-09 07:28:33,268 INFO o.a.j.t.o.OpenModelThreadGroup: Terminating thread org.apache.jmeter.threads.JMeterThread@77f14784
2026-10-09 07:28:33,268 INFO o.a.j.t.JMeterThread: Stopping: Ticket intake 1-626
2026-10-09 07:28:33,268 WARN o.a.j.t.JMeterThread: Interrupting: Ticket intake 1-626 sampler: POST /tickets
2026-10-09 07:28:33,268 INFO o.a.j.t.o.OpenModelThreadGroup: Terminating thread org.apache.jmeter.threads.JMeterThread@67e51692
2026-10-09 07:28:33,268 INFO o.a.j.t.JMeterThread: Stopping: Ticket intake 1-607
2026-10-09 07:28:33,268 WARN o.a.j.t.JMeterThread: Interrupting: Ticket intake 1-607 sampler: POST /tickets
2026-10-09 07:28:33,268 INFO o.a.j.t.o.OpenModelThreadGroup: Terminating thread org.apache.jmeter.threads.JMeterThread@721ae463
2026-10-09 07:28:33,268 INFO o.a.j.t.JMeterThread: Stopping: Ticket intake 1-616
2026-10-09 07:28:33,268 WARN o.a.j.t.JMeterThread: Interrupting: Ticket intake 1-616 sampler: POST /tickets
2026-10-09 07:28:33,268 INFO o.a.j.t.JMeterThread: Thread is done: Ticket intake 1-663
2026-10-09 07:28:33,268 INFO o.a.j.t.JMeterThread: Thread finished: Ticket intake 1-663
2026-10-09 07:28:33,268 INFO o.a.j.t.o.OpenModelThreadGroup: Terminating thread org.apache.jmeter.threads.JMeterThread@6788201
2026-10-09 07:28:33,268 INFO o.a.j.t.JMeterThread: Thread is done: Ticket intake 1-626
2026-10-09 07:28:33,268 INFO o.a.j.t.JMeterThread: Stopping: Ticket intake 1-638
2026-10-09 07:28:33,268 INFO o.a.j.t.JMeterThread: Thread finished: Ticket intake 1-626
2026-10-09 07:28:33,268 WARN o.a.j.t.JMeterThread: Interrupting: Ticket intake 1-638 sampler: POST /tickets
2026-10-09 07:28:33,268 INFO o.a.j.t.o.OpenModelThreadGroup: Terminating thread org.apache.jmeter.threads.JMeterThread@6538c29
2026-10-09 07:28:33,268 INFO o.a.j.t.JMeterThread: Stopping: Ticket intake 1-656
2026-10-09 07:28:33,268 INFO o.a.j.t.JMeterThread: Thread is done: Ticket intake 1-607
2026-10-09 07:28:33,268 INFO o.a.j.t.JMeterThread: Thread finished: Ticket intake 1-607
2026-10-09 07:28:33,268 WARN o.a.j.t.JMeterThread: Interrupting: Ticket intake 1-656 sampler: POST /tickets
2026-10-09 07:28:33,268 INFO o.a.j.t.JMeterThread: Thread is done: Ticket intake 1-616
2026-10-09 07:28:33,268 INFO o.a.j.t.JMeterThread: Thread finished: Ticket intake 1-616
2026-10-09 07:28:33,268 INFO o.a.j.t.JMeterThread: Thread is done: Ticket intake 1-638
2026-10-09 07:28:33,268 INFO o.a.j.t.JMeterThread: Thread finished: Ticket intake 1-638
2026-10-09 07:28:33,268 INFO o.a.j.t.o.OpenModelThreadGroup: Terminating thread org.apache.jmeter.threads.JMeterThread@13a1eedf
2026-10-09 07:28:33,268 INFO o.a.j.t.JMeterThread: Stopping: Ticket intake 1-594
2026-10-09 07:28:33,268 WARN o.a.j.t.JMeterThread: Interrupting: Ticket intake 1-594 sampler: POST /tickets
2026-10-09 07:28:33,268 INFO o.a.j.t.o.OpenModelThreadGroup: Terminating thread org.apache.jmeter.threads.JMeterThread@778f7f8
2026-10-09 07:28:33,268 INFO o.a.j.t.JMeterThread: Stopping: Ticket intake 1-642
2026-10-09 07:28:33,268 WARN o.a.j.t.JMeterThread: Interrupting: Ticket intake 1-642 sampler: POST /tickets
2026-10-09 07:28:33,268 INFO o.a.j.t.JMeterThread: Thread is done: Ticket intake 1-656
2026-10-09 07:28:33,268 INFO o.a.j.t.JMeterThread: Thread finished: Ticket intake 1-656
2026-10-09 07:28:33,269 INFO o.a.j.t.JMeterThread: Thread is done: Ticket intake 1-594
2026-10-09 07:28:33,269 INFO o.a.j.t.JMeterThread: Thread finished: Ticket intake 1-594
2026-10-09 07:28:33,269 INFO o.a.j.t.o.OpenModelThreadGroup: Terminating thread org.apache.jmeter.threads.JMeterThread@3ea8882d
2026-10-09 07:28:33,269 INFO o.a.j.t.JMeterThread: Stopping: Ticket intake 1-576
2026-10-09 07:28:33,269 WARN o.a.j.t.JMeterThread: Interrupting: Ticket intake 1-576 sampler: POST /tickets
2026-10-09 07:28:33,269 INFO o.a.j.t.o.OpenModelThreadGroup: Terminating thread org.apache.jmeter.threads.JMeterThread@2af8997e
2026-10-09 07:28:33,269 INFO o.a.j.t.JMeterThread: Stopping: Ticket intake 1-644
2026-10-09 07:28:33,269 WARN o.a.j.t.JMeterThread: Interrupting: Ticket intake 1-644 sampler: POST /tickets
2026-10-09 07:28:33,269 INFO o.a.j.t.o.OpenModelThreadGroup: Terminating thread org.apache.jmeter.threads.JMeterThread@31012487
2026-10-09 07:28:33,269 INFO o.a.j.t.JMeterThread: Stopping: Ticket intake 1-655
2026-10-09 07:28:33,269 INFO o.a.j.t.JMeterThread: Thread is done: Ticket intake 1-642
2026-10-09 07:28:33,269 WARN o.a.j.t.JMeterThread: Interrupting: Ticket intake 1-655 sampler: POST /tickets
2026-10-09 07:28:33,269 INFO o.a.j.t.JMeterThread: Thread finished: Ticket intake 1-642
2026-10-09 07:28:33,269 INFO o.a.j.t.JMeterThread: Thread is done: Ticket intake 1-576
2026-10-09 07:28:33,269 INFO o.a.j.t.o.OpenModelThreadGroup: Terminating thread org.apache.jmeter.threads.JMeterThread@57b85fd
2026-10-09 07:28:33,269 INFO o.a.j.t.JMeterThread: Thread finished: Ticket intake 1-576
2026-10-09 07:28:33,269 INFO o.a.j.t.JMeterThread: Stopping: Ticket intake 1-665
2026-10-09 07:28:33,269 WARN o.a.j.t.JMeterThread: Interrupting: Ticket intake 1-665 sampler: POST /tickets
2026-10-09 07:28:33,269 INFO o.a.j.t.JMeterThread: Thread is done: Ticket intake 1-644
2026-10-09 07:28:33,269 INFO o.a.j.t.o.OpenModelThreadGroup: Terminating thread org.apache.jmeter.threads.JMeterThread@6414cc6
2026-10-09 07:28:33,269 INFO o.a.j.t.JMeterThread: Stopping: Ticket intake 1-580
2026-10-09 07:28:33,269 WARN o.a.j.t.JMeterThread: Interrupting: Ticket intake 1-580 sampler: POST /tickets
2026-10-09 07:28:33,269 INFO o.a.j.t.JMeterThread: Thread finished: Ticket intake 1-644
2026-10-09 07:28:33,270 INFO o.a.j.t.o.OpenModelThreadGroup: Terminating thread org.apache.jmeter.threads.JMeterThread@79f37774
2026-10-09 07:28:33,270 INFO o.a.j.t.JMeterThread: Stopping: Ticket intake 1-698
2026-10-09 07:28:33,270 INFO o.a.j.t.JMeterThread: Thread is done: Ticket intake 1-655
2026-10-09 07:28:33,270 INFO o.a.j.t.JMeterThread: Thread finished: Ticket intake 1-655
2026-10-09 07:28:33,270 WARN o.a.j.t.JMeterThread: Interrupting: Ticket intake 1-698 sampler: POST /tickets
2026-10-09 07:28:33,270 INFO o.a.j.t.o.OpenModelThreadGroup: Terminating thread org.apache.jmeter.threads.JMeterThread@63716be
2026-10-09 07:28:33,270 INFO o.a.j.t.JMeterThread: Thread is done: Ticket intake 1-580
2026-10-09 07:28:33,270 INFO o.a.j.t.JMeterThread: Thread is done: Ticket intake 1-665
2026-10-09 07:28:33,270 INFO o.a.j.t.JMeterThread: Stopping: Ticket intake 1-570
2026-10-09 07:28:33,270 WARN o.a.j.t.JMeterThread: Interrupting: Ticket intake 1-570 sampler: POST /tickets
2026-10-09 07:28:33,270 INFO o.a.j.t.JMeterThread: Thread finished: Ticket intake 1-580
2026-10-09 07:28:33,270 INFO o.a.j.t.o.OpenModelThreadGroup: Terminating thread org.apache.jmeter.threads.JMeterThread@456fb5e4
2026-10-09 07:28:33,270 INFO o.a.j.t.JMeterThread: Thread finished: Ticket intake 1-665
2026-10-09 07:28:33,270 INFO o.a.j.t.JMeterThread: Stopping: Ticket intake 1-581
2026-10-09 07:28:33,270 INFO o.a.j.t.JMeterThread: Thread is done: Ticket intake 1-698
2026-10-09 07:28:33,270 WARN o.a.j.t.JMeterThread: Interrupting: Ticket intake 1-581 sampler: POST /tickets
2026-10-09 07:28:33,270 INFO o.a.j.t.JMeterThread: Thread finished: Ticket intake 1-698
2026-10-09 07:28:33,270 INFO o.a.j.t.o.OpenModelThreadGroup: Terminating thread org.apache.jmeter.threads.JMeterThread@4d44e1cf
2026-10-09 07:28:33,270 INFO o.a.j.t.JMeterThread: Stopping: Ticket intake 1-683
2026-10-09 07:28:33,270 WARN o.a.j.t.JMeterThread: Interrupting: Ticket intake 1-683 sampler: POST /tickets
2026-10-09 07:28:33,270 INFO o.a.j.t.o.OpenModelThreadGroup: Terminating thread org.apache.jmeter.threads.JMeterThread@4bcbe247
2026-10-09 07:28:33,270 INFO o.a.j.t.JMeterThread: Stopping: Ticket intake 1-653
2026-10-09 07:28:33,270 WARN o.a.j.t.JMeterThread: Interrupting: Ticket intake 1-653 sampler: POST /tickets
2026-10-09 07:28:33,270 INFO o.a.j.t.JMeterThread: Thread is done: Ticket intake 1-570
2026-10-09 07:28:33,270 INFO o.a.j.t.o.OpenModelThreadGroup: Terminating thread org.apache.jmeter.threads.JMeterThread@3dd4b1
2026-10-09 07:28:33,270 INFO o.a.j.t.JMeterThread: Thread finished: Ticket intake 1-570
2026-10-09 07:28:33,270 INFO o.a.j.t.JMeterThread: Stopping: Ticket intake 1-689
2026-10-09 07:28:33,270 INFO o.a.j.t.JMeterThread: Thread is done: Ticket intake 1-581
2026-10-09 07:28:33,270 INFO o.a.j.t.JMeterThread: Thread finished: Ticket intake 1-581
2026-10-09 07:28:33,270 WARN o.a.j.t.JMeterThread: Interrupting: Ticket intake 1-689 sampler: POST /tickets
2026-10-09 07:28:33,270 INFO o.a.j.t.JMeterThread: Thread is done: Ticket intake 1-683
2026-10-09 07:28:33,270 INFO o.a.j.t.JMeterThread: Thread finished: Ticket intake 1-683
2026-10-09 07:28:33,270 INFO o.a.j.t.JMeterThread: Thread is done: Ticket intake 1-653
2026-10-09 07:28:33,270 INFO o.a.j.t.JMeterThread: Thread finished: Ticket intake 1-653
2026-10-09 07:28:33,270 INFO o.a.j.t.o.OpenModelThreadGroup: Terminating thread org.apache.jmeter.threads.JMeterThread@30559fda
2026-10-09 07:28:33,270 INFO o.a.j.t.JMeterThread: Stopping: Ticket intake 1-686
2026-10-09 07:28:33,270 WARN o.a.j.t.JMeterThread: Interrupting: Ticket intake 1-686 sampler: POST /tickets
2026-10-09 07:28:33,270 INFO o.a.j.t.JMeterThread: Thread is done: Ticket intake 1-689
2026-10-09 07:28:33,270 INFO o.a.j.t.JMeterThread: Thread finished: Ticket intake 1-689
2026-10-09 07:28:33,270 INFO o.a.j.t.o.OpenModelThreadGroup: Terminating thread org.apache.jmeter.threads.JMeterThread@726726f7
2026-10-09 07:28:33,270 INFO o.a.j.t.JMeterThread: Stopping: Ticket intake 1-637
2026-10-09 07:28:33,270 WARN o.a.j.t.JMeterThread: Interrupting: Ticket intake 1-637 sampler: POST /tickets
2026-10-09 07:28:33,271 INFO o.a.j.t.o.OpenModelThreadGroup: Terminating thread org.apache.jmeter.threads.JMeterThread@1c9a130a
2026-10-09 07:28:33,271 INFO o.a.j.t.JMeterThread: Stopping: Ticket intake 1-651
2026-10-09 07:28:33,271 WARN o.a.j.t.JMeterThread: Interrupting: Ticket intake 1-651 sampler: POST /tickets
2026-10-09 07:28:33,271 INFO o.a.j.t.o.OpenModelThreadGroup: Terminating thread org.apache.jmeter.threads.JMeterThread@5bc7ab56
2026-10-09 07:28:33,271 INFO o.a.j.t.JMeterThread: Stopping: Ticket intake 1-667
2026-10-09 07:28:33,271 INFO o.a.j.t.JMeterThread: Thread is done: Ticket intake 1-637
2026-10-09 07:28:33,271 INFO o.a.j.t.JMeterThread: Thread finished: Ticket intake 1-637
2026-10-09 07:28:33,271 INFO o.a.j.t.JMeterThread: Thread is done: Ticket intake 1-686
2026-10-09 07:28:33,271 WARN o.a.j.t.JMeterThread: Interrupting: Ticket intake 1-667 sampler: POST /tickets
2026-10-09 07:28:33,271 INFO o.a.j.t.JMeterThread: Thread finished: Ticket intake 1-686
2026-10-09 07:28:33,271 INFO o.a.j.t.JMeterThread: Thread is done: Ticket intake 1-651
2026-10-09 07:28:33,271 INFO o.a.j.t.JMeterThread: Thread finished: Ticket intake 1-651
2026-10-09 07:28:33,271 INFO o.a.j.t.o.OpenModelThreadGroup: Terminating thread org.apache.jmeter.threads.JMeterThread@477736e5
2026-10-09 07:28:33,271 INFO o.a.j.t.JMeterThread: Stopping: Ticket intake 1-577
2026-10-09 07:28:33,271 WARN o.a.j.t.JMeterThread: Interrupting: Ticket intake 1-577 sampler: POST /tickets
2026-10-09 07:28:33,271 INFO o.a.j.t.o.OpenModelThreadGroup: Terminating thread org.apache.jmeter.threads.JMeterThread@3b7162e3
2026-10-09 07:28:33,271 INFO o.a.j.t.JMeterThread: Stopping: Ticket intake 1-650
2026-10-09 07:28:33,271 WARN o.a.j.t.JMeterThread: Interrupting: Ticket intake 1-650 sampler: POST /tickets
2026-10-09 07:28:33,271 INFO o.a.j.t.JMeterThread: Thread is done: Ticket intake 1-667
2026-10-09 07:28:33,271 INFO o.a.j.t.JMeterThread: Thread finished: Ticket intake 1-667
2026-10-09 07:28:33,271 INFO o.a.j.t.o.OpenModelThreadGroup: Terminating thread org.apache.jmeter.threads.JMeterThread@2829f17
2026-10-09 07:28:33,271 INFO o.a.j.t.JMeterThread: Stopping: Ticket intake 1-569
2026-10-09 07:28:33,271 WARN o.a.j.t.JMeterThread: Interrupting: Ticket intake 1-569 sampler: POST /tickets
2026-10-09 07:28:33,271 INFO o.a.j.t.o.OpenModelThreadGroup: Terminating thread org.apache.jmeter.threads.JMeterThread@788c4911
2026-10-09 07:28:33,271 INFO o.a.j.t.JMeterThread: Stopping: Ticket intake 1-679
2026-10-09 07:28:33,271 WARN o.a.j.t.JMeterThread: Interrupting: Ticket intake 1-679 sampler: POST /tickets
2026-10-09 07:28:33,271 INFO o.a.j.t.o.OpenModelThreadGroup: Terminating thread org.apache.jmeter.threads.JMeterThread@57d9fa78
2026-10-09 07:28:33,271 INFO o.a.j.t.JMeterThread: Stopping: Ticket intake 1-635
2026-10-09 07:28:33,271 WARN o.a.j.t.JMeterThread: Interrupting: Ticket intake 1-635 sampler: POST /tickets
2026-10-09 07:28:33,271 INFO o.a.j.t.JMeterThread: Thread is done: Ticket intake 1-650
2026-10-09 07:28:33,271 INFO o.a.j.t.JMeterThread: Thread finished: Ticket intake 1-650
2026-10-09 07:28:33,271 INFO o.a.j.t.JMeterThread: Thread is done: Ticket intake 1-577
2026-10-09 07:28:33,271 INFO o.a.j.t.JMeterThread: Thread finished: Ticket intake 1-577
2026-10-09 07:28:33,271 INFO o.a.j.t.JMeterThread: Thread is done: Ticket intake 1-569
2026-10-09 07:28:33,271 INFO o.a.j.t.JMeterThread: Thread finished: Ticket intake 1-569
2026-10-09 07:28:33,271 INFO o.a.j.t.o.OpenModelThreadGroup: Terminating thread org.apache.jmeter.threads.JMeterThread@2c95a036
2026-10-09 07:28:33,271 INFO o.a.j.t.JMeterThread: Stopping: Ticket intake 1-621
2026-10-09 07:28:33,271 WARN o.a.j.t.JMeterThread: Interrupting: Ticket intake 1-621 sampler: POST /tickets
2026-10-09 07:28:33,271 INFO o.a.j.t.JMeterThread: Thread is done: Ticket intake 1-679
2026-10-09 07:28:33,271 INFO o.a.j.t.JMeterThread: Thread finished: Ticket intake 1-679
2026-10-09 07:28:33,271 INFO o.a.j.t.JMeterThread: Thread is done: Ticket intake 1-635
2026-10-09 07:28:33,271 INFO o.a.j.t.o.OpenModelThreadGroup: Terminating thread org.apache.jmeter.threads.JMeterThread@23dde17e
2026-10-09 07:28:33,271 INFO o.a.j.t.JMeterThread: Thread finished: Ticket intake 1-635
2026-10-09 07:28:33,271 INFO o.a.j.t.JMeterThread: Stopping: Ticket intake 1-659
2026-10-09 07:28:33,271 WARN o.a.j.t.JMeterThread: Interrupting: Ticket intake 1-659 sampler: POST /tickets
2026-10-09 07:28:33,271 INFO o.a.j.t.o.OpenModelThreadGroup: Terminating thread org.apache.jmeter.threads.JMeterThread@56679ac2
2026-10-09 07:28:33,271 INFO o.a.j.t.JMeterThread: Stopping: Ticket intake 1-640
2026-10-09 07:28:33,271 WARN o.a.j.t.JMeterThread: Interrupting: Ticket intake 1-640 sampler: POST /tickets
2026-10-09 07:28:33,271 INFO o.a.j.t.JMeterThread: Thread is done: Ticket intake 1-621
2026-10-09 07:28:33,271 INFO o.a.j.t.JMeterThread: Thread finished: Ticket intake 1-621
2026-10-09 07:28:33,272 INFO o.a.j.t.o.OpenModelThreadGroup: Terminating thread org.apache.jmeter.threads.JMeterThread@30226c84
2026-10-09 07:28:33,272 INFO o.a.j.t.JMeterThread: Stopping: Ticket intake 1-573
2026-10-09 07:28:33,272 WARN o.a.j.t.JMeterThread: Interrupting: Ticket intake 1-573 sampler: POST /tickets
2026-10-09 07:28:33,272 INFO o.a.j.t.o.OpenModelThreadGroup: Terminating thread org.apache.jmeter.threads.JMeterThread@7eaecb09
2026-10-09 07:28:33,272 INFO o.a.j.t.JMeterThread: Stopping: Ticket intake 1-641
2026-10-09 07:28:33,272 WARN o.a.j.t.JMeterThread: Interrupting: Ticket intake 1-641 sampler: POST /tickets
2026-10-09 07:28:33,272 INFO o.a.j.t.JMeterThread: Thread is done: Ticket intake 1-659
2026-10-09 07:28:33,272 INFO o.a.j.t.JMeterThread: Thread finished: Ticket intake 1-659
2026-10-09 07:28:33,272 INFO o.a.j.t.o.OpenModelThreadGroup: Terminating thread org.apache.jmeter.threads.JMeterThread@7d743bdd
2026-10-09 07:28:33,272 INFO o.a.j.t.JMeterThread: Stopping: Ticket intake 1-611
2026-10-09 07:28:33,272 WARN o.a.j.t.JMeterThread: Interrupting: Ticket intake 1-611 sampler: POST /tickets
2026-10-09 07:28:33,272 INFO o.a.j.t.JMeterThread: Thread is done: Ticket intake 1-640
2026-10-09 07:28:33,272 INFO o.a.j.t.JMeterThread: Thread finished: Ticket intake 1-640
2026-10-09 07:28:33,272 INFO o.a.j.t.o.OpenModelThreadGroup: Terminating thread org.apache.jmeter.threads.JMeterThread@3ae7f24d
2026-10-09 07:28:33,272 INFO o.a.j.t.JMeterThread: Thread is done: Ticket intake 1-641
2026-10-09 07:28:33,272 INFO o.a.j.t.JMeterThread: Stopping: Ticket intake 1-596
2026-10-09 07:28:33,272 INFO o.a.j.t.JMeterThread: Thread finished: Ticket intake 1-641
2026-10-09 07:28:33,272 INFO o.a.j.t.JMeterThread: Thread is done: Ticket intake 1-573
2026-10-09 07:28:33,272 WARN o.a.j.t.JMeterThread: Interrupting: Ticket intake 1-596 sampler: POST /tickets
2026-10-09 07:28:33,272 INFO o.a.j.t.JMeterThread: Thread finished: Ticket intake 1-573
2026-10-09 07:28:33,272 INFO o.a.j.t.o.OpenModelThreadGroup: Terminating thread org.apache.jmeter.threads.JMeterThread@6b9ce92c
2026-10-09 07:28:33,272 INFO o.a.j.t.JMeterThread: Stopping: Ticket intake 1-592
2026-10-09 07:28:33,272 WARN o.a.j.t.JMeterThread: Interrupting: Ticket intake 1-592 sampler: POST /tickets
2026-10-09 07:28:33,272 INFO o.a.j.t.o.OpenModelThreadGroup: Terminating thread org.apache.jmeter.threads.JMeterThread@f85c135
2026-10-09 07:28:33,272 INFO o.a.j.t.JMeterThread: Stopping: Ticket intake 1-682
2026-10-09 07:28:33,272 WARN o.a.j.t.JMeterThread: Interrupting: Ticket intake 1-682 sampler: POST /tickets
2026-10-09 07:28:33,272 INFO o.a.j.t.JMeterThread: Thread is done: Ticket intake 1-611
2026-10-09 07:28:33,272 INFO o.a.j.t.JMeterThread: Thread finished: Ticket intake 1-611
2026-10-09 07:28:33,272 INFO o.a.j.t.o.OpenModelThreadGroup: Terminating thread org.apache.jmeter.threads.JMeterThread@180bbcba
2026-10-09 07:28:33,272 INFO o.a.j.t.JMeterThread: Stopping: Ticket intake 1-614
2026-10-09 07:28:33,272 WARN o.a.j.t.JMeterThread: Interrupting: Ticket intake 1-614 sampler: POST /tickets
2026-10-09 07:28:33,272 INFO o.a.j.t.o.OpenModelThreadGroup: Terminating thread org.apache.jmeter.threads.JMeterThread@54b00e04
2026-10-09 07:28:33,272 INFO o.a.j.t.JMeterThread: Stopping: Ticket intake 1-631
2026-10-09 07:28:33,272 WARN o.a.j.t.JMeterThread: Interrupting: Ticket intake 1-631 sampler: POST /tickets
2026-10-09 07:28:33,272 INFO o.a.j.t.JMeterThread: Thread is done: Ticket intake 1-592
2026-10-09 07:28:33,272 INFO o.a.j.t.JMeterThread: Thread finished: Ticket intake 1-592
2026-10-09 07:28:33,272 INFO o.a.j.t.o.OpenModelThreadGroup: Terminating thread org.apache.jmeter.threads.JMeterThread@542d1c9b
2026-10-09 07:28:33,272 INFO o.a.j.t.JMeterThread: Stopping: Ticket intake 1-699
2026-10-09 07:28:33,272 WARN o.a.j.t.JMeterThread: Interrupting: Ticket intake 1-699 sampler: POST /tickets
2026-10-09 07:28:33,272 INFO o.a.j.t.JMeterThread: Thread is done: Ticket intake 1-596
2026-10-09 07:28:33,272 INFO o.a.j.t.o.OpenModelThreadGroup: Terminating thread org.apache.jmeter.threads.JMeterThread@9aced1b
2026-10-09 07:28:33,272 INFO o.a.j.t.JMeterThread: Thread finished: Ticket intake 1-596
2026-10-09 07:28:33,272 INFO o.a.j.t.JMeterThread: Stopping: Ticket intake 1-571
2026-10-09 07:28:33,272 WARN o.a.j.t.JMeterThread: Interrupting: Ticket intake 1-571 sampler: POST /tickets
2026-10-09 07:28:33,272 INFO o.a.j.t.JMeterThread: Thread is done: Ticket intake 1-682
2026-10-09 07:28:33,272 INFO o.a.j.t.o.OpenModelThreadGroup: Terminating thread org.apache.jmeter.threads.JMeterThread@330aecbd
2026-10-09 07:28:33,272 INFO o.a.j.t.JMeterThread: Thread finished: Ticket intake 1-682
2026-10-09 07:28:33,272 INFO o.a.j.t.JMeterThread: Stopping: Ticket intake 1-696
2026-10-09 07:28:33,272 WARN o.a.j.t.JMeterThread: Interrupting: Ticket intake 1-696 sampler: POST /tickets
2026-10-09 07:28:33,273 INFO o.a.j.t.JMeterThread: Thread is done: Ticket intake 1-631
2026-10-09 07:28:33,273 INFO o.a.j.t.JMeterThread: Thread finished: Ticket intake 1-631
2026-10-09 07:28:33,273 INFO o.a.j.t.JMeterThread: Thread is done: Ticket intake 1-614
2026-10-09 07:28:33,273 INFO o.a.j.t.JMeterThread: Thread finished: Ticket intake 1-614
2026-10-09 07:28:33,273 INFO o.a.j.t.o.OpenModelThreadGroup: Terminating thread org.apache.jmeter.threads.JMeterThread@36bfbd1
2026-10-09 07:28:33,273 INFO o.a.j.t.JMeterThread: Stopping: Ticket intake 1-623
2026-10-09 07:28:33,273 WARN o.a.j.t.JMeterThread: Interrupting: Ticket intake 1-623 sampler: POST /tickets
2026-10-09 07:28:33,273 INFO o.a.j.t.o.OpenModelThreadGroup: Terminating thread org.apache.jmeter.threads.JMeterThread@4aaa8511
2026-10-09 07:28:33,273 INFO o.a.j.t.JMeterThread: Stopping: Ticket intake 1-602
2026-10-09 07:28:33,273 WARN o.a.j.t.JMeterThread: Interrupting: Ticket intake 1-602 sampler: POST /tickets
2026-10-09 07:28:33,273 INFO o.a.j.t.JMeterThread: Thread is done: Ticket intake 1-699
2026-10-09 07:28:33,273 INFO o.a.j.t.JMeterThread: Thread is done: Ticket intake 1-571
2026-10-09 07:28:33,273 INFO o.a.j.t.JMeterThread: Thread finished: Ticket intake 1-699
2026-10-09 07:28:33,273 INFO o.a.j.t.o.OpenModelThreadGroup: Terminating thread org.apache.jmeter.threads.JMeterThread@740c94cd
2026-10-09 07:28:33,273 INFO o.a.j.t.JMeterThread: Thread finished: Ticket intake 1-571
2026-10-09 07:28:33,273 INFO o.a.j.t.JMeterThread: Thread is done: Ticket intake 1-696
2026-10-09 07:28:33,273 INFO o.a.j.t.JMeterThread: Thread finished: Ticket intake 1-696
2026-10-09 07:28:33,273 INFO o.a.j.t.JMeterThread: Stopping: Ticket intake 1-586
2026-10-09 07:28:33,273 WARN o.a.j.t.JMeterThread: Interrupting: Ticket intake 1-586 sampler: POST /tickets
2026-10-09 07:28:33,273 INFO o.a.j.t.JMeterThread: Thread is done: Ticket intake 1-602
2026-10-09 07:28:33,273 INFO o.a.j.t.JMeterThread: Thread finished: Ticket intake 1-602
2026-10-09 07:28:33,273 INFO o.a.j.t.o.OpenModelThreadGroup: Terminating thread org.apache.jmeter.threads.JMeterThread@5db7d074
2026-10-09 07:28:33,273 INFO o.a.j.t.JMeterThread: Stopping: Ticket intake 1-670
2026-10-09 07:28:33,273 WARN o.a.j.t.JMeterThread: Interrupting: Ticket intake 1-670 sampler: POST /tickets
2026-10-09 07:28:33,273 INFO o.a.j.t.JMeterThread: Thread is done: Ticket intake 1-623
2026-10-09 07:28:33,273 INFO o.a.j.t.JMeterThread: Thread finished: Ticket intake 1-623
2026-10-09 07:28:33,273 INFO o.a.j.t.o.OpenModelThreadGroup: Terminating thread org.apache.jmeter.threads.JMeterThread@7d80c244
2026-10-09 07:28:33,273 INFO o.a.j.t.JMeterThread: Stopping: Ticket intake 1-687
2026-10-09 07:28:33,273 WARN o.a.j.t.JMeterThread: Interrupting: Ticket intake 1-687 sampler: POST /tickets
2026-10-09 07:28:33,273 INFO o.a.j.t.o.OpenModelThreadGroup: Terminating thread org.apache.jmeter.threads.JMeterThread@6025cbe0
2026-10-09 07:28:33,273 INFO o.a.j.t.JMeterThread: Stopping: Ticket intake 1-652
2026-10-09 07:28:33,273 INFO o.a.j.t.JMeterThread: Thread is done: Ticket intake 1-586
2026-10-09 07:28:33,273 INFO o.a.j.t.JMeterThread: Thread finished: Ticket intake 1-586
2026-10-09 07:28:33,273 WARN o.a.j.t.JMeterThread: Interrupting: Ticket intake 1-652 sampler: POST /tickets
2026-10-09 07:28:33,273 INFO o.a.j.t.JMeterThread: Thread is done: Ticket intake 1-670
2026-10-09 07:28:33,273 INFO o.a.j.t.JMeterThread: Thread is done: Ticket intake 1-687
2026-10-09 07:28:33,273 INFO o.a.j.t.JMeterThread: Thread finished: Ticket intake 1-670
2026-10-09 07:28:33,273 INFO o.a.j.t.JMeterThread: Thread finished: Ticket intake 1-687
2026-10-09 07:28:33,273 INFO o.a.j.t.o.OpenModelThreadGroup: Terminating thread org.apache.jmeter.threads.JMeterThread@20bdb178
2026-10-09 07:28:33,273 INFO o.a.j.t.JMeterThread: Stopping: Ticket intake 1-685
2026-10-09 07:28:33,273 WARN o.a.j.t.JMeterThread: Interrupting: Ticket intake 1-685 sampler: POST /tickets
2026-10-09 07:28:33,273 INFO o.a.j.t.o.OpenModelThreadGroup: Terminating thread org.apache.jmeter.threads.JMeterThread@3925b3e2
2026-10-09 07:28:33,273 INFO o.a.j.t.JMeterThread: Stopping: Ticket intake 1-603
2026-10-09 07:28:33,273 WARN o.a.j.t.JMeterThread: Interrupting: Ticket intake 1-603 sampler: POST /tickets
2026-10-09 07:28:33,273 INFO o.a.j.t.JMeterThread: Thread is done: Ticket intake 1-652
2026-10-09 07:28:33,273 INFO o.a.j.t.JMeterThread: Thread finished: Ticket intake 1-652
2026-10-09 07:28:33,273 INFO o.a.j.t.o.OpenModelThreadGroup: Terminating thread org.apache.jmeter.threads.JMeterThread@70ad8866
2026-10-09 07:28:33,274 INFO o.a.j.t.JMeterThread: Thread is done: Ticket intake 1-685
2026-10-09 07:28:33,274 INFO o.a.j.t.JMeterThread: Thread finished: Ticket intake 1-685
2026-10-09 07:28:33,274 INFO o.a.j.t.JMeterThread: Stopping: Ticket intake 1-675
2026-10-09 07:28:33,274 WARN o.a.j.t.JMeterThread: Interrupting: Ticket intake 1-675 sampler: POST /tickets
2026-10-09 07:28:33,274 INFO o.a.j.t.JMeterThread: Thread is done: Ticket intake 1-603
2026-10-09 07:28:33,274 INFO o.a.j.t.JMeterThread: Thread finished: Ticket intake 1-603
2026-10-09 07:28:33,274 INFO o.a.j.t.o.OpenModelThreadGroup: Terminating thread org.apache.jmeter.threads.JMeterThread@2a9dae56
2026-10-09 07:28:33,274 INFO o.a.j.t.JMeterThread: Stopping: Ticket intake 1-681
2026-10-09 07:28:33,274 WARN o.a.j.t.JMeterThread: Interrupting: Ticket intake 1-681 sampler: POST /tickets
2026-10-09 07:28:33,274 INFO o.a.j.t.o.OpenModelThreadGroup: Terminating thread org.apache.jmeter.threads.JMeterThread@611b46d7
2026-10-09 07:28:33,274 INFO o.a.j.t.JMeterThread: Stopping: Ticket intake 1-695
2026-10-09 07:28:33,274 WARN o.a.j.t.JMeterThread: Interrupting: Ticket intake 1-695 sampler: POST /tickets
2026-10-09 07:28:33,274 INFO o.a.j.t.JMeterThread: Thread is done: Ticket intake 1-675
2026-10-09 07:28:33,274 INFO o.a.j.t.JMeterThread: Thread finished: Ticket intake 1-675
2026-10-09 07:28:33,274 INFO o.a.j.t.o.OpenModelThreadGroup: Terminating thread org.apache.jmeter.threads.JMeterThread@342d391
2026-10-09 07:28:33,274 INFO o.a.j.t.JMeterThread: Stopping: Ticket intake 1-579
2026-10-09 07:28:33,274 WARN o.a.j.t.JMeterThread: Interrupting: Ticket intake 1-579 sampler: POST /tickets
2026-10-09 07:28:33,274 INFO o.a.j.t.o.OpenModelThreadGroup: Terminating thread org.apache.jmeter.threads.JMeterThread@495ed185
2026-10-09 07:28:33,274 INFO o.a.j.t.JMeterThread: Stopping: Ticket intake 1-688
2026-10-09 07:28:33,274 WARN o.a.j.t.JMeterThread: Interrupting: Ticket intake 1-688 sampler: POST /tickets
2026-10-09 07:28:33,274 INFO o.a.j.t.o.OpenModelThreadGroup: Terminating thread org.apache.jmeter.threads.JMeterThread@3555d88a
2026-10-09 07:28:33,274 INFO o.a.j.t.JMeterThread: Thread is done: Ticket intake 1-681
2026-10-09 07:28:33,274 INFO o.a.j.t.JMeterThread: Stopping: Ticket intake 1-584
2026-10-09 07:28:33,274 WARN o.a.j.t.JMeterThread: Interrupting: Ticket intake 1-584 sampler: POST /tickets
2026-10-09 07:28:33,274 INFO o.a.j.t.JMeterThread: Thread finished: Ticket intake 1-681
2026-10-09 07:28:33,274 INFO o.a.j.t.JMeterThread: Thread is done: Ticket intake 1-695
2026-10-09 07:28:33,274 INFO o.a.j.t.JMeterThread: Thread finished: Ticket intake 1-695
2026-10-09 07:28:33,274 INFO o.a.j.t.o.OpenModelThreadGroup: Terminating thread org.apache.jmeter.threads.JMeterThread@172e5bf1
2026-10-09 07:28:33,274 INFO o.a.j.t.JMeterThread: Stopping: Ticket intake 1-657
2026-10-09 07:28:33,274 WARN o.a.j.t.JMeterThread: Interrupting: Ticket intake 1-657 sampler: POST /tickets
2026-10-09 07:28:33,274 INFO o.a.j.t.JMeterThread: Thread is done: Ticket intake 1-579
2026-10-09 07:28:33,274 INFO o.a.j.t.JMeterThread: Thread finished: Ticket intake 1-579
2026-10-09 07:28:33,274 INFO o.a.j.t.o.OpenModelThreadGroup: Terminating thread org.apache.jmeter.threads.JMeterThread@428c856e
2026-10-09 07:28:33,274 INFO o.a.j.t.JMeterThread: Stopping: Ticket intake 1-590
2026-10-09 07:28:33,274 WARN o.a.j.t.JMeterThread: Interrupting: Ticket intake 1-590 sampler: POST /tickets
2026-10-09 07:28:33,274 INFO o.a.j.t.o.OpenModelThreadGroup: Terminating thread org.apache.jmeter.threads.JMeterThread@a5dc41
2026-10-09 07:28:33,274 INFO o.a.j.t.JMeterThread: Stopping: Ticket intake 1-624
2026-10-09 07:28:33,274 WARN o.a.j.t.JMeterThread: Interrupting: Ticket intake 1-624 sampler: POST /tickets
2026-10-09 07:28:33,274 INFO o.a.j.t.JMeterThread: Thread is done: Ticket intake 1-688
2026-10-09 07:28:33,274 INFO o.a.j.t.JMeterThread: Thread finished: Ticket intake 1-688
2026-10-09 07:28:33,274 INFO o.a.j.t.o.OpenModelThreadGroup: Terminating thread org.apache.jmeter.threads.JMeterThread@431e63f8
2026-10-09 07:28:33,274 INFO o.a.j.t.JMeterThread: Stopping: Ticket intake 1-599
2026-10-09 07:28:33,274 INFO o.a.j.t.JMeterThread: Thread is done: Ticket intake 1-584
2026-10-09 07:28:33,274 WARN o.a.j.t.JMeterThread: Interrupting: Ticket intake 1-599 sampler: POST /tickets
2026-10-09 07:28:33,274 INFO o.a.j.t.JMeterThread: Thread is done: Ticket intake 1-657
2026-10-09 07:28:33,274 INFO o.a.j.t.JMeterThread: Thread is done: Ticket intake 1-590
2026-10-09 07:28:33,274 INFO o.a.j.t.JMeterThread: Thread finished: Ticket intake 1-590
2026-10-09 07:28:33,274 INFO o.a.j.t.JMeterThread: Thread finished: Ticket intake 1-584
2026-10-09 07:28:33,274 INFO o.a.j.t.o.OpenModelThreadGroup: Terminating thread org.apache.jmeter.threads.JMeterThread@450d77ea
2026-10-09 07:28:33,274 INFO o.a.j.t.JMeterThread: Thread finished: Ticket intake 1-657
2026-10-09 07:28:33,274 INFO o.a.j.t.JMeterThread: Thread is done: Ticket intake 1-624
2026-10-09 07:28:33,274 INFO o.a.j.t.JMeterThread: Thread finished: Ticket intake 1-624
2026-10-09 07:28:33,274 INFO o.a.j.t.JMeterThread: Stopping: Ticket intake 1-617
2026-10-09 07:28:33,275 WARN o.a.j.t.JMeterThread: Interrupting: Ticket intake 1-617 sampler: POST /tickets
2026-10-09 07:28:33,275 INFO o.a.j.t.JMeterThread: Thread is done: Ticket intake 1-599
2026-10-09 07:28:33,275 INFO o.a.j.t.JMeterThread: Thread finished: Ticket intake 1-599
2026-10-09 07:28:33,275 INFO o.a.j.t.o.OpenModelThreadGroup: Terminating thread org.apache.jmeter.threads.JMeterThread@33a7394b
2026-10-09 07:28:33,275 INFO o.a.j.t.JMeterThread: Stopping: Ticket intake 1-610
2026-10-09 07:28:33,275 WARN o.a.j.t.JMeterThread: Interrupting: Ticket intake 1-610 sampler: POST /tickets
2026-10-09 07:28:33,275 INFO o.a.j.t.o.OpenModelThreadGroup: Terminating thread org.apache.jmeter.threads.JMeterThread@82a4fc4
2026-10-09 07:28:33,275 INFO o.a.j.t.JMeterThread: Stopping: Ticket intake 1-574
2026-10-09 07:28:33,275 WARN o.a.j.t.JMeterThread: Interrupting: Ticket intake 1-574 sampler: POST /tickets
2026-10-09 07:28:33,275 INFO o.a.j.t.o.OpenModelThreadGroup: Terminating thread org.apache.jmeter.threads.JMeterThread@2ccc6122
2026-10-09 07:28:33,275 INFO o.a.j.t.JMeterThread: Stopping: Ticket intake 1-647
2026-10-09 07:28:33,275 WARN o.a.j.t.JMeterThread: Interrupting: Ticket intake 1-647 sampler: POST /tickets
2026-10-09 07:28:33,275 INFO o.a.j.t.JMeterThread: Thread is done: Ticket intake 1-617
2026-10-09 07:28:33,275 INFO o.a.j.t.o.OpenModelThreadGroup: Terminating thread org.apache.jmeter.threads.JMeterThread@ac99927
2026-10-09 07:28:33,275 INFO o.a.j.t.JMeterThread: Thread finished: Ticket intake 1-617
2026-10-09 07:28:33,275 INFO o.a.j.t.JMeterThread: Stopping: Ticket intake 1-694
2026-10-09 07:28:33,275 INFO o.a.j.t.JMeterThread: Thread is done: Ticket intake 1-574
2026-10-09 07:28:33,275 INFO o.a.j.t.JMeterThread: Thread is done: Ticket intake 1-610
2026-10-09 07:28:33,275 WARN o.a.j.t.JMeterThread: Interrupting: Ticket intake 1-694 sampler: POST /tickets
2026-10-09 07:28:33,275 INFO o.a.j.t.JMeterThread: Thread finished: Ticket intake 1-574
2026-10-09 07:28:33,275 INFO o.a.j.t.JMeterThread: Thread finished: Ticket intake 1-610
2026-10-09 07:28:33,275 INFO o.a.j.t.o.OpenModelThreadGroup: Terminating thread org.apache.jmeter.threads.JMeterThread@448f247e
2026-10-09 07:28:33,275 INFO o.a.j.t.JMeterThread: Stopping: Ticket intake 1-593
2026-10-09 07:28:33,275 WARN o.a.j.t.JMeterThread: Interrupting: Ticket intake 1-593 sampler: POST /tickets
2026-10-09 07:28:33,275 INFO o.a.j.t.o.OpenModelThreadGroup: Terminating thread org.apache.jmeter.threads.JMeterThread@6b764c87
2026-10-09 07:28:33,275 INFO o.a.j.t.JMeterThread: Stopping: Ticket intake 1-700
2026-10-09 07:28:33,275 WARN o.a.j.t.JMeterThread: Interrupting: Ticket intake 1-700 sampler: POST /tickets
2026-10-09 07:28:33,275 INFO o.a.j.t.o.OpenModelThreadGroup: Terminating thread org.apache.jmeter.threads.JMeterThread@3af8740d
2026-10-09 07:28:33,275 INFO o.a.j.t.JMeterThread: Thread is done: Ticket intake 1-647
2026-10-09 07:28:33,275 INFO o.a.j.t.JMeterThread: Stopping: Ticket intake 1-605
2026-10-09 07:28:33,275 INFO o.a.j.t.JMeterThread: Thread finished: Ticket intake 1-647
2026-10-09 07:28:33,275 WARN o.a.j.t.JMeterThread: Interrupting: Ticket intake 1-605 sampler: POST /tickets
2026-10-09 07:28:33,275 INFO o.a.j.t.JMeterThread: Thread is done: Ticket intake 1-694
2026-10-09 07:28:33,275 INFO o.a.j.t.JMeterThread: Thread finished: Ticket intake 1-694
2026-10-09 07:28:33,275 INFO o.a.j.t.JMeterThread: Thread is done: Ticket intake 1-593
2026-10-09 07:28:33,275 INFO o.a.j.t.JMeterThread: Thread finished: Ticket intake 1-593
2026-10-09 07:28:33,275 INFO o.a.j.t.JMeterThread: Thread is done: Ticket intake 1-700
2026-10-09 07:28:33,275 INFO o.a.j.t.JMeterThread: Thread finished: Ticket intake 1-700
2026-10-09 07:28:33,275 INFO o.a.j.t.o.OpenModelThreadGroup: Terminating thread org.apache.jmeter.threads.JMeterThread@561794e0
2026-10-09 07:28:33,275 INFO o.a.j.t.JMeterThread: Stopping: Ticket intake 1-572
2026-10-09 07:28:33,275 WARN o.a.j.t.JMeterThread: Interrupting: Ticket intake 1-572 sampler: POST /tickets
2026-10-09 07:28:33,275 INFO o.a.j.t.o.OpenModelThreadGroup: Terminating thread org.apache.jmeter.threads.JMeterThread@4b1adced
2026-10-09 07:28:33,275 INFO o.a.j.t.JMeterThread: Stopping: Ticket intake 1-633
2026-10-09 07:28:33,275 WARN o.a.j.t.JMeterThread: Interrupting: Ticket intake 1-633 sampler: POST /tickets
2026-10-09 07:28:33,275 INFO o.a.j.t.JMeterThread: Thread is done: Ticket intake 1-605
2026-10-09 07:28:33,275 INFO o.a.j.t.JMeterThread: Thread finished: Ticket intake 1-605
2026-10-09 07:28:33,275 INFO o.a.j.t.o.OpenModelThreadGroup: Terminating thread org.apache.jmeter.threads.JMeterThread@17c89331
2026-10-09 07:28:33,276 INFO o.a.j.t.JMeterThread: Stopping: Ticket intake 1-673
2026-10-09 07:28:33,276 WARN o.a.j.t.JMeterThread: Interrupting: Ticket intake 1-673 sampler: POST /tickets
2026-10-09 07:28:33,276 INFO o.a.j.t.JMeterThread: Thread is done: Ticket intake 1-572
2026-10-09 07:28:33,276 INFO o.a.j.t.JMeterThread: Thread finished: Ticket intake 1-572
2026-10-09 07:28:33,276 INFO o.a.j.t.o.OpenModelThreadGroup: Terminating thread org.apache.jmeter.threads.JMeterThread@45759f8b
2026-10-09 07:28:33,276 INFO o.a.j.t.JMeterThread: Stopping: Ticket intake 1-658
2026-10-09 07:28:33,276 WARN o.a.j.t.JMeterThread: Interrupting: Ticket intake 1-658 sampler: POST /tickets
2026-10-09 07:28:33,276 INFO o.a.j.t.o.OpenModelThreadGroup: Terminating thread org.apache.jmeter.threads.JMeterThread@2a4805a
2026-10-09 07:28:33,276 INFO o.a.j.t.JMeterThread: Thread is done: Ticket intake 1-673
2026-10-09 07:28:33,276 INFO o.a.j.t.JMeterThread: Stopping: Ticket intake 1-690
2026-10-09 07:28:33,276 INFO o.a.j.t.JMeterThread: Thread is done: Ticket intake 1-633
2026-10-09 07:28:33,276 INFO o.a.j.t.JMeterThread: Thread finished: Ticket intake 1-673
2026-10-09 07:28:33,276 WARN o.a.j.t.JMeterThread: Interrupting: Ticket intake 1-690 sampler: POST /tickets
2026-10-09 07:28:33,276 INFO o.a.j.t.JMeterThread: Thread finished: Ticket intake 1-633
2026-10-09 07:28:33,276 INFO o.a.j.t.JMeterThread: Thread is done: Ticket intake 1-658
2026-10-09 07:28:33,276 INFO o.a.j.t.JMeterThread: Thread finished: Ticket intake 1-658
2026-10-09 07:28:33,276 INFO o.a.j.t.JMeterThread: Thread is done: Ticket intake 1-690
2026-10-09 07:28:33,276 INFO o.a.j.t.JMeterThread: Thread finished: Ticket intake 1-690
2026-10-09 07:28:33,277 INFO o.a.j.t.o.OpenModelThreadGroup: Thread starting done
2026-10-09 07:28:33,280 INFO o.a.j.e.StandardJMeterEngine: Notifying test listeners of end of test
2026-10-09 07:28:33,280 INFO o.a.j.s.FileServer: Close: tickets.tsv
2026-10-09 07:28:33,281 INFO o.a.j.r.Summariser: summary +    131 in 00:00:00 = 7277.8/s Avg: 258746 Min:  1984 Max: 485297 Err:   131 (100.00%) Active: 0 Started: 700 Finished: 700
2026-10-09 07:28:33,282 INFO o.a.j.r.Summariser: summary =    700 in 01:00:00 =    0.2/s Avg: 149495 Min:  1984 Max: 485297 Err:   132 (18.86%)
