row,source_label,narrative
5521,Debt collection,"I received a call from someone saying that her name was XXXX XXXX and she was with XXXX XXXX XXXX and that she was calling me about a Chase Credit Card from 2014. She stated that I owed over {$11000.00}. She then stated that before I said I didn't remember the debt that she wasn't buying it. She stated that she had already contact my employer and was going to have my wages garnished, my bank levied and she would have me arrested. She said she could get it down to {$3600.00} if I agreed to pay today and not to waste her time as she was due in court in XXXX minutes. I bullied me into agreeing to pay {$600.00} on XX/XX/XXXX and {$1000.00} for the next XXXX months on the XXXX and she stated this a check by phone agreement and if I went back she would throw me in jail. So I set it up with her, however after talking with my daughter and running my credit report, there was nothing on it for Chase Bank. I went to my bank and closed the account. The next day she left me a voicemail saying that my checks were going to the XXXX 's office and the recording was going to my bank as I had agreed to make the payments. She said she was going to show my better than tell me that my state doesn't adhere to credit laws and that I would be put in jail. She said if I don't call her with my new bank information that she would show me rather than tell me that she would make sure the IRS comes after me and that my job is garnished. She stated that she was not playing with me, XXXX XXXX and that she would show me how the jails work in Texas."
5737,Bank account or service,"On XX/XX/XXXX, I received a target email offer from AMEX for a {$500.00} cash bonus after opening a XXXX and depositing {$25000.00} within the first XXXX days with a maintenance period of 60 days. I followed the specific email link to open my account on XX/XX/XXXX and promptly deposited {$25000.00} from a cash brokerage account that was already linked to my AMEX credit card. On XX/XX/XXXX, after the 60 day window, I removed the funds from the account, and transferred it back to my brokerage account on file. Per offer terms, the bonus would be credited after XXXX weeks after the 60 day holding period. However, the bonus offer was never deposited to my account. I contacted AMEX customer service in XXXX and XX/XX/XXXX, after XXXX and XXXX weeks respectively. During my second interaction with AMEX customer service, I was informed by the representative that I was disqualified from the offer, as my deposit did not meet the 60 day holding period, and because of that my offer will not be honored. I asked for further review and escalation to a supervisor, and have not heard back from AMEX since."
5740,Bank account or service,"On Saturday morning, XX/XX/XXXX i enter capital ones cafe and spoke with a cafe ambassador about how to deposit my check and when to expect my funds. The cafe ambassador. walked me through the process And I deposited my check. I later received an email stating the deposit was successful and the funds would be the positive on the XXXX of XX/XX/year>. A deposit of {$270.00}. And on XX/XX/year> A deposit of {$6400.00} would be deposited. And the remaining balance of a {$1900.00}. And XXXX cents, would it be deposited on XX/XX/year>. I woke up XX/XX/year> and started to file my annual report For my 2 LLC 's and I checked my capital. One account balance and the XXXX. It was not deposited. Which is a clear violation of the law ( 12 CFR part 229 subpart B ). I reached out to Capital One over 10 times speaking with supervisors. And I even emailed the CEO of capital, one. Explaining that I was facing a hardship possible, eviction, definitely late fees. And lights and water being turned off. XXXX, XXXX inform me that they would b placing a hold and not releasing the {$270.00} that's required by law 12CFR part 229 subpart B Nor the full amount until XX/XX/XXXX."
5660,Money transfer or service,"Randomly around XX/XX/XXXX or XXXX, my Klarna Debit card would not allow me to withdraw funds transfer funds or even use the card on my phone anywhere I would try to use it at. it sent me a page that said I needed to verify my identity using my passport ID or drivers license and upload a selfie. I did this so many times I cant even count and it still said they can not verify my identity and it said it helps if I update my profile information so as XXXX that was, I had no idea what it meant so I called customer service. I tried with customer service for about a few days and did every possible thing. They asked me to do such as make sure my address on my ID card matches my XXXX XXXX credit report and matches my account. and I tried to send to a bank account. I tried to cancel the card, and I even was given permission that the people who had the authority to just approve my account anyway even if you could not verify my would do that but it never happened. They keep giving me different time. Frames of XXXX will be solved and I really need that money because it is affecting my library in my ability to pay for a place to live and eat and simply just live my life. The last time I spoke with him was today, XX/XX/XXXX and they said I have to wait XXXX hours for my credit report to update. I even file a dispute with XXXX XXXX and talk to them through chat, but still nothing has changed."
5411,Money transfer or service,"On XX/XX/2025, I requested a balance transfer from Capital One to XXXX XXXX in the amount of {$100000.00}. This amount was debited from my Capital One account on XX/XX/2025. However, due to system outages on Capital One 's systems, this money did not arrive in my XXXX XXXX account until XX/XX//2025. I believe that Capital One should be paying the interest on this amount for the six days that their systems were affected. Interest Rate of Capital One is 3.80 %, so Capital One should pay me : XXXX * 3.80 % * ( 6 days / 365 days per year ) = {$65.00}. 

I have called their service line on XX/XX//2025 and they have refused to take responsibility for this."
5678,Mortgage,They told and sent us a statement saying we didn't have mortgage payments for 2 months then they were trying to Default on our home. I am now current on my loan and still being harassed. They are angry that through my chapter XXXX filling we were able to get rid of our second mortgage and ha tried all kinds of tricks to take our home even sending a statement say we had no mortgage payments for 2 months. And even telling me the same thing on the phone. All there phone calls are recorded so it would be very easy to provide. I also have the statement. Since we finished our bankruptcy 42 months payments successfully and have been discharged they have been trying to trick us and harassing us to no end my wife has XXXX and this is to much I am current on my loan can you help me please
5626,Mortgage,"I entered a modification with Selene Finance in XX/XX/XXXX and never recieved any statements or tax documents for 2 years. 6 different times as in attached summary i tried to reach out to Selene about no statements or tax documents and informed them that I had no lawyer ( which was always their reason for not talking to me.XX/XX/XXXX,XX/XX/XXXX,XX/XX/XXXX, XX/XX/XXXX,XX/XX/XXXX,XX/XX/XXXX were dates of contact there were a few other calls not documented to.on XX/XX/XXXX and XX/XX/XXXX XXXX  told me all she had to do was send a document to law firm and wait 20 days for their responce to remove them from file so someone would talk to me as id had someone sneaking around my home taking pictures scaring my girlfriend to death saying they were from Selene finance.XXXX said the reason for that was i was 2 months behind on payments until she looked up account and no I see youve made all payments. 
Transfered to XXXX -- -- -- cant talk you have a lawyer.Informed them on XX/XX/XXXX and XX/XX/XXXX that there would be no more payments made until my questions were addressed. Letter was also sent with payment on XX/XX/XXXXand XX/XX/XXXX stating the same. On XX/XX/XXXX got message to call Selene and a letter of default and intent to accelerate. Called on XX/XX/XXXX sent to XXXX voicemail, same everyday until XX/XX/XXXX.XXXX says lawyer was removed and sent mw 2 years of tax documents and a statement.Check for februrary was mailed out same day. Seleene says they cant accept payment fill out a packet."
5513,Mortgage,"XXXX   XXXX  in  XXXX  Florida, entrapped us as buyers of new construction to utilize their mortgage company ( UAMC ) to finance the second home purchase in  XXXX , Florida. We were offered that they would pay our closing costs, as long we used their lender. Their lender cam back to us with a very high interest rate and inflated fees to close on the home. We obtained a  Loan Estimate from another lender with considerable lower interest rate and lower  monthly costs. When we approached  XXXX  with matching or coming close to the other lenders pricing, we were told they are unable to. We asked to include closing costs and they were unable to, we asked for them to refund our good faith money and they refused, saying that we agreed to use their lender. This is a case of steering where they steered us to use their lender and then inflated costs and added points to the loan amount in order for us to use their lender.     Cost of  Home  {$320000.00} Amount of good faith money - {$16000.00}  Interest  rate offered by UAMC/  XXXX  4.0 % with  XXXX  discount points. Monthly mortgage of $  XXXX  per month Interest rate offered by our lender 3.87 % with  XXXX  points. Monthly mortgage of $  XXXX  per month.     All of these events occurred in  XXXX    XXXX   We notified  XXXX  UAMC  to  return our good faith money on  XXXX / XXXX /  XXXX   and they refused and threatened to keep it, if we do n't move forward with the purchase of the home."
5859,Credit card,"On XX/XX/XXXX and XXXX I had XXXX taken out of my account without my authorization. I have phone alerts set up to my phone which never went off, I went to withdraw money at the ATM and it said I have reached my limit for the day, so I immediately went on my account and it said I withdrew XXXX that day.Then went on to find more was withdrawn the day before.I immediately called Bank of america, got my card canceled and a new one sent out and the remaining balance transfered to a different account so I wouldn't have any more issues, and filed a claim.I have been speaking with different people everytime I call and have been getting the run around.They have asked me to file a police report, I did that.Then I was asked to send a statement of my whereabouts that day, I did that.I keep getting denials on my claim which they are being sent out a day after every time I speak to someone on the phone so I'm not sure how it's being investigated that fast.So then I filed a complaint with this company and I received a email from a resolution specialist XXXX XXXX, asking to call her.I have called numerous times left numerous messages, no call back to this day.So I called again to the claims department and now was asked to submit the police report with a copy of my driver 's license.Which I have now done.Now I have waited a week called back again and they really nothing more to say.I have done everything they asked.I told them to look on their cameras they told me they were not working that day, which now a different person has told me they always work.So I'm not understanding why here it is XXXX and still have not received my money back."
5136,Mortgage,"This Mortgage Company XXXX keeps harassing me over and over and over again AND KEEPS LEAVING ME VOICEMAILS, This just happened again today XXXX and has been going on for months. It is a Robo call saying that they are from XXXX XXXX  XXXX. I have called them and asked them to take my phone number off there system. They responded that it is MY PROBLEM. The number that they calling from is XXXX in XXXX."
5811,Bank account or service,"On XX/XX/20 XXXX charge was taken out for {$12.00} leaving me with a XXXX balance. 
On XX/XX/20 I received a {$10.00}. Overdraft charge and a credit for {$5.00}. ( I didnt realize XX/XX/XXXX was a XXXX XXXX ). 
XXXX XXXX states on there XXXX we will not charge you for overdrafts caused by transactions of {$5.00}. or less. 
I contacted Customer Service and was told they wouldnt honor there statement."
5076,Mortgage,"JPMorgan Chase is no longer my mortgage company, but they didnt honor their modification before they sold my loan. Therefore, I was left paying on a mortgage loan that began much higher. 

Chase didnt honor the modification contract for the 8-40 years. I never received the {$1000.00} mortgage payment that was due according to the final modification. The mortgage increased to {$1300.00}, which was outside of the contract, sparking me to request another modification, which was granted. 

I would not have requested another modification if the first one was  honored. Chase sold the loan to XXXX, which has increased my mortgage further."
5636,Consumer loan,"MOHELA - Cash Loan : I am a cosigner. My daughter made a payment at 22 days past the due date on XXXX/XXXX/2016 via phone. I received a call at XXXX Central time today from MOHELA attempting to collect this debt. They did acknowledge that the payment was made on XXXX XXXX and that they could "" see the payment in their system ''. However, they could not "" verify '' that the payment was made which resulted in the phone call. I asked that they log my concerns regarding this call as a complaint. Loan was for my Daughters education at XXXX XXXX University , XXXX XXXX MO."
5973,Mortgage,"Back XXXX i sent out a letter concerning payments with this mortgage company and they sent me out a letter stating that due to the hurricane Erma that they would revise XXXX, XXXX, and XX/XX/XXXX and it is still reporting inaccurately on my credit report and I would like it to be adjusted on all three bureaus letter in attachments. Also I sent out a letter stating due to family crisis financial burden that I needed 3 payments prior in XXXX and XXXX to be modified and supporting documents and dates are listed in attachments as well. I was told any letters or concerns with payments should be sent to XXXX and I have done so with no responses or feedback on emails."
5938,Credit card,"On XXXX, XXXX 2023 my credit card was stolen. The were ( 18 ) unauthorized transactions totaling {$30000.00}. Discover stated that they have completed the investigation and could not say for certain that the transactions are in fact unauthorized. They stated that this is due to the fact that two of the transactions were made using XXXX XXXX. I'm not sure how this happened as my phone was also stolen so that means someone had access to my information. Since their recent determination, they have reinstated the fraudulent charges back on to my account. This means that my account is maxed out and will ultimately effect my credit score. I have updated Discover with the details of the scenario regarding my phone and they have pushed the case to further review, however the charges will remain on my account for the foreseeable future. This is unacceptable."
5899,Money transfer or service,Someone requested refund and filed a case from PayPal. Me and my friend sold items to her. She had received all the items in XXXX. I have shown PayPal my evidence. But PayPal still closed the case in their favour which is unfair to me. I lost XXXX XXXX Also my friend lost XXXX XXXX
5280,Money transfer or service,"XX/XX/year>, {$1000.00}, I have contacted cash app several times and have gotten no where with them. 


I transferred {$1000.00} to my other account not realizing the account they had was my closed account when I tried to tell them they said there was nothing they could do. I contacted that bank. I contacted that bank. They told me that with the account being closed and in good standings like it is that it would automatically been sent back to Cash app Cash app has refused to give me my money back please help."
5883,Credit reporting,"Chase Credit Services fails to recognize that I have liquidated the account. I have made on time payments since the 2014 EVER SINCE THE ACCOUNT WAS LIQUIDATED chase is reporting the account negatively even-though the payments are being made on time. 
Chase failed to correct the credit report and claims that the payment is delinquent for 2 months. 
They are doing this for 2 of my accounts with them. At this point i will sue chase if they don't correct or delete my account. 

Thank you"
5761,Money transfer or service,"I am filling a complaint against Cash App ( Block , INC . ) due to a inadequate customer service and unfair practices, which violate the Consumer Financial Protection Act ( CFPA ). Specifically, Cash App failed to take timely and effective measures to prevent and address fraud on their platform, leaving my account vulnerable and unprotected. Furthermore, their dispute resolution process was unfair and deceptive, as they did not comply with error resolution requirements under the Electronic Fund Transfer Act ( EFTA ) and Regulation E. These actions have caused significant inconvenience and financial loss, and I seek appropriate redress for these violations."
5319,Consumer loan,"XX/XX/XXXX I contacted Hyundai regarding getting the title and bill of sales after I was told by XXXX secretary of State that I needed the title/bill of sale before it could be transferred to me. The lease was paid off in XX/XX/XXXX.. On XX/XX/XXXX I spoke to a customer. rep who said that the title dept only worked on titles 2 days a week. They sent an e-mail, which I never received. In early XX/XX/XXXX I received a notorized disclaimer regarding the car but no title or bill of sale. I have contacted the company by mail as of XX/XX/XXXX."
5549,Debt collection,The company Portfolio Recovery Associates has fraudulently placed their information against my social security number and it's causing great harm to my report. I tried to explain to this company multiple times that this account is not mine as I have not signed a contract with them and the debt does not belong to me. This account is fraudulent and was made without my consent. They have sent no verification of debt or requested paperwork. This is the only thing on my credit profile that's holding me up and it's not my responsibility. Portfolio Recovery Associates is a scam and doesn't care about consumer rights. I am not obligated to pay this account as it's not mine. This account need to stop reporting against my social security number and be removed immediately from my credit report.
5174,Debt collection,On XX/XX/XXXX I filed for Chapter XXXX Bankruptcy in the United States District Court of Minnesota. XXXX XXXX : XXXX. I am still receiving letters and phone calls from Navy Federal Credit Union for 2 checking accounts that was discharged in bankruptcy court. The 2 checking accounts was under the following 2 social security numbers : XXXX and XXXX. Both checking accounts was discharged in bankruptcy court. My DOB : XX/XX/XXXX
5371,Money transfer or service,i sent XXXX to my friend in XXXX with bofa via XXXX. couple days later XXXX informed me transaction did not go thru and it takes 90 bussines days to refund. i decided to dispute with bank of america for quick solution cause i didn't want to wait that much. bofa gave me 2000 credit for a month to fix problem. than they took it back and my account went negative. bofa decline my claim 2 times cause they recieve information from XXXX that transaction went thru. i just recieve information from XXXX that they re saying they already refund my money to bofa. they re acting like i am a fraud. i been waiting to get my money back for 90 days. i believe this two companies need to contact with ea to fix this. all information attached. ty for ur help
5527,Money transfer or service,"I am submitting a complaint against Cash App ( Block , Inc. ) for inadequate customer service and unfair practices that breach the Consumer Financial Protection Act ( CFPA ). Specifically, Cash App failed to implement timely and effective measures to prevent and address fraud on their platform, leaving my account exposed and unprotected.

There have been multiple instances where money has inexplicably disappeared from my Cash App account. On several occasions, large sums of money either vanished or were sent to random Cash App tags without my authorization. These occurrences lead me to believe that my account was either hacked or that Cash App may have been responsible for these transactions on their end. 

Each time I attempted to reach out to customer service for assistance, I was unable to get help or even reach a live representative. As a result, I have lost significant amounts of money, including the funds tied to disputes I attempted to file. Due to the lack of proper customer support and the absence of live agents, I have been left without resolution and am now out substantial sums of money. 

Additionally, their dispute resolution process was both unfair and deceptive, as they failed to comply with the error resolution requirements outlined under the Electronic Fund Transfer Act ( EFTA ) and Regulation E. These failures have resulted in considerable inconvenience and financial loss, and I am seeking appropriate resolution for these violations."
5210,Consumer loan,"I found out my federal student loans were forgiven in XXXX, XXXX from Mohela. On the notification I was told I was owed {$2100.00} because the loans were actually forgiven in XXXX, XXXX so I overpaid. 

The letter said to call to verify my address, which I did XX/XX/XXXX. At that point I was told it would take 2 months. I called back after the 2 months ( XXXX, XXXX ) was up and was told it takes 3 months. Once the third month passed, I made MULTIPLE calls, sat on hold for hours, and kept getting told they could do nothing. 

XX/XX/XXXX I demanded to speak to a supervisor, which I did. XXXX the supervisor said he figured out the problem and my refund would be on the way, but could not tell me how long this would take. In XXXX, XXXX, which was again 3 months since I spoke to XXXX, I called back and was told the final review was XX/XX/XXXX and it was approved. 

Today 's date is XX/XX/XXXX and I still do not have my refund, a year later. 

This has been the most frustrating experience. The hold time with Mohela is unreal, only to find our they can not help me. 
I was given this website to help get my refund and hopefully help myself and others get the refund deserved. 
Thank you. 
XXXX XXXX"
5235,Money transfer or service,Paypal is holding {$10.00} XXXX from my account they said that they can not release the money and I can not close the account for 90 days. they started that is they right to hold it and i can not do anything about.
5101,Credit card,I paid 4 for Google play cards {$100.00} each I got scammed I guess and when I realized the scam stopped payment on the Google play cards before I could stop payment I guess two of them were used I have two that have not been used but I still can not retrieve the money. I find it insane that there is no refund and still when I first stop payment all four cards were good so I believe that the people who's scammed me use the cards but wouldn't let me use the cards and the information that you have to give to use the cards only I have. So if the information needed to use the card is the information that I have and only I have this information how come it can't be used by me but can be used by someone else?
5986,Money transfer or service,"I am filling a complaint against Cash App ( Block , Inc ) due to inadequate customer service and unfair practices, which violate the Consumer Financial Protection Act ( CFPA ). Specifically, Cash App failed to tale timely and effective measures to prevent and address fraud on their platform, leaving my account vulnerable and unprotected. Furthermore, there dispute resolution process was unfair and deceptive as they did not comply with error resolution requirements and the Electronic Fund Transfer Act ( EFTA ) and Regulation E. These actions have cause significant inconveniences and financial loss, and I seek appropriate redress for these violations."
5902,Debt collection,"This is more info in reference to these complaints : XXXX XXXX I called XXXX XXXX  XXXX  ( Owned by XXXX XXXX ) and they confirmed that I paid off my bill via autopay on XX/XX/XXXX and I never had a late bill. The person checked the greater XXXX XXXX network and showed no other accounts. He said this account was fraud. 

This make sense as to why I never got a bill before it was in collections and also why when I spoke to TransWorld Systems when I first became oaware of the delinquent payment ( XX/XX/XXXX ), they told me they tried to contact me at a phone number which never belonged to me. 

I should have never paid Transworld and they owe me a refund along with the prompt removal of this delinquency from my credit report."
5947,Consumer loan,"We purchased this vehicle around XXXXXXXX XXXX it's a XXXX XXXX XXXX at a local dealership in XXXX XXXX. Our credit wasn't very good and the dealership was able to get us approved but they never told us about the finance company and Interest rates until we got to the dealership and signed the contract. We've been doing well up until 3 months ago due to lack of employment on my part and my girlfriend has to pay for everything like rent and food and utilities and gas, etc. The finance company is Credit Acceptance Corporation and for the last few months they have been constantly calling us none stop all times of the day and weekend. I've told them on several occasions to cease with the phone calls but they constantly still call any way. We tell them about our situation and that we'll pay what we can when we can but they still call. Our interest rate is so high that it doesn't seem like I've been paying anything. Clearly we're in an upside down loan and we've put in too much money on this car since we bought it in XX/XX/year>. I would like for the harassing phone calls to stop and I would like to get out from under this terrible car loan."
5346,Money transfer or service,I attempted to buy an item from a cash app account holder that was selling items on a platform I paid for the item {$250.00} and the person stopped replying to me and others I reported it to cash app and they said there was nothing they could do about it I clearly wrote what the money transfer was for as well as it still needed to be sent but it was a scam
5139,Debt collection,"On XXXX I ordered a product from XXXX, On that same day I cancelled, however I was informed the product was already sent out ( XXXX XXXX supply ). My payment method was through XXXX. I have spent the last XXXX XXXX trying to resolve this matter with XXXX. They indicate they paid the full amount and there was no refund from the vendor. However XXXX advertises, cancel anytime and money back. Now XXXX is stating there is no account for me, how does that happen when XXXX indicates they paid the full amount. To date I only received XXXX shipment, yet they want me to pay the full amount for something I never received. XXXX or the collection company will not provide me with documentation."
5621,Credit reporting,"I sent a letter onto remove items that is UNKNOWN to me. I came across this law today and according to the Per FCRA 605B ( 15 U.S.C. 1681c-2 ) you are required to remove/block any items or information not later than XXXX XXXX XXXX Ive already included this in my previous Complaint & I am including it again., XXXX XXXX XXXX  Balance : {$2400.00} XXXX XXXX XXXX XXXX  Balance : {$3100.00} XXXX XXXX XXXX Balance : {$13000.00} XXXX XXXX XXXX Balance : {$0.00} XXXX XXXX XXXX Balance : {$0.00} XXXX XXXX XXXX Balance : {$6600.00}"
5499,Debt collection,"I took a car coverage policy out with XXXX. Then I've seen a charge on my account for accompanied by the name of line did not know who line 5 I was doing business with XXXX I called XXXX and cancel the policy. But line 5, keep saying.I owe them money as far as I know.The policy is canceled and the two payments that were collected were paid on time"
5370,Credit reporting,"I have requested the three credit bureaus ( XXXX, XXXX, and Experian ) investigate numerous inaccuracies on my Consumer Reports. They have not investigated thoroughly and have not corrected my report. I have disputed online and via letter."
5198,Credit reporting,"Inquiries continue to pop up. I admit are not mine. I would want deletion from this. It is affecting me. Dates are listed on credit reports. 
XXXX  shows XXXX XXXX twice. XXXX. XXXX XXXX, XXXX XXXX and all others that show on XXXX and XXXX XXXX where i sent the uploads. I had open and closed a credit card with XXXX XXXX and claed the account due to loss of job and months later i notice two inquires for the same credit card service i didn't apply. I spoke with someone and they where not able to tell me why they are inquiries on my account. I ask for deletion and was advise no."
5687,Bank account or service,As the account holder XXXX XXXX XXXX my account was over-drafted on XX/XX/XXXX when I had made an atm withdrawal of {$900.00} what was in my account was around {$1100.00} at the time I had two charges processing even when I contacted Bank of America they told me that the funds for those transactions ( {$300.00} for XXXX XXXX and {$1900.00} for XXXX XXXX XXXX ) were supposed to be held so I had no access to them but I still have to pay for the overdraft
5584,Mortgage,"I received a mortgage on or about XX/XX/year>. I made payments in the amount of : XXXX XXXX {$4200.00} ( additional XXXX principle paid ) XXXX - {$4200.00} ( additional XXXX principle paid ) XXXX - XXXX ( additional XXXX principle paid ) XXXX - XXXX ( additional XXXX principle paid ) total Payments - XXXX Total meant for additional principle - XXXX Can you please verify this information? 

Thank you, XXXXXXXX XXXX"
5901,Mortgage,"Title Source on behalf of XXXX Bank contacted SLS to obtain a subordination agreement and proof of assignment regarding a secondary mortgage it has on my property. I recently learned that SLS has requested that the subordination document be signed "" SLS on behalf of XXXX '' ; however, per Title Source 's title search, there is no record that XXXX is the current holder of the mortgage. Title Source and I have been informed by SLS that it will take 2 to 3 months or more to respond to the request. This timeframe is unacceptable and will likely to result in cancellation of my pending application. As a result of this delay, XXXX Bank has notified me that I will have to pay XXXX point per month to extend the application with a two-month maximum. In addition, if the subordination document is not properly executed, I will have to wait 60 days to reapply at almost certainly a higher interest rate. 
I am extremely concerned about the quality and lack of urgency expressed by the SLS customer service staff that I and Title Source have received to date and would appreciate receiving proof of the XXXX/SLS assignment and completion of the subordination document so that I can close my application and avoid financial penalties."
5059,Debt collection,"I entered into a settlement agreement with the original creditor, XXXX XXXX, to cancel my timeshare. The agreement was signed by all parties, including the developers XXXX, and required a payment of {$200.00}. I made the payment and sent it via XXXX XXXX XXXX, which was delivered and accepted. My attorney has confirmed that the cancellation is complete and that I am no longer responsible for any remaining balance or future obligations. Despite this, XXXX XXXX continues to report this account as an unpaid collection with a balance of over {$18000.00}. I disputed this with the credit bureaus and provided the signed agreement, proof of payment, and delivery confirmation. The account was not corrected and still shows as unpaid. This reporting is inaccurate because the debt has been settled and the obligation has been cancelled. I am requesting that this account be deleted from all credit reporting agencies"
5328,Money transfer or service,"On XXXX XXXX, I was in communication with XXXX XXXX XXXX XXXX, who is my custom clearance company from New Jersey, regarding my invoice regarding a shipment and its status of arriving. During that conversation, I received an email from a similar domain of XXXX XXXX 's representative, who was a scammer, asking for an outstanding amount of USD XXXX with new account details and used XXXX XXXX account name for deposit of the amount. 

The amount was due to XXXX XXXX and the maturity date of the payment had also arrived. We were tricked in such an obvious way that we could not even think for a second that we were getting scammed. 

The payment due date, the signature at the end of the email, the amount of invoice and the account details were all matching the actual vendor. 

The new account the scammer provided were : Bank Name : FNBO Account number - XXXX Swift Code : XXXX Bank address- XXXX XXXX XXXX XXXX XXXX , CO , XXXX Routing number - XXXX We unfortunately went ahead with the payment and sent the screenshot over XXXX to the actual guy from XXXX XXXX XXXX to which they were shocked and refused to provide any new account details but it was too late until then as it was an ACH transfer. 

Upon checking, we found with FNBO that the actual beneficiary name is : XXXX XXXX Other than this, they refused to cooperate or provide any information."
5096,Credit card,"I have a Capital One credit card. I was charged a late fee and interest on my account twice. 

On XX/XX/2023, I was charged a late fee of {$29.00} and interest charge of {$27.00}. 
On XX/XX/2023, I was charged a late fee of {$29.00} and interest charge of {$2.00}. I made both payments on the dates they were due. 

For the XX/XX/2023 payment, the due date was XX/XX/2023. I made the payment on that due date at XXXX XXXX. 
For the XX/XX/2023 payment, the due date was XX/XX/2023. I made the payment on that due date at XXXX XXXX. 
The statements and email confirmation showing the exact times I made the payment are attached. 

I spoke to XXXX at the customer service department of Capital One ( she provided me a reference number XXXX ). She said there is a cutoff time of XXXX XXXX XXXX  on the due date for those payments. I was not aware of this cutoff time. I do have other credit cards from other banks, and they would accept an online payment on due date and not charge a late fee no matter what time I make the payment. XXXX refused to refund the fees, arguing that they are valid fees. Other credit companies do refund late fees as a courtesy. XXXX said the XXXX XXXX  deadline is stated in the statements, but I had not noticed that small text in the statement, since I usually make the payment online.

In these two cases, I made the payments on the stated due dates. I was not aware of the cut off times. I was charged large fees for being a few hours late in my payment. The company did not refund the fees. The company 's rules are different than other credit companies and they are set up to maximize the fees they can charge to customers. What is the difference between making a payment at XXXX XXXX  vs XXXX XXXX on a due date. The company does not show the courtesy that other credit companies show when you ask for a refund of their large fees. Out of frustration, I cancelled my card."
5312,Credit reporting,"*THIS IS NOT A DUPLICATE COMPLAINT* Hello, My name is XXXX XXXX XXXX I'm contacting you today requesting accommodation for Account # XXXX. I spoke with a supervisor by the name of XXXX ( I'm not sure of her last name ). She informed me that it would take up to 30 days for the accommodation request to remove the "" Late '' payment from my consumer report. However, It hasn't updated and I'm starting to get concerned. As I stated before My wife and I went to XXXX for our anniversary and wasn't able to come back into the country for 3 weeks because we constantly tested positive for XXXX. Unfortunately I had no control over this matter that resulted in me falling short on my bill one time. If you view my account you'll see I've never been late before or after this one time. I come before you today in hopes of you to accommodate and remove the "" Late Payment '' that is reporting on my accounts from that struggling period of my life. Please take this into consideration and re-report the "" Late Payment '' as currently to the consumer reporting agencies. This unfortunately situation is ruining my financial repetition. I'm contacting you today in hopes of receiving an update to my original inquiry or some sort of resolution to this issue."
5974,Mortgage,My mortgage that was previously held by XXXX XXXX since 2017 has been sold to Newrez about 3 months ago. I am a senior citizen that receives my Social Security check on the XXXX Wednesday of the month. Because of this uncontrollable situation XXXX XXXX extended my grace period to the XXXX of the month to avoid monthly late fees and keep my credit rating in good standing. Newrez refuses to honor this part of my loan. XXXX XXXX sent me a letter stating these terms of which I forwarded this letter to Newrez. They admit receiving the letter but refuse to honor those terms of my loan. Why am I stuck with a company that I never asked for or agreed to? What recourse do I have? Please help me as I can not afford late fees each month. I have always paid my mortgage monthly and never missed a payment. Thank you
5299,Debt collection,"XXXX XXXX XXXX XXXX XXXX XXXX Virginia XXXX VA XXXX VA IC SYSTEM INC XXXX XXXX XXXX XXXX XXXX, MN XXXX XX/XX/year> Account Number : XXXX * * * * Amount : I C SYSTEM - XXXX * * * * : {$2400.00} To whom it may concern, Please note that this is not a refusal to pay off the account but a notice sent as per the Fair Debt Collection Practices Act ( XXXX. ), XXXX XXXX. XXXX XXXX ( G ) Section XXXX ( B ). This notice states that your claim is disputed and validation of the account is required. This notice is not a request for verification of the account or proof of my mailing address but a request for validation made pursuant to the F D.C.P A. laws. I humbly request that your agency/ office sends me valid proof of claim that I am legally obligated to pay you. Please provide me with the below mentioned items : * The amount you claim the respondent owes you * An explanation showing me how you have computed the amount. * Copies of any documents that prove I agreed to pay the alleged amount * The identity of the original creditor * Confirmation that the account has not crossed the statute of limitation ( XXXX ) period * Evidence that you are a licensed debt collector * Evidence of your license numbers and your registered agent. * Chain of Title of ownership of the debt * XXXX & XXXX XXXX"
5277,Bank account or service,"b'I enrolled in Chimes $XXXX new-member bonus offer. The terms required receiving $XXXX in qualifying direct deposits per month. The terms did NOT state that the $XXXXXXXX had to be a single deposit.\n\nI received $XXXX/month in employer payroll ACH deposits:\n\nXXXX  $XXXX  $1XXXX  $XXXX   $XXXX  $1XXXX  $XXXXChime refused to honor the offer and is enforcing a requirement (a single $XXXX  deposit) that was not disclosed in the published promotional terms.\nUnder CFPB rules, financial institutions must disclose all material terms and cannot enforce undisclosed conditions after signup.\n\nI am requesting that Chime honor the promotion as written and apply the $XXXX bonus.'"
5924,Consumer loan,"I have sent multiple letters to all three credit bureaus and Santander Consumer USA in regards to the charged-off collection account that is reporting on my credit report. The court ruling that issued to Santander in XXXX due to their unlawful lending practices. Based on those rulings, this account should be removed from all three of my credit reports immediately. I reside in XXXX  and use to reside in XXXX XXXX which makes me eligible for this account to be removed. I have attached supporting documents with this compliant."
5601,Bank account or service,"My account was closed based on fraudulent activity I didnt know that I was been scammed threw XXXX the amount was in minimum dollars and not in higher dollar amounts I didnt do that purposely to my account to closed how would I know that I was been scammed by scammer. 
I try to talk to Huntington Beach manager and explain the situation but they denied to listen and refused listen to me solve the issue"
5439,Money transfer or service,"Bank of america and the regulator agent XXXX  in concert with customer service are trying to scam me out of our agreed upon XXXX claim that I filed with the customer protection department arou a couple of weeks ago. The lady and the customer service department finally taken my claim and they played around a few days but I kept calling and telling them the regulator agent authorized it and said she was authorized to tell me that. She also told me that I could file it under Id theft because a year ago they put your money in the wrong account. When the lady ask me how much and that her boss told her to ask me the amount I said XXXX and she ask exactly XXXX and I said yes. They told me to call every three days and an guy told me last Thursday that your claim got approved and I kept asking him about the XXXX that I need it now. He just kept saying soon now I call today the third day and around XXXX and the lady said it is for XXXX the first anyone brought up any amount to me period and is fraud. 

I noticed XXXX  stop talking or returning my calls after her response which included lies. Absolutely, no transaction has went into my account since 2015 and she lied about last year. I absolutely never told her that I had no more concerns. When she told me that I could file a claim customer service played games for days trying to deter me from my claim. 

She and I agreed on identity theft fraud that I could claim on."
5837,Credit card,"XXXX XXXX XXXX XXXX XXXX XXXX XXXX XXXX XXXX, XXXX XXXX XXXX XXXX, CA XXXX XXXX : ( XXXX ) XXXX XXXX XXXX XXXX FALSE LATE PAYMENT ON MY REPORT XXXX XXXXFALSE LATE PAYMENT ON MY REPORT ACCOUNT # XXXX THIS COMPANY HAS TERRIBLE CUSTOMER SERVICE FOR STARTERS. 


i reported fraud on my account with this company and they refused to even investigate or fix my account issue. 

i wrote letters for more than a year now and it remains on my credit report. 

my wallet was stolen and my XXXX. my extra card was in both my phone and wallet.. i did not reconize the transactions so i begged for answers and nothing, staff was rude and careless. this has hurt my credit so bad. i couldnt even get into my account because the old number wasnt mine anymore, i wrote emails and called. 

they only responded after the late payment hit my account. then they closed the account so now its hurting my credit SO BAD"
5570,Debt collection,"Notified Diversified Consultants on XXXX-XXXX-2017 that negative item was placed on my credit report without notifying me, which is a clear vilation of the early-warning notice clause of FACTA section 623 (A)(7). This law requires all creditors and collectors to notify me by mail before placing negative items on my credit report. Requested Diversified Consultants to remove incorrect information off my credit report. More importantly, Diversified Consultants are in violation of FACTA  section 623 (A)(7). Never received any mail from Diversified Consultants."
5879,Mortgage,"Fay is claiming i pay my taxes and hazard on my own. Meaning no escrow. or escrow is not enough to cover. Yet, i have a substantial amount of money in escrow with them to pay all three of these accounts. It will now be three. 1. taxes 2. Wind/hurricane ( forced ) 3. Hazard ( x-wind ).

I have received two letters at this time stating that i am to be held accountable for paying 2 of the 3 above. I have never paid directly any of these. I have always ( 20 years same mortgage ) had it in escrow to be paid by the servicer.

As well, in their letter response to another complaint on this website, they include "" $ XX/XX/2022 {$1500.00} Hazard Insurance-paid by XXXX '' ( past loan servicer ) They have the information on paying insurance # XXXX hazard =x wind. It is coming due and needs to be acknowledged in some way that they are to pay this. I have also asked my Insurance agent to get with Fay regarding this to no avail. 

On the other item, they addressed cost of Hurricane insurance, Forced place, I am fine with that amount. 

On XX/XX/XXXX time frame i uploaded to their portal confirmation of Hazard / amwin/xwind insurance coverage. They have yet to acknowledge this either in email or on their website where i make my monthly payments.

I want confirmation that they acknowledge there is an escrow account to pay all three items above , county taxes and 2 separate insurance policies. I have called the company twice. and I have uploaded the Hazard insurance declaration page to their portal. as well uploaded it here. with no acknowledgement of this being corrected. I keep getting letters stating i am to pay this. so no this company has not addressed all of my issues."
5261,Mortgage,"I am the verified, legal deed holder of the property listed above, as confirmed by the XXXX XXXX XXXXXXXX XXXX XXXX. Two years ago, Aspen Properties Group , LLC initiated foreclosure proceedings but subsequently canceled the sale. Aspen suppressed this information from me and the co-borrower, completely failing to provide any written notice of the cancellation. Believing the home was foreclosed, we vacated the structure while leaving personal belongings inside.Yesterday, I discovered a padlock on the front door and found that the electric utilities have been completely disconnected directly from the power pole. No notices, stickers, or legal postings were ever placed on the door or mailed to the titleholders.Upon contacting Aspen Properties Group , LLC, their phone representatives verbally acknowledged that I am the legal owner of the home and that the underlying lien was charged off. However, they explicitly stated they will refuse to grant me physical access to my home or my locked personal property unless I hire a real estate agent and force a sale of the property to satisfy the charged-off debt.This is a severe violation of RESPA guidelines , a wrongful lockout, and civil coercion. Aspen is weaponizing property preservation clauses to hold my home and personal possessions hostage for financial extortion. I have requested official documentation regarding the loan balance and the foreclosure cancellation, and Aspen phone representatives denied the request, stating "" they don't have to provide that to me. ''"
5578,Money transfer or service,"Ive been a blockchain verified user since XXXX  recently I started using the trading account and Ive done few trades my ID expired so I had to redo the verification they wouldnt let me do it anymore and restricted my account with my money still in it, Ive written to their support for over XXXX  days now with this ticket number # XXXX, From the following screenshot I attached they clearly told me I could withdraw my balance as I cant trade anymore, I accept the company decision as I uploaded a valid ID, I dont understand the reason why they wont let me have the balance, I want an explanation as I didnt violate any rules."
5023,Debt collection,"Hello, I am disputing a frivolous collection account that is appearing with the credit bureaus from the company Credit Collection Services. I have sent a few letters ( 5 ) to be exact to the frivolous company and the credit bureaus. The bureaus have failed me and violated FCRA. My most recent letter dated XX/XX/15 ask the said company to validate this irroneous said debt. Credit Collection Services sends a bill. A freaking bill anyone can type up a bill, this bill absolutely does NOT suffice. I specifically asked for a contract with my signature. This agency didnt provide the request validation per the FCRA within the 30 days. Violation to FCRA. Violations as me being a XXXX woman in America trying to survive. I am so shocked that these companies can place frivolous accounts and the bureaus allow this. I am demanding this account be removed in its entirety and completely from all the bureaus."
5030,Credit reporting,"The Fair Credit Reporting Act ( 15 U.S. Code 1681 ) says ( 1 ) The banking system is dependent upon fair and accurate credit reporting. Inaccurate credit reports directly impair the efficiency of the banking system, and unfair credit reporting methods undermine the public confidence which is essential to the continued functioning of the banking system. So whenever there is a violation under the FCRA, it impairs the efficiency of the banking system. This is a violation of TILA US Code 1666B since I was never late. "" I recently reviewed my consumer report and noticed an incorrect late payment record. I have always maintained timely payments on this account. Under the Fair Credit Billing Act ( FCBA ) and the Truth in Lending Act ( TILA ), creditors are required to accurately report consumer transactions and provide a mechanism for correcting errors in a timely manner. Please conduct an investigation into this matter, and if you can not provide documentary evidence of these supposed late payments, I demand these payments to be updated to on time as they should be as I was NEVER late. I expect these updates to be made promptly, in compliance with the law. 


XXXX XXXX XXXX XXXX XXXXXXXX"
5617,Consumer loan,On XX/XX/XXXX I sent payment to Alliant Credit Union for {$350.00}. Payment was due XXXX  I then received notice they never received my check and was charged a {$25.00} late fee. I sent to them a copy of the cashed check and to date they have not not fixed the credit reporting or reimbursed me for the late fee.
5010,Debt collection,"I'm a natural person, I am a living being, I have rights under 15 USC 1681.or 15 U.S.C 1681 section 602 A. states I have the right to privacy. 

In accordance with the fair Credit Reporting act Collections- XXXX XXXX XXXX {$480.00} opened XXXX, Collections- XXXX XXXX XXXX  XXXX said I owed them {$8900.00} open XXXX They are not the Original Owners 15 U.S.C 1681 section 604 A. section 2 : It also states a consumer reporting agency can not furnish a account without my written instructions 15 U.S.C 1681c. ( a ) ( 5 ) Section states : no consumer reporting agency may make any consumer report containing any of the following items of information any other adverse item of information, other than records of convictions of crimes which antedates the report by more than seven years. 

15 U.S.C. 1681s-2 ( a ) ( 1 ) A person shall not furnish any information relating to a consumer to any consumer reporting agency if the person knows or has reasonable cause to believe that the information is inaccurate.

15 U.S.C. 1666b A Creditor may not treat a payment on a credit card account under an open end consumer credit plan as late any reasons. 

According to 15 USC 1681 : I have the right to privacy, and I did not give XXXX, TransUnion, XXXX, written permission to furnish these accounts."
5221,Money transfer or service,"I made a payment from my XXXX account to my American Express credit card on XX/XX/XXXX for {$600.00}. Generally, XXXX offers the option to issue the payment as either a Wire Transfer or a Real Time Payment. For some reason, their mobile app automatically routes the transaction through the Real Time Payment network, so my payment was issued as an RTP, which according to XXXX, is settled immediately. On the American Express side, they claim that they can not locate the payment and asked for a document providing confirmation of the settled transaction, which they provided. Now, American Express says that the funds were returned to XXXX on XX/XX/XXXX, but XXXX can not locate the funds on their end, stating the following : "" Please provide a tracking number or reference number for the return of the funds. We can not locate the funds without a reference number. Please note, the reference number listed in the letter from American Express is their internal case number, not a number related to the transaction. '' On XX/XX/XXXX, American Express provided a reference number that XXXX claims they can not use to locate the payment. I need one of the 2 banks to take accountability and return my funds."
5820,Consumer loan,"XXXX XXXX XXXX XXXX did not disclose I had to pay an ending fee to the lease. I paid upfront onetime payment for all costs. When I spoke to XXXX XXXX at corporate, they stated they have had consistent problems with the sales representative by not disclosing in full details to other customers. We are talking about around {$650.00}."
5296,Bank account or service,I called on XX/XX/07 to file a claim dispute with Chase for a XXXX unauthorized charge for my account ending in XXXX. I spoke Chase and dispute and they stated they are unable to get the funds from XXXX.
5054,Credit card,An automatic bill pay was made on XX/XX/2025 for {$37.00} that I did not authorize. The company said I enrolled in an autopay program on XXXX XXXX online. I did not do that. I contacted the credit card company and demanded to cancel the autopay program and refund my money. They said that they would but it would take 2 days to cancel the program and 7-15 days to get my refund. I am concerned that this company fraudulently enrolled me in this autopay program.
5542,Credit card,"On XX/XX/2022 I attended an event said to be a XXXX XXXX XXXX meeting in XXXX XXXX. If my memory serves me correctly, it was a property resort owned by Wyndham. I along with my girlfriend attended this meeting that was promised not to be a timeshare, but XXXX XXXX. During the process, I placed a {$50.00} deposit using my regions bankcard that somehow was never charged. I was firm about the amount of {$50.00} and never gave permission for a fraudulent charge of {$4600.00} to a Barclays Wyndham Reward credit card. I was told that my credit score automatically got me approved for a card. i was never told or explained to that the company was not accepting my original {$50.00} payment, I was not informed or aware nor did i agree with any other amount or balance being transferred to a credit card that i did not apply for but was told that i was awarded a card. The representatives acted in an unethical manner and scammed my information. On XX/XX/2022, my girlfriend and I completed a rescission on the contact. On XX/XX/2022, I received notification from employee XXXX XXXX that the rescission was approved. Her company 's email address is XXXX. However, we have been contacted by another representative who had us to forward all of the information to him to assist us with another complaint stating that the rescission never happened. We are not responsible for the incompetent or malicious acts of unethical employees. We have been getting the runaround. The salespeople acted unethically and committed fraud. They used dishonest tactics and manipulation trying to force a scam. A call was also made to the credit card company to report credit card fraud. The company is withdrawing the monthly payment from the regions bankcard which on a {$50.00} down payment was authorized, but put the unauthorized balance on their credit card which is being done fraudulently and part of a scam."
5209,Bank account or service,"On XX/XX/22 I entered the bank at XXXX XXXX XXXX, XXXX, TN XXXX to deposit {$5000.00} in cash that I had withdrawn from my personal account at XXXX  XXXX XXXX. I ensured that I had the receipt b/c on several other occasions First Horizon has refused to take a deposit from my husband for a dividend check from his mom of {$21.00}. Interestingly, my husband has been a client for this bank for over 40 years and his mom for over 60 years as well my husband has approx. $ XXXX so what is the risk. Today, however I attempted to deposit $ XXXX cash into a joint savings account with my husband and was asked for my SSN and where I worked. I did not throw a fit mostly b/c the teller was just doing her job but this bank seems to go over and beyond what would be considered legal. I am concerned that these decisions are racially motivated except for the fact that some of these policies are being enforced by people of XXXX. Enough with this bank!!!"
5604,Consumer loan,"I was rushed into agreeing to an installment plan without the knowledge of the contract. I have not received any treatments or paid anything to the company yet. The company is refusing the closure of the plan. I was harassed by sales representatives online and only wanted a price quote but was hurried into the installment. This happened on XX/XX/, I am filing this report on XX/XX/."
5692,Credit reporting,"This is my final notice regarding your ongoing noncompliance with federal credit reporting laws. I previously disputed the accuracy and legitimacy of several items on my credit report, yet your agency has failed to act in accordance with the Fair Credit Reporting Act ( FCRA ) and the Fair Debt Collection Practices Act ( FDCPA ). 

Your violations include : Failure to validate the debt as required under 15 USC 1692g ( Section 809 ( b ) ).

Continuing communication after a certified cease-and-desist request, violating 15 USC 1692c ( Section 805 ( c ) ).

Harassment under 15 USC 1692d ( Section 806 ). 
Recently, I received notice that your investigation was complete, but the disputed accounts remain on my credit report. These accounts are not only inaccurate but were never authorized by me. No valid contract exists, and I have not provided any written consent for the reporting of these accounts, as required under 15 U.S. Code 1681b.

I demand that the following items be deleted immediately from my credit report :"
5662,Credit card,"It was a charged at the XXXX XXXX XXXX XXXX in XXXX I used my card to tab and entered the gate it was debited wrongly by the merchant and it debited over {$21.00} however after spoken with the merchant staff member at the XXXX XXXX XXXX  said it should have charge only {$2.00} not overly {$21.00} staff advised me to disputed and take it up with my bank, I reached out to my bank it was a representatives who has very little XXXX  speaking and doesnt understand the XXXX concept or any type of understanding who made a dispute for me and yet they refuse to give me back my money and I dont know why this being higher of people outside of the XXXX XXXX . They dont even speak XXXX they dont even know what Im talking about and yet they deny my claim."
5866,Credit reporting,"I submitted this complaint to update this suspicious information. XXXX Credit Bureaus must validate these accounts in accordance with Sections 609 ( a ) ( 1 ) ( A ) and 611 ( a ) ( 1 ) ( A ), and I will pursue legal action against them. 
XXXX XXXX Balance Owed : {$0.00} ; XXXX XXXX Balance Owed : {$0.00} ; XXXX XXXX  Balance Owed : {$0.00} ; XXXX XXXXXXXX Balance Owed : {$0.00} ; XXXX XXXX XXXX Balance Owed : {$90.00}."
5070,Consumer loan,"UPDATE : On XXXX XXXX XXXX XXXX XXXX, Makwa Finance sent a settlement offer claiming I owed {$830.00} in "" principal. '' Their own Truth in Lending Disclosure confirms the loan was made at 500 % XXXX with {$4200.00} in finance charges clearly usurious under XXXX XXXX XXXXXXXX ( XXXX XXXX XXXX. XXXX caps consumer interest at 30 % APR ). I have responded rejecting the settlement and demanding written confirmation that : XXXX. The account is closed with {$0.00} owed XXXX. No collection will continue XXXX. No credit reporting will occur XXXX. The account will not be sold to a debt buyer XXXX. The portal balance will be zeroed I have also noted that XXXX previously blocked my email address from incoming messages while continuing to send outbound collection emails from the same address a one-way block constituting bad faith under 15 U.S.C. 1692e and 1692f. Attached : Truth in Lending Disclosure, portal screenshot, settlement email, and my response."
5543,Money transfer or service,"My account was frozen on XXXX XXXX. 
I was told that I need to submit my Photo ID and bank statement, in which I submitted. A few days later I received an email stating my account was frozen and I couldnt transfer my funds. 
My complaint is why ask for my personal information and then allow my account to still be frozen. 
I just want to transfer my funds to my account and then they can close or freeze the account. 
Now Im worried my information might get stolen and become a victim of identity theft because I my information wasnt used to unfreeze my account but to permanently freeze my money. 
I still have almost {$600.00} in my account that I desperately need."
5107,Debt collection,"I have asked for Source receivables management to provide Forward flow agreement, debt validation, original document with dates and amounts owed with my signature.

USC 1681i ( a ) ( 6 ) ( b ) ( iii ) states I am entitled to 1 method of verification 2 description of procedure 3 proof of documentation during investigation that proves accuracy to consumer report. 5 business days or items must be removed from consumer report and all credit reporting bureaus."
5493,Credit card,XX/XX/18 I applied to a web page that pop up on XXXX that if I applied for this credit card I would get {$100.00} of a flight that I was booking. I applied and was approved with a credit limit of {$6800.00}. than the screen went black. I called the company and asked how will I know that the XXXX went through the representative said it will show up on your first bill. A few days later I call the company again Barclay and was asking about the charge for the tickets and about the {$100.00} credit. The rep said there wasnt any charges on this account. I said well I received confirmation of the flight how did I get the tickets if it isnt on the charge. Rep said he didnt know. I hung up and was trying to figured out what happened and thought maybe they charged my XXXX XXXX Card. Sure enough when I called the charge was put on my XXXX XXXX Card. When I called Barclay about the XXXX that I was suppose to get on the tickets he said I need to make a purchase again and they would apply the XXXX. I told him the whole purpose of me applying for the card was to get the {$100.00} off the tickets that I purchased on XX/XX/18. He said there wasnt anything he could do.
5590,Credit card,"I would like the assistance of CFPB in contacting Citibank Item 1 : I have been charged credit protector fees for several of my credit card accts. I have only received credit for those which I have brought to the attention of CFPB. I have never received credit for my account am I referencing on this complaint. 
Item 2 In 2015 I paid Citibank on account {$9500.00}, I only had charges totaling {$1400.00} see attached information is taken directly from Citibank st my statement. They gave me a credit but kept my overpayment. I am asking for an immediate explanation. I have called XXXX XXXX several times. She does not answer the phone. She sent a bunch of old statements but my overpayment and some of my credit protector refunds are st still pending. They only gave me credit for accounts I requested. They did not give me credits for all accounts in my name. 
I hope that they read what I have written and reach a conclusion. 
Citibank has partially cooperated since CFPB has gotten involved with my account."
5741,Credit card,"Received a notification alert from XXXX XXXX about a hard inquiry, which i was confused on I then checked my email and saw two emails about a new credit card that was applied for. One email from XXXX XXXX and one from USBank about applying for a credit card. I then called XXXX XXXX to try and dispute it, and also tried calling the USbank to dispute the application."
5292,Mortgage,"Wells Fargo Loan # XXXX XXXX XXXX XXXX XXXX Ct, XXXX XXXX CA XXXX Wells Fargo has countered the buyer on this property without having done an interior appraisal. When we confronted the negotiator regarding a lack interior access and we requested a copy of the appraisal they have on file, the negotiator discussed the request with her manager. Her manager stated Wells Fargo does not have to provide a copy of their appraisal, and therefore does not have to comply with the XXXX Valuations Rule. 

We believe, in fact, there is no appraisal on file at all. We believe Wells Fargo has either an automated value or a drive-by BPO on file. To label either of these as an appraisal is Fraud. 

The homeowner has stated they have not given interior access to anyone from the bank. We believe their reluctance to do so is because it does n't actually exist and they simply made XXXX up. 

This is very odd. Unfortunately this is not the first time management at WF stated they are not do not have to comply with State, Federal or CFPB guidelines. They think it is a joke."
5289,Money transfer or service,"On XX/XX/2023, I used Cash App to send a friend {$25.00}. Unbeknownst to me, the person deactivated his Cash App account. I contacted Cash App after I could not cancel or ask for a refund. When I contacted Cash App, I was advised that "" CASH APP is unable to cancel or refund the completed payments. I was told if I wanted to recover my funds, please have the recipient reach out to us via their app. '' The person reached out to CASH APP Customer Support via the app as instructed to do so. However, the funds are not showing in their balance and Cash App said he could send the funds to the sender ( me ) when the account is active. 

So, if the account is deactivated, how were the funds accepted and supposedly received?"
5652,Money transfer or service,"So basically XXXX XX/XX/XXXX at around XXXX am, I attempt to withdraw XXXX dollars from cashapp at an ATM inside of a drugstore. And oddly enough the ATM says i have insufficient funds, so i try and open up cash app on my phone, but its randomly deleted. So i redownload the app and my balance is at {$00.00}, i check my transactions and it says at XXXX XXXX a payment of {$150.00} dollars was made to a account named XXXX XXXX XXXX I contacted them several times trying to resolve the issue and was told a dispute has been issued, But then was told the very next day ( today ) that this dispute has been denied. I've contacted cashapp support several times requesting an explanation but always am told I will receive an email containing documentation but never receive anything. I am pretty much being told everything at this point that doesn't reguard why my dispute has been denied. Cashapp has failed me miserably .please help"
5039,Bank account or service,Opened up a business account XXXX XXXX XXXX XXXX XXXX ) with Bank of America in XX/XX/year> and the nature of my business is that I XXXX XXXX XXXX XXXX XXXX XXXX XXXX XXXX XXXX XXXX we had a large wire deposit from frontier title group for a closing that took place regarding a property that we sold and the account was perfectly fine. We then recently had another closing for $ XXXX from the SAME title company and according to the bank they are stating that the last wire was fraud or appears to be fraud. They didnt send any notification or warning regarding the account. So with that being said they decided to close the account and are refusing to release our funds. The account has over {$50000.00} in it and it is causing a huge hardship on not only my business but heaXXXX XXXX XXXX XXXX XXXX XXXX and need my funds to go through every day life. Ive expressed to this to branch and XXXX department and nothing seems to be working. They are claiming that the account will be closed on XX/XX/XXXX and can not wait till then to receive my money that Ive worked hard for. Please resolve this! Thank you.
5589,Money transfer or service,"I am filing a complaint against Cashapp. ( Block , inc ) due to the fact that customer service is inadequate and unfair which violates The consumer Financial protection act ( CFPA ) More specifically cashapp failed to take timely and effective steps to prevent address fraud on their platform. Leaving my account and my sensitive information vulnerable and unprotected. Furthermore, their dispute resolution process was unfair and deceptive, they did not comply with error resolution requirements under the electronic fund transfer act ( EFTA ) and regulation E. These actions have caused major inconvenience and financial loss. I seek redress for these violations"
5307,Debt collection,"Transworld Systems violated my consumer rights. A representative from Transworld Systems whom I spoke with on XX/XX/2020 in regards to a previous auto account assumed the role of original creditor and told me that the remaining balance of {$11000.00} could be negotiated down to 50 % of that amounting to {$5900.00}. Then this same representative made the statement that XXXX XXXX  is currently offering "" tax season promotion '' and that I could have {$5900.00} negotiated down to 30 % of that amount. The final amount presented to me was {$3500.00}. This same representative asked if/when will file my federal taxes and went on to say that "" if I file my taxes on a certain day I can be sure to receive them by a certain day thus be able to pay Transworld Systems. I did not know that a representative from Transworld Systems could speak on behalf on the United States Federal Government. This is also misleading information because 30 % of {$5900.00} is {$1700.00}. Also I called XXXX XXXX to verify their "" tax season promotion '' and XXXX XXXX XXXX representative ( # XXXX ) stated this is not true."
5679,Debt collection,"On or around XX/XX/XXXX, I received a XXXX alert about a new collection of {$1500.00} for a XXXX XXXX debit card from XXXX. A company called XXXX contacted Equifax which triggered massive drop of around XXXX points on my score, the debit showed it started in XXXX and XXXX full balance was due to them, the issue is I paid via a settlement offer in XXXX of XXXX to the actual collections company XXXX XXXX for half the balance which then was marked paid and removed from my credit file back in XXXX. Contacted XXXX XXXX to get information which they refused to give me any, found the receipt in my statements, called XXXX XXXX and the sent me a receipt from them showing paid, called XXXX ( which has a no working number listed on the credit report ) ask them if there was a mistake and explained how this debit was settled in XXXX for half, they said no it wasn't. XXXX XXXX wouldn't have accepted half that ; the full balance was owed, and they were trying to collect. I said, "" Is there proof of this debit and was told they would mail it to me and had 15 days, or it would take 15 days. So in the meantime, my credit is being held hostage by a false debit that can be proven in seconds, and causing me emotional and mental strain cause I was in the process of refinancing, now that my score had been pushed past XXXX and XXXX XXXX, only for it to drop under XXXX and ruin/delay a very important financial adjustment to improve my families situation."
5066,Debt collection,"IQ Data International Inc reported to the credit bureaus that I owe {$4400.00} to XXXX XXXX XXXX  TX. They did not contact me at all, and decided to report this under collections. I'm a victim of an identity theft and have never lived at that apartment. My lawyer has sent them a letter in XX/XX/2024 including my police report and Federal Trade Commission report. As of today my lawyer did not hear from them."
5275,Money transfer or service,"I have a tenant name is XXXX. He sent me {$2500.00} per month for the rents. On our contract, it always XXXX. XXXX he sent me additional {$700.00} which I tried to return to him through XXXX XXXX But accidentally I made the mistake on his phone number last 3 digit XXXX which should be XXXX. So I sent the wrong person {$700.00}. I called BANK OF AMERICA immediately. They knew I sent a wrong person for sure from my records of my checking account. I filed a complaint but they said they can do nothing. I dont feel I was secure enough from this service."
5067,Credit card,"I have several extremely legitimate complaints that, from what understand, should be addressed and answered within 10 days. I would request that this bank be investigated for faulire to comply with XXXX regulations in regards to these complaints. On sveral occasions iv simply been blatantly denied any real investigation and on some accounts I've been told that they will not even respond or thoroughly look into my complaints. One employee even told me "" they will be opened responded to and immediately closed '' From what i gather and all the horrible correspondence and blatant arrogance this bank has conveyed to me they think they are to big for the government to handle."
5318,Bank account or service,"We submitted multiple checks for escrow and scanned the front of the checks ( front only ) and emailed them to the contractor as proof of delivery. The contractor was fired from the project after delivery of the checks to escrow. The checks were written on XX/XX/XXXX and cleared our account on XX/XX/XXXX. I called our attorney to confirm he still had the original checks in his possession, which he did, still held in escrow The contractor printed the PDF 's that were emailed to him, cut the paper into check size and endorsed the back, which as a blank sheet of paper and proceeded to mobile deposit them into his Bank of America account. You can clearly see in the attached documents that the checks were printed on a printer, cut into size and the back is blank because it was a sheet of paper and not an actual check. We notified our relationship manager at Regions bank on XX/XX/XXXX regarding the fraudulent checks, she agreed they were fraudulent and informed me we had 60 days to file a complaint. The checks were on our XX/XX/XXXX statement so we were within the time constraints. Our relationship manager incorrectly filled out the claim so Regions internally rejected the claim twice in 4 months without ever sending the claim to XXXX  XXXX XXXX. When Regions finally sent the claim to XXXX  XXXX XXXX, at our request, XXXX XXXX XXXX paid 2 of the 7 fraudulent checks but the contractor had drained his account of money so the other checks didn't get paid. I've attached copies of the checks and a response from Regions regarding the claim. 

Regions still does not fully understand that the images that were mobile deposited are not of the actual check, they were photos of an image printed on a printer with no actual back of the check."
5548,Mortgage,"MORTGAGE DISCRIMINATION XXXX XXXX XXXXXXXXBENWORTH XXXX  In XX/XX/XXXX, we were approved to refinance our loan with Benworth XXXX XXXX XXXX XXXXXXXX XXXX XXXX XXXX XXXX XXXX XXXX XXXX XXXX XXXX XXXX XXXX benworthcapital.com. Regarding the refi with XXXX XXXX XXXXXXXX, the original approved loan amount was {$360000.00} however, according to XXXX XXXX XXXX XXXX XXXX of lending NMLS # XXXX ph # XXXX, cell # XXXX fax # XXXX email : XXXX there was a new approved amount for {$370000.00}. However, when it was time to close the loan, there were some issues with Benworth paperwork that prevented the closing from taking place. Then on XX/XX/XXXX, Benworth called XXXX requested that XXXX my son, and I go to their office to sign some paperwork, which we are submitting copies of. To date, we are still waiting for the closing to take place. We believe something went wrong somewhere. However, because we are not a lawyers and do not understand the laws regarding mortgage loans, we were taken advantage of by Benworth in their paperwork. XXXX of the questions that we have is why XXXX had to sign to give us permission to refinance our home even though XXXX 's name is not on title? If you have any questions, please let me know. Thank you XXXX XXXX XXXX"
5998,Credit reporting,"I'm disputing this fraudulent account reporting on my credit file. Im requesting that this account be removed and blocked from my credit file, or the credit reporting agencies shall show just cause and physical documentation before reporting such .I 'm demanding that this account is removed. 

1 ) XXXX XXXX"
5714,Consumer loan,"Navient has repeatedly applied payments to the wrong loan, even when the payment amount and loan number are indicated on the payment slip. The company then charges late fees on the loans for which they did not apply the correct payment amount. Telephone representatives are unable to correct these errors."
5753,Credit reporting,XXXXXXXX XXXX shouldn't be reporting on my credit report as they haven't submitted validation of that. They have also stated that this be removed off of my credit report. XXXX and XXXX has removed it but Equifax is still reporting it.
5327,Credit card,"Hi, I had a ( recorded ) conversation with a Citibank agent on the XXXX of XX/XX/year>, around XXXX, over the phone. 
She assured me that the autopay of {$5600.00} went through, and there are no issues with that. She did not indicate in any way that the payment was still in process. 
The next day, all my utility payments, scheduled to be charged to my credit card, were denied. The CitiBank app then started showing that the autopay amount of {$5600.00} had failed, and I am being charged {$30.00} for a check return fee. This is in addition to what my utility company charged me ( $ XXXX $ ). 

I escalated the issue. The worst part is that the executive team refuses to acknowledge that what they did is wrong. The bad part is that I was not given the correct information and charged for it. 

Thanks"
5382,Money transfer or service,"On XX/XX/year> my girl friend deposited our tax refunds into her checking account at PNC bank. They accepted hers but rejected mine due to my name not being on that checking account. The cashiers check was issued from XXXX XXXX XXXX. Since the cashiers check were deposited VIA ATM, we were unable to receive the ACTUAL check back. PNC said they would send us in the mail a certified copy of this check. We never received it. PNC said they would not send us another one. I reached out to XXXX XXXX XXXX and they have been zero help. They keep hanging up on me when I explain it to them. I have requested they cancel the cashiers check to re issue a new one and they will not provide me with any information or proof they have done so. The cashiers check will now be voided in a few days."
5451,Money transfer or service,"On XX/XX/XXXX and XXXX I sent payments of {$200.00} each to pay for items purchased from seller. After numerous attempts to get products ordered, the seller agreed to a refund. After numerous attempts to get refund went unanswered I contacted XXXX and my Bank of America for help getting refund. Temporary refund was given to me while investigation was done. Proof was given to bank which clearly showed that the seller agreed to a refund but never gave me one. The bank apparently worked with XXXX to retrieve my funds but XXXX disputed the case by sending in proof that I made the payments. The bank then sent me letters stating my dispute was closed and the temporary credits were going to be reversed on XX/XX/XXXX and XX/XX/XXXX and i need to contact the seller. Im frustrated and angry the bank that I have been with for over 20 years does not have my back when it comes to this situation. The dispute was not whether or not I paid, the dispute was I didn't receive my goods that I purchased. So for them to dismiss my claim because XXXX sent then proof that I made the payments is simply ridiculous to me. I am a single struggling parent that does not have money like that to just let go. Im fighting because I need and my child needs my money."
5522,Bank account or service,"I was invited by Citibank to start my CitiGold relationship and earn a {$500.00} cash bonus under promotion code XXXX. During the past six months after I opened my CitiGold account, I have written confirmation from XXXX different CitiGold Customer Service representatives ( attached References XXXX, XXXX, XXXX ), whom also received confirmation from Citibank New Account Servicing ( NAS ) that indeed my CitiGold account was opened under and eligible for the {$500.00} cash bonus promotion XXXX. As required for the promotion, I completed my {$50000.00} deposit on XXXX XXXX, 2016 and held the funds in my account for 30 calendar days through XXXX XXXX, 2016 when my 90 day wait time began. My 90 days ended on XXXX XXXX, 2016. My savings amounting to over {$50000.00} has been tied down to this account for six months now with repeated assurances that I was eligible and would be receiving the {$500.00} cash bonus by XXXX XXXX, 2016. Citibank needs to immediately resolve the matter and deposit the {$500.00} cash bonus due to me."
5218,Consumer loan,Fedloan Services are reporting the duplicate loans as closed accounts and transferred and also as open and current on my credit report. The closed loans were apart of the Rehabilitation Program by Department of Education which were in good standing after they were consolidated and the completion of the program. I was promised that the past late payment would be removed and sold to another loan carrier. Fed loan picked back up the loans and are reporting the same loans as current and in good standing and the closed account as missed payment. All the loans have the same amount and loan account number. I have disputed this error with fed loans and was giving the run around to why the duplicate loans ( which are the closed account loans ) were not removed from my credit report after I finish the Department of Education Rehabilitation Program.
5787,Mortgage,I am a part of the haf program and my payments are supposed to be being paid by this program I had to extend my Covid forbearance because the payments from XXXX and XXXX have yet to be posted today is XX/XX/23 so I will basically be going into XXXX  3 months behind
5436,Debt collection,"I have contacted XXXX  numerous times over the past several years requesting the removal of a repossession entry that is not mine and does not belong to my account. Despite these repeated requests, XXXX continues to report this potentially negative tradeline, which has directly affected my ability to obtain credit and purchase a vehicle. Under the Fair Credit Reporting Act, a consumer reporting agency may only furnish a consumer report for permissible purposes and must ensure the accuracy of the information in my file. 15 U.S.C. 1681b ( a ) ( 2 ) allows disclosure only with the consumers written instructions, and inaccurate information should not be published. In XXXXXXXX XXXX XXXX XXXX XXXX XXXXXXXX XXXX, a court held that furnishers must ensure the information they report is accurate and can not omit the fact that the consumer disputes the debt, as misleading reporting can violate the FCRA. 

I lost my wallet back XXXXXXXX XXXX XXXX  I only had a id I cant purchase a vehicle with no license this is fraud. 


Sensible auto lending"
5764,Credit card,"1 am so puzzled of what is happening with you ( CFPB ) and the bureau ( XXXX and XXXX ). I've submitted this complaint 4 times & you are claiming it's being submitted by someone other than me or that there is no file on record. Seems like a lot of passing the buck or no accountability. Whatever the reason, It's driving me up the wall. The account listed below was opened due to identity theft. I've provided you ( CFPB ) & XXXX and XXXXwith an affidavit & FTC fraudulent report to support my position. It seems XXXX and XXXX are violating FCRA sections 611, 616 & 617. They have provided XXXX VERIFIABLE PROOF & I feel are willful noncomplying and being truly negligent. I'd like the account blocked or removed based on 605b. This is my final request before I get my attorney involved because this matter has been creating an insane amount of emotional & physical distress. It's caused me restless nights & has caused me to miss work. My attorney told me I should just sue for violations in FCRA laws. I'd prefer to NOT get litigious. Please see that this matter is handled. I'd like the account removed/blocked per 605b with the attached documents again... Thanks LVNV FUNDING LLC XXXX"
5088,Mortgage,"Without notice, explanation, or legal authority, Caliber claims that I owe them more than {$2000.00} in escrow arrears. Any shortage is the direct result of Caliber 's failure to adequately prepare for the XXXX 2017 annual property tax bill. Now, due only to Caliber 's error, Caliber has unilaterally increased my monthly mortgage by more than {$200.00} per month. This is a more than 10 % increase."
5063,Money transfer or service,"I opened an account with Gemini trading app and bought a digital currency trough their app. They even took the money out of my bank account. And after taking the money out of my bank account, they just desactivated my account for no reason. I emailed them several times but no answer and I cant widraw my money either. I have {$1000.00} in the account."
5826,Bank account or service,"I am writing to file a complaint against Navy Federal credit Union regarding multiple overdraft fees I have incurred. Despite having sufficient funds when transactions were authorized, I was charged fees due to lagged posting of charges and credits. This issue aligns with the recent CFPB findings against Navy Federal for similar practices, where transactions settled with insufficient balances despite initially available funds. I believe these practices are unfair and request an investigation into my account transactions."
5716,Debt collection,"XXXX XXXX. XXXX XXXX XXXX XXXX XXXX XXXXXXXX XXXX XXXX XXXX XXXX XXXX XXXX XXXXXXXX XXXX XXXX To Whom it may concern, I am writing to formally dispute inaccurate information being reported on my credit report regarding a charge-off. The accounts in question is listed as follows : Creditor Name : Commenity Bank XXXXXXXX XXXX XXXX XXXX XXXXXXXX XXXX Account # : XXXX XXXX XXXX XXXX Date of Charge-Off : XXXX XXXX XXXX XXXX It has come to my attention that the charge-off is being reported month after month on my payment history, which is incorrect. According to the Fair Credit Reporting Act ( FCRA ), negative information such as a charge-off should only be reported once, corresponding to the date it was charged off. 
The FCRA requires that credit reporting agencies ensure the accuracy of the information they report ( 15 U.S.C. 1681e ( b ) ). Repeatedly reporting the charge-off each month results in a misleading and inaccurate credit report, which has significantly harmed my credit score. Additionally, the statute of limitations for reporting a charge-off is seven years from the date of the first delinquency that led to the charge-off ( 15 U.S.C. 1681c ( a ) ( 4 ) ). Continuously reporting this charge-off as a new event each month does not reset the statute of limitations and is improper. 
I request that you promptly investigate this account and correct the inaccurate information by removing the repeated entries of the charge-off from my payment history. Please update my credit report accordingly and provide me with a confirmation of these corrections. 
Thank you for your prompt attention to this matter. 

Sincerely, XXXX XXXX. XXXX"
5351,Mortgage,"During the Covid-19 pandemic. I had trouble paying my mortgage. I reached out to then BB & T for a deferment payment plan. After agreeing verbally to a deferment, multiple attempts to receive the necessary paperwork to make it official seemed to get lost in the shuffle. Attempt after attempt different reps telling me there sending new paperwork out and still nothing came. Recently I made a payment of XXXX on XX/XX/22 with rep XXXX XXXX. XXXX also stated that the merger between BB & T And Truist may be the reason behind the miscommunication and that she would personally have someone to look into fixing this issue. And she called back a week later saying she exhausted all of her options and that somebody else would be reaching out shortly and never did. Also XXXX XXXX is another rep to claim to help but XXXX said she didn't do anything on my account. Other reps also called but they would let the phone ring enough to hang up or if I answer would hang up in my ear.."
5936,Credit card,"First National Bank of Omaha ( XXXX ) has a BP credit card ( XXXX XXXX ), that my parents have been a member of for the better part of XXXX  years. 

I applied for my own card XXXX months ago and was approved and used the card for that amount of time. A hold was placed on my account, I called and they claimed that they randomly choose accounts to put a hold on and have an employee review them, then take them off after. I asked to have the hold removed and they said they could not move any faster than whoever was tasked to reviewing my account. 

XXXX weeks went by and my card was still on hold, they never emailed me, messaged me, or contacted me at any point about the hold, I had to call them. 

They then mailed me a letter saying my account is closed because of unnecessary risk and exposure to the bank. I have never missed a payment, always paid the entire balance weeks before the due date. This is unacceptable and terrible business operations, my credit score will take a hit as a closed account will be reported, I need answers as they claim they can not re-open the account."
5256,Mortgage,"I have a mortgage with Chase. Chase claims they made the tax payment to my county, for my property. My county claims that they have received no such tax payment, has placed a lien on my house, and is charging me interest on the unpaid taxes. I have called Chase every business day since XX/XX/XXXX when I became aware of this issue to request that they either ( 1 ) provide evidence that the taxes were paid by Chase to the county or ( 2 ) provide me with a method to correct Chase 's inaccurate accounting on my loan to reflect that Chase has not actually paid the taxes. Each day Chase 's tax department tells me that they are unable to do either of these and that only a supervisor can provide proof of the payment or correct the escrow balance. They promise me, each day, that a supervisor will call me back that day to address the issue. I have yet to receive a call back from a supervisor. Each subsequent day I call they say the call will take place the following day. 

So I am simply stuck. My county thinks I owe them the taxes. Chase thinks I owe them the taxes. Chase can not provide me ( or the county ) with proof they paid the taxes as they claim and Chase 's tax department admittedly can not help me. As shown in the attached email thread with the county, the county claims that Chase 's escrow statement/accounting for my mortgage is inaccurate. Chase has been unable to prove otherwise and refuses to correct the inaccurate accounting."
5635,Credit reporting,"I submitted a letter to the XXXX Credit Bureaus to update this suspicious information. I think you have not validated these accounts in accordance with Sections 609 ( a ) ( 1 ) ( A ) and 611 ( a ) ( 1 ) ( A ), and I will pursue legal action against them. This was already included in my prior complaint, and I'm including it again. 
XXXX XXXX Balance : {$740.00} XXXX XXXX  XXXX Balance : {$520.00} XXXX XXXX XXXX Balance : {$470.00} XXXX XXXX XXXXXXXX Balance : {$3100.00} XXXX XXXXXXXX Balance : {$1200.00} XXXX XXXXXXXX Balance : {$13000.00} XXXX XXXXXXXX Balance : {$630.00}"
5644,Money transfer or service,"I have a crypto wallet on thXXXX XXXX XXXX XXXX. I presently have XXXX XXXXXXXX XXXX XXXX stored on my XXXX XXXX XXXX XXXXXX/XX/XXXX, I manually unstacked XXXX XXXX XXXX. The tokens immediately showed as pending unstaked. About an hour later, on the same day, the XXXX tokens completely disappeared from my wallet. I have a digital receipt showing the transaction, with a date promising that the order would be fulfilled in full by XX/XX/XXXX. I began contacting XXXX  on XX/XX/XXXX, asking why my tokens had disappeared entirely. XXXX  representatives responded with a generic statement that they would look into it and get back to me ; however, they have provided no substantive response to my queries. Ive even emailed them 6 times, asking for a resolution and the reinstatement of the XXXX stake Tokens as of XX/XX/XXXX. Ive emailed them a seventh time, showing them the transaction receipt, but have received no response. Now, I am very concerned that these XXXX tokens, valued at about {$15000.00}, are completely unaccounted for, and that XXXX  is making no effort to reinstate them or explain why they disappeared from my wallet."
5554,Credit card,"I, XXXX XXXX, as a federally protected consumer and per the Fair Credit Reporting Act ( 15 USC 1681 ) I am now opting out of any and all authorizations that I may have given you written, unwritten, oral, verbal or nonverbal per U.S.C 6802 effective immediately and indefinitely. TD BANK USA/TARGETCRED XXXX"
5959,Debt collection,"I discontinued service with XXXX and transferred to a different carrier on XXXX XXXX, 2015. On XXXX/XXXX/15, eight days later, XXXX referred my account to a collection agency before I even received the final bill from XXXX!! Collection notice was sent to me on XXXX/XXXX/15 threatening to take action."
5168,Mortgage,"Quicken Loans took {$500.00} from my checking account as a "" Loan Fee '' and said that it would be returned once the loan was approved. They also told me that my union, XXXX, would give me a {$500.00} gift card for applying for this refinance mortgage. XXXX has no knowlege of such an offer. NOW I 'm told that the {$500.00} was a fee to be used for appraisal ( when this XXXX XXXX assured me that Quicken Loans did not charge for appraisals AND I 'd get a {$500.00} gift card from XXXX ). I was told by customer service that the appraisal and other fees were spelled out in some document I signed. This may be but XXXX XXXX stated otherwise. IF Quicken Loans TOOK {$500.00} a day from everyone served and only approved XXXX of the applicants, I 'd say this was one XXXX scam! My credit score was above XXXX at the time of the loan request. JUSTICE PLEASE!"
5917,Credit card,I want my due date on days XXXX every month. Customer service dont want to change the due date to the day I want. I have a charge on XX/XX/2019 of lafe fee of XXXX $ and I dont make late payments. They process a payment on my account they can not pause.
5528,Consumer loan,"I have repeatedly asked that my extra payments on my student loans be applied directly to principal, and that my due date not be advanced, and my student loan servicer MyFedLoan refuses to process my payments in the way I specify. I called today to express my dissatisfaction and spoke to XXXX. My student loan payment is {$240.00} and due on the XXXX of each month. Currently, my servicer claims that I do not have a payment due until XX/XX/XXXX of 2019. However, I pay {$450.00} monthly, with my regular monthly payment plus {$10.00} and I make two bi-weekly payments of {$100.00}. This is done strategically to hit the principal balance, lessen the interest accrual and pay the loans faster. My servicer refuses to put my extra payments directly on my principal balance, and despite my requests, maintains that it is within their right to apply it to interest first. 

I don't believe this is correct. Every other lender I deal with provides the option to make just a principal payment. Also, I believe that the consumer is allowed to request how their payments are applied. The way that they are applying my payments forces me to pay more interest despite my efforts to pay less interest and pay them off prior to maturity, which my loan agreement allows me to do without penalty. 

I would like this investigated as I believe they are in violation as to the consumer 's right to request how their payments are applied."
5823,Bank account or service,"On XX/XX/XXXX, I opened a new checking account package at PNC under a promotional offer to receive a {$400.00} reward after receiving {$5000.00} in direct deposits. The direct deposit requirement was met with a series of direct deposits from my employer, the last of which brought me over the {$5000.00} required amount on XX/XX/XXXXXXXX XXXX XXXX XXXX XXXX XXXXXX/XX/XXXX, I reached out via chat support to inquire about the status of the {$400.00} reward. I was told that it was under 24 months since the last time I received a reward, making me ineligible. However, the last promotional reward I received from PNC was on XX/XX/XXXXXXXX XXXX XXXX This new account was opened on XX/XX/XXXX, which is greater than 24 months since the last bonus was received. The terms of the promotion specifically state, "" New account will not be eligible for offer if you or any signer on the new account has an existing PNC Bank consumer checking account or has closed an account within the past 12 months, or has been paid a PNC promotional premium in the past 24 months. '' I meet both of these requirements, along with the other requirements of the offer."
5985,Credit reporting,"in accordance with the fair credit reporting act. the list of accounts below has violated my federally protected consumer rights to privacy and confidentially under 15 USC 1681. 
Account # XXXX XXXX XXXX XXXX  Account # XXXX-XXXX XXXX Account # XXXXXXXX XXXX XXXX Account # XXXX XXXX XXXX Account # XXXX XXXX Account # XXXX XXXX  XXXX U.S.C 1681 Section 602 A. states I have the right to privacy .

15 U.S.C Section 604 A Section 2 : also states a consumer reporting agency can not furnish an account without my written instructions.

15 U.S.C 1681c ( a ) ( 5 ) Section states : no consumer reporting agency may make any consumer report containing any of the folloeining items of information, other than records of convictions of crimes which antedates the report by more than seven ( 7 ) years.

15 U.S.C 1681s-2 ( A ) ( 1 ) a person shall not furnish any information relating to a consumer to any consumer reporting agency if the person knows or has reasonable cause to believe that the information is inaccurate."
5816,Credit card,"I previously filed complaint XXXX on the fact that Capital One had incorrectly attempted to use a XXXX XXXX  XXXX Account XXXX which I no longer have and have not had for several years ) to pay my Capital One XXXX XXXX XXXX Following the original complaint, Capital one unrestricted my venture card account. However, during this time they also froze my XXXX account ( ending in XXXX ). When I called in after the my venture card was unfrozen the bank told me it would be 3 or 4 days and then the XXXX would be opened. That was several weeks ago and when I called in today, the fraud team said I needed to provide the same documentation that had been requested for my XXXX XXXX  ( which I never provided as I don't have the account ). The fraud team that I was directed to has been rude and unhelpful. They don't even try to resolve these issues. It is ridiculous that the bank is allowed to treat its customers in this manner. I request that my XXXX ( which is fully paid and has had no issues ) be unrestricted immediately."
5086,Credit card,Navy Federal Credit Union We apply credit to that company with my girlfriend XXXX XXXX XXXX and then im athourized user to that account but in the end there never get resolved that issues and until now there never resolved the issue there said we owe money to them that truth is there discriminated us with XXXX XXXX XXXX something not right there manipulating our situation and there hacking all devices we have and there trying to ruined everything to us.We can not get any answer clear from them and there close the account and there trying to take out my name as authourised user now.
5432,Credit reporting,"I have been disputing the erroneous accounts and information reporting on my Credit Report but all my Disputes have been ignored and neglected by the Credit reporting Agencies. Under the Fair Credit Reporting Act, the Credit Reporting Agencies are required o conduct an investigation and verify the disputed items being reported on my Credit Report. And if the Credit Bureaus insist that the Disputed accounts are verified, I need the Credit Bureaus to provide me copies of proof of verification. However, all my previous requests for proofs of verification have been neglected by the Credit Bureaus. I am submitting this CFPB Complaint to request another investigation and correct my Credit file from any erroneous reporting. I need the following items deleted if the Credit Bureaus are not able to verify : XXXX XXXX XXXX XXXX  XXXX, TX XXXX DPT ED/XXXX XXXX Balance Owed : {$3700.00} XXXXXXXX XXXX XXXXXXXX Balance Owed : {$1100.00} DPT EDXXXX XXXX Balance Owed : {$3700.00} XXXX XXXX XXXXXXXX Balance Owed : {$0.00}"
5184,Credit reporting,"I summited a complaint, against all 3 credit Equifax XXXX XXXX with CFPB CLOSED THE DISPUTES AND STATED I NEEDED TO SEND A COPY OF ALL INQUIRIES THAT I BELIEVE THAT ARE NOT MINE AND I NEVER GAVE PERMISSION TO RUN MY CREDIT, I HAVE ONLY 8 POSITIVE LINES OF CREDIT ALL OTHER INQUIRIES I NEVER GAVE PERMISSION TO ANYONE OR COMPANY TO TRY TO ACHIEVE CREDIT ON MY BEHALF I DEMAND FOR ALL FRAUDULENT INQUIRIES TO BE REMOVED BY EQUIFAX XXXX XXXX I AM UPLOADING ALL INQUIRIES THAT I DO NOT HAVE A IDEA I AM A VICTIM OF IDENTITY THEFT."
5978,Mortgage,"Goodleap contacted us in XXXX 2022 about a possible refinance of our current home mortgage. We were working with a representative named XXXX XXXX We went through the mortgage process and submitted all the paperwork. We ran into problems when it came time for the appraisal. The appraiser called us and said that Goodleap was asking him to remove items from the appraisal and he felt it was improper from Goodleap to ask him to do that without consulting us. We contacted the representative we were working with at the time, XXXX XXXX, and she assured us that everything was ok and that she would clarify the situation for the appraiser. The appraisal came in ( and he made a note that he removed items at the request of the loan company ) and then my husband received a document from XXXXXXXX XXXXXXXX through XXXX. It was a rate lock-in form and my husband signed his part of it. When I began reviewing the document I noticed that the loan terms had all been changed ; the amount was lower and we were no longer offered the cash-out option so I did not sign the document. Goodleap did not call us to explain any of the changes before sending the document. I feel that this was intentionally deceptive to lock us into a loan that we did not want. This issue, coupled with the appraisal issues, had caused me to submit this complaint."
5534,Money transfer or service,Cash app closed my account for no reason they have no contact number so I messaged them they told me it was in error they told me to open a new account when I do it wont let me they still have yet been able to help me this been since last XX/XX/scrub> 2024 I also see they have a law suit against them how do I apply for that?
5294,Bank account or service,I got my checking AND savings account closed down by Discover Bank over 3 weeks ago with still no reasoning as to WHY they have even closed it and I still have not received my checks with my balance of over {$3500.00}. Since XX/XX/year> I have been getting lied to and neglected by tens of supervisors and representatives and just given straight up wrong information and hung up on multiple times. On top of that I have gotten many late fee 's because of this situation and no being able to pay any bills and I have almost lost my home due to not being able to pay my rent because discover still has my money.
5892,Debt collection,I had an overdraft account at Wells Fargo that I did not open. I contacted the local branch and explained that I had not opened an account but the lady literally scoffed and made me feel stupid bc she said that would be highly unlikely to happen unless I had given someone my credentials and documents to open the fake account. I was so embarrassed ask insulted because I did not do that. so it was sent to collection agency and threatened to put me in jail for the charges not to mention the charges at the stores where checks were written. I had to pay those if I ever wanted to shoo there again. but I honestly never did open up an account at Wells Fargo noone ever believed me and I happened to see the info about wells Fargo and their shady practices and it made me think about what happened to me
5425,Debt collection,"On XX/XX/XXXX, I contacted XXXX XXXX and XXXX XXXX XXXX to cancel my membership and explicitly requested that no further charges be posted to my account. I informed them that I had made multiple attempts to cancel my membership. Each party stated that they could not process my cancellation and redirected me elsewhere. On one call, I was placed on hold for over 20 minutes, and the call ended with them hanging up. My membership was transferred to a new location without my consent, which I have never used. Despite my repeated cancellation requests, my account continued to be billed, including charges on XX/XX/XXXX, XX/XX/XXXX, and XX/XX/XXXX, along with late fees, totaling approximately {$150.00} {$200.00}. On XX/XX/XXXX, I sent a formal written cancellation request via email and explicitly asked that all communication be conducted in writing only. Despite this, XXXX XXXX XXXX continued to call me multiple times and leave voicemails. On XX/XX/XXXX, I received a voicemail claiming it was a final attempt to contact me regarding this membership. I am disputing this debt as not owed and formally requesting that my membership be immediately canceled, that all communication be conducted in writing only, and that no further contact or collection attempts be made."
5713,Credit reporting,"In accordance with the Fair Credit Reporting act. The List of accounts below has violated my federally protected consumer rights to privacy and confidentiality under XXXX USC XXXX. 

XXXX XXXX - XXXX XXXX XXXX - XXXX XXXX XXXX - XXXX XXXX - XXXX List of Unauthorized Inquiries : XXXX - XXXX XXXX - XXXX XXXX U.S.C XXXX Section XXXX A Section 2 : It also states a consumer reporting agency can not furnish a account without my written instructions XXXX U.S.C XXXXc. ( a ) ( 5 ) Section States : no consumer reporting agency may make any consumer report containing any of the following items of information Any other adverse item of information, other than records of convictions of crimes which antedates the report by more than XXXX years. 

XXXX U.S.C. XXXX ( A ) ( 1 ) A person shall not furnish any information relating to a consumer to any consumer reporting agency if the person knows or has reasonable cause to believe that the information is inaccurate."
5260,Bank account or service,"i want to close my wells fargo account. wells fargo made me homeless during covid 19 by not paying rent and bills through bill pay services. i want nothing to do with wells fargo bank, the account was opened by XXXX."
5237,Credit card,"Dear Sirs, I think the Bank of the West Credit Card Service is deliberately trying to prevent me from using the cards : 1 ) Payments made won't show as available funds : I have made XXXX payments on XX/XX/22 & XX/XX/22, and none of them show available funds as of today. My available balance stays as {$8.00} for the past 14 days. 

2 ) Payment made has no record of it : I have tried to make a XXXX payment since, and there is simply no record of it. 

3 ) It blocks access from making payments : As of XXXX, it shows I have a current balance of {$170.00} on the web portal in the past 10 days, and I have been trying the make a payment for this balance but it won't let me make a payment of any amounts, it simply won't go through. 

Please resolve this with Bank of the West ASAP, and provide an update. I am a very determined person and will not stop until this is resolved. 

Thank you for your attention to this matter and all the kind help. 

Sincerely, XXXX XXXX XXXX XXXX"
5559,Bank account or service,"Good day, I sent a XXXX  payment to wrong recipient by accident back in XX/XX/2021. I reached out to the person, and they informed me that they reported to their bank that those funds were not theirs. I filed a claim with my bank chase to get back those funds. And they said that there was nothing they can do about it, that the recipient never returned the funds. Thats not true the recipient sent me a screenshot when the funds were reversed from his account. I do not understand why my bank has not helped me retrieve my money, when there is a clear paper trail, and the recipient didnt take the money."
5583,Bank account or service,"As of XX/XX/year>. Cash app support states account is locked for identity verification / protection. Stated issue would be resolved with in 24-48 hours. Still has not been resolved. My account is locked/ frozen with my funds not being accessible, nor has any of my bill payments been able to get payed. Need access to funds in account asap"
5445,Mortgage,"Loancare failed to pay my property taxes as promised by their representatives. Now, I am charged with delinquent fees and the original property taxes. The representatives promised that Loancare will assist me with paying all of the property taxes, secured and supplemental taxes. The representatives promised that Loancare will use my escrow account to pay the taxes as long as I submitted the tax bills using their online portal before the due date. Loancare committed to pay all delinquent fees if they do not pay the tax bills on time. 

I sent in my tax bills using their online portal on XX/XX/2023. The due date was XX/XX/2023. I even received a confirmation email confirming they have received my tax bills. I did everything the representatives told me to do. 

On XX/XX/2023, I saw that my tax bills were not paid and I was charged delinquent fees. I spent over 42 minutes on the phone with Loancare. I was bounced around between at least 3 representatives before the last one finally made an escalation ticket. All of them repeatedly denied the commitments to pay for all submitted taxes and delinquent fees. 

I have till XX/XX/2023 to submit the supplemental taxes and delinquent fees Loancare failed to pay for me. I am requesting assistance from CFPB to enforce the commitments made by Loancare. 

They violated their financial commitments to me."
5867,Consumer loan,"I attempted to make a payment through PayPal as the public agency I was paying said they only took PayPal payments. I have a PayPal account I never use so I went to it and assumed my payment would either be directly from my checking account or from the credit card I have on file. Instead they established a credit account in my name that I DID NOT REQUEST and then proceeded to do an unauthorized hard inquiry on my credit report. I called them and they did quickly charge my credit card and cancel the line of credit they had established. My sense in talking to their agent was that PayPal clearly recognized that what they did was unauthorized, but said they could not erase the hard inquiry. They were doing exactly what the CFPB and PayPal reached an agreement that they cease doing and for which they paid an inadequate fine. They claimed I authorized the credit account as it was hidden somewhere in the agreement I made when I authorized the payment. It was completely unclear to me that that was what I was doing or that that was their intention. It is clear, however, that they set up their system so it automatically creates a credit line so when you think you are paying directly with PayPal you are in fact establishing credit with them. Your fine is obviously inadequate since it is clear that this business is profitable enough that paying the fine is just a cost of doing business and not a disincentive for dishonest activity. Thank you."
5800,Money transfer or service,My employer transfered my salary through western union on XXXX XXXX has yet to credit my account. After many calls and lies ranging from the money was stolen by the bank and is in my account I find out that the western union in America still has not transfered the money and it with them. A second payment made a week later turned up in my account this week. Wu who denied having the payment now admit that it was their mistake. How can I make a complaint and ensure that western union are made accountable for this?
5599,Consumer loan,"I was on unpaid maternity leave in early XXXX after having my son on XX/XX/XXXX. I tried to contact wells fargo about help with my payments. They refused and closed my auto loan. I tried to get my vehicle refinanced with no luck due to being on XXXX leave and having no income at the time. Wells Fargo closed my auto loan in XX/XX/XXXX and the hard inquires on my credit report due to trying to refinance my vehicle caused my XXXX XXXX to drop drastically. I did not get any response from wells fargo. No phone calls, no emails, no mail. My car was repossessed on XX/XX/XXXX. I could not afford to pay the loan off in full in order to get my vehicle back and cleaned out my belongings. I still have no response from wells fargo regarding the status of my vehicle, whether it was sold or not. The balance is still on my credit report. I tried to purchase a new vehicle, but was denied by every bank due to my credit score still being very low since Wells Fargo closed my auto loan."
5849,Bank account or service,"Dear Bank of America Customer Service, I am writing to formally dispute a transaction that was made on my account without my authorization. Claim ID : XXXX Claim Amount : {$120.00} Account/Reference Number : XXXX Name : XXXX XXXX XXXX This charge was associated with an XXXX purchase that I did not authorize. I have already contacted XXXX regarding this matter, and they declined to issue a refund. They advised me to reach out directly to my financial institution to resolve the issue. I am requesting that Bank of America review this t ransaction and assist me in recovering the funds, as this was clearly an unauthorized charge. Please let me know if any additional information or documentation is required from my end to proceed with the investigation. Thank you for your prompt attention to this matter. Sincerely, XXXX XXXX XXXX"
5265,Money transfer or service,"I have a Paypal account, which I was using to transfer my SSI funds ( which are protected under Federal Law ( Section 207 of the Social Security Act, codified at 42 U.S. Code 407. This law prohibits garnishment, levy, or other legal processes against Social Security benefits, including SSI, with very limited exceptions ) ) into the account and then transfer to a bank account. I did this to have less fees than an ATM. Other these transfers ( which happened near the XXXX of every month ), I made a couple or few purchases from XXXX ( shoe store ), transferred {$10.00} twice to a family member ( which has a Paypal account with a name XXXXXXXX XXXX XXXXXXXX, transferred funds to XXXX, and possibly donated to a nonprofit. I haven't used the account for selling ( in probably more than 10 years ) and have not used the account to accept payments from others. Paypal gave a reason to hold the funds for 120 days due to unusual activity, which they can not tell me the reason specifically. I am not sure if they are legally able to hold my funds since the funds are protected under the code above. There are only a little more than {$50.00} in the account, which is not hurting me at all, but I feel the possibility of being targeted for some reason, and they will not explain. I am not in or have been engaged in any illegal activity. It just seems very weird for them to do this. I like to know, if possible, does Paypal have a legitimate reason to hold the funds."
5995,Money transfer or service,"I am filing a complaint against Cash App ( Block , Inc. ) due to inadequate customer service and unfair practices, which violates the Consumer Financial Protection Act ( CFPA ). Specifically Cash App failed to timely and effective measures to prevent and address fraud on their platform, leaving my account vulnerable and unprotected. Furthermore, their dispute resolution process unfair and deceptive, as they did not comply with error resolution requirements under the Electronic Fund Transfer Act ( EFTA ) and Regulation E. These actions have caused significant inconveniences and financial losses, and I seek to appropriate redress for these violations."
5529,Bank account or service,I filed complaint XXXX XXXX with you XX/XX/XXXX. U closed it XX/XX/XXXX stating BMO responded by closing the account and sending me a check for my remaining funds. It is now 2+ mo the later I have called 4 times and gave my correct address each time and still have not received the requested information. I request a supervisor on XX/XX/XXXX and XX/XX/XXXX and was denied one being told none was avail I should go to the branch for my issues.
5055,Money transfer or service,"I am filing a complaint against Cash App ( Block , Inc. ) due to inadequate customer service and unfair practices, which violate the Consumer Financial Protection Act ( CFPA ). Specifically, Cash App failed to take timely and effective measures to prevent and address fraud on their platform, leaving my account vulnerable and unprotected.

Furthermore, their dispute resolution proces was unfair and deceptive, as they did not comply with error resolution requirements under the Electronic Fund Transfer Act ( EFTA ) and Regulation E. These actions have caused significant inconvenience and financial loss, and I seek appropriate redress from ( Block , Inc. ) due to inadequate customer service and unfair practices, which violate the Consumer Financial Protection Act ( CFPA ). Specifically, Cash App failed to take timely and effective measures to prevent and address fraud on their platform, leaving my account vulnerable and unprotected. Furthermore, their dispute resolution process was unfair and deceptive, as they did not comply with error resolution requirements under the Electronic Fund Transfer Act + ( EFTA ) and Regulation E. These actions have caused significant inconvenience and financial loss, and I seek appropriate redress for these violations."
5120,Consumer loan,I have been making qualifying payments under PSLF since XX/XX/2013. Recently my loans were transferred from XXXX to XXXX XXXX. Currently XXXX XXXX is showing zero qualifying statements. They also show my current status as both in forbearance and 9 days delinquent. My main concern is that all past payments be counted as qualifying payments under PSLF. XXXX XXXX   said it could take up to six weeks for them to review my past payments. They should have started this process back in XX/XX/XXXX when my loans transferred.
5215,Credit card,"Applied for a US Bank credit card, co-branded with XXXX XXXX a few weeks ago. Just got the card a week ago and now they are stripping the most valuable benefit from this card. The benefit ( a free night on any reservation ) is still on their website and advertized to people who sign up. I find this extremely unethical and dishonest. All they offered to do is close the card, but my credit report has already been pulled and is now worse than it was before opening this card. In addition, while talking to them, their agents constantly lie and evade questions."
5025,Credit reporting,"Rights are subject to be held under 15 USC 1681.

Equifax is govern by 15 USC 1681. My rights were in fact violated on numerous occasions. According to 15 USC 1681, I have the right to privacy and did not give Equifax written permission to furnish the accounts below and demand they be removed immediately. 

Accounts : XXXX XXXX XXXXXXXX XXXX XXXX ; XXXX XXXX ; and XXXX XXXX XXXX"
5072,Debt collection,They are stating the original balance is {$290.00}. Now its {$300.00}. I have never live at the XXXX on XXXX. I explained this to them that this was fraud and they continue to attempt to collect this debt. Now they have put it on my credit report. I have proof where I was living at the time and also now Im a homeowner. This is not mine and I would like it removed off of my credit report.
5044,Credit reporting,"XXXX IS AWARE OF MY IDENTITY BEING STOLEN I PROVIDED PROOF THEY REQUESTED IN XX/XX/year>. These are STILL on my credit report AFTER providing PROOF OF IDENTITY THEFT!!! 
They know that the email address AND the physical address used NEVER WAS MINE!!! 
My credit report is destroyed due to their fraudulent negligence!!!!"
5247,Credit card,"I am filing this complaint regarding Bank of Americas denial of my billing dispute involving an XXXX XXXX return. 

On XX/XX/year>, I purchased an XXXX XXXX XXXX XXXX XXXX through XXXX XXXX for {$1100.00}. 

I returned the item through XXXX  authorized return process. I dropped the package at XXXX on XX/XX/year>, and tracking confirms delivery to the seller. 

Despite the completed return, XXXX only issued a partial refund of {$83.00} ( tax ). The remaining {$1000.00} was withheld. 

I contacted XXXX customer service multiple times. I was told on the phone that the full refund would be issued to my original payment method within 3 business days. When I did not receive the refund, I called again and was told it would be processed within 57 business days. 

I have recordings of these calls confirming that XXXX representatives promised the refund. 

However, the refund was never issued. 

I then filed a dispute with Bank of America and provided : XXXX  return tracking XXXX order summary Seller communication records Evidence of XXXX  refund promises Despite this documentation showing a valid return and repeated refund promises, Bank of America denied my dispute and did not provide a clear explanation addressing the evidence. 

I believe Bank of America failed to conduct a reasonable investigation of this billing dispute involving returned merchandise."
5721,Bank account or service,I keep having to re-wire funds to pay for the same item due to Capital one not providing me proof of funds sent. When they do send something it expires before I can read it. So I request it again but I dont get it in a timely manner and then need to re-wire the funds again.
5281,Consumer loan,i had a car and it put me down and they wouldnt fixed it and plus the state of Missouri has a lemon law that they didnt abide by so they still had my car and because of covid i couldnt get it fixed and my report shows charge-off and they violated the FCRA laws
5893,Debt collection,IN REGARDS TO CONN CREDIT CORP XXXX. XXXX  XXXX XXXX TX XXXX I HAVE DISPUTED THIS WITH THE XXXX AND WHICH THEY CONTINUE TO SAY IT IS VERFIED AS ACCURATE WHEN I HAVE PROVIDED PROPER DOCUMENTATION TO BOTH PARTIES THAT I AM A VICTIM OF IDENTITY THEFT AND I HAVE NEVER HAD A CONNS ACCOUNT ARE APPLIED FOR ANYTHING WITH THEM. IF WITH ALL THE DOCUMENTATION THEY ASKED ME TO PROVIDE THEM THE BUREAUS HAVE NOT FOLLOWED THE FAIR CREDIT REPORTING ACT AND REMOVED THE FRAUDULENT ACCOUNT FROM MY CREDIT FILE AFTER IT HAS BEEN PROVEN THAT IT WAS INDEED NOT ME WHO OPENED THE ACCOUNT OR OBTAINED THE GOODS.
5914,Bank account or service,I had fraudulent transactions in my account with XXXX XXXX  I never had XXXX XXXX so when I noticed all called direct and I called bank of America to dispute the transaction I was giving provisional credit I even sent Bank of America identity theft report now I just getting withdrawal pulled from my account they havent sent any letters or nothing
5810,Money transfer or service,"I am the owner of a XXXX XXXX, and we are an agent for XXXX. On XX/XX/2024, a customer transferred and paid to us {$610.00} + {$10.00} fees for a total of {$620.00}. The money did not go through, so she came back and called XXXX. XXXX agent asked us to refund her the money ( as is the usual practice ). I processed the refund on XX/XX/2024 and since then the company 's transfer line went down. No further customer was able to complete a transfer. I called XXXX to recover my money and they said you can recover when next customer makes a transaction. Problem was that XXXX dropped all their agents and no one could transfer the money. I called for refund of the {$620.00} credit balance on my account, and they kept saying week, XXXX weeks and so on and as of now have not received it and fear that it may get lost if the company were to file bankruptcy."
5244,Consumer loan,"From XX/XX/XXXX to XX/XX/XXXX there was XXXX payments in XXXX ( XXXX and XXXX ) that were charged to my account but unknown to me they were reversed and I didn't catch it. Every other month was sent and received perfectly on time. 
On XXXX a random person pulled onto my private property to "" repo '' said property. Completely taken off guard i showed the repo person the previous 12 months of perfect payments but noticed that the creditor didn't automatically take the XX/XX/XXXX payment as they have for the previous XXXX. 
The creditor will not speak to me or allow me to pay the outstanding debt. The collection agency will not let me pay the outstanding debt without repossession the property which will add fees and costs to me for no purpose. I was never informed XXXX time officially of the behind notice or pending "" repo ''. 
It's my belief that the creditor purposely stopped the XX/XX/XXXX autopay to prompt a "" 60 day '' consecutive non payment. Which isn't accurate either as they accepted the XX/XX/XXXX payment so I'm less than 60 days in default and only due to not being allowed to remedy the situation. 

I have paid well in excess of XXXX payments to this creditor without issue in the last 15 years, the record clearly shows that this is a miscommunication and mistake."
5822,Debt collection,"This letter constitutes formal notice that your [ describe wrongful act : e.g., unauthorized use/distribution of my copyrighted work/harassing phone calls/unauthorized use of my XXXX/false statements about me ] directed at me and/or my business must stop immediately. 

Facts :"
5321,Credit reporting,"Tried to place a fraud alert on Transunion after being notified of a breach of security at Utah XXXX XXXX , Inc. I was able to successfully place alerts on XXXX and XXXX  online with absolutely no problems. Transunion was impossible. I called customer service and they were no help at all. Kept asking me to try different browsers, different sites, or the website is temporarily down, etc. Nothing worked! This is not the first difficulty I have experienced with them. I faxed copies of S.S. card and license in the past, only to be told they never received the fax! Their website is awful, customer service is incompetent and I am not sure how they ever became a major credit reporting agency. Consumer alerts had them rated 1 star. They have thousands of reported complaints. Their license should be revoked. Is your agency aware of this and investigating?"
