2026-10-09 14:44:05,763 INFO o.a.j.u.JMeterUtils: Setting Locale to en_EN
2026-10-09 14:44:05,773 INFO o.a.j.JMeter: Loading user properties from: C:\apache-jmeter-5.6.3\bin\user.properties
2026-10-09 14:44:05,773 INFO o.a.j.JMeter: Loading system properties from: C:\apache-jmeter-5.6.3\bin\system.properties
2026-10-09 14:44:05,773 INFO o.a.j.JMeter: Loading additional properties from: C:\Users\josep\Downloads\results\qwen3.8-27b\mixed\run2\run.properties
2026-10-09 14:44:05,777 INFO o.a.j.JMeter: Copyright (c) 1998-2024 The Apache Software Foundation
2026-10-09 14:44:05,777 INFO o.a.j.JMeter: Version 5.6.3
2026-10-09 14:44:05,777 INFO o.a.j.JMeter: java.version=25.0.1
2026-10-09 14:44:05,777 INFO o.a.j.JMeter: java.vm.name=Java HotSpot(TM) 64-Bit Server VM
2026-10-09 14:44:05,780 INFO o.a.j.JMeter: os.name=Windows 11
2026-10-09 14:44:05,780 INFO o.a.j.JMeter: os.arch=amd64
2026-10-09 14:44:05,780 INFO o.a.j.JMeter: os.version=10.0
2026-10-09 14:44:05,781 INFO o.a.j.JMeter: file.encoding=UTF-8
2026-10-09 14:44:05,781 INFO o.a.j.JMeter: java.awt.headless=true
2026-10-09 14:44:05,781 INFO o.a.j.JMeter: Max memory     =1073741824
2026-10-09 14:44:05,781 INFO o.a.j.JMeter: Available Processors =16
2026-10-09 14:44:05,788 INFO o.a.j.JMeter: Default Locale=English (EN)
2026-10-09 14:44:05,788 INFO o.a.j.JMeter: JMeter  Locale=English (EN)
2026-10-09 14:44:05,788 INFO o.a.j.JMeter: JMeterHome=C:\apache-jmeter-5.6.3
2026-10-09 14:44:05,789 INFO o.a.j.JMeter: user.dir  =C:\Users\josep\Downloads
2026-10-09 14:44:05,789 INFO o.a.j.JMeter: PWD       =C:\Users\josep\Downloads
2026-10-09 14:44:05,794 INFO o.a.j.JMeter: IP: 172.20.10.7 Name: LAPTOP-JVTGMMI4 FullName: LAPTOP-JVTGMMI4
2026-10-09 14:44:05,800 INFO o.a.j.s.FileServer: Default base='C:\Users\josep\Downloads'
2026-10-09 14:44:05,801 INFO o.a.j.s.FileServer: Set new base='C:\Users\josep\Downloads\loadtest'
2026-10-09 14:44:05,924 INFO o.a.j.s.SaveService: Testplan (JMX) version: 2.2. Testlog (JTL) version: 2.2
2026-10-09 14:44:05,935 INFO o.a.j.s.SaveService: Using SaveService properties version 5.0
2026-10-09 14:44:05,936 INFO o.a.j.s.SaveService: Using SaveService properties file encoding UTF-8
2026-10-09 14:44:05,938 INFO o.a.j.s.SaveService: Loading file: C:\Users\josep\Downloads\loadtest\triage.jmx
2026-10-09 14:44:05,967 INFO o.a.j.p.h.s.HTTPSamplerBase: Parser for text/html is org.apache.jmeter.protocol.http.parser.LagartoBasedHtmlParser
2026-10-09 14:44:05,968 INFO o.a.j.p.h.s.HTTPSamplerBase: Parser for application/xhtml+xml is org.apache.jmeter.protocol.http.parser.LagartoBasedHtmlParser
2026-10-09 14:44:05,968 INFO o.a.j.p.h.s.HTTPSamplerBase: Parser for application/xml is org.apache.jmeter.protocol.http.parser.LagartoBasedHtmlParser
2026-10-09 14:44:05,968 INFO o.a.j.p.h.s.HTTPSamplerBase: Parser for text/xml is org.apache.jmeter.protocol.http.parser.LagartoBasedHtmlParser
2026-10-09 14:44:05,968 INFO o.a.j.p.h.s.HTTPSamplerBase: Parser for text/vnd.wap.wml is org.apache.jmeter.protocol.http.parser.RegexpHTMLParser
2026-10-09 14:44:05,968 INFO o.a.j.p.h.s.HTTPSamplerBase: Parser for text/css is org.apache.jmeter.protocol.http.parser.CssParser
2026-10-09 14:44:05,974 INFO o.a.j.JMeter: Creating summariser <summary>
2026-10-09 14:44:05,984 INFO o.a.j.e.StandardJMeterEngine: Running the test!
2026-10-09 14:44:05,984 INFO o.a.j.s.SampleEvent: List of sample_variables: [req_id, row, term]
2026-10-09 14:44:05,984 INFO o.a.j.s.SampleEvent: List of sample_variables: [req_id, row, term]
2026-10-09 14:44:05,986 INFO o.a.j.e.u.CompoundVariable: Note: Function class names must contain the string: '.functions.'
2026-10-09 14:44:05,986 INFO o.a.j.e.u.CompoundVariable: Note: Function class names must not contain the string: '.gui.'
2026-10-09 14:44:06,020 INFO o.a.j.JMeter: Running test (1791528246020)
2026-10-09 14:44:06,031 INFO o.a.j.e.StandardJMeterEngine: Starting ThreadGroup: 1 : Ticket intake
2026-10-09 14:44:06,031 INFO o.a.j.e.StandardJMeterEngine: Starting 0 threads for group Ticket intake.
2026-10-09 14:44:06,031 INFO o.a.j.e.StandardJMeterEngine: Thread will continue on error
2026-10-09 14:44:06,031 INFO o.a.j.t.o.OpenModelThreadGroup: Starting OpenModelThreadGroup#1 with schedule rate(198/hour) random_arrivals(60 min) rate(198/hour)
2026-10-09 14:44:06,048 INFO o.a.j.e.StandardJMeterEngine: Starting ThreadGroup: 2 : Agent search
2026-10-09 14:44:06,048 INFO o.a.j.e.StandardJMeterEngine: Starting 0 threads for group Agent search.
2026-10-09 14:44:06,048 INFO o.a.j.e.StandardJMeterEngine: Thread will continue on error
2026-10-09 14:44:06,048 INFO o.a.j.t.o.OpenModelThreadGroup: Starting OpenModelThreadGroup#2 with schedule rate(800/hour) random_arrivals(60 min) rate(800/hour)
2026-10-09 14:44:06,048 INFO o.a.j.e.StandardJMeterEngine: All thread groups have been started
2026-10-09 14:44:06,048 INFO o.a.j.t.o.OpenModelThreadGroup: Thread starting init
2026-10-09 14:44:06,048 INFO o.a.j.t.o.OpenModelThreadGroup: Thread starting init
2026-10-09 14:44:06,052 INFO o.a.j.t.o.PoissonArrivalsRamp: Generating 198 events, beginRate = 0.055 / sec, endRate = 0.055 / sec, duration = 3600.0 sec
2026-10-09 14:44:06,052 INFO o.a.j.t.o.PoissonArrivalsRamp: Generating 800 events, beginRate = 0.2222222222222222 / sec, endRate = 0.2222222222222222 / sec, duration = 3600.0 sec
2026-10-09 14:44:07,358 INFO o.a.j.t.JMeterThread: Thread started: Agent search 2-1
2026-10-09 14:44:07,359 INFO o.a.j.s.FileServer: Stored: search_terms.txt
2026-10-09 14:44:07,371 INFO o.a.j.p.h.s.HTTPHCAbstractImpl: Local host = LAPTOP-JVTGMMI4
2026-10-09 14:44:07,373 INFO o.a.j.p.h.s.HTTPHC4Impl: HTTP request retry count = 0
2026-10-09 14:44:07,373 INFO o.a.j.s.SampleResult: Note: Sample TimeStamps are START times
2026-10-09 14:44:07,373 INFO o.a.j.s.SampleResult: sampleresult.default.encoding is set to UTF-8
2026-10-09 14:44:07,374 INFO o.a.j.s.SampleResult: sampleresult.useNanoTime=true
2026-10-09 14:44:07,374 INFO o.a.j.s.SampleResult: sampleresult.nanoThreadSleep=5000
2026-10-09 14:44:07,451 INFO o.a.j.t.JMeterThread: Thread is done: Agent search 2-1
2026-10-09 14:44:07,451 INFO o.a.j.t.JMeterThread: Thread finished: Agent search 2-1
2026-10-09 14:44:07,555 INFO o.a.j.t.JMeterThread: Thread started: Ticket intake 1-1
2026-10-09 14:44:07,555 INFO o.a.j.s.FileServer: Stored: tickets.tsv
2026-10-09 14:44:11,256 INFO o.a.j.t.JMeterThread: Thread started: Agent search 2-2
2026-10-09 14:44:11,295 INFO o.a.j.t.JMeterThread: Thread is done: Agent search 2-2
2026-10-09 14:44:11,295 INFO o.a.j.t.JMeterThread: Thread finished: Agent search 2-2
2026-10-09 14:44:15,568 INFO o.a.j.t.JMeterThread: Thread started: Ticket intake 1-2
2026-10-09 14:44:16,580 INFO o.a.j.t.JMeterThread: Thread started: Ticket intake 1-3
2026-10-09 14:44:22,009 INFO o.a.j.t.JMeterThread: Thread started: Agent search 2-3
2026-10-09 14:44:22,038 INFO o.a.j.t.JMeterThread: Thread is done: Agent search 2-3
2026-10-09 14:44:22,038 INFO o.a.j.t.JMeterThread: Thread finished: Agent search 2-3
2026-10-09 14:44:30,095 INFO o.a.j.t.JMeterThread: Thread started: Agent search 2-4
2026-10-09 14:44:30,126 INFO o.a.j.r.Summariser: summary +      4 in 00:00:24 =    0.2/s Avg:    33 Min:    28 Max:    39 Err:     0 (0.00%) Active: 4 Started: 7 Finished: 3
2026-10-09 14:44:30,126 INFO o.a.j.t.JMeterThread: Thread is done: Agent search 2-4
2026-10-09 14:44:30,126 INFO o.a.j.t.JMeterThread: Thread finished: Agent search 2-4
2026-10-09 14:44:32,612 INFO o.a.j.t.JMeterThread: Thread started: Agent search 2-5
2026-10-09 14:44:32,640 INFO o.a.j.t.JMeterThread: Thread is done: Agent search 2-5
2026-10-09 14:44:32,640 INFO o.a.j.t.JMeterThread: Thread finished: Agent search 2-5
2026-10-09 14:44:34,925 INFO o.a.j.t.JMeterThread: Thread started: Agent search 2-6
2026-10-09 14:44:34,961 INFO o.a.j.t.JMeterThread: Thread is done: Agent search 2-6
2026-10-09 14:44:34,961 INFO o.a.j.t.JMeterThread: Thread finished: Agent search 2-6
2026-10-09 14:44:36,813 INFO o.a.j.t.JMeterThread: Thread started: Agent search 2-7
2026-10-09 14:44:36,841 INFO o.a.j.t.JMeterThread: Thread is done: Agent search 2-7
2026-10-09 14:44:36,841 INFO o.a.j.t.JMeterThread: Thread finished: Agent search 2-7
2026-10-09 14:44:36,906 INFO o.a.j.t.JMeterThread: Thread started: Ticket intake 1-4
2026-10-09 14:44:37,436 INFO o.a.j.t.JMeterThread: Thread started: Ticket intake 1-5
2026-10-09 14:44:37,488 INFO o.a.j.t.JMeterThread: Thread started: Agent search 2-8
2026-10-09 14:44:37,514 INFO o.a.j.t.JMeterThread: Thread is done: Agent search 2-8
2026-10-09 14:44:37,514 INFO o.a.j.t.JMeterThread: Thread finished: Agent search 2-8
2026-10-09 14:44:41,179 INFO o.a.j.t.JMeterThread: Thread started: Agent search 2-9
2026-10-09 14:44:41,207 INFO o.a.j.t.JMeterThread: Thread is done: Agent search 2-9
2026-10-09 14:44:41,207 INFO o.a.j.t.JMeterThread: Thread finished: Agent search 2-9
2026-10-09 14:44:54,793 INFO o.a.j.t.JMeterThread: Thread started: Agent search 2-10
2026-10-09 14:44:54,819 INFO o.a.j.t.JMeterThread: Thread is done: Agent search 2-10
2026-10-09 14:44:54,819 INFO o.a.j.t.JMeterThread: Thread finished: Agent search 2-10
2026-10-09 14:44:55,394 INFO o.a.j.t.JMeterThread: Thread started: Agent search 2-11
2026-10-09 14:44:55,419 INFO o.a.j.t.JMeterThread: Thread is done: Agent search 2-11
2026-10-09 14:44:55,419 INFO o.a.j.t.JMeterThread: Thread finished: Agent search 2-11
2026-10-09 14:45:00,424 INFO o.a.j.t.JMeterThread: Thread started: Agent search 2-12
2026-10-09 14:45:00,437 INFO o.a.j.r.Summariser: summary +      8 in 00:00:30 =    0.3/s Avg:  6633 Min:    24 Max: 52880 Err:     0 (0.00%) Active: 6 Started: 17 Finished: 11
2026-10-09 14:45:00,438 INFO o.a.j.r.Summariser: summary =     12 in 00:00:54 =    0.2/s Avg:  4433 Min:    24 Max: 52880 Err:     0 (0.00%)
2026-10-09 14:45:00,438 INFO o.a.j.t.JMeterThread: Thread is done: Ticket intake 1-1
2026-10-09 14:45:00,438 INFO o.a.j.t.JMeterThread: Thread finished: Ticket intake 1-1
2026-10-09 14:45:00,447 INFO o.a.j.t.JMeterThread: Thread is done: Agent search 2-12
2026-10-09 14:45:00,447 INFO o.a.j.t.JMeterThread: Thread finished: Agent search 2-12
2026-10-09 14:45:04,284 INFO o.a.j.t.JMeterThread: Thread started: Agent search 2-13
2026-10-09 14:45:04,306 INFO o.a.j.t.JMeterThread: Thread is done: Agent search 2-13
2026-10-09 14:45:04,307 INFO o.a.j.t.JMeterThread: Thread finished: Agent search 2-13
2026-10-09 14:45:07,202 INFO o.a.j.t.JMeterThread: Thread started: Agent search 2-14
2026-10-09 14:45:07,224 INFO o.a.j.t.JMeterThread: Thread is done: Agent search 2-14
2026-10-09 14:45:07,224 INFO o.a.j.t.JMeterThread: Thread finished: Agent search 2-14
2026-10-09 14:45:07,943 INFO o.a.j.t.JMeterThread: Thread started: Agent search 2-15
2026-10-09 14:45:07,985 INFO o.a.j.t.JMeterThread: Thread is done: Agent search 2-15
2026-10-09 14:45:07,985 INFO o.a.j.t.JMeterThread: Thread finished: Agent search 2-15
2026-10-09 14:45:09,668 INFO o.a.j.t.JMeterThread: Thread started: Agent search 2-16
2026-10-09 14:45:09,712 INFO o.a.j.t.JMeterThread: Thread is done: Agent search 2-16
2026-10-09 14:45:09,712 INFO o.a.j.t.JMeterThread: Thread finished: Agent search 2-16
2026-10-09 14:45:13,196 INFO o.a.j.t.JMeterThread: Thread started: Agent search 2-17
2026-10-09 14:45:13,221 INFO o.a.j.t.JMeterThread: Thread is done: Agent search 2-17
2026-10-09 14:45:13,221 INFO o.a.j.t.JMeterThread: Thread finished: Agent search 2-17
2026-10-09 14:45:14,397 INFO o.a.j.t.JMeterThread: Thread started: Agent search 2-18
2026-10-09 14:45:14,424 INFO o.a.j.t.JMeterThread: Thread is done: Agent search 2-18
2026-10-09 14:45:14,424 INFO o.a.j.t.JMeterThread: Thread finished: Agent search 2-18
2026-10-09 14:45:18,676 INFO o.a.j.t.JMeterThread: Thread started: Agent search 2-19
2026-10-09 14:45:18,702 INFO o.a.j.t.JMeterThread: Thread is done: Agent search 2-19
2026-10-09 14:45:18,702 INFO o.a.j.t.JMeterThread: Thread finished: Agent search 2-19
2026-10-09 14:45:19,229 INFO o.a.j.t.JMeterThread: Thread started: Agent search 2-20
2026-10-09 14:45:19,256 INFO o.a.j.t.JMeterThread: Thread is done: Agent search 2-20
2026-10-09 14:45:19,256 INFO o.a.j.t.JMeterThread: Thread finished: Agent search 2-20
2026-10-09 14:45:36,232 INFO o.a.j.t.JMeterThread: Thread started: Agent search 2-21
2026-10-09 14:45:36,264 INFO o.a.j.t.JMeterThread: Thread is done: Agent search 2-21
2026-10-09 14:45:36,264 INFO o.a.j.t.JMeterThread: Thread finished: Agent search 2-21
2026-10-09 14:45:39,482 INFO o.a.j.t.JMeterThread: Thread started: Agent search 2-22
2026-10-09 14:45:39,511 INFO o.a.j.t.JMeterThread: Thread is done: Agent search 2-22
2026-10-09 14:45:39,512 INFO o.a.j.t.JMeterThread: Thread finished: Agent search 2-22
2026-10-09 14:45:43,388 INFO o.a.j.t.JMeterThread: Thread started: Agent search 2-23
2026-10-09 14:45:43,414 INFO o.a.j.t.JMeterThread: Thread is done: Agent search 2-23
2026-10-09 14:45:43,414 INFO o.a.j.t.JMeterThread: Thread finished: Agent search 2-23
2026-10-09 14:45:50,327 INFO o.a.j.t.JMeterThread: Thread started: Agent search 2-24
2026-10-09 14:45:50,354 INFO o.a.j.t.JMeterThread: Thread is done: Agent search 2-24
2026-10-09 14:45:50,354 INFO o.a.j.t.JMeterThread: Thread finished: Agent search 2-24
2026-10-09 14:45:54,356 INFO o.a.j.t.JMeterThread: Thread started: Agent search 2-25
2026-10-09 14:45:54,382 INFO o.a.j.t.JMeterThread: Thread is done: Agent search 2-25
2026-10-09 14:45:54,382 INFO o.a.j.t.JMeterThread: Thread finished: Agent search 2-25
2026-10-09 14:45:58,807 INFO o.a.j.t.JMeterThread: Thread started: Agent search 2-26
2026-10-09 14:45:58,852 INFO o.a.j.t.JMeterThread: Thread is done: Agent search 2-26
2026-10-09 14:45:58,852 INFO o.a.j.t.JMeterThread: Thread finished: Agent search 2-26
2026-10-09 14:46:01,961 INFO o.a.j.t.JMeterThread: Thread started: Agent search 2-27
2026-10-09 14:46:01,993 INFO o.a.j.r.Summariser: summary +     16 in 00:01:02 =    0.3/s Avg:    28 Min:    20 Max:    42 Err:     0 (0.00%) Active: 5 Started: 32 Finished: 27
2026-10-09 14:46:01,993 INFO o.a.j.r.Summariser: summary =     28 in 00:01:56 =    0.2/s Avg:  1916 Min:    20 Max: 52880 Err:     0 (0.00%)
2026-10-09 14:46:01,993 INFO o.a.j.t.JMeterThread: Thread is done: Agent search 2-27
2026-10-09 14:46:01,993 INFO o.a.j.t.JMeterThread: Thread finished: Agent search 2-27
2026-10-09 14:46:07,478 INFO o.a.j.t.JMeterThread: Thread started: Agent search 2-28
2026-10-09 14:46:07,503 INFO o.a.j.t.JMeterThread: Thread is done: Agent search 2-28
2026-10-09 14:46:07,503 INFO o.a.j.t.JMeterThread: Thread finished: Agent search 2-28
2026-10-09 14:46:12,613 INFO o.a.j.t.JMeterThread: Thread started: Agent search 2-29
2026-10-09 14:46:12,642 INFO o.a.j.t.JMeterThread: Thread is done: Agent search 2-29
2026-10-09 14:46:12,642 INFO o.a.j.t.JMeterThread: Thread finished: Agent search 2-29
2026-10-09 14:46:14,023 INFO o.a.j.t.JMeterThread: Thread started: Agent search 2-30
2026-10-09 14:46:14,047 INFO o.a.j.t.JMeterThread: Thread is done: Agent search 2-30
2026-10-09 14:46:14,047 INFO o.a.j.t.JMeterThread: Thread finished: Agent search 2-30
2026-10-09 14:46:14,986 INFO o.a.j.t.JMeterThread: Thread started: Agent search 2-31
2026-10-09 14:46:15,030 INFO o.a.j.t.JMeterThread: Thread is done: Agent search 2-31
2026-10-09 14:46:15,030 INFO o.a.j.t.JMeterThread: Thread finished: Agent search 2-31
2026-10-09 14:46:15,919 INFO o.a.j.t.JMeterThread: Thread started: Agent search 2-32
2026-10-09 14:46:15,946 INFO o.a.j.t.JMeterThread: Thread is done: Agent search 2-32
2026-10-09 14:46:15,946 INFO o.a.j.t.JMeterThread: Thread finished: Agent search 2-32
2026-10-09 14:46:17,434 INFO o.a.j.t.JMeterThread: Thread started: Agent search 2-33
2026-10-09 14:46:17,458 INFO o.a.j.t.JMeterThread: Thread is done: Agent search 2-33
2026-10-09 14:46:17,458 INFO o.a.j.t.JMeterThread: Thread finished: Agent search 2-33
2026-10-09 14:46:18,397 INFO o.a.j.t.JMeterThread: Thread started: Agent search 2-34
2026-10-09 14:46:18,423 INFO o.a.j.t.JMeterThread: Thread is done: Agent search 2-34
2026-10-09 14:46:18,423 INFO o.a.j.t.JMeterThread: Thread finished: Agent search 2-34
2026-10-09 14:46:21,818 INFO o.a.j.t.JMeterThread: Thread started: Agent search 2-35
2026-10-09 14:46:21,846 INFO o.a.j.t.JMeterThread: Thread is done: Agent search 2-35
2026-10-09 14:46:21,846 INFO o.a.j.t.JMeterThread: Thread finished: Agent search 2-35
2026-10-09 14:46:24,237 INFO o.a.j.t.JMeterThread: Thread started: Agent search 2-36
2026-10-09 14:46:24,284 INFO o.a.j.t.JMeterThread: Thread is done: Agent search 2-36
2026-10-09 14:46:24,284 INFO o.a.j.t.JMeterThread: Thread finished: Agent search 2-36
2026-10-09 14:46:26,711 INFO o.a.j.t.JMeterThread: Thread started: Agent search 2-37
2026-10-09 14:46:26,740 INFO o.a.j.t.JMeterThread: Thread is done: Agent search 2-37
2026-10-09 14:46:26,741 INFO o.a.j.t.JMeterThread: Thread finished: Agent search 2-37
2026-10-09 14:46:27,546 INFO o.a.j.t.JMeterThread: Thread started: Agent search 2-38
2026-10-09 14:46:27,587 INFO o.a.j.t.JMeterThread: Thread is done: Agent search 2-38
2026-10-09 14:46:27,587 INFO o.a.j.t.JMeterThread: Thread finished: Agent search 2-38
2026-10-09 14:46:28,112 INFO o.a.j.t.JMeterThread: Thread started: Agent search 2-39
2026-10-09 14:46:28,153 INFO o.a.j.t.JMeterThread: Thread is done: Agent search 2-39
2026-10-09 14:46:28,153 INFO o.a.j.t.JMeterThread: Thread finished: Agent search 2-39
2026-10-09 14:46:28,896 INFO o.a.j.t.JMeterThread: Thread started: Agent search 2-40
2026-10-09 14:46:28,923 INFO o.a.j.t.JMeterThread: Thread is done: Agent search 2-40
2026-10-09 14:46:28,923 INFO o.a.j.t.JMeterThread: Thread finished: Agent search 2-40
2026-10-09 14:46:34,712 INFO o.a.j.t.JMeterThread: Thread started: Ticket intake 1-6
2026-10-09 14:46:37,593 INFO o.a.j.t.JMeterThread: Thread started: Agent search 2-41
2026-10-09 14:46:37,603 INFO o.a.j.t.JMeterThread: Thread is done: Ticket intake 1-2
2026-10-09 14:46:37,603 INFO o.a.j.t.JMeterThread: Thread finished: Ticket intake 1-2
2026-10-09 14:46:37,615 INFO o.a.j.t.JMeterThread: Thread is done: Agent search 2-41
2026-10-09 14:46:37,615 INFO o.a.j.t.JMeterThread: Thread finished: Agent search 2-41
2026-10-09 14:46:43,630 INFO o.a.j.t.JMeterThread: Thread started: Agent search 2-42
2026-10-09 14:46:43,669 INFO o.a.j.t.JMeterThread: Thread is done: Agent search 2-42
2026-10-09 14:46:43,669 INFO o.a.j.t.JMeterThread: Thread finished: Agent search 2-42
2026-10-09 14:46:50,976 INFO o.a.j.t.JMeterThread: Thread started: Agent search 2-43
2026-10-09 14:46:51,001 INFO o.a.j.t.JMeterThread: Thread is done: Agent search 2-43
2026-10-09 14:46:51,001 INFO o.a.j.t.JMeterThread: Thread finished: Agent search 2-43
2026-10-09 14:46:54,618 INFO o.a.j.t.JMeterThread: Thread started: Agent search 2-44
2026-10-09 14:46:54,655 INFO o.a.j.t.JMeterThread: Thread is done: Agent search 2-44
2026-10-09 14:46:54,655 INFO o.a.j.t.JMeterThread: Thread finished: Agent search 2-44
2026-10-09 14:47:02,102 INFO o.a.j.t.JMeterThread: Thread started: Agent search 2-45
2026-10-09 14:47:02,129 INFO o.a.j.r.Summariser: summary +     19 in 00:01:00 =    0.3/s Avg:  7503 Min:    20 Max: 142034 Err:     0 (0.00%) Active: 5 Started: 51 Finished: 46
2026-10-09 14:47:02,129 INFO o.a.j.r.Summariser: summary =     47 in 00:02:56 =    0.3/s Avg:  4174 Min:    20 Max: 142034 Err:     0 (0.00%)
2026-10-09 14:47:02,129 INFO o.a.j.t.JMeterThread: Thread is done: Agent search 2-45
2026-10-09 14:47:02,129 INFO o.a.j.t.JMeterThread: Thread finished: Agent search 2-45
2026-10-09 14:47:03,421 INFO o.a.j.t.JMeterThread: Thread started: Agent search 2-46
2026-10-09 14:47:03,450 INFO o.a.j.t.JMeterThread: Thread is done: Agent search 2-46
2026-10-09 14:47:03,450 INFO o.a.j.t.JMeterThread: Thread finished: Agent search 2-46
2026-10-09 14:47:10,445 INFO o.a.j.t.JMeterThread: Thread started: Agent search 2-47
2026-10-09 14:47:10,469 INFO o.a.j.t.JMeterThread: Thread is done: Agent search 2-47
2026-10-09 14:47:10,469 INFO o.a.j.t.JMeterThread: Thread finished: Agent search 2-47
2026-10-09 14:47:11,543 INFO o.a.j.t.JMeterThread: Thread started: Ticket intake 1-7
2026-10-09 14:47:12,036 INFO o.a.j.t.JMeterThread: Thread is done: Ticket intake 1-3
2026-10-09 14:47:12,036 INFO o.a.j.t.JMeterThread: Thread finished: Ticket intake 1-3
2026-10-09 14:47:12,379 INFO o.a.j.t.JMeterThread: Thread started: Agent search 2-48
2026-10-09 14:47:12,411 INFO o.a.j.t.JMeterThread: Thread is done: Agent search 2-48
2026-10-09 14:47:12,411 INFO o.a.j.t.JMeterThread: Thread finished: Agent search 2-48
2026-10-09 14:47:19,520 INFO o.a.j.t.JMeterThread: Thread started: Agent search 2-49
2026-10-09 14:47:19,567 INFO o.a.j.t.JMeterThread: Thread is done: Agent search 2-49
2026-10-09 14:47:19,568 INFO o.a.j.t.JMeterThread: Thread finished: Agent search 2-49
2026-10-09 14:47:20,841 INFO o.a.j.t.JMeterThread: Thread started: Agent search 2-50
2026-10-09 14:47:20,871 INFO o.a.j.t.JMeterThread: Thread is done: Agent search 2-50
2026-10-09 14:47:20,872 INFO o.a.j.t.JMeterThread: Thread finished: Agent search 2-50
2026-10-09 14:47:24,210 INFO o.a.j.t.JMeterThread: Thread started: Agent search 2-51
2026-10-09 14:47:24,249 INFO o.a.j.t.JMeterThread: Thread is done: Agent search 2-51
2026-10-09 14:47:24,249 INFO o.a.j.t.JMeterThread: Thread finished: Agent search 2-51
2026-10-09 14:47:28,037 INFO o.a.j.t.JMeterThread: Thread started: Agent search 2-52
2026-10-09 14:47:28,064 INFO o.a.j.t.JMeterThread: Thread is done: Agent search 2-52
2026-10-09 14:47:28,064 INFO o.a.j.t.JMeterThread: Thread finished: Agent search 2-52
2026-10-09 14:47:33,951 INFO o.a.j.t.JMeterThread: Thread started: Agent search 2-53
2026-10-09 14:47:33,978 INFO o.a.j.r.Summariser: summary +      9 in 00:00:32 =    0.3/s Avg: 19521 Min:    21 Max: 175455 Err:     0 (0.00%) Active: 5 Started: 60 Finished: 55
2026-10-09 14:47:33,978 INFO o.a.j.r.Summariser: summary =     56 in 00:03:28 =    0.3/s Avg:  6641 Min:    20 Max: 175455 Err:     0 (0.00%)
2026-10-09 14:47:33,978 INFO o.a.j.t.JMeterThread: Thread is done: Agent search 2-53
2026-10-09 14:47:33,978 INFO o.a.j.t.JMeterThread: Thread finished: Agent search 2-53
2026-10-09 14:47:36,949 INFO o.a.j.t.JMeterThread: Thread started: Agent search 2-54
2026-10-09 14:47:36,973 INFO o.a.j.t.JMeterThread: Thread is done: Agent search 2-54
2026-10-09 14:47:36,974 INFO o.a.j.t.JMeterThread: Thread finished: Agent search 2-54
2026-10-09 14:47:39,380 INFO o.a.j.t.JMeterThread: Thread started: Agent search 2-55
2026-10-09 14:47:39,403 INFO o.a.j.t.JMeterThread: Thread is done: Agent search 2-55
2026-10-09 14:47:39,404 INFO o.a.j.t.JMeterThread: Thread finished: Agent search 2-55
2026-10-09 14:47:44,536 INFO o.a.j.t.JMeterThread: Thread started: Agent search 2-56
2026-10-09 14:47:44,573 INFO o.a.j.t.JMeterThread: Thread is done: Agent search 2-56
2026-10-09 14:47:44,573 INFO o.a.j.t.JMeterThread: Thread finished: Agent search 2-56
2026-10-09 14:47:45,319 INFO o.a.j.t.JMeterThread: Thread started: Ticket intake 1-8
2026-10-09 14:47:46,875 INFO o.a.j.t.JMeterThread: Thread started: Ticket intake 1-9
2026-10-09 14:47:53,508 INFO o.a.j.t.JMeterThread: Thread started: Agent search 2-57
2026-10-09 14:47:53,530 INFO o.a.j.t.JMeterThread: Thread is done: Agent search 2-57
2026-10-09 14:47:53,530 INFO o.a.j.t.JMeterThread: Thread finished: Agent search 2-57
2026-10-09 14:47:59,406 INFO o.a.j.t.JMeterThread: Thread is done: Ticket intake 1-4
2026-10-09 14:47:59,407 INFO o.a.j.t.JMeterThread: Thread finished: Ticket intake 1-4
2026-10-09 14:48:00,475 INFO o.a.j.t.JMeterThread: Thread started: Agent search 2-58
2026-10-09 14:48:00,500 INFO o.a.j.r.Summariser: summary +      6 in 00:00:27 =    0.2/s Avg: 33771 Min:    22 Max: 202500 Err:     0 (0.00%) Active: 6 Started: 67 Finished: 61
2026-10-09 14:48:00,500 INFO o.a.j.r.Summariser: summary =     62 in 00:03:54 =    0.3/s Avg:  9266 Min:    20 Max: 202500 Err:     0 (0.00%)
2026-10-09 14:48:00,500 INFO o.a.j.t.JMeterThread: Thread is done: Agent search 2-58
2026-10-09 14:48:00,500 INFO o.a.j.t.JMeterThread: Thread finished: Agent search 2-58
2026-10-09 14:48:04,074 INFO o.a.j.t.JMeterThread: Thread started: Agent search 2-59
2026-10-09 14:48:04,113 INFO o.a.j.t.JMeterThread: Thread is done: Agent search 2-59
2026-10-09 14:48:04,114 INFO o.a.j.t.JMeterThread: Thread finished: Agent search 2-59
2026-10-09 14:48:04,299 INFO o.a.j.t.JMeterThread: Thread started: Agent search 2-60
2026-10-09 14:48:04,340 INFO o.a.j.t.JMeterThread: Thread is done: Agent search 2-60
2026-10-09 14:48:04,340 INFO o.a.j.t.JMeterThread: Thread finished: Agent search 2-60
2026-10-09 14:48:05,731 INFO o.a.j.t.JMeterThread: Thread started: Agent search 2-61
2026-10-09 14:48:05,773 INFO o.a.j.t.JMeterThread: Thread is done: Agent search 2-61
2026-10-09 14:48:05,773 INFO o.a.j.t.JMeterThread: Thread finished: Agent search 2-61
2026-10-09 14:48:09,924 INFO o.a.j.t.JMeterThread: Thread started: Agent search 2-62
2026-10-09 14:48:09,953 INFO o.a.j.t.JMeterThread: Thread is done: Agent search 2-62
2026-10-09 14:48:09,953 INFO o.a.j.t.JMeterThread: Thread finished: Agent search 2-62
2026-10-09 14:48:12,891 INFO o.a.j.t.JMeterThread: Thread started: Agent search 2-63
2026-10-09 14:48:12,926 INFO o.a.j.t.JMeterThread: Thread is done: Agent search 2-63
2026-10-09 14:48:12,926 INFO o.a.j.t.JMeterThread: Thread finished: Agent search 2-63
2026-10-09 14:48:18,581 INFO o.a.j.t.JMeterThread: Thread started: Agent search 2-64
2026-10-09 14:48:18,620 INFO o.a.j.t.JMeterThread: Thread is done: Agent search 2-64
2026-10-09 14:48:18,620 INFO o.a.j.t.JMeterThread: Thread finished: Agent search 2-64
2026-10-09 14:48:18,904 INFO o.a.j.t.JMeterThread: Thread started: Agent search 2-65
2026-10-09 14:48:18,934 INFO o.a.j.t.JMeterThread: Thread started: Agent search 2-66
2026-10-09 14:48:18,936 INFO o.a.j.t.JMeterThread: Thread is done: Agent search 2-65
2026-10-09 14:48:18,936 INFO o.a.j.t.JMeterThread: Thread finished: Agent search 2-65
2026-10-09 14:48:18,956 INFO o.a.j.t.JMeterThread: Thread is done: Agent search 2-66
2026-10-09 14:48:18,956 INFO o.a.j.t.JMeterThread: Thread finished: Agent search 2-66
2026-10-09 14:48:25,012 INFO o.a.j.t.JMeterThread: Thread started: Agent search 2-67
2026-10-09 14:48:25,060 INFO o.a.j.t.JMeterThread: Thread is done: Agent search 2-67
2026-10-09 14:48:25,060 INFO o.a.j.t.JMeterThread: Thread finished: Agent search 2-67
2026-10-09 14:48:27,423 INFO o.a.j.t.JMeterThread: Thread started: Ticket intake 1-10
2026-10-09 14:48:28,541 INFO o.a.j.t.JMeterThread: Thread started: Agent search 2-68
2026-10-09 14:48:28,573 INFO o.a.j.t.JMeterThread: Thread is done: Agent search 2-68
2026-10-09 14:48:28,573 INFO o.a.j.t.JMeterThread: Thread finished: Agent search 2-68
2026-10-09 14:48:29,047 INFO o.a.j.t.JMeterThread: Thread started: Agent search 2-69
2026-10-09 14:48:29,077 INFO o.a.j.t.JMeterThread: Thread is done: Agent search 2-69
2026-10-09 14:48:29,077 INFO o.a.j.t.JMeterThread: Thread finished: Agent search 2-69
2026-10-09 14:48:32,323 INFO o.a.j.t.JMeterThread: Thread started: Agent search 2-70
2026-10-09 14:48:32,354 INFO o.a.j.r.Summariser: summary +     12 in 00:00:32 =    0.4/s Avg:    33 Min:    21 Max:    46 Err:     0 (0.00%) Active: 7 Started: 80 Finished: 73
2026-10-09 14:48:32,355 INFO o.a.j.r.Summariser: summary =     74 in 00:04:26 =    0.3/s Avg:  7769 Min:    20 Max: 202500 Err:     0 (0.00%)
2026-10-09 14:48:32,355 INFO o.a.j.t.JMeterThread: Thread is done: Agent search 2-70
2026-10-09 14:48:32,355 INFO o.a.j.t.JMeterThread: Thread finished: Agent search 2-70
2026-10-09 14:48:35,483 INFO o.a.j.t.JMeterThread: Thread started: Agent search 2-71
2026-10-09 14:48:35,537 INFO o.a.j.t.JMeterThread: Thread is done: Agent search 2-71
2026-10-09 14:48:35,537 INFO o.a.j.t.JMeterThread: Thread finished: Agent search 2-71
2026-10-09 14:48:35,863 INFO o.a.j.t.JMeterThread: Thread started: Agent search 2-72
2026-10-09 14:48:35,893 INFO o.a.j.t.JMeterThread: Thread is done: Agent search 2-72
2026-10-09 14:48:35,893 INFO o.a.j.t.JMeterThread: Thread finished: Agent search 2-72
2026-10-09 14:48:39,684 INFO o.a.j.t.JMeterThread: Thread started: Agent search 2-73
2026-10-09 14:48:39,720 INFO o.a.j.t.JMeterThread: Thread is done: Agent search 2-73
2026-10-09 14:48:39,720 INFO o.a.j.t.JMeterThread: Thread finished: Agent search 2-73
2026-10-09 14:48:40,250 INFO o.a.j.t.JMeterThread: Thread started: Agent search 2-74
2026-10-09 14:48:40,260 INFO o.a.j.t.JMeterThread: Thread started: Agent search 2-75
2026-10-09 14:48:40,279 INFO o.a.j.t.JMeterThread: Thread is done: Agent search 2-74
2026-10-09 14:48:40,279 INFO o.a.j.t.JMeterThread: Thread finished: Agent search 2-74
2026-10-09 14:48:40,285 INFO o.a.j.t.JMeterThread: Thread is done: Agent search 2-75
2026-10-09 14:48:40,285 INFO o.a.j.t.JMeterThread: Thread finished: Agent search 2-75
2026-10-09 14:48:46,356 INFO o.a.j.t.JMeterThread: Thread started: Agent search 2-76
2026-10-09 14:48:46,382 INFO o.a.j.t.JMeterThread: Thread is done: Agent search 2-76
2026-10-09 14:48:46,382 INFO o.a.j.t.JMeterThread: Thread finished: Agent search 2-76
2026-10-09 14:48:49,584 INFO o.a.j.t.JMeterThread: Thread started: Ticket intake 1-11
2026-10-09 14:48:56,009 INFO o.a.j.t.JMeterThread: Thread started: Ticket intake 1-12
2026-10-09 14:49:00,367 INFO o.a.j.t.JMeterThread: Thread started: Agent search 2-77
2026-10-09 14:49:00,410 INFO o.a.j.r.Summariser: summary +      7 in 00:00:28 =    0.2/s Avg:    33 Min:    24 Max:    52 Err:     0 (0.00%) Active: 9 Started: 89 Finished: 80
2026-10-09 14:49:00,411 INFO o.a.j.r.Summariser: summary =     81 in 00:04:54 =    0.3/s Avg:  7100 Min:    20 Max: 202500 Err:     0 (0.00%)
2026-10-09 14:49:00,411 INFO o.a.j.t.JMeterThread: Thread is done: Agent search 2-77
2026-10-09 14:49:00,411 INFO o.a.j.t.JMeterThread: Thread finished: Agent search 2-77
2026-10-09 14:49:05,320 INFO o.a.j.t.JMeterThread: Thread started: Agent search 2-78
2026-10-09 14:49:05,349 INFO o.a.j.t.JMeterThread: Thread is done: Agent search 2-78
2026-10-09 14:49:05,349 INFO o.a.j.t.JMeterThread: Thread finished: Agent search 2-78
2026-10-09 14:49:09,734 INFO o.a.j.t.JMeterThread: Thread started: Agent search 2-79
2026-10-09 14:49:09,762 INFO o.a.j.t.JMeterThread: Thread is done: Agent search 2-79
2026-10-09 14:49:09,762 INFO o.a.j.t.JMeterThread: Thread finished: Agent search 2-79
2026-10-09 14:49:12,079 INFO o.a.j.t.JMeterThread: Thread started: Ticket intake 1-13
2026-10-09 14:49:12,301 INFO o.a.j.t.JMeterThread: Thread started: Agent search 2-80
2026-10-09 14:49:12,326 INFO o.a.j.t.JMeterThread: Thread is done: Agent search 2-80
2026-10-09 14:49:12,326 INFO o.a.j.t.JMeterThread: Thread finished: Agent search 2-80
2026-10-09 14:49:13,403 INFO o.a.j.t.JMeterThread: Thread started: Agent search 2-81
2026-10-09 14:49:13,432 INFO o.a.j.t.JMeterThread: Thread is done: Agent search 2-81
2026-10-09 14:49:13,432 INFO o.a.j.t.JMeterThread: Thread finished: Agent search 2-81
2026-10-09 14:49:16,661 INFO o.a.j.t.JMeterThread: Thread started: Agent search 2-82
2026-10-09 14:49:16,685 INFO o.a.j.t.JMeterThread: Thread is done: Agent search 2-82
2026-10-09 14:49:16,685 INFO o.a.j.t.JMeterThread: Thread finished: Agent search 2-82
2026-10-09 14:49:24,216 INFO o.a.j.t.JMeterThread: Thread started: Agent search 2-83
2026-10-09 14:49:24,248 INFO o.a.j.t.JMeterThread: Thread is done: Agent search 2-83
2026-10-09 14:49:24,248 INFO o.a.j.t.JMeterThread: Thread finished: Agent search 2-83
2026-10-09 14:49:28,784 INFO o.a.j.t.JMeterThread: Thread started: Ticket intake 1-14
2026-10-09 14:49:30,041 INFO o.a.j.t.JMeterThread: Thread started: Ticket intake 1-15
2026-10-09 14:49:30,374 INFO o.a.j.t.JMeterThread: Thread started: Agent search 2-84
2026-10-09 14:49:30,400 INFO o.a.j.r.Summariser: summary +      7 in 00:00:30 =    0.2/s Avg:    25 Min:    22 Max:    30 Err:     0 (0.00%) Active: 12 Started: 99 Finished: 87
2026-10-09 14:49:30,400 INFO o.a.j.r.Summariser: summary =     88 in 00:05:24 =    0.3/s Avg:  6538 Min:    20 Max: 202500 Err:     0 (0.00%)
2026-10-09 14:49:30,400 INFO o.a.j.t.JMeterThread: Thread is done: Agent search 2-84
2026-10-09 14:49:30,400 INFO o.a.j.t.JMeterThread: Thread finished: Agent search 2-84
2026-10-09 14:49:41,247 INFO o.a.j.t.JMeterThread: Thread started: Agent search 2-85
2026-10-09 14:49:41,277 INFO o.a.j.t.JMeterThread: Thread is done: Agent search 2-85
2026-10-09 14:49:41,277 INFO o.a.j.t.JMeterThread: Thread finished: Agent search 2-85
2026-10-09 14:49:43,793 INFO o.a.j.t.JMeterThread: Thread started: Agent search 2-86
2026-10-09 14:49:43,823 INFO o.a.j.t.JMeterThread: Thread is done: Agent search 2-86
2026-10-09 14:49:43,823 INFO o.a.j.t.JMeterThread: Thread finished: Agent search 2-86
2026-10-09 14:49:49,554 INFO o.a.j.t.JMeterThread: Thread started: Agent search 2-87
2026-10-09 14:49:49,583 INFO o.a.j.t.JMeterThread: Thread is done: Agent search 2-87
2026-10-09 14:49:49,583 INFO o.a.j.t.JMeterThread: Thread finished: Agent search 2-87
2026-10-09 14:49:55,325 INFO o.a.j.t.JMeterThread: Thread started: Agent search 2-88
2026-10-09 14:49:55,355 INFO o.a.j.t.JMeterThread: Thread is done: Agent search 2-88
2026-10-09 14:49:55,355 INFO o.a.j.t.JMeterThread: Thread finished: Agent search 2-88
2026-10-09 14:49:58,246 INFO o.a.j.t.JMeterThread: Thread started: Ticket intake 1-16
2026-10-09 14:50:00,741 INFO o.a.j.t.JMeterThread: Thread started: Agent search 2-89
2026-10-09 14:50:00,772 INFO o.a.j.r.Summariser: summary +      5 in 00:00:30 =    0.2/s Avg:    28 Min:    27 Max:    30 Err:     0 (0.00%) Active: 13 Started: 105 Finished: 92
2026-10-09 14:50:00,772 INFO o.a.j.r.Summariser: summary =     93 in 00:05:55 =    0.3/s Avg:  6188 Min:    20 Max: 202500 Err:     0 (0.00%)
2026-10-09 14:50:00,772 INFO o.a.j.t.JMeterThread: Thread is done: Agent search 2-89
2026-10-09 14:50:00,772 INFO o.a.j.t.JMeterThread: Thread finished: Agent search 2-89
2026-10-09 14:50:03,265 INFO o.a.j.t.JMeterThread: Thread started: Agent search 2-90
2026-10-09 14:50:03,295 INFO o.a.j.t.JMeterThread: Thread is done: Agent search 2-90
2026-10-09 14:50:03,296 INFO o.a.j.t.JMeterThread: Thread finished: Agent search 2-90
2026-10-09 14:50:03,456 INFO o.a.j.t.JMeterThread: Thread is done: Ticket intake 1-5
2026-10-09 14:50:03,456 INFO o.a.j.t.JMeterThread: Thread finished: Ticket intake 1-5
2026-10-09 14:50:08,374 INFO o.a.j.t.JMeterThread: Thread started: Agent search 2-91
2026-10-09 14:50:08,405 INFO o.a.j.t.JMeterThread: Thread is done: Agent search 2-91
2026-10-09 14:50:08,405 INFO o.a.j.t.JMeterThread: Thread finished: Agent search 2-91
2026-10-09 14:50:09,278 INFO o.a.j.t.JMeterThread: Thread started: Agent search 2-92
2026-10-09 14:50:09,309 INFO o.a.j.t.JMeterThread: Thread is done: Agent search 2-92
2026-10-09 14:50:09,309 INFO o.a.j.t.JMeterThread: Thread finished: Agent search 2-92
2026-10-09 14:50:12,298 INFO o.a.j.t.JMeterThread: Thread started: Agent search 2-93
2026-10-09 14:50:12,327 INFO o.a.j.t.JMeterThread: Thread is done: Agent search 2-93
2026-10-09 14:50:12,327 INFO o.a.j.t.JMeterThread: Thread finished: Agent search 2-93
2026-10-09 14:50:13,204 INFO o.a.j.t.JMeterThread: Thread started: Agent search 2-94
2026-10-09 14:50:13,236 INFO o.a.j.t.JMeterThread: Thread is done: Agent search 2-94
2026-10-09 14:50:13,236 INFO o.a.j.t.JMeterThread: Thread finished: Agent search 2-94
2026-10-09 14:50:13,772 INFO o.a.j.t.JMeterThread: Thread started: Agent search 2-95
2026-10-09 14:50:13,801 INFO o.a.j.t.JMeterThread: Thread is done: Agent search 2-95
2026-10-09 14:50:13,801 INFO o.a.j.t.JMeterThread: Thread finished: Agent search 2-95
2026-10-09 14:50:13,964 INFO o.a.j.t.JMeterThread: Thread started: Agent search 2-96
2026-10-09 14:50:13,992 INFO o.a.j.t.JMeterThread: Thread is done: Agent search 2-96
2026-10-09 14:50:13,992 INFO o.a.j.t.JMeterThread: Thread finished: Agent search 2-96
2026-10-09 14:50:17,601 INFO o.a.j.t.JMeterThread: Thread started: Agent search 2-97
2026-10-09 14:50:17,634 INFO o.a.j.t.JMeterThread: Thread is done: Agent search 2-97
2026-10-09 14:50:17,634 INFO o.a.j.t.JMeterThread: Thread finished: Agent search 2-97
2026-10-09 14:50:21,867 INFO o.a.j.t.JMeterThread: Thread started: Agent search 2-98
2026-10-09 14:50:21,900 INFO o.a.j.t.JMeterThread: Thread is done: Agent search 2-98
2026-10-09 14:50:21,900 INFO o.a.j.t.JMeterThread: Thread finished: Agent search 2-98
2026-10-09 14:50:31,285 INFO o.a.j.t.JMeterThread: Thread started: Agent search 2-99
2026-10-09 14:50:31,311 INFO o.a.j.r.Summariser: summary +     11 in 00:00:31 =    0.4/s Avg: 29663 Min:    24 Max: 326021 Err:     0 (0.00%) Active: 12 Started: 115 Finished: 103
2026-10-09 14:50:31,311 INFO o.a.j.r.Summariser: summary =    104 in 00:06:25 =    0.3/s Avg:  8671 Min:    20 Max: 326021 Err:     0 (0.00%)
2026-10-09 14:50:31,311 INFO o.a.j.t.JMeterThread: Thread is done: Agent search 2-99
2026-10-09 14:50:31,311 INFO o.a.j.t.JMeterThread: Thread finished: Agent search 2-99
2026-10-09 14:50:31,325 INFO o.a.j.t.JMeterThread: Thread started: Agent search 2-100
2026-10-09 14:50:31,347 INFO o.a.j.t.JMeterThread: Thread is done: Agent search 2-100
2026-10-09 14:50:31,347 INFO o.a.j.t.JMeterThread: Thread finished: Agent search 2-100
2026-10-09 14:50:37,050 INFO o.a.j.t.JMeterThread: Thread started: Ticket intake 1-17
2026-10-09 14:50:45,048 INFO o.a.j.t.JMeterThread: Thread started: Agent search 2-101
2026-10-09 14:50:45,077 INFO o.a.j.t.JMeterThread: Thread is done: Agent search 2-101
2026-10-09 14:50:45,077 INFO o.a.j.t.JMeterThread: Thread finished: Agent search 2-101
2026-10-09 14:50:47,910 INFO o.a.j.t.JMeterThread: Thread started: Agent search 2-102
2026-10-09 14:50:47,938 INFO o.a.j.t.JMeterThread: Thread is done: Agent search 2-102
2026-10-09 14:50:47,938 INFO o.a.j.t.JMeterThread: Thread finished: Agent search 2-102
2026-10-09 14:50:51,981 INFO o.a.j.t.JMeterThread: Thread started: Agent search 2-103
2026-10-09 14:50:52,006 INFO o.a.j.t.JMeterThread: Thread is done: Agent search 2-103
2026-10-09 14:50:52,007 INFO o.a.j.t.JMeterThread: Thread finished: Agent search 2-103
2026-10-09 14:50:53,735 INFO o.a.j.t.JMeterThread: Thread started: Ticket intake 1-18
2026-10-09 14:50:54,191 INFO o.a.j.t.JMeterThread: Thread started: Ticket intake 1-19
2026-10-09 14:50:55,076 INFO o.a.j.t.JMeterThread: Thread started: Agent search 2-104
2026-10-09 14:50:55,101 INFO o.a.j.t.JMeterThread: Thread is done: Agent search 2-104
2026-10-09 14:50:55,101 INFO o.a.j.t.JMeterThread: Thread finished: Agent search 2-104
2026-10-09 14:50:55,609 INFO o.a.j.t.JMeterThread: Thread started: Agent search 2-105
2026-10-09 14:50:55,633 INFO o.a.j.t.JMeterThread: Thread is done: Agent search 2-105
2026-10-09 14:50:55,633 INFO o.a.j.t.JMeterThread: Thread finished: Agent search 2-105
2026-10-09 14:50:55,752 INFO o.a.j.t.JMeterThread: Thread started: Agent search 2-106
2026-10-09 14:50:55,778 INFO o.a.j.t.JMeterThread: Thread is done: Agent search 2-106
2026-10-09 14:50:55,778 INFO o.a.j.t.JMeterThread: Thread finished: Agent search 2-106
2026-10-09 14:50:57,237 INFO o.a.j.t.JMeterThread: Thread started: Agent search 2-107
2026-10-09 14:50:57,267 INFO o.a.j.t.JMeterThread: Thread is done: Agent search 2-107
2026-10-09 14:50:57,267 INFO o.a.j.t.JMeterThread: Thread finished: Agent search 2-107
2026-10-09 14:51:01,618 INFO o.a.j.t.JMeterThread: Thread started: Agent search 2-108
2026-10-09 14:51:01,646 INFO o.a.j.r.Summariser: summary +      9 in 00:00:30 =    0.3/s Avg:    24 Min:    20 Max:    29 Err:     0 (0.00%) Active: 15 Started: 127 Finished: 112
2026-10-09 14:51:01,647 INFO o.a.j.r.Summariser: summary =    113 in 00:06:56 =    0.3/s Avg:  7982 Min:    20 Max: 326021 Err:     0 (0.00%)
2026-10-09 14:51:01,647 INFO o.a.j.t.JMeterThread: Thread is done: Agent search 2-108
2026-10-09 14:51:01,647 INFO o.a.j.t.JMeterThread: Thread finished: Agent search 2-108
2026-10-09 14:51:03,945 INFO o.a.j.t.JMeterThread: Thread started: Agent search 2-109
2026-10-09 14:51:03,975 INFO o.a.j.t.JMeterThread: Thread is done: Agent search 2-109
2026-10-09 14:51:03,975 INFO o.a.j.t.JMeterThread: Thread finished: Agent search 2-109
2026-10-09 14:51:05,742 INFO o.a.j.t.JMeterThread: Thread started: Ticket intake 1-20
2026-10-09 14:51:05,852 INFO o.a.j.t.JMeterThread: Thread started: Agent search 2-110
2026-10-09 14:51:05,883 INFO o.a.j.t.JMeterThread: Thread is done: Agent search 2-110
2026-10-09 14:51:05,883 INFO o.a.j.t.JMeterThread: Thread finished: Agent search 2-110
2026-10-09 14:51:06,222 INFO o.a.j.t.JMeterThread: Thread started: Agent search 2-111
2026-10-09 14:51:06,250 INFO o.a.j.t.JMeterThread: Thread is done: Agent search 2-111
2026-10-09 14:51:06,250 INFO o.a.j.t.JMeterThread: Thread finished: Agent search 2-111
2026-10-09 14:51:08,188 INFO o.a.j.t.JMeterThread: Thread started: Agent search 2-112
2026-10-09 14:51:08,218 INFO o.a.j.t.JMeterThread: Thread is done: Agent search 2-112
2026-10-09 14:51:08,218 INFO o.a.j.t.JMeterThread: Thread finished: Agent search 2-112
2026-10-09 14:51:15,919 INFO o.a.j.t.JMeterThread: Thread started: Agent search 2-113
2026-10-09 14:51:15,945 INFO o.a.j.t.JMeterThread: Thread is done: Agent search 2-113
2026-10-09 14:51:15,945 INFO o.a.j.t.JMeterThread: Thread finished: Agent search 2-113
2026-10-09 14:51:24,125 INFO o.a.j.t.JMeterThread: Thread started: Agent search 2-114
2026-10-09 14:51:24,152 INFO o.a.j.t.JMeterThread: Thread is done: Agent search 2-114
2026-10-09 14:51:24,152 INFO o.a.j.t.JMeterThread: Thread finished: Agent search 2-114
2026-10-09 14:51:24,251 INFO o.a.j.t.JMeterThread: Thread is done: Ticket intake 1-6
2026-10-09 14:51:24,251 INFO o.a.j.t.JMeterThread: Thread finished: Ticket intake 1-6
2026-10-09 14:51:25,090 INFO o.a.j.t.JMeterThread: Thread started: Agent search 2-115
2026-10-09 14:51:25,119 INFO o.a.j.t.JMeterThread: Thread is done: Agent search 2-115
2026-10-09 14:51:25,119 INFO o.a.j.t.JMeterThread: Thread finished: Agent search 2-115
2026-10-09 14:51:27,070 INFO o.a.j.t.JMeterThread: Thread started: Ticket intake 1-21
2026-10-09 14:51:27,188 INFO o.a.j.t.JMeterThread: Thread started: Agent search 2-116
2026-10-09 14:51:27,213 INFO o.a.j.t.JMeterThread: Thread is done: Agent search 2-116
2026-10-09 14:51:27,213 INFO o.a.j.t.JMeterThread: Thread finished: Agent search 2-116
2026-10-09 14:51:37,266 INFO o.a.j.t.JMeterThread: Thread started: Agent search 2-117
2026-10-09 14:51:37,290 INFO o.a.j.t.JMeterThread: Thread is done: Agent search 2-117
2026-10-09 14:51:37,290 INFO o.a.j.t.JMeterThread: Thread finished: Agent search 2-117
2026-10-09 14:51:45,818 INFO o.a.j.t.JMeterThread: Thread started: Agent search 2-118
2026-10-09 14:51:45,850 INFO o.a.j.t.JMeterThread: Thread is done: Agent search 2-118
2026-10-09 14:51:45,850 INFO o.a.j.t.JMeterThread: Thread finished: Agent search 2-118
2026-10-09 14:51:46,530 INFO o.a.j.t.JMeterThread: Thread started: Agent search 2-119
2026-10-09 14:51:46,561 INFO o.a.j.t.JMeterThread: Thread is done: Agent search 2-119
2026-10-09 14:51:46,562 INFO o.a.j.t.JMeterThread: Thread finished: Agent search 2-119
2026-10-09 14:51:47,833 INFO o.a.j.t.JMeterThread: Thread started: Agent search 2-120
2026-10-09 14:51:47,860 INFO o.a.j.t.JMeterThread: Thread is done: Agent search 2-120
2026-10-09 14:51:47,860 INFO o.a.j.t.JMeterThread: Thread finished: Agent search 2-120
2026-10-09 14:51:49,499 INFO o.a.j.t.JMeterThread: Thread started: Ticket intake 1-22
2026-10-09 14:51:49,549 INFO o.a.j.t.JMeterThread: Thread started: Agent search 2-121
2026-10-09 14:51:49,577 INFO o.a.j.t.JMeterThread: Thread is done: Agent search 2-121
2026-10-09 14:51:49,577 INFO o.a.j.t.JMeterThread: Thread finished: Agent search 2-121
2026-10-09 14:51:50,734 INFO o.a.j.t.JMeterThread: Thread started: Agent search 2-122
2026-10-09 14:51:50,767 INFO o.a.j.t.JMeterThread: Thread is done: Agent search 2-122
2026-10-09 14:51:50,767 INFO o.a.j.t.JMeterThread: Thread finished: Agent search 2-122
2026-10-09 14:51:52,718 INFO o.a.j.t.JMeterThread: Thread is done: Ticket intake 1-7
2026-10-09 14:51:52,719 INFO o.a.j.t.JMeterThread: Thread finished: Ticket intake 1-7
2026-10-09 14:51:56,080 INFO o.a.j.t.JMeterThread: Thread started: Agent search 2-123
2026-10-09 14:51:56,111 INFO o.a.j.t.JMeterThread: Thread is done: Agent search 2-123
2026-10-09 14:51:56,111 INFO o.a.j.t.JMeterThread: Thread finished: Agent search 2-123
2026-10-09 14:52:01,085 INFO o.a.j.t.JMeterThread: Thread started: Agent search 2-124
2026-10-09 14:52:01,111 INFO o.a.j.r.Summariser: summary +     18 in 00:00:59 =    0.3/s Avg: 31730 Min:    22 Max: 289540 Err:     0 (0.00%) Active: 16 Started: 146 Finished: 130
2026-10-09 14:52:01,112 INFO o.a.j.r.Summariser: summary =    131 in 00:07:55 =    0.3/s Avg: 11245 Min:    20 Max: 326021 Err:     0 (0.00%)
2026-10-09 14:52:01,112 INFO o.a.j.t.JMeterThread: Thread is done: Agent search 2-124
2026-10-09 14:52:01,112 INFO o.a.j.t.JMeterThread: Thread finished: Agent search 2-124
2026-10-09 14:52:10,101 INFO o.a.j.t.JMeterThread: Thread started: Agent search 2-125
2026-10-09 14:52:10,132 INFO o.a.j.t.JMeterThread: Thread is done: Agent search 2-125
2026-10-09 14:52:10,132 INFO o.a.j.t.JMeterThread: Thread finished: Agent search 2-125
2026-10-09 14:52:10,498 INFO o.a.j.t.JMeterThread: Thread started: Agent search 2-126
2026-10-09 14:52:10,535 INFO o.a.j.t.JMeterThread: Thread is done: Agent search 2-126
2026-10-09 14:52:10,535 INFO o.a.j.t.JMeterThread: Thread finished: Agent search 2-126
2026-10-09 14:52:13,079 INFO o.a.j.t.JMeterThread: Thread started: Agent search 2-127
2026-10-09 14:52:13,105 INFO o.a.j.t.JMeterThread: Thread is done: Agent search 2-127
2026-10-09 14:52:13,105 INFO o.a.j.t.JMeterThread: Thread finished: Agent search 2-127
2026-10-09 14:52:17,572 INFO o.a.j.t.JMeterThread: Thread started: Agent search 2-128
2026-10-09 14:52:17,602 INFO o.a.j.t.JMeterThread: Thread is done: Agent search 2-128
2026-10-09 14:52:17,602 INFO o.a.j.t.JMeterThread: Thread finished: Agent search 2-128
2026-10-09 14:52:19,235 INFO o.a.j.t.JMeterThread: Thread started: Agent search 2-129
2026-10-09 14:52:19,269 INFO o.a.j.t.JMeterThread: Thread is done: Agent search 2-129
2026-10-09 14:52:19,269 INFO o.a.j.t.JMeterThread: Thread finished: Agent search 2-129
2026-10-09 14:52:20,780 INFO o.a.j.t.JMeterThread: Thread started: Agent search 2-130
2026-10-09 14:52:20,809 INFO o.a.j.t.JMeterThread: Thread is done: Agent search 2-130
2026-10-09 14:52:20,810 INFO o.a.j.t.JMeterThread: Thread finished: Agent search 2-130
2026-10-09 14:52:21,077 INFO o.a.j.t.JMeterThread: Thread started: Agent search 2-131
2026-10-09 14:52:21,105 INFO o.a.j.t.JMeterThread: Thread is done: Agent search 2-131
2026-10-09 14:52:21,105 INFO o.a.j.t.JMeterThread: Thread finished: Agent search 2-131
2026-10-09 14:52:29,666 INFO o.a.j.t.JMeterThread: Thread started: Ticket intake 1-23
2026-10-09 14:52:32,636 INFO o.a.j.t.JMeterThread: Thread started: Agent search 2-132
2026-10-09 14:52:32,666 INFO o.a.j.r.Summariser: summary +      8 in 00:00:32 =    0.3/s Avg:    29 Min:    24 Max:    36 Err:     0 (0.00%) Active: 17 Started: 155 Finished: 138
2026-10-09 14:52:32,666 INFO o.a.j.r.Summariser: summary =    139 in 00:08:27 =    0.3/s Avg: 10599 Min:    20 Max: 326021 Err:     0 (0.00%)
2026-10-09 14:52:32,666 INFO o.a.j.t.JMeterThread: Thread is done: Agent search 2-132
2026-10-09 14:52:32,666 INFO o.a.j.t.JMeterThread: Thread finished: Agent search 2-132
2026-10-09 14:52:33,923 INFO o.a.j.t.JMeterThread: Thread started: Ticket intake 1-24
2026-10-09 14:52:36,032 INFO o.a.j.t.JMeterThread: Thread started: Agent search 2-133
2026-10-09 14:52:36,070 INFO o.a.j.t.JMeterThread: Thread is done: Agent search 2-133
2026-10-09 14:52:36,070 INFO o.a.j.t.JMeterThread: Thread finished: Agent search 2-133
2026-10-09 14:52:37,775 INFO o.a.j.t.JMeterThread: Thread is done: Ticket intake 1-8
2026-10-09 14:52:37,775 INFO o.a.j.t.JMeterThread: Thread finished: Ticket intake 1-8
2026-10-09 14:52:41,612 INFO o.a.j.t.JMeterThread: Thread started: Agent search 2-134
2026-10-09 14:52:41,636 INFO o.a.j.t.JMeterThread: Thread is done: Agent search 2-134
2026-10-09 14:52:41,636 INFO o.a.j.t.JMeterThread: Thread finished: Agent search 2-134
2026-10-09 14:52:45,967 INFO o.a.j.t.JMeterThread: Thread started: Agent search 2-135
2026-10-09 14:52:45,992 INFO o.a.j.t.JMeterThread: Thread is done: Agent search 2-135
2026-10-09 14:52:45,993 INFO o.a.j.t.JMeterThread: Thread finished: Agent search 2-135
2026-10-09 14:52:51,972 INFO o.a.j.t.JMeterThread: Thread started: Agent search 2-136
2026-10-09 14:52:51,998 INFO o.a.j.t.JMeterThread: Thread is done: Agent search 2-136
2026-10-09 14:52:52,001 INFO o.a.j.t.JMeterThread: Thread finished: Agent search 2-136
2026-10-09 14:52:53,835 INFO o.a.j.t.JMeterThread: Thread started: Agent search 2-137
2026-10-09 14:52:53,861 INFO o.a.j.t.JMeterThread: Thread is done: Agent search 2-137
2026-10-09 14:52:53,861 INFO o.a.j.t.JMeterThread: Thread finished: Agent search 2-137
2026-10-09 14:52:57,930 INFO o.a.j.t.JMeterThread: Thread started: Agent search 2-138
2026-10-09 14:52:57,955 INFO o.a.j.t.JMeterThread: Thread is done: Agent search 2-138
2026-10-09 14:52:57,955 INFO o.a.j.t.JMeterThread: Thread finished: Agent search 2-138
2026-10-09 14:53:00,664 INFO o.a.j.t.JMeterThread: Thread started: Agent search 2-139
2026-10-09 14:53:00,693 INFO o.a.j.r.Summariser: summary +      8 in 00:00:28 =    0.3/s Avg: 36579 Min:    21 Max: 292456 Err:     0 (0.00%) Active: 17 Started: 163 Finished: 146
2026-10-09 14:53:00,693 INFO o.a.j.r.Summariser: summary =    147 in 00:08:55 =    0.3/s Avg: 12013 Min:    20 Max: 326021 Err:     0 (0.00%)
2026-10-09 14:53:00,693 INFO o.a.j.t.JMeterThread: Thread is done: Agent search 2-139
2026-10-09 14:53:00,693 INFO o.a.j.t.JMeterThread: Thread finished: Agent search 2-139
2026-10-09 14:53:02,802 INFO o.a.j.t.JMeterThread: Thread started: Agent search 2-140
2026-10-09 14:53:02,826 INFO o.a.j.t.JMeterThread: Thread is done: Agent search 2-140
2026-10-09 14:53:02,826 INFO o.a.j.t.JMeterThread: Thread finished: Agent search 2-140
2026-10-09 14:53:10,869 INFO o.a.j.t.JMeterThread: Thread started: Agent search 2-141
2026-10-09 14:53:10,900 INFO o.a.j.t.JMeterThread: Thread is done: Agent search 2-141
2026-10-09 14:53:10,901 INFO o.a.j.t.JMeterThread: Thread finished: Agent search 2-141
2026-10-09 14:53:11,254 INFO o.a.j.t.JMeterThread: Thread started: Agent search 2-142
2026-10-09 14:53:11,297 INFO o.a.j.t.JMeterThread: Thread is done: Agent search 2-142
2026-10-09 14:53:11,297 INFO o.a.j.t.JMeterThread: Thread finished: Agent search 2-142
2026-10-09 14:53:13,002 INFO o.a.j.t.JMeterThread: Thread is done: Ticket intake 1-9
2026-10-09 14:53:13,002 INFO o.a.j.t.JMeterThread: Thread finished: Ticket intake 1-9
2026-10-09 14:53:18,112 INFO o.a.j.t.JMeterThread: Thread started: Ticket intake 1-25
2026-10-09 14:53:28,406 INFO o.a.j.t.JMeterThread: Thread started: Agent search 2-143
2026-10-09 14:53:28,671 INFO o.a.j.t.JMeterThread: Thread is done: Agent search 2-143
2026-10-09 14:53:28,671 INFO o.a.j.t.JMeterThread: Thread finished: Agent search 2-143
2026-10-09 14:53:30,418 INFO o.a.j.t.JMeterThread: Thread started: Ticket intake 1-26
2026-10-09 14:53:30,482 INFO o.a.j.t.JMeterThread: Thread started: Agent search 2-144
2026-10-09 14:53:30,522 INFO o.a.j.r.Summariser: summary +      6 in 00:00:30 =    0.2/s Avg: 54420 Min:    22 Max: 326127 Err:     0 (0.00%) Active: 18 Started: 170 Finished: 152
2026-10-09 14:53:30,523 INFO o.a.j.r.Summariser: summary =    153 in 00:09:25 =    0.3/s Avg: 13676 Min:    20 Max: 326127 Err:     0 (0.00%)
2026-10-09 14:53:30,523 INFO o.a.j.t.JMeterThread: Thread is done: Agent search 2-144
2026-10-09 14:53:30,523 INFO o.a.j.t.JMeterThread: Thread finished: Agent search 2-144
2026-10-09 14:53:32,704 INFO o.a.j.t.JMeterThread: Thread started: Agent search 2-145
2026-10-09 14:53:32,735 INFO o.a.j.t.JMeterThread: Thread is done: Agent search 2-145
2026-10-09 14:53:32,735 INFO o.a.j.t.JMeterThread: Thread finished: Agent search 2-145
2026-10-09 14:53:33,686 INFO o.a.j.t.JMeterThread: Thread started: Ticket intake 1-27
2026-10-09 14:53:37,428 INFO o.a.j.t.JMeterThread: Thread started: Agent search 2-146
2026-10-09 14:53:37,453 INFO o.a.j.t.JMeterThread: Thread is done: Agent search 2-146
2026-10-09 14:53:37,454 INFO o.a.j.t.JMeterThread: Thread finished: Agent search 2-146
2026-10-09 14:53:40,667 INFO o.a.j.t.JMeterThread: Thread started: Ticket intake 1-28
2026-10-09 14:53:48,024 INFO o.a.j.t.JMeterThread: Thread started: Agent search 2-147
2026-10-09 14:53:48,051 INFO o.a.j.t.JMeterThread: Thread is done: Agent search 2-147
2026-10-09 14:53:48,051 INFO o.a.j.t.JMeterThread: Thread finished: Agent search 2-147
2026-10-09 14:53:48,068 INFO o.a.j.t.JMeterThread: Thread started: Agent search 2-148
2026-10-09 14:53:48,091 INFO o.a.j.t.JMeterThread: Thread is done: Agent search 2-148
2026-10-09 14:53:48,091 INFO o.a.j.t.JMeterThread: Thread finished: Agent search 2-148
2026-10-09 14:53:51,448 INFO o.a.j.t.JMeterThread: Thread started: Agent search 2-149
2026-10-09 14:53:51,481 INFO o.a.j.t.JMeterThread: Thread is done: Agent search 2-149
2026-10-09 14:53:51,481 INFO o.a.j.t.JMeterThread: Thread finished: Agent search 2-149
2026-10-09 14:53:54,029 INFO o.a.j.t.JMeterThread: Thread started: Agent search 2-150
2026-10-09 14:53:54,058 INFO o.a.j.t.JMeterThread: Thread is done: Agent search 2-150
2026-10-09 14:53:54,058 INFO o.a.j.t.JMeterThread: Thread finished: Agent search 2-150
2026-10-09 14:53:54,542 INFO o.a.j.t.JMeterThread: Thread started: Agent search 2-151
2026-10-09 14:53:54,569 INFO o.a.j.t.JMeterThread: Thread is done: Agent search 2-151
2026-10-09 14:53:54,569 INFO o.a.j.t.JMeterThread: Thread finished: Agent search 2-151
2026-10-09 14:54:04,856 INFO o.a.j.t.JMeterThread: Thread started: Agent search 2-152
2026-10-09 14:54:04,886 INFO o.a.j.r.Summariser: summary +      8 in 00:00:34 =    0.2/s Avg:    26 Min:    22 Max:    31 Err:     0 (0.00%) Active: 20 Started: 180 Finished: 160
2026-10-09 14:54:04,886 INFO o.a.j.r.Summariser: summary =    161 in 00:09:59 =    0.3/s Avg: 12998 Min:    20 Max: 326127 Err:     0 (0.00%)
2026-10-09 14:54:04,886 INFO o.a.j.t.JMeterThread: Thread is done: Agent search 2-152
2026-10-09 14:54:04,886 INFO o.a.j.t.JMeterThread: Thread finished: Agent search 2-152
2026-10-09 14:54:08,098 INFO o.a.j.t.JMeterThread: Thread is done: Ticket intake 1-10
2026-10-09 14:54:08,098 INFO o.a.j.t.JMeterThread: Thread finished: Ticket intake 1-10
2026-10-09 14:54:11,532 INFO o.a.j.t.JMeterThread: Thread started: Agent search 2-153
2026-10-09 14:54:11,576 INFO o.a.j.t.JMeterThread: Thread is done: Agent search 2-153
2026-10-09 14:54:11,577 INFO o.a.j.t.JMeterThread: Thread finished: Agent search 2-153
2026-10-09 14:54:17,207 INFO o.a.j.t.JMeterThread: Thread started: Agent search 2-154
2026-10-09 14:54:17,257 INFO o.a.j.t.JMeterThread: Thread is done: Agent search 2-154
2026-10-09 14:54:17,258 INFO o.a.j.t.JMeterThread: Thread finished: Agent search 2-154
2026-10-09 14:54:20,467 INFO o.a.j.t.JMeterThread: Thread started: Ticket intake 1-29
2026-10-09 14:54:22,137 INFO o.a.j.t.JMeterThread: Thread started: Ticket intake 1-30
2026-10-09 14:54:24,591 INFO o.a.j.t.JMeterThread: Thread started: Agent search 2-155
2026-10-09 14:54:24,618 INFO o.a.j.t.JMeterThread: Thread is done: Agent search 2-155
2026-10-09 14:54:24,618 INFO o.a.j.t.JMeterThread: Thread finished: Agent search 2-155
2026-10-09 14:54:26,719 INFO o.a.j.t.JMeterThread: Thread started: Agent search 2-156
2026-10-09 14:54:26,742 INFO o.a.j.t.JMeterThread: Thread is done: Agent search 2-156
2026-10-09 14:54:26,743 INFO o.a.j.t.JMeterThread: Thread finished: Agent search 2-156
2026-10-09 14:54:26,781 INFO o.a.j.t.JMeterThread: Thread started: Ticket intake 1-31
2026-10-09 14:54:40,559 INFO o.a.j.t.JMeterThread: Thread started: Agent search 2-157
2026-10-09 14:54:40,589 INFO o.a.j.t.JMeterThread: Thread is done: Agent search 2-157
2026-10-09 14:54:40,589 INFO o.a.j.t.JMeterThread: Thread finished: Agent search 2-157
2026-10-09 14:54:56,826 INFO o.a.j.t.JMeterThread: Thread started: Agent search 2-158
2026-10-09 14:54:56,861 INFO o.a.j.t.JMeterThread: Thread is done: Agent search 2-158
2026-10-09 14:54:56,861 INFO o.a.j.t.JMeterThread: Thread finished: Agent search 2-158
2026-10-09 14:54:59,420 INFO o.a.j.t.JMeterThread: Thread started: Ticket intake 1-32
2026-10-09 14:55:05,489 INFO o.a.j.t.JMeterThread: Thread started: Agent search 2-159
2026-10-09 14:55:05,520 INFO o.a.j.r.Summariser: summary +      8 in 00:01:01 =    0.1/s Avg: 42613 Min:    22 Max: 340676 Err:     0 (0.00%) Active: 23 Started: 191 Finished: 168
2026-10-09 14:55:05,520 INFO o.a.j.r.Summariser: summary =    169 in 00:11:00 =    0.3/s Avg: 14400 Min:    20 Max: 340676 Err:     0 (0.00%)
2026-10-09 14:55:05,520 INFO o.a.j.t.JMeterThread: Thread is done: Agent search 2-159
2026-10-09 14:55:05,520 INFO o.a.j.t.JMeterThread: Thread finished: Agent search 2-159
2026-10-09 14:55:19,379 INFO o.a.j.t.JMeterThread: Thread is done: Ticket intake 1-11
2026-10-09 14:55:19,379 INFO o.a.j.t.JMeterThread: Thread finished: Ticket intake 1-11
2026-10-09 14:55:22,663 INFO o.a.j.t.JMeterThread: Thread started: Agent search 2-160
2026-10-09 14:55:22,685 INFO o.a.j.t.JMeterThread: Thread is done: Agent search 2-160
2026-10-09 14:55:22,685 INFO o.a.j.t.JMeterThread: Thread finished: Agent search 2-160
2026-10-09 14:55:25,234 INFO o.a.j.t.JMeterThread: Thread started: Agent search 2-161
2026-10-09 14:55:25,284 INFO o.a.j.t.JMeterThread: Thread is done: Agent search 2-161
2026-10-09 14:55:25,284 INFO o.a.j.t.JMeterThread: Thread finished: Agent search 2-161
2026-10-09 14:55:34,856 INFO o.a.j.t.JMeterThread: Thread started: Agent search 2-162
2026-10-09 14:55:34,881 INFO o.a.j.r.Summariser: summary +      4 in 00:00:29 =    0.1/s Avg: 97472 Min:    21 Max: 389796 Err:     0 (0.00%) Active: 22 Started: 194 Finished: 172
2026-10-09 14:55:34,881 INFO o.a.j.r.Summariser: summary =    173 in 00:11:29 =    0.3/s Avg: 16321 Min:    20 Max: 389796 Err:     0 (0.00%)
2026-10-09 14:55:34,881 INFO o.a.j.t.JMeterThread: Thread is done: Agent search 2-162
2026-10-09 14:55:34,881 INFO o.a.j.t.JMeterThread: Thread finished: Agent search 2-162
2026-10-09 14:55:34,971 INFO o.a.j.t.JMeterThread: Thread started: Agent search 2-163
2026-10-09 14:55:34,993 INFO o.a.j.t.JMeterThread: Thread is done: Agent search 2-163
2026-10-09 14:55:34,993 INFO o.a.j.t.JMeterThread: Thread finished: Agent search 2-163
2026-10-09 14:55:37,738 INFO o.a.j.t.JMeterThread: Thread started: Agent search 2-164
2026-10-09 14:55:37,765 INFO o.a.j.t.JMeterThread: Thread is done: Agent search 2-164
2026-10-09 14:55:37,765 INFO o.a.j.t.JMeterThread: Thread finished: Agent search 2-164
2026-10-09 14:55:39,380 INFO o.a.j.t.JMeterThread: Thread started: Agent search 2-165
2026-10-09 14:55:39,428 INFO o.a.j.t.JMeterThread: Thread is done: Agent search 2-165
2026-10-09 14:55:39,428 INFO o.a.j.t.JMeterThread: Thread finished: Agent search 2-165
2026-10-09 14:55:40,509 INFO o.a.j.t.JMeterThread: Thread started: Agent search 2-166
2026-10-09 14:55:40,529 INFO o.a.j.t.JMeterThread: Thread is done: Agent search 2-166
2026-10-09 14:55:40,530 INFO o.a.j.t.JMeterThread: Thread finished: Agent search 2-166
2026-10-09 14:55:40,952 INFO o.a.j.t.JMeterThread: Thread started: Agent search 2-167
2026-10-09 14:55:40,970 INFO o.a.j.t.JMeterThread: Thread is done: Agent search 2-167
2026-10-09 14:55:40,970 INFO o.a.j.t.JMeterThread: Thread finished: Agent search 2-167
2026-10-09 14:55:50,454 INFO o.a.j.t.JMeterThread: Thread started: Agent search 2-168
2026-10-09 14:55:50,479 INFO o.a.j.t.JMeterThread: Thread is done: Agent search 2-168
2026-10-09 14:55:50,479 INFO o.a.j.t.JMeterThread: Thread finished: Agent search 2-168
2026-10-09 14:55:58,342 INFO o.a.j.t.JMeterThread: Thread started: Agent search 2-169
2026-10-09 14:55:58,370 INFO o.a.j.t.JMeterThread: Thread is done: Agent search 2-169
2026-10-09 14:55:58,370 INFO o.a.j.t.JMeterThread: Thread finished: Agent search 2-169
2026-10-09 14:55:59,383 INFO o.a.j.t.JMeterThread: Thread started: Agent search 2-170
2026-10-09 14:55:59,406 INFO o.a.j.t.JMeterThread: Thread is done: Agent search 2-170
2026-10-09 14:55:59,406 INFO o.a.j.t.JMeterThread: Thread finished: Agent search 2-170
2026-10-09 14:56:01,975 INFO o.a.j.t.JMeterThread: Thread started: Agent search 2-171
2026-10-09 14:56:01,999 INFO o.a.j.r.Summariser: summary +      9 in 00:00:27 =    0.3/s Avg:    24 Min:    16 Max:    47 Err:     0 (0.00%) Active: 22 Started: 203 Finished: 181
2026-10-09 14:56:02,000 INFO o.a.j.r.Summariser: summary =    182 in 00:11:56 =    0.3/s Avg: 15515 Min:    16 Max: 389796 Err:     0 (0.00%)
2026-10-09 14:56:02,000 INFO o.a.j.t.JMeterThread: Thread is done: Agent search 2-171
2026-10-09 14:56:02,000 INFO o.a.j.t.JMeterThread: Thread finished: Agent search 2-171
2026-10-09 14:56:11,059 INFO o.a.j.t.JMeterThread: Thread started: Agent search 2-172
2026-10-09 14:56:11,080 INFO o.a.j.t.JMeterThread: Thread is done: Agent search 2-172
2026-10-09 14:56:11,080 INFO o.a.j.t.JMeterThread: Thread finished: Agent search 2-172
2026-10-09 14:56:17,045 INFO o.a.j.t.JMeterThread: Thread is done: Ticket intake 1-12
2026-10-09 14:56:17,045 INFO o.a.j.t.JMeterThread: Thread finished: Ticket intake 1-12
2026-10-09 14:56:23,635 INFO o.a.j.t.JMeterThread: Thread started: Agent search 2-173
2026-10-09 14:56:23,666 INFO o.a.j.t.JMeterThread: Thread is done: Agent search 2-173
2026-10-09 14:56:23,666 INFO o.a.j.t.JMeterThread: Thread finished: Agent search 2-173
2026-10-09 14:56:25,243 INFO o.a.j.t.JMeterThread: Thread started: Ticket intake 1-33
2026-10-09 14:56:34,774 INFO o.a.j.t.JMeterThread: Thread started: Agent search 2-174
2026-10-09 14:56:35,017 INFO o.a.j.r.Summariser: summary +      4 in 00:00:33 =    0.1/s Avg: 110332 Min:    20 Max: 441038 Err:     0 (0.00%) Active: 22 Started: 207 Finished: 185
2026-10-09 14:56:35,017 INFO o.a.j.r.Summariser: summary =    186 in 00:12:29 =    0.2/s Avg: 17554 Min:    16 Max: 441038 Err:     0 (0.00%)
2026-10-09 14:56:35,018 INFO o.a.j.t.JMeterThread: Thread is done: Agent search 2-174
2026-10-09 14:56:35,018 INFO o.a.j.t.JMeterThread: Thread finished: Agent search 2-174
2026-10-09 14:56:37,683 INFO o.a.j.t.JMeterThread: Thread started: Agent search 2-175
2026-10-09 14:56:37,709 INFO o.a.j.t.JMeterThread: Thread started: Agent search 2-176
2026-10-09 14:56:37,711 INFO o.a.j.t.JMeterThread: Thread is done: Agent search 2-175
2026-10-09 14:56:37,711 INFO o.a.j.t.JMeterThread: Thread finished: Agent search 2-175
2026-10-09 14:56:37,731 INFO o.a.j.t.JMeterThread: Thread is done: Agent search 2-176
2026-10-09 14:56:37,731 INFO o.a.j.t.JMeterThread: Thread finished: Agent search 2-176
2026-10-09 14:56:40,531 INFO o.a.j.t.JMeterThread: Thread started: Agent search 2-177
2026-10-09 14:56:40,571 INFO o.a.j.t.JMeterThread: Thread is done: Agent search 2-177
2026-10-09 14:56:40,571 INFO o.a.j.t.JMeterThread: Thread finished: Agent search 2-177
2026-10-09 14:56:43,823 INFO o.a.j.t.JMeterThread: Thread started: Agent search 2-178
2026-10-09 14:56:43,847 INFO o.a.j.t.JMeterThread: Thread is done: Agent search 2-178
2026-10-09 14:56:43,847 INFO o.a.j.t.JMeterThread: Thread finished: Agent search 2-178
2026-10-09 14:56:46,713 INFO o.a.j.t.JMeterThread: Thread is done: Ticket intake 1-13
2026-10-09 14:56:46,713 INFO o.a.j.t.JMeterThread: Thread finished: Ticket intake 1-13
2026-10-09 14:56:48,516 INFO o.a.j.t.JMeterThread: Thread started: Agent search 2-179
2026-10-09 14:56:48,548 INFO o.a.j.t.JMeterThread: Thread is done: Agent search 2-179
2026-10-09 14:56:48,548 INFO o.a.j.t.JMeterThread: Thread finished: Agent search 2-179
2026-10-09 14:56:53,003 INFO o.a.j.t.JMeterThread: Thread started: Agent search 2-180
2026-10-09 14:56:53,027 INFO o.a.j.t.JMeterThread: Thread is done: Agent search 2-180
2026-10-09 14:56:53,027 INFO o.a.j.t.JMeterThread: Thread finished: Agent search 2-180
2026-10-09 14:56:58,684 INFO o.a.j.t.JMeterThread: Thread started: Agent search 2-181
2026-10-09 14:56:58,723 INFO o.a.j.t.JMeterThread: Thread is done: Agent search 2-181
2026-10-09 14:56:58,723 INFO o.a.j.t.JMeterThread: Thread finished: Agent search 2-181
2026-10-09 14:57:01,208 INFO o.a.j.t.JMeterThread: Thread started: Ticket intake 1-34
2026-10-09 14:57:04,145 INFO o.a.j.t.JMeterThread: Thread started: Ticket intake 1-35
2026-10-09 14:57:09,940 INFO o.a.j.t.JMeterThread: Thread started: Ticket intake 1-36
2026-10-09 14:57:12,917 INFO o.a.j.t.JMeterThread: Thread started: Ticket intake 1-37
2026-10-09 14:57:19,736 INFO o.a.j.t.JMeterThread: Thread started: Agent search 2-182
2026-10-09 14:57:19,768 INFO o.a.j.t.JMeterThread: Thread is done: Agent search 2-182
2026-10-09 14:57:19,768 INFO o.a.j.t.JMeterThread: Thread finished: Agent search 2-182
2026-10-09 14:57:20,995 INFO o.a.j.t.JMeterThread: Thread started: Ticket intake 1-38
2026-10-09 14:57:27,712 INFO o.a.j.t.JMeterThread: Thread started: Agent search 2-183
2026-10-09 14:57:27,747 INFO o.a.j.t.JMeterThread: Thread is done: Agent search 2-183
2026-10-09 14:57:27,748 INFO o.a.j.t.JMeterThread: Thread finished: Agent search 2-183
2026-10-09 14:57:29,534 INFO o.a.j.t.JMeterThread: Thread started: Agent search 2-184
2026-10-09 14:57:29,575 INFO o.a.j.t.JMeterThread: Thread is done: Agent search 2-184
2026-10-09 14:57:29,575 INFO o.a.j.t.JMeterThread: Thread finished: Agent search 2-184
2026-10-09 14:57:34,535 INFO o.a.j.r.Summariser: summary +     12 in 00:01:00 =    0.2/s Avg: 78391 Min:    21 Max: 485754 Err:     0 (0.00%) Active: 25 Started: 222 Finished: 197
2026-10-09 14:57:34,535 INFO o.a.j.r.Summariser: summary =    198 in 00:13:29 =    0.2/s Avg: 21241 Min:    16 Max: 485754 Err:     0 (0.00%)
2026-10-09 14:57:34,536 INFO o.a.j.t.JMeterThread: Thread is done: Ticket intake 1-14
2026-10-09 14:57:34,536 INFO o.a.j.t.JMeterThread: Thread finished: Ticket intake 1-14
2026-10-09 14:57:35,286 INFO o.a.j.t.JMeterThread: Thread started: Ticket intake 1-39
2026-10-09 14:57:36,588 INFO o.a.j.t.JMeterThread: Thread started: Ticket intake 1-40
2026-10-09 14:57:38,542 INFO o.a.j.t.JMeterThread: Thread started: Agent search 2-185
2026-10-09 14:57:38,576 INFO o.a.j.t.JMeterThread: Thread is done: Agent search 2-185
2026-10-09 14:57:38,577 INFO o.a.j.t.JMeterThread: Thread finished: Agent search 2-185
2026-10-09 14:57:43,387 INFO o.a.j.t.JMeterThread: Thread started: Ticket intake 1-41
2026-10-09 14:57:44,532 INFO o.a.j.t.JMeterThread: Thread started: Ticket intake 1-42
2026-10-09 14:57:51,582 INFO o.a.j.t.JMeterThread: Thread started: Agent search 2-186
2026-10-09 14:57:51,738 INFO o.a.j.t.JMeterThread: Thread is done: Agent search 2-186
2026-10-09 14:57:51,738 INFO o.a.j.t.JMeterThread: Thread finished: Agent search 2-186
2026-10-09 14:57:52,148 INFO o.a.j.t.JMeterThread: Thread is done: Ticket intake 1-15
2026-10-09 14:57:52,148 INFO o.a.j.t.JMeterThread: Thread finished: Ticket intake 1-15
2026-10-09 14:57:58,554 INFO o.a.j.t.JMeterThread: Thread started: Agent search 2-187
2026-10-09 14:57:58,584 INFO o.a.j.t.JMeterThread: Thread is done: Agent search 2-187
2026-10-09 14:57:58,584 INFO o.a.j.t.JMeterThread: Thread finished: Agent search 2-187
2026-10-09 14:57:58,885 INFO o.a.j.t.JMeterThread: Thread started: Agent search 2-188
2026-10-09 14:57:58,916 INFO o.a.j.t.JMeterThread: Thread is done: Agent search 2-188
2026-10-09 14:57:58,916 INFO o.a.j.t.JMeterThread: Thread finished: Agent search 2-188
2026-10-09 14:58:03,126 INFO o.a.j.t.JMeterThread: Thread started: Agent search 2-189
2026-10-09 14:58:03,157 INFO o.a.j.r.Summariser: summary +      6 in 00:00:29 =    0.2/s Avg: 83730 Min:    28 Max: 502108 Err:     0 (0.00%) Active: 28 Started: 231 Finished: 203
2026-10-09 14:58:03,157 INFO o.a.j.r.Summariser: summary =    204 in 00:13:57 =    0.2/s Avg: 23079 Min:    16 Max: 502108 Err:     0 (0.00%)
2026-10-09 14:58:03,157 INFO o.a.j.t.JMeterThread: Thread is done: Agent search 2-189
2026-10-09 14:58:03,157 INFO o.a.j.t.JMeterThread: Thread finished: Agent search 2-189
2026-10-09 14:58:03,202 INFO o.a.j.t.JMeterThread: Thread started: Agent search 2-190
2026-10-09 14:58:03,235 INFO o.a.j.t.JMeterThread: Thread is done: Agent search 2-190
2026-10-09 14:58:03,235 INFO o.a.j.t.JMeterThread: Thread finished: Agent search 2-190
2026-10-09 14:58:07,456 INFO o.a.j.t.JMeterThread: Thread started: Agent search 2-191
2026-10-09 14:58:07,481 INFO o.a.j.t.JMeterThread: Thread is done: Agent search 2-191
2026-10-09 14:58:07,481 INFO o.a.j.t.JMeterThread: Thread finished: Agent search 2-191
2026-10-09 14:58:07,498 INFO o.a.j.t.JMeterThread: Thread started: Agent search 2-192
2026-10-09 14:58:07,521 INFO o.a.j.t.JMeterThread: Thread is done: Agent search 2-192
2026-10-09 14:58:07,521 INFO o.a.j.t.JMeterThread: Thread finished: Agent search 2-192
2026-10-09 14:58:14,950 INFO o.a.j.t.JMeterThread: Thread is done: Ticket intake 1-16
2026-10-09 14:58:14,950 INFO o.a.j.t.JMeterThread: Thread finished: Ticket intake 1-16
2026-10-09 14:58:18,387 INFO o.a.j.t.JMeterThread: Thread started: Agent search 2-193
2026-10-09 14:58:18,412 INFO o.a.j.t.JMeterThread: Thread is done: Agent search 2-193
2026-10-09 14:58:18,412 INFO o.a.j.t.JMeterThread: Thread finished: Agent search 2-193
2026-10-09 14:58:19,410 INFO o.a.j.t.JMeterThread: Thread started: Agent search 2-194
2026-10-09 14:58:19,428 INFO o.a.j.t.JMeterThread: Thread is done: Agent search 2-194
2026-10-09 14:58:19,428 INFO o.a.j.t.JMeterThread: Thread finished: Agent search 2-194
2026-10-09 14:58:22,326 INFO o.a.j.t.JMeterThread: Thread started: Agent search 2-195
2026-10-09 14:58:22,351 INFO o.a.j.t.JMeterThread: Thread is done: Agent search 2-195
2026-10-09 14:58:22,351 INFO o.a.j.t.JMeterThread: Thread finished: Agent search 2-195
2026-10-09 14:58:25,602 INFO o.a.j.t.JMeterThread: Thread started: Agent search 2-196
2026-10-09 14:58:25,629 INFO o.a.j.t.JMeterThread: Thread is done: Agent search 2-196
2026-10-09 14:58:25,629 INFO o.a.j.t.JMeterThread: Thread finished: Agent search 2-196
2026-10-09 14:58:28,932 INFO o.a.j.t.JMeterThread: Thread started: Agent search 2-197
2026-10-09 14:58:28,959 INFO o.a.j.t.JMeterThread: Thread is done: Agent search 2-197
2026-10-09 14:58:28,959 INFO o.a.j.t.JMeterThread: Thread finished: Agent search 2-197
2026-10-09 14:58:29,311 INFO o.a.j.t.JMeterThread: Thread started: Ticket intake 1-43
2026-10-09 14:58:30,206 INFO o.a.j.t.JMeterThread: Thread started: Agent search 2-198
2026-10-09 14:58:30,233 INFO o.a.j.r.Summariser: summary +     10 in 00:00:27 =    0.4/s Avg: 49692 Min:    16 Max: 496707 Err:     0 (0.00%) Active: 28 Started: 241 Finished: 213
2026-10-09 14:58:30,234 INFO o.a.j.r.Summariser: summary =    214 in 00:14:24 =    0.2/s Avg: 24322 Min:    16 Max: 502108 Err:     0 (0.00%)
2026-10-09 14:58:30,234 INFO o.a.j.t.JMeterThread: Thread is done: Agent search 2-198
2026-10-09 14:58:30,234 INFO o.a.j.t.JMeterThread: Thread finished: Agent search 2-198
2026-10-09 14:58:31,105 INFO o.a.j.t.JMeterThread: Thread started: Agent search 2-199
2026-10-09 14:58:31,131 INFO o.a.j.t.JMeterThread: Thread is done: Agent search 2-199
2026-10-09 14:58:31,131 INFO o.a.j.t.JMeterThread: Thread finished: Agent search 2-199
2026-10-09 14:58:34,142 INFO o.a.j.t.JMeterThread: Thread started: Agent search 2-200
2026-10-09 14:58:34,172 INFO o.a.j.t.JMeterThread: Thread is done: Agent search 2-200
2026-10-09 14:58:34,172 INFO o.a.j.t.JMeterThread: Thread finished: Agent search 2-200
2026-10-09 14:58:38,917 INFO o.a.j.t.JMeterThread: Thread started: Agent search 2-201
2026-10-09 14:58:38,944 INFO o.a.j.t.JMeterThread: Thread is done: Agent search 2-201
2026-10-09 14:58:38,944 INFO o.a.j.t.JMeterThread: Thread finished: Agent search 2-201
2026-10-09 14:58:39,833 INFO o.a.j.t.JMeterThread: Thread started: Agent search 2-202
2026-10-09 14:58:39,865 INFO o.a.j.t.JMeterThread: Thread is done: Agent search 2-202
2026-10-09 14:58:39,865 INFO o.a.j.t.JMeterThread: Thread finished: Agent search 2-202
2026-10-09 14:58:44,087 INFO o.a.j.t.JMeterThread: Thread started: Agent search 2-203
2026-10-09 14:58:44,125 INFO o.a.j.t.JMeterThread: Thread is done: Agent search 2-203
2026-10-09 14:58:44,125 INFO o.a.j.t.JMeterThread: Thread finished: Agent search 2-203
2026-10-09 14:58:53,205 INFO o.a.j.t.JMeterThread: Thread started: Agent search 2-204
2026-10-09 14:58:53,231 INFO o.a.j.t.JMeterThread: Thread is done: Agent search 2-204
2026-10-09 14:58:53,231 INFO o.a.j.t.JMeterThread: Thread finished: Agent search 2-204
2026-10-09 14:58:54,505 INFO o.a.j.t.JMeterThread: Thread started: Agent search 2-205
2026-10-09 14:58:54,529 INFO o.a.j.t.JMeterThread: Thread is done: Agent search 2-205
2026-10-09 14:58:54,529 INFO o.a.j.t.JMeterThread: Thread finished: Agent search 2-205
2026-10-09 14:58:56,900 INFO o.a.j.t.JMeterThread: Thread started: Agent search 2-206
2026-10-09 14:58:56,927 INFO o.a.j.t.JMeterThread: Thread is done: Agent search 2-206
2026-10-09 14:58:56,927 INFO o.a.j.t.JMeterThread: Thread finished: Agent search 2-206
2026-10-09 14:58:59,569 INFO o.a.j.t.JMeterThread: Thread started: Ticket intake 1-44
2026-10-09 14:59:02,905 INFO o.a.j.t.JMeterThread: Thread started: Agent search 2-207
2026-10-09 14:59:02,930 INFO o.a.j.r.Summariser: summary +      9 in 00:00:33 =    0.3/s Avg:    26 Min:    22 Max:    36 Err:     0 (0.00%) Active: 29 Started: 251 Finished: 222
2026-10-09 14:59:02,931 INFO o.a.j.r.Summariser: summary =    223 in 00:14:57 =    0.2/s Avg: 23342 Min:    16 Max: 502108 Err:     0 (0.00%)
2026-10-09 14:59:02,931 INFO o.a.j.t.JMeterThread: Thread is done: Agent search 2-207
2026-10-09 14:59:02,931 INFO o.a.j.t.JMeterThread: Thread finished: Agent search 2-207
2026-10-09 14:59:03,636 INFO o.a.j.t.JMeterThread: Thread started: Agent search 2-208
2026-10-09 14:59:03,665 INFO o.a.j.t.JMeterThread: Thread is done: Agent search 2-208
2026-10-09 14:59:03,666 INFO o.a.j.t.JMeterThread: Thread finished: Agent search 2-208
2026-10-09 14:59:04,234 INFO o.a.j.t.JMeterThread: Thread started: Agent search 2-209
2026-10-09 14:59:04,256 INFO o.a.j.t.JMeterThread: Thread is done: Agent search 2-209
2026-10-09 14:59:04,257 INFO o.a.j.t.JMeterThread: Thread finished: Agent search 2-209
2026-10-09 14:59:04,610 INFO o.a.j.t.JMeterThread: Thread started: Ticket intake 1-45
2026-10-09 14:59:14,959 INFO o.a.j.t.JMeterThread: Thread started: Agent search 2-210
2026-10-09 14:59:14,986 INFO o.a.j.t.JMeterThread: Thread is done: Agent search 2-210
2026-10-09 14:59:14,987 INFO o.a.j.t.JMeterThread: Thread finished: Agent search 2-210
2026-10-09 14:59:20,827 INFO o.a.j.t.JMeterThread: Thread is done: Ticket intake 1-17
2026-10-09 14:59:20,827 INFO o.a.j.t.JMeterThread: Thread finished: Ticket intake 1-17
2026-10-09 14:59:21,036 INFO o.a.j.t.JMeterThread: Thread started: Agent search 2-211
2026-10-09 14:59:21,082 INFO o.a.j.t.JMeterThread: Thread is done: Agent search 2-211
2026-10-09 14:59:21,082 INFO o.a.j.t.JMeterThread: Thread finished: Agent search 2-211
2026-10-09 14:59:28,415 INFO o.a.j.t.JMeterThread: Thread started: Agent search 2-212
2026-10-09 14:59:28,437 INFO o.a.j.t.JMeterThread: Thread is done: Agent search 2-212
2026-10-09 14:59:28,437 INFO o.a.j.t.JMeterThread: Thread finished: Agent search 2-212
2026-10-09 14:59:33,619 INFO o.a.j.t.JMeterThread: Thread started: Agent search 2-213
2026-10-09 14:59:33,658 INFO o.a.j.r.Summariser: summary +      7 in 00:00:31 =    0.2/s Avg: 74850 Min:    19 Max: 523780 Err:     0 (0.00%) Active: 29 Started: 258 Finished: 229
2026-10-09 14:59:33,659 INFO o.a.j.r.Summariser: summary =    230 in 00:15:28 =    0.2/s Avg: 24910 Min:    16 Max: 523780 Err:     0 (0.00%)
2026-10-09 14:59:33,659 INFO o.a.j.t.JMeterThread: Thread is done: Agent search 2-213
2026-10-09 14:59:33,659 INFO o.a.j.t.JMeterThread: Thread finished: Agent search 2-213
2026-10-09 14:59:33,690 INFO o.a.j.t.JMeterThread: Thread started: Agent search 2-214
2026-10-09 14:59:33,711 INFO o.a.j.t.JMeterThread: Thread is done: Agent search 2-214
2026-10-09 14:59:33,711 INFO o.a.j.t.JMeterThread: Thread finished: Agent search 2-214
2026-10-09 14:59:39,180 INFO o.a.j.t.JMeterThread: Thread started: Ticket intake 1-46
2026-10-09 14:59:44,490 INFO o.a.j.t.JMeterThread: Thread started: Agent search 2-215
2026-10-09 14:59:44,516 INFO o.a.j.t.JMeterThread: Thread is done: Agent search 2-215
2026-10-09 14:59:44,516 INFO o.a.j.t.JMeterThread: Thread finished: Agent search 2-215
2026-10-09 14:59:59,512 INFO o.a.j.t.JMeterThread: Thread started: Agent search 2-216
2026-10-09 14:59:59,536 INFO o.a.j.t.JMeterThread: Thread is done: Agent search 2-216
2026-10-09 14:59:59,536 INFO o.a.j.t.JMeterThread: Thread finished: Agent search 2-216
2026-10-09 15:00:05,655 INFO o.a.j.t.JMeterThread: Thread started: Agent search 2-217
2026-10-09 15:00:05,683 INFO o.a.j.r.Summariser: summary +      4 in 00:00:32 =    0.1/s Avg:    23 Min:    20 Max:    27 Err:     0 (0.00%) Active: 30 Started: 263 Finished: 233
2026-10-09 15:00:05,683 INFO o.a.j.r.Summariser: summary =    234 in 00:16:00 =    0.2/s Avg: 24484 Min:    16 Max: 523780 Err:     0 (0.00%)
2026-10-09 15:00:05,683 INFO o.a.j.t.JMeterThread: Thread is done: Agent search 2-217
2026-10-09 15:00:05,683 INFO o.a.j.t.JMeterThread: Thread finished: Agent search 2-217
2026-10-09 15:00:08,981 INFO o.a.j.t.JMeterThread: Thread started: Agent search 2-218
2026-10-09 15:00:09,014 INFO o.a.j.t.JMeterThread: Thread is done: Agent search 2-218
2026-10-09 15:00:09,014 INFO o.a.j.t.JMeterThread: Thread finished: Agent search 2-218
2026-10-09 15:00:11,824 INFO o.a.j.t.JMeterThread: Thread is done: Ticket intake 1-18
2026-10-09 15:00:11,824 INFO o.a.j.t.JMeterThread: Thread finished: Ticket intake 1-18
2026-10-09 15:00:12,937 INFO o.a.j.t.JMeterThread: Thread started: Agent search 2-219
2026-10-09 15:00:12,974 INFO o.a.j.t.JMeterThread: Thread is done: Agent search 2-219
2026-10-09 15:00:12,974 INFO o.a.j.t.JMeterThread: Thread finished: Agent search 2-219
2026-10-09 15:00:14,828 INFO o.a.j.t.JMeterThread: Thread started: Agent search 2-220
2026-10-09 15:00:14,859 INFO o.a.j.t.JMeterThread: Thread is done: Agent search 2-220
2026-10-09 15:00:14,859 INFO o.a.j.t.JMeterThread: Thread finished: Agent search 2-220
2026-10-09 15:00:17,587 INFO o.a.j.t.JMeterThread: Thread started: Agent search 2-221
2026-10-09 15:00:17,615 INFO o.a.j.t.JMeterThread: Thread is done: Agent search 2-221
2026-10-09 15:00:17,615 INFO o.a.j.t.JMeterThread: Thread finished: Agent search 2-221
2026-10-09 15:00:19,122 INFO o.a.j.t.JMeterThread: Thread started: Agent search 2-222
2026-10-09 15:00:19,148 INFO o.a.j.t.JMeterThread: Thread is done: Agent search 2-222
2026-10-09 15:00:19,148 INFO o.a.j.t.JMeterThread: Thread finished: Agent search 2-222
2026-10-09 15:00:26,055 INFO o.a.j.t.JMeterThread: Thread started: Agent search 2-223
2026-10-09 15:00:26,076 INFO o.a.j.t.JMeterThread: Thread is done: Agent search 2-223
2026-10-09 15:00:26,076 INFO o.a.j.t.JMeterThread: Thread finished: Agent search 2-223
2026-10-09 15:00:27,134 INFO o.a.j.t.JMeterThread: Thread started: Agent search 2-224
2026-10-09 15:00:27,282 INFO o.a.j.t.JMeterThread: Thread is done: Agent search 2-224
2026-10-09 15:00:27,282 INFO o.a.j.t.JMeterThread: Thread finished: Agent search 2-224
2026-10-09 15:00:27,789 INFO o.a.j.t.JMeterThread: Thread started: Agent search 2-225
2026-10-09 15:00:27,809 INFO o.a.j.t.JMeterThread: Thread is done: Agent search 2-225
2026-10-09 15:00:27,810 INFO o.a.j.t.JMeterThread: Thread finished: Agent search 2-225
2026-10-09 15:00:28,682 INFO o.a.j.t.JMeterThread: Thread started: Agent search 2-226
2026-10-09 15:00:28,708 INFO o.a.j.t.JMeterThread: Thread is done: Agent search 2-226
2026-10-09 15:00:28,708 INFO o.a.j.t.JMeterThread: Thread finished: Agent search 2-226
2026-10-09 15:00:30,376 INFO o.a.j.t.JMeterThread: Thread started: Agent search 2-227
2026-10-09 15:00:30,444 INFO o.a.j.r.Summariser: summary +     11 in 00:00:25 =    0.4/s Avg: 50774 Min:    19 Max: 558092 Err:     0 (0.00%) Active: 29 Started: 273 Finished: 244
2026-10-09 15:00:30,445 INFO o.a.j.r.Summariser: summary =    245 in 00:16:24 =    0.2/s Avg: 25664 Min:    16 Max: 558092 Err:     0 (0.00%)
2026-10-09 15:00:30,445 INFO o.a.j.t.JMeterThread: Thread is done: Agent search 2-227
2026-10-09 15:00:30,445 INFO o.a.j.t.JMeterThread: Thread finished: Agent search 2-227
2026-10-09 15:00:34,454 INFO o.a.j.t.JMeterThread: Thread is done: Ticket intake 1-19
2026-10-09 15:00:34,454 INFO o.a.j.t.JMeterThread: Thread finished: Ticket intake 1-19
2026-10-09 15:00:37,606 INFO o.a.j.t.JMeterThread: Thread started: Agent search 2-228
2026-10-09 15:00:37,632 INFO o.a.j.t.JMeterThread: Thread is done: Agent search 2-228
2026-10-09 15:00:37,632 INFO o.a.j.t.JMeterThread: Thread finished: Agent search 2-228
2026-10-09 15:00:52,959 INFO o.a.j.t.JMeterThread: Thread started: Ticket intake 1-47
2026-10-09 15:00:55,056 INFO o.a.j.t.JMeterThread: Thread started: Agent search 2-229
2026-10-09 15:00:55,086 INFO o.a.j.t.JMeterThread: Thread is done: Agent search 2-229
2026-10-09 15:00:55,086 INFO o.a.j.t.JMeterThread: Thread finished: Agent search 2-229
2026-10-09 15:00:56,050 INFO o.a.j.t.JMeterThread: Thread started: Agent search 2-230
2026-10-09 15:00:56,088 INFO o.a.j.t.JMeterThread: Thread is done: Agent search 2-230
2026-10-09 15:00:56,088 INFO o.a.j.t.JMeterThread: Thread finished: Agent search 2-230
2026-10-09 15:00:59,928 INFO o.a.j.t.JMeterThread: Thread started: Ticket intake 1-48
2026-10-09 15:01:05,892 INFO o.a.j.r.Summariser: summary +      5 in 00:00:35 =    0.1/s Avg: 236101 Min:    24 Max: 600152 Err:     1 (20.00%) Active: 29 Started: 278 Finished: 249
2026-10-09 15:01:05,892 INFO o.a.j.r.Summariser: summary =    250 in 00:17:00 =    0.2/s Avg: 29873 Min:    16 Max: 600152 Err:     1 (0.40%)
2026-10-09 15:01:05,892 INFO o.a.j.t.JMeterThread: Thread is done: Ticket intake 1-20
2026-10-09 15:01:05,892 INFO o.a.j.t.JMeterThread: Thread finished: Ticket intake 1-20
2026-10-09 15:01:09,932 INFO o.a.j.t.JMeterThread: Thread started: Ticket intake 1-49
2026-10-09 15:01:19,695 INFO o.a.j.t.JMeterThread: Thread started: Ticket intake 1-50
2026-10-09 15:01:22,925 INFO o.a.j.t.JMeterThread: Thread started: Ticket intake 1-51
2026-10-09 15:01:27,175 INFO o.a.j.t.JMeterThread: Thread is done: Ticket intake 1-21
2026-10-09 15:01:27,175 INFO o.a.j.t.JMeterThread: Thread finished: Ticket intake 1-21
2026-10-09 15:01:28,806 INFO o.a.j.t.JMeterThread: Thread started: Agent search 2-231
2026-10-09 15:01:28,851 INFO o.a.j.t.JMeterThread: Thread is done: Agent search 2-231
2026-10-09 15:01:28,851 INFO o.a.j.t.JMeterThread: Thread finished: Agent search 2-231
2026-10-09 15:01:31,097 INFO o.a.j.t.JMeterThread: Thread started: Agent search 2-232
2026-10-09 15:01:31,122 INFO o.a.j.r.Summariser: summary +      3 in 00:00:25 =    0.1/s Avg: 200058 Min:    24 Max: 600107 Err:     1 (33.33%) Active: 31 Started: 283 Finished: 252
2026-10-09 15:01:31,122 INFO o.a.j.r.Summariser: summary =    253 in 00:17:25 =    0.2/s Avg: 31891 Min:    16 Max: 600152 Err:     2 (0.79%)
2026-10-09 15:01:31,122 INFO o.a.j.t.JMeterThread: Thread is done: Agent search 2-232
2026-10-09 15:01:31,122 INFO o.a.j.t.JMeterThread: Thread finished: Agent search 2-232
2026-10-09 15:01:33,032 INFO o.a.j.t.JMeterThread: Thread started: Agent search 2-233
2026-10-09 15:01:33,077 INFO o.a.j.t.JMeterThread: Thread is done: Agent search 2-233
2026-10-09 15:01:33,077 INFO o.a.j.t.JMeterThread: Thread finished: Agent search 2-233
2026-10-09 15:01:38,446 INFO o.a.j.t.JMeterThread: Thread started: Agent search 2-234
2026-10-09 15:01:38,483 INFO o.a.j.t.JMeterThread: Thread is done: Agent search 2-234
2026-10-09 15:01:38,483 INFO o.a.j.t.JMeterThread: Thread finished: Agent search 2-234
2026-10-09 15:01:39,275 INFO o.a.j.t.JMeterThread: Thread started: Agent search 2-235
2026-10-09 15:01:39,297 INFO o.a.j.t.JMeterThread: Thread is done: Agent search 2-235
2026-10-09 15:01:39,297 INFO o.a.j.t.JMeterThread: Thread finished: Agent search 2-235
2026-10-09 15:01:46,524 INFO o.a.j.t.JMeterThread: Thread started: Agent search 2-236
2026-10-09 15:01:46,557 INFO o.a.j.t.JMeterThread: Thread is done: Agent search 2-236
2026-10-09 15:01:46,557 INFO o.a.j.t.JMeterThread: Thread finished: Agent search 2-236
2026-10-09 15:01:46,574 INFO o.a.j.t.JMeterThread: Thread started: Ticket intake 1-52
2026-10-09 15:01:46,964 INFO o.a.j.t.JMeterThread: Thread started: Agent search 2-237
2026-10-09 15:01:46,990 INFO o.a.j.t.JMeterThread: Thread is done: Agent search 2-237
2026-10-09 15:01:46,990 INFO o.a.j.t.JMeterThread: Thread finished: Agent search 2-237
2026-10-09 15:01:49,616 INFO o.a.j.t.JMeterThread: Thread is done: Ticket intake 1-22
2026-10-09 15:01:49,616 INFO o.a.j.t.JMeterThread: Thread finished: Ticket intake 1-22
2026-10-09 15:01:51,325 INFO o.a.j.t.JMeterThread: Thread started: Agent search 2-238
2026-10-09 15:01:51,356 INFO o.a.j.t.JMeterThread: Thread is done: Agent search 2-238
2026-10-09 15:01:51,356 INFO o.a.j.t.JMeterThread: Thread finished: Agent search 2-238
2026-10-09 15:01:54,892 INFO o.a.j.t.JMeterThread: Thread started: Agent search 2-239
2026-10-09 15:01:54,930 INFO o.a.j.t.JMeterThread: Thread is done: Agent search 2-239
2026-10-09 15:01:54,930 INFO o.a.j.t.JMeterThread: Thread finished: Agent search 2-239
2026-10-09 15:01:58,299 INFO o.a.j.t.JMeterThread: Thread started: Agent search 2-240
2026-10-09 15:01:58,323 INFO o.a.j.t.JMeterThread: Thread is done: Agent search 2-240
2026-10-09 15:01:58,323 INFO o.a.j.t.JMeterThread: Thread finished: Agent search 2-240
2026-10-09 15:02:10,326 INFO o.a.j.t.JMeterThread: Thread started: Ticket intake 1-53
2026-10-09 15:02:10,695 INFO o.a.j.t.JMeterThread: Thread started: Agent search 2-241
2026-10-09 15:02:10,722 INFO o.a.j.t.JMeterThread: Thread is done: Agent search 2-241
2026-10-09 15:02:10,722 INFO o.a.j.t.JMeterThread: Thread finished: Agent search 2-241
2026-10-09 15:02:16,809 INFO o.a.j.t.JMeterThread: Thread started: Ticket intake 1-54
2026-10-09 15:02:24,506 INFO o.a.j.t.JMeterThread: Thread started: Ticket intake 1-55
2026-10-09 15:02:29,781 INFO o.a.j.t.JMeterThread: Thread is done: Ticket intake 1-23
2026-10-09 15:02:29,781 INFO o.a.j.t.JMeterThread: Thread finished: Ticket intake 1-23
2026-10-09 15:02:34,031 INFO o.a.j.r.Summariser: summary +     12 in 00:01:03 =    0.2/s Avg: 150051 Min:    22 Max: 600121 Err:     3 (25.00%) Active: 32 Started: 296 Finished: 264
2026-10-09 15:02:34,031 INFO o.a.j.r.Summariser: summary =    265 in 00:18:28 =    0.2/s Avg: 37242 Min:    16 Max: 600152 Err:     5 (1.89%)
2026-10-09 15:02:34,031 INFO o.a.j.t.JMeterThread: Thread is done: Ticket intake 1-24
2026-10-09 15:02:34,032 INFO o.a.j.t.JMeterThread: Thread finished: Ticket intake 1-24
2026-10-09 15:02:39,004 INFO o.a.j.t.JMeterThread: Thread started: Agent search 2-242
2026-10-09 15:02:39,028 INFO o.a.j.t.JMeterThread: Thread is done: Agent search 2-242
2026-10-09 15:02:39,028 INFO o.a.j.t.JMeterThread: Thread finished: Agent search 2-242
2026-10-09 15:02:41,610 INFO o.a.j.t.JMeterThread: Thread started: Agent search 2-243
2026-10-09 15:02:41,651 INFO o.a.j.t.JMeterThread: Thread is done: Agent search 2-243
2026-10-09 15:02:41,651 INFO o.a.j.t.JMeterThread: Thread finished: Agent search 2-243
2026-10-09 15:02:43,597 INFO o.a.j.t.JMeterThread: Thread started: Agent search 2-244
2026-10-09 15:02:43,635 INFO o.a.j.t.JMeterThread: Thread is done: Agent search 2-244
2026-10-09 15:02:43,635 INFO o.a.j.t.JMeterThread: Thread finished: Agent search 2-244
2026-10-09 15:02:46,364 INFO o.a.j.t.JMeterThread: Thread started: Agent search 2-245
2026-10-09 15:02:46,402 INFO o.a.j.t.JMeterThread: Thread is done: Agent search 2-245
2026-10-09 15:02:46,402 INFO o.a.j.t.JMeterThread: Thread finished: Agent search 2-245
2026-10-09 15:02:49,520 INFO o.a.j.t.JMeterThread: Thread started: Ticket intake 1-56
2026-10-09 15:02:55,989 INFO o.a.j.t.JMeterThread: Thread started: Agent search 2-246
2026-10-09 15:02:56,020 INFO o.a.j.t.JMeterThread: Thread is done: Agent search 2-246
2026-10-09 15:02:56,020 INFO o.a.j.t.JMeterThread: Thread finished: Agent search 2-246
2026-10-09 15:03:03,615 INFO o.a.j.t.JMeterThread: Thread started: Ticket intake 1-57
2026-10-09 15:03:07,237 INFO o.a.j.t.JMeterThread: Thread is done: Ticket intake 1-25
2026-10-09 15:03:07,237 INFO o.a.j.t.JMeterThread: Thread finished: Ticket intake 1-25
2026-10-09 15:03:19,702 INFO o.a.j.t.JMeterThread: Thread started: Agent search 2-247
2026-10-09 15:03:19,731 INFO o.a.j.t.JMeterThread: Thread is done: Agent search 2-247
2026-10-09 15:03:19,731 INFO o.a.j.t.JMeterThread: Thread finished: Agent search 2-247
2026-10-09 15:03:22,527 INFO o.a.j.t.JMeterThread: Thread is done: Ticket intake 1-26
2026-10-09 15:03:22,527 INFO o.a.j.t.JMeterThread: Thread finished: Ticket intake 1-26
2026-10-09 15:03:25,343 INFO o.a.j.t.JMeterThread: Thread started: Agent search 2-248
2026-10-09 15:03:25,389 INFO o.a.j.t.JMeterThread: Thread is done: Agent search 2-248
2026-10-09 15:03:25,389 INFO o.a.j.t.JMeterThread: Thread finished: Agent search 2-248
2026-10-09 15:03:27,262 INFO o.a.j.t.JMeterThread: Thread started: Agent search 2-249
2026-10-09 15:03:27,290 INFO o.a.j.t.JMeterThread: Thread is done: Agent search 2-249
2026-10-09 15:03:27,290 INFO o.a.j.t.JMeterThread: Thread finished: Agent search 2-249
2026-10-09 15:03:31,045 INFO o.a.j.t.JMeterThread: Thread started: Agent search 2-250
2026-10-09 15:03:31,067 INFO o.a.j.r.Summariser: summary +     11 in 00:00:57 =    0.2/s Avg: 107411 Min:    20 Max: 592111 Err:     0 (0.00%) Active: 32 Started: 307 Finished: 275
2026-10-09 15:03:31,067 INFO o.a.j.r.Summariser: summary =    276 in 00:19:25 =    0.2/s Avg: 40038 Min:    16 Max: 600152 Err:     5 (1.81%)
2026-10-09 15:03:31,067 INFO o.a.j.t.JMeterThread: Thread is done: Agent search 2-250
2026-10-09 15:03:31,067 INFO o.a.j.t.JMeterThread: Thread finished: Agent search 2-250
2026-10-09 15:03:33,861 INFO o.a.j.t.JMeterThread: Thread is done: Ticket intake 1-27
2026-10-09 15:03:33,861 INFO o.a.j.t.JMeterThread: Thread finished: Ticket intake 1-27
2026-10-09 15:03:39,431 INFO o.a.j.t.JMeterThread: Thread started: Agent search 2-251
2026-10-09 15:03:39,474 INFO o.a.j.t.JMeterThread: Thread is done: Agent search 2-251
2026-10-09 15:03:39,474 INFO o.a.j.t.JMeterThread: Thread finished: Agent search 2-251
2026-10-09 15:03:40,824 INFO o.a.j.t.JMeterThread: Thread is done: Ticket intake 1-28
2026-10-09 15:03:40,824 INFO o.a.j.t.JMeterThread: Thread finished: Ticket intake 1-28
2026-10-09 15:03:47,343 INFO o.a.j.t.JMeterThread: Thread started: Agent search 2-252
2026-10-09 15:03:47,367 INFO o.a.j.t.JMeterThread: Thread is done: Agent search 2-252
2026-10-09 15:03:47,367 INFO o.a.j.t.JMeterThread: Thread finished: Agent search 2-252
2026-10-09 15:03:54,770 INFO o.a.j.t.JMeterThread: Thread started: Ticket intake 1-58
2026-10-09 15:03:55,580 INFO o.a.j.t.JMeterThread: Thread started: Ticket intake 1-59
2026-10-09 15:04:04,209 INFO o.a.j.t.JMeterThread: Thread started: Ticket intake 1-60
2026-10-09 15:04:04,636 INFO o.a.j.t.JMeterThread: Thread started: Agent search 2-253
2026-10-09 15:04:04,663 INFO o.a.j.r.Summariser: summary +      5 in 00:00:34 =    0.1/s Avg: 240085 Min:    24 Max: 600178 Err:     2 (40.00%) Active: 33 Started: 313 Finished: 280
2026-10-09 15:04:04,664 INFO o.a.j.r.Summariser: summary =    281 in 00:19:59 =    0.2/s Avg: 43598 Min:    16 Max: 600178 Err:     7 (2.49%)
2026-10-09 15:04:04,665 INFO o.a.j.t.JMeterThread: Thread is done: Agent search 2-253
2026-10-09 15:04:04,665 INFO o.a.j.t.JMeterThread: Thread finished: Agent search 2-253
2026-10-09 15:04:09,042 INFO o.a.j.t.JMeterThread: Thread started: Agent search 2-254
2026-10-09 15:04:09,072 INFO o.a.j.t.JMeterThread: Thread is done: Agent search 2-254
2026-10-09 15:04:09,072 INFO o.a.j.t.JMeterThread: Thread finished: Agent search 2-254
2026-10-09 15:04:10,024 INFO o.a.j.t.JMeterThread: Thread started: Agent search 2-255
2026-10-09 15:04:10,056 INFO o.a.j.t.JMeterThread: Thread is done: Agent search 2-255
2026-10-09 15:04:10,056 INFO o.a.j.t.JMeterThread: Thread finished: Agent search 2-255
2026-10-09 15:04:10,372 INFO o.a.j.t.JMeterThread: Thread started: Agent search 2-256
2026-10-09 15:04:10,401 INFO o.a.j.t.JMeterThread: Thread is done: Agent search 2-256
2026-10-09 15:04:10,401 INFO o.a.j.t.JMeterThread: Thread finished: Agent search 2-256
2026-10-09 15:04:14,846 INFO o.a.j.t.JMeterThread: Thread started: Agent search 2-257
2026-10-09 15:04:14,876 INFO o.a.j.t.JMeterThread: Thread is done: Agent search 2-257
2026-10-09 15:04:14,876 INFO o.a.j.t.JMeterThread: Thread finished: Agent search 2-257
2026-10-09 15:04:20,555 INFO o.a.j.t.JMeterThread: Thread is done: Ticket intake 1-29
2026-10-09 15:04:20,555 INFO o.a.j.t.JMeterThread: Thread finished: Ticket intake 1-29
2026-10-09 15:04:22,297 INFO o.a.j.t.JMeterThread: Thread is done: Ticket intake 1-30
2026-10-09 15:04:22,297 INFO o.a.j.t.JMeterThread: Thread finished: Ticket intake 1-30
2026-10-09 15:04:24,736 INFO o.a.j.t.JMeterThread: Thread started: Ticket intake 1-61
2026-10-09 15:04:26,906 INFO o.a.j.t.JMeterThread: Thread is done: Ticket intake 1-31
2026-10-09 15:04:26,906 INFO o.a.j.t.JMeterThread: Thread finished: Ticket intake 1-31
2026-10-09 15:04:31,435 INFO o.a.j.t.JMeterThread: Thread started: Ticket intake 1-62
2026-10-09 15:04:35,366 INFO o.a.j.t.JMeterThread: Thread started: Ticket intake 1-63
2026-10-09 15:04:36,887 INFO o.a.j.t.JMeterThread: Thread started: Agent search 2-258
2026-10-09 15:04:36,919 INFO o.a.j.t.JMeterThread: Thread is done: Agent search 2-258
2026-10-09 15:04:36,919 INFO o.a.j.t.JMeterThread: Thread finished: Agent search 2-258
2026-10-09 15:04:41,321 INFO o.a.j.t.JMeterThread: Thread started: Agent search 2-259
2026-10-09 15:04:41,350 INFO o.a.j.t.JMeterThread: Thread is done: Agent search 2-259
2026-10-09 15:04:41,350 INFO o.a.j.t.JMeterThread: Thread finished: Agent search 2-259
2026-10-09 15:04:45,439 INFO o.a.j.t.JMeterThread: Thread is done: Ticket intake 1-32
2026-10-09 15:04:45,440 INFO o.a.j.t.JMeterThread: Thread finished: Ticket intake 1-32
2026-10-09 15:04:45,911 INFO o.a.j.t.JMeterThread: Thread started: Ticket intake 1-64
2026-10-09 15:04:47,353 INFO o.a.j.t.JMeterThread: Thread started: Agent search 2-260
2026-10-09 15:04:47,381 INFO o.a.j.t.JMeterThread: Thread is done: Agent search 2-260
2026-10-09 15:04:47,381 INFO o.a.j.t.JMeterThread: Thread finished: Agent search 2-260
2026-10-09 15:04:47,728 INFO o.a.j.t.JMeterThread: Thread started: Agent search 2-261
2026-10-09 15:04:47,762 INFO o.a.j.t.JMeterThread: Thread is done: Agent search 2-261
2026-10-09 15:04:47,762 INFO o.a.j.t.JMeterThread: Thread finished: Agent search 2-261
2026-10-09 15:04:55,159 INFO o.a.j.t.JMeterThread: Thread started: Agent search 2-262
2026-10-09 15:04:55,197 INFO o.a.j.t.JMeterThread: Thread is done: Agent search 2-262
2026-10-09 15:04:55,197 INFO o.a.j.t.JMeterThread: Thread finished: Agent search 2-262
2026-10-09 15:04:55,941 INFO o.a.j.t.JMeterThread: Thread started: Agent search 2-263
2026-10-09 15:04:55,970 INFO o.a.j.t.JMeterThread: Thread is done: Agent search 2-263
2026-10-09 15:04:55,970 INFO o.a.j.t.JMeterThread: Thread finished: Agent search 2-263
2026-10-09 15:04:59,969 INFO o.a.j.t.JMeterThread: Thread started: Agent search 2-264
2026-10-09 15:04:59,994 INFO o.a.j.t.JMeterThread: Thread is done: Agent search 2-264
2026-10-09 15:04:59,994 INFO o.a.j.t.JMeterThread: Thread finished: Agent search 2-264
2026-10-09 15:05:02,643 INFO o.a.j.t.JMeterThread: Thread started: Agent search 2-265
2026-10-09 15:05:02,667 INFO o.a.j.r.Summariser: summary +     16 in 00:00:58 =    0.3/s Avg: 149172 Min:    24 Max: 600164 Err:     3 (18.75%) Active: 33 Started: 329 Finished: 296
2026-10-09 15:05:02,667 INFO o.a.j.r.Summariser: summary =    297 in 00:20:57 =    0.2/s Avg: 49285 Min:    16 Max: 600178 Err:    10 (3.37%)
2026-10-09 15:05:02,667 INFO o.a.j.t.JMeterThread: Thread is done: Agent search 2-265
2026-10-09 15:05:02,667 INFO o.a.j.t.JMeterThread: Thread finished: Agent search 2-265
2026-10-09 15:05:03,642 INFO o.a.j.t.JMeterThread: Thread started: Agent search 2-266
2026-10-09 15:05:03,669 INFO o.a.j.t.JMeterThread: Thread is done: Agent search 2-266
2026-10-09 15:05:03,669 INFO o.a.j.t.JMeterThread: Thread finished: Agent search 2-266
2026-10-09 15:05:05,509 INFO o.a.j.t.JMeterThread: Thread started: Ticket intake 1-65
2026-10-09 15:05:11,852 INFO o.a.j.t.JMeterThread: Thread started: Agent search 2-267
2026-10-09 15:05:11,888 INFO o.a.j.t.JMeterThread: Thread is done: Agent search 2-267
2026-10-09 15:05:11,888 INFO o.a.j.t.JMeterThread: Thread finished: Agent search 2-267
2026-10-09 15:05:17,774 INFO o.a.j.t.JMeterThread: Thread started: Agent search 2-268
2026-10-09 15:05:17,796 INFO o.a.j.t.JMeterThread: Thread is done: Agent search 2-268
2026-10-09 15:05:17,796 INFO o.a.j.t.JMeterThread: Thread finished: Agent search 2-268
2026-10-09 15:05:19,744 INFO o.a.j.t.JMeterThread: Thread is done: Ticket intake 1-33
2026-10-09 15:05:19,744 INFO o.a.j.t.JMeterThread: Thread finished: Ticket intake 1-33
2026-10-09 15:05:20,472 INFO o.a.j.t.JMeterThread: Thread started: Agent search 2-269
2026-10-09 15:05:20,497 INFO o.a.j.t.JMeterThread: Thread is done: Agent search 2-269
2026-10-09 15:05:20,497 INFO o.a.j.t.JMeterThread: Thread finished: Agent search 2-269
2026-10-09 15:05:27,719 INFO o.a.j.t.JMeterThread: Thread started: Agent search 2-270
2026-10-09 15:05:27,753 INFO o.a.j.t.JMeterThread: Thread is done: Agent search 2-270
2026-10-09 15:05:27,753 INFO o.a.j.t.JMeterThread: Thread finished: Agent search 2-270
2026-10-09 15:05:31,366 INFO o.a.j.t.JMeterThread: Thread started: Agent search 2-271
2026-10-09 15:05:31,411 INFO o.a.j.r.Summariser: summary +      7 in 00:00:29 =    0.2/s Avg: 76383 Min:    21 Max: 534503 Err:     0 (0.00%) Active: 33 Started: 336 Finished: 303
2026-10-09 15:05:31,411 INFO o.a.j.r.Summariser: summary =    304 in 00:21:25 =    0.2/s Avg: 49909 Min:    16 Max: 600178 Err:    10 (3.29%)
2026-10-09 15:05:31,412 INFO o.a.j.t.JMeterThread: Thread is done: Agent search 2-271
2026-10-09 15:05:31,412 INFO o.a.j.t.JMeterThread: Thread finished: Agent search 2-271
2026-10-09 15:05:31,598 INFO o.a.j.t.JMeterThread: Thread started: Ticket intake 1-66
2026-10-09 15:05:31,971 INFO o.a.j.t.JMeterThread: Thread started: Agent search 2-272
2026-10-09 15:05:31,997 INFO o.a.j.t.JMeterThread: Thread is done: Agent search 2-272
2026-10-09 15:05:31,998 INFO o.a.j.t.JMeterThread: Thread finished: Agent search 2-272
2026-10-09 15:05:41,377 INFO o.a.j.t.JMeterThread: Thread started: Agent search 2-273
2026-10-09 15:05:41,453 INFO o.a.j.t.JMeterThread: Thread is done: Agent search 2-273
2026-10-09 15:05:41,453 INFO o.a.j.t.JMeterThread: Thread finished: Agent search 2-273
2026-10-09 15:05:42,526 INFO o.a.j.t.JMeterThread: Thread started: Agent search 2-274
2026-10-09 15:05:42,548 INFO o.a.j.t.JMeterThread: Thread is done: Agent search 2-274
2026-10-09 15:05:42,548 INFO o.a.j.t.JMeterThread: Thread finished: Agent search 2-274
2026-10-09 15:05:45,247 INFO o.a.j.t.JMeterThread: Thread started: Ticket intake 1-67
2026-10-09 15:05:50,651 INFO o.a.j.t.JMeterThread: Thread started: Ticket intake 1-68
2026-10-09 15:05:53,116 INFO o.a.j.t.JMeterThread: Thread started: Agent search 2-275
2026-10-09 15:05:53,141 INFO o.a.j.t.JMeterThread: Thread is done: Agent search 2-275
2026-10-09 15:05:53,142 INFO o.a.j.t.JMeterThread: Thread finished: Agent search 2-275
2026-10-09 15:05:53,555 INFO o.a.j.t.JMeterThread: Thread started: Agent search 2-276
2026-10-09 15:05:53,586 INFO o.a.j.t.JMeterThread: Thread is done: Agent search 2-276
2026-10-09 15:05:53,586 INFO o.a.j.t.JMeterThread: Thread finished: Agent search 2-276
2026-10-09 15:05:54,105 INFO o.a.j.t.JMeterThread: Thread started: Agent search 2-277
2026-10-09 15:05:54,131 INFO o.a.j.t.JMeterThread: Thread is done: Agent search 2-277
2026-10-09 15:05:54,131 INFO o.a.j.t.JMeterThread: Thread finished: Agent search 2-277
2026-10-09 15:05:58,901 INFO o.a.j.t.JMeterThread: Thread started: Agent search 2-278
2026-10-09 15:05:58,952 INFO o.a.j.t.JMeterThread: Thread is done: Agent search 2-278
2026-10-09 15:05:58,952 INFO o.a.j.t.JMeterThread: Thread finished: Agent search 2-278
2026-10-09 15:06:05,114 INFO o.a.j.t.JMeterThread: Thread started: Agent search 2-279
2026-10-09 15:06:05,139 INFO o.a.j.r.Summariser: summary +      8 in 00:00:34 =    0.2/s Avg:    34 Min:    22 Max:    75 Err:     0 (0.00%) Active: 36 Started: 347 Finished: 311
2026-10-09 15:06:05,139 INFO o.a.j.r.Summariser: summary =    312 in 00:21:59 =    0.2/s Avg: 48631 Min:    16 Max: 600178 Err:    10 (3.21%)
2026-10-09 15:06:05,139 INFO o.a.j.t.JMeterThread: Thread is done: Agent search 2-279
2026-10-09 15:06:05,139 INFO o.a.j.t.JMeterThread: Thread finished: Agent search 2-279
2026-10-09 15:06:05,907 INFO o.a.j.t.JMeterThread: Thread started: Ticket intake 1-69
2026-10-09 15:06:07,885 INFO o.a.j.t.JMeterThread: Thread started: Agent search 2-280
2026-10-09 15:06:07,905 INFO o.a.j.t.JMeterThread: Thread is done: Agent search 2-280
2026-10-09 15:06:07,905 INFO o.a.j.t.JMeterThread: Thread finished: Agent search 2-280
2026-10-09 15:06:08,603 INFO o.a.j.t.JMeterThread: Thread started: Agent search 2-281
2026-10-09 15:06:08,632 INFO o.a.j.t.JMeterThread: Thread is done: Agent search 2-281
2026-10-09 15:06:08,632 INFO o.a.j.t.JMeterThread: Thread finished: Agent search 2-281
2026-10-09 15:06:09,060 INFO o.a.j.t.JMeterThread: Thread started: Agent search 2-282
2026-10-09 15:06:09,087 INFO o.a.j.t.JMeterThread: Thread is done: Agent search 2-282
2026-10-09 15:06:09,087 INFO o.a.j.t.JMeterThread: Thread finished: Agent search 2-282
2026-10-09 15:06:10,076 INFO o.a.j.t.JMeterThread: Thread started: Agent search 2-283
2026-10-09 15:06:10,103 INFO o.a.j.t.JMeterThread: Thread is done: Agent search 2-283
2026-10-09 15:06:10,103 INFO o.a.j.t.JMeterThread: Thread finished: Agent search 2-283
2026-10-09 15:06:12,072 INFO o.a.j.t.JMeterThread: Thread started: Agent search 2-284
2026-10-09 15:06:12,109 INFO o.a.j.t.JMeterThread: Thread is done: Agent search 2-284
2026-10-09 15:06:12,109 INFO o.a.j.t.JMeterThread: Thread finished: Agent search 2-284
2026-10-09 15:06:12,159 INFO o.a.j.t.JMeterThread: Thread started: Ticket intake 1-70
2026-10-09 15:06:15,579 INFO o.a.j.t.JMeterThread: Thread started: Ticket intake 1-71
2026-10-09 15:06:19,349 INFO o.a.j.t.JMeterThread: Thread started: Ticket intake 1-72
2026-10-09 15:06:23,261 INFO o.a.j.t.JMeterThread: Thread started: Agent search 2-285
2026-10-09 15:06:23,291 INFO o.a.j.t.JMeterThread: Thread is done: Agent search 2-285
2026-10-09 15:06:23,291 INFO o.a.j.t.JMeterThread: Thread finished: Agent search 2-285
2026-10-09 15:06:24,813 INFO o.a.j.t.JMeterThread: Thread started: Agent search 2-286
2026-10-09 15:06:24,838 INFO o.a.j.t.JMeterThread: Thread is done: Agent search 2-286
2026-10-09 15:06:24,838 INFO o.a.j.t.JMeterThread: Thread finished: Agent search 2-286
2026-10-09 15:06:25,833 INFO o.a.j.t.JMeterThread: Thread started: Ticket intake 1-73
2026-10-09 15:06:31,119 INFO o.a.j.r.Summariser: summary +      8 in 00:00:26 =    0.3/s Avg: 71262 Min:    19 Max: 569913 Err:     0 (0.00%) Active: 40 Started: 359 Finished: 319
2026-10-09 15:06:31,119 INFO o.a.j.r.Summariser: summary =    320 in 00:22:25 =    0.2/s Avg: 49196 Min:    16 Max: 600178 Err:    10 (3.12%)
2026-10-09 15:06:31,119 INFO o.a.j.t.JMeterThread: Thread is done: Ticket intake 1-34
2026-10-09 15:06:31,119 INFO o.a.j.t.JMeterThread: Thread finished: Ticket intake 1-34
2026-10-09 15:06:45,893 INFO o.a.j.t.JMeterThread: Thread started: Agent search 2-287
2026-10-09 15:06:45,919 INFO o.a.j.t.JMeterThread: Thread is done: Agent search 2-287
2026-10-09 15:06:45,920 INFO o.a.j.t.JMeterThread: Thread finished: Agent search 2-287
2026-10-09 15:06:48,220 INFO o.a.j.t.JMeterThread: Thread is done: Ticket intake 1-35
2026-10-09 15:06:48,220 INFO o.a.j.t.JMeterThread: Thread finished: Ticket intake 1-35
2026-10-09 15:06:48,486 INFO o.a.j.t.JMeterThread: Thread started: Agent search 2-288
2026-10-09 15:06:48,628 INFO o.a.j.t.JMeterThread: Thread is done: Agent search 2-288
2026-10-09 15:06:48,628 INFO o.a.j.t.JMeterThread: Thread finished: Agent search 2-288
2026-10-09 15:06:53,873 INFO o.a.j.t.JMeterThread: Thread started: Agent search 2-289
2026-10-09 15:06:53,908 INFO o.a.j.t.JMeterThread: Thread is done: Agent search 2-289
2026-10-09 15:06:53,908 INFO o.a.j.t.JMeterThread: Thread finished: Agent search 2-289
2026-10-09 15:06:55,924 INFO o.a.j.t.JMeterThread: Thread started: Ticket intake 1-74
2026-10-09 15:06:57,244 INFO o.a.j.t.JMeterThread: Thread started: Agent search 2-290
2026-10-09 15:06:57,272 INFO o.a.j.t.JMeterThread: Thread is done: Agent search 2-290
2026-10-09 15:06:57,272 INFO o.a.j.t.JMeterThread: Thread finished: Agent search 2-290
2026-10-09 15:06:58,665 INFO o.a.j.t.JMeterThread: Thread started: Agent search 2-291
2026-10-09 15:06:58,694 INFO o.a.j.t.JMeterThread: Thread is done: Agent search 2-291
2026-10-09 15:06:58,694 INFO o.a.j.t.JMeterThread: Thread finished: Agent search 2-291
2026-10-09 15:06:58,981 INFO o.a.j.t.JMeterThread: Thread started: Ticket intake 1-75
2026-10-09 15:07:01,451 INFO o.a.j.t.JMeterThread: Thread started: Agent search 2-292
2026-10-09 15:07:01,708 INFO o.a.j.t.JMeterThread: Thread started: Agent search 2-293
2026-10-09 15:07:02,106 INFO o.a.j.t.JMeterThread: Thread started: Agent search 2-294
2026-10-09 15:07:05,711 INFO o.a.j.t.JMeterThread: Thread started: Ticket intake 1-76
2026-10-09 15:07:08,770 INFO o.a.j.t.JMeterThread: Thread started: Agent search 2-295
2026-10-09 15:07:10,133 INFO o.a.j.t.JMeterThread: Thread is done: Agent search 2-294
2026-10-09 15:07:10,133 INFO o.a.j.t.JMeterThread: Thread is done: Ticket intake 1-36
2026-10-09 15:07:10,133 INFO o.a.j.t.JMeterThread: Thread finished: Agent search 2-294
2026-10-09 15:07:10,133 INFO o.a.j.t.JMeterThread: Thread is done: Agent search 2-292
2026-10-09 15:07:10,133 INFO o.a.j.t.JMeterThread: Thread is done: Agent search 2-293
2026-10-09 15:07:10,133 INFO o.a.j.t.JMeterThread: Thread finished: Agent search 2-292
2026-10-09 15:07:10,133 INFO o.a.j.t.JMeterThread: Thread finished: Ticket intake 1-36
2026-10-09 15:07:10,133 INFO o.a.j.t.JMeterThread: Thread finished: Agent search 2-293
2026-10-09 15:07:11,013 INFO o.a.j.t.JMeterThread: Thread started: Agent search 2-296
2026-10-09 15:07:13,104 INFO o.a.j.t.JMeterThread: Thread is done: Agent search 2-295
2026-10-09 15:07:13,104 INFO o.a.j.t.JMeterThread: Thread is done: Ticket intake 1-37
2026-10-09 15:07:13,104 INFO o.a.j.t.JMeterThread: Thread finished: Agent search 2-295
2026-10-09 15:07:13,104 INFO o.a.j.t.JMeterThread: Thread is done: Agent search 2-296
2026-10-09 15:07:13,104 INFO o.a.j.t.JMeterThread: Thread finished: Agent search 2-296
2026-10-09 15:07:13,104 INFO o.a.j.t.JMeterThread: Thread finished: Ticket intake 1-37
2026-10-09 15:07:21,193 INFO o.a.j.t.JMeterThread: Thread is done: Ticket intake 1-38
2026-10-09 15:07:21,193 INFO o.a.j.t.JMeterThread: Thread finished: Ticket intake 1-38
2026-10-09 15:07:26,134 INFO o.a.j.t.JMeterThread: Thread started: Agent search 2-297
2026-10-09 15:07:26,166 INFO o.a.j.t.JMeterThread: Thread is done: Agent search 2-297
2026-10-09 15:07:26,166 INFO o.a.j.t.JMeterThread: Thread finished: Agent search 2-297
2026-10-09 15:07:28,823 INFO o.a.j.t.JMeterThread: Thread started: Agent search 2-298
2026-10-09 15:07:28,869 INFO o.a.j.t.JMeterThread: Thread is done: Agent search 2-298
2026-10-09 15:07:28,869 INFO o.a.j.t.JMeterThread: Thread finished: Agent search 2-298
2026-10-09 15:07:30,036 INFO o.a.j.t.JMeterThread: Thread started: Agent search 2-299
2026-10-09 15:07:30,062 INFO o.a.j.r.Summariser: summary +     17 in 00:00:59 =    0.3/s Avg: 142151 Min:    24 Max: 600201 Err:     3 (17.65%) Active: 39 Started: 375 Finished: 336
2026-10-09 15:07:30,063 INFO o.a.j.r.Summariser: summary =    337 in 00:23:24 =    0.2/s Avg: 53885 Min:    16 Max: 600201 Err:    13 (3.86%)
2026-10-09 15:07:30,063 INFO o.a.j.t.JMeterThread: Thread is done: Agent search 2-299
2026-10-09 15:07:30,063 INFO o.a.j.t.JMeterThread: Thread finished: Agent search 2-299
2026-10-09 15:07:32,013 INFO o.a.j.t.JMeterThread: Thread started: Agent search 2-300
2026-10-09 15:07:32,043 INFO o.a.j.t.JMeterThread: Thread is done: Agent search 2-300
2026-10-09 15:07:32,043 INFO o.a.j.t.JMeterThread: Thread finished: Agent search 2-300
2026-10-09 15:07:35,222 INFO o.a.j.t.JMeterThread: Thread started: Agent search 2-301
2026-10-09 15:07:35,247 INFO o.a.j.t.JMeterThread: Thread is done: Agent search 2-301
2026-10-09 15:07:35,247 INFO o.a.j.t.JMeterThread: Thread finished: Agent search 2-301
2026-10-09 15:07:35,427 INFO o.a.j.t.JMeterThread: Thread is done: Ticket intake 1-39
2026-10-09 15:07:35,427 INFO o.a.j.t.JMeterThread: Thread finished: Ticket intake 1-39
2026-10-09 15:07:36,702 INFO o.a.j.t.JMeterThread: Thread is done: Ticket intake 1-40
2026-10-09 15:07:36,702 INFO o.a.j.t.JMeterThread: Thread finished: Ticket intake 1-40
2026-10-09 15:07:41,630 INFO o.a.j.t.JMeterThread: Thread started: Agent search 2-302
2026-10-09 15:07:41,658 INFO o.a.j.t.JMeterThread: Thread is done: Agent search 2-302
2026-10-09 15:07:41,658 INFO o.a.j.t.JMeterThread: Thread finished: Agent search 2-302
2026-10-09 15:07:42,060 INFO o.a.j.t.JMeterThread: Thread started: Agent search 2-303
2026-10-09 15:07:42,084 INFO o.a.j.t.JMeterThread: Thread is done: Agent search 2-303
2026-10-09 15:07:42,085 INFO o.a.j.t.JMeterThread: Thread finished: Agent search 2-303
2026-10-09 15:07:43,517 INFO o.a.j.t.JMeterThread: Thread is done: Ticket intake 1-41
2026-10-09 15:07:43,517 INFO o.a.j.t.JMeterThread: Thread finished: Ticket intake 1-41
2026-10-09 15:07:43,564 INFO o.a.j.t.JMeterThread: Thread started: Ticket intake 1-77
2026-10-09 15:07:44,744 INFO o.a.j.t.JMeterThread: Thread is done: Ticket intake 1-42
2026-10-09 15:07:44,744 INFO o.a.j.t.JMeterThread: Thread finished: Ticket intake 1-42
2026-10-09 15:07:50,553 INFO o.a.j.t.JMeterThread: Thread started: Agent search 2-304
2026-10-09 15:07:50,578 INFO o.a.j.t.JMeterThread: Thread is done: Agent search 2-304
2026-10-09 15:07:50,579 INFO o.a.j.t.JMeterThread: Thread finished: Agent search 2-304
2026-10-09 15:08:01,882 INFO o.a.j.t.JMeterThread: Thread started: Agent search 2-305
2026-10-09 15:08:02,050 INFO o.a.j.r.Summariser: summary +     10 in 00:00:32 =    0.3/s Avg: 240090 Min:    22 Max: 600215 Err:     4 (40.00%) Active: 36 Started: 382 Finished: 346
2026-10-09 15:08:02,050 INFO o.a.j.r.Summariser: summary =    347 in 00:23:56 =    0.2/s Avg: 59252 Min:    16 Max: 600215 Err:    17 (4.90%)
2026-10-09 15:08:02,051 INFO o.a.j.t.JMeterThread: Thread is done: Agent search 2-305
2026-10-09 15:08:02,051 INFO o.a.j.t.JMeterThread: Thread finished: Agent search 2-305
2026-10-09 15:08:10,503 INFO o.a.j.t.JMeterThread: Thread started: Agent search 2-306
2026-10-09 15:08:10,530 INFO o.a.j.t.JMeterThread: Thread is done: Agent search 2-306
2026-10-09 15:08:10,530 INFO o.a.j.t.JMeterThread: Thread finished: Agent search 2-306
2026-10-09 15:08:14,569 INFO o.a.j.t.JMeterThread: Thread started: Ticket intake 1-78
2026-10-09 15:08:14,998 INFO o.a.j.t.JMeterThread: Thread started: Agent search 2-307
2026-10-09 15:08:15,050 INFO o.a.j.t.JMeterThread: Thread is done: Agent search 2-307
2026-10-09 15:08:15,050 INFO o.a.j.t.JMeterThread: Thread finished: Agent search 2-307
2026-10-09 15:08:19,087 INFO o.a.j.t.JMeterThread: Thread started: Agent search 2-308
2026-10-09 15:08:19,116 INFO o.a.j.t.JMeterThread: Thread is done: Agent search 2-308
2026-10-09 15:08:19,116 INFO o.a.j.t.JMeterThread: Thread finished: Agent search 2-308
2026-10-09 15:08:26,641 INFO o.a.j.t.JMeterThread: Thread started: Agent search 2-309
2026-10-09 15:08:26,658 INFO o.a.j.t.JMeterThread: Thread is done: Agent search 2-309
2026-10-09 15:08:26,658 INFO o.a.j.t.JMeterThread: Thread finished: Agent search 2-309
2026-10-09 15:08:29,357 INFO o.a.j.t.JMeterThread: Thread started: Agent search 2-310
2026-10-09 15:08:29,388 INFO o.a.j.t.JMeterThread: Thread is done: Agent search 2-310
2026-10-09 15:08:29,388 INFO o.a.j.t.JMeterThread: Thread finished: Agent search 2-310
2026-10-09 15:08:29,414 INFO o.a.j.t.JMeterThread: Thread is done: Ticket intake 1-43
2026-10-09 15:08:29,414 INFO o.a.j.t.JMeterThread: Thread finished: Ticket intake 1-43
2026-10-09 15:08:34,030 INFO o.a.j.t.JMeterThread: Thread started: Ticket intake 1-79
2026-10-09 15:08:36,203 INFO o.a.j.t.JMeterThread: Thread started: Agent search 2-311
2026-10-09 15:08:36,229 INFO o.a.j.t.JMeterThread: Thread is done: Agent search 2-311
2026-10-09 15:08:36,229 INFO o.a.j.t.JMeterThread: Thread finished: Agent search 2-311
2026-10-09 15:08:39,068 INFO o.a.j.t.JMeterThread: Thread started: Agent search 2-312
2026-10-09 15:08:39,114 INFO o.a.j.t.JMeterThread: Thread is done: Agent search 2-312
2026-10-09 15:08:39,114 INFO o.a.j.t.JMeterThread: Thread finished: Agent search 2-312
2026-10-09 15:08:41,626 INFO o.a.j.t.JMeterThread: Thread started: Agent search 2-313
2026-10-09 15:08:41,651 INFO o.a.j.t.JMeterThread: Thread is done: Agent search 2-313
2026-10-09 15:08:41,651 INFO o.a.j.t.JMeterThread: Thread finished: Agent search 2-313
2026-10-09 15:08:45,566 INFO o.a.j.t.JMeterThread: Thread started: Agent search 2-314
2026-10-09 15:08:45,603 INFO o.a.j.t.JMeterThread: Thread is done: Agent search 2-314
2026-10-09 15:08:45,603 INFO o.a.j.t.JMeterThread: Thread finished: Agent search 2-314
2026-10-09 15:08:48,484 INFO o.a.j.t.JMeterThread: Thread started: Agent search 2-315
2026-10-09 15:08:48,516 INFO o.a.j.t.JMeterThread: Thread is done: Agent search 2-315
2026-10-09 15:08:48,516 INFO o.a.j.t.JMeterThread: Thread finished: Agent search 2-315
2026-10-09 15:08:52,082 INFO o.a.j.t.JMeterThread: Thread started: Ticket intake 1-80
2026-10-09 15:08:52,399 INFO o.a.j.t.JMeterThread: Thread started: Agent search 2-316
2026-10-09 15:08:52,424 INFO o.a.j.t.JMeterThread: Thread is done: Agent search 2-316
2026-10-09 15:08:52,424 INFO o.a.j.t.JMeterThread: Thread finished: Agent search 2-316
2026-10-09 15:08:53,432 INFO o.a.j.t.JMeterThread: Thread started: Agent search 2-317
2026-10-09 15:08:53,461 INFO o.a.j.t.JMeterThread: Thread is done: Agent search 2-317
2026-10-09 15:08:53,461 INFO o.a.j.t.JMeterThread: Thread finished: Agent search 2-317
2026-10-09 15:08:54,441 INFO o.a.j.t.JMeterThread: Thread started: Agent search 2-318
2026-10-09 15:08:54,480 INFO o.a.j.t.JMeterThread: Thread is done: Agent search 2-318
2026-10-09 15:08:54,480 INFO o.a.j.t.JMeterThread: Thread finished: Agent search 2-318
2026-10-09 15:08:54,739 INFO o.a.j.t.JMeterThread: Thread started: Agent search 2-319
2026-10-09 15:08:54,757 INFO o.a.j.t.JMeterThread: Thread is done: Agent search 2-319
2026-10-09 15:08:54,757 INFO o.a.j.t.JMeterThread: Thread finished: Agent search 2-319
2026-10-09 15:08:56,001 INFO o.a.j.t.JMeterThread: Thread started: Agent search 2-320
2026-10-09 15:08:56,030 INFO o.a.j.t.JMeterThread: Thread is done: Agent search 2-320
2026-10-09 15:08:56,030 INFO o.a.j.t.JMeterThread: Thread finished: Agent search 2-320
2026-10-09 15:08:59,703 INFO o.a.j.t.JMeterThread: Thread is done: Ticket intake 1-44
2026-10-09 15:08:59,703 INFO o.a.j.t.JMeterThread: Thread finished: Ticket intake 1-44
2026-10-09 15:08:59,757 INFO o.a.j.t.JMeterThread: Thread started: Agent search 2-321
2026-10-09 15:08:59,786 INFO o.a.j.t.JMeterThread: Thread is done: Agent search 2-321
2026-10-09 15:08:59,786 INFO o.a.j.t.JMeterThread: Thread finished: Agent search 2-321
2026-10-09 15:09:02,592 INFO o.a.j.t.JMeterThread: Thread started: Agent search 2-322
2026-10-09 15:09:02,619 INFO o.a.j.r.Summariser: summary +     19 in 00:01:01 =    0.3/s Avg: 63197 Min:    17 Max: 600137 Err:     2 (10.53%) Active: 37 Started: 402 Finished: 365
2026-10-09 15:09:02,620 INFO o.a.j.r.Summariser: summary =    366 in 00:24:57 =    0.2/s Avg: 59456 Min:    16 Max: 600215 Err:    19 (5.19%)
2026-10-09 15:09:02,620 INFO o.a.j.t.JMeterThread: Thread is done: Agent search 2-322
2026-10-09 15:09:02,620 INFO o.a.j.t.JMeterThread: Thread finished: Agent search 2-322
2026-10-09 15:09:04,721 INFO o.a.j.t.JMeterThread: Thread is done: Ticket intake 1-45
2026-10-09 15:09:04,721 INFO o.a.j.t.JMeterThread: Thread finished: Ticket intake 1-45
2026-10-09 15:09:08,714 INFO o.a.j.t.JMeterThread: Thread started: Agent search 2-323
2026-10-09 15:09:08,752 INFO o.a.j.t.JMeterThread: Thread is done: Agent search 2-323
2026-10-09 15:09:08,752 INFO o.a.j.t.JMeterThread: Thread finished: Agent search 2-323
2026-10-09 15:09:11,606 INFO o.a.j.t.JMeterThread: Thread started: Agent search 2-324
2026-10-09 15:09:11,627 INFO o.a.j.t.JMeterThread: Thread is done: Agent search 2-324
2026-10-09 15:09:11,627 INFO o.a.j.t.JMeterThread: Thread finished: Agent search 2-324
2026-10-09 15:09:13,635 INFO o.a.j.t.JMeterThread: Thread started: Ticket intake 1-81
2026-10-09 15:09:14,296 INFO o.a.j.t.JMeterThread: Thread started: Agent search 2-325
2026-10-09 15:09:14,325 INFO o.a.j.t.JMeterThread: Thread is done: Agent search 2-325
2026-10-09 15:09:14,325 INFO o.a.j.t.JMeterThread: Thread finished: Agent search 2-325
2026-10-09 15:09:14,453 INFO o.a.j.t.JMeterThread: Thread started: Agent search 2-326
2026-10-09 15:09:14,486 INFO o.a.j.t.JMeterThread: Thread is done: Agent search 2-326
2026-10-09 15:09:14,486 INFO o.a.j.t.JMeterThread: Thread finished: Agent search 2-326
2026-10-09 15:09:17,601 INFO o.a.j.t.JMeterThread: Thread started: Agent search 2-327
2026-10-09 15:09:17,639 INFO o.a.j.t.JMeterThread: Thread is done: Agent search 2-327
2026-10-09 15:09:17,639 INFO o.a.j.t.JMeterThread: Thread finished: Agent search 2-327
2026-10-09 15:09:19,645 INFO o.a.j.t.JMeterThread: Thread started: Agent search 2-328
2026-10-09 15:09:19,670 INFO o.a.j.t.JMeterThread: Thread is done: Agent search 2-328
2026-10-09 15:09:19,670 INFO o.a.j.t.JMeterThread: Thread finished: Agent search 2-328
2026-10-09 15:09:19,839 INFO o.a.j.t.JMeterThread: Thread started: Agent search 2-329
2026-10-09 15:09:19,865 INFO o.a.j.t.JMeterThread: Thread is done: Agent search 2-329
2026-10-09 15:09:19,865 INFO o.a.j.t.JMeterThread: Thread finished: Agent search 2-329
2026-10-09 15:09:25,007 INFO o.a.j.t.JMeterThread: Thread started: Agent search 2-330
2026-10-09 15:09:25,032 INFO o.a.j.t.JMeterThread: Thread is done: Agent search 2-330
2026-10-09 15:09:25,032 INFO o.a.j.t.JMeterThread: Thread finished: Agent search 2-330
2026-10-09 15:09:26,252 INFO o.a.j.t.JMeterThread: Thread started: Agent search 2-331
2026-10-09 15:09:26,279 INFO o.a.j.t.JMeterThread: Thread is done: Agent search 2-331
2026-10-09 15:09:26,279 INFO o.a.j.t.JMeterThread: Thread finished: Agent search 2-331
2026-10-09 15:09:27,622 INFO o.a.j.t.JMeterThread: Thread started: Agent search 2-332
2026-10-09 15:09:27,649 INFO o.a.j.t.JMeterThread: Thread is done: Agent search 2-332
2026-10-09 15:09:27,650 INFO o.a.j.t.JMeterThread: Thread finished: Agent search 2-332
2026-10-09 15:09:27,691 INFO o.a.j.t.JMeterThread: Thread started: Agent search 2-333
2026-10-09 15:09:27,741 INFO o.a.j.t.JMeterThread: Thread is done: Agent search 2-333
2026-10-09 15:09:27,741 INFO o.a.j.t.JMeterThread: Thread finished: Agent search 2-333
2026-10-09 15:09:29,605 INFO o.a.j.t.JMeterThread: Thread started: Ticket intake 1-82
2026-10-09 15:09:30,527 INFO o.a.j.t.JMeterThread: Thread started: Agent search 2-334
2026-10-09 15:09:30,556 INFO o.a.j.r.Summariser: summary +     13 in 00:00:28 =    0.5/s Avg: 46190 Min:    20 Max: 600114 Err:     1 (7.69%) Active: 38 Started: 416 Finished: 378
2026-10-09 15:09:30,556 INFO o.a.j.r.Summariser: summary =    379 in 00:25:25 =    0.2/s Avg: 59001 Min:    16 Max: 600215 Err:    20 (5.28%)
2026-10-09 15:09:30,556 INFO o.a.j.t.JMeterThread: Thread is done: Agent search 2-334
2026-10-09 15:09:30,556 INFO o.a.j.t.JMeterThread: Thread finished: Agent search 2-334
2026-10-09 15:09:30,768 INFO o.a.j.t.JMeterThread: Thread started: Agent search 2-335
2026-10-09 15:09:30,794 INFO o.a.j.t.JMeterThread: Thread is done: Agent search 2-335
2026-10-09 15:09:30,794 INFO o.a.j.t.JMeterThread: Thread finished: Agent search 2-335
2026-10-09 15:09:31,900 INFO o.a.j.t.JMeterThread: Thread started: Agent search 2-336
2026-10-09 15:09:31,930 INFO o.a.j.t.JMeterThread: Thread is done: Agent search 2-336
2026-10-09 15:09:31,931 INFO o.a.j.t.JMeterThread: Thread finished: Agent search 2-336
2026-10-09 15:09:35,710 INFO o.a.j.t.JMeterThread: Thread started: Agent search 2-337
2026-10-09 15:09:35,727 INFO o.a.j.t.JMeterThread: Thread is done: Ticket intake 1-46
2026-10-09 15:09:35,727 INFO o.a.j.t.JMeterThread: Thread finished: Ticket intake 1-46
2026-10-09 15:09:35,738 INFO o.a.j.t.JMeterThread: Thread is done: Agent search 2-337
2026-10-09 15:09:35,738 INFO o.a.j.t.JMeterThread: Thread finished: Agent search 2-337
2026-10-09 15:09:44,507 INFO o.a.j.t.JMeterThread: Thread started: Agent search 2-338
2026-10-09 15:09:44,520 INFO o.a.j.t.JMeterThread: Thread started: Agent search 2-339
2026-10-09 15:09:44,536 INFO o.a.j.t.JMeterThread: Thread is done: Agent search 2-338
2026-10-09 15:09:44,536 INFO o.a.j.t.JMeterThread: Thread finished: Agent search 2-338
2026-10-09 15:09:44,541 INFO o.a.j.t.JMeterThread: Thread is done: Agent search 2-339
2026-10-09 15:09:44,541 INFO o.a.j.t.JMeterThread: Thread finished: Agent search 2-339
2026-10-09 15:09:52,089 INFO o.a.j.t.JMeterThread: Thread started: Ticket intake 1-83
2026-10-09 15:09:56,030 INFO o.a.j.t.JMeterThread: Thread started: Ticket intake 1-84
2026-10-09 15:09:58,510 INFO o.a.j.t.JMeterThread: Thread started: Agent search 2-340
2026-10-09 15:09:58,539 INFO o.a.j.t.JMeterThread: Thread is done: Agent search 2-340
2026-10-09 15:09:58,539 INFO o.a.j.t.JMeterThread: Thread finished: Agent search 2-340
2026-10-09 15:09:59,728 INFO o.a.j.t.JMeterThread: Thread started: Agent search 2-341
2026-10-09 15:09:59,753 INFO o.a.j.t.JMeterThread: Thread is done: Agent search 2-341
2026-10-09 15:09:59,753 INFO o.a.j.t.JMeterThread: Thread finished: Agent search 2-341
2026-10-09 15:10:10,974 INFO o.a.j.t.JMeterThread: Thread is done: Ticket intake 1-47
2026-10-09 15:10:10,974 INFO o.a.j.t.JMeterThread: Thread finished: Ticket intake 1-47
2026-10-09 15:10:14,408 INFO o.a.j.t.JMeterThread: Thread started: Agent search 2-342
2026-10-09 15:10:14,437 INFO o.a.j.t.JMeterThread: Thread is done: Agent search 2-342
2026-10-09 15:10:14,437 INFO o.a.j.t.JMeterThread: Thread finished: Agent search 2-342
2026-10-09 15:10:14,472 INFO o.a.j.t.JMeterThread: Thread started: Agent search 2-343
2026-10-09 15:10:14,496 INFO o.a.j.t.JMeterThread: Thread is done: Agent search 2-343
2026-10-09 15:10:14,496 INFO o.a.j.t.JMeterThread: Thread finished: Agent search 2-343
2026-10-09 15:10:21,308 INFO o.a.j.t.JMeterThread: Thread started: Agent search 2-344
2026-10-09 15:10:21,352 INFO o.a.j.t.JMeterThread: Thread is done: Agent search 2-344
2026-10-09 15:10:21,352 INFO o.a.j.t.JMeterThread: Thread finished: Agent search 2-344
2026-10-09 15:10:22,520 INFO o.a.j.t.JMeterThread: Thread started: Agent search 2-345
2026-10-09 15:10:22,550 INFO o.a.j.t.JMeterThread: Thread is done: Agent search 2-345
2026-10-09 15:10:22,550 INFO o.a.j.t.JMeterThread: Thread finished: Agent search 2-345
2026-10-09 15:10:25,023 INFO o.a.j.t.JMeterThread: Thread started: Agent search 2-346
2026-10-09 15:10:25,044 INFO o.a.j.t.JMeterThread: Thread is done: Agent search 2-346
2026-10-09 15:10:25,044 INFO o.a.j.t.JMeterThread: Thread finished: Agent search 2-346
2026-10-09 15:10:26,920 INFO o.a.j.t.JMeterThread: Thread started: Agent search 2-347
2026-10-09 15:10:26,942 INFO o.a.j.t.JMeterThread: Thread is done: Agent search 2-347
2026-10-09 15:10:26,942 INFO o.a.j.t.JMeterThread: Thread finished: Agent search 2-347
2026-10-09 15:10:30,513 INFO o.a.j.t.JMeterThread: Thread started: Agent search 2-348
2026-10-09 15:10:30,538 INFO o.a.j.r.Summariser: summary +     16 in 00:01:00 =    0.3/s Avg: 72183 Min:    20 Max: 596550 Err:     0 (0.00%) Active: 38 Started: 432 Finished: 394
2026-10-09 15:10:30,538 INFO o.a.j.r.Summariser: summary =    395 in 00:26:25 =    0.2/s Avg: 59535 Min:    16 Max: 600215 Err:    20 (5.06%)
2026-10-09 15:10:30,538 INFO o.a.j.t.JMeterThread: Thread is done: Agent search 2-348
2026-10-09 15:10:30,538 INFO o.a.j.t.JMeterThread: Thread finished: Agent search 2-348
2026-10-09 15:10:32,311 INFO o.a.j.t.JMeterThread: Thread started: Agent search 2-349
2026-10-09 15:10:32,337 INFO o.a.j.t.JMeterThread: Thread is done: Agent search 2-349
2026-10-09 15:10:32,337 INFO o.a.j.t.JMeterThread: Thread finished: Agent search 2-349
2026-10-09 15:10:36,019 INFO o.a.j.t.JMeterThread: Thread started: Agent search 2-350
2026-10-09 15:10:36,042 INFO o.a.j.t.JMeterThread: Thread is done: Agent search 2-350
2026-10-09 15:10:36,043 INFO o.a.j.t.JMeterThread: Thread finished: Agent search 2-350
2026-10-09 15:10:43,503 INFO o.a.j.t.JMeterThread: Thread started: Agent search 2-351
2026-10-09 15:10:43,511 INFO o.a.j.t.JMeterThread: Thread is done: Ticket intake 1-48
2026-10-09 15:10:43,511 INFO o.a.j.t.JMeterThread: Thread finished: Ticket intake 1-48
2026-10-09 15:10:43,553 INFO o.a.j.t.JMeterThread: Thread is done: Agent search 2-351
2026-10-09 15:10:43,553 INFO o.a.j.t.JMeterThread: Thread finished: Agent search 2-351
2026-10-09 15:10:45,475 INFO o.a.j.t.JMeterThread: Thread started: Agent search 2-352
2026-10-09 15:10:45,510 INFO o.a.j.t.JMeterThread: Thread is done: Agent search 2-352
2026-10-09 15:10:45,510 INFO o.a.j.t.JMeterThread: Thread finished: Agent search 2-352
2026-10-09 15:10:48,616 INFO o.a.j.t.JMeterThread: Thread started: Agent search 2-353
2026-10-09 15:10:48,644 INFO o.a.j.t.JMeterThread: Thread is done: Agent search 2-353
2026-10-09 15:10:48,644 INFO o.a.j.t.JMeterThread: Thread finished: Agent search 2-353
2026-10-09 15:10:48,892 INFO o.a.j.t.JMeterThread: Thread started: Agent search 2-354
2026-10-09 15:10:48,915 INFO o.a.j.t.JMeterThread: Thread is done: Agent search 2-354
2026-10-09 15:10:48,915 INFO o.a.j.t.JMeterThread: Thread finished: Agent search 2-354
2026-10-09 15:10:50,684 INFO o.a.j.t.JMeterThread: Thread started: Ticket intake 1-85
2026-10-09 15:10:52,498 INFO o.a.j.t.JMeterThread: Thread started: Ticket intake 1-86
2026-10-09 15:10:53,363 INFO o.a.j.t.JMeterThread: Thread started: Agent search 2-355
2026-10-09 15:10:53,386 INFO o.a.j.t.JMeterThread: Thread is done: Agent search 2-355
2026-10-09 15:10:53,386 INFO o.a.j.t.JMeterThread: Thread finished: Agent search 2-355
2026-10-09 15:10:53,507 INFO o.a.j.t.JMeterThread: Thread started: Agent search 2-356
2026-10-09 15:10:53,543 INFO o.a.j.t.JMeterThread: Thread is done: Agent search 2-356
2026-10-09 15:10:53,543 INFO o.a.j.t.JMeterThread: Thread finished: Agent search 2-356
2026-10-09 15:10:59,757 INFO o.a.j.t.JMeterThread: Thread started: Agent search 2-357
2026-10-09 15:10:59,783 INFO o.a.j.t.JMeterThread: Thread is done: Agent search 2-357
2026-10-09 15:10:59,783 INFO o.a.j.t.JMeterThread: Thread finished: Agent search 2-357
2026-10-09 15:10:59,808 INFO o.a.j.t.JMeterThread: Thread started: Agent search 2-358
2026-10-09 15:10:59,828 INFO o.a.j.t.JMeterThread: Thread is done: Agent search 2-358
2026-10-09 15:10:59,828 INFO o.a.j.t.JMeterThread: Thread finished: Agent search 2-358
2026-10-09 15:11:00,588 INFO o.a.j.t.JMeterThread: Thread started: Agent search 2-359
2026-10-09 15:11:00,612 INFO o.a.j.r.Summariser: summary +     12 in 00:00:30 =    0.4/s Avg: 48657 Min:    19 Max: 583585 Err:     0 (0.00%) Active: 39 Started: 445 Finished: 406
2026-10-09 15:11:00,612 INFO o.a.j.r.Summariser: summary =    407 in 00:26:55 =    0.3/s Avg: 59215 Min:    16 Max: 600215 Err:    20 (4.91%)
2026-10-09 15:11:00,612 INFO o.a.j.t.JMeterThread: Thread is done: Agent search 2-359
2026-10-09 15:11:00,612 INFO o.a.j.t.JMeterThread: Thread finished: Agent search 2-359
2026-10-09 15:11:02,258 INFO o.a.j.t.JMeterThread: Thread started: Ticket intake 1-87
2026-10-09 15:11:05,459 INFO o.a.j.t.JMeterThread: Thread started: Agent search 2-360
2026-10-09 15:11:05,484 INFO o.a.j.t.JMeterThread: Thread is done: Agent search 2-360
2026-10-09 15:11:05,484 INFO o.a.j.t.JMeterThread: Thread finished: Agent search 2-360
2026-10-09 15:11:07,058 INFO o.a.j.t.JMeterThread: Thread started: Agent search 2-361
2026-10-09 15:11:07,085 INFO o.a.j.t.JMeterThread: Thread is done: Agent search 2-361
2026-10-09 15:11:07,085 INFO o.a.j.t.JMeterThread: Thread finished: Agent search 2-361
2026-10-09 15:11:10,060 INFO o.a.j.t.JMeterThread: Thread is done: Ticket intake 1-49
2026-10-09 15:11:10,060 INFO o.a.j.t.JMeterThread: Thread finished: Ticket intake 1-49
2026-10-09 15:11:13,353 INFO o.a.j.t.JMeterThread: Thread started: Agent search 2-362
2026-10-09 15:11:13,378 INFO o.a.j.t.JMeterThread: Thread is done: Agent search 2-362
2026-10-09 15:11:13,378 INFO o.a.j.t.JMeterThread: Thread finished: Agent search 2-362
2026-10-09 15:11:19,790 INFO o.a.j.t.JMeterThread: Thread is done: Ticket intake 1-50
2026-10-09 15:11:19,790 INFO o.a.j.t.JMeterThread: Thread finished: Ticket intake 1-50
2026-10-09 15:11:21,630 INFO o.a.j.t.JMeterThread: Thread started: Agent search 2-363
2026-10-09 15:11:21,656 INFO o.a.j.t.JMeterThread: Thread is done: Agent search 2-363
2026-10-09 15:11:21,656 INFO o.a.j.t.JMeterThread: Thread finished: Agent search 2-363
2026-10-09 15:11:22,428 INFO o.a.j.t.JMeterThread: Thread started: Agent search 2-364
2026-10-09 15:11:22,458 INFO o.a.j.t.JMeterThread: Thread is done: Agent search 2-364
2026-10-09 15:11:22,458 INFO o.a.j.t.JMeterThread: Thread finished: Agent search 2-364
2026-10-09 15:11:23,066 INFO o.a.j.t.JMeterThread: Thread is done: Ticket intake 1-51
2026-10-09 15:11:23,066 INFO o.a.j.t.JMeterThread: Thread finished: Ticket intake 1-51
2026-10-09 15:11:25,539 INFO o.a.j.t.JMeterThread: Thread started: Agent search 2-365
2026-10-09 15:11:25,572 INFO o.a.j.t.JMeterThread: Thread is done: Agent search 2-365
2026-10-09 15:11:25,572 INFO o.a.j.t.JMeterThread: Thread finished: Agent search 2-365
2026-10-09 15:11:34,024 INFO o.a.j.t.JMeterThread: Thread started: Agent search 2-366
2026-10-09 15:11:34,070 INFO o.a.j.r.Summariser: summary +     10 in 00:00:33 =    0.3/s Avg: 180057 Min:    24 Max: 600143 Err:     3 (30.00%) Active: 37 Started: 453 Finished: 416
2026-10-09 15:11:34,070 INFO o.a.j.r.Summariser: summary =    417 in 00:27:28 =    0.3/s Avg: 62112 Min:    16 Max: 600215 Err:    23 (5.52%)
2026-10-09 15:11:34,070 INFO o.a.j.t.JMeterThread: Thread is done: Agent search 2-366
2026-10-09 15:11:34,070 INFO o.a.j.t.JMeterThread: Thread finished: Agent search 2-366
2026-10-09 15:11:46,721 INFO o.a.j.t.JMeterThread: Thread is done: Ticket intake 1-52
2026-10-09 15:11:46,721 INFO o.a.j.t.JMeterThread: Thread finished: Ticket intake 1-52
2026-10-09 15:11:52,658 INFO o.a.j.t.JMeterThread: Thread started: Agent search 2-367
2026-10-09 15:11:52,681 INFO o.a.j.t.JMeterThread: Thread is done: Agent search 2-367
2026-10-09 15:11:52,681 INFO o.a.j.t.JMeterThread: Thread finished: Agent search 2-367
2026-10-09 15:11:52,881 INFO o.a.j.t.JMeterThread: Thread started: Agent search 2-368
2026-10-09 15:11:52,913 INFO o.a.j.t.JMeterThread: Thread is done: Agent search 2-368
2026-10-09 15:11:52,914 INFO o.a.j.t.JMeterThread: Thread finished: Agent search 2-368
2026-10-09 15:11:55,128 INFO o.a.j.t.JMeterThread: Thread started: Agent search 2-369
2026-10-09 15:11:55,155 INFO o.a.j.t.JMeterThread: Thread is done: Agent search 2-369
2026-10-09 15:11:55,155 INFO o.a.j.t.JMeterThread: Thread finished: Agent search 2-369
2026-10-09 15:11:56,050 INFO o.a.j.t.JMeterThread: Thread started: Agent search 2-370
2026-10-09 15:11:56,075 INFO o.a.j.t.JMeterThread: Thread is done: Agent search 2-370
2026-10-09 15:11:56,075 INFO o.a.j.t.JMeterThread: Thread finished: Agent search 2-370
2026-10-09 15:11:58,874 INFO o.a.j.t.JMeterThread: Thread started: Agent search 2-371
2026-10-09 15:11:58,912 INFO o.a.j.t.JMeterThread: Thread is done: Agent search 2-371
2026-10-09 15:11:58,912 INFO o.a.j.t.JMeterThread: Thread finished: Agent search 2-371
2026-10-09 15:12:01,171 INFO o.a.j.t.JMeterThread: Thread started: Agent search 2-372
2026-10-09 15:12:01,198 INFO o.a.j.r.Summariser: summary +      7 in 00:00:27 =    0.3/s Avg: 85759 Min:    23 Max: 600149 Err:     1 (14.29%) Active: 36 Started: 459 Finished: 423
2026-10-09 15:12:01,198 INFO o.a.j.r.Summariser: summary =    424 in 00:27:55 =    0.3/s Avg: 62503 Min:    16 Max: 600215 Err:    24 (5.66%)
2026-10-09 15:12:01,199 INFO o.a.j.t.JMeterThread: Thread is done: Agent search 2-372
2026-10-09 15:12:01,199 INFO o.a.j.t.JMeterThread: Thread finished: Agent search 2-372
2026-10-09 15:12:10,017 INFO o.a.j.t.JMeterThread: Thread started: Agent search 2-373
2026-10-09 15:12:10,041 INFO o.a.j.t.JMeterThread: Thread is done: Agent search 2-373
2026-10-09 15:12:10,041 INFO o.a.j.t.JMeterThread: Thread finished: Agent search 2-373
2026-10-09 15:12:10,477 INFO o.a.j.t.JMeterThread: Thread is done: Ticket intake 1-53
2026-10-09 15:12:10,477 INFO o.a.j.t.JMeterThread: Thread finished: Ticket intake 1-53
2026-10-09 15:12:14,682 INFO o.a.j.t.JMeterThread: Thread started: Agent search 2-374
2026-10-09 15:12:14,708 INFO o.a.j.t.JMeterThread: Thread is done: Agent search 2-374
2026-10-09 15:12:14,708 INFO o.a.j.t.JMeterThread: Thread finished: Agent search 2-374
2026-10-09 15:12:16,929 INFO o.a.j.t.JMeterThread: Thread is done: Ticket intake 1-54
2026-10-09 15:12:16,929 INFO o.a.j.t.JMeterThread: Thread finished: Ticket intake 1-54
2026-10-09 15:12:20,744 INFO o.a.j.t.JMeterThread: Thread started: Agent search 2-375
2026-10-09 15:12:20,768 INFO o.a.j.t.JMeterThread: Thread is done: Agent search 2-375
2026-10-09 15:12:20,768 INFO o.a.j.t.JMeterThread: Thread finished: Agent search 2-375
2026-10-09 15:12:22,382 INFO o.a.j.t.JMeterThread: Thread started: Agent search 2-376
2026-10-09 15:12:22,420 INFO o.a.j.t.JMeterThread: Thread is done: Agent search 2-376
2026-10-09 15:12:22,420 INFO o.a.j.t.JMeterThread: Thread finished: Agent search 2-376
2026-10-09 15:12:24,710 INFO o.a.j.t.JMeterThread: Thread is done: Ticket intake 1-55
2026-10-09 15:12:24,710 INFO o.a.j.t.JMeterThread: Thread finished: Ticket intake 1-55
2026-10-09 15:12:26,214 INFO o.a.j.t.JMeterThread: Thread started: Agent search 2-377
2026-10-09 15:12:26,253 INFO o.a.j.t.JMeterThread: Thread is done: Agent search 2-377
2026-10-09 15:12:26,253 INFO o.a.j.t.JMeterThread: Thread finished: Agent search 2-377
2026-10-09 15:12:26,256 INFO o.a.j.t.JMeterThread: Thread started: Ticket intake 1-88
2026-10-09 15:12:27,042 INFO o.a.j.t.JMeterThread: Thread started: Agent search 2-378
2026-10-09 15:12:27,073 INFO o.a.j.t.JMeterThread: Thread is done: Agent search 2-378
2026-10-09 15:12:27,073 INFO o.a.j.t.JMeterThread: Thread finished: Agent search 2-378
2026-10-09 15:12:33,960 INFO o.a.j.t.JMeterThread: Thread started: Agent search 2-379
2026-10-09 15:12:33,990 INFO o.a.j.r.Summariser: summary +     10 in 00:00:33 =    0.3/s Avg: 180068 Min:    23 Max: 600207 Err:     3 (30.00%) Active: 34 Started: 467 Finished: 433
2026-10-09 15:12:33,991 INFO o.a.j.r.Summariser: summary =    434 in 00:28:28 =    0.3/s Avg: 65212 Min:    16 Max: 600215 Err:    27 (6.22%)
2026-10-09 15:12:33,991 INFO o.a.j.t.JMeterThread: Thread is done: Agent search 2-379
2026-10-09 15:12:33,991 INFO o.a.j.t.JMeterThread: Thread finished: Agent search 2-379
2026-10-09 15:12:34,168 INFO o.a.j.t.JMeterThread: Thread started: Agent search 2-380
2026-10-09 15:12:34,210 INFO o.a.j.t.JMeterThread: Thread is done: Agent search 2-380
2026-10-09 15:12:34,210 INFO o.a.j.t.JMeterThread: Thread finished: Agent search 2-380
2026-10-09 15:12:42,064 INFO o.a.j.t.JMeterThread: Thread started: Agent search 2-381
2026-10-09 15:12:42,089 INFO o.a.j.t.JMeterThread: Thread is done: Agent search 2-381
2026-10-09 15:12:42,089 INFO o.a.j.t.JMeterThread: Thread finished: Agent search 2-381
2026-10-09 15:12:47,362 INFO o.a.j.t.JMeterThread: Thread started: Agent search 2-382
2026-10-09 15:12:47,390 INFO o.a.j.t.JMeterThread: Thread is done: Agent search 2-382
2026-10-09 15:12:47,390 INFO o.a.j.t.JMeterThread: Thread finished: Agent search 2-382
2026-10-09 15:12:49,696 INFO o.a.j.t.JMeterThread: Thread is done: Ticket intake 1-56
2026-10-09 15:12:49,696 INFO o.a.j.t.JMeterThread: Thread finished: Ticket intake 1-56
2026-10-09 15:12:50,720 INFO o.a.j.t.JMeterThread: Thread started: Ticket intake 1-89
2026-10-09 15:12:55,524 INFO o.a.j.t.JMeterThread: Thread started: Agent search 2-383
2026-10-09 15:12:55,573 INFO o.a.j.t.JMeterThread: Thread is done: Agent search 2-383
2026-10-09 15:12:55,574 INFO o.a.j.t.JMeterThread: Thread finished: Agent search 2-383
2026-10-09 15:12:56,781 INFO o.a.j.t.JMeterThread: Thread started: Agent search 2-384
2026-10-09 15:12:56,805 INFO o.a.j.t.JMeterThread: Thread is done: Agent search 2-384
2026-10-09 15:12:56,805 INFO o.a.j.t.JMeterThread: Thread finished: Agent search 2-384
2026-10-09 15:12:57,671 INFO o.a.j.t.JMeterThread: Thread started: Agent search 2-385
2026-10-09 15:12:57,705 INFO o.a.j.t.JMeterThread: Thread is done: Agent search 2-385
2026-10-09 15:12:57,705 INFO o.a.j.t.JMeterThread: Thread finished: Agent search 2-385
2026-10-09 15:13:00,512 INFO o.a.j.t.JMeterThread: Thread started: Agent search 2-386
2026-10-09 15:13:00,551 INFO o.a.j.r.Summariser: summary +      8 in 00:00:27 =    0.3/s Avg: 75051 Min:    24 Max: 600179 Err:     1 (12.50%) Active: 34 Started: 475 Finished: 441
2026-10-09 15:13:00,551 INFO o.a.j.r.Summariser: summary =    442 in 00:28:55 =    0.3/s Avg: 65390 Min:    16 Max: 600215 Err:    28 (6.33%)
2026-10-09 15:13:00,551 INFO o.a.j.t.JMeterThread: Thread is done: Agent search 2-386
2026-10-09 15:13:00,551 INFO o.a.j.t.JMeterThread: Thread finished: Agent search 2-386
2026-10-09 15:13:02,332 INFO o.a.j.t.JMeterThread: Thread started: Agent search 2-387
2026-10-09 15:13:02,354 INFO o.a.j.t.JMeterThread: Thread is done: Agent search 2-387
2026-10-09 15:13:02,354 INFO o.a.j.t.JMeterThread: Thread finished: Agent search 2-387
2026-10-09 15:13:03,726 INFO o.a.j.t.JMeterThread: Thread is done: Ticket intake 1-57
2026-10-09 15:13:03,726 INFO o.a.j.t.JMeterThread: Thread finished: Ticket intake 1-57
2026-10-09 15:13:05,786 INFO o.a.j.t.JMeterThread: Thread started: Agent search 2-388
2026-10-09 15:13:05,815 INFO o.a.j.t.JMeterThread: Thread is done: Agent search 2-388
2026-10-09 15:13:05,815 INFO o.a.j.t.JMeterThread: Thread finished: Agent search 2-388
2026-10-09 15:13:10,481 INFO o.a.j.t.JMeterThread: Thread started: Agent search 2-389
2026-10-09 15:13:10,512 INFO o.a.j.t.JMeterThread: Thread is done: Agent search 2-389
2026-10-09 15:13:10,512 INFO o.a.j.t.JMeterThread: Thread finished: Agent search 2-389
2026-10-09 15:13:11,125 INFO o.a.j.t.JMeterThread: Thread started: Ticket intake 1-90
2026-10-09 15:13:11,410 INFO o.a.j.t.JMeterThread: Thread started: Ticket intake 1-91
2026-10-09 15:13:21,885 INFO o.a.j.t.JMeterThread: Thread started: Ticket intake 1-92
2026-10-09 15:13:23,225 INFO o.a.j.t.JMeterThread: Thread started: Agent search 2-390
2026-10-09 15:13:23,251 INFO o.a.j.t.JMeterThread: Thread is done: Agent search 2-390
2026-10-09 15:13:23,251 INFO o.a.j.t.JMeterThread: Thread finished: Agent search 2-390
2026-10-09 15:13:30,983 INFO o.a.j.t.JMeterThread: Thread started: Agent search 2-391
2026-10-09 15:13:31,008 INFO o.a.j.r.Summariser: summary +      6 in 00:00:30 =    0.2/s Avg: 100040 Min:    21 Max: 600113 Err:     1 (16.67%) Active: 36 Started: 483 Finished: 447
2026-10-09 15:13:31,008 INFO o.a.j.r.Summariser: summary =    448 in 00:29:25 =    0.3/s Avg: 65854 Min:    16 Max: 600215 Err:    29 (6.47%)
2026-10-09 15:13:31,009 INFO o.a.j.t.JMeterThread: Thread is done: Agent search 2-391
2026-10-09 15:13:31,009 INFO o.a.j.t.JMeterThread: Thread finished: Agent search 2-391
2026-10-09 15:13:35,812 INFO o.a.j.t.JMeterThread: Thread started: Agent search 2-392
2026-10-09 15:13:35,839 INFO o.a.j.t.JMeterThread: Thread is done: Agent search 2-392
2026-10-09 15:13:35,839 INFO o.a.j.t.JMeterThread: Thread finished: Agent search 2-392
2026-10-09 15:13:38,639 INFO o.a.j.t.JMeterThread: Thread started: Agent search 2-393
2026-10-09 15:13:38,668 INFO o.a.j.t.JMeterThread: Thread is done: Agent search 2-393
2026-10-09 15:13:38,668 INFO o.a.j.t.JMeterThread: Thread finished: Agent search 2-393
2026-10-09 15:13:39,401 INFO o.a.j.t.JMeterThread: Thread started: Agent search 2-394
2026-10-09 15:13:39,434 INFO o.a.j.t.JMeterThread: Thread is done: Agent search 2-394
2026-10-09 15:13:39,434 INFO o.a.j.t.JMeterThread: Thread finished: Agent search 2-394
2026-10-09 15:13:39,843 INFO o.a.j.t.JMeterThread: Thread started: Agent search 2-395
2026-10-09 15:13:39,870 INFO o.a.j.t.JMeterThread: Thread is done: Agent search 2-395
2026-10-09 15:13:39,870 INFO o.a.j.t.JMeterThread: Thread finished: Agent search 2-395
2026-10-09 15:13:42,995 INFO o.a.j.t.JMeterThread: Thread started: Agent search 2-396
2026-10-09 15:13:43,032 INFO o.a.j.t.JMeterThread: Thread is done: Agent search 2-396
2026-10-09 15:13:43,033 INFO o.a.j.t.JMeterThread: Thread finished: Agent search 2-396
2026-10-09 15:13:43,560 INFO o.a.j.t.JMeterThread: Thread is done: Ticket intake 1-58
2026-10-09 15:13:43,560 INFO o.a.j.t.JMeterThread: Thread finished: Ticket intake 1-58
2026-10-09 15:13:49,135 INFO o.a.j.t.JMeterThread: Thread started: Agent search 2-397
2026-10-09 15:13:49,159 INFO o.a.j.t.JMeterThread: Thread is done: Agent search 2-397
2026-10-09 15:13:49,159 INFO o.a.j.t.JMeterThread: Thread finished: Agent search 2-397
2026-10-09 15:13:50,075 INFO o.a.j.t.JMeterThread: Thread started: Agent search 2-398
2026-10-09 15:13:50,118 INFO o.a.j.t.JMeterThread: Thread is done: Agent search 2-398
2026-10-09 15:13:50,118 INFO o.a.j.t.JMeterThread: Thread finished: Agent search 2-398
2026-10-09 15:13:53,106 INFO o.a.j.t.JMeterThread: Thread started: Agent search 2-399
2026-10-09 15:13:53,133 INFO o.a.j.t.JMeterThread: Thread is done: Agent search 2-399
2026-10-09 15:13:53,133 INFO o.a.j.t.JMeterThread: Thread finished: Agent search 2-399
2026-10-09 15:13:53,407 INFO o.a.j.t.JMeterThread: Thread started: Agent search 2-400
2026-10-09 15:13:53,429 INFO o.a.j.t.JMeterThread: Thread is done: Agent search 2-400
2026-10-09 15:13:53,429 INFO o.a.j.t.JMeterThread: Thread finished: Agent search 2-400
2026-10-09 15:13:54,306 INFO o.a.j.t.JMeterThread: Thread started: Agent search 2-401
2026-10-09 15:13:54,331 INFO o.a.j.t.JMeterThread: Thread is done: Agent search 2-401
2026-10-09 15:13:54,331 INFO o.a.j.t.JMeterThread: Thread finished: Agent search 2-401
2026-10-09 15:13:55,746 INFO o.a.j.t.JMeterThread: Thread is done: Ticket intake 1-59
2026-10-09 15:13:55,746 INFO o.a.j.t.JMeterThread: Thread finished: Ticket intake 1-59
2026-10-09 15:13:55,956 INFO o.a.j.t.JMeterThread: Thread started: Agent search 2-402
2026-10-09 15:13:55,990 INFO o.a.j.t.JMeterThread: Thread is done: Agent search 2-402
2026-10-09 15:13:55,990 INFO o.a.j.t.JMeterThread: Thread finished: Agent search 2-402
2026-10-09 15:13:58,018 INFO o.a.j.t.JMeterThread: Thread started: Agent search 2-403
2026-10-09 15:13:58,043 INFO o.a.j.t.JMeterThread: Thread is done: Agent search 2-403
2026-10-09 15:13:58,043 INFO o.a.j.t.JMeterThread: Thread finished: Agent search 2-403
2026-10-09 15:13:59,832 INFO o.a.j.t.JMeterThread: Thread started: Agent search 2-404
2026-10-09 15:13:59,870 INFO o.a.j.t.JMeterThread: Thread is done: Agent search 2-404
2026-10-09 15:13:59,870 INFO o.a.j.t.JMeterThread: Thread finished: Agent search 2-404
2026-10-09 15:13:59,898 INFO o.a.j.t.JMeterThread: Thread started: Agent search 2-405
2026-10-09 15:13:59,923 INFO o.a.j.t.JMeterThread: Thread is done: Agent search 2-405
2026-10-09 15:13:59,923 INFO o.a.j.t.JMeterThread: Thread finished: Agent search 2-405
2026-10-09 15:14:01,149 INFO o.a.j.t.JMeterThread: Thread started: Agent search 2-406
2026-10-09 15:14:01,198 INFO o.a.j.r.Summariser: summary +     17 in 00:00:30 =    0.6/s Avg: 69965 Min:    21 Max: 600168 Err:     1 (5.88%) Active: 34 Started: 498 Finished: 464
2026-10-09 15:14:01,198 INFO o.a.j.r.Summariser: summary =    465 in 00:29:55 =    0.3/s Avg: 66004 Min:    16 Max: 600215 Err:    30 (6.45%)
2026-10-09 15:14:01,198 INFO o.a.j.t.JMeterThread: Thread is done: Agent search 2-406
2026-10-09 15:14:01,198 INFO o.a.j.t.JMeterThread: Thread finished: Agent search 2-406
2026-10-09 15:14:03,487 INFO o.a.j.t.JMeterThread: Thread started: Ticket intake 1-93
2026-10-09 15:14:04,347 INFO o.a.j.t.JMeterThread: Thread is done: Ticket intake 1-60
2026-10-09 15:14:04,347 INFO o.a.j.t.JMeterThread: Thread finished: Ticket intake 1-60
2026-10-09 15:14:10,072 INFO o.a.j.t.JMeterThread: Thread started: Agent search 2-407
2026-10-09 15:14:10,108 INFO o.a.j.t.JMeterThread: Thread is done: Agent search 2-407
2026-10-09 15:14:10,108 INFO o.a.j.t.JMeterThread: Thread finished: Agent search 2-407
2026-10-09 15:14:15,480 INFO o.a.j.t.JMeterThread: Thread started: Agent search 2-408
2026-10-09 15:14:15,507 INFO o.a.j.t.JMeterThread: Thread is done: Agent search 2-408
2026-10-09 15:14:15,507 INFO o.a.j.t.JMeterThread: Thread finished: Agent search 2-408
2026-10-09 15:14:15,745 INFO o.a.j.t.JMeterThread: Thread started: Agent search 2-409
2026-10-09 15:14:15,782 INFO o.a.j.t.JMeterThread: Thread is done: Agent search 2-409
2026-10-09 15:14:15,782 INFO o.a.j.t.JMeterThread: Thread finished: Agent search 2-409
2026-10-09 15:14:20,395 INFO o.a.j.t.JMeterThread: Thread started: Ticket intake 1-94
2026-10-09 15:14:23,580 INFO o.a.j.t.JMeterThread: Thread started: Ticket intake 1-95
2026-10-09 15:14:24,789 INFO o.a.j.t.JMeterThread: Thread is done: Ticket intake 1-61
2026-10-09 15:14:24,789 INFO o.a.j.t.JMeterThread: Thread finished: Ticket intake 1-61
2026-10-09 15:14:27,023 INFO o.a.j.t.JMeterThread: Thread started: Agent search 2-410
2026-10-09 15:14:27,055 INFO o.a.j.t.JMeterThread: Thread is done: Agent search 2-410
2026-10-09 15:14:27,055 INFO o.a.j.t.JMeterThread: Thread finished: Agent search 2-410
2026-10-09 15:14:31,550 INFO o.a.j.r.Summariser: summary +      7 in 00:00:30 =    0.2/s Avg: 257206 Min:    26 Max: 600140 Err:     3 (42.86%) Active: 34 Started: 505 Finished: 471
2026-10-09 15:14:31,551 INFO o.a.j.r.Summariser: summary =    472 in 00:30:26 =    0.3/s Avg: 68840 Min:    16 Max: 600215 Err:    33 (6.99%)
2026-10-09 15:14:31,551 INFO o.a.j.t.JMeterThread: Thread is done: Ticket intake 1-62
2026-10-09 15:14:31,551 INFO o.a.j.t.JMeterThread: Thread finished: Ticket intake 1-62
2026-10-09 15:14:35,477 INFO o.a.j.t.JMeterThread: Thread is done: Ticket intake 1-63
2026-10-09 15:14:35,477 INFO o.a.j.t.JMeterThread: Thread finished: Ticket intake 1-63
2026-10-09 15:14:37,084 INFO o.a.j.t.JMeterThread: Thread started: Agent search 2-411
2026-10-09 15:14:37,111 INFO o.a.j.t.JMeterThread: Thread is done: Agent search 2-411
2026-10-09 15:14:37,111 INFO o.a.j.t.JMeterThread: Thread finished: Agent search 2-411
2026-10-09 15:14:38,138 INFO o.a.j.t.JMeterThread: Thread started: Ticket intake 1-96
2026-10-09 15:14:40,730 INFO o.a.j.t.JMeterThread: Thread started: Agent search 2-412
2026-10-09 15:14:40,755 INFO o.a.j.t.JMeterThread: Thread is done: Agent search 2-412
2026-10-09 15:14:40,755 INFO o.a.j.t.JMeterThread: Thread finished: Agent search 2-412
2026-10-09 15:14:46,012 INFO o.a.j.t.JMeterThread: Thread is done: Ticket intake 1-64
2026-10-09 15:14:46,012 INFO o.a.j.t.JMeterThread: Thread finished: Ticket intake 1-64
2026-10-09 15:14:49,789 INFO o.a.j.t.JMeterThread: Thread started: Agent search 2-413
2026-10-09 15:14:49,811 INFO o.a.j.t.JMeterThread: Thread is done: Agent search 2-413
2026-10-09 15:14:49,811 INFO o.a.j.t.JMeterThread: Thread finished: Agent search 2-413
2026-10-09 15:14:50,298 INFO o.a.j.t.JMeterThread: Thread started: Agent search 2-414
2026-10-09 15:14:50,326 INFO o.a.j.t.JMeterThread: Thread is done: Agent search 2-414
2026-10-09 15:14:50,326 INFO o.a.j.t.JMeterThread: Thread finished: Agent search 2-414
2026-10-09 15:14:50,677 INFO o.a.j.t.JMeterThread: Thread started: Agent search 2-415
2026-10-09 15:14:50,698 INFO o.a.j.t.JMeterThread: Thread is done: Agent search 2-415
2026-10-09 15:14:50,698 INFO o.a.j.t.JMeterThread: Thread finished: Agent search 2-415
2026-10-09 15:14:51,127 INFO o.a.j.t.JMeterThread: Thread started: Agent search 2-416
2026-10-09 15:14:51,149 INFO o.a.j.t.JMeterThread: Thread is done: Agent search 2-416
2026-10-09 15:14:51,149 INFO o.a.j.t.JMeterThread: Thread finished: Agent search 2-416
2026-10-09 15:14:59,328 INFO o.a.j.t.JMeterThread: Thread started: Agent search 2-417
2026-10-09 15:14:59,359 INFO o.a.j.t.JMeterThread: Thread is done: Agent search 2-417
2026-10-09 15:14:59,360 INFO o.a.j.t.JMeterThread: Thread finished: Agent search 2-417
2026-10-09 15:15:00,133 INFO o.a.j.t.JMeterThread: Thread started: Agent search 2-418
2026-10-09 15:15:00,157 INFO o.a.j.r.Summariser: summary +     10 in 00:00:29 =    0.3/s Avg: 120040 Min:    19 Max: 600114 Err:     2 (20.00%) Active: 33 Started: 514 Finished: 481
2026-10-09 15:15:00,157 INFO o.a.j.r.Summariser: summary =    482 in 00:30:54 =    0.3/s Avg: 69902 Min:    16 Max: 600215 Err:    35 (7.26%)
2026-10-09 15:15:00,158 INFO o.a.j.t.JMeterThread: Thread is done: Agent search 2-418
2026-10-09 15:15:00,158 INFO o.a.j.t.JMeterThread: Thread finished: Agent search 2-418
2026-10-09 15:15:05,600 INFO o.a.j.t.JMeterThread: Thread is done: Ticket intake 1-65
2026-10-09 15:15:05,601 INFO o.a.j.t.JMeterThread: Thread finished: Ticket intake 1-65
2026-10-09 15:15:20,596 INFO o.a.j.t.JMeterThread: Thread started: Agent search 2-419
2026-10-09 15:15:20,621 INFO o.a.j.t.JMeterThread: Thread is done: Agent search 2-419
2026-10-09 15:15:20,621 INFO o.a.j.t.JMeterThread: Thread finished: Agent search 2-419
2026-10-09 15:15:20,834 INFO o.a.j.t.JMeterThread: Thread started: Agent search 2-420
2026-10-09 15:15:20,868 INFO o.a.j.t.JMeterThread: Thread is done: Agent search 2-420
2026-10-09 15:15:20,868 INFO o.a.j.t.JMeterThread: Thread finished: Agent search 2-420
2026-10-09 15:15:22,990 INFO o.a.j.t.JMeterThread: Thread started: Agent search 2-421
2026-10-09 15:15:23,024 INFO o.a.j.t.JMeterThread: Thread is done: Agent search 2-421
2026-10-09 15:15:23,024 INFO o.a.j.t.JMeterThread: Thread finished: Agent search 2-421
2026-10-09 15:15:25,704 INFO o.a.j.t.JMeterThread: Thread started: Ticket intake 1-97
2026-10-09 15:15:28,310 INFO o.a.j.t.JMeterThread: Thread started: Ticket intake 1-98
2026-10-09 15:15:28,858 INFO o.a.j.t.JMeterThread: Thread started: Agent search 2-422
2026-10-09 15:15:28,917 INFO o.a.j.t.JMeterThread: Thread is done: Agent search 2-422
2026-10-09 15:15:28,917 INFO o.a.j.t.JMeterThread: Thread finished: Agent search 2-422
2026-10-09 15:15:31,695 INFO o.a.j.r.Summariser: summary +      6 in 00:00:32 =    0.2/s Avg: 200057 Min:    25 Max: 600100 Err:     2 (33.33%) Active: 33 Started: 520 Finished: 487
2026-10-09 15:15:31,696 INFO o.a.j.r.Summariser: summary =    488 in 00:31:26 =    0.3/s Avg: 71502 Min:    16 Max: 600215 Err:    37 (7.58%)
2026-10-09 15:15:31,696 INFO o.a.j.t.JMeterThread: Thread is done: Ticket intake 1-66
2026-10-09 15:15:31,696 INFO o.a.j.t.JMeterThread: Thread finished: Ticket intake 1-66
2026-10-09 15:15:35,963 INFO o.a.j.t.JMeterThread: Thread started: Agent search 2-423
2026-10-09 15:15:35,989 INFO o.a.j.t.JMeterThread: Thread is done: Agent search 2-423
2026-10-09 15:15:35,989 INFO o.a.j.t.JMeterThread: Thread finished: Agent search 2-423
2026-10-09 15:15:43,332 INFO o.a.j.t.JMeterThread: Thread started: Agent search 2-424
2026-10-09 15:15:43,356 INFO o.a.j.t.JMeterThread: Thread is done: Agent search 2-424
2026-10-09 15:15:43,356 INFO o.a.j.t.JMeterThread: Thread finished: Agent search 2-424
2026-10-09 15:15:45,417 INFO o.a.j.t.JMeterThread: Thread is done: Ticket intake 1-67
2026-10-09 15:15:45,418 INFO o.a.j.t.JMeterThread: Thread finished: Ticket intake 1-67
2026-10-09 15:15:50,751 INFO o.a.j.t.JMeterThread: Thread is done: Ticket intake 1-68
2026-10-09 15:15:50,751 INFO o.a.j.t.JMeterThread: Thread finished: Ticket intake 1-68
2026-10-09 15:15:52,307 INFO o.a.j.t.JMeterThread: Thread started: Ticket intake 1-99
2026-10-09 15:15:52,864 INFO o.a.j.t.JMeterThread: Thread started: Agent search 2-425
2026-10-09 15:15:52,889 INFO o.a.j.t.JMeterThread: Thread is done: Agent search 2-425
2026-10-09 15:15:52,889 INFO o.a.j.t.JMeterThread: Thread finished: Agent search 2-425
2026-10-09 15:15:53,752 INFO o.a.j.t.JMeterThread: Thread started: Ticket intake 1-100
2026-10-09 15:15:56,044 INFO o.a.j.t.JMeterThread: Thread started: Agent search 2-426
2026-10-09 15:15:56,075 INFO o.a.j.t.JMeterThread: Thread is done: Agent search 2-426
2026-10-09 15:15:56,075 INFO o.a.j.t.JMeterThread: Thread finished: Agent search 2-426
2026-10-09 15:15:59,389 INFO o.a.j.t.JMeterThread: Thread started: Ticket intake 1-101
2026-10-09 15:16:01,445 INFO o.a.j.t.JMeterThread: Thread started: Ticket intake 1-102
2026-10-09 15:16:02,550 INFO o.a.j.t.JMeterThread: Thread started: Ticket intake 1-103
2026-10-09 15:16:06,102 INFO o.a.j.t.JMeterThread: Thread is done: Ticket intake 1-69
2026-10-09 15:16:06,102 INFO o.a.j.t.JMeterThread: Thread finished: Ticket intake 1-69
2026-10-09 15:16:07,293 INFO o.a.j.t.JMeterThread: Thread started: Agent search 2-427
2026-10-09 15:16:07,320 INFO o.a.j.t.JMeterThread: Thread is done: Agent search 2-427
2026-10-09 15:16:07,320 INFO o.a.j.t.JMeterThread: Thread finished: Agent search 2-427
2026-10-09 15:16:07,562 INFO o.a.j.t.JMeterThread: Thread started: Ticket intake 1-104
2026-10-09 15:16:08,176 INFO o.a.j.t.JMeterThread: Thread started: Agent search 2-428
2026-10-09 15:16:08,216 INFO o.a.j.t.JMeterThread: Thread is done: Agent search 2-428
2026-10-09 15:16:08,216 INFO o.a.j.t.JMeterThread: Thread finished: Agent search 2-428
2026-10-09 15:16:10,043 INFO o.a.j.t.JMeterThread: Thread started: Agent search 2-429
2026-10-09 15:16:10,083 INFO o.a.j.t.JMeterThread: Thread is done: Agent search 2-429
2026-10-09 15:16:10,084 INFO o.a.j.t.JMeterThread: Thread finished: Agent search 2-429
2026-10-09 15:16:12,277 INFO o.a.j.t.JMeterThread: Thread is done: Ticket intake 1-70
2026-10-09 15:16:12,277 INFO o.a.j.t.JMeterThread: Thread finished: Ticket intake 1-70
2026-10-09 15:16:12,980 INFO o.a.j.t.JMeterThread: Thread started: Agent search 2-430
2026-10-09 15:16:13,021 INFO o.a.j.t.JMeterThread: Thread is done: Agent search 2-430
2026-10-09 15:16:13,021 INFO o.a.j.t.JMeterThread: Thread finished: Agent search 2-430
2026-10-09 15:16:15,045 INFO o.a.j.t.JMeterThread: Thread started: Agent search 2-431
2026-10-09 15:16:15,069 INFO o.a.j.t.JMeterThread: Thread is done: Agent search 2-431
2026-10-09 15:16:15,069 INFO o.a.j.t.JMeterThread: Thread finished: Agent search 2-431
2026-10-09 15:16:15,729 INFO o.a.j.t.JMeterThread: Thread is done: Ticket intake 1-71
2026-10-09 15:16:15,729 INFO o.a.j.t.JMeterThread: Thread finished: Ticket intake 1-71
2026-10-09 15:16:19,517 INFO o.a.j.t.JMeterThread: Thread is done: Ticket intake 1-72
2026-10-09 15:16:19,517 INFO o.a.j.t.JMeterThread: Thread finished: Ticket intake 1-72
2026-10-09 15:16:25,968 INFO o.a.j.t.JMeterThread: Thread is done: Ticket intake 1-73
2026-10-09 15:16:25,969 INFO o.a.j.t.JMeterThread: Thread finished: Ticket intake 1-73
2026-10-09 15:16:28,961 INFO o.a.j.t.JMeterThread: Thread started: Agent search 2-432
2026-10-09 15:16:28,992 INFO o.a.j.t.JMeterThread: Thread is done: Agent search 2-432
2026-10-09 15:16:28,992 INFO o.a.j.t.JMeterThread: Thread finished: Agent search 2-432
2026-10-09 15:16:34,455 INFO o.a.j.t.JMeterThread: Thread started: Agent search 2-433
2026-10-09 15:16:34,482 INFO o.a.j.r.Summariser: summary +     18 in 00:01:03 =    0.3/s Avg: 233410 Min:    23 Max: 600198 Err:     7 (38.89%) Active: 32 Started: 537 Finished: 505
2026-10-09 15:16:34,482 INFO o.a.j.r.Summariser: summary =    506 in 00:32:28 =    0.3/s Avg: 77262 Min:    16 Max: 600215 Err:    44 (8.70%)
2026-10-09 15:16:34,483 INFO o.a.j.t.JMeterThread: Thread is done: Agent search 2-433
2026-10-09 15:16:34,483 INFO o.a.j.t.JMeterThread: Thread finished: Agent search 2-433
2026-10-09 15:16:35,039 INFO o.a.j.t.JMeterThread: Thread started: Agent search 2-434
2026-10-09 15:16:35,069 INFO o.a.j.t.JMeterThread: Thread is done: Agent search 2-434
2026-10-09 15:16:35,069 INFO o.a.j.t.JMeterThread: Thread finished: Agent search 2-434
2026-10-09 15:16:35,324 INFO o.a.j.t.JMeterThread: Thread started: Agent search 2-435
2026-10-09 15:16:35,349 INFO o.a.j.t.JMeterThread: Thread is done: Agent search 2-435
2026-10-09 15:16:35,349 INFO o.a.j.t.JMeterThread: Thread finished: Agent search 2-435
2026-10-09 15:16:37,296 INFO o.a.j.t.JMeterThread: Thread started: Ticket intake 1-105
2026-10-09 15:16:40,545 INFO o.a.j.t.JMeterThread: Thread started: Agent search 2-436
2026-10-09 15:16:40,569 INFO o.a.j.t.JMeterThread: Thread is done: Agent search 2-436
2026-10-09 15:16:40,569 INFO o.a.j.t.JMeterThread: Thread finished: Agent search 2-436
2026-10-09 15:16:44,268 INFO o.a.j.t.JMeterThread: Thread started: Ticket intake 1-106
2026-10-09 15:16:50,045 INFO o.a.j.t.JMeterThread: Thread started: Agent search 2-437
2026-10-09 15:16:50,080 INFO o.a.j.t.JMeterThread: Thread is done: Agent search 2-437
2026-10-09 15:16:50,080 INFO o.a.j.t.JMeterThread: Thread finished: Agent search 2-437
2026-10-09 15:16:53,228 INFO o.a.j.t.JMeterThread: Thread started: Agent search 2-438
2026-10-09 15:16:53,251 INFO o.a.j.t.JMeterThread: Thread is done: Agent search 2-438
2026-10-09 15:16:53,251 INFO o.a.j.t.JMeterThread: Thread finished: Agent search 2-438
2026-10-09 15:16:55,972 INFO o.a.j.t.JMeterThread: Thread is done: Ticket intake 1-74
2026-10-09 15:16:55,972 INFO o.a.j.t.JMeterThread: Thread finished: Ticket intake 1-74
2026-10-09 15:16:56,023 INFO o.a.j.t.JMeterThread: Thread started: Agent search 2-439
2026-10-09 15:16:56,048 INFO o.a.j.t.JMeterThread: Thread is done: Agent search 2-439
2026-10-09 15:16:56,048 INFO o.a.j.t.JMeterThread: Thread finished: Agent search 2-439
2026-10-09 15:16:57,328 INFO o.a.j.t.JMeterThread: Thread started: Ticket intake 1-107
2026-10-09 15:16:58,522 INFO o.a.j.t.JMeterThread: Thread started: Agent search 2-440
2026-10-09 15:16:58,565 INFO o.a.j.t.JMeterThread: Thread is done: Agent search 2-440
2026-10-09 15:16:58,565 INFO o.a.j.t.JMeterThread: Thread finished: Agent search 2-440
2026-10-09 15:16:59,044 INFO o.a.j.t.JMeterThread: Thread is done: Ticket intake 1-75
2026-10-09 15:16:59,044 INFO o.a.j.t.JMeterThread: Thread finished: Ticket intake 1-75
2026-10-09 15:16:59,693 INFO o.a.j.t.JMeterThread: Thread started: Agent search 2-441
2026-10-09 15:16:59,719 INFO o.a.j.t.JMeterThread: Thread is done: Agent search 2-441
2026-10-09 15:16:59,719 INFO o.a.j.t.JMeterThread: Thread finished: Agent search 2-441
2026-10-09 15:17:06,383 INFO o.a.j.t.JMeterThread: Thread started: Agent search 2-442
2026-10-09 15:17:06,407 INFO o.a.j.t.JMeterThread: Thread is done: Agent search 2-442
2026-10-09 15:17:06,407 INFO o.a.j.t.JMeterThread: Thread finished: Agent search 2-442
2026-10-09 15:17:07,728 INFO o.a.j.t.JMeterThread: Thread started: Ticket intake 1-108
2026-10-09 15:17:10,206 INFO o.a.j.t.JMeterThread: Thread is done: Ticket intake 1-76
2026-10-09 15:17:10,206 INFO o.a.j.t.JMeterThread: Thread finished: Ticket intake 1-76
2026-10-09 15:17:11,344 INFO o.a.j.t.JMeterThread: Thread started: Agent search 2-443
2026-10-09 15:17:11,369 INFO o.a.j.t.JMeterThread: Thread is done: Agent search 2-443
2026-10-09 15:17:11,369 INFO o.a.j.t.JMeterThread: Thread finished: Agent search 2-443
2026-10-09 15:17:18,061 INFO o.a.j.t.JMeterThread: Thread started: Agent search 2-444
2026-10-09 15:17:18,083 INFO o.a.j.t.JMeterThread: Thread is done: Agent search 2-444
2026-10-09 15:17:18,083 INFO o.a.j.t.JMeterThread: Thread finished: Agent search 2-444
2026-10-09 15:17:31,710 INFO o.a.j.r.Summariser: summary +     15 in 00:00:57 =    0.3/s Avg: 159537 Min:    21 Max: 604497 Err:     3 (20.00%) Active: 32 Started: 552 Finished: 520
2026-10-09 15:17:31,710 INFO o.a.j.r.Summariser: summary =    521 in 00:33:26 =    0.3/s Avg: 79631 Min:    16 Max: 604497 Err:    47 (9.02%)
2026-10-09 15:17:31,711 INFO o.a.j.t.JMeterThread: Thread is done: Ticket intake 1-77
2026-10-09 15:17:31,711 INFO o.a.j.t.JMeterThread: Thread finished: Ticket intake 1-77
2026-10-09 15:17:38,391 INFO o.a.j.t.JMeterThread: Thread started: Agent search 2-445
2026-10-09 15:17:38,416 INFO o.a.j.t.JMeterThread: Thread is done: Agent search 2-445
2026-10-09 15:17:38,416 INFO o.a.j.t.JMeterThread: Thread finished: Agent search 2-445
2026-10-09 15:17:39,285 INFO o.a.j.t.JMeterThread: Thread started: Ticket intake 1-109
2026-10-09 15:17:45,609 INFO o.a.j.t.JMeterThread: Thread started: Agent search 2-446
2026-10-09 15:17:45,638 INFO o.a.j.t.JMeterThread: Thread is done: Agent search 2-446
2026-10-09 15:17:45,638 INFO o.a.j.t.JMeterThread: Thread finished: Agent search 2-446
2026-10-09 15:17:45,807 INFO o.a.j.t.JMeterThread: Thread started: Agent search 2-447
2026-10-09 15:17:45,831 INFO o.a.j.t.JMeterThread: Thread is done: Agent search 2-447
2026-10-09 15:17:45,831 INFO o.a.j.t.JMeterThread: Thread finished: Agent search 2-447
2026-10-09 15:17:49,068 INFO o.a.j.t.JMeterThread: Thread started: Ticket intake 1-110
2026-10-09 15:17:53,421 INFO o.a.j.t.JMeterThread: Thread started: Agent search 2-448
2026-10-09 15:17:53,447 INFO o.a.j.t.JMeterThread: Thread is done: Agent search 2-448
2026-10-09 15:17:53,447 INFO o.a.j.t.JMeterThread: Thread finished: Agent search 2-448
2026-10-09 15:18:02,677 INFO o.a.j.t.JMeterThread: Thread started: Agent search 2-449
2026-10-09 15:18:02,702 INFO o.a.j.r.Summariser: summary +      5 in 00:00:31 =    0.2/s Avg:    25 Min:    23 Max:    29 Err:     0 (0.00%) Active: 34 Started: 559 Finished: 525
2026-10-09 15:18:02,702 INFO o.a.j.r.Summariser: summary =    526 in 00:33:57 =    0.3/s Avg: 78874 Min:    16 Max: 604497 Err:    47 (8.94%)
2026-10-09 15:18:02,702 INFO o.a.j.t.JMeterThread: Thread is done: Agent search 2-449
2026-10-09 15:18:02,702 INFO o.a.j.t.JMeterThread: Thread finished: Agent search 2-449
2026-10-09 15:18:04,471 INFO o.a.j.t.JMeterThread: Thread started: Agent search 2-450
2026-10-09 15:18:04,495 INFO o.a.j.t.JMeterThread: Thread is done: Agent search 2-450
2026-10-09 15:18:04,495 INFO o.a.j.t.JMeterThread: Thread finished: Agent search 2-450
2026-10-09 15:18:05,886 INFO o.a.j.t.JMeterThread: Thread started: Agent search 2-451
2026-10-09 15:18:05,954 INFO o.a.j.t.JMeterThread: Thread is done: Agent search 2-451
2026-10-09 15:18:05,954 INFO o.a.j.t.JMeterThread: Thread finished: Agent search 2-451
2026-10-09 15:18:07,202 INFO o.a.j.t.JMeterThread: Thread started: Agent search 2-452
2026-10-09 15:18:07,227 INFO o.a.j.t.JMeterThread: Thread is done: Agent search 2-452
2026-10-09 15:18:07,227 INFO o.a.j.t.JMeterThread: Thread finished: Agent search 2-452
2026-10-09 15:18:11,025 INFO o.a.j.t.JMeterThread: Thread started: Agent search 2-453
2026-10-09 15:18:11,050 INFO o.a.j.t.JMeterThread: Thread is done: Agent search 2-453
2026-10-09 15:18:11,050 INFO o.a.j.t.JMeterThread: Thread finished: Agent search 2-453
2026-10-09 15:18:11,420 INFO o.a.j.t.JMeterThread: Thread started: Agent search 2-454
2026-10-09 15:18:11,446 INFO o.a.j.t.JMeterThread: Thread is done: Agent search 2-454
2026-10-09 15:18:11,446 INFO o.a.j.t.JMeterThread: Thread finished: Agent search 2-454
2026-10-09 15:18:11,812 INFO o.a.j.t.JMeterThread: Thread started: Ticket intake 1-111
2026-10-09 15:18:13,061 INFO o.a.j.t.JMeterThread: Thread started: Agent search 2-455
2026-10-09 15:18:13,088 INFO o.a.j.t.JMeterThread: Thread is done: Agent search 2-455
2026-10-09 15:18:13,088 INFO o.a.j.t.JMeterThread: Thread finished: Agent search 2-455
2026-10-09 15:18:14,626 INFO o.a.j.t.JMeterThread: Thread is done: Ticket intake 1-78
2026-10-09 15:18:14,626 INFO o.a.j.t.JMeterThread: Thread finished: Ticket intake 1-78
2026-10-09 15:18:18,617 INFO o.a.j.t.JMeterThread: Thread started: Agent search 2-456
2026-10-09 15:18:18,636 INFO o.a.j.t.JMeterThread: Thread is done: Agent search 2-456
2026-10-09 15:18:18,636 INFO o.a.j.t.JMeterThread: Thread finished: Agent search 2-456
2026-10-09 15:18:22,174 INFO o.a.j.t.JMeterThread: Thread started: Agent search 2-457
2026-10-09 15:18:22,211 INFO o.a.j.t.JMeterThread: Thread is done: Agent search 2-457
2026-10-09 15:18:22,211 INFO o.a.j.t.JMeterThread: Thread finished: Agent search 2-457
2026-10-09 15:18:22,323 INFO o.a.j.t.JMeterThread: Thread started: Agent search 2-458
2026-10-09 15:18:22,367 INFO o.a.j.t.JMeterThread: Thread is done: Agent search 2-458
2026-10-09 15:18:22,367 INFO o.a.j.t.JMeterThread: Thread finished: Agent search 2-458
2026-10-09 15:18:24,334 INFO o.a.j.t.JMeterThread: Thread started: Agent search 2-459
2026-10-09 15:18:24,387 INFO o.a.j.t.JMeterThread: Thread is done: Agent search 2-459
2026-10-09 15:18:24,387 INFO o.a.j.t.JMeterThread: Thread finished: Agent search 2-459
2026-10-09 15:18:24,496 INFO o.a.j.t.JMeterThread: Thread started: Agent search 2-460
2026-10-09 15:18:24,540 INFO o.a.j.t.JMeterThread: Thread is done: Agent search 2-460
2026-10-09 15:18:24,541 INFO o.a.j.t.JMeterThread: Thread finished: Agent search 2-460
2026-10-09 15:18:34,175 INFO o.a.j.r.Summariser: summary +     13 in 00:00:31 =    0.4/s Avg: 92352 Min:    18 Max: 600148 Err:     2 (15.38%) Active: 33 Started: 571 Finished: 538
2026-10-09 15:18:34,176 INFO o.a.j.r.Summariser: summary =    539 in 00:34:28 =    0.3/s Avg: 79199 Min:    16 Max: 604497 Err:    49 (9.09%)
2026-10-09 15:18:34,176 INFO o.a.j.t.JMeterThread: Thread is done: Ticket intake 1-79
2026-10-09 15:18:34,176 INFO o.a.j.t.JMeterThread: Thread finished: Ticket intake 1-79
2026-10-09 15:18:34,767 INFO o.a.j.t.JMeterThread: Thread started: Ticket intake 1-112
2026-10-09 15:18:35,790 INFO o.a.j.t.JMeterThread: Thread started: Agent search 2-461
2026-10-09 15:18:35,831 INFO o.a.j.t.JMeterThread: Thread is done: Agent search 2-461
2026-10-09 15:18:35,831 INFO o.a.j.t.JMeterThread: Thread finished: Agent search 2-461
2026-10-09 15:18:44,571 INFO o.a.j.t.JMeterThread: Thread started: Agent search 2-462
2026-10-09 15:18:44,606 INFO o.a.j.t.JMeterThread: Thread is done: Agent search 2-462
2026-10-09 15:18:44,608 INFO o.a.j.t.JMeterThread: Thread finished: Agent search 2-462
2026-10-09 15:18:45,805 INFO o.a.j.t.JMeterThread: Thread started: Agent search 2-463
2026-10-09 15:18:45,834 INFO o.a.j.t.JMeterThread: Thread is done: Agent search 2-463
2026-10-09 15:18:45,834 INFO o.a.j.t.JMeterThread: Thread finished: Agent search 2-463
2026-10-09 15:18:46,908 INFO o.a.j.t.JMeterThread: Thread started: Agent search 2-464
2026-10-09 15:18:46,934 INFO o.a.j.t.JMeterThread: Thread is done: Agent search 2-464
2026-10-09 15:18:46,934 INFO o.a.j.t.JMeterThread: Thread finished: Agent search 2-464
2026-10-09 15:18:50,985 INFO o.a.j.t.JMeterThread: Thread started: Agent search 2-465
2026-10-09 15:18:51,011 INFO o.a.j.t.JMeterThread: Thread is done: Agent search 2-465
2026-10-09 15:18:51,011 INFO o.a.j.t.JMeterThread: Thread finished: Agent search 2-465
2026-10-09 15:18:51,019 INFO o.a.j.t.JMeterThread: Thread started: Ticket intake 1-113
2026-10-09 15:18:52,301 INFO o.a.j.t.JMeterThread: Thread is done: Ticket intake 1-80
2026-10-09 15:18:52,302 INFO o.a.j.t.JMeterThread: Thread finished: Ticket intake 1-80
2026-10-09 15:18:52,342 INFO o.a.j.t.JMeterThread: Thread started: Agent search 2-466
2026-10-09 15:18:52,374 INFO o.a.j.t.JMeterThread: Thread is done: Agent search 2-466
2026-10-09 15:18:52,375 INFO o.a.j.t.JMeterThread: Thread finished: Agent search 2-466
2026-10-09 15:18:54,909 INFO o.a.j.t.JMeterThread: Thread started: Agent search 2-467
2026-10-09 15:18:54,933 INFO o.a.j.t.JMeterThread: Thread is done: Agent search 2-467
2026-10-09 15:18:54,933 INFO o.a.j.t.JMeterThread: Thread finished: Agent search 2-467
2026-10-09 15:18:55,634 INFO o.a.j.t.JMeterThread: Thread started: Agent search 2-468
2026-10-09 15:18:55,663 INFO o.a.j.t.JMeterThread: Thread is done: Agent search 2-468
2026-10-09 15:18:55,663 INFO o.a.j.t.JMeterThread: Thread finished: Agent search 2-468
2026-10-09 15:18:57,343 INFO o.a.j.t.JMeterThread: Thread started: Agent search 2-469
2026-10-09 15:18:57,363 INFO o.a.j.t.JMeterThread: Thread is done: Agent search 2-469
2026-10-09 15:18:57,363 INFO o.a.j.t.JMeterThread: Thread finished: Agent search 2-469
2026-10-09 15:18:57,543 INFO o.a.j.t.JMeterThread: Thread started: Agent search 2-470
2026-10-09 15:18:57,571 INFO o.a.j.t.JMeterThread: Thread is done: Agent search 2-470
2026-10-09 15:18:57,571 INFO o.a.j.t.JMeterThread: Thread finished: Agent search 2-470
2026-10-09 15:19:05,111 INFO o.a.j.t.JMeterThread: Thread started: Agent search 2-471
2026-10-09 15:19:05,143 INFO o.a.j.r.Summariser: summary +     12 in 00:00:31 =    0.4/s Avg: 50044 Min:    18 Max: 600223 Err:     1 (8.33%) Active: 34 Started: 584 Finished: 550
2026-10-09 15:19:05,143 INFO o.a.j.r.Summariser: summary =    551 in 00:34:59 =    0.3/s Avg: 78564 Min:    16 Max: 604497 Err:    50 (9.07%)
2026-10-09 15:19:05,144 INFO o.a.j.t.JMeterThread: Thread is done: Agent search 2-471
2026-10-09 15:19:05,144 INFO o.a.j.t.JMeterThread: Thread finished: Agent search 2-471
2026-10-09 15:19:10,211 INFO o.a.j.t.JMeterThread: Thread started: Agent search 2-472
2026-10-09 15:19:10,248 INFO o.a.j.t.JMeterThread: Thread is done: Agent search 2-472
2026-10-09 15:19:10,248 INFO o.a.j.t.JMeterThread: Thread finished: Agent search 2-472
2026-10-09 15:19:13,805 INFO o.a.j.t.JMeterThread: Thread is done: Ticket intake 1-81
2026-10-09 15:19:13,805 INFO o.a.j.t.JMeterThread: Thread finished: Ticket intake 1-81
2026-10-09 15:19:14,621 INFO o.a.j.t.JMeterThread: Thread started: Agent search 2-473
2026-10-09 15:19:14,652 INFO o.a.j.t.JMeterThread: Thread is done: Agent search 2-473
2026-10-09 15:19:14,652 INFO o.a.j.t.JMeterThread: Thread finished: Agent search 2-473
2026-10-09 15:19:14,726 INFO o.a.j.t.JMeterThread: Thread started: Agent search 2-474
2026-10-09 15:19:14,759 INFO o.a.j.t.JMeterThread: Thread is done: Agent search 2-474
2026-10-09 15:19:14,759 INFO o.a.j.t.JMeterThread: Thread finished: Agent search 2-474
2026-10-09 15:19:16,053 INFO o.a.j.t.JMeterThread: Thread started: Agent search 2-475
2026-10-09 15:19:16,077 INFO o.a.j.t.JMeterThread: Thread is done: Agent search 2-475
2026-10-09 15:19:16,077 INFO o.a.j.t.JMeterThread: Thread finished: Agent search 2-475
2026-10-09 15:19:17,089 INFO o.a.j.t.JMeterThread: Thread started: Agent search 2-476
2026-10-09 15:19:17,111 INFO o.a.j.t.JMeterThread: Thread is done: Agent search 2-476
2026-10-09 15:19:17,111 INFO o.a.j.t.JMeterThread: Thread finished: Agent search 2-476
2026-10-09 15:19:17,153 INFO o.a.j.t.JMeterThread: Thread started: Agent search 2-477
2026-10-09 15:19:17,176 INFO o.a.j.t.JMeterThread: Thread is done: Agent search 2-477
2026-10-09 15:19:17,176 INFO o.a.j.t.JMeterThread: Thread finished: Agent search 2-477
2026-10-09 15:19:20,522 INFO o.a.j.t.JMeterThread: Thread started: Agent search 2-478
2026-10-09 15:19:20,550 INFO o.a.j.t.JMeterThread: Thread is done: Agent search 2-478
2026-10-09 15:19:20,550 INFO o.a.j.t.JMeterThread: Thread finished: Agent search 2-478
2026-10-09 15:19:21,429 INFO o.a.j.t.JMeterThread: Thread started: Agent search 2-479
2026-10-09 15:19:21,461 INFO o.a.j.t.JMeterThread: Thread is done: Agent search 2-479
2026-10-09 15:19:21,461 INFO o.a.j.t.JMeterThread: Thread finished: Agent search 2-479
2026-10-09 15:19:22,733 INFO o.a.j.t.JMeterThread: Thread started: Agent search 2-480
2026-10-09 15:19:22,768 INFO o.a.j.t.JMeterThread: Thread is done: Agent search 2-480
2026-10-09 15:19:22,768 INFO o.a.j.t.JMeterThread: Thread finished: Agent search 2-480
2026-10-09 15:19:23,489 INFO o.a.j.t.JMeterThread: Thread started: Ticket intake 1-114
2026-10-09 15:19:27,205 INFO o.a.j.t.JMeterThread: Thread started: Agent search 2-481
2026-10-09 15:19:27,235 INFO o.a.j.t.JMeterThread: Thread is done: Agent search 2-481
2026-10-09 15:19:27,235 INFO o.a.j.t.JMeterThread: Thread finished: Agent search 2-481
2026-10-09 15:19:29,299 INFO o.a.j.t.JMeterThread: Thread started: Agent search 2-482
2026-10-09 15:19:29,343 INFO o.a.j.t.JMeterThread: Thread is done: Agent search 2-482
2026-10-09 15:19:29,343 INFO o.a.j.t.JMeterThread: Thread finished: Agent search 2-482
2026-10-09 15:19:29,779 INFO o.a.j.t.JMeterThread: Thread is done: Ticket intake 1-82
2026-10-09 15:19:29,779 INFO o.a.j.t.JMeterThread: Thread finished: Ticket intake 1-82
2026-10-09 15:19:39,448 INFO o.a.j.t.JMeterThread: Thread started: Ticket intake 1-115
2026-10-09 15:19:41,268 INFO o.a.j.t.JMeterThread: Thread started: Ticket intake 1-116
2026-10-09 15:19:52,205 INFO o.a.j.t.JMeterThread: Thread is done: Ticket intake 1-83
2026-10-09 15:19:52,205 INFO o.a.j.t.JMeterThread: Thread finished: Ticket intake 1-83
2026-10-09 15:19:55,554 INFO o.a.j.t.JMeterThread: Thread started: Agent search 2-483
2026-10-09 15:19:55,576 INFO o.a.j.t.JMeterThread: Thread is done: Agent search 2-483
2026-10-09 15:19:55,576 INFO o.a.j.t.JMeterThread: Thread finished: Agent search 2-483
2026-10-09 15:19:56,209 INFO o.a.j.t.JMeterThread: Thread is done: Ticket intake 1-84
2026-10-09 15:19:56,209 INFO o.a.j.t.JMeterThread: Thread finished: Ticket intake 1-84
2026-10-09 15:20:00,390 INFO o.a.j.t.JMeterThread: Thread started: Ticket intake 1-117
2026-10-09 15:20:04,856 INFO o.a.j.t.JMeterThread: Thread started: Agent search 2-484
2026-10-09 15:20:04,896 INFO o.a.j.r.Summariser: summary +     17 in 00:01:00 =    0.3/s Avg: 141237 Min:    21 Max: 600181 Err:     4 (23.53%) Active: 34 Started: 601 Finished: 567
2026-10-09 15:20:04,896 INFO o.a.j.r.Summariser: summary =    568 in 00:35:59 =    0.3/s Avg: 80440 Min:    16 Max: 604497 Err:    54 (9.51%)
2026-10-09 15:20:04,896 INFO o.a.j.t.JMeterThread: Thread is done: Agent search 2-484
2026-10-09 15:20:04,896 INFO o.a.j.t.JMeterThread: Thread finished: Agent search 2-484
2026-10-09 15:20:05,656 INFO o.a.j.t.JMeterThread: Thread started: Ticket intake 1-118
2026-10-09 15:20:09,454 INFO o.a.j.t.JMeterThread: Thread started: Agent search 2-485
2026-10-09 15:20:09,478 INFO o.a.j.t.JMeterThread: Thread is done: Agent search 2-485
2026-10-09 15:20:09,478 INFO o.a.j.t.JMeterThread: Thread finished: Agent search 2-485
2026-10-09 15:20:16,673 INFO o.a.j.t.JMeterThread: Thread started: Agent search 2-486
2026-10-09 15:20:16,710 INFO o.a.j.t.JMeterThread: Thread is done: Agent search 2-486
2026-10-09 15:20:16,710 INFO o.a.j.t.JMeterThread: Thread finished: Agent search 2-486
2026-10-09 15:20:23,012 INFO o.a.j.t.JMeterThread: Thread started: Agent search 2-487
2026-10-09 15:20:23,038 INFO o.a.j.t.JMeterThread: Thread is done: Agent search 2-487
2026-10-09 15:20:23,040 INFO o.a.j.t.JMeterThread: Thread finished: Agent search 2-487
2026-10-09 15:20:29,300 INFO o.a.j.t.JMeterThread: Thread started: Ticket intake 1-119
2026-10-09 15:20:29,490 INFO o.a.j.t.JMeterThread: Thread started: Agent search 2-488
2026-10-09 15:20:29,524 INFO o.a.j.t.JMeterThread: Thread is done: Agent search 2-488
2026-10-09 15:20:29,524 INFO o.a.j.t.JMeterThread: Thread finished: Agent search 2-488
2026-10-09 15:20:33,859 INFO o.a.j.t.JMeterThread: Thread started: Agent search 2-489
2026-10-09 15:20:33,881 INFO o.a.j.r.Summariser: summary +      5 in 00:00:29 =    0.2/s Avg:    28 Min:    21 Max:    36 Err:     0 (0.00%) Active: 36 Started: 608 Finished: 572
2026-10-09 15:20:33,882 INFO o.a.j.r.Summariser: summary =    573 in 00:36:28 =    0.3/s Avg: 79738 Min:    16 Max: 604497 Err:    54 (9.42%)
2026-10-09 15:20:33,882 INFO o.a.j.t.JMeterThread: Thread is done: Agent search 2-489
2026-10-09 15:20:33,882 INFO o.a.j.t.JMeterThread: Thread finished: Agent search 2-489
2026-10-09 15:20:33,987 INFO o.a.j.t.JMeterThread: Thread started: Agent search 2-490
2026-10-09 15:20:34,009 INFO o.a.j.t.JMeterThread: Thread is done: Agent search 2-490
2026-10-09 15:20:34,009 INFO o.a.j.t.JMeterThread: Thread finished: Agent search 2-490
2026-10-09 15:20:34,071 INFO o.a.j.t.JMeterThread: Thread started: Agent search 2-491
2026-10-09 15:20:34,097 INFO o.a.j.t.JMeterThread: Thread is done: Agent search 2-491
2026-10-09 15:20:34,097 INFO o.a.j.t.JMeterThread: Thread finished: Agent search 2-491
2026-10-09 15:20:35,244 INFO o.a.j.t.JMeterThread: Thread is done: Ticket intake 1-85
2026-10-09 15:20:35,244 INFO o.a.j.t.JMeterThread: Thread finished: Ticket intake 1-85
2026-10-09 15:20:35,470 INFO o.a.j.t.JMeterThread: Thread started: Agent search 2-492
2026-10-09 15:20:35,510 INFO o.a.j.t.JMeterThread: Thread is done: Agent search 2-492
2026-10-09 15:20:35,510 INFO o.a.j.t.JMeterThread: Thread finished: Agent search 2-492
2026-10-09 15:20:45,986 INFO o.a.j.t.JMeterThread: Thread started: Agent search 2-493
2026-10-09 15:20:46,029 INFO o.a.j.t.JMeterThread: Thread is done: Agent search 2-493
2026-10-09 15:20:46,029 INFO o.a.j.t.JMeterThread: Thread finished: Agent search 2-493
2026-10-09 15:20:46,626 INFO o.a.j.t.JMeterThread: Thread started: Agent search 2-494
2026-10-09 15:20:46,669 INFO o.a.j.t.JMeterThread: Thread is done: Agent search 2-494
2026-10-09 15:20:46,669 INFO o.a.j.t.JMeterThread: Thread finished: Agent search 2-494
2026-10-09 15:20:48,725 INFO o.a.j.t.JMeterThread: Thread started: Agent search 2-495
2026-10-09 15:20:48,772 INFO o.a.j.t.JMeterThread: Thread is done: Agent search 2-495
2026-10-09 15:20:48,772 INFO o.a.j.t.JMeterThread: Thread finished: Agent search 2-495
2026-10-09 15:20:49,307 INFO o.a.j.t.JMeterThread: Thread started: Ticket intake 1-120
2026-10-09 15:20:52,125 INFO o.a.j.t.JMeterThread: Thread started: Ticket intake 1-121
2026-10-09 15:20:52,622 INFO o.a.j.t.JMeterThread: Thread is done: Ticket intake 1-86
2026-10-09 15:20:52,622 INFO o.a.j.t.JMeterThread: Thread finished: Ticket intake 1-86
2026-10-09 15:20:59,327 INFO o.a.j.t.JMeterThread: Thread started: Agent search 2-496
2026-10-09 15:20:59,353 INFO o.a.j.t.JMeterThread: Thread is done: Agent search 2-496
2026-10-09 15:20:59,353 INFO o.a.j.t.JMeterThread: Thread finished: Agent search 2-496
2026-10-09 15:21:00,131 INFO o.a.j.t.JMeterThread: Thread started: Agent search 2-497
2026-10-09 15:21:00,154 INFO o.a.j.r.Summariser: summary +     10 in 00:00:26 =    0.4/s Avg: 118495 Min:    21 Max: 600127 Err:     1 (10.00%) Active: 36 Started: 618 Finished: 582
2026-10-09 15:21:00,155 INFO o.a.j.r.Summariser: summary =    583 in 00:36:54 =    0.3/s Avg: 80403 Min:    16 Max: 604497 Err:    55 (9.43%)
2026-10-09 15:21:00,156 INFO o.a.j.t.JMeterThread: Thread is done: Agent search 2-497
2026-10-09 15:21:00,156 INFO o.a.j.t.JMeterThread: Thread finished: Agent search 2-497
2026-10-09 15:21:02,452 INFO o.a.j.t.JMeterThread: Thread is done: Ticket intake 1-87
2026-10-09 15:21:02,453 INFO o.a.j.t.JMeterThread: Thread finished: Ticket intake 1-87
2026-10-09 15:21:13,026 INFO o.a.j.t.JMeterThread: Thread started: Agent search 2-498
2026-10-09 15:21:13,049 INFO o.a.j.t.JMeterThread: Thread is done: Agent search 2-498
2026-10-09 15:21:13,049 INFO o.a.j.t.JMeterThread: Thread finished: Agent search 2-498
2026-10-09 15:21:25,288 INFO o.a.j.t.JMeterThread: Thread is done: Ticket intake 1-88
2026-10-09 15:21:25,288 INFO o.a.j.t.JMeterThread: Thread finished: Ticket intake 1-88
2026-10-09 15:21:26,928 INFO o.a.j.t.JMeterThread: Thread started: Agent search 2-499
2026-10-09 15:21:26,951 INFO o.a.j.t.JMeterThread: Thread is done: Agent search 2-499
2026-10-09 15:21:26,951 INFO o.a.j.t.JMeterThread: Thread finished: Agent search 2-499
2026-10-09 15:21:28,189 INFO o.a.j.t.JMeterThread: Thread started: Ticket intake 1-122
2026-10-09 15:21:28,679 INFO o.a.j.t.JMeterThread: Thread started: Ticket intake 1-123
2026-10-09 15:21:37,308 INFO o.a.j.t.JMeterThread: Thread started: Agent search 2-500
2026-10-09 15:21:37,354 INFO o.a.j.t.JMeterThread: Thread is done: Agent search 2-500
2026-10-09 15:21:37,354 INFO o.a.j.t.JMeterThread: Thread finished: Agent search 2-500
2026-10-09 15:21:41,231 INFO o.a.j.t.JMeterThread: Thread started: Ticket intake 1-124
2026-10-09 15:21:45,052 INFO o.a.j.t.JMeterThread: Thread is done: Ticket intake 1-89
2026-10-09 15:21:45,052 INFO o.a.j.t.JMeterThread: Thread finished: Ticket intake 1-89
2026-10-09 15:21:45,454 INFO o.a.j.t.JMeterThread: Thread started: Ticket intake 1-125
2026-10-09 15:21:46,092 INFO o.a.j.t.JMeterThread: Thread started: Agent search 2-501
2026-10-09 15:21:46,123 INFO o.a.j.t.JMeterThread: Thread is done: Agent search 2-501
2026-10-09 15:21:46,123 INFO o.a.j.t.JMeterThread: Thread finished: Agent search 2-501
2026-10-09 15:21:53,282 INFO o.a.j.t.JMeterThread: Thread started: Agent search 2-502
2026-10-09 15:21:53,308 INFO o.a.j.t.JMeterThread: Thread is done: Agent search 2-502
2026-10-09 15:21:53,308 INFO o.a.j.t.JMeterThread: Thread finished: Agent search 2-502
2026-10-09 15:21:54,946 INFO o.a.j.t.JMeterThread: Thread started: Agent search 2-503
2026-10-09 15:21:54,972 INFO o.a.j.t.JMeterThread: Thread is done: Agent search 2-503
2026-10-09 15:21:54,972 INFO o.a.j.t.JMeterThread: Thread finished: Agent search 2-503
2026-10-09 15:21:55,617 INFO o.a.j.t.JMeterThread: Thread started: Agent search 2-504
2026-10-09 15:21:55,641 INFO o.a.j.t.JMeterThread: Thread is done: Agent search 2-504
2026-10-09 15:21:55,641 INFO o.a.j.t.JMeterThread: Thread finished: Agent search 2-504
2026-10-09 15:22:02,399 INFO o.a.j.t.JMeterThread: Thread started: Agent search 2-505
2026-10-09 15:22:02,426 INFO o.a.j.r.Summariser: summary +     11 in 00:01:02 =    0.2/s Avg: 152162 Min:    22 Max: 600196 Err:     1 (9.09%) Active: 37 Started: 630 Finished: 593
2026-10-09 15:22:02,427 INFO o.a.j.r.Summariser: summary =    594 in 00:37:56 =    0.3/s Avg: 81732 Min:    16 Max: 604497 Err:    56 (9.43%)
2026-10-09 15:22:02,427 INFO o.a.j.t.JMeterThread: Thread is done: Agent search 2-505
2026-10-09 15:22:02,427 INFO o.a.j.t.JMeterThread: Thread finished: Agent search 2-505
2026-10-09 15:22:04,182 INFO o.a.j.t.JMeterThread: Thread started: Agent search 2-506
2026-10-09 15:22:04,222 INFO o.a.j.t.JMeterThread: Thread is done: Agent search 2-506
2026-10-09 15:22:04,222 INFO o.a.j.t.JMeterThread: Thread finished: Agent search 2-506
2026-10-09 15:22:04,739 INFO o.a.j.t.JMeterThread: Thread started: Agent search 2-507
2026-10-09 15:22:04,783 INFO o.a.j.t.JMeterThread: Thread is done: Agent search 2-507
2026-10-09 15:22:04,783 INFO o.a.j.t.JMeterThread: Thread finished: Agent search 2-507
2026-10-09 15:22:08,604 INFO o.a.j.t.JMeterThread: Thread is done: Ticket intake 1-90
2026-10-09 15:22:08,604 INFO o.a.j.t.JMeterThread: Thread finished: Ticket intake 1-90
2026-10-09 15:22:12,318 INFO o.a.j.t.JMeterThread: Thread started: Agent search 2-508
2026-10-09 15:22:12,341 INFO o.a.j.t.JMeterThread: Thread is done: Agent search 2-508
2026-10-09 15:22:12,341 INFO o.a.j.t.JMeterThread: Thread finished: Agent search 2-508
2026-10-09 15:22:12,611 INFO o.a.j.t.JMeterThread: Thread started: Agent search 2-509
2026-10-09 15:22:12,640 INFO o.a.j.t.JMeterThread: Thread is done: Agent search 2-509
2026-10-09 15:22:12,640 INFO o.a.j.t.JMeterThread: Thread finished: Agent search 2-509
2026-10-09 15:22:12,770 INFO o.a.j.t.JMeterThread: Thread started: Ticket intake 1-126
2026-10-09 15:22:13,165 INFO o.a.j.t.JMeterThread: Thread started: Agent search 2-510
2026-10-09 15:22:13,204 INFO o.a.j.t.JMeterThread: Thread is done: Agent search 2-510
2026-10-09 15:22:13,204 INFO o.a.j.t.JMeterThread: Thread finished: Agent search 2-510
2026-10-09 15:22:13,846 INFO o.a.j.t.JMeterThread: Thread started: Agent search 2-511
2026-10-09 15:22:13,872 INFO o.a.j.t.JMeterThread: Thread is done: Agent search 2-511
2026-10-09 15:22:13,872 INFO o.a.j.t.JMeterThread: Thread finished: Agent search 2-511
2026-10-09 15:22:18,078 INFO o.a.j.t.JMeterThread: Thread started: Agent search 2-512
2026-10-09 15:22:18,100 INFO o.a.j.t.JMeterThread: Thread is done: Agent search 2-512
2026-10-09 15:22:18,100 INFO o.a.j.t.JMeterThread: Thread finished: Agent search 2-512
2026-10-09 15:22:20,071 INFO o.a.j.t.JMeterThread: Thread started: Agent search 2-513
2026-10-09 15:22:20,094 INFO o.a.j.t.JMeterThread: Thread is done: Agent search 2-513
2026-10-09 15:22:20,095 INFO o.a.j.t.JMeterThread: Thread finished: Agent search 2-513
2026-10-09 15:22:24,080 INFO o.a.j.t.JMeterThread: Thread started: Agent search 2-514
2026-10-09 15:22:24,099 INFO o.a.j.t.JMeterThread: Thread is done: Agent search 2-514
2026-10-09 15:22:24,107 INFO o.a.j.t.JMeterThread: Thread finished: Agent search 2-514
2026-10-09 15:22:24,847 INFO o.a.j.t.JMeterThread: Thread started: Agent search 2-515
2026-10-09 15:22:24,882 INFO o.a.j.t.JMeterThread: Thread is done: Agent search 2-515
2026-10-09 15:22:24,882 INFO o.a.j.t.JMeterThread: Thread finished: Agent search 2-515
2026-10-09 15:22:26,022 INFO o.a.j.t.JMeterThread: Thread started: Agent search 2-516
2026-10-09 15:22:26,048 INFO o.a.j.t.JMeterThread: Thread is done: Agent search 2-516
2026-10-09 15:22:26,048 INFO o.a.j.t.JMeterThread: Thread finished: Agent search 2-516
2026-10-09 15:22:30,084 INFO o.a.j.t.JMeterThread: Thread started: Ticket intake 1-127
2026-10-09 15:22:31,750 INFO o.a.j.t.JMeterThread: Thread started: Agent search 2-517
2026-10-09 15:22:31,777 INFO o.a.j.r.Summariser: summary +     13 in 00:00:29 =    0.4/s Avg: 41370 Min:    19 Max: 537481 Err:     0 (0.00%) Active: 38 Started: 644 Finished: 606
2026-10-09 15:22:31,777 INFO o.a.j.r.Summariser: summary =    607 in 00:38:26 =    0.3/s Avg: 80867 Min:    16 Max: 604497 Err:    56 (9.23%)
2026-10-09 15:22:31,777 INFO o.a.j.t.JMeterThread: Thread is done: Agent search 2-517
2026-10-09 15:22:31,777 INFO o.a.j.t.JMeterThread: Thread finished: Agent search 2-517
2026-10-09 15:22:37,036 INFO o.a.j.t.JMeterThread: Thread started: Agent search 2-518
2026-10-09 15:22:37,081 INFO o.a.j.t.JMeterThread: Thread is done: Agent search 2-518
2026-10-09 15:22:37,082 INFO o.a.j.t.JMeterThread: Thread finished: Agent search 2-518
2026-10-09 15:22:48,899 INFO o.a.j.t.JMeterThread: Thread started: Ticket intake 1-128
2026-10-09 15:22:49,072 INFO o.a.j.t.JMeterThread: Thread is done: Ticket intake 1-91
2026-10-09 15:22:49,072 INFO o.a.j.t.JMeterThread: Thread finished: Ticket intake 1-91
2026-10-09 15:22:49,281 INFO o.a.j.t.JMeterThread: Thread started: Agent search 2-519
2026-10-09 15:22:49,315 INFO o.a.j.t.JMeterThread: Thread is done: Agent search 2-519
2026-10-09 15:22:49,315 INFO o.a.j.t.JMeterThread: Thread finished: Agent search 2-519
2026-10-09 15:22:50,349 INFO o.a.j.t.JMeterThread: Thread started: Agent search 2-520
2026-10-09 15:22:50,385 INFO o.a.j.t.JMeterThread: Thread is done: Agent search 2-520
2026-10-09 15:22:50,385 INFO o.a.j.t.JMeterThread: Thread finished: Agent search 2-520
2026-10-09 15:22:51,989 INFO o.a.j.t.JMeterThread: Thread started: Agent search 2-521
2026-10-09 15:22:52,013 INFO o.a.j.t.JMeterThread: Thread is done: Agent search 2-521
2026-10-09 15:22:52,013 INFO o.a.j.t.JMeterThread: Thread finished: Agent search 2-521
2026-10-09 15:22:54,838 INFO o.a.j.t.JMeterThread: Thread started: Agent search 2-522
2026-10-09 15:22:54,864 INFO o.a.j.t.JMeterThread: Thread is done: Agent search 2-522
2026-10-09 15:22:54,864 INFO o.a.j.t.JMeterThread: Thread finished: Agent search 2-522
2026-10-09 15:22:56,244 INFO o.a.j.t.JMeterThread: Thread started: Agent search 2-523
2026-10-09 15:22:56,272 INFO o.a.j.t.JMeterThread: Thread is done: Agent search 2-523
2026-10-09 15:22:56,272 INFO o.a.j.t.JMeterThread: Thread finished: Agent search 2-523
2026-10-09 15:23:00,268 INFO o.a.j.t.JMeterThread: Thread started: Agent search 2-524
2026-10-09 15:23:00,299 INFO o.a.j.r.Summariser: summary +      8 in 00:00:29 =    0.3/s Avg: 72235 Min:    23 Max: 577666 Err:     0 (0.00%) Active: 38 Started: 652 Finished: 614
2026-10-09 15:23:00,299 INFO o.a.j.r.Summariser: summary =    615 in 00:38:54 =    0.3/s Avg: 80755 Min:    16 Max: 604497 Err:    56 (9.11%)
2026-10-09 15:23:00,299 INFO o.a.j.t.JMeterThread: Thread is done: Agent search 2-524
2026-10-09 15:23:00,299 INFO o.a.j.t.JMeterThread: Thread finished: Agent search 2-524
2026-10-09 15:23:03,924 INFO o.a.j.t.JMeterThread: Thread started: Agent search 2-525
2026-10-09 15:23:03,947 INFO o.a.j.t.JMeterThread: Thread is done: Agent search 2-525
2026-10-09 15:23:03,947 INFO o.a.j.t.JMeterThread: Thread finished: Agent search 2-525
2026-10-09 15:23:04,762 INFO o.a.j.t.JMeterThread: Thread started: Agent search 2-526
2026-10-09 15:23:04,790 INFO o.a.j.t.JMeterThread: Thread is done: Agent search 2-526
2026-10-09 15:23:04,790 INFO o.a.j.t.JMeterThread: Thread finished: Agent search 2-526
2026-10-09 15:23:06,022 INFO o.a.j.t.JMeterThread: Thread started: Agent search 2-527
2026-10-09 15:23:06,050 INFO o.a.j.t.JMeterThread: Thread is done: Agent search 2-527
2026-10-09 15:23:06,050 INFO o.a.j.t.JMeterThread: Thread finished: Agent search 2-527
2026-10-09 15:23:06,980 INFO o.a.j.t.JMeterThread: Thread started: Agent search 2-528
2026-10-09 15:23:07,000 INFO o.a.j.t.JMeterThread: Thread is done: Agent search 2-528
2026-10-09 15:23:07,000 INFO o.a.j.t.JMeterThread: Thread finished: Agent search 2-528
2026-10-09 15:23:09,148 INFO o.a.j.t.JMeterThread: Thread started: Agent search 2-529
2026-10-09 15:23:09,170 INFO o.a.j.t.JMeterThread: Thread is done: Agent search 2-529
2026-10-09 15:23:09,170 INFO o.a.j.t.JMeterThread: Thread finished: Agent search 2-529
2026-10-09 15:23:09,508 INFO o.a.j.t.JMeterThread: Thread started: Ticket intake 1-129
2026-10-09 15:23:17,018 INFO o.a.j.t.JMeterThread: Thread started: Ticket intake 1-130
2026-10-09 15:23:17,092 INFO o.a.j.t.JMeterThread: Thread started: Ticket intake 1-131
2026-10-09 15:23:18,235 INFO o.a.j.t.JMeterThread: Thread started: Agent search 2-530
2026-10-09 15:23:22,026 INFO o.a.j.t.JMeterThread: Thread is done: Agent search 2-530
2026-10-09 15:23:22,026 INFO o.a.j.t.JMeterThread: Thread finished: Agent search 2-530
2026-10-09 15:23:22,026 INFO o.a.j.t.JMeterThread: Thread is done: Ticket intake 1-92
2026-10-09 15:23:22,026 INFO o.a.j.t.JMeterThread: Thread finished: Ticket intake 1-92
2026-10-09 15:23:23,196 INFO o.a.j.t.JMeterThread: Thread started: Agent search 2-531
2026-10-09 15:23:23,231 INFO o.a.j.t.JMeterThread: Thread is done: Agent search 2-531
2026-10-09 15:23:23,232 INFO o.a.j.t.JMeterThread: Thread finished: Agent search 2-531
2026-10-09 15:23:23,740 INFO o.a.j.t.JMeterThread: Thread started: Agent search 2-532
2026-10-09 15:23:23,852 INFO o.a.j.t.JMeterThread: Thread is done: Agent search 2-532
2026-10-09 15:23:23,852 INFO o.a.j.t.JMeterThread: Thread finished: Agent search 2-532
2026-10-09 15:23:26,825 INFO o.a.j.t.JMeterThread: Thread started: Agent search 2-533
2026-10-09 15:23:26,867 INFO o.a.j.t.JMeterThread: Thread is done: Agent search 2-533
2026-10-09 15:23:26,867 INFO o.a.j.t.JMeterThread: Thread finished: Agent search 2-533
2026-10-09 15:23:30,311 INFO o.a.j.t.JMeterThread: Thread started: Agent search 2-534
2026-10-09 15:23:30,348 INFO o.a.j.r.Summariser: summary +     11 in 00:00:30 =    0.4/s Avg: 54933 Min:    19 Max: 600143 Err:     1 (9.09%) Active: 40 Started: 665 Finished: 625
2026-10-09 15:23:30,348 INFO o.a.j.r.Summariser: summary =    626 in 00:39:24 =    0.3/s Avg: 80301 Min:    16 Max: 604497 Err:    57 (9.11%)
2026-10-09 15:23:30,348 INFO o.a.j.t.JMeterThread: Thread is done: Agent search 2-534
2026-10-09 15:23:30,348 INFO o.a.j.t.JMeterThread: Thread finished: Agent search 2-534
2026-10-09 15:23:30,738 INFO o.a.j.t.JMeterThread: Thread started: Agent search 2-535
2026-10-09 15:23:30,763 INFO o.a.j.t.JMeterThread: Thread is done: Agent search 2-535
2026-10-09 15:23:30,763 INFO o.a.j.t.JMeterThread: Thread finished: Agent search 2-535
2026-10-09 15:23:35,306 INFO o.a.j.t.JMeterThread: Thread started: Agent search 2-536
2026-10-09 15:23:35,331 INFO o.a.j.t.JMeterThread: Thread is done: Agent search 2-536
2026-10-09 15:23:35,331 INFO o.a.j.t.JMeterThread: Thread finished: Agent search 2-536
2026-10-09 15:23:36,879 INFO o.a.j.t.JMeterThread: Thread started: Agent search 2-537
2026-10-09 15:23:36,904 INFO o.a.j.t.JMeterThread: Thread is done: Agent search 2-537
2026-10-09 15:23:36,904 INFO o.a.j.t.JMeterThread: Thread finished: Agent search 2-537
2026-10-09 15:23:37,766 INFO o.a.j.t.JMeterThread: Thread started: Agent search 2-538
2026-10-09 15:23:37,802 INFO o.a.j.t.JMeterThread: Thread is done: Agent search 2-538
2026-10-09 15:23:37,802 INFO o.a.j.t.JMeterThread: Thread finished: Agent search 2-538
2026-10-09 15:23:40,475 INFO o.a.j.t.JMeterThread: Thread started: Agent search 2-539
2026-10-09 15:23:40,503 INFO o.a.j.t.JMeterThread: Thread is done: Agent search 2-539
2026-10-09 15:23:40,503 INFO o.a.j.t.JMeterThread: Thread finished: Agent search 2-539
2026-10-09 15:23:42,356 INFO o.a.j.t.JMeterThread: Thread started: Ticket intake 1-132
2026-10-09 15:23:42,655 INFO o.a.j.t.JMeterThread: Thread started: Agent search 2-540
2026-10-09 15:23:49,782 INFO o.a.j.t.JMeterThread: Thread started: Agent search 2-541
2026-10-09 15:23:53,723 INFO o.a.j.t.JMeterThread: Thread started: Agent search 2-542
2026-10-09 15:23:58,087 INFO o.a.j.t.JMeterThread: Thread started: Agent search 2-543
2026-10-09 15:23:58,303 INFO o.a.j.t.JMeterThread: Thread started: Agent search 2-544
2026-10-09 15:24:02,441 INFO o.a.j.t.JMeterThread: Thread started: Agent search 2-545
2026-10-09 15:24:03,582 INFO o.a.j.r.Summariser: summary +      6 in 00:00:33 =    0.2/s Avg: 100038 Min:    23 Max: 600097 Err:     1 (16.67%) Active: 46 Started: 677 Finished: 631
2026-10-09 15:24:03,584 INFO o.a.j.t.JMeterThread: Thread is done: Agent search 2-540
2026-10-09 15:24:03,584 INFO o.a.j.t.JMeterThread: Thread finished: Agent search 2-540
2026-10-09 15:24:03,585 INFO o.a.j.r.Summariser: summary =    632 in 00:39:58 =    0.3/s Avg: 80489 Min:    16 Max: 604497 Err:    58 (9.18%)
2026-10-09 15:24:03,585 INFO o.a.j.t.JMeterThread: Thread is done: Ticket intake 1-93
2026-10-09 15:24:03,585 INFO o.a.j.t.JMeterThread: Thread finished: Ticket intake 1-93
2026-10-09 15:24:03,594 INFO o.a.j.t.JMeterThread: Thread is done: Agent search 2-541
2026-10-09 15:24:03,594 INFO o.a.j.t.JMeterThread: Thread is done: Agent search 2-542
2026-10-09 15:24:03,594 INFO o.a.j.t.JMeterThread: Thread finished: Agent search 2-541
2026-10-09 15:24:03,594 INFO o.a.j.t.JMeterThread: Thread finished: Agent search 2-542
2026-10-09 15:24:03,597 INFO o.a.j.t.JMeterThread: Thread is done: Agent search 2-543
2026-10-09 15:24:03,597 INFO o.a.j.t.JMeterThread: Thread finished: Agent search 2-543
2026-10-09 15:24:03,601 INFO o.a.j.t.JMeterThread: Thread is done: Agent search 2-544
2026-10-09 15:24:03,601 INFO o.a.j.t.JMeterThread: Thread finished: Agent search 2-544
2026-10-09 15:24:03,601 INFO o.a.j.t.JMeterThread: Thread is done: Agent search 2-545
2026-10-09 15:24:03,601 INFO o.a.j.t.JMeterThread: Thread finished: Agent search 2-545
2026-10-09 15:24:04,410 INFO o.a.j.t.JMeterThread: Thread started: Ticket intake 1-133
2026-10-09 15:24:05,016 INFO o.a.j.t.JMeterThread: Thread started: Agent search 2-546
2026-10-09 15:24:19,446 INFO o.a.j.t.JMeterThread: Thread started: Ticket intake 1-134
2026-10-09 15:24:20,498 INFO o.a.j.t.JMeterThread: Thread is done: Ticket intake 1-94
2026-10-09 15:24:20,498 INFO o.a.j.t.JMeterThread: Thread finished: Ticket intake 1-94
2026-10-09 15:24:20,504 INFO o.a.j.t.JMeterThread: Thread is done: Agent search 2-546
2026-10-09 15:24:20,504 INFO o.a.j.t.JMeterThread: Thread finished: Agent search 2-546
2026-10-09 15:24:23,328 INFO o.a.j.t.JMeterThread: Thread started: Agent search 2-547
2026-10-09 15:24:23,877 INFO o.a.j.t.JMeterThread: Thread is done: Agent search 2-547
2026-10-09 15:24:23,877 INFO o.a.j.t.JMeterThread: Thread finished: Agent search 2-547
2026-10-09 15:24:23,877 INFO o.a.j.t.JMeterThread: Thread is done: Ticket intake 1-95
2026-10-09 15:24:23,877 INFO o.a.j.t.JMeterThread: Thread finished: Ticket intake 1-95
2026-10-09 15:24:25,128 INFO o.a.j.t.JMeterThread: Thread started: Agent search 2-548
2026-10-09 15:24:25,163 INFO o.a.j.t.JMeterThread: Thread is done: Agent search 2-548
2026-10-09 15:24:25,163 INFO o.a.j.t.JMeterThread: Thread finished: Agent search 2-548
2026-10-09 15:24:33,057 INFO o.a.j.t.JMeterThread: Thread started: Agent search 2-549
2026-10-09 15:24:33,093 INFO o.a.j.r.Summariser: summary +     12 in 00:00:30 =    0.4/s Avg: 106089 Min:    33 Max: 600300 Err:     2 (16.67%) Active: 40 Started: 683 Finished: 643
2026-10-09 15:24:33,094 INFO o.a.j.r.Summariser: summary =    644 in 00:40:27 =    0.3/s Avg: 80966 Min:    16 Max: 604497 Err:    60 (9.32%)
2026-10-09 15:24:33,094 INFO o.a.j.t.JMeterThread: Thread is done: Agent search 2-549
2026-10-09 15:24:33,094 INFO o.a.j.t.JMeterThread: Thread finished: Agent search 2-549
2026-10-09 15:24:34,147 INFO o.a.j.t.JMeterThread: Thread started: Agent search 2-550
2026-10-09 15:24:34,176 INFO o.a.j.t.JMeterThread: Thread is done: Agent search 2-550
2026-10-09 15:24:34,176 INFO o.a.j.t.JMeterThread: Thread finished: Agent search 2-550
2026-10-09 15:24:38,315 INFO o.a.j.t.JMeterThread: Thread is done: Ticket intake 1-96
2026-10-09 15:24:38,315 INFO o.a.j.t.JMeterThread: Thread finished: Ticket intake 1-96
2026-10-09 15:24:39,507 INFO o.a.j.t.JMeterThread: Thread started: Agent search 2-551
2026-10-09 15:24:39,542 INFO o.a.j.t.JMeterThread: Thread is done: Agent search 2-551
2026-10-09 15:24:39,542 INFO o.a.j.t.JMeterThread: Thread finished: Agent search 2-551
2026-10-09 15:24:47,747 INFO o.a.j.t.JMeterThread: Thread started: Agent search 2-552
2026-10-09 15:24:47,798 INFO o.a.j.t.JMeterThread: Thread is done: Agent search 2-552
2026-10-09 15:24:47,798 INFO o.a.j.t.JMeterThread: Thread finished: Agent search 2-552
2026-10-09 15:24:49,632 INFO o.a.j.t.JMeterThread: Thread started: Agent search 2-553
2026-10-09 15:24:49,658 INFO o.a.j.t.JMeterThread: Thread is done: Agent search 2-553
2026-10-09 15:24:49,658 INFO o.a.j.t.JMeterThread: Thread finished: Agent search 2-553
2026-10-09 15:24:54,987 INFO o.a.j.t.JMeterThread: Thread started: Agent search 2-554
2026-10-09 15:24:55,023 INFO o.a.j.t.JMeterThread: Thread is done: Agent search 2-554
2026-10-09 15:24:55,023 INFO o.a.j.t.JMeterThread: Thread finished: Agent search 2-554
2026-10-09 15:24:55,530 INFO o.a.j.t.JMeterThread: Thread started: Agent search 2-555
2026-10-09 15:24:55,560 INFO o.a.j.t.JMeterThread: Thread is done: Agent search 2-555
2026-10-09 15:24:55,560 INFO o.a.j.t.JMeterThread: Thread finished: Agent search 2-555
2026-10-09 15:24:56,503 INFO o.a.j.t.JMeterThread: Thread started: Ticket intake 1-135
2026-10-09 15:25:01,926 INFO o.a.j.t.JMeterThread: Thread started: Agent search 2-556
2026-10-09 15:25:01,956 INFO o.a.j.r.Summariser: summary +      8 in 00:00:29 =    0.3/s Avg: 75051 Min:    25 Max: 600179 Err:     1 (12.50%) Active: 40 Started: 691 Finished: 651
2026-10-09 15:25:01,956 INFO o.a.j.r.Summariser: summary =    652 in 00:40:56 =    0.3/s Avg: 80893 Min:    16 Max: 604497 Err:    61 (9.36%)
2026-10-09 15:25:01,957 INFO o.a.j.t.JMeterThread: Thread is done: Agent search 2-556
2026-10-09 15:25:01,957 INFO o.a.j.t.JMeterThread: Thread finished: Agent search 2-556
2026-10-09 15:25:03,821 INFO o.a.j.t.JMeterThread: Thread started: Ticket intake 1-136
2026-10-09 15:25:04,552 INFO o.a.j.t.JMeterThread: Thread started: Agent search 2-557
2026-10-09 15:25:09,784 INFO o.a.j.t.JMeterThread: Thread started: Agent search 2-558
2026-10-09 15:25:09,915 INFO o.a.j.t.JMeterThread: Thread is done: Ticket intake 1-97
2026-10-09 15:25:09,916 INFO o.a.j.t.JMeterThread: Thread finished: Ticket intake 1-97
2026-10-09 15:25:09,916 INFO o.a.j.t.JMeterThread: Thread is done: Agent search 2-557
2026-10-09 15:25:09,916 INFO o.a.j.t.JMeterThread: Thread finished: Agent search 2-557
2026-10-09 15:25:09,918 INFO o.a.j.t.JMeterThread: Thread is done: Agent search 2-558
2026-10-09 15:25:09,918 INFO o.a.j.t.JMeterThread: Thread finished: Agent search 2-558
2026-10-09 15:25:12,809 INFO o.a.j.t.JMeterThread: Thread started: Agent search 2-559
2026-10-09 15:25:12,851 INFO o.a.j.t.JMeterThread: Thread is done: Agent search 2-559
2026-10-09 15:25:12,851 INFO o.a.j.t.JMeterThread: Thread finished: Agent search 2-559
2026-10-09 15:25:14,063 INFO o.a.j.t.JMeterThread: Thread started: Agent search 2-560
2026-10-09 15:25:14,089 INFO o.a.j.t.JMeterThread: Thread is done: Agent search 2-560
2026-10-09 15:25:14,089 INFO o.a.j.t.JMeterThread: Thread finished: Agent search 2-560
2026-10-09 15:25:14,460 INFO o.a.j.t.JMeterThread: Thread started: Agent search 2-561
2026-10-09 15:25:14,495 INFO o.a.j.t.JMeterThread: Thread is done: Agent search 2-561
2026-10-09 15:25:14,495 INFO o.a.j.t.JMeterThread: Thread finished: Agent search 2-561
2026-10-09 15:25:16,316 INFO o.a.j.t.JMeterThread: Thread started: Agent search 2-562
2026-10-09 15:25:16,347 INFO o.a.j.t.JMeterThread: Thread is done: Agent search 2-562
2026-10-09 15:25:16,347 INFO o.a.j.t.JMeterThread: Thread finished: Agent search 2-562
2026-10-09 15:25:20,990 INFO o.a.j.t.JMeterThread: Thread started: Agent search 2-563
2026-10-09 15:25:21,026 INFO o.a.j.t.JMeterThread: Thread is done: Agent search 2-563
2026-10-09 15:25:21,026 INFO o.a.j.t.JMeterThread: Thread finished: Agent search 2-563
2026-10-09 15:25:23,649 INFO o.a.j.t.JMeterThread: Thread started: Ticket intake 1-137
2026-10-09 15:25:24,283 INFO o.a.j.t.JMeterThread: Thread started: Agent search 2-564
2026-10-09 15:25:28,492 INFO o.a.j.t.JMeterThread: Thread is done: Ticket intake 1-98
2026-10-09 15:25:28,492 INFO o.a.j.t.JMeterThread: Thread finished: Ticket intake 1-98
2026-10-09 15:25:28,492 INFO o.a.j.t.JMeterThread: Thread is done: Agent search 2-564
2026-10-09 15:25:28,492 INFO o.a.j.t.JMeterThread: Thread finished: Agent search 2-564
2026-10-09 15:25:37,103 INFO o.a.j.t.JMeterThread: Thread started: Ticket intake 1-138
2026-10-09 15:25:43,066 INFO o.a.j.t.JMeterThread: Thread started: Agent search 2-565
2026-10-09 15:25:47,752 INFO o.a.j.t.JMeterThread: Thread started: Agent search 2-566
2026-10-09 15:25:47,857 INFO o.a.j.t.JMeterThread: Thread started: Agent search 2-567
2026-10-09 15:25:50,390 INFO o.a.j.t.JMeterThread: Thread started: Agent search 2-568
2026-10-09 15:25:52,453 INFO o.a.j.t.JMeterThread: Thread is done: Ticket intake 1-99
2026-10-09 15:25:52,453 INFO o.a.j.t.JMeterThread: Thread is done: Agent search 2-565
2026-10-09 15:25:52,453 INFO o.a.j.t.JMeterThread: Thread finished: Ticket intake 1-99
2026-10-09 15:25:52,453 INFO o.a.j.t.JMeterThread: Thread finished: Agent search 2-565
2026-10-09 15:25:52,453 INFO o.a.j.t.JMeterThread: Thread is done: Agent search 2-566
2026-10-09 15:25:52,454 INFO o.a.j.t.JMeterThread: Thread finished: Agent search 2-566
2026-10-09 15:25:52,453 INFO o.a.j.t.JMeterThread: Thread is done: Agent search 2-567
2026-10-09 15:25:52,454 INFO o.a.j.t.JMeterThread: Thread finished: Agent search 2-567
2026-10-09 15:25:52,453 INFO o.a.j.t.JMeterThread: Thread is done: Agent search 2-568
2026-10-09 15:25:52,454 INFO o.a.j.t.JMeterThread: Thread finished: Agent search 2-568
2026-10-09 15:25:52,964 INFO o.a.j.t.JMeterThread: Thread started: Agent search 2-569
2026-10-09 15:25:52,988 INFO o.a.j.t.JMeterThread: Thread is done: Agent search 2-569
2026-10-09 15:25:52,988 INFO o.a.j.t.JMeterThread: Thread finished: Agent search 2-569
2026-10-09 15:25:53,887 INFO o.a.j.t.JMeterThread: Thread is done: Ticket intake 1-100
2026-10-09 15:25:53,887 INFO o.a.j.t.JMeterThread: Thread finished: Ticket intake 1-100
2026-10-09 15:25:59,482 INFO o.a.j.t.JMeterThread: Thread is done: Ticket intake 1-101
2026-10-09 15:25:59,482 INFO o.a.j.t.JMeterThread: Thread finished: Ticket intake 1-101
2026-10-09 15:26:01,571 INFO o.a.j.r.Summariser: summary +     19 in 00:01:00 =    0.3/s Avg: 190292 Min:    23 Max: 600185 Err:     5 (26.32%) Active: 37 Started: 707 Finished: 670
2026-10-09 15:26:01,571 INFO o.a.j.r.Summariser: summary =    671 in 00:41:56 =    0.3/s Avg: 83991 Min:    16 Max: 604497 Err:    66 (9.84%)
2026-10-09 15:26:01,571 INFO o.a.j.t.JMeterThread: Thread is done: Ticket intake 1-102
2026-10-09 15:26:01,571 INFO o.a.j.t.JMeterThread: Thread finished: Ticket intake 1-102
2026-10-09 15:26:02,694 INFO o.a.j.t.JMeterThread: Thread is done: Ticket intake 1-103
2026-10-09 15:26:02,694 INFO o.a.j.t.JMeterThread: Thread finished: Ticket intake 1-103
2026-10-09 15:26:07,656 INFO o.a.j.t.JMeterThread: Thread is done: Ticket intake 1-104
2026-10-09 15:26:07,656 INFO o.a.j.t.JMeterThread: Thread finished: Ticket intake 1-104
2026-10-09 15:26:19,744 INFO o.a.j.t.JMeterThread: Thread started: Ticket intake 1-139
2026-10-09 15:26:21,272 INFO o.a.j.t.JMeterThread: Thread started: Ticket intake 1-140
2026-10-09 15:26:23,889 INFO o.a.j.t.JMeterThread: Thread started: Agent search 2-570
2026-10-09 15:26:23,915 INFO o.a.j.t.JMeterThread: Thread is done: Agent search 2-570
2026-10-09 15:26:23,915 INFO o.a.j.t.JMeterThread: Thread finished: Agent search 2-570
2026-10-09 15:26:31,353 INFO o.a.j.t.JMeterThread: Thread started: Ticket intake 1-141
2026-10-09 15:26:36,254 INFO o.a.j.t.JMeterThread: Thread started: Agent search 2-571
2026-10-09 15:26:36,294 INFO o.a.j.t.JMeterThread: Thread is done: Agent search 2-571
2026-10-09 15:26:36,294 INFO o.a.j.t.JMeterThread: Thread finished: Agent search 2-571
2026-10-09 15:26:37,408 INFO o.a.j.t.JMeterThread: Thread is done: Ticket intake 1-105
2026-10-09 15:26:37,408 INFO o.a.j.t.JMeterThread: Thread finished: Ticket intake 1-105
2026-10-09 15:26:44,373 INFO o.a.j.t.JMeterThread: Thread is done: Ticket intake 1-106
2026-10-09 15:26:44,373 INFO o.a.j.t.JMeterThread: Thread finished: Ticket intake 1-106
2026-10-09 15:26:46,019 INFO o.a.j.t.JMeterThread: Thread started: Agent search 2-572
2026-10-09 15:26:46,044 INFO o.a.j.t.JMeterThread: Thread is done: Agent search 2-572
2026-10-09 15:26:46,044 INFO o.a.j.t.JMeterThread: Thread finished: Agent search 2-572
2026-10-09 15:26:49,544 INFO o.a.j.t.JMeterThread: Thread started: Agent search 2-573
2026-10-09 15:26:49,581 INFO o.a.j.t.JMeterThread: Thread is done: Agent search 2-573
2026-10-09 15:26:49,581 INFO o.a.j.t.JMeterThread: Thread finished: Agent search 2-573
2026-10-09 15:26:53,741 INFO o.a.j.t.JMeterThread: Thread started: Agent search 2-574
2026-10-09 15:26:53,778 INFO o.a.j.t.JMeterThread: Thread is done: Agent search 2-574
2026-10-09 15:26:53,778 INFO o.a.j.t.JMeterThread: Thread finished: Agent search 2-574
2026-10-09 15:26:55,366 INFO o.a.j.t.JMeterThread: Thread started: Agent search 2-575
2026-10-09 15:26:55,390 INFO o.a.j.t.JMeterThread: Thread is done: Agent search 2-575
2026-10-09 15:26:55,390 INFO o.a.j.t.JMeterThread: Thread finished: Agent search 2-575
2026-10-09 15:26:57,479 INFO o.a.j.t.JMeterThread: Thread is done: Ticket intake 1-107
2026-10-09 15:26:57,479 INFO o.a.j.t.JMeterThread: Thread finished: Ticket intake 1-107
2026-10-09 15:27:00,359 INFO o.a.j.t.JMeterThread: Thread started: Agent search 2-576
2026-10-09 15:27:00,392 INFO o.a.j.r.Summariser: summary +     12 in 00:00:59 =    0.2/s Avg: 250069 Min:    23 Max: 600155 Err:     5 (41.67%) Active: 35 Started: 717 Finished: 682
2026-10-09 15:27:00,392 INFO o.a.j.r.Summariser: summary =    683 in 00:42:54 =    0.3/s Avg: 86909 Min:    16 Max: 604497 Err:    71 (10.40%)
2026-10-09 15:27:00,392 INFO o.a.j.t.JMeterThread: Thread is done: Agent search 2-576
2026-10-09 15:27:00,392 INFO o.a.j.t.JMeterThread: Thread finished: Agent search 2-576
2026-10-09 15:27:05,171 INFO o.a.j.t.JMeterThread: Thread started: Ticket intake 1-142
2026-10-09 15:27:06,239 INFO o.a.j.t.JMeterThread: Thread started: Agent search 2-577
2026-10-09 15:27:06,260 INFO o.a.j.t.JMeterThread: Thread is done: Agent search 2-577
2026-10-09 15:27:06,260 INFO o.a.j.t.JMeterThread: Thread finished: Agent search 2-577
2026-10-09 15:27:07,760 INFO o.a.j.t.JMeterThread: Thread is done: Ticket intake 1-108
2026-10-09 15:27:07,760 INFO o.a.j.t.JMeterThread: Thread finished: Ticket intake 1-108
2026-10-09 15:27:10,817 INFO o.a.j.t.JMeterThread: Thread started: Ticket intake 1-143
2026-10-09 15:27:15,467 INFO o.a.j.t.JMeterThread: Thread started: Agent search 2-578
2026-10-09 15:27:15,526 INFO o.a.j.t.JMeterThread: Thread is done: Agent search 2-578
2026-10-09 15:27:15,526 INFO o.a.j.t.JMeterThread: Thread finished: Agent search 2-578
2026-10-09 15:27:19,649 INFO o.a.j.t.JMeterThread: Thread started: Agent search 2-579
2026-10-09 15:27:19,676 INFO o.a.j.t.JMeterThread: Thread is done: Agent search 2-579
2026-10-09 15:27:19,676 INFO o.a.j.t.JMeterThread: Thread finished: Agent search 2-579
2026-10-09 15:27:21,158 INFO o.a.j.t.JMeterThread: Thread started: Ticket intake 1-144
2026-10-09 15:27:21,875 INFO o.a.j.t.JMeterThread: Thread started: Ticket intake 1-145
2026-10-09 15:27:24,150 INFO o.a.j.t.JMeterThread: Thread started: Agent search 2-580
2026-10-09 15:27:24,191 INFO o.a.j.t.JMeterThread: Thread is done: Agent search 2-580
2026-10-09 15:27:24,191 INFO o.a.j.t.JMeterThread: Thread finished: Agent search 2-580
2026-10-09 15:27:24,308 INFO o.a.j.t.JMeterThread: Thread started: Agent search 2-581
2026-10-09 15:27:24,334 INFO o.a.j.t.JMeterThread: Thread is done: Agent search 2-581
2026-10-09 15:27:24,334 INFO o.a.j.t.JMeterThread: Thread finished: Agent search 2-581
2026-10-09 15:27:28,359 INFO o.a.j.t.JMeterThread: Thread started: Agent search 2-582
2026-10-09 15:27:28,382 INFO o.a.j.t.JMeterThread: Thread is done: Agent search 2-582
2026-10-09 15:27:28,382 INFO o.a.j.t.JMeterThread: Thread finished: Agent search 2-582
2026-10-09 15:27:39,463 INFO o.a.j.t.JMeterThread: Thread is done: Ticket intake 1-109
2026-10-09 15:27:39,463 INFO o.a.j.t.JMeterThread: Thread finished: Ticket intake 1-109
2026-10-09 15:27:44,856 INFO o.a.j.t.JMeterThread: Thread started: Agent search 2-583
2026-10-09 15:27:44,897 INFO o.a.j.t.JMeterThread: Thread is done: Agent search 2-583
2026-10-09 15:27:44,898 INFO o.a.j.t.JMeterThread: Thread finished: Agent search 2-583
2026-10-09 15:27:48,210 INFO o.a.j.t.JMeterThread: Thread started: Agent search 2-584
2026-10-09 15:27:48,250 INFO o.a.j.t.JMeterThread: Thread is done: Agent search 2-584
2026-10-09 15:27:48,250 INFO o.a.j.t.JMeterThread: Thread finished: Agent search 2-584
2026-10-09 15:27:49,191 INFO o.a.j.t.JMeterThread: Thread is done: Ticket intake 1-110
2026-10-09 15:27:49,191 INFO o.a.j.t.JMeterThread: Thread finished: Ticket intake 1-110
2026-10-09 15:27:49,606 INFO o.a.j.t.JMeterThread: Thread started: Ticket intake 1-146
2026-10-09 15:27:53,782 INFO o.a.j.t.JMeterThread: Thread started: Agent search 2-585
2026-10-09 15:27:53,812 INFO o.a.j.t.JMeterThread: Thread is done: Agent search 2-585
2026-10-09 15:27:53,812 INFO o.a.j.t.JMeterThread: Thread finished: Agent search 2-585
2026-10-09 15:27:57,615 INFO o.a.j.t.JMeterThread: Thread started: Ticket intake 1-147
2026-10-09 15:28:01,574 INFO o.a.j.t.JMeterThread: Thread started: Agent search 2-586
2026-10-09 15:28:01,614 INFO o.a.j.r.Summariser: summary +     13 in 00:01:01 =    0.2/s Avg: 138514 Min:    21 Max: 600181 Err:     3 (23.08%) Active: 38 Started: 733 Finished: 695
2026-10-09 15:28:01,614 INFO o.a.j.r.Summariser: summary =    696 in 00:43:56 =    0.3/s Avg: 87873 Min:    16 Max: 604497 Err:    74 (10.63%)
2026-10-09 15:28:01,614 INFO o.a.j.t.JMeterThread: Thread is done: Agent search 2-586
2026-10-09 15:28:01,614 INFO o.a.j.t.JMeterThread: Thread finished: Agent search 2-586
2026-10-09 15:28:04,748 INFO o.a.j.t.JMeterThread: Thread started: Agent search 2-587
2026-10-09 15:28:04,795 INFO o.a.j.t.JMeterThread: Thread is done: Agent search 2-587
2026-10-09 15:28:04,795 INFO o.a.j.t.JMeterThread: Thread finished: Agent search 2-587
2026-10-09 15:28:05,542 INFO o.a.j.t.JMeterThread: Thread started: Agent search 2-588
2026-10-09 15:28:05,569 INFO o.a.j.t.JMeterThread: Thread is done: Agent search 2-588
2026-10-09 15:28:05,569 INFO o.a.j.t.JMeterThread: Thread finished: Agent search 2-588
2026-10-09 15:28:08,088 INFO o.a.j.t.JMeterThread: Thread started: Agent search 2-589
2026-10-09 15:28:08,122 INFO o.a.j.t.JMeterThread: Thread is done: Agent search 2-589
2026-10-09 15:28:08,122 INFO o.a.j.t.JMeterThread: Thread finished: Agent search 2-589
2026-10-09 15:28:08,799 INFO o.a.j.t.JMeterThread: Thread started: Agent search 2-590
2026-10-09 15:28:08,829 INFO o.a.j.t.JMeterThread: Thread is done: Agent search 2-590
2026-10-09 15:28:08,829 INFO o.a.j.t.JMeterThread: Thread finished: Agent search 2-590
2026-10-09 15:28:11,925 INFO o.a.j.t.JMeterThread: Thread is done: Ticket intake 1-111
2026-10-09 15:28:11,925 INFO o.a.j.t.JMeterThread: Thread finished: Ticket intake 1-111
2026-10-09 15:28:13,064 INFO o.a.j.t.JMeterThread: Thread started: Ticket intake 1-148
2026-10-09 15:28:16,281 INFO o.a.j.t.JMeterThread: Thread started: Ticket intake 1-149
2026-10-09 15:28:20,198 INFO o.a.j.t.JMeterThread: Thread started: Agent search 2-591
2026-10-09 15:28:20,226 INFO o.a.j.t.JMeterThread: Thread is done: Agent search 2-591
2026-10-09 15:28:20,226 INFO o.a.j.t.JMeterThread: Thread finished: Agent search 2-591
2026-10-09 15:28:20,604 INFO o.a.j.t.JMeterThread: Thread started: Ticket intake 1-150
2026-10-09 15:28:25,970 INFO o.a.j.t.JMeterThread: Thread started: Agent search 2-592
2026-10-09 15:28:25,997 INFO o.a.j.t.JMeterThread: Thread is done: Agent search 2-592
2026-10-09 15:28:25,997 INFO o.a.j.t.JMeterThread: Thread finished: Agent search 2-592
2026-10-09 15:28:31,028 INFO o.a.j.t.JMeterThread: Thread started: Agent search 2-593
2026-10-09 15:28:31,060 INFO o.a.j.r.Summariser: summary +      8 in 00:00:29 =    0.3/s Avg: 75041 Min:    26 Max: 600115 Err:     1 (12.50%) Active: 40 Started: 743 Finished: 703
2026-10-09 15:28:31,061 INFO o.a.j.r.Summariser: summary =    704 in 00:44:25 =    0.3/s Avg: 87727 Min:    16 Max: 604497 Err:    75 (10.65%)
2026-10-09 15:28:31,061 INFO o.a.j.t.JMeterThread: Thread is done: Agent search 2-593
2026-10-09 15:28:31,061 INFO o.a.j.t.JMeterThread: Thread finished: Agent search 2-593
2026-10-09 15:28:31,594 INFO o.a.j.t.JMeterThread: Thread is done: Ticket intake 1-112
2026-10-09 15:28:31,594 INFO o.a.j.t.JMeterThread: Thread finished: Ticket intake 1-112
2026-10-09 15:28:32,404 INFO o.a.j.t.JMeterThread: Thread started: Ticket intake 1-151
2026-10-09 15:28:34,861 INFO o.a.j.t.JMeterThread: Thread started: Agent search 2-594
2026-10-09 15:28:34,893 INFO o.a.j.t.JMeterThread: Thread is done: Agent search 2-594
2026-10-09 15:28:34,893 INFO o.a.j.t.JMeterThread: Thread finished: Agent search 2-594
2026-10-09 15:28:38,618 INFO o.a.j.t.JMeterThread: Thread started: Agent search 2-595
2026-10-09 15:28:38,654 INFO o.a.j.t.JMeterThread: Thread is done: Agent search 2-595
2026-10-09 15:28:38,654 INFO o.a.j.t.JMeterThread: Thread finished: Agent search 2-595
2026-10-09 15:28:51,144 INFO o.a.j.t.JMeterThread: Thread is done: Ticket intake 1-113
2026-10-09 15:28:51,144 INFO o.a.j.t.JMeterThread: Thread finished: Ticket intake 1-113
2026-10-09 15:28:52,171 INFO o.a.j.t.JMeterThread: Thread started: Agent search 2-596
2026-10-09 15:28:52,193 INFO o.a.j.t.JMeterThread: Thread is done: Agent search 2-596
2026-10-09 15:28:52,193 INFO o.a.j.t.JMeterThread: Thread finished: Agent search 2-596
2026-10-09 15:28:54,246 INFO o.a.j.t.JMeterThread: Thread started: Agent search 2-597
2026-10-09 15:28:54,283 INFO o.a.j.t.JMeterThread: Thread is done: Agent search 2-597
2026-10-09 15:28:54,283 INFO o.a.j.t.JMeterThread: Thread finished: Agent search 2-597
2026-10-09 15:28:58,058 INFO o.a.j.t.JMeterThread: Thread started: Agent search 2-598
2026-10-09 15:28:58,082 INFO o.a.j.t.JMeterThread: Thread is done: Agent search 2-598
2026-10-09 15:28:58,082 INFO o.a.j.t.JMeterThread: Thread finished: Agent search 2-598
2026-10-09 15:29:01,845 INFO o.a.j.t.JMeterThread: Thread started: Agent search 2-599
2026-10-09 15:29:01,870 INFO o.a.j.r.Summariser: summary +      8 in 00:00:31 =    0.3/s Avg: 149641 Min:    22 Max: 600128 Err:     1 (12.50%) Active: 39 Started: 750 Finished: 711
2026-10-09 15:29:01,871 INFO o.a.j.r.Summariser: summary =    712 in 00:44:56 =    0.3/s Avg: 88423 Min:    16 Max: 604497 Err:    76 (10.67%)
2026-10-09 15:29:01,871 INFO o.a.j.t.JMeterThread: Thread is done: Agent search 2-599
2026-10-09 15:29:01,871 INFO o.a.j.t.JMeterThread: Thread finished: Agent search 2-599
2026-10-09 15:29:05,121 INFO o.a.j.t.JMeterThread: Thread started: Agent search 2-600
2026-10-09 15:29:05,143 INFO o.a.j.t.JMeterThread: Thread is done: Agent search 2-600
2026-10-09 15:29:05,143 INFO o.a.j.t.JMeterThread: Thread finished: Agent search 2-600
2026-10-09 15:29:06,823 INFO o.a.j.t.JMeterThread: Thread started: Agent search 2-601
2026-10-09 15:29:06,851 INFO o.a.j.t.JMeterThread: Thread is done: Agent search 2-601
2026-10-09 15:29:06,851 INFO o.a.j.t.JMeterThread: Thread finished: Agent search 2-601
2026-10-09 15:29:20,515 INFO o.a.j.t.JMeterThread: Thread started: Agent search 2-602
2026-10-09 15:29:20,550 INFO o.a.j.t.JMeterThread: Thread is done: Agent search 2-602
2026-10-09 15:29:20,550 INFO o.a.j.t.JMeterThread: Thread finished: Agent search 2-602
2026-10-09 15:29:21,771 INFO o.a.j.t.JMeterThread: Thread started: Agent search 2-603
2026-10-09 15:29:21,801 INFO o.a.j.t.JMeterThread: Thread is done: Agent search 2-603
2026-10-09 15:29:21,801 INFO o.a.j.t.JMeterThread: Thread finished: Agent search 2-603
2026-10-09 15:29:23,581 INFO o.a.j.t.JMeterThread: Thread is done: Ticket intake 1-114
2026-10-09 15:29:23,581 INFO o.a.j.t.JMeterThread: Thread finished: Ticket intake 1-114
2026-10-09 15:29:23,782 INFO o.a.j.t.JMeterThread: Thread started: Agent search 2-604
2026-10-09 15:29:23,814 INFO o.a.j.t.JMeterThread: Thread is done: Agent search 2-604
2026-10-09 15:29:23,814 INFO o.a.j.t.JMeterThread: Thread finished: Agent search 2-604
2026-10-09 15:29:24,524 INFO o.a.j.t.JMeterThread: Thread started: Ticket intake 1-152
2026-10-09 15:29:28,189 INFO o.a.j.t.JMeterThread: Thread started: Agent search 2-605
2026-10-09 15:29:28,213 INFO o.a.j.t.JMeterThread: Thread is done: Agent search 2-605
2026-10-09 15:29:28,213 INFO o.a.j.t.JMeterThread: Thread finished: Agent search 2-605
2026-10-09 15:29:30,410 INFO o.a.j.t.JMeterThread: Thread started: Agent search 2-606
2026-10-09 15:29:30,434 INFO o.a.j.r.Summariser: summary +      8 in 00:00:29 =    0.3/s Avg: 75035 Min:    22 Max: 600094 Err:     1 (12.50%) Active: 39 Started: 758 Finished: 719
2026-10-09 15:29:30,435 INFO o.a.j.r.Summariser: summary =    720 in 00:45:24 =    0.3/s Avg: 88274 Min:    16 Max: 604497 Err:    77 (10.69%)
2026-10-09 15:29:30,435 INFO o.a.j.t.JMeterThread: Thread is done: Agent search 2-606
2026-10-09 15:29:30,435 INFO o.a.j.t.JMeterThread: Thread finished: Agent search 2-606
2026-10-09 15:29:39,581 INFO o.a.j.t.JMeterThread: Thread is done: Ticket intake 1-115
2026-10-09 15:29:39,581 INFO o.a.j.t.JMeterThread: Thread finished: Ticket intake 1-115
2026-10-09 15:29:41,424 INFO o.a.j.t.JMeterThread: Thread is done: Ticket intake 1-116
2026-10-09 15:29:41,424 INFO o.a.j.t.JMeterThread: Thread finished: Ticket intake 1-116
2026-10-09 15:29:42,755 INFO o.a.j.t.JMeterThread: Thread started: Agent search 2-607
2026-10-09 15:29:42,791 INFO o.a.j.t.JMeterThread: Thread is done: Agent search 2-607
2026-10-09 15:29:42,791 INFO o.a.j.t.JMeterThread: Thread finished: Agent search 2-607
2026-10-09 15:29:46,208 INFO o.a.j.t.JMeterThread: Thread started: Ticket intake 1-153
2026-10-09 15:29:47,671 INFO o.a.j.t.JMeterThread: Thread started: Agent search 2-608
2026-10-09 15:29:47,721 INFO o.a.j.t.JMeterThread: Thread is done: Agent search 2-608
2026-10-09 15:29:47,721 INFO o.a.j.t.JMeterThread: Thread finished: Agent search 2-608
2026-10-09 15:29:48,699 INFO o.a.j.t.JMeterThread: Thread started: Ticket intake 1-154
2026-10-09 15:29:51,067 INFO o.a.j.t.JMeterThread: Thread started: Agent search 2-609
2026-10-09 15:29:51,098 INFO o.a.j.t.JMeterThread: Thread is done: Agent search 2-609
2026-10-09 15:29:51,098 INFO o.a.j.t.JMeterThread: Thread finished: Agent search 2-609
2026-10-09 15:29:51,685 INFO o.a.j.t.JMeterThread: Thread started: Agent search 2-610
2026-10-09 15:29:51,715 INFO o.a.j.t.JMeterThread: Thread is done: Agent search 2-610
2026-10-09 15:29:51,715 INFO o.a.j.t.JMeterThread: Thread finished: Agent search 2-610
2026-10-09 15:30:00,572 INFO o.a.j.r.Summariser: summary +      7 in 00:00:30 =    0.2/s Avg: 257231 Min:    28 Max: 600185 Err:     3 (42.86%) Active: 38 Started: 764 Finished: 726
2026-10-09 15:30:00,572 INFO o.a.j.r.Summariser: summary =    727 in 00:45:55 =    0.3/s Avg: 89901 Min:    16 Max: 604497 Err:    80 (11.00%)
2026-10-09 15:30:00,572 INFO o.a.j.t.JMeterThread: Thread is done: Ticket intake 1-117
2026-10-09 15:30:00,572 INFO o.a.j.t.JMeterThread: Thread finished: Ticket intake 1-117
2026-10-09 15:30:05,795 INFO o.a.j.t.JMeterThread: Thread is done: Ticket intake 1-118
2026-10-09 15:30:05,795 INFO o.a.j.t.JMeterThread: Thread finished: Ticket intake 1-118
2026-10-09 15:30:11,363 INFO o.a.j.t.JMeterThread: Thread started: Agent search 2-611
2026-10-09 15:30:11,393 INFO o.a.j.t.JMeterThread: Thread is done: Agent search 2-611
2026-10-09 15:30:11,393 INFO o.a.j.t.JMeterThread: Thread finished: Agent search 2-611
2026-10-09 15:30:11,967 INFO o.a.j.t.JMeterThread: Thread started: Ticket intake 1-155
2026-10-09 15:30:16,613 INFO o.a.j.t.JMeterThread: Thread started: Agent search 2-612
2026-10-09 15:30:16,662 INFO o.a.j.t.JMeterThread: Thread is done: Agent search 2-612
2026-10-09 15:30:16,662 INFO o.a.j.t.JMeterThread: Thread finished: Agent search 2-612
2026-10-09 15:30:18,953 INFO o.a.j.t.JMeterThread: Thread started: Agent search 2-613
2026-10-09 15:30:18,975 INFO o.a.j.t.JMeterThread: Thread is done: Agent search 2-613
2026-10-09 15:30:18,975 INFO o.a.j.t.JMeterThread: Thread finished: Agent search 2-613
2026-10-09 15:30:21,034 INFO o.a.j.t.JMeterThread: Thread started: Ticket intake 1-156
2026-10-09 15:30:25,340 INFO o.a.j.t.JMeterThread: Thread started: Ticket intake 1-157
2026-10-09 15:30:26,727 INFO o.a.j.t.JMeterThread: Thread started: Agent search 2-614
2026-10-09 15:30:26,776 INFO o.a.j.t.JMeterThread: Thread is done: Agent search 2-614
2026-10-09 15:30:26,777 INFO o.a.j.t.JMeterThread: Thread finished: Agent search 2-614
2026-10-09 15:30:29,451 INFO o.a.j.t.JMeterThread: Thread is done: Ticket intake 1-119
2026-10-09 15:30:29,451 INFO o.a.j.t.JMeterThread: Thread finished: Ticket intake 1-119
2026-10-09 15:30:34,455 INFO o.a.j.t.JMeterThread: Thread started: Agent search 2-615
2026-10-09 15:30:34,501 INFO o.a.j.r.Summariser: summary +      7 in 00:00:34 =    0.2/s Avg: 171498 Min:    22 Max: 600154 Err:     2 (28.57%) Active: 39 Started: 772 Finished: 733
2026-10-09 15:30:34,502 INFO o.a.j.r.Summariser: summary =    734 in 00:46:28 =    0.3/s Avg: 90679 Min:    16 Max: 604497 Err:    82 (11.17%)
2026-10-09 15:30:34,502 INFO o.a.j.t.JMeterThread: Thread is done: Agent search 2-615
2026-10-09 15:30:34,502 INFO o.a.j.t.JMeterThread: Thread finished: Agent search 2-615
2026-10-09 15:30:39,682 INFO o.a.j.t.JMeterThread: Thread started: Agent search 2-616
2026-10-09 15:30:39,718 INFO o.a.j.t.JMeterThread: Thread is done: Agent search 2-616
2026-10-09 15:30:39,718 INFO o.a.j.t.JMeterThread: Thread finished: Agent search 2-616
2026-10-09 15:30:42,247 INFO o.a.j.t.JMeterThread: Thread started: Agent search 2-617
2026-10-09 15:30:42,456 INFO o.a.j.t.JMeterThread: Thread is done: Agent search 2-617
2026-10-09 15:30:42,456 INFO o.a.j.t.JMeterThread: Thread finished: Agent search 2-617
2026-10-09 15:30:43,287 INFO o.a.j.t.JMeterThread: Thread started: Agent search 2-618
2026-10-09 15:30:43,311 INFO o.a.j.t.JMeterThread: Thread is done: Agent search 2-618
2026-10-09 15:30:43,311 INFO o.a.j.t.JMeterThread: Thread finished: Agent search 2-618
2026-10-09 15:30:45,283 INFO o.a.j.t.JMeterThread: Thread started: Agent search 2-619
2026-10-09 15:30:45,306 INFO o.a.j.t.JMeterThread: Thread is done: Agent search 2-619
2026-10-09 15:30:45,306 INFO o.a.j.t.JMeterThread: Thread finished: Agent search 2-619
2026-10-09 15:30:47,983 INFO o.a.j.t.JMeterThread: Thread started: Ticket intake 1-158
2026-10-09 15:30:49,520 INFO o.a.j.t.JMeterThread: Thread is done: Ticket intake 1-120
2026-10-09 15:30:49,521 INFO o.a.j.t.JMeterThread: Thread finished: Ticket intake 1-120
2026-10-09 15:30:52,182 INFO o.a.j.t.JMeterThread: Thread is done: Ticket intake 1-121
2026-10-09 15:30:52,182 INFO o.a.j.t.JMeterThread: Thread finished: Ticket intake 1-121
2026-10-09 15:30:52,934 INFO o.a.j.t.JMeterThread: Thread started: Agent search 2-620
2026-10-09 15:30:52,963 INFO o.a.j.t.JMeterThread: Thread is done: Agent search 2-620
2026-10-09 15:30:52,963 INFO o.a.j.t.JMeterThread: Thread finished: Agent search 2-620
2026-10-09 15:30:53,278 INFO o.a.j.t.JMeterThread: Thread started: Agent search 2-621
2026-10-09 15:30:53,309 INFO o.a.j.t.JMeterThread: Thread is done: Agent search 2-621
2026-10-09 15:30:53,309 INFO o.a.j.t.JMeterThread: Thread finished: Agent search 2-621
2026-10-09 15:30:59,331 INFO o.a.j.t.JMeterThread: Thread started: Agent search 2-622
2026-10-09 15:30:59,357 INFO o.a.j.t.JMeterThread: Thread is done: Agent search 2-622
2026-10-09 15:30:59,357 INFO o.a.j.t.JMeterThread: Thread finished: Agent search 2-622
2026-10-09 15:31:01,094 INFO o.a.j.t.JMeterThread: Thread started: Agent search 2-623
2026-10-09 15:31:01,127 INFO o.a.j.r.Summariser: summary +     10 in 00:00:27 =    0.4/s Avg: 120068 Min:    23 Max: 600216 Err:     2 (20.00%) Active: 38 Started: 781 Finished: 743
2026-10-09 15:31:01,127 INFO o.a.j.r.Summariser: summary =    744 in 00:46:55 =    0.3/s Avg: 91074 Min:    16 Max: 604497 Err:    84 (11.29%)
2026-10-09 15:31:01,127 INFO o.a.j.t.JMeterThread: Thread is done: Agent search 2-623
2026-10-09 15:31:01,127 INFO o.a.j.t.JMeterThread: Thread finished: Agent search 2-623
2026-10-09 15:31:02,390 INFO o.a.j.t.JMeterThread: Thread started: Agent search 2-624
2026-10-09 15:31:02,422 INFO o.a.j.t.JMeterThread: Thread is done: Agent search 2-624
2026-10-09 15:31:02,422 INFO o.a.j.t.JMeterThread: Thread finished: Agent search 2-624
2026-10-09 15:31:07,886 INFO o.a.j.t.JMeterThread: Thread started: Agent search 2-625
2026-10-09 15:31:07,924 INFO o.a.j.t.JMeterThread: Thread is done: Agent search 2-625
2026-10-09 15:31:07,924 INFO o.a.j.t.JMeterThread: Thread finished: Agent search 2-625
2026-10-09 15:31:09,290 INFO o.a.j.t.JMeterThread: Thread started: Agent search 2-626
2026-10-09 15:31:09,317 INFO o.a.j.t.JMeterThread: Thread is done: Agent search 2-626
2026-10-09 15:31:09,317 INFO o.a.j.t.JMeterThread: Thread finished: Agent search 2-626
2026-10-09 15:31:10,183 INFO o.a.j.t.JMeterThread: Thread started: Agent search 2-627
2026-10-09 15:31:10,308 INFO o.a.j.t.JMeterThread: Thread is done: Agent search 2-627
2026-10-09 15:31:10,308 INFO o.a.j.t.JMeterThread: Thread finished: Agent search 2-627
2026-10-09 15:31:27,303 INFO o.a.j.t.JMeterThread: Thread started: Agent search 2-628
2026-10-09 15:31:27,323 INFO o.a.j.t.JMeterThread: Thread is done: Agent search 2-628
2026-10-09 15:31:27,323 INFO o.a.j.t.JMeterThread: Thread finished: Agent search 2-628
2026-10-09 15:31:28,329 INFO o.a.j.t.JMeterThread: Thread is done: Ticket intake 1-122
2026-10-09 15:31:28,329 INFO o.a.j.t.JMeterThread: Thread finished: Ticket intake 1-122
2026-10-09 15:31:28,844 INFO o.a.j.t.JMeterThread: Thread is done: Ticket intake 1-123
2026-10-09 15:31:28,844 INFO o.a.j.t.JMeterThread: Thread finished: Ticket intake 1-123
2026-10-09 15:31:35,659 INFO o.a.j.t.JMeterThread: Thread started: Agent search 2-629
2026-10-09 15:31:35,681 INFO o.a.j.r.Summariser: summary +      8 in 00:00:35 =    0.2/s Avg: 150071 Min:    20 Max: 600168 Err:     2 (25.00%) Active: 36 Started: 787 Finished: 751
2026-10-09 15:31:35,681 INFO o.a.j.r.Summariser: summary =    752 in 00:47:30 =    0.3/s Avg: 91701 Min:    16 Max: 604497 Err:    86 (11.44%)
2026-10-09 15:31:35,682 INFO o.a.j.t.JMeterThread: Thread is done: Agent search 2-629
2026-10-09 15:31:35,682 INFO o.a.j.t.JMeterThread: Thread finished: Agent search 2-629
2026-10-09 15:31:36,677 INFO o.a.j.t.JMeterThread: Thread started: Agent search 2-630
2026-10-09 15:31:36,701 INFO o.a.j.t.JMeterThread: Thread is done: Agent search 2-630
2026-10-09 15:31:36,701 INFO o.a.j.t.JMeterThread: Thread finished: Agent search 2-630
2026-10-09 15:31:41,000 INFO o.a.j.t.JMeterThread: Thread started: Agent search 2-631
2026-10-09 15:31:41,032 INFO o.a.j.t.JMeterThread: Thread is done: Agent search 2-631
2026-10-09 15:31:41,032 INFO o.a.j.t.JMeterThread: Thread finished: Agent search 2-631
2026-10-09 15:31:41,235 INFO o.a.j.t.JMeterThread: Thread is done: Ticket intake 1-124
2026-10-09 15:31:41,235 INFO o.a.j.t.JMeterThread: Thread finished: Ticket intake 1-124
2026-10-09 15:31:42,359 INFO o.a.j.t.JMeterThread: Thread started: Agent search 2-632
2026-10-09 15:31:42,378 INFO o.a.j.t.JMeterThread: Thread is done: Agent search 2-632
2026-10-09 15:31:42,378 INFO o.a.j.t.JMeterThread: Thread finished: Agent search 2-632
2026-10-09 15:31:42,648 INFO o.a.j.t.JMeterThread: Thread started: Agent search 2-633
2026-10-09 15:31:42,671 INFO o.a.j.t.JMeterThread: Thread is done: Agent search 2-633
2026-10-09 15:31:42,671 INFO o.a.j.t.JMeterThread: Thread finished: Agent search 2-633
2026-10-09 15:31:43,439 INFO o.a.j.t.JMeterThread: Thread started: Agent search 2-634
2026-10-09 15:31:43,468 INFO o.a.j.t.JMeterThread: Thread is done: Agent search 2-634
2026-10-09 15:31:43,468 INFO o.a.j.t.JMeterThread: Thread finished: Agent search 2-634
2026-10-09 15:31:45,535 INFO o.a.j.t.JMeterThread: Thread is done: Ticket intake 1-125
2026-10-09 15:31:45,535 INFO o.a.j.t.JMeterThread: Thread finished: Ticket intake 1-125
2026-10-09 15:31:50,767 INFO o.a.j.t.JMeterThread: Thread started: Ticket intake 1-159
2026-10-09 15:31:52,808 INFO o.a.j.t.JMeterThread: Thread started: Agent search 2-635
2026-10-09 15:31:52,833 INFO o.a.j.t.JMeterThread: Thread is done: Agent search 2-635
2026-10-09 15:31:52,833 INFO o.a.j.t.JMeterThread: Thread finished: Agent search 2-635
2026-10-09 15:32:01,409 INFO o.a.j.r.Summariser: summary +      9 in 00:00:26 =    0.3/s Avg: 198764 Min:    17 Max: 600085 Err:     2 (22.22%) Active: 34 Started: 794 Finished: 760
2026-10-09 15:32:01,409 INFO o.a.j.r.Summariser: summary =    761 in 00:47:55 =    0.3/s Avg: 92968 Min:    16 Max: 604497 Err:    88 (11.56%)
2026-10-09 15:32:01,409 INFO o.a.j.t.JMeterThread: Thread is done: Ticket intake 1-126
2026-10-09 15:32:01,409 INFO o.a.j.t.JMeterThread: Thread finished: Ticket intake 1-126
2026-10-09 15:32:06,679 INFO o.a.j.t.JMeterThread: Thread started: Agent search 2-636
2026-10-09 15:32:06,710 INFO o.a.j.t.JMeterThread: Thread is done: Agent search 2-636
2026-10-09 15:32:06,710 INFO o.a.j.t.JMeterThread: Thread finished: Agent search 2-636
2026-10-09 15:32:07,643 INFO o.a.j.t.JMeterThread: Thread started: Agent search 2-637
2026-10-09 15:32:07,695 INFO o.a.j.t.JMeterThread: Thread is done: Agent search 2-637
2026-10-09 15:32:07,695 INFO o.a.j.t.JMeterThread: Thread finished: Agent search 2-637
2026-10-09 15:32:26,547 INFO o.a.j.t.JMeterThread: Thread started: Agent search 2-638
2026-10-09 15:32:26,592 INFO o.a.j.t.JMeterThread: Thread is done: Agent search 2-638
2026-10-09 15:32:26,593 INFO o.a.j.t.JMeterThread: Thread finished: Agent search 2-638
2026-10-09 15:32:27,392 INFO o.a.j.t.JMeterThread: Thread started: Agent search 2-639
2026-10-09 15:32:27,423 INFO o.a.j.t.JMeterThread: Thread is done: Agent search 2-639
2026-10-09 15:32:27,423 INFO o.a.j.t.JMeterThread: Thread finished: Agent search 2-639
2026-10-09 15:32:28,749 INFO o.a.j.t.JMeterThread: Thread started: Ticket intake 1-160
2026-10-09 15:32:30,182 INFO o.a.j.r.Summariser: summary +      5 in 00:00:29 =    0.2/s Avg: 120051 Min:    29 Max: 600099 Err:     1 (20.00%) Active: 34 Started: 799 Finished: 765
2026-10-09 15:32:30,182 INFO o.a.j.r.Summariser: summary =    766 in 00:48:24 =    0.3/s Avg: 93144 Min:    16 Max: 604497 Err:    89 (11.62%)
2026-10-09 15:32:30,183 INFO o.a.j.t.JMeterThread: Thread is done: Ticket intake 1-127
2026-10-09 15:32:30,183 INFO o.a.j.t.JMeterThread: Thread finished: Ticket intake 1-127
2026-10-09 15:32:34,814 INFO o.a.j.t.JMeterThread: Thread started: Agent search 2-640
2026-10-09 15:32:34,842 INFO o.a.j.t.JMeterThread: Thread is done: Agent search 2-640
2026-10-09 15:32:34,842 INFO o.a.j.t.JMeterThread: Thread finished: Agent search 2-640
2026-10-09 15:32:41,319 INFO o.a.j.t.JMeterThread: Thread started: Agent search 2-641
2026-10-09 15:32:41,348 INFO o.a.j.t.JMeterThread: Thread is done: Agent search 2-641
2026-10-09 15:32:41,348 INFO o.a.j.t.JMeterThread: Thread finished: Agent search 2-641
2026-10-09 15:32:42,332 INFO o.a.j.t.JMeterThread: Thread started: Agent search 2-642
2026-10-09 15:32:42,363 INFO o.a.j.t.JMeterThread: Thread is done: Agent search 2-642
2026-10-09 15:32:42,363 INFO o.a.j.t.JMeterThread: Thread finished: Agent search 2-642
2026-10-09 15:32:45,877 INFO o.a.j.t.JMeterThread: Thread started: Agent search 2-643
2026-10-09 15:32:45,914 INFO o.a.j.t.JMeterThread: Thread is done: Agent search 2-643
2026-10-09 15:32:45,914 INFO o.a.j.t.JMeterThread: Thread finished: Agent search 2-643
2026-10-09 15:32:49,016 INFO o.a.j.t.JMeterThread: Thread is done: Ticket intake 1-128
2026-10-09 15:32:49,016 INFO o.a.j.t.JMeterThread: Thread finished: Ticket intake 1-128
2026-10-09 15:32:49,259 INFO o.a.j.t.JMeterThread: Thread started: Agent search 2-644
2026-10-09 15:32:49,283 INFO o.a.j.t.JMeterThread: Thread is done: Agent search 2-644
2026-10-09 15:32:49,283 INFO o.a.j.t.JMeterThread: Thread finished: Agent search 2-644
2026-10-09 15:32:49,451 INFO o.a.j.t.JMeterThread: Thread started: Agent search 2-645
2026-10-09 15:32:49,475 INFO o.a.j.t.JMeterThread: Thread is done: Agent search 2-645
2026-10-09 15:32:49,475 INFO o.a.j.t.JMeterThread: Thread finished: Agent search 2-645
2026-10-09 15:32:56,075 INFO o.a.j.t.JMeterThread: Thread started: Agent search 2-646
2026-10-09 15:32:56,110 INFO o.a.j.t.JMeterThread: Thread is done: Agent search 2-646
2026-10-09 15:32:56,110 INFO o.a.j.t.JMeterThread: Thread finished: Agent search 2-646
2026-10-09 15:33:00,096 INFO o.a.j.t.JMeterThread: Thread started: Agent search 2-647
2026-10-09 15:33:00,135 INFO o.a.j.r.Summariser: summary +      9 in 00:00:30 =    0.3/s Avg: 66706 Min:    22 Max: 600120 Err:     1 (11.11%) Active: 33 Started: 807 Finished: 774
2026-10-09 15:33:00,135 INFO o.a.j.r.Summariser: summary =    775 in 00:48:54 =    0.3/s Avg: 92837 Min:    16 Max: 604497 Err:    90 (11.61%)
2026-10-09 15:33:00,135 INFO o.a.j.t.JMeterThread: Thread is done: Agent search 2-647
2026-10-09 15:33:00,135 INFO o.a.j.t.JMeterThread: Thread finished: Agent search 2-647
2026-10-09 15:33:03,025 INFO o.a.j.t.JMeterThread: Thread started: Agent search 2-648
2026-10-09 15:33:03,053 INFO o.a.j.t.JMeterThread: Thread is done: Agent search 2-648
2026-10-09 15:33:03,053 INFO o.a.j.t.JMeterThread: Thread finished: Agent search 2-648
2026-10-09 15:33:05,013 INFO o.a.j.t.JMeterThread: Thread started: Agent search 2-649
2026-10-09 15:33:05,049 INFO o.a.j.t.JMeterThread: Thread is done: Agent search 2-649
2026-10-09 15:33:05,049 INFO o.a.j.t.JMeterThread: Thread finished: Agent search 2-649
2026-10-09 15:33:09,710 INFO o.a.j.t.JMeterThread: Thread is done: Ticket intake 1-129
2026-10-09 15:33:09,710 INFO o.a.j.t.JMeterThread: Thread finished: Ticket intake 1-129
2026-10-09 15:33:12,282 INFO o.a.j.t.JMeterThread: Thread started: Agent search 2-650
2026-10-09 15:33:12,310 INFO o.a.j.t.JMeterThread: Thread is done: Agent search 2-650
2026-10-09 15:33:12,310 INFO o.a.j.t.JMeterThread: Thread finished: Agent search 2-650
2026-10-09 15:33:13,586 INFO o.a.j.t.JMeterThread: Thread started: Ticket intake 1-161
2026-10-09 15:33:16,231 INFO o.a.j.t.JMeterThread: Thread started: Agent search 2-651
2026-10-09 15:33:16,269 INFO o.a.j.t.JMeterThread: Thread is done: Agent search 2-651
2026-10-09 15:33:16,270 INFO o.a.j.t.JMeterThread: Thread finished: Agent search 2-651
2026-10-09 15:33:17,124 INFO o.a.j.t.JMeterThread: Thread is done: Ticket intake 1-130
2026-10-09 15:33:17,125 INFO o.a.j.t.JMeterThread: Thread finished: Ticket intake 1-130
2026-10-09 15:33:17,286 INFO o.a.j.t.JMeterThread: Thread is done: Ticket intake 1-131
2026-10-09 15:33:17,286 INFO o.a.j.t.JMeterThread: Thread finished: Ticket intake 1-131
2026-10-09 15:33:21,158 INFO o.a.j.t.JMeterThread: Thread started: Agent search 2-652
2026-10-09 15:33:21,189 INFO o.a.j.t.JMeterThread: Thread is done: Agent search 2-652
2026-10-09 15:33:21,189 INFO o.a.j.t.JMeterThread: Thread finished: Agent search 2-652
2026-10-09 15:33:26,636 INFO o.a.j.t.JMeterThread: Thread started: Agent search 2-653
2026-10-09 15:33:26,673 INFO o.a.j.t.JMeterThread: Thread is done: Agent search 2-653
2026-10-09 15:33:26,673 INFO o.a.j.t.JMeterThread: Thread finished: Agent search 2-653
2026-10-09 15:33:32,577 INFO o.a.j.t.JMeterThread: Thread started: Agent search 2-654
2026-10-09 15:33:32,601 INFO o.a.j.r.Summariser: summary +     10 in 00:00:32 =    0.3/s Avg: 180072 Min:    23 Max: 600204 Err:     3 (30.00%) Active: 31 Started: 815 Finished: 784
2026-10-09 15:33:32,602 INFO o.a.j.r.Summariser: summary =    785 in 00:49:27 =    0.3/s Avg: 93949 Min:    16 Max: 604497 Err:    93 (11.85%)
2026-10-09 15:33:32,602 INFO o.a.j.t.JMeterThread: Thread is done: Agent search 2-654
2026-10-09 15:33:32,602 INFO o.a.j.t.JMeterThread: Thread finished: Agent search 2-654
2026-10-09 15:33:38,256 INFO o.a.j.t.JMeterThread: Thread started: Agent search 2-655
2026-10-09 15:33:38,289 INFO o.a.j.t.JMeterThread: Thread is done: Agent search 2-655
2026-10-09 15:33:38,289 INFO o.a.j.t.JMeterThread: Thread finished: Agent search 2-655
2026-10-09 15:33:42,476 INFO o.a.j.t.JMeterThread: Thread is done: Ticket intake 1-132
2026-10-09 15:33:42,476 INFO o.a.j.t.JMeterThread: Thread finished: Ticket intake 1-132
2026-10-09 15:33:43,415 INFO o.a.j.t.JMeterThread: Thread started: Agent search 2-656
2026-10-09 15:33:43,439 INFO o.a.j.t.JMeterThread: Thread is done: Agent search 2-656
2026-10-09 15:33:43,439 INFO o.a.j.t.JMeterThread: Thread finished: Agent search 2-656
2026-10-09 15:33:46,464 INFO o.a.j.t.JMeterThread: Thread started: Agent search 2-657
2026-10-09 15:33:46,487 INFO o.a.j.t.JMeterThread: Thread is done: Agent search 2-657
2026-10-09 15:33:46,487 INFO o.a.j.t.JMeterThread: Thread finished: Agent search 2-657
2026-10-09 15:33:55,135 INFO o.a.j.t.JMeterThread: Thread started: Agent search 2-658
2026-10-09 15:33:55,180 INFO o.a.j.t.JMeterThread: Thread is done: Agent search 2-658
2026-10-09 15:33:55,180 INFO o.a.j.t.JMeterThread: Thread finished: Agent search 2-658
2026-10-09 15:33:57,993 INFO o.a.j.t.JMeterThread: Thread started: Agent search 2-659
2026-10-09 15:33:58,026 INFO o.a.j.t.JMeterThread: Thread is done: Agent search 2-659
2026-10-09 15:33:58,026 INFO o.a.j.t.JMeterThread: Thread finished: Agent search 2-659
2026-10-09 15:34:01,667 INFO o.a.j.t.JMeterThread: Thread started: Agent search 2-660
2026-10-09 15:34:01,691 INFO o.a.j.r.Summariser: summary +      7 in 00:00:29 =    0.2/s Avg: 85757 Min:    23 Max: 600123 Err:     1 (14.29%) Active: 30 Started: 821 Finished: 791
2026-10-09 15:34:01,692 INFO o.a.j.r.Summariser: summary =    792 in 00:49:56 =    0.3/s Avg: 93876 Min:    16 Max: 604497 Err:    94 (11.87%)
2026-10-09 15:34:01,692 INFO o.a.j.t.JMeterThread: Thread is done: Agent search 2-660
2026-10-09 15:34:01,692 INFO o.a.j.t.JMeterThread: Thread finished: Agent search 2-660
2026-10-09 15:34:01,699 INFO o.a.j.t.JMeterThread: Thread started: Ticket intake 1-162
2026-10-09 15:34:01,827 INFO o.a.j.t.JMeterThread: Thread started: Ticket intake 1-163
2026-10-09 15:34:01,849 INFO o.a.j.t.JMeterThread: Thread started: Agent search 2-661
2026-10-09 15:34:01,881 INFO o.a.j.t.JMeterThread: Thread is done: Agent search 2-661
2026-10-09 15:34:01,881 INFO o.a.j.t.JMeterThread: Thread finished: Agent search 2-661
2026-10-09 15:34:04,503 INFO o.a.j.t.JMeterThread: Thread is done: Ticket intake 1-133
2026-10-09 15:34:04,503 INFO o.a.j.t.JMeterThread: Thread finished: Ticket intake 1-133
2026-10-09 15:34:09,130 INFO o.a.j.t.JMeterThread: Thread started: Agent search 2-662
2026-10-09 15:34:09,152 INFO o.a.j.t.JMeterThread: Thread is done: Agent search 2-662
2026-10-09 15:34:09,152 INFO o.a.j.t.JMeterThread: Thread finished: Agent search 2-662
2026-10-09 15:34:14,476 INFO o.a.j.t.JMeterThread: Thread started: Ticket intake 1-164
2026-10-09 15:34:16,903 INFO o.a.j.t.JMeterThread: Thread started: Agent search 2-663
2026-10-09 15:34:16,933 INFO o.a.j.t.JMeterThread: Thread is done: Agent search 2-663
2026-10-09 15:34:16,933 INFO o.a.j.t.JMeterThread: Thread finished: Agent search 2-663
2026-10-09 15:34:17,367 INFO o.a.j.t.JMeterThread: Thread started: Agent search 2-664
2026-10-09 15:34:17,395 INFO o.a.j.t.JMeterThread: Thread is done: Agent search 2-664
2026-10-09 15:34:17,395 INFO o.a.j.t.JMeterThread: Thread finished: Agent search 2-664
2026-10-09 15:34:17,749 INFO o.a.j.t.JMeterThread: Thread started: Agent search 2-665
2026-10-09 15:34:17,785 INFO o.a.j.t.JMeterThread: Thread is done: Agent search 2-665
2026-10-09 15:34:17,785 INFO o.a.j.t.JMeterThread: Thread finished: Agent search 2-665
2026-10-09 15:34:20,673 INFO o.a.j.t.JMeterThread: Thread is done: Ticket intake 1-134
2026-10-09 15:34:20,673 INFO o.a.j.t.JMeterThread: Thread finished: Ticket intake 1-134
2026-10-09 15:34:23,359 INFO o.a.j.t.JMeterThread: Thread started: Ticket intake 1-165
2026-10-09 15:34:24,273 INFO o.a.j.t.JMeterThread: Thread started: Ticket intake 1-166
2026-10-09 15:34:24,344 INFO o.a.j.t.JMeterThread: Thread started: Agent search 2-666
2026-10-09 15:34:24,400 INFO o.a.j.t.JMeterThread: Thread is done: Agent search 2-666
2026-10-09 15:34:24,401 INFO o.a.j.t.JMeterThread: Thread finished: Agent search 2-666
2026-10-09 15:34:24,558 INFO o.a.j.t.JMeterThread: Thread started: Agent search 2-667
2026-10-09 15:34:24,603 INFO o.a.j.t.JMeterThread: Thread is done: Agent search 2-667
2026-10-09 15:34:24,604 INFO o.a.j.t.JMeterThread: Thread finished: Agent search 2-667
2026-10-09 15:34:29,955 INFO o.a.j.t.JMeterThread: Thread started: Agent search 2-668
2026-10-09 15:34:30,002 INFO o.a.j.r.Summariser: summary +     10 in 00:00:28 =    0.4/s Avg: 120161 Min:    21 Max: 601230 Err:     2 (20.00%) Active: 33 Started: 834 Finished: 801
2026-10-09 15:34:30,003 INFO o.a.j.r.Summariser: summary =    802 in 00:50:24 =    0.3/s Avg: 94204 Min:    16 Max: 604497 Err:    96 (11.97%)
2026-10-09 15:34:30,003 INFO o.a.j.t.JMeterThread: Thread is done: Agent search 2-668
2026-10-09 15:34:30,003 INFO o.a.j.t.JMeterThread: Thread finished: Agent search 2-668
2026-10-09 15:34:30,919 INFO o.a.j.t.JMeterThread: Thread started: Agent search 2-669
2026-10-09 15:34:30,948 INFO o.a.j.t.JMeterThread: Thread is done: Agent search 2-669
2026-10-09 15:34:30,948 INFO o.a.j.t.JMeterThread: Thread finished: Agent search 2-669
2026-10-09 15:34:33,276 INFO o.a.j.t.JMeterThread: Thread started: Agent search 2-670
2026-10-09 15:34:33,311 INFO o.a.j.t.JMeterThread: Thread is done: Agent search 2-670
2026-10-09 15:34:33,311 INFO o.a.j.t.JMeterThread: Thread finished: Agent search 2-670
2026-10-09 15:34:43,815 INFO o.a.j.t.JMeterThread: Thread is done: Ticket intake 1-135
2026-10-09 15:34:43,815 INFO o.a.j.t.JMeterThread: Thread finished: Ticket intake 1-135
2026-10-09 15:34:45,443 INFO o.a.j.t.JMeterThread: Thread started: Agent search 2-671
2026-10-09 15:34:45,556 INFO o.a.j.t.JMeterThread: Thread is done: Agent search 2-671
2026-10-09 15:34:45,556 INFO o.a.j.t.JMeterThread: Thread finished: Agent search 2-671
2026-10-09 15:34:45,985 INFO o.a.j.t.JMeterThread: Thread started: Agent search 2-672
2026-10-09 15:34:46,018 INFO o.a.j.t.JMeterThread: Thread is done: Agent search 2-672
2026-10-09 15:34:46,018 INFO o.a.j.t.JMeterThread: Thread finished: Agent search 2-672
2026-10-09 15:34:49,704 INFO o.a.j.t.JMeterThread: Thread started: Agent search 2-673
2026-10-09 15:34:49,735 INFO o.a.j.t.JMeterThread: Thread is done: Agent search 2-673
2026-10-09 15:34:49,735 INFO o.a.j.t.JMeterThread: Thread finished: Agent search 2-673
2026-10-09 15:34:56,228 INFO o.a.j.t.JMeterThread: Thread started: Agent search 2-674
2026-10-09 15:34:56,262 INFO o.a.j.t.JMeterThread: Thread is done: Agent search 2-674
2026-10-09 15:34:56,262 INFO o.a.j.t.JMeterThread: Thread finished: Agent search 2-674
2026-10-09 15:35:03,932 INFO o.a.j.r.Summariser: summary +      8 in 00:00:34 =    0.2/s Avg: 148462 Min:    28 Max: 600113 Err:     1 (12.50%) Active: 31 Started: 840 Finished: 809
2026-10-09 15:35:03,933 INFO o.a.j.r.Summariser: summary =    810 in 00:50:58 =    0.3/s Avg: 94740 Min:    16 Max: 604497 Err:    97 (11.98%)
2026-10-09 15:35:03,933 INFO o.a.j.t.JMeterThread: Thread is done: Ticket intake 1-136
2026-10-09 15:35:03,933 INFO o.a.j.t.JMeterThread: Thread finished: Ticket intake 1-136
2026-10-09 15:35:04,974 INFO o.a.j.t.JMeterThread: Thread started: Ticket intake 1-167
2026-10-09 15:35:06,655 INFO o.a.j.t.JMeterThread: Thread started: Agent search 2-675
2026-10-09 15:35:06,690 INFO o.a.j.t.JMeterThread: Thread is done: Agent search 2-675
2026-10-09 15:35:06,690 INFO o.a.j.t.JMeterThread: Thread finished: Agent search 2-675
2026-10-09 15:35:10,517 INFO o.a.j.t.JMeterThread: Thread started: Agent search 2-676
2026-10-09 15:35:10,537 INFO o.a.j.t.JMeterThread: Thread is done: Agent search 2-676
2026-10-09 15:35:10,538 INFO o.a.j.t.JMeterThread: Thread finished: Agent search 2-676
2026-10-09 15:35:10,856 INFO o.a.j.t.JMeterThread: Thread started: Ticket intake 1-168
2026-10-09 15:35:14,749 INFO o.a.j.t.JMeterThread: Thread started: Ticket intake 1-169
2026-10-09 15:35:15,918 INFO o.a.j.t.JMeterThread: Thread started: Agent search 2-677
2026-10-09 15:35:15,952 INFO o.a.j.t.JMeterThread: Thread is done: Agent search 2-677
2026-10-09 15:35:15,952 INFO o.a.j.t.JMeterThread: Thread finished: Agent search 2-677
2026-10-09 15:35:16,998 INFO o.a.j.t.JMeterThread: Thread started: Ticket intake 1-170
2026-10-09 15:35:18,036 INFO o.a.j.t.JMeterThread: Thread started: Ticket intake 1-171
2026-10-09 15:35:18,246 INFO o.a.j.t.JMeterThread: Thread started: Ticket intake 1-172
2026-10-09 15:35:20,684 INFO o.a.j.t.JMeterThread: Thread started: Agent search 2-678
2026-10-09 15:35:20,707 INFO o.a.j.t.JMeterThread: Thread is done: Agent search 2-678
2026-10-09 15:35:20,707 INFO o.a.j.t.JMeterThread: Thread finished: Agent search 2-678
2026-10-09 15:35:22,632 INFO o.a.j.t.JMeterThread: Thread started: Agent search 2-679
2026-10-09 15:35:22,671 INFO o.a.j.t.JMeterThread: Thread is done: Agent search 2-679
2026-10-09 15:35:22,671 INFO o.a.j.t.JMeterThread: Thread finished: Agent search 2-679
2026-10-09 15:35:23,854 INFO o.a.j.t.JMeterThread: Thread is done: Ticket intake 1-137
2026-10-09 15:35:23,854 INFO o.a.j.t.JMeterThread: Thread finished: Ticket intake 1-137
2026-10-09 15:35:32,013 INFO o.a.j.t.JMeterThread: Thread started: Agent search 2-680
2026-10-09 15:35:32,036 INFO o.a.j.r.Summariser: summary +      7 in 00:00:28 =    0.2/s Avg: 85768 Min:    21 Max: 600208 Err:     1 (14.29%) Active: 36 Started: 852 Finished: 816
2026-10-09 15:35:32,036 INFO o.a.j.r.Summariser: summary =    817 in 00:51:26 =    0.3/s Avg: 94663 Min:    16 Max: 604497 Err:    98 (12.00%)
2026-10-09 15:35:32,036 INFO o.a.j.t.JMeterThread: Thread is done: Agent search 2-680
2026-10-09 15:35:32,036 INFO o.a.j.t.JMeterThread: Thread finished: Agent search 2-680
2026-10-09 15:35:34,542 INFO o.a.j.t.JMeterThread: Thread started: Agent search 2-681
2026-10-09 15:35:34,709 INFO o.a.j.t.JMeterThread: Thread is done: Agent search 2-681
2026-10-09 15:35:34,709 INFO o.a.j.t.JMeterThread: Thread finished: Agent search 2-681
2026-10-09 15:35:37,270 INFO o.a.j.t.JMeterThread: Thread is done: Ticket intake 1-138
2026-10-09 15:35:37,270 INFO o.a.j.t.JMeterThread: Thread finished: Ticket intake 1-138
2026-10-09 15:35:39,104 INFO o.a.j.t.JMeterThread: Thread started: Agent search 2-682
2026-10-09 15:35:39,149 INFO o.a.j.t.JMeterThread: Thread is done: Agent search 2-682
2026-10-09 15:35:39,149 INFO o.a.j.t.JMeterThread: Thread finished: Agent search 2-682
2026-10-09 15:35:41,394 INFO o.a.j.t.JMeterThread: Thread started: Agent search 2-683
2026-10-09 15:35:41,424 INFO o.a.j.t.JMeterThread: Thread is done: Agent search 2-683
2026-10-09 15:35:41,424 INFO o.a.j.t.JMeterThread: Thread finished: Agent search 2-683
2026-10-09 15:35:47,006 INFO o.a.j.t.JMeterThread: Thread started: Agent search 2-684
2026-10-09 15:35:47,040 INFO o.a.j.t.JMeterThread: Thread is done: Agent search 2-684
2026-10-09 15:35:47,040 INFO o.a.j.t.JMeterThread: Thread finished: Agent search 2-684
2026-10-09 15:35:51,511 INFO o.a.j.t.JMeterThread: Thread started: Agent search 2-685
2026-10-09 15:35:51,539 INFO o.a.j.t.JMeterThread: Thread is done: Agent search 2-685
2026-10-09 15:35:51,539 INFO o.a.j.t.JMeterThread: Thread finished: Agent search 2-685
2026-10-09 15:35:52,860 INFO o.a.j.t.JMeterThread: Thread started: Agent search 2-686
2026-10-09 15:35:52,898 INFO o.a.j.t.JMeterThread: Thread is done: Agent search 2-686
2026-10-09 15:35:52,898 INFO o.a.j.t.JMeterThread: Thread finished: Agent search 2-686
2026-10-09 15:35:58,157 INFO o.a.j.t.JMeterThread: Thread started: Agent search 2-687
2026-10-09 15:35:58,185 INFO o.a.j.t.JMeterThread: Thread is done: Agent search 2-687
2026-10-09 15:35:58,185 INFO o.a.j.t.JMeterThread: Thread finished: Agent search 2-687
2026-10-09 15:36:08,575 INFO o.a.j.t.JMeterThread: Thread started: Agent search 2-688
2026-10-09 15:36:08,608 INFO o.a.j.t.JMeterThread: Thread is done: Agent search 2-688
2026-10-09 15:36:08,608 INFO o.a.j.t.JMeterThread: Thread finished: Agent search 2-688
2026-10-09 15:36:11,818 INFO o.a.j.t.JMeterThread: Thread started: Agent search 2-689
2026-10-09 15:36:11,850 INFO o.a.j.t.JMeterThread: Thread is done: Agent search 2-689
2026-10-09 15:36:11,850 INFO o.a.j.t.JMeterThread: Thread finished: Agent search 2-689
2026-10-09 15:36:15,727 INFO o.a.j.t.JMeterThread: Thread started: Agent search 2-690
2026-10-09 15:36:15,760 INFO o.a.j.t.JMeterThread: Thread is done: Agent search 2-690
2026-10-09 15:36:15,760 INFO o.a.j.t.JMeterThread: Thread finished: Agent search 2-690
2026-10-09 15:36:19,869 INFO o.a.j.t.JMeterThread: Thread is done: Ticket intake 1-139
2026-10-09 15:36:19,869 INFO o.a.j.t.JMeterThread: Thread finished: Ticket intake 1-139
2026-10-09 15:36:21,404 INFO o.a.j.t.JMeterThread: Thread is done: Ticket intake 1-140
2026-10-09 15:36:21,404 INFO o.a.j.t.JMeterThread: Thread finished: Ticket intake 1-140
2026-10-09 15:36:27,027 INFO o.a.j.t.JMeterThread: Thread started: Agent search 2-691
2026-10-09 15:36:27,030 INFO o.a.j.t.JMeterThread: Thread started: Agent search 2-692
2026-10-09 15:36:27,073 INFO o.a.j.t.JMeterThread: Thread is done: Agent search 2-692
2026-10-09 15:36:27,073 INFO o.a.j.t.JMeterThread: Thread finished: Agent search 2-692
2026-10-09 15:36:27,073 INFO o.a.j.t.JMeterThread: Thread is done: Agent search 2-691
2026-10-09 15:36:27,073 INFO o.a.j.t.JMeterThread: Thread finished: Agent search 2-691
2026-10-09 15:36:29,627 INFO o.a.j.t.JMeterThread: Thread started: Agent search 2-693
2026-10-09 15:36:29,654 INFO o.a.j.t.JMeterThread: Thread is done: Agent search 2-693
2026-10-09 15:36:29,654 INFO o.a.j.t.JMeterThread: Thread finished: Agent search 2-693
2026-10-09 15:36:31,495 INFO o.a.j.r.Summariser: summary +     17 in 00:00:59 =    0.3/s Avg: 141244 Min:    26 Max: 600170 Err:     4 (23.53%) Active: 32 Started: 865 Finished: 833
2026-10-09 15:36:31,495 INFO o.a.j.r.Summariser: summary =    834 in 00:52:25 =    0.3/s Avg: 95612 Min:    16 Max: 604497 Err:   102 (12.23%)
2026-10-09 15:36:31,496 INFO o.a.j.t.JMeterThread: Thread is done: Ticket intake 1-141
2026-10-09 15:36:31,496 INFO o.a.j.t.JMeterThread: Thread finished: Ticket intake 1-141
2026-10-09 15:36:33,918 INFO o.a.j.t.JMeterThread: Thread started: Agent search 2-694
2026-10-09 15:36:33,944 INFO o.a.j.t.JMeterThread: Thread is done: Agent search 2-694
2026-10-09 15:36:33,944 INFO o.a.j.t.JMeterThread: Thread finished: Agent search 2-694
2026-10-09 15:36:36,999 INFO o.a.j.t.JMeterThread: Thread started: Agent search 2-695
2026-10-09 15:36:37,044 INFO o.a.j.t.JMeterThread: Thread is done: Agent search 2-695
2026-10-09 15:36:37,044 INFO o.a.j.t.JMeterThread: Thread finished: Agent search 2-695
2026-10-09 15:36:40,229 INFO o.a.j.t.JMeterThread: Thread started: Agent search 2-696
2026-10-09 15:36:40,452 INFO o.a.j.t.JMeterThread: Thread is done: Agent search 2-696
2026-10-09 15:36:40,453 INFO o.a.j.t.JMeterThread: Thread finished: Agent search 2-696
2026-10-09 15:36:41,551 INFO o.a.j.t.JMeterThread: Thread started: Agent search 2-697
2026-10-09 15:36:41,590 INFO o.a.j.t.JMeterThread: Thread is done: Agent search 2-697
2026-10-09 15:36:41,590 INFO o.a.j.t.JMeterThread: Thread finished: Agent search 2-697
2026-10-09 15:36:45,237 INFO o.a.j.t.JMeterThread: Thread started: Agent search 2-698
2026-10-09 15:36:45,275 INFO o.a.j.t.JMeterThread: Thread is done: Agent search 2-698
2026-10-09 15:36:45,275 INFO o.a.j.t.JMeterThread: Thread finished: Agent search 2-698
2026-10-09 15:36:48,714 INFO o.a.j.t.JMeterThread: Thread started: Ticket intake 1-173
2026-10-09 15:36:56,241 INFO o.a.j.t.JMeterThread: Thread started: Agent search 2-699
2026-10-09 15:36:56,282 INFO o.a.j.t.JMeterThread: Thread is done: Agent search 2-699
2026-10-09 15:36:56,282 INFO o.a.j.t.JMeterThread: Thread finished: Agent search 2-699
2026-10-09 15:37:03,336 INFO o.a.j.t.JMeterThread: Thread started: Agent search 2-700
2026-10-09 15:37:03,364 INFO o.a.j.r.Summariser: summary +      7 in 00:00:32 =    0.2/s Avg:    61 Min:    25 Max:   222 Err:     0 (0.00%) Active: 33 Started: 873 Finished: 840
2026-10-09 15:37:03,365 INFO o.a.j.r.Summariser: summary =    841 in 00:52:57 =    0.3/s Avg: 94817 Min:    16 Max: 604497 Err:   102 (12.13%)
2026-10-09 15:37:03,365 INFO o.a.j.t.JMeterThread: Thread is done: Agent search 2-700
2026-10-09 15:37:03,365 INFO o.a.j.t.JMeterThread: Thread finished: Agent search 2-700
2026-10-09 15:37:05,337 INFO o.a.j.t.JMeterThread: Thread is done: Ticket intake 1-142
2026-10-09 15:37:05,337 INFO o.a.j.t.JMeterThread: Thread finished: Ticket intake 1-142
2026-10-09 15:37:10,969 INFO o.a.j.t.JMeterThread: Thread is done: Ticket intake 1-143
2026-10-09 15:37:10,969 INFO o.a.j.t.JMeterThread: Thread finished: Ticket intake 1-143
2026-10-09 15:37:19,325 INFO o.a.j.t.JMeterThread: Thread started: Ticket intake 1-174
2026-10-09 15:37:21,309 INFO o.a.j.t.JMeterThread: Thread is done: Ticket intake 1-144
2026-10-09 15:37:21,309 INFO o.a.j.t.JMeterThread: Thread finished: Ticket intake 1-144
2026-10-09 15:37:21,922 INFO o.a.j.t.JMeterThread: Thread is done: Ticket intake 1-145
2026-10-09 15:37:21,923 INFO o.a.j.t.JMeterThread: Thread finished: Ticket intake 1-145
2026-10-09 15:37:22,481 INFO o.a.j.t.JMeterThread: Thread started: Agent search 2-701
2026-10-09 15:37:22,513 INFO o.a.j.t.JMeterThread: Thread is done: Agent search 2-701
2026-10-09 15:37:22,513 INFO o.a.j.t.JMeterThread: Thread finished: Agent search 2-701
2026-10-09 15:37:22,671 INFO o.a.j.t.JMeterThread: Thread started: Agent search 2-702
2026-10-09 15:37:22,698 INFO o.a.j.t.JMeterThread: Thread is done: Agent search 2-702
2026-10-09 15:37:22,698 INFO o.a.j.t.JMeterThread: Thread finished: Agent search 2-702
2026-10-09 15:37:22,773 INFO o.a.j.t.JMeterThread: Thread started: Agent search 2-703
2026-10-09 15:37:22,810 INFO o.a.j.t.JMeterThread: Thread is done: Agent search 2-703
2026-10-09 15:37:22,810 INFO o.a.j.t.JMeterThread: Thread finished: Agent search 2-703
2026-10-09 15:37:23,301 INFO o.a.j.t.JMeterThread: Thread started: Agent search 2-704
2026-10-09 15:37:23,341 INFO o.a.j.t.JMeterThread: Thread is done: Agent search 2-704
2026-10-09 15:37:23,341 INFO o.a.j.t.JMeterThread: Thread finished: Agent search 2-704
2026-10-09 15:37:26,184 INFO o.a.j.t.JMeterThread: Thread started: Agent search 2-705
2026-10-09 15:37:26,216 INFO o.a.j.t.JMeterThread: Thread is done: Agent search 2-705
2026-10-09 15:37:26,216 INFO o.a.j.t.JMeterThread: Thread finished: Agent search 2-705
2026-10-09 15:37:29,991 INFO o.a.j.t.JMeterThread: Thread started: Agent search 2-706
2026-10-09 15:37:30,020 INFO o.a.j.r.Summariser: summary +     10 in 00:00:27 =    0.4/s Avg: 240072 Min:    25 Max: 600169 Err:     4 (40.00%) Active: 30 Started: 880 Finished: 850
2026-10-09 15:37:30,021 INFO o.a.j.r.Summariser: summary =    851 in 00:53:24 =    0.3/s Avg: 96524 Min:    16 Max: 604497 Err:   106 (12.46%)
2026-10-09 15:37:30,021 INFO o.a.j.t.JMeterThread: Thread is done: Agent search 2-706
2026-10-09 15:37:30,021 INFO o.a.j.t.JMeterThread: Thread finished: Agent search 2-706
2026-10-09 15:37:30,357 INFO o.a.j.t.JMeterThread: Thread started: Ticket intake 1-175
2026-10-09 15:37:33,030 INFO o.a.j.t.JMeterThread: Thread started: Agent search 2-707
2026-10-09 15:37:33,063 INFO o.a.j.t.JMeterThread: Thread is done: Agent search 2-707
2026-10-09 15:37:33,063 INFO o.a.j.t.JMeterThread: Thread finished: Agent search 2-707
2026-10-09 15:37:38,417 INFO o.a.j.t.JMeterThread: Thread started: Agent search 2-708
2026-10-09 15:37:38,444 INFO o.a.j.t.JMeterThread: Thread is done: Agent search 2-708
2026-10-09 15:37:38,444 INFO o.a.j.t.JMeterThread: Thread finished: Agent search 2-708
2026-10-09 15:37:43,986 INFO o.a.j.t.JMeterThread: Thread started: Agent search 2-709
2026-10-09 15:37:44,011 INFO o.a.j.t.JMeterThread: Thread is done: Agent search 2-709
2026-10-09 15:37:44,011 INFO o.a.j.t.JMeterThread: Thread finished: Agent search 2-709
2026-10-09 15:37:46,936 INFO o.a.j.t.JMeterThread: Thread started: Agent search 2-710
2026-10-09 15:37:46,969 INFO o.a.j.t.JMeterThread: Thread is done: Agent search 2-710
2026-10-09 15:37:46,969 INFO o.a.j.t.JMeterThread: Thread finished: Agent search 2-710
2026-10-09 15:37:48,426 INFO o.a.j.t.JMeterThread: Thread started: Agent search 2-711
2026-10-09 15:37:48,452 INFO o.a.j.t.JMeterThread: Thread is done: Agent search 2-711
2026-10-09 15:37:48,453 INFO o.a.j.t.JMeterThread: Thread finished: Agent search 2-711
2026-10-09 15:37:49,777 INFO o.a.j.t.JMeterThread: Thread is done: Ticket intake 1-146
2026-10-09 15:37:49,777 INFO o.a.j.t.JMeterThread: Thread finished: Ticket intake 1-146
2026-10-09 15:37:50,157 INFO o.a.j.t.JMeterThread: Thread started: Agent search 2-712
2026-10-09 15:37:50,184 INFO o.a.j.t.JMeterThread: Thread is done: Agent search 2-712
2026-10-09 15:37:50,185 INFO o.a.j.t.JMeterThread: Thread finished: Agent search 2-712
2026-10-09 15:37:52,953 INFO o.a.j.t.JMeterThread: Thread started: Agent search 2-713
2026-10-09 15:37:53,156 INFO o.a.j.t.JMeterThread: Thread is done: Agent search 2-713
2026-10-09 15:37:53,156 INFO o.a.j.t.JMeterThread: Thread finished: Agent search 2-713
2026-10-09 15:37:56,931 INFO o.a.j.t.JMeterThread: Thread started: Ticket intake 1-176
2026-10-09 15:37:57,764 INFO o.a.j.t.JMeterThread: Thread is done: Ticket intake 1-147
2026-10-09 15:37:57,765 INFO o.a.j.t.JMeterThread: Thread finished: Ticket intake 1-147
2026-10-09 15:37:59,812 INFO o.a.j.t.JMeterThread: Thread started: Agent search 2-714
2026-10-09 15:37:59,854 INFO o.a.j.t.JMeterThread: Thread is done: Agent search 2-714
2026-10-09 15:37:59,854 INFO o.a.j.t.JMeterThread: Thread finished: Agent search 2-714
2026-10-09 15:38:02,546 INFO o.a.j.t.JMeterThread: Thread started: Agent search 2-715
2026-10-09 15:38:02,574 INFO o.a.j.r.Summariser: summary +     11 in 00:00:33 =    0.3/s Avg: 109160 Min:    24 Max: 600174 Err:     2 (18.18%) Active: 30 Started: 891 Finished: 861
2026-10-09 15:38:02,575 INFO o.a.j.r.Summariser: summary =    862 in 00:53:57 =    0.3/s Avg: 96685 Min:    16 Max: 604497 Err:   108 (12.53%)
2026-10-09 15:38:02,575 INFO o.a.j.t.JMeterThread: Thread is done: Agent search 2-715
2026-10-09 15:38:02,575 INFO o.a.j.t.JMeterThread: Thread finished: Agent search 2-715
2026-10-09 15:38:02,920 INFO o.a.j.t.JMeterThread: Thread started: Agent search 2-716
2026-10-09 15:38:02,957 INFO o.a.j.t.JMeterThread: Thread is done: Agent search 2-716
2026-10-09 15:38:02,957 INFO o.a.j.t.JMeterThread: Thread finished: Agent search 2-716
2026-10-09 15:38:13,226 INFO o.a.j.t.JMeterThread: Thread is done: Ticket intake 1-148
2026-10-09 15:38:13,226 INFO o.a.j.t.JMeterThread: Thread finished: Ticket intake 1-148
2026-10-09 15:38:13,646 INFO o.a.j.t.JMeterThread: Thread started: Agent search 2-717
2026-10-09 15:38:13,695 INFO o.a.j.t.JMeterThread: Thread is done: Agent search 2-717
2026-10-09 15:38:13,695 INFO o.a.j.t.JMeterThread: Thread finished: Agent search 2-717
2026-10-09 15:38:13,768 INFO o.a.j.t.JMeterThread: Thread started: Agent search 2-718
2026-10-09 15:38:13,798 INFO o.a.j.t.JMeterThread: Thread is done: Agent search 2-718
2026-10-09 15:38:13,798 INFO o.a.j.t.JMeterThread: Thread finished: Agent search 2-718
2026-10-09 15:38:16,401 INFO o.a.j.t.JMeterThread: Thread is done: Ticket intake 1-149
2026-10-09 15:38:16,401 INFO o.a.j.t.JMeterThread: Thread finished: Ticket intake 1-149
2026-10-09 15:38:18,475 INFO o.a.j.t.JMeterThread: Thread started: Agent search 2-719
2026-10-09 15:38:18,503 INFO o.a.j.t.JMeterThread: Thread is done: Agent search 2-719
2026-10-09 15:38:18,503 INFO o.a.j.t.JMeterThread: Thread finished: Agent search 2-719
2026-10-09 15:38:20,726 INFO o.a.j.t.JMeterThread: Thread is done: Ticket intake 1-150
2026-10-09 15:38:20,726 INFO o.a.j.t.JMeterThread: Thread finished: Ticket intake 1-150
2026-10-09 15:38:22,478 INFO o.a.j.t.JMeterThread: Thread started: Ticket intake 1-177
2026-10-09 15:38:25,644 INFO o.a.j.t.JMeterThread: Thread started: Agent search 2-720
2026-10-09 15:38:25,676 INFO o.a.j.t.JMeterThread: Thread is done: Agent search 2-720
2026-10-09 15:38:25,676 INFO o.a.j.t.JMeterThread: Thread finished: Agent search 2-720
2026-10-09 15:38:27,447 INFO o.a.j.t.JMeterThread: Thread started: Ticket intake 1-178
2026-10-09 15:38:29,930 INFO o.a.j.t.JMeterThread: Thread started: Agent search 2-721
2026-10-09 15:38:29,963 INFO o.a.j.t.JMeterThread: Thread is done: Agent search 2-721
2026-10-09 15:38:29,963 INFO o.a.j.t.JMeterThread: Thread finished: Agent search 2-721
2026-10-09 15:38:32,582 INFO o.a.j.r.Summariser: summary +     10 in 00:00:30 =    0.3/s Avg: 240079 Min:    27 Max: 600181 Err:     4 (40.00%) Active: 28 Started: 899 Finished: 871
2026-10-09 15:38:32,582 INFO o.a.j.r.Summariser: summary =    872 in 00:54:27 =    0.3/s Avg: 98330 Min:    16 Max: 604497 Err:   112 (12.84%)
2026-10-09 15:38:32,582 INFO o.a.j.t.JMeterThread: Thread is done: Ticket intake 1-151
2026-10-09 15:38:32,582 INFO o.a.j.t.JMeterThread: Thread finished: Ticket intake 1-151
2026-10-09 15:38:37,474 INFO o.a.j.t.JMeterThread: Thread started: Ticket intake 1-179
2026-10-09 15:38:37,546 INFO o.a.j.t.JMeterThread: Thread started: Agent search 2-722
2026-10-09 15:38:37,589 INFO o.a.j.t.JMeterThread: Thread is done: Agent search 2-722
2026-10-09 15:38:37,589 INFO o.a.j.t.JMeterThread: Thread finished: Agent search 2-722
2026-10-09 15:38:38,749 INFO o.a.j.t.JMeterThread: Thread started: Agent search 2-723
2026-10-09 15:38:38,774 INFO o.a.j.t.JMeterThread: Thread is done: Agent search 2-723
2026-10-09 15:38:38,774 INFO o.a.j.t.JMeterThread: Thread finished: Agent search 2-723
2026-10-09 15:38:42,637 INFO o.a.j.t.JMeterThread: Thread started: Ticket intake 1-180
2026-10-09 15:38:46,689 INFO o.a.j.t.JMeterThread: Thread started: Agent search 2-724
2026-10-09 15:38:46,718 INFO o.a.j.t.JMeterThread: Thread is done: Agent search 2-724
2026-10-09 15:38:46,718 INFO o.a.j.t.JMeterThread: Thread finished: Agent search 2-724
2026-10-09 15:38:47,499 INFO o.a.j.t.JMeterThread: Thread started: Agent search 2-725
2026-10-09 15:38:47,546 INFO o.a.j.t.JMeterThread: Thread is done: Agent search 2-725
2026-10-09 15:38:47,546 INFO o.a.j.t.JMeterThread: Thread finished: Agent search 2-725
2026-10-09 15:38:59,624 INFO o.a.j.t.JMeterThread: Thread started: Agent search 2-726
2026-10-09 15:38:59,652 INFO o.a.j.t.JMeterThread: Thread is done: Agent search 2-726
2026-10-09 15:38:59,652 INFO o.a.j.t.JMeterThread: Thread finished: Agent search 2-726
2026-10-09 15:38:59,739 INFO o.a.j.t.JMeterThread: Thread started: Ticket intake 1-181
2026-10-09 15:39:05,537 INFO o.a.j.t.JMeterThread: Thread started: Agent search 2-727
2026-10-09 15:39:05,569 INFO o.a.j.r.Summariser: summary +      6 in 00:00:33 =    0.2/s Avg:    33 Min:    25 Max:    46 Err:     0 (0.00%) Active: 31 Started: 908 Finished: 877
2026-10-09 15:39:05,569 INFO o.a.j.r.Summariser: summary =    878 in 00:55:00 =    0.3/s Avg: 97658 Min:    16 Max: 604497 Err:   112 (12.76%)
2026-10-09 15:39:05,569 INFO o.a.j.t.JMeterThread: Thread is done: Agent search 2-727
2026-10-09 15:39:05,569 INFO o.a.j.t.JMeterThread: Thread finished: Agent search 2-727
2026-10-09 15:39:08,471 INFO o.a.j.t.JMeterThread: Thread started: Agent search 2-728
2026-10-09 15:39:08,508 INFO o.a.j.t.JMeterThread: Thread is done: Agent search 2-728
2026-10-09 15:39:08,508 INFO o.a.j.t.JMeterThread: Thread finished: Agent search 2-728
2026-10-09 15:39:09,150 INFO o.a.j.t.JMeterThread: Thread started: Agent search 2-729
2026-10-09 15:39:09,179 INFO o.a.j.t.JMeterThread: Thread is done: Agent search 2-729
2026-10-09 15:39:09,179 INFO o.a.j.t.JMeterThread: Thread finished: Agent search 2-729
2026-10-09 15:39:09,762 INFO o.a.j.t.JMeterThread: Thread started: Agent search 2-730
2026-10-09 15:39:09,789 INFO o.a.j.t.JMeterThread: Thread is done: Agent search 2-730
2026-10-09 15:39:09,789 INFO o.a.j.t.JMeterThread: Thread finished: Agent search 2-730
2026-10-09 15:39:12,901 INFO o.a.j.t.JMeterThread: Thread started: Ticket intake 1-182
2026-10-09 15:39:13,371 INFO o.a.j.t.JMeterThread: Thread started: Agent search 2-731
2026-10-09 15:39:13,408 INFO o.a.j.t.JMeterThread: Thread is done: Agent search 2-731
2026-10-09 15:39:13,409 INFO o.a.j.t.JMeterThread: Thread finished: Agent search 2-731
2026-10-09 15:39:18,252 INFO o.a.j.t.JMeterThread: Thread is done: Ticket intake 1-152
2026-10-09 15:39:18,253 INFO o.a.j.t.JMeterThread: Thread finished: Ticket intake 1-152
2026-10-09 15:39:19,694 INFO o.a.j.t.JMeterThread: Thread started: Agent search 2-732
2026-10-09 15:39:19,728 INFO o.a.j.t.JMeterThread: Thread is done: Agent search 2-732
2026-10-09 15:39:19,728 INFO o.a.j.t.JMeterThread: Thread finished: Agent search 2-732
2026-10-09 15:39:20,013 INFO o.a.j.t.JMeterThread: Thread started: Agent search 2-733
2026-10-09 15:39:20,049 INFO o.a.j.t.JMeterThread: Thread is done: Agent search 2-733
2026-10-09 15:39:20,049 INFO o.a.j.t.JMeterThread: Thread finished: Agent search 2-733
2026-10-09 15:39:22,844 INFO o.a.j.t.JMeterThread: Thread started: Ticket intake 1-183
2026-10-09 15:39:27,835 INFO o.a.j.t.JMeterThread: Thread started: Ticket intake 1-184
2026-10-09 15:39:46,254 INFO o.a.j.t.JMeterThread: Thread is done: Ticket intake 1-153
2026-10-09 15:39:46,254 INFO o.a.j.t.JMeterThread: Thread finished: Ticket intake 1-153
2026-10-09 15:39:47,911 INFO o.a.j.t.JMeterThread: Thread started: Agent search 2-734
2026-10-09 15:39:47,950 INFO o.a.j.t.JMeterThread: Thread is done: Agent search 2-734
2026-10-09 15:39:47,950 INFO o.a.j.t.JMeterThread: Thread finished: Agent search 2-734
2026-10-09 15:39:48,870 INFO o.a.j.t.JMeterThread: Thread is done: Ticket intake 1-154
2026-10-09 15:39:48,870 INFO o.a.j.t.JMeterThread: Thread finished: Ticket intake 1-154
2026-10-09 15:39:49,001 INFO o.a.j.t.JMeterThread: Thread started: Ticket intake 1-185
2026-10-09 15:39:49,045 INFO o.a.j.t.JMeterThread: Thread started: Agent search 2-735
2026-10-09 15:39:49,071 INFO o.a.j.t.JMeterThread: Thread is done: Agent search 2-735
2026-10-09 15:39:49,071 INFO o.a.j.t.JMeterThread: Thread finished: Agent search 2-735
2026-10-09 15:39:52,416 INFO o.a.j.t.JMeterThread: Thread started: Agent search 2-736
2026-10-09 15:39:52,454 INFO o.a.j.t.JMeterThread: Thread is done: Agent search 2-736
2026-10-09 15:39:52,454 INFO o.a.j.t.JMeterThread: Thread finished: Agent search 2-736
2026-10-09 15:39:53,641 INFO o.a.j.t.JMeterThread: Thread started: Agent search 2-737
2026-10-09 15:39:53,666 INFO o.a.j.t.JMeterThread: Thread is done: Agent search 2-737
2026-10-09 15:39:53,666 INFO o.a.j.t.JMeterThread: Thread finished: Agent search 2-737
2026-10-09 15:39:57,437 INFO o.a.j.t.JMeterThread: Thread started: Agent search 2-738
2026-10-09 15:39:57,477 INFO o.a.j.t.JMeterThread: Thread is done: Agent search 2-738
2026-10-09 15:39:57,477 INFO o.a.j.t.JMeterThread: Thread finished: Agent search 2-738
2026-10-09 15:39:58,405 INFO o.a.j.t.JMeterThread: Thread started: Agent search 2-739
2026-10-09 15:39:58,444 INFO o.a.j.t.JMeterThread: Thread is done: Agent search 2-739
2026-10-09 15:39:58,444 INFO o.a.j.t.JMeterThread: Thread finished: Agent search 2-739
2026-10-09 15:40:00,317 INFO o.a.j.t.JMeterThread: Thread started: Agent search 2-740
2026-10-09 15:40:00,358 INFO o.a.j.r.Summariser: summary +     16 in 00:00:55 =    0.3/s Avg: 112149 Min:    24 Max: 600174 Err:     2 (12.50%) Active: 32 Started: 925 Finished: 893
2026-10-09 15:40:00,358 INFO o.a.j.r.Summariser: summary =    894 in 00:55:54 =    0.3/s Avg: 97917 Min:    16 Max: 604497 Err:   114 (12.75%)
2026-10-09 15:40:00,358 INFO o.a.j.t.JMeterThread: Thread is done: Agent search 2-740
2026-10-09 15:40:00,358 INFO o.a.j.t.JMeterThread: Thread finished: Agent search 2-740
2026-10-09 15:40:01,546 INFO o.a.j.t.JMeterThread: Thread started: Agent search 2-741
2026-10-09 15:40:01,596 INFO o.a.j.t.JMeterThread: Thread is done: Agent search 2-741
2026-10-09 15:40:01,596 INFO o.a.j.t.JMeterThread: Thread finished: Agent search 2-741
2026-10-09 15:40:01,990 INFO o.a.j.t.JMeterThread: Thread started: Agent search 2-742
2026-10-09 15:40:02,027 INFO o.a.j.t.JMeterThread: Thread is done: Agent search 2-742
2026-10-09 15:40:02,027 INFO o.a.j.t.JMeterThread: Thread finished: Agent search 2-742
2026-10-09 15:40:04,304 INFO o.a.j.t.JMeterThread: Thread started: Agent search 2-743
2026-10-09 15:40:04,335 INFO o.a.j.t.JMeterThread: Thread is done: Agent search 2-743
2026-10-09 15:40:04,335 INFO o.a.j.t.JMeterThread: Thread finished: Agent search 2-743
2026-10-09 15:40:06,583 INFO o.a.j.t.JMeterThread: Thread started: Agent search 2-744
2026-10-09 15:40:06,621 INFO o.a.j.t.JMeterThread: Thread is done: Agent search 2-744
2026-10-09 15:40:06,621 INFO o.a.j.t.JMeterThread: Thread finished: Agent search 2-744
2026-10-09 15:40:09,507 INFO o.a.j.t.JMeterThread: Thread started: Agent search 2-745
2026-10-09 15:40:09,537 INFO o.a.j.t.JMeterThread: Thread is done: Agent search 2-745
2026-10-09 15:40:09,537 INFO o.a.j.t.JMeterThread: Thread finished: Agent search 2-745
2026-10-09 15:40:12,114 INFO o.a.j.t.JMeterThread: Thread is done: Ticket intake 1-155
2026-10-09 15:40:12,114 INFO o.a.j.t.JMeterThread: Thread finished: Ticket intake 1-155
2026-10-09 15:40:16,165 INFO o.a.j.t.JMeterThread: Thread started: Agent search 2-746
2026-10-09 15:40:16,184 INFO o.a.j.t.JMeterThread: Thread is done: Agent search 2-746
2026-10-09 15:40:16,184 INFO o.a.j.t.JMeterThread: Thread finished: Agent search 2-746
2026-10-09 15:40:17,854 INFO o.a.j.t.JMeterThread: Thread started: Agent search 2-747
2026-10-09 15:40:17,889 INFO o.a.j.t.JMeterThread: Thread is done: Agent search 2-747
2026-10-09 15:40:17,889 INFO o.a.j.t.JMeterThread: Thread finished: Agent search 2-747
2026-10-09 15:40:21,125 INFO o.a.j.t.JMeterThread: Thread is done: Ticket intake 1-156
2026-10-09 15:40:21,126 INFO o.a.j.t.JMeterThread: Thread finished: Ticket intake 1-156
2026-10-09 15:40:25,427 INFO o.a.j.t.JMeterThread: Thread is done: Ticket intake 1-157
2026-10-09 15:40:25,427 INFO o.a.j.t.JMeterThread: Thread finished: Ticket intake 1-157
2026-10-09 15:40:31,146 INFO o.a.j.t.JMeterThread: Thread started: Agent search 2-748
2026-10-09 15:40:31,193 INFO o.a.j.r.Summariser: summary +     11 in 00:00:31 =    0.4/s Avg: 163692 Min:    19 Max: 600151 Err:     3 (27.27%) Active: 29 Started: 933 Finished: 904
2026-10-09 15:40:31,194 INFO o.a.j.r.Summariser: summary =    905 in 00:56:25 =    0.3/s Avg: 98717 Min:    16 Max: 604497 Err:   117 (12.93%)
2026-10-09 15:40:31,194 INFO o.a.j.t.JMeterThread: Thread is done: Agent search 2-748
2026-10-09 15:40:31,194 INFO o.a.j.t.JMeterThread: Thread finished: Agent search 2-748
2026-10-09 15:40:32,889 INFO o.a.j.t.JMeterThread: Thread started: Ticket intake 1-186
2026-10-09 15:40:40,813 INFO o.a.j.t.JMeterThread: Thread started: Agent search 2-749
2026-10-09 15:40:40,835 INFO o.a.j.t.JMeterThread: Thread is done: Agent search 2-749
2026-10-09 15:40:40,835 INFO o.a.j.t.JMeterThread: Thread finished: Agent search 2-749
2026-10-09 15:40:41,987 INFO o.a.j.t.JMeterThread: Thread started: Agent search 2-750
2026-10-09 15:40:42,118 INFO o.a.j.t.JMeterThread: Thread is done: Agent search 2-750
2026-10-09 15:40:42,119 INFO o.a.j.t.JMeterThread: Thread finished: Agent search 2-750
2026-10-09 15:40:46,373 INFO o.a.j.t.JMeterThread: Thread started: Ticket intake 1-187
2026-10-09 15:40:48,057 INFO o.a.j.t.JMeterThread: Thread is done: Ticket intake 1-158
2026-10-09 15:40:48,057 INFO o.a.j.t.JMeterThread: Thread finished: Ticket intake 1-158
2026-10-09 15:40:53,751 INFO o.a.j.t.JMeterThread: Thread started: Agent search 2-751
2026-10-09 15:40:53,780 INFO o.a.j.t.JMeterThread: Thread is done: Agent search 2-751
2026-10-09 15:40:53,780 INFO o.a.j.t.JMeterThread: Thread finished: Agent search 2-751
2026-10-09 15:40:54,273 INFO o.a.j.t.JMeterThread: Thread started: Agent search 2-752
2026-10-09 15:40:54,307 INFO o.a.j.t.JMeterThread: Thread is done: Agent search 2-752
2026-10-09 15:40:54,307 INFO o.a.j.t.JMeterThread: Thread finished: Agent search 2-752
2026-10-09 15:40:59,789 INFO o.a.j.t.JMeterThread: Thread started: Ticket intake 1-188
2026-10-09 15:41:00,112 INFO o.a.j.t.JMeterThread: Thread started: Agent search 2-753
2026-10-09 15:41:00,147 INFO o.a.j.r.Summariser: summary +      6 in 00:00:29 =    0.2/s Avg: 100054 Min:    21 Max: 600077 Err:     1 (16.67%) Active: 31 Started: 941 Finished: 910
2026-10-09 15:41:00,147 INFO o.a.j.r.Summariser: summary =    911 in 00:56:54 =    0.3/s Avg: 98726 Min:    16 Max: 604497 Err:   118 (12.95%)
2026-10-09 15:41:00,147 INFO o.a.j.t.JMeterThread: Thread is done: Agent search 2-753
2026-10-09 15:41:00,147 INFO o.a.j.t.JMeterThread: Thread finished: Agent search 2-753
2026-10-09 15:41:01,448 INFO o.a.j.t.JMeterThread: Thread started: Agent search 2-754
2026-10-09 15:41:01,473 INFO o.a.j.t.JMeterThread: Thread is done: Agent search 2-754
2026-10-09 15:41:01,473 INFO o.a.j.t.JMeterThread: Thread finished: Agent search 2-754
2026-10-09 15:41:06,726 INFO o.a.j.t.JMeterThread: Thread started: Agent search 2-755
2026-10-09 15:41:06,753 INFO o.a.j.t.JMeterThread: Thread is done: Agent search 2-755
2026-10-09 15:41:06,753 INFO o.a.j.t.JMeterThread: Thread finished: Agent search 2-755
2026-10-09 15:41:06,904 INFO o.a.j.t.JMeterThread: Thread is done: Ticket intake 1-159
2026-10-09 15:41:06,904 INFO o.a.j.t.JMeterThread: Thread finished: Ticket intake 1-159
2026-10-09 15:41:18,342 INFO o.a.j.t.JMeterThread: Thread started: Agent search 2-756
2026-10-09 15:41:18,370 INFO o.a.j.t.JMeterThread: Thread is done: Agent search 2-756
2026-10-09 15:41:18,370 INFO o.a.j.t.JMeterThread: Thread finished: Agent search 2-756
2026-10-09 15:41:20,826 INFO o.a.j.t.JMeterThread: Thread is done: Ticket intake 1-160
2026-10-09 15:41:20,827 INFO o.a.j.t.JMeterThread: Thread finished: Ticket intake 1-160
2026-10-09 15:41:25,825 INFO o.a.j.t.JMeterThread: Thread started: Agent search 2-757
2026-10-09 15:41:25,859 INFO o.a.j.t.JMeterThread: Thread is done: Agent search 2-757
2026-10-09 15:41:25,859 INFO o.a.j.t.JMeterThread: Thread finished: Agent search 2-757
2026-10-09 15:41:35,178 INFO o.a.j.t.JMeterThread: Thread started: Agent search 2-758
2026-10-09 15:41:35,210 INFO o.a.j.r.Summariser: summary +      7 in 00:00:35 =    0.2/s Avg: 155480 Min:    24 Max: 556139 Err:     0 (0.00%) Active: 29 Started: 946 Finished: 917
2026-10-09 15:41:35,210 INFO o.a.j.r.Summariser: summary =    918 in 00:57:29 =    0.3/s Avg: 99158 Min:    16 Max: 604497 Err:   118 (12.85%)
2026-10-09 15:41:35,210 INFO o.a.j.t.JMeterThread: Thread is done: Agent search 2-758
2026-10-09 15:41:35,210 INFO o.a.j.t.JMeterThread: Thread finished: Agent search 2-758
2026-10-09 15:41:36,763 INFO o.a.j.t.JMeterThread: Thread started: Ticket intake 1-189
2026-10-09 15:41:37,518 INFO o.a.j.t.JMeterThread: Thread is done: Ticket intake 1-161
2026-10-09 15:41:37,518 INFO o.a.j.t.JMeterThread: Thread finished: Ticket intake 1-161
2026-10-09 15:41:38,368 INFO o.a.j.t.JMeterThread: Thread started: Ticket intake 1-190
2026-10-09 15:41:38,639 INFO o.a.j.t.JMeterThread: Thread started: Ticket intake 1-191
2026-10-09 15:41:39,293 INFO o.a.j.t.JMeterThread: Thread started: Agent search 2-759
2026-10-09 15:41:39,324 INFO o.a.j.t.JMeterThread: Thread is done: Agent search 2-759
2026-10-09 15:41:39,324 INFO o.a.j.t.JMeterThread: Thread finished: Agent search 2-759
2026-10-09 15:41:41,518 INFO o.a.j.t.JMeterThread: Thread started: Agent search 2-760
2026-10-09 15:41:41,558 INFO o.a.j.t.JMeterThread: Thread is done: Agent search 2-760
2026-10-09 15:41:41,558 INFO o.a.j.t.JMeterThread: Thread finished: Agent search 2-760
2026-10-09 15:41:44,669 INFO o.a.j.t.JMeterThread: Thread started: Agent search 2-761
2026-10-09 15:41:44,699 INFO o.a.j.t.JMeterThread: Thread is done: Agent search 2-761
2026-10-09 15:41:44,699 INFO o.a.j.t.JMeterThread: Thread finished: Agent search 2-761
2026-10-09 15:41:48,427 INFO o.a.j.t.JMeterThread: Thread started: Agent search 2-762
2026-10-09 15:41:48,470 INFO o.a.j.t.JMeterThread: Thread is done: Agent search 2-762
2026-10-09 15:41:48,470 INFO o.a.j.t.JMeterThread: Thread finished: Agent search 2-762
2026-10-09 15:41:50,581 INFO o.a.j.t.JMeterThread: Thread started: Agent search 2-763
2026-10-09 15:41:50,607 INFO o.a.j.t.JMeterThread: Thread is done: Agent search 2-763
2026-10-09 15:41:50,607 INFO o.a.j.t.JMeterThread: Thread finished: Agent search 2-763
2026-10-09 15:41:58,947 INFO o.a.j.t.JMeterThread: Thread started: Agent search 2-764
2026-10-09 15:41:58,975 INFO o.a.j.t.JMeterThread: Thread is done: Agent search 2-764
2026-10-09 15:41:58,976 INFO o.a.j.t.JMeterThread: Thread finished: Agent search 2-764
2026-10-09 15:42:02,284 INFO o.a.j.t.JMeterThread: Thread started: Agent search 2-765
2026-10-09 15:42:02,316 INFO o.a.j.r.Summariser: summary +      8 in 00:00:27 =    0.3/s Avg: 63019 Min:    25 Max: 503935 Err:     0 (0.00%) Active: 31 Started: 956 Finished: 925
2026-10-09 15:42:02,317 INFO o.a.j.r.Summariser: summary =    926 in 00:57:56 =    0.3/s Avg: 98846 Min:    16 Max: 604497 Err:   118 (12.74%)
2026-10-09 15:42:02,317 INFO o.a.j.t.JMeterThread: Thread is done: Agent search 2-765
2026-10-09 15:42:02,317 INFO o.a.j.t.JMeterThread: Thread finished: Agent search 2-765
2026-10-09 15:42:02,363 INFO o.a.j.t.JMeterThread: Thread started: Agent search 2-766
2026-10-09 15:42:02,401 INFO o.a.j.t.JMeterThread: Thread is done: Agent search 2-766
2026-10-09 15:42:02,401 INFO o.a.j.t.JMeterThread: Thread finished: Agent search 2-766
2026-10-09 15:42:04,524 INFO o.a.j.t.JMeterThread: Thread started: Agent search 2-767
2026-10-09 15:42:04,553 INFO o.a.j.t.JMeterThread: Thread is done: Agent search 2-767
2026-10-09 15:42:04,553 INFO o.a.j.t.JMeterThread: Thread finished: Agent search 2-767
2026-10-09 15:42:07,154 INFO o.a.j.t.JMeterThread: Thread started: Agent search 2-768
2026-10-09 15:42:07,182 INFO o.a.j.t.JMeterThread: Thread is done: Agent search 2-768
2026-10-09 15:42:07,182 INFO o.a.j.t.JMeterThread: Thread finished: Agent search 2-768
2026-10-09 15:42:12,413 INFO o.a.j.t.JMeterThread: Thread started: Agent search 2-769
2026-10-09 15:42:12,444 INFO o.a.j.t.JMeterThread: Thread is done: Agent search 2-769
2026-10-09 15:42:12,444 INFO o.a.j.t.JMeterThread: Thread finished: Agent search 2-769
2026-10-09 15:42:12,568 INFO o.a.j.t.JMeterThread: Thread started: Agent search 2-770
2026-10-09 15:42:12,592 INFO o.a.j.t.JMeterThread: Thread is done: Agent search 2-770
2026-10-09 15:42:12,592 INFO o.a.j.t.JMeterThread: Thread finished: Agent search 2-770
2026-10-09 15:42:16,102 INFO o.a.j.t.JMeterThread: Thread started: Agent search 2-771
2026-10-09 15:42:16,161 INFO o.a.j.t.JMeterThread: Thread is done: Agent search 2-771
2026-10-09 15:42:16,161 INFO o.a.j.t.JMeterThread: Thread finished: Agent search 2-771
2026-10-09 15:42:16,740 INFO o.a.j.t.JMeterThread: Thread started: Agent search 2-772
2026-10-09 15:42:16,763 INFO o.a.j.t.JMeterThread: Thread is done: Agent search 2-772
2026-10-09 15:42:16,763 INFO o.a.j.t.JMeterThread: Thread finished: Agent search 2-772
2026-10-09 15:42:20,285 INFO o.a.j.t.JMeterThread: Thread started: Agent search 2-773
2026-10-09 15:42:20,323 INFO o.a.j.t.JMeterThread: Thread is done: Agent search 2-773
2026-10-09 15:42:20,324 INFO o.a.j.t.JMeterThread: Thread finished: Agent search 2-773
2026-10-09 15:42:22,268 INFO o.a.j.t.JMeterThread: Thread is done: Ticket intake 1-162
2026-10-09 15:42:22,268 INFO o.a.j.t.JMeterThread: Thread finished: Ticket intake 1-162
2026-10-09 15:42:25,501 INFO o.a.j.t.JMeterThread: Thread started: Agent search 2-774
2026-10-09 15:42:25,541 INFO o.a.j.t.JMeterThread: Thread is done: Agent search 2-774
2026-10-09 15:42:25,541 INFO o.a.j.t.JMeterThread: Thread finished: Agent search 2-774
2026-10-09 15:42:33,797 INFO o.a.j.t.JMeterThread: Thread started: Ticket intake 1-192
2026-10-09 15:42:35,209 INFO o.a.j.t.JMeterThread: Thread started: Agent search 2-775
2026-10-09 15:42:35,237 INFO o.a.j.r.Summariser: summary +     11 in 00:00:33 =    0.3/s Avg: 45536 Min:    24 Max: 500571 Err:     0 (0.00%) Active: 31 Started: 967 Finished: 936
2026-10-09 15:42:35,238 INFO o.a.j.r.Summariser: summary =    937 in 00:58:29 =    0.3/s Avg: 98220 Min:    16 Max: 604497 Err:   118 (12.59%)
2026-10-09 15:42:35,238 INFO o.a.j.t.JMeterThread: Thread is done: Agent search 2-775
2026-10-09 15:42:35,238 INFO o.a.j.t.JMeterThread: Thread finished: Agent search 2-775
2026-10-09 15:42:42,658 INFO o.a.j.t.JMeterThread: Thread started: Ticket intake 1-193
2026-10-09 15:42:44,058 INFO o.a.j.t.JMeterThread: Thread started: Agent search 2-776
2026-10-09 15:42:44,089 INFO o.a.j.t.JMeterThread: Thread is done: Agent search 2-776
2026-10-09 15:42:44,089 INFO o.a.j.t.JMeterThread: Thread finished: Agent search 2-776
2026-10-09 15:42:47,208 INFO o.a.j.t.JMeterThread: Thread started: Agent search 2-777
2026-10-09 15:42:47,235 INFO o.a.j.t.JMeterThread: Thread is done: Agent search 2-777
2026-10-09 15:42:47,235 INFO o.a.j.t.JMeterThread: Thread finished: Agent search 2-777
2026-10-09 15:42:51,159 INFO o.a.j.t.JMeterThread: Thread started: Agent search 2-778
2026-10-09 15:42:51,187 INFO o.a.j.t.JMeterThread: Thread is done: Agent search 2-778
2026-10-09 15:42:51,187 INFO o.a.j.t.JMeterThread: Thread finished: Agent search 2-778
2026-10-09 15:42:54,458 INFO o.a.j.t.JMeterThread: Thread started: Agent search 2-779
2026-10-09 15:42:54,488 INFO o.a.j.t.JMeterThread: Thread is done: Agent search 2-779
2026-10-09 15:42:54,488 INFO o.a.j.t.JMeterThread: Thread finished: Agent search 2-779
2026-10-09 15:43:00,454 INFO o.a.j.t.JMeterThread: Thread started: Ticket intake 1-194
2026-10-09 15:43:02,174 INFO o.a.j.t.JMeterThread: Thread started: Agent search 2-780
2026-10-09 15:43:02,212 INFO o.a.j.r.Summariser: summary +      5 in 00:00:27 =    0.2/s Avg:    30 Min:    26 Max:    38 Err:     0 (0.00%) Active: 33 Started: 974 Finished: 941
2026-10-09 15:43:02,213 INFO o.a.j.r.Summariser: summary =    942 in 00:58:56 =    0.3/s Avg: 97699 Min:    16 Max: 604497 Err:   118 (12.53%)
2026-10-09 15:43:02,213 INFO o.a.j.t.JMeterThread: Thread is done: Agent search 2-780
2026-10-09 15:43:02,213 INFO o.a.j.t.JMeterThread: Thread finished: Agent search 2-780
2026-10-09 15:43:06,336 INFO o.a.j.t.JMeterThread: Thread started: Agent search 2-781
2026-10-09 15:43:06,360 INFO o.a.j.t.JMeterThread: Thread is done: Agent search 2-781
2026-10-09 15:43:06,360 INFO o.a.j.t.JMeterThread: Thread finished: Agent search 2-781
2026-10-09 15:43:07,093 INFO o.a.j.t.JMeterThread: Thread started: Agent search 2-782
2026-10-09 15:43:07,164 INFO o.a.j.t.JMeterThread: Thread is done: Agent search 2-782
2026-10-09 15:43:07,164 INFO o.a.j.t.JMeterThread: Thread finished: Agent search 2-782
2026-10-09 15:43:07,516 INFO o.a.j.t.JMeterThread: Thread started: Agent search 2-783
2026-10-09 15:43:07,548 INFO o.a.j.t.JMeterThread: Thread is done: Agent search 2-783
2026-10-09 15:43:07,548 INFO o.a.j.t.JMeterThread: Thread finished: Agent search 2-783
2026-10-09 15:43:08,115 INFO o.a.j.t.JMeterThread: Thread started: Agent search 2-784
2026-10-09 15:43:08,142 INFO o.a.j.t.JMeterThread: Thread is done: Agent search 2-784
2026-10-09 15:43:08,142 INFO o.a.j.t.JMeterThread: Thread finished: Agent search 2-784
2026-10-09 15:43:08,253 INFO o.a.j.t.JMeterThread: Thread started: Agent search 2-785
2026-10-09 15:43:08,285 INFO o.a.j.t.JMeterThread: Thread is done: Agent search 2-785
2026-10-09 15:43:08,285 INFO o.a.j.t.JMeterThread: Thread finished: Agent search 2-785
2026-10-09 15:43:11,631 INFO o.a.j.t.JMeterThread: Thread started: Ticket intake 1-195
2026-10-09 15:43:16,949 INFO o.a.j.t.JMeterThread: Thread started: Agent search 2-786
2026-10-09 15:43:16,968 INFO o.a.j.t.JMeterThread: Thread started: Agent search 2-787
2026-10-09 15:43:16,973 INFO o.a.j.t.JMeterThread: Thread is done: Agent search 2-786
2026-10-09 15:43:16,973 INFO o.a.j.t.JMeterThread: Thread finished: Agent search 2-786
2026-10-09 15:43:16,990 INFO o.a.j.t.JMeterThread: Thread is done: Agent search 2-787
2026-10-09 15:43:16,990 INFO o.a.j.t.JMeterThread: Thread finished: Agent search 2-787
2026-10-09 15:43:18,712 INFO o.a.j.t.JMeterThread: Thread started: Agent search 2-788
2026-10-09 15:43:18,749 INFO o.a.j.t.JMeterThread: Thread is done: Agent search 2-788
2026-10-09 15:43:18,750 INFO o.a.j.t.JMeterThread: Thread finished: Agent search 2-788
2026-10-09 15:43:21,085 INFO o.a.j.t.JMeterThread: Thread started: Agent search 2-789
2026-10-09 15:43:21,111 INFO o.a.j.t.JMeterThread: Thread is done: Agent search 2-789
2026-10-09 15:43:21,111 INFO o.a.j.t.JMeterThread: Thread finished: Agent search 2-789
2026-10-09 15:43:21,696 INFO o.a.j.t.JMeterThread: Thread started: Ticket intake 1-196
2026-10-09 15:43:29,029 INFO o.a.j.t.JMeterThread: Thread started: Agent search 2-790
2026-10-09 15:43:29,053 INFO o.a.j.t.JMeterThread: Thread is done: Agent search 2-790
2026-10-09 15:43:29,053 INFO o.a.j.t.JMeterThread: Thread finished: Agent search 2-790
2026-10-09 15:43:30,839 INFO o.a.j.t.JMeterThread: Thread started: Agent search 2-791
2026-10-09 15:43:30,868 INFO o.a.j.r.Summariser: summary +     11 in 00:00:29 =    0.4/s Avg:    30 Min:    21 Max:    70 Err:     0 (0.00%) Active: 35 Started: 987 Finished: 952
2026-10-09 15:43:30,868 INFO o.a.j.r.Summariser: summary =    953 in 00:59:25 =    0.3/s Avg: 96572 Min:    16 Max: 604497 Err:   118 (12.38%)
2026-10-09 15:43:30,868 INFO o.a.j.t.JMeterThread: Thread is done: Agent search 2-791
2026-10-09 15:43:30,868 INFO o.a.j.t.JMeterThread: Thread finished: Agent search 2-791
2026-10-09 15:43:35,965 INFO o.a.j.t.JMeterThread: Thread started: Agent search 2-792
2026-10-09 15:43:35,985 INFO o.a.j.t.JMeterThread: Thread is done: Agent search 2-792
2026-10-09 15:43:35,985 INFO o.a.j.t.JMeterThread: Thread finished: Agent search 2-792
2026-10-09 15:43:38,088 INFO o.a.j.t.JMeterThread: Thread started: Agent search 2-793
2026-10-09 15:43:38,110 INFO o.a.j.t.JMeterThread: Thread is done: Agent search 2-793
2026-10-09 15:43:38,110 INFO o.a.j.t.JMeterThread: Thread finished: Agent search 2-793
2026-10-09 15:43:38,188 INFO o.a.j.t.JMeterThread: Thread started: Agent search 2-794
2026-10-09 15:43:38,211 INFO o.a.j.t.JMeterThread: Thread is done: Agent search 2-794
2026-10-09 15:43:38,211 INFO o.a.j.t.JMeterThread: Thread finished: Agent search 2-794
2026-10-09 15:43:38,261 INFO o.a.j.t.JMeterThread: Thread is done: Ticket intake 1-163
2026-10-09 15:43:38,262 INFO o.a.j.t.JMeterThread: Thread finished: Ticket intake 1-163
2026-10-09 15:43:38,429 INFO o.a.j.t.JMeterThread: Thread started: Agent search 2-795
2026-10-09 15:43:38,449 INFO o.a.j.t.JMeterThread: Thread is done: Agent search 2-795
2026-10-09 15:43:38,449 INFO o.a.j.t.JMeterThread: Thread finished: Agent search 2-795
2026-10-09 15:43:40,952 INFO o.a.j.t.JMeterThread: Thread started: Agent search 2-796
2026-10-09 15:43:40,979 INFO o.a.j.t.JMeterThread: Thread is done: Agent search 2-796
2026-10-09 15:43:40,979 INFO o.a.j.t.JMeterThread: Thread finished: Agent search 2-796
2026-10-09 15:43:45,406 INFO o.a.j.t.JMeterThread: Thread started: Agent search 2-797
2026-10-09 15:43:45,435 INFO o.a.j.t.JMeterThread: Thread is done: Agent search 2-797
2026-10-09 15:43:45,435 INFO o.a.j.t.JMeterThread: Thread finished: Agent search 2-797
2026-10-09 15:43:49,456 INFO o.a.j.t.JMeterThread: Thread started: Ticket intake 1-197
2026-10-09 15:43:51,658 INFO o.a.j.t.JMeterThread: Thread started: Agent search 2-798
2026-10-09 15:43:51,681 INFO o.a.j.t.JMeterThread: Thread is done: Agent search 2-798
2026-10-09 15:43:51,681 INFO o.a.j.t.JMeterThread: Thread finished: Agent search 2-798
2026-10-09 15:43:52,955 INFO o.a.j.t.JMeterThread: Thread started: Agent search 2-799
2026-10-09 15:43:52,978 INFO o.a.j.t.JMeterThread: Thread is done: Agent search 2-799
2026-10-09 15:43:52,978 INFO o.a.j.t.JMeterThread: Thread finished: Agent search 2-799
2026-10-09 15:43:54,188 INFO o.a.j.t.JMeterThread: Thread started: Agent search 2-800
2026-10-09 15:43:54,188 INFO o.a.j.t.o.OpenModelThreadGroup: There will be no more events, so will wait for 11 sec till the end of the schedule
2026-10-09 15:43:54,214 INFO o.a.j.t.JMeterThread: Thread is done: Agent search 2-800
2026-10-09 15:43:54,214 INFO o.a.j.t.JMeterThread: Thread finished: Agent search 2-800
2026-10-09 15:43:58,122 INFO o.a.j.t.JMeterThread: Thread is done: Ticket intake 1-164
2026-10-09 15:43:58,122 INFO o.a.j.t.JMeterThread: Thread finished: Ticket intake 1-164
2026-10-09 15:44:02,020 INFO o.a.j.t.JMeterThread: Thread started: Ticket intake 1-198
2026-10-09 15:44:02,020 INFO o.a.j.t.o.OpenModelThreadGroup: There will be no more events, so will wait for 3 sec till the end of the schedule
2026-10-09 15:44:05,986 INFO o.a.j.t.o.OpenModelThreadGroup: Test schedule finished, however, there are 34 thread(s) still running. Will interrupt the threads. If you want to keep some time for the threads to complete, consider adding pause(10 min) at the end of the schedule.
2026-10-09 15:44:05,987 INFO o.a.j.t.o.OpenModelThreadGroup: There will be no more events, will shutdown the thread pool
2026-10-09 15:44:05,987 INFO o.a.j.t.o.OpenModelThreadGroup: Thread starting done
2026-10-09 15:44:05,988 INFO o.a.j.t.o.OpenModelThreadGroup: Terminating thread org.apache.jmeter.threads.JMeterThread@2ebf733f
2026-10-09 15:44:05,988 INFO o.a.j.t.JMeterThread: Stopping: Ticket intake 1-192
2026-10-09 15:44:05,988 WARN o.a.j.t.JMeterThread: Interrupting: Ticket intake 1-192 sampler: POST /tickets
2026-10-09 15:44:05,988 INFO o.a.j.t.o.OpenModelThreadGroup: Terminating thread org.apache.jmeter.threads.JMeterThread@717ea73f
2026-10-09 15:44:05,988 INFO o.a.j.t.JMeterThread: Stopping: Ticket intake 1-181
2026-10-09 15:44:05,988 WARN o.a.j.t.JMeterThread: Interrupting: Ticket intake 1-181 sampler: POST /tickets
2026-10-09 15:44:05,988 INFO o.a.j.t.o.OpenModelThreadGroup: Terminating thread org.apache.jmeter.threads.JMeterThread@2a2f4bad
2026-10-09 15:44:05,988 INFO o.a.j.t.JMeterThread: Stopping: Ticket intake 1-166
2026-10-09 15:44:05,988 WARN o.a.j.t.JMeterThread: Interrupting: Ticket intake 1-166 sampler: POST /tickets
2026-10-09 15:44:05,988 INFO o.a.j.t.o.OpenModelThreadGroup: Terminating thread org.apache.jmeter.threads.JMeterThread@1a0476c0
2026-10-09 15:44:05,988 INFO o.a.j.t.JMeterThread: Stopping: Ticket intake 1-180
2026-10-09 15:44:05,988 WARN o.a.j.t.JMeterThread: Interrupting: Ticket intake 1-180 sampler: POST /tickets
2026-10-09 15:44:05,988 INFO o.a.j.t.o.OpenModelThreadGroup: Terminating thread org.apache.jmeter.threads.JMeterThread@6a8edee
2026-10-09 15:44:05,988 INFO o.a.j.t.JMeterThread: Stopping: Ticket intake 1-184
2026-10-09 15:44:05,988 WARN o.a.j.t.JMeterThread: Interrupting: Ticket intake 1-184 sampler: POST /tickets
2026-10-09 15:44:05,988 INFO o.a.j.t.o.OpenModelThreadGroup: Terminating thread org.apache.jmeter.threads.JMeterThread@76040aa
2026-10-09 15:44:05,988 INFO o.a.j.t.JMeterThread: Stopping: Ticket intake 1-187
2026-10-09 15:44:05,988 WARN o.a.j.t.JMeterThread: Interrupting: Ticket intake 1-187 sampler: POST /tickets
2026-10-09 15:44:05,989 INFO o.a.j.t.o.OpenModelThreadGroup: Terminating thread org.apache.jmeter.threads.JMeterThread@50014f8d
2026-10-09 15:44:05,989 INFO o.a.j.t.JMeterThread: Stopping: Ticket intake 1-196
2026-10-09 15:44:05,989 WARN o.a.j.t.JMeterThread: Interrupting: Ticket intake 1-196 sampler: POST /tickets
2026-10-09 15:44:05,989 INFO o.a.j.t.o.OpenModelThreadGroup: Terminating thread org.apache.jmeter.threads.JMeterThread@214bf05b
2026-10-09 15:44:05,989 INFO o.a.j.t.JMeterThread: Stopping: Ticket intake 1-177
2026-10-09 15:44:05,989 WARN o.a.j.t.JMeterThread: Interrupting: Ticket intake 1-177 sampler: POST /tickets
2026-10-09 15:44:05,989 INFO o.a.j.t.o.OpenModelThreadGroup: Terminating thread org.apache.jmeter.threads.JMeterThread@5b8a519b
2026-10-09 15:44:05,989 INFO o.a.j.t.JMeterThread: Stopping: Ticket intake 1-175
2026-10-09 15:44:05,989 WARN o.a.j.t.JMeterThread: Interrupting: Ticket intake 1-175 sampler: POST /tickets
2026-10-09 15:44:05,989 INFO o.a.j.t.o.OpenModelThreadGroup: Terminating thread org.apache.jmeter.threads.JMeterThread@69b9962a
2026-10-09 15:44:05,989 INFO o.a.j.t.JMeterThread: Stopping: Ticket intake 1-176
2026-10-09 15:44:05,989 WARN o.a.j.t.JMeterThread: Interrupting: Ticket intake 1-176 sampler: POST /tickets
2026-10-09 15:44:05,989 INFO o.a.j.t.o.OpenModelThreadGroup: Terminating thread org.apache.jmeter.threads.JMeterThread@1a181ecb
2026-10-09 15:44:05,989 INFO o.a.j.t.JMeterThread: Stopping: Ticket intake 1-188
2026-10-09 15:44:05,989 WARN o.a.j.t.JMeterThread: Interrupting: Ticket intake 1-188 sampler: POST /tickets
2026-10-09 15:44:05,989 INFO o.a.j.t.o.OpenModelThreadGroup: Terminating thread org.apache.jmeter.threads.JMeterThread@4ddde089
2026-10-09 15:44:05,989 INFO o.a.j.t.JMeterThread: Stopping: Ticket intake 1-197
2026-10-09 15:44:05,989 WARN o.a.j.t.JMeterThread: Interrupting: Ticket intake 1-197 sampler: POST /tickets
2026-10-09 15:44:05,989 INFO o.a.j.t.o.OpenModelThreadGroup: Terminating thread org.apache.jmeter.threads.JMeterThread@38a549b3
2026-10-09 15:44:05,989 INFO o.a.j.t.JMeterThread: Stopping: Ticket intake 1-169
2026-10-09 15:44:05,989 WARN o.a.j.t.JMeterThread: Interrupting: Ticket intake 1-169 sampler: POST /tickets
2026-10-09 15:44:05,989 INFO o.a.j.t.JMeterThread: Thread is done: Ticket intake 1-187
2026-10-09 15:44:05,989 INFO o.a.j.t.JMeterThread: Thread is done: Ticket intake 1-176
2026-10-09 15:44:05,989 INFO o.a.j.t.JMeterThread: Thread is done: Ticket intake 1-181
2026-10-09 15:44:05,989 INFO o.a.j.t.JMeterThread: Thread is done: Ticket intake 1-188
2026-10-09 15:44:05,989 INFO o.a.j.t.JMeterThread: Thread is done: Ticket intake 1-184
2026-10-09 15:44:05,989 INFO o.a.j.t.JMeterThread: Thread finished: Ticket intake 1-181
2026-10-09 15:44:05,989 INFO o.a.j.t.JMeterThread: Thread finished: Ticket intake 1-188
2026-10-09 15:44:05,989 INFO o.a.j.t.JMeterThread: Thread is done: Ticket intake 1-177
2026-10-09 15:44:05,989 INFO o.a.j.t.JMeterThread: Thread is done: Ticket intake 1-196
2026-10-09 15:44:05,989 INFO o.a.j.t.JMeterThread: Thread finished: Ticket intake 1-184
2026-10-09 15:44:05,989 INFO o.a.j.r.Summariser: summary +     12 in 00:00:35 =    0.3/s Avg: 145167 Min:    20 Max: 583648 Err:     1 (8.33%) Active: 34 Started: 998 Finished: 964
2026-10-09 15:44:05,989 INFO o.a.j.t.JMeterThread: Thread finished: Ticket intake 1-177
2026-10-09 15:44:05,989 INFO o.a.j.t.JMeterThread: Thread is done: Ticket intake 1-192
2026-10-09 15:44:05,989 INFO o.a.j.t.JMeterThread: Thread is done: Ticket intake 1-180
2026-10-09 15:44:05,989 INFO o.a.j.t.JMeterThread: Thread finished: Ticket intake 1-187
2026-10-09 15:44:05,989 INFO o.a.j.t.o.OpenModelThreadGroup: Terminating thread org.apache.jmeter.threads.JMeterThread@431a678c
2026-10-09 15:44:05,989 INFO o.a.j.t.JMeterThread: Thread finished: Ticket intake 1-180
2026-10-09 15:44:05,989 INFO o.a.j.t.JMeterThread: Stopping: Ticket intake 1-178
2026-10-09 15:44:05,989 INFO o.a.j.t.JMeterThread: Thread is done: Ticket intake 1-175
2026-10-09 15:44:05,989 INFO o.a.j.t.JMeterThread: Thread finished: Ticket intake 1-176
2026-10-09 15:44:05,989 WARN o.a.j.t.JMeterThread: Interrupting: Ticket intake 1-178 sampler: POST /tickets
2026-10-09 15:44:05,989 INFO o.a.j.t.JMeterThread: Thread finished: Ticket intake 1-175
2026-10-09 15:44:05,989 INFO o.a.j.t.JMeterThread: Thread finished: Ticket intake 1-196
2026-10-09 15:44:05,989 INFO o.a.j.t.JMeterThread: Thread finished: Ticket intake 1-192
2026-10-09 15:44:05,989 INFO o.a.j.r.Summariser: summary =    965 in 01:00:00 =    0.3/s Avg: 97176 Min:    16 Max: 604497 Err:   119 (12.33%)
2026-10-09 15:44:05,989 INFO o.a.j.t.o.OpenModelThreadGroup: Terminating thread org.apache.jmeter.threads.JMeterThread@4e41ee9a
2026-10-09 15:44:05,989 INFO o.a.j.t.JMeterThread: Stopping: Ticket intake 1-173
2026-10-09 15:44:05,989 WARN o.a.j.t.JMeterThread: Interrupting: Ticket intake 1-173 sampler: POST /tickets
2026-10-09 15:44:05,989 INFO o.a.j.t.JMeterThread: Thread is done: Ticket intake 1-197
2026-10-09 15:44:05,989 INFO o.a.j.t.JMeterThread: Thread finished: Ticket intake 1-197
2026-10-09 15:44:05,989 INFO o.a.j.t.o.OpenModelThreadGroup: Terminating thread org.apache.jmeter.threads.JMeterThread@4b491417
2026-10-09 15:44:05,989 INFO o.a.j.t.JMeterThread: Stopping: Ticket intake 1-174
2026-10-09 15:44:05,989 WARN o.a.j.t.JMeterThread: Interrupting: Ticket intake 1-174 sampler: POST /tickets
2026-10-09 15:44:05,989 INFO o.a.j.t.JMeterThread: Thread is done: Ticket intake 1-166
2026-10-09 15:44:05,989 INFO o.a.j.t.JMeterThread: Thread finished: Ticket intake 1-166
2026-10-09 15:44:05,990 INFO o.a.j.t.o.OpenModelThreadGroup: Terminating thread org.apache.jmeter.threads.JMeterThread@4f09cc29
2026-10-09 15:44:05,990 INFO o.a.j.t.JMeterThread: Stopping: Ticket intake 1-165
2026-10-09 15:44:05,990 INFO o.a.j.t.JMeterThread: Thread is done: Ticket intake 1-169
2026-10-09 15:44:05,990 INFO o.a.j.t.JMeterThread: Thread is done: Ticket intake 1-178
2026-10-09 15:44:05,990 WARN o.a.j.t.JMeterThread: Interrupting: Ticket intake 1-165 sampler: POST /tickets
2026-10-09 15:44:05,990 INFO o.a.j.t.JMeterThread: Thread finished: Ticket intake 1-169
2026-10-09 15:44:05,990 INFO o.a.j.t.JMeterThread: Thread finished: Ticket intake 1-178
2026-10-09 15:44:05,990 INFO o.a.j.t.JMeterThread: Thread is done: Ticket intake 1-173
2026-10-09 15:44:05,990 INFO o.a.j.t.JMeterThread: Thread finished: Ticket intake 1-173
2026-10-09 15:44:05,990 INFO o.a.j.t.o.OpenModelThreadGroup: Terminating thread org.apache.jmeter.threads.JMeterThread@22b3741b
2026-10-09 15:44:05,990 INFO o.a.j.t.JMeterThread: Thread is done: Ticket intake 1-174
2026-10-09 15:44:05,990 INFO o.a.j.t.JMeterThread: Stopping: Ticket intake 1-190
2026-10-09 15:44:05,990 INFO o.a.j.t.JMeterThread: Thread finished: Ticket intake 1-174
2026-10-09 15:44:05,990 WARN o.a.j.t.JMeterThread: Interrupting: Ticket intake 1-190 sampler: POST /tickets
2026-10-09 15:44:05,990 INFO o.a.j.t.o.OpenModelThreadGroup: Terminating thread org.apache.jmeter.threads.JMeterThread@c81e569
2026-10-09 15:44:05,990 INFO o.a.j.t.JMeterThread: Stopping: Ticket intake 1-191
2026-10-09 15:44:05,990 WARN o.a.j.t.JMeterThread: Interrupting: Ticket intake 1-191 sampler: POST /tickets
2026-10-09 15:44:05,990 INFO o.a.j.t.o.OpenModelThreadGroup: Terminating thread org.apache.jmeter.threads.JMeterThread@55619ac8
2026-10-09 15:44:05,990 INFO o.a.j.t.JMeterThread: Stopping: Ticket intake 1-189
2026-10-09 15:44:05,990 WARN o.a.j.t.JMeterThread: Interrupting: Ticket intake 1-189 sampler: POST /tickets
2026-10-09 15:44:05,990 INFO o.a.j.t.JMeterThread: Thread is done: Ticket intake 1-165
2026-10-09 15:44:05,990 INFO o.a.j.t.JMeterThread: Thread finished: Ticket intake 1-165
2026-10-09 15:44:05,990 INFO o.a.j.t.o.OpenModelThreadGroup: Terminating thread org.apache.jmeter.threads.JMeterThread@3475df59
2026-10-09 15:44:05,990 INFO o.a.j.t.JMeterThread: Stopping: Ticket intake 1-167
2026-10-09 15:44:05,990 WARN o.a.j.t.JMeterThread: Interrupting: Ticket intake 1-167 sampler: POST /tickets
2026-10-09 15:44:05,990 INFO o.a.j.t.JMeterThread: Thread is done: Ticket intake 1-190
2026-10-09 15:44:05,990 INFO o.a.j.t.JMeterThread: Thread finished: Ticket intake 1-190
2026-10-09 15:44:05,990 INFO o.a.j.t.o.OpenModelThreadGroup: Terminating thread org.apache.jmeter.threads.JMeterThread@222dba03
2026-10-09 15:44:05,990 INFO o.a.j.t.JMeterThread: Stopping: Ticket intake 1-171
2026-10-09 15:44:05,990 WARN o.a.j.t.JMeterThread: Interrupting: Ticket intake 1-171 sampler: POST /tickets
2026-10-09 15:44:05,990 INFO o.a.j.t.o.OpenModelThreadGroup: Terminating thread org.apache.jmeter.threads.JMeterThread@68e1644e
2026-10-09 15:44:05,990 INFO o.a.j.t.JMeterThread: Stopping: Ticket intake 1-182
2026-10-09 15:44:05,990 WARN o.a.j.t.JMeterThread: Interrupting: Ticket intake 1-182 sampler: POST /tickets
2026-10-09 15:44:05,990 INFO o.a.j.t.JMeterThread: Thread is done: Ticket intake 1-191
2026-10-09 15:44:05,990 INFO o.a.j.t.JMeterThread: Thread finished: Ticket intake 1-191
2026-10-09 15:44:05,990 INFO o.a.j.t.o.OpenModelThreadGroup: Terminating thread org.apache.jmeter.threads.JMeterThread@7665c917
2026-10-09 15:44:05,990 INFO o.a.j.t.JMeterThread: Stopping: Ticket intake 1-194
2026-10-09 15:44:05,990 WARN o.a.j.t.JMeterThread: Interrupting: Ticket intake 1-194 sampler: POST /tickets
2026-10-09 15:44:05,990 INFO o.a.j.t.JMeterThread: Thread is done: Ticket intake 1-189
2026-10-09 15:44:05,990 INFO o.a.j.t.JMeterThread: Thread finished: Ticket intake 1-189
2026-10-09 15:44:05,990 INFO o.a.j.t.o.OpenModelThreadGroup: Terminating thread org.apache.jmeter.threads.JMeterThread@401e046a
2026-10-09 15:44:05,990 INFO o.a.j.t.JMeterThread: Stopping: Ticket intake 1-168
2026-10-09 15:44:05,990 WARN o.a.j.t.JMeterThread: Interrupting: Ticket intake 1-168 sampler: POST /tickets
2026-10-09 15:44:05,990 INFO o.a.j.t.o.OpenModelThreadGroup: Terminating thread org.apache.jmeter.threads.JMeterThread@3ff07806
2026-10-09 15:44:05,990 INFO o.a.j.t.JMeterThread: Thread is done: Ticket intake 1-171
2026-10-09 15:44:05,990 INFO o.a.j.t.JMeterThread: Stopping: Ticket intake 1-185
2026-10-09 15:44:05,990 INFO o.a.j.t.JMeterThread: Thread finished: Ticket intake 1-171
2026-10-09 15:44:05,990 WARN o.a.j.t.JMeterThread: Interrupting: Ticket intake 1-185 sampler: POST /tickets
2026-10-09 15:44:05,990 INFO o.a.j.t.JMeterThread: Thread is done: Ticket intake 1-182
2026-10-09 15:44:05,990 INFO o.a.j.t.JMeterThread: Thread finished: Ticket intake 1-182
2026-10-09 15:44:05,990 INFO o.a.j.t.JMeterThread: Thread is done: Ticket intake 1-167
2026-10-09 15:44:05,991 INFO o.a.j.t.JMeterThread: Thread finished: Ticket intake 1-167
2026-10-09 15:44:05,991 INFO o.a.j.t.JMeterThread: Thread is done: Ticket intake 1-194
2026-10-09 15:44:05,991 INFO o.a.j.t.o.OpenModelThreadGroup: Terminating thread org.apache.jmeter.threads.JMeterThread@56211a56
2026-10-09 15:44:05,991 INFO o.a.j.t.JMeterThread: Thread finished: Ticket intake 1-194
2026-10-09 15:44:05,991 INFO o.a.j.t.JMeterThread: Stopping: Ticket intake 1-186
2026-10-09 15:44:05,991 WARN o.a.j.t.JMeterThread: Interrupting: Ticket intake 1-186 sampler: POST /tickets
2026-10-09 15:44:05,991 INFO o.a.j.t.JMeterThread: Thread is done: Ticket intake 1-185
2026-10-09 15:44:05,991 INFO o.a.j.t.JMeterThread: Thread finished: Ticket intake 1-185
2026-10-09 15:44:05,991 INFO o.a.j.t.JMeterThread: Thread is done: Ticket intake 1-168
2026-10-09 15:44:05,991 INFO o.a.j.t.JMeterThread: Thread finished: Ticket intake 1-168
2026-10-09 15:44:05,991 INFO o.a.j.t.o.OpenModelThreadGroup: Terminating thread org.apache.jmeter.threads.JMeterThread@5f4fe476
2026-10-09 15:44:05,991 INFO o.a.j.t.JMeterThread: Stopping: Ticket intake 1-183
2026-10-09 15:44:05,991 WARN o.a.j.t.JMeterThread: Interrupting: Ticket intake 1-183 sampler: POST /tickets
2026-10-09 15:44:05,991 INFO o.a.j.t.o.OpenModelThreadGroup: Terminating thread org.apache.jmeter.threads.JMeterThread@646a7dd0
2026-10-09 15:44:05,991 INFO o.a.j.t.JMeterThread: Stopping: Ticket intake 1-195
2026-10-09 15:44:05,991 WARN o.a.j.t.JMeterThread: Interrupting: Ticket intake 1-195 sampler: POST /tickets
2026-10-09 15:44:05,991 INFO o.a.j.t.o.OpenModelThreadGroup: Terminating thread org.apache.jmeter.threads.JMeterThread@eb2da0e
2026-10-09 15:44:05,991 INFO o.a.j.t.JMeterThread: Thread is done: Ticket intake 1-186
2026-10-09 15:44:05,991 INFO o.a.j.t.JMeterThread: Stopping: Ticket intake 1-198
2026-10-09 15:44:05,991 INFO o.a.j.t.JMeterThread: Thread finished: Ticket intake 1-186
2026-10-09 15:44:05,991 WARN o.a.j.t.JMeterThread: Interrupting: Ticket intake 1-198 sampler: POST /tickets
2026-10-09 15:44:05,991 INFO o.a.j.t.o.OpenModelThreadGroup: Terminating thread org.apache.jmeter.threads.JMeterThread@4d2babd6
2026-10-09 15:44:05,991 INFO o.a.j.t.JMeterThread: Stopping: Ticket intake 1-170
2026-10-09 15:44:05,991 WARN o.a.j.t.JMeterThread: Interrupting: Ticket intake 1-170 sampler: POST /tickets
2026-10-09 15:44:05,991 INFO o.a.j.t.JMeterThread: Thread is done: Ticket intake 1-183
2026-10-09 15:44:05,991 INFO o.a.j.t.JMeterThread: Thread finished: Ticket intake 1-183
2026-10-09 15:44:05,991 INFO o.a.j.t.o.OpenModelThreadGroup: Terminating thread org.apache.jmeter.threads.JMeterThread@7c3e9b43
2026-10-09 15:44:05,991 INFO o.a.j.t.JMeterThread: Stopping: Ticket intake 1-193
2026-10-09 15:44:05,991 INFO o.a.j.t.JMeterThread: Thread is done: Ticket intake 1-195
2026-10-09 15:44:05,991 INFO o.a.j.t.JMeterThread: Thread is done: Ticket intake 1-198
2026-10-09 15:44:05,991 WARN o.a.j.t.JMeterThread: Interrupting: Ticket intake 1-193 sampler: POST /tickets
2026-10-09 15:44:05,991 INFO o.a.j.t.JMeterThread: Thread finished: Ticket intake 1-198
2026-10-09 15:44:05,991 INFO o.a.j.t.JMeterThread: Thread finished: Ticket intake 1-195
2026-10-09 15:44:05,991 INFO o.a.j.t.o.OpenModelThreadGroup: Terminating thread org.apache.jmeter.threads.JMeterThread@c63eddd
2026-10-09 15:44:05,991 INFO o.a.j.t.JMeterThread: Stopping: Ticket intake 1-179
2026-10-09 15:44:05,991 WARN o.a.j.t.JMeterThread: Interrupting: Ticket intake 1-179 sampler: POST /tickets
2026-10-09 15:44:05,991 INFO o.a.j.t.JMeterThread: Thread is done: Ticket intake 1-170
2026-10-09 15:44:05,991 INFO o.a.j.t.o.OpenModelThreadGroup: Terminating thread org.apache.jmeter.threads.JMeterThread@e8e06f1
2026-10-09 15:44:05,991 INFO o.a.j.t.JMeterThread: Thread finished: Ticket intake 1-170
2026-10-09 15:44:05,991 INFO o.a.j.t.JMeterThread: Stopping: Ticket intake 1-172
2026-10-09 15:44:05,991 WARN o.a.j.t.JMeterThread: Interrupting: Ticket intake 1-172 sampler: POST /tickets
2026-10-09 15:44:05,991 INFO o.a.j.t.JMeterThread: Thread is done: Ticket intake 1-193
2026-10-09 15:44:05,991 INFO o.a.j.t.JMeterThread: Thread finished: Ticket intake 1-193
2026-10-09 15:44:05,991 INFO o.a.j.t.JMeterThread: Thread is done: Ticket intake 1-179
2026-10-09 15:44:05,991 INFO o.a.j.t.JMeterThread: Thread finished: Ticket intake 1-179
2026-10-09 15:44:05,992 INFO o.a.j.t.JMeterThread: Thread is done: Ticket intake 1-172
2026-10-09 15:44:05,992 INFO o.a.j.t.JMeterThread: Thread finished: Ticket intake 1-172
2026-10-09 15:44:05,992 INFO o.a.j.t.o.OpenModelThreadGroup: Thread starting done
2026-10-09 15:44:05,992 INFO o.a.j.e.StandardJMeterEngine: Notifying test listeners of end of test
2026-10-09 15:44:05,992 INFO o.a.j.s.FileServer: Close: search_terms.txt
2026-10-09 15:44:05,992 INFO o.a.j.s.FileServer: Close: tickets.tsv
2026-10-09 15:44:05,993 INFO o.a.j.r.Summariser: summary +     33 in 00:00:00 = 8250.0/s Avg: 289038 Min:  3970 Max: 582634 Err:    33 (100.00%) Active: 0 Started: 998 Finished: 998
2026-10-09 15:44:05,993 INFO o.a.j.r.Summariser: summary =    998 in 01:00:00 =    0.3/s Avg: 103520 Min:    16 Max: 604497 Err:   152 (15.23%)
